3.00000000000000000000 1.00000000000000000000 0.00000000000000000000 0.00000000000000000000 51.85644531250000000000 0.00000000000000000000 0.00000000000000000000 0.00000000000000000000 1.00000000000000000000 1.00000000000000000000 1528.44396972656250000000
3.00000000000000000000 1.00000000000000000000 0.00000000000000000000 1.00000000000000000000 45.41839218139647726957 1.00000000000000000000 1.00000000000000000000 0.00000000000000000000 2.00000000000000000000 0.00000000000000000000 151.36340332031250000000
2.00000000000000000000 1.00000000000000000000 0.00000000000000000000 1.00000000000000000000 54.81766128540039062500 4.00000000000000000000 0.00000000000000000000 0.00000000000000000000 2.00000000000000000000 0.00000000000000000000 1171.36303710937500000000
0.00000000000000000000 1.00000000000000000000 1.00000000000000000000 1.00000000000000000000 52.17473220825195312500 0.00000000000000000000 0.00000000000000000000 2.00000000000000000000 1.00000000000000000000 0.00000000000000000000 336.04858398437500000000
5.00000000000000000000 0.00000000000000000000 1.00000000000000000000 0.00000000000000000000 77.53810882568359375000 1.00000000000000000000 2.00000000000000000000 0.00000000000000000000 2.00000000000000000000 0.00000000000000000000 151.52384948730468750000
3.00000000000000000000 1.00000000000000000000 1.00000000000000000000 1.00000000000000000000 67.48384094238281250000 0.00000000000000000000 0.00000000000000000000 3.00000000000000000000 3.00000000000000000000 0.00000000000000000000 146.34014892578125000000
2.00000000000000000000 0.00000000000000000000 0.00000000000000000000 1.00000000000000000000 66.30091094970703125000 0.00000000000000000000 0.00000000000000000000 0.00000000000000000000 0.00000000000000000000 0.00000000000000000000 154.92057800292968750000
2.00000000000000000000 1.00000000000000000000 0.00000000000000000000 1.00000000000000000000 66.06307220458984375000 1.00000000000000000000 0.00000000000000000000 2.00000000000000000000 3.00000000000000000000 0.00000000000000000000 208.27658081054687500000
2.00000000000000000000 1.00000000000000000000 0.00000000000000000000 2.00000000000000000000 68.25476074218750000000 1.00000000000000000000 2.00000000000000000000 1.00000000000000000000 0.00000000000000000000 0.00000000000000000000 229.52677917480468750000
1.00000000000000000000 1.00000000000000000000 1.00000000000000000000 2.00000000000000000000 57.45084762573242187500 0.00000000000000000000 0.00000000000000000000 1.00000000000000000000 1.00000000000000000000 1.00000000000000000000 1763.82263183593750000000
0.00000000000000000000 1.00000000000000000000 0.00000000000000000000 1.00000000000000000000 65.12386322021484375000 0.00000000000000000000 0.00000000000000000000 1.00000000000000000000 0.00000000000000000000 0.00000000000000000000 733.22320556640625000000
0.00000000000000000000 1.00000000000000000000 0.00000000000000000000 2.00000000000000000000 45.35039138793945312500 0.00000000000000000000 2.00000000000000000000 2.00000000000000000000 1.00000000000000000000 0.00000000000000000000 398.36816406250000000000
4.00000000000000000000 1.00000000000000000000 0.00000000000000000000 1.00000000000000000000 48.55586242675781250000 0.00000000000000000000 1.00000000000000000000 1.00000000000000000000 3.00000000000000000000 0.00000000000000000000 409.30895996093750000000
5.00000000000000000000 0.00000000000000000000 1.00000000000000000000 1.00000000000000000000 59.81790161132812500000 1.00000000000000000000 1.00000000000000000000 0.00000000000000000000 3.00000000000000000000 0.00000000000000000000 142.45826721191406250000
0.00000000000000000000 1.00000000000000000000 0.00000000000000000000 2.00000000000000000000 50.01916122436523437500 0.00000000000000000000 1.00000000000000000000 1.00000000000000000000 3.00000000000000000000 1.00000000000000000000 1424.90112304687500000000
5.00000000000000000000 1.00000000000000000000 1.00000000000000000000 1.00000000000000000000 66.98130798339843750000 4.00000000000000000000 2.00000000000000000000 0.00000000000000000000 1.00000000000000000000 0.00000000000000000000 272.40200805664062500000
4.00000000000000000000 1.00000000000000000000 1.00000000000000000000 1.00000000000000000000 54.74856948852539062500 0.00000000000000000000 2.00000000000000000000 2.00000000000000000000 0.00000000000000000000 0.00000000000000000000 456.16754150390630684342
0.00000000000000000000 1.00000000000000000000 1.00000000000000000000 1.00000000000000000000 66.70944976806640625000 0.00000000000000000000 2.00000000000000000000 0.00000000000000000000 0.00000000000000000000 0.00000000000000000000 493.10772705078130684342
2.00000000000000000000 0.00000000000000000000 1.00000000000000000000 0.00000000000000000000 58.48913192749024148043 0.00000000000000000000 0.00000000000000000000 2.00000000000000000000 3.00000000000000000000 1.00000000000000000000 1685.67602539062500000000
0.00000000000000000000 1.00000000000000000000 0.00000000000000000000 0.00000000000000000000 67.85463714599609375000 0.00000000000000000000 2.00000000000000000000 2.00000000000000000000 2.00000000000000000000 0.00000000000000000000 732.56958007812500000000
2.00000000000000000000 0.00000000000000000000 1.00000000000000000000 1.00000000000000000000 59.72660446166992187500 0.00000000000000000000 1.00000000000000000000 0.00000000000000000000 1.00000000000000000000 1.00000000000000000000 1227.59973144531250000000
5.00000000000000000000 1.00000000000000000000 1.00000000000000000000 1.00000000000000000000 40.11772155761718750000 0.00000000000000000000 0.00000000000000000000 2.00000000000000000000 2.00000000000000000000 0.00000000000000000000 276.73776245117187500000
1.00000000000000000000 1.00000000000000000000 1.00000000000000000000 1.00000000000000000000 46.66505432128906250000 0.00000000000000000000 2.00000000000000000000 2.00000000000000000000 0.00000000000000000000 1.00000000000000000000 652.34448242187500000000
4.00000000000000000000 1.00000000000000000000 1.00000000000000000000 0.00000000000000000000 79.46958923339843750000 0.00000000000000000000 2.00000000000000000000 0.00000000000000000000 1.00000000000000000000 0.00000000000000000000 337.67410278320312500000
4.00000000000000000000 0.00000000000000000000 0.00000000000000000000 0.00000000000000000000 59.67355728149414062500 1.00000000000000000000 2.00000000000000000000 2.00000000000000000000 1.00000000000000000000 0.00000000000000000000 872.57867431640625000000
0.00000000000000000000 1.00000000000000000000 0.00000000000000000000 1.00000000000000000000 63.24181365966796875000 0.00000000000000000000 2.00000000000000000000 0.00000000000000000000 0.00000000000000000000 1.00000000000000000000 337.43273925781250000000
0.00000000000000000000 1.00000000000000000000 1.00000000000000000000 0.00000000000000000000 62.88581848144531250000 0.00000000000000000000 2.00000000000000000000 0.00000000000000000000 0.00000000000000000000 0.00000000000000000000 245.03894042968750000000
0.00000000000000000000 0.00000000000000000000 0.00000000000000000000 0.00000000000000000000 53.93790435791016335543 0.00000000000000000000 2.00000000000000000000 0.00000000000000000000 1.00000000000000000000 0.00000000000000000000 410.84057617187500000000
1.00000000000000000000 1.00000000000000000000 1.00000000000000000000 1.00000000000000000000 52.67915344238281250000 0.00000000000000000000 2.00000000000000000000 2.00000000000000000000 0.00000000000000000000 0.00000000000000000000 808.51831054687500000000
4.00000000000000000000 1.00000000000000000000 1.00000000000000000000 2.00000000000000000000 59.15056228637695312500 1.00000000000000000000 2.00000000000000000000 2.00000000000000000000 1.00000000000000000000 0.00000000000000000000 153.00128173828125000000
0.00000000000000000000 1.00000000000000000000 1.00000000000000000000 1.00000000000000000000 45.20290756225585937500 1.00000000000000000000 1.00000000000000000000 0.00000000000000000000 1.00000000000000000000 0.00000000000000000000 301.53277587890625000000
0.00000000000000000000 0.00000000000000000000 0.00000000000000000000 2.00000000000000000000 52.75669479370117187500 4.00000000000000000000 0.00000000000000000000 0.00000000000000000000 1.00000000000000000000 0.00000000000000000000 507.25036621093750000000
3.00000000000000000000 1.00000000000000000000 0.00000000000000000000 1.00000000000000000000 73.47460174560546875000 0.00000000000000000000 2.00000000000000000000 2.00000000000000000000 1.00000000000000000000 0.00000000000000000000 631.87408447265625000000
3.00000000000000000000 1.00000000000000000000 1.00000000000000000000 1.00000000000000000000 68.11447906494140625000 0.00000000000000000000 2.00000000000000000000 0.00000000000000000000 0.00000000000000000000 1.00000000000000000000 581.34436035156250000000
1.00000000000000000000 1.00000000000000000000 1.00000000000000000000 0.00000000000000000000 68.03350830078125000000 0.00000000000000000000 0.00000000000000000000 0.00000000000000000000 1.00000000000000000000 1.00000000000000000000 644.63940429687500000000
1.00000000000000000000 1.00000000000000000000 1.00000000000000000000 0.00000000000000000000 73.19599151611328125000 1.00000000000000000000 1.00000000000000000000 2.00000000000000000000 3.00000000000000000000 0.00000000000000000000 102.22015380859376421085
3.00000000000000000000 1.00000000000000000000 1.00000000000000000000 1.00000000000000000000 64.69577026367187500000 0.00000000000000000000 0.00000000000000000000 2.00000000000000000000 0.00000000000000000000 0.00000000000000000000 581.73980712890625000000
4.00000000000000000000 0.00000000000000000000 0.00000000000000000000 1.00000000000000000000 60.98657226562500000000 1.00000000000000000000 2.00000000000000000000 2.00000000000000000000 3.00000000000000000000 0.00000000000000000000 115.45655059814451703915
0.00000000000000000000 1.00000000000000000000 1.00000000000000000000 0.00000000000000000000 67.16918182373046875000 0.00000000000000000000 1.00000000000000000000 2.00000000000000000000 1.00000000000000000000 0.00000000000000000000 249.74438476562500000000
0.00000000000000000000 1.00000000000000000000 1.00000000000000000000 2.00000000000000000000 86.19994354248046875000 0.00000000000000000000 2.00000000000000000000 0.00000000000000000000 0.00000000000000000000 0.00000000000000000000 140.22909545898437500000
0.00000000000000000000 1.00000000000000000000 1.00000000000000000000 2.00000000000000000000 60.07319641113281250000 0.00000000000000000000 0.00000000000000000000 2.00000000000000000000 1.00000000000000000000 0.00000000000000000000 532.27227783203125000000
5.00000000000000000000 1.00000000000000000000 1.00000000000000000000 2.00000000000000000000 60.20336532592772726957 0.00000000000000000000 1.00000000000000000000 0.00000000000000000000 3.00000000000000000000 1.00000000000000000000 1515.73010253906250000000
5.00000000000000000000 1.00000000000000000000 1.00000000000000000000 1.00000000000000000000 85.18346405029296875000 0.00000000000000000000 1.00000000000000000000 0.00000000000000000000 2.00000000000000000000 0.00000000000000000000 238.86015319824218750000
5.00000000000000000000 1.00000000000000000000 1.00000000000000000000 1.00000000000000000000 63.74505615234375000000 0.00000000000000000000 0.00000000000000000000 3.00000000000000000000 2.00000000000000000000 0.00000000000000000000 473.02102661132812500000
0.00000000000000000000 1.00000000000000000000 0.00000000000000000000 1.00000000000000000000 61.94243621826171875000 4.00000000000000000000 2.00000000000000000000 1.00000000000000000000 3.00000000000000000000 0.00000000000000000000 61.05117034912108664457
3.00000000000000000000 0.00000000000000000000 0.00000000000000000000 1.00000000000000000000 68.79494476318359375000 3.00000000000000000000 2.00000000000000000000 0.00000000000000000000 2.00000000000000000000 1.00000000000000000000 434.63739013671880684342
3.00000000000000000000 1.00000000000000000000 1.00000000000000000000 1.00000000000000000000 44.24950790405273437500 1.00000000000000000000 0.00000000000000000000 3.00000000000000000000 1.00000000000000000000 1.00000000000000000000 947.91943359375000000000
0.00000000000000000000 1.00000000000000000000 1.00000000000000000000 1.00000000000000000000 61.85577774047852273043 0.00000000000000000000 0.00000000000000000000 0.00000000000000000000 0.00000000000000000000 0.00000000000000000000 283.60256958007812500000
1.00000000000000000000 1.00000000000000000000 0.00000000000000000000 0.00000000000000000000 66.74527740478515625000 0.00000000000000000000 2.00000000000000000000 2.00000000000000000000 3.00000000000000000000 1.00000000000000000000 620.49322509765625000000
2.00000000000000000000 1.00000000000000000000 0.00000000000000000000 0.00000000000000000000 57.99565505981445312500 1.00000000000000000000 1.00000000000000000000 1.00000000000000000000 1.00000000000000000000 1.00000000000000000000 1196.57727050781250000000
4.00000000000000000000 1.00000000000000000000 1.00000000000000000000 1.00000000000000000000 49.62831115722656250000 0.00000000000000000000 1.00000000000000000000 0.00000000000000000000 1.00000000000000000000 0.00000000000000000000 639.23504638671875000000
2.00000000000000000000 0.00000000000000000000 0.00000000000000000000 0.00000000000000000000 59.69375991821289062500 0.00000000000000000000 0.00000000000000000000 1.00000000000000000000 0.00000000000000000000 0.00000000000000000000 166.92472839355468750000
0.00000000000000000000 1.00000000000000000000 0.00000000000000000000 0.00000000000000000000 69.57155609130859375000 2.00000000000000000000 0.00000000000000000000 2.00000000000000000000 3.00000000000000000000 0.00000000000000000000 424.36749267578130684342
4.00000000000000000000 1.00000000000000000000 1.00000000000000000000 0.00000000000000000000 52.61123657226562500000 0.00000000000000000000 2.00000000000000000000 2.00000000000000000000 1.00000000000000000000 0.00000000000000000000 231.47904968261718750000
5.00000000000000000000 1.00000000000000000000 1.00000000000000000000 2.00000000000000000000 60.18950271606445312500 0.00000000000000000000 2.00000000000000000000 2.00000000000000000000 2.00000000000000000000 0.00000000000000000000 426.59536743164062500000
0.00000000000000000000 1.00000000000000000000 0.00000000000000000000 1.00000000000000000000 59.20308685302734375000 0.00000000000000000000 0.00000000000000000000 0.00000000000000000000 1.00000000000000000000 0.00000000000000000000 636.18145751953125000000
0.00000000000000000000 1.00000000000000000000 0.00000000000000000000 0.00000000000000000000 69.27095031738281250000 1.00000000000000000000 1.00000000000000000000 2.00000000000000000000 1.00000000000000000000 1.00000000000000000000 852.03167724609375000000
1.00000000000000000000 1.00000000000000000000 0.00000000000000000000 1.00000000000000000000 68.51358032226562500000 0.00000000000000000000 2.00000000000000000000 0.00000000000000000000 2.00000000000000000000 0.00000000000000000000 689.66857910156250000000
1.00000000000000000000 1.00000000000000000000 0.00000000000000000000 0.00000000000000000000 68.99732971191406250000 0.00000000000000000000 2.00000000000000000000 2.00000000000000000000 1.00000000000000000000 0.00000000000000000000 145.18682861328125000000
2.00000000000000000000 1.00000000000000000000 1.00000000000000000000 1.00000000000000000000 56.57660675048828125000 0.00000000000000000000 1.00000000000000000000 0.00000000000000000000 1.00000000000000000000 0.00000000000000000000 224.15480041503903407829
4.00000000000000000000 1.00000000000000000000 0.00000000000000000000 1.00000000000000000000 64.82967376708984375000 0.00000000000000000000 2.00000000000000000000 1.00000000000000000000 3.00000000000000000000 1.00000000000000000000 1371.95776367187500000000
0.00000000000000000000 1.00000000000000000000 1.00000000000000000000 1.00000000000000000000 66.28821563720703125000 0.00000000000000000000 2.00000000000000000000 2.00000000000000000000 3.00000000000000000000 1.00000000000000000000 438.23999023437500000000
0.00000000000000000000 1.00000000000000000000 0.00000000000000000000 1.00000000000000000000 36.93083190917968750000 0.00000000000000000000 2.00000000000000000000 1.00000000000000000000 1.00000000000000000000 0.00000000000000000000 315.11767578125000000000
1.00000000000000000000 1.00000000000000000000 0.00000000000000000000 1.00000000000000000000 70.31101226806640625000 0.00000000000000000000 0.00000000000000000000 0.00000000000000000000 0.00000000000000000000 1.00000000000000000000 1506.36340332031250000000
4.00000000000000000000 1.00000000000000000000 0.00000000000000000000 1.00000000000000000000 56.14853286743164062500 0.00000000000000000000 2.00000000000000000000 1.00000000000000000000 3.00000000000000000000 0.00000000000000000000 481.16708374023437500000
4.00000000000000000000 1.00000000000000000000 1.00000000000000000000 1.00000000000000000000 80.10787200927734375000 0.00000000000000000000 0.00000000000000000000 2.00000000000000000000 0.00000000000000000000 0.00000000000000000000 265.57324218750000000000
0.00000000000000000000 1.00000000000000000000 0.00000000000000000000 1.00000000000000000000 51.56130218505859375000 0.00000000000000000000 1.00000000000000000000 2.00000000000000000000 1.00000000000000000000 0.00000000000000000000 427.62460327148437500000
2.00000000000000000000 1.00000000000000000000 0.00000000000000000000 1.00000000000000000000 60.88607025146485085543 0.00000000000000000000 1.00000000000000000000 1.00000000000000000000 3.00000000000000000000 1.00000000000000000000 62.12864685058593750000
0.00000000000000000000 1.00000000000000000000 1.00000000000000000000 1.00000000000000000000 76.58053588867187500000 0.00000000000000000000 2.00000000000000000000 2.00000000000000000000 2.00000000000000000000 0.00000000000000000000 242.06489562988281250000
1.00000000000000000000 0.00000000000000000000 1.00000000000000000000 1.00000000000000000000 50.56425094604492187500 1.00000000000000000000 2.00000000000000000000 0.00000000000000000000 1.00000000000000000000 0.00000000000000000000 333.92300415039062500000
0.00000000000000000000 1.00000000000000000000 1.00000000000000000000 0.00000000000000000000 65.05370330810546875000 0.00000000000000000000 1.00000000000000000000 3.00000000000000000000 1.00000000000000000000 0.00000000000000000000 450.31365966796880684342
1.00000000000000000000 1.00000000000000000000 0.00000000000000000000 1.00000000000000000000 64.11534881591796875000 0.00000000000000000000 1.00000000000000000000 0.00000000000000000000 1.00000000000000000000 1.00000000000000000000 414.45208740234375000000
1.00000000000000000000 0.00000000000000000000 0.00000000000000000000 1.00000000000000000000 74.57751464843750000000 0.00000000000000000000 2.00000000000000000000 2.00000000000000000000 0.00000000000000000000 0.00000000000000000000 875.75115966796875000000
3.00000000000000000000 0.00000000000000000000 1.00000000000000000000 0.00000000000000000000 67.56934356689453125000 0.00000000000000000000 1.00000000000000000000 2.00000000000000000000 1.00000000000000000000 0.00000000000000000000 869.57489013671875000000
2.00000000000000000000 1.00000000000000000000 1.00000000000000000000 0.00000000000000000000 66.90139770507812500000 0.00000000000000000000 1.00000000000000000000 0.00000000000000000000 0.00000000000000000000 0.00000000000000000000 631.51806640625000000000
4.00000000000000000000 0.00000000000000000000 1.00000000000000000000 2.00000000000000000000 65.29753112792968750000 0.00000000000000000000 0.00000000000000000000 1.00000000000000000000 2.00000000000000000000 1.00000000000000000000 1097.66735839843750000000
0.00000000000000000000 1.00000000000000000000 1.00000000000000000000 1.00000000000000000000 51.91433334350585937500 0.00000000000000000000 1.00000000000000000000 2.00000000000000000000 1.00000000000000000000 0.00000000000000000000 322.15960693359369315658
4.00000000000000000000 1.00000000000000000000 1.00000000000000000000 1.00000000000000000000 75.63842773437500000000 0.00000000000000000000 1.00000000000000000000 1.00000000000000000000 0.00000000000000000000 1.00000000000000000000 1395.59228515625000000000
0.00000000000000000000 1.00000000000000000000 0.00000000000000000000 1.00000000000000000000 51.10128784179688210543 2.00000000000000000000 2.00000000000000000000 2.00000000000000000000 1.00000000000000000000 0.00000000000000000000 759.56140136718750000000
3.00000000000000000000 0.00000000000000000000 0.00000000000000000000 1.00000000000000000000 61.20012664794921875000 0.00000000000000000000 2.00000000000000000000 2.00000000000000000000 2.00000000000000000000 1.00000000000000000000 780.31848144531250000000
0.00000000000000000000 1.00000000000000000000 0.00000000000000000000 1.00000000000000000000 60.54106521606445312500 1.00000000000000000000 2.00000000000000000000 2.00000000000000000000 1.00000000000000000000 1.00000000000000000000 154.02648925781250000000
2.00000000000000000000 1.00000000000000000000 1.00000000000000000000 1.00000000000000000000 68.34967803955078125000 0.00000000000000000000 2.00000000000000000000 2.00000000000000000000 3.00000000000000000000 0.00000000000000000000 266.98269653320312500000
4.00000000000000000000 1.00000000000000000000 1.00000000000000000000 1.00000000000000000000 80.31381225585937500000 1.00000000000000000000 2.00000000000000000000 1.00000000000000000000 1.00000000000000000000 0.00000000000000000000 271.51675415039062500000
4.00000000000000000000 1.00000000000000000000 1.00000000000000000000 2.00000000000000000000 77.05489349365234375000 0.00000000000000000000 2.00000000000000000000 0.00000000000000000000 2.00000000000000000000 0.00000000000000000000 479.38812255859375000000
0.00000000000000000000 1.00000000000000000000 0.00000000000000000000 1.00000000000000000000 64.07099151611328125000 0.00000000000000000000 0.00000000000000000000 0.00000000000000000000 3.00000000000000000000 0.00000000000000000000 350.96926879882812500000
5.00000000000000000000 1.00000000000000000000 0.00000000000000000000 1.00000000000000000000 77.55648040771484375000 2.00000000000000000000 2.00000000000000000000 2.00000000000000000000 3.00000000000000000000 0.00000000000000000000 112.92751312255859375000
2.00000000000000000000 1.00000000000000000000 1.00000000000000000000 0.00000000000000000000 66.88909912109375000000 0.00000000000000000000 2.00000000000000000000 2.00000000000000000000 1.00000000000000000000 0.00000000000000000000 421.86798095703130684342
4.00000000000000000000 1.00000000000000000000 1.00000000000000000000 2.00000000000000000000 43.72921371459960937500 0.00000000000000000000 1.00000000000000000000 0.00000000000000000000 1.00000000000000000000 1.00000000000000000000 1416.80468750000000000000
4.00000000000000000000 1.00000000000000000000 1.00000000000000000000 0.00000000000000000000 67.30833435058593750000 0.00000000000000000000 0.00000000000000000000 0.00000000000000000000 3.00000000000000000000 0.00000000000000000000 74.30047607421875000000
5.00000000000000000000 1.00000000000000000000 0.00000000000000000000 2.00000000000000000000 47.64102554321289062500 0.00000000000000000000 1.00000000000000000000 0.00000000000000000000 2.00000000000000000000 1.00000000000000000000 1640.15063476562500000000
0.00000000000000000000 1.00000000000000000000 0.00000000000000000000 1.00000000000000000000 79.04385375976562500000 0.00000000000000000000 0.00000000000000000000 0.00000000000000000000 1.00000000000000000000 0.00000000000000000000 350.64056396484369315658
4.00000000000000000000 0.00000000000000000000 1.00000000000000000000 2.00000000000000000000 44.87631988525391335543 0.00000000000000000000 1.00000000000000000000 3.00000000000000000000 3.00000000000000000000 0.00000000000000000000 1242.82678222656250000000
0.00000000000000000000 1.00000000000000000000 0.00000000000000000000 2.00000000000000000000 63.67105865478516335543 1.00000000000000000000 0.00000000000000000000 2.00000000000000000000 0.00000000000000000000 1.00000000000000000000 630.50592041015625000000
3.00000000000000000000 1.00000000000000000000 0.00000000000000000000 1.00000000000000000000 84.75617218017578125000 1.00000000000000000000 0.00000000000000000000 3.00000000000000000000 1.00000000000000000000 0.00000000000000000000 604.82464599609375000000
1.00000000000000000000 1.00000000000000000000 0.00000000000000000000 1.00000000000000000000 47.26649475097656250000 0.00000000000000000000 2.00000000000000000000 0.00000000000000000000 1.00000000000000000000 0.00000000000000000000 304.64343261718750000000
4.00000000000000000000 1.00000000000000000000 1.00000000000000000000 1.00000000000000000000 56.31096267700195312500 3.00000000000000000000 0.00000000000000000000 0.00000000000000000000 3.00000000000000000000 0.00000000000000000000 502.93093872070312500000
2.00000000000000000000 1.00000000000000000000 0.00000000000000000000 0.00000000000000000000 67.83293151855468750000 0.00000000000000000000 0.00000000000000000000 0.00000000000000000000 3.00000000000000000000 0.00000000000000000000 274.93466186523437500000
3.00000000000000000000 1.00000000000000000000 0.00000000000000000000 2.00000000000000000000 79.81481933593750000000 0.00000000000000000000 1.00000000000000000000 2.00000000000000000000 1.00000000000000000000 0.00000000000000000000 486.04122924804687500000
5.00000000000000000000 0.00000000000000000000 1.00000000000000000000 1.00000000000000000000 38.56592941284179687500 0.00000000000000000000 0.00000000000000000000 0.00000000000000000000 1.00000000000000000000 0.00000000000000000000 132.23503112792968750000
4.00000000000000000000 0.00000000000000000000 0.00000000000000000000 1.00000000000000000000 70.45483398437500000000 2.00000000000000000000 1.00000000000000000000 0.00000000000000000000 0.00000000000000000000 0.00000000000000000000 291.79092407226562500000
4.00000000000000000000 1.00000000000000000000 1.00000000000000000000 1.00000000000000000000 43.34350585937500000000 0.00000000000000000000 0.00000000000000000000 2.00000000000000000000 3.00000000000000000000 0.00000000000000000000 568.04394531250000000000
1.00000000000000000000 1.00000000000000000000 0.00000000000000000000 2.00000000000000000000 59.80849456787108664457 0.00000000000000000000 1.00000000000000000000 1.00000000000000000000 2.00000000000000000000 0.00000000000000000000 729.02917480468750000000
4.00000000000000000000 1.00000000000000000000 0.00000000000000000000 1.00000000000000000000 73.03328704833984375000 0.00000000000000000000 2.00000000000000000000 0.00000000000000000000 2.00000000000000000000 0.00000000000000000000 1363.93774414062500000000
3.00000000000000000000 1.00000000000000000000 1.00000000000000000000 1.00000000000000000000 52.77548217773437500000 0.00000000000000000000 1.00000000000000000000 3.00000000000000000000 1.00000000000000000000 0.00000000000000000000 350.60156250000000000000
0.00000000000000000000 1.00000000000000000000 1.00000000000000000000 0.00000000000000000000 46.87656402587890625000 3.00000000000000000000 1.00000000000000000000 0.00000000000000000000 3.00000000000000000000 1.00000000000000000000 933.41430664062500000000
3.00000000000000000000 1.00000000000000000000 0.00000000000000000000 1.00000000000000000000 71.25491333007812500000 0.00000000000000000000 0.00000000000000000000 2.00000000000000000000 1.00000000000000000000 1.00000000000000000000 872.17932128906250000000
1.00000000000000000000 1.00000000000000000000 1.00000000000000000000 0.00000000000000000000 76.08889770507812500000 0.00000000000000000000 0.00000000000000000000 2.00000000000000000000 1.00000000000000000000 0.00000000000000000000 228.40747070312500000000
1.00000000000000000000 1.00000000000000000000 0.00000000000000000000 2.00000000000000000000 37.03004074096679687500 0.00000000000000000000 1.00000000000000000000 2.00000000000000000000 2.00000000000000000000 1.00000000000000000000 1474.70959472656250000000
0.00000000000000000000 1.00000000000000000000 0.00000000000000000000 0.00000000000000000000 51.68490219116210937500 0.00000000000000000000 2.00000000000000000000 0.00000000000000000000 1.00000000000000000000 1.00000000000000000000 1355.38452148437500000000
5.00000000000000000000 0.00000000000000000000 0.00000000000000000000 1.00000000000000000000 62.22333908081054687500 0.00000000000000000000 2.00000000000000000000 0.00000000000000000000 2.00000000000000000000 1.00000000000000000000 1000.89746093750000000000
0.00000000000000000000 1.00000000000000000000 0.00000000000000000000 2.00000000000000000000 60.60349273681640625000 2.00000000000000000000 1.00000000000000000000 2.00000000000000000000 0.00000000000000000000 0.00000000000000000000 114.27082061767578125000
5.00000000000000000000 0.00000000000000000000 0.00000000000000000000 1.00000000000000000000 52.79944610595703125000 0.00000000000000000000 2.00000000000000000000 2.00000000000000000000 1.00000000000000000000 0.00000000000000000000 738.60760498046875000000
4.00000000000000000000 1.00000000000000000000 0.00000000000000000000 1.00000000000000000000 68.48001098632812500000 0.00000000000000000000 1.00000000000000000000 0.00000000000000000000 1.00000000000000000000 0.00000000000000000000 1605.02990722656250000000
1.00000000000000000000 0.00000000000000000000 0.00000000000000000000 2.00000000000000000000 59.95021057128906250000 0.00000000000000000000 2.00000000000000000000 2.00000000000000000000 1.00000000000000000000 0.00000000000000000000 73.34854125976562500000
1.00000000000000000000 1.00000000000000000000 0.00000000000000000000 0.00000000000000000000 53.37164688110352273043 1.00000000000000000000 0.00000000000000000000 1.00000000000000000000 1.00000000000000000000 0.00000000000000000000 683.45483398437500000000
3.00000000000000000000 1.00000000000000000000 1.00000000000000000000 1.00000000000000000000 68.46707153320312500000 1.00000000000000000000 2.00000000000000000000 0.00000000000000000000 3.00000000000000000000 0.00000000000000000000 400.34008789062500000000
1.00000000000000000000 1.00000000000000000000 0.00000000000000000000 1.00000000000000000000 63.72943878173828125000 0.00000000000000000000 1.00000000000000000000 0.00000000000000000000 0.00000000000000000000 1.00000000000000000000 784.19384765625000000000
0.00000000000000000000 1.00000000000000000000 1.00000000000000000000 1.00000000000000000000 69.44314575195312500000 1.00000000000000000000 2.00000000000000000000 3.00000000000000000000 1.00000000000000000000 0.00000000000000000000 228.56971740722656250000
1.00000000000000000000 1.00000000000000000000 0.00000000000000000000 1.00000000000000000000 55.68222427368164062500 1.00000000000000000000 2.00000000000000000000 2.00000000000000000000 0.00000000000000000000 0.00000000000000000000 314.13699340820312500000
1.00000000000000000000 0.00000000000000000000 0.00000000000000000000 1.00000000000000000000 58.82281875610352273043 1.00000000000000000000 2.00000000000000000000 0.00000000000000000000 1.00000000000000000000 0.00000000000000000000 87.09986877441406250000
5.00000000000000000000 0.00000000000000000000 1.00000000000000000000 2.00000000000000000000 66.08437347412109375000 0.00000000000000000000 2.00000000000000000000 1.00000000000000000000 3.00000000000000000000 1.00000000000000000000 1029.41662597656250000000
1.00000000000000000000 1.00000000000000000000 1.00000000000000000000 1.00000000000000000000 62.76445388793945312500 0.00000000000000000000 2.00000000000000000000 2.00000000000000000000 2.00000000000000000000 0.00000000000000000000 516.77819824218750000000
0.00000000000000000000 0.00000000000000000000 1.00000000000000000000 0.00000000000000000000 68.02211761474609375000 1.00000000000000000000 2.00000000000000000000 1.00000000000000000000 0.00000000000000000000 0.00000000000000000000 775.20397949218750000000
1.00000000000000000000 1.00000000000000000000 0.00000000000000000000 1.00000000000000000000 79.07084655761718750000 0.00000000000000000000 0.00000000000000000000 2.00000000000000000000 1.00000000000000000000 0.00000000000000000000 98.79032135009765625000
0.00000000000000000000 0.00000000000000000000 1.00000000000000000000 1.00000000000000000000 60.66617584228516335543 0.00000000000000000000 0.00000000000000000000 0.00000000000000000000 2.00000000000000000000 0.00000000000000000000 407.29232788085937500000
4.00000000000000000000 0.00000000000000000000 1.00000000000000000000 0.00000000000000000000 49.08417510986328125000 0.00000000000000000000 0.00000000000000000000 0.00000000000000000000 0.00000000000000000000 0.00000000000000000000 802.34094238281250000000
0.00000000000000000000 1.00000000000000000000 0.00000000000000000000 1.00000000000000000000 62.18812561035156250000 0.00000000000000000000 0.00000000000000000000 1.00000000000000000000 1.00000000000000000000 0.00000000000000000000 565.31011962890625000000
0.00000000000000000000 0.00000000000000000000 1.00000000000000000000 0.00000000000000000000 50.49499130249024148043 1.00000000000000000000 1.00000000000000000000 0.00000000000000000000 3.00000000000000000000 0.00000000000000000000 13.92335987091064453125
5.00000000000000000000 1.00000000000000000000 0.00000000000000000000 2.00000000000000000000 80.44360351562500000000 2.00000000000000000000 0.00000000000000000000 2.00000000000000000000 2.00000000000000000000 0.00000000000000000000 110.20697021484376421085
4.00000000000000000000 1.00000000000000000000 0.00000000000000000000 2.00000000000000000000 53.18946075439453125000 0.00000000000000000000 0.00000000000000000000 1.00000000000000000000 1.00000000000000000000 1.00000000000000000000 1461.47192382812500000000
1.00000000000000000000 1.00000000000000000000 1.00000000000000000000 0.00000000000000000000 46.10605621337890625000 0.00000000000000000000 1.00000000000000000000 1.00000000000000000000 3.00000000000000000000 0.00000000000000000000 399.75936889648437500000
0.00000000000000000000 0.00000000000000000000 1.00000000000000000000 1.00000000000000000000 71.24251556396484375000 0.00000000000000000000 1.00000000000000000000 2.00000000000000000000 0.00000000000000000000 0.00000000000000000000 280.84716796875000000000
2.00000000000000000000 1.00000000000000000000 1.00000000000000000000 1.00000000000000000000 55.56404495239257812500 0.00000000000000000000 2.00000000000000000000 2.00000000000000000000 1.00000000000000000000 0.00000000000000000000 672.93231201171875000000
4.00000000000000000000 1.00000000000000000000 0.00000000000000000000 1.00000000000000000000 63.36470031738281250000 0.00000000000000000000 1.00000000000000000000 0.00000000000000000000 0.00000000000000000000 0.00000000000000000000 1338.35791015625000000000
0.00000000000000000000 0.00000000000000000000 1.00000000000000000000 1.00000000000000000000 57.17599487304688210543 1.00000000000000000000 1.00000000000000000000 3.00000000000000000000 1.00000000000000000000 0.00000000000000000000 227.18954467773440342171
3.00000000000000000000 0.00000000000000000000 1.00000000000000000000 1.00000000000000000000 62.06120681762695312500 0.00000000000000000000 0.00000000000000000000 1.00000000000000000000 1.00000000000000000000 0.00000000000000000000 576.99780273437500000000
1.00000000000000000000 1.00000000000000000000 0.00000000000000000000 1.00000000000000000000 61.59436416625976562500 0.00000000000000000000 1.00000000000000000000 2.00000000000000000000 0.00000000000000000000 1.00000000000000000000 677.69042968750000000000
0.00000000000000000000 0.00000000000000000000 1.00000000000000000000 1.00000000000000000000 60.09979248046875000000 1.00000000000000000000 2.00000000000000000000 2.00000000000000000000 2.00000000000000000000 1.00000000000000000000 907.71105957031238631316
0.00000000000000000000 1.00000000000000000000 1.00000000000000000000 2.00000000000000000000 59.94777297973632812500 1.00000000000000000000 0.00000000000000000000 1.00000000000000000000 2.00000000000000000000 0.00000000000000000000 119.15056610107421875000
0.00000000000000000000 1.00000000000000000000 0.00000000000000000000 0.00000000000000000000 66.83192443847656250000 0.00000000000000000000 0.00000000000000000000 1.00000000000000000000 3.00000000000000000000 0.00000000000000000000 650.06604003906250000000
5.00000000000000000000 1.00000000000000000000 1.00000000000000000000 0.00000000000000000000 75.30808258056640625000 0.00000000000000000000 1.00000000000000000000 1.00000000000000000000 0.00000000000000000000 0.00000000000000000000 144.92991638183593750000
4.00000000000000000000 1.00000000000000000000 1.00000000000000000000 1.00000000000000000000 55.26164245605468750000 1.00000000000000000000 1.00000000000000000000 2.00000000000000000000 1.00000000000000000000 0.00000000000000000000 280.41146850585937500000
0.00000000000000000000 1.00000000000000000000 0.00000000000000000000 1.00000000000000000000 45.25656509399414062500 0.00000000000000000000 2.00000000000000000000 2.00000000000000000000 0.00000000000000000000 0.00000000000000000000 244.57101440429687500000
2.00000000000000000000 1.00000000000000000000 0.00000000000000000000 2.00000000000000000000 63.73252487182617187500 0.00000000000000000000 2.00000000000000000000 0.00000000000000000000 1.00000000000000000000 0.00000000000000000000 811.01397705078125000000
3.00000000000000000000 0.00000000000000000000 0.00000000000000000000 1.00000000000000000000 54.18047332763671875000 0.00000000000000000000 2.00000000000000000000 2.00000000000000000000 1.00000000000000000000 0.00000000000000000000 240.93557739257806815658
0.00000000000000000000 0.00000000000000000000 1.00000000000000000000 1.00000000000000000000 42.00429916381835937500 0.00000000000000000000 0.00000000000000000000 0.00000000000000000000 1.00000000000000000000 1.00000000000000000000 656.57342529296875000000
5.00000000000000000000 1.00000000000000000000 1.00000000000000000000 0.00000000000000000000 54.05306625366210937500 1.00000000000000000000 2.00000000000000000000 2.00000000000000000000 1.00000000000000000000 0.00000000000000000000 132.20056152343750000000
2.00000000000000000000 1.00000000000000000000 1.00000000000000000000 1.00000000000000000000 40.55144119262695312500 1.00000000000000000000 2.00000000000000000000 2.00000000000000000000 3.00000000000000000000 0.00000000000000000000 289.23532104492187500000
0.00000000000000000000 1.00000000000000000000 0.00000000000000000000 1.00000000000000000000 85.56011199951171875000 1.00000000000000000000 0.00000000000000000000 2.00000000000000000000 1.00000000000000000000 0.00000000000000000000 143.09080505371093750000
5.00000000000000000000 1.00000000000000000000 1.00000000000000000000 0.00000000000000000000 47.44804763793945312500 0.00000000000000000000 1.00000000000000000000 3.00000000000000000000 0.00000000000000000000 0.00000000000000000000 296.60195922851562500000
0.00000000000000000000 1.00000000000000000000 1.00000000000000000000 0.00000000000000000000 65.17172241210937500000 1.00000000000000000000 2.00000000000000000000 2.00000000000000000000 1.00000000000000000000 0.00000000000000000000 239.48040771484372157829
2.00000000000000000000 0.00000000000000000000 1.00000000000000000000 1.00000000000000000000 59.26834869384765625000 1.00000000000000000000 0.00000000000000000000 0.00000000000000000000 1.00000000000000000000 0.00000000000000000000 65.38638305664062500000
1.00000000000000000000 1.00000000000000000000 0.00000000000000000000 2.00000000000000000000 75.51696014404296875000 0.00000000000000000000 2.00000000000000000000 0.00000000000000000000 1.00000000000000000000 1.00000000000000000000 1374.17614746093750000000
4.00000000000000000000 1.00000000000000000000 0.00000000000000000000 0.00000000000000000000 52.87284851074218750000 1.00000000000000000000 1.00000000000000000000 0.00000000000000000000 3.00000000000000000000 0.00000000000000000000 280.06173706054687500000
3.00000000000000000000 1.00000000000000000000 1.00000000000000000000 1.00000000000000000000 35.76728439331054687500 0.00000000000000000000 0.00000000000000000000 0.00000000000000000000 0.00000000000000000000 0.00000000000000000000 724.95745849609375000000
0.00000000000000000000 1.00000000000000000000 1.00000000000000000000 1.00000000000000000000 53.58560562133789062500 0.00000000000000000000 0.00000000000000000000 2.00000000000000000000 3.00000000000000000000 0.00000000000000000000 283.20846557617187500000
0.00000000000000000000 1.00000000000000000000 0.00000000000000000000 2.00000000000000000000 42.91443634033203125000 2.00000000000000000000 1.00000000000000000000 0.00000000000000000000 0.00000000000000000000 1.00000000000000000000 1001.45635986328125000000
3.00000000000000000000 0.00000000000000000000 1.00000000000000000000 1.00000000000000000000 72.73472595214843750000 1.00000000000000000000 1.00000000000000000000 2.00000000000000000000 1.00000000000000000000 0.00000000000000000000 114.36764526367187500000
3.00000000000000000000 0.00000000000000000000 0.00000000000000000000 1.00000000000000000000 73.53311920166015625000 1.00000000000000000000 0.00000000000000000000 1.00000000000000000000 1.00000000000000000000 0.00000000000000000000 616.78649902343750000000
1.00000000000000000000 1.00000000000000000000 1.00000000000000000000 1.00000000000000000000 66.05078887939453125000 1.00000000000000000000 2.00000000000000000000 2.00000000000000000000 1.00000000000000000000 0.00000000000000000000 204.23770141601559657829
3.00000000000000000000 0.00000000000000000000 1.00000000000000000000 1.00000000000000000000 54.67363739013671875000 0.00000000000000000000 1.00000000000000000000 2.00000000000000000000 1.00000000000000000000 1.00000000000000000000 727.12384033203125000000
0.00000000000000000000 1.00000000000000000000 1.00000000000000000000 2.00000000000000000000 59.61814498901367187500 0.00000000000000000000 2.00000000000000000000 0.00000000000000000000 3.00000000000000000000 1.00000000000000000000 1842.17724609375000000000
3.00000000000000000000 1.00000000000000000000 0.00000000000000000000 1.00000000000000000000 50.44411087036132812500 0.00000000000000000000 0.00000000000000000000 0.00000000000000000000 2.00000000000000000000 0.00000000000000000000 431.15197753906250000000
4.00000000000000000000 0.00000000000000000000 0.00000000000000000000 1.00000000000000000000 52.04198074340820312500 1.00000000000000000000 2.00000000000000000000 2.00000000000000000000 1.00000000000000000000 0.00000000000000000000 128.68658447265625000000
4.00000000000000000000 0.00000000000000000000 1.00000000000000000000 1.00000000000000000000 59.85602951049804687500 0.00000000000000000000 2.00000000000000000000 1.00000000000000000000 1.00000000000000000000 0.00000000000000000000 647.34320068359375000000
4.00000000000000000000 1.00000000000000000000 0.00000000000000000000 1.00000000000000000000 59.19698715209960937500 1.00000000000000000000 2.00000000000000000000 3.00000000000000000000 1.00000000000000000000 0.00000000000000000000 111.67306518554687500000
2.00000000000000000000 1.00000000000000000000 0.00000000000000000000 1.00000000000000000000 63.08914947509765625000 0.00000000000000000000 2.00000000000000000000 0.00000000000000000000 1.00000000000000000000 0.00000000000000000000 268.25183105468750000000
5.00000000000000000000 1.00000000000000000000 0.00000000000000000000 2.00000000000000000000 52.99363327026367187500 0.00000000000000000000 0.00000000000000000000 0.00000000000000000000 2.00000000000000000000 0.00000000000000000000 445.87295532226562500000
2.00000000000000000000 1.00000000000000000000 1.00000000000000000000 1.00000000000000000000 56.45727920532226562500 0.00000000000000000000 0.00000000000000000000 0.00000000000000000000 0.00000000000000000000 0.00000000000000000000 289.43197631835937500000
4.00000000000000000000 0.00000000000000000000 0.00000000000000000000 1.00000000000000000000 60.62586212158203125000 0.00000000000000000000 2.00000000000000000000 0.00000000000000000000 3.00000000000000000000 0.00000000000000000000 362.89950561523437500000
5.00000000000000000000 1.00000000000000000000 0.00000000000000000000 0.00000000000000000000 64.35478973388671875000 1.00000000000000000000 1.00000000000000000000 2.00000000000000000000 1.00000000000000000000 0.00000000000000000000 149.79412841796875000000
3.00000000000000000000 1.00000000000000000000 1.00000000000000000000 0.00000000000000000000 66.65711212158203125000 0.00000000000000000000 2.00000000000000000000 0.00000000000000000000 2.00000000000000000000 0.00000000000000000000 354.59869384765625000000
3.00000000000000000000 1.00000000000000000000 1.00000000000000000000 1.00000000000000000000 43.96824264526367187500 0.00000000000000000000 1.00000000000000000000 0.00000000000000000000 1.00000000000000000000 1.00000000000000000000 1222.87145996093750000000
1.00000000000000000000 1.00000000000000000000 0.00000000000000000000 1.00000000000000000000 70.13219451904296875000 1.00000000000000000000 2.00000000000000000000 2.00000000000000000000 1.00000000000000000000 0.00000000000000000000 167.08084106445312500000
5.00000000000000000000 1.00000000000000000000 1.00000000000000000000 1.00000000000000000000 67.87826538085937500000 0.00000000000000000000 0.00000000000000000000 0.00000000000000000000 0.00000000000000000000 0.00000000000000000000 255.92031860351559657829
0.00000000000000000000 0.00000000000000000000 1.00000000000000000000 1.00000000000000000000 33.97678375244140625000 1.00000000000000000000 2.00000000000000000000 0.00000000000000000000 1.00000000000000000000 0.00000000000000000000 294.89361572265625000000
0.00000000000000000000 1.00000000000000000000 1.00000000000000000000 0.00000000000000000000 59.22874450683593750000 0.00000000000000000000 1.00000000000000000000 1.00000000000000000000 0.00000000000000000000 0.00000000000000000000 944.69915771484375000000
4.00000000000000000000 1.00000000000000000000 0.00000000000000000000 1.00000000000000000000 44.86713409423828125000 0.00000000000000000000 1.00000000000000000000 0.00000000000000000000 1.00000000000000000000 1.00000000000000000000 1192.02929687500000000000
0.00000000000000000000 0.00000000000000000000 0.00000000000000000000 2.00000000000000000000 55.28219604492188210543 0.00000000000000000000 0.00000000000000000000 2.00000000000000000000 1.00000000000000000000 0.00000000000000000000 75.02596282958984375000
1.00000000000000000000 1.00000000000000000000 0.00000000000000000000 1.00000000000000000000 52.21668243408203125000 0.00000000000000000000 0.00000000000000000000 0.00000000000000000000 2.00000000000000000000 0.00000000000000000000 60.29788589477539062500
3.00000000000000000000 1.00000000000000000000 1.00000000000000000000 1.00000000000000000000 52.25551223754882812500 1.00000000000000000000 0.00000000000000000000 2.00000000000000000000 1.00000000000000000000 0.00000000000000000000 278.79394531250000000000
3.00000000000000000000 0.00000000000000000000 0.00000000000000000000 0.00000000000000000000 74.37274932861328125000 0.00000000000000000000 0.00000000000000000000 0.00000000000000000000 3.00000000000000000000 1.00000000000000000000 562.63586425781250000000
4.00000000000000000000 1.00000000000000000000 1.00000000000000000000 2.00000000000000000000 43.03205490112304687500 4.00000000000000000000 2.00000000000000000000 2.00000000000000000000 3.00000000000000000000 1.00000000000000000000 1180.47937011718750000000
4.00000000000000000000 0.00000000000000000000 0.00000000000000000000 2.00000000000000000000 44.28376770019531250000 0.00000000000000000000 2.00000000000000000000 1.00000000000000000000 0.00000000000000000000 1.00000000000000000000 1324.10473632812500000000
0.00000000000000000000 1.00000000000000000000 1.00000000000000000000 0.00000000000000000000 69.40828704833984375000 0.00000000000000000000 0.00000000000000000000 0.00000000000000000000 1.00000000000000000000 1.00000000000000000000 588.91259765625000000000
4.00000000000000000000 1.00000000000000000000 0.00000000000000000000 1.00000000000000000000 52.35700225830078125000 0.00000000000000000000 1.00000000000000000000 1.00000000000000000000 0.00000000000000000000 0.00000000000000000000 206.82211303710934657829
1.00000000000000000000 0.00000000000000000000 1.00000000000000000000 1.00000000000000000000 60.26815795898437500000 0.00000000000000000000 1.00000000000000000000 2.00000000000000000000 0.00000000000000000000 0.00000000000000000000 780.67224121093750000000
4.00000000000000000000 1.00000000000000000000 0.00000000000000000000 1.00000000000000000000 51.36566925048828125000 3.00000000000000000000 1.00000000000000000000 0.00000000000000000000 1.00000000000000000000 0.00000000000000000000 405.96194458007812500000
0.00000000000000000000 1.00000000000000000000 0.00000000000000000000 0.00000000000000000000 78.95262908935546875000 0.00000000000000000000 0.00000000000000000000 2.00000000000000000000 1.00000000000000000000 0.00000000000000000000 810.80548095703125000000
1.00000000000000000000 1.00000000000000000000 0.00000000000000000000 1.00000000000000000000 49.42202758789063210543 0.00000000000000000000 0.00000000000000000000 2.00000000000000000000 0.00000000000000000000 1.00000000000000000000 816.16900634765625000000
2.00000000000000000000 0.00000000000000000000 1.00000000000000000000 0.00000000000000000000 81.27243804931640625000 0.00000000000000000000 1.00000000000000000000 1.00000000000000000000 3.00000000000000000000 0.00000000000000000000 246.81050109863281250000
3.00000000000000000000 1.00000000000000000000 0.00000000000000000000 1.00000000000000000000 75.31170654296875000000 0.00000000000000000000 0.00000000000000000000 1.00000000000000000000 1.00000000000000000000 1.00000000000000000000 704.32867431640625000000
4.00000000000000000000 1.00000000000000000000 0.00000000000000000000 1.00000000000000000000 67.40356445312500000000 0.00000000000000000000 2.00000000000000000000 2.00000000000000000000 3.00000000000000000000 1.00000000000000000000 518.96228027343750000000
3.00000000000000000000 1.00000000000000000000 0.00000000000000000000 1.00000000000000000000 61.90731430053710937500 0.00000000000000000000 2.00000000000000000000 2.00000000000000000000 1.00000000000000000000 0.00000000000000000000 427.54772949218750000000
1.00000000000000000000 0.00000000000000000000 1.00000000000000000000 1.00000000000000000000 45.98471832275391335543 0.00000000000000000000 1.00000000000000000000 0.00000000000000000000 1.00000000000000000000 1.00000000000000000000 339.24810791015625000000
5.00000000000000000000 1.00000000000000000000 0.00000000000000000000 0.00000000000000000000 74.91230773925781250000 0.00000000000000000000 2.00000000000000000000 0.00000000000000000000 1.00000000000000000000 0.00000000000000000000 315.49200439453125000000
0.00000000000000000000 1.00000000000000000000 0.00000000000000000000 1.00000000000000000000 71.99340057373046875000 0.00000000000000000000 0.00000000000000000000 0.00000000000000000000 1.00000000000000000000 0.00000000000000000000 260.84188842773437500000
1.00000000000000000000 1.00000000000000000000 0.00000000000000000000 0.00000000000000000000 88.28466033935546875000 2.00000000000000000000 1.00000000000000000000 2.00000000000000000000 1.00000000000000000000 0.00000000000000000000 310.06204223632812500000
0.00000000000000000000 1.00000000000000000000 0.00000000000000000000 1.00000000000000000000 65.87920379638671875000 1.00000000000000000000 2.00000000000000000000 2.00000000000000000000 3.00000000000000000000 0.00000000000000000000 209.98179626464843750000
1.00000000000000000000 0.00000000000000000000 0.00000000000000000000 1.00000000000000000000 52.23663330078125000000 0.00000000000000000000 2.00000000000000000000 1.00000000000000000000 3.00000000000000000000 1.00000000000000000000 755.61157226562500000000
0.00000000000000000000 1.00000000000000000000 1.00000000000000000000 0.00000000000000000000 60.63025665283203125000 0.00000000000000000000 2.00000000000000000000 0.00000000000000000000 2.00000000000000000000 0.00000000000000000000 393.70458984375000000000
2.00000000000000000000 0.00000000000000000000 1.00000000000000000000 1.00000000000000000000 60.85224914550781250000 1.00000000000000000000 2.00000000000000000000 2.00000000000000000000 1.00000000000000000000 0.00000000000000000000 106.54595184326171875000
3.00000000000000000000 1.00000000000000000000 0.00000000000000000000 2.00000000000000000000 53.59259796142578125000 1.00000000000000000000 0.00000000000000000000 2.00000000000000000000 2.00000000000000000000 0.00000000000000000000 296.81390380859369315658
0.00000000000000000000 0.00000000000000000000 0.00000000000000000000 1.00000000000000000000 61.71414566040039062500 1.00000000000000000000 2.00000000000000000000 2.00000000000000000000 2.00000000000000000000 0.00000000000000000000 150.38796997070312500000
4.00000000000000000000 0.00000000000000000000 1.00000000000000000000 0.00000000000000000000 51.71082687377929687500 0.00000000000000000000 1.00000000000000000000 0.00000000000000000000 3.00000000000000000000 1.00000000000000000000 1235.58532714843750000000
0.00000000000000000000 0.00000000000000000000 0.00000000000000000000 0.00000000000000000000 71.73893737792968750000 1.00000000000000000000 1.00000000000000000000 0.00000000000000000000 3.00000000000000000000 1.00000000000000000000 466.66943359375000000000
1.00000000000000000000 0.00000000000000000000 0.00000000000000000000 1.00000000000000000000 70.27745056152343750000 0.00000000000000000000 2.00000000000000000000 0.00000000000000000000 3.00000000000000000000 1.00000000000000000000 799.33367919921875000000
4.00000000000000000000 1.00000000000000000000 1.00000000000000000000 0.00000000000000000000 59.79172134399414062500 0.00000000000000000000 1.00000000000000000000 0.00000000000000000000 0.00000000000000000000 0.00000000000000000000 510.29113769531250000000
0.00000000000000000000 0.00000000000000000000 1.00000000000000000000 2.00000000000000000000 73.87344360351562500000 1.00000000000000000000 0.00000000000000000000 0.00000000000000000000 3.00000000000000000000 0.00000000000000000000 219.56324768066409092171
0.00000000000000000000 0.00000000000000000000 1.00000000000000000000 0.00000000000000000000 67.29816436767578125000 0.00000000000000000000 2.00000000000000000000 0.00000000000000000000 2.00000000000000000000 0.00000000000000000000 363.22027587890630684342
5.00000000000000000000 0.00000000000000000000 0.00000000000000000000 1.00000000000000000000 38.62259674072265625000 0.00000000000000000000 1.00000000000000000000 0.00000000000000000000 0.00000000000000000000 0.00000000000000000000 245.20292663574218750000
4.00000000000000000000 1.00000000000000000000 1.00000000000000000000 0.00000000000000000000 55.70999908447265625000 0.00000000000000000000 2.00000000000000000000 2.00000000000000000000 1.00000000000000000000 0.00000000000000000000 317.21688842773437500000
1.00000000000000000000 1.00000000000000000000 0.00000000000000000000 1.00000000000000000000 43.83483886718750000000 0.00000000000000000000 1.00000000000000000000 0.00000000000000000000 1.00000000000000000000 0.00000000000000000000 326.15286254882812500000
4.00000000000000000000 0.00000000000000000000 0.00000000000000000000 0.00000000000000000000 61.96176528930664062500 0.00000000000000000000 0.00000000000000000000 0.00000000000000000000 0.00000000000000000000 1.00000000000000000000 1595.46594238281250000000
0.00000000000000000000 1.00000000000000000000 1.00000000000000000000 1.00000000000000000000 70.88864898681640625000 0.00000000000000000000 2.00000000000000000000 1.00000000000000000000 0.00000000000000000000 1.00000000000000000000 1777.53552246093750000000
2.00000000000000000000 1.00000000000000000000 0.00000000000000000000 1.00000000000000000000 56.05509567260742187500 1.00000000000000000000 1.00000000000000000000 0.00000000000000000000 1.00000000000000000000 0.00000000000000000000 102.82527160644532671085
0.00000000000000000000 0.00000000000000000000 0.00000000000000000000 0.00000000000000000000 66.91293334960937500000 0.00000000000000000000 2.00000000000000000000 2.00000000000000000000 1.00000000000000000000 0.00000000000000000000 344.89804077148437500000
3.00000000000000000000 1.00000000000000000000 1.00000000000000000000 1.00000000000000000000 63.76079177856445312500 0.00000000000000000000 2.00000000000000000000 0.00000000000000000000 1.00000000000000000000 0.00000000000000000000 1682.45532226562500000000
3.00000000000000000000 1.00000000000000000000 0.00000000000000000000 2.00000000000000000000 77.68909454345703125000 1.00000000000000000000 1.00000000000000000000 3.00000000000000000000 1.00000000000000000000 0.00000000000000000000 432.05966186523437500000
3.00000000000000000000 1.00000000000000000000 0.00000000000000000000 1.00000000000000000000 60.34095382690429687500 0.00000000000000000000 0.00000000000000000000 2.00000000000000000000 3.00000000000000000000 0.00000000000000000000 644.92779541015625000000
1.00000000000000000000 1.00000000000000000000 1.00000000000000000000 2.00000000000000000000 60.17910385131835937500 0.00000000000000000000 2.00000000000000000000 2.00000000000000000000 1.00000000000000000000 0.00000000000000000000 188.70526123046875000000
5.00000000000000000000 1.00000000000000000000 0.00000000000000000000 2.00000000000000000000 41.37155914306640625000 1.00000000000000000000 0.00000000000000000000 3.00000000000000000000 1.00000000000000000000 0.00000000000000000000 524.78363037109375000000
5.00000000000000000000 1.00000000000000000000 0.00000000000000000000 1.00000000000000000000 82.42258453369140625000 1.00000000000000000000 0.00000000000000000000 0.00000000000000000000 1.00000000000000000000 0.00000000000000000000 300.79071044921875000000
2.00000000000000000000 0.00000000000000000000 1.00000000000000000000 0.00000000000000000000 37.57312774658203125000 0.00000000000000000000 0.00000000000000000000 1.00000000000000000000 3.00000000000000000000 1.00000000000000000000 1511.26452636718750000000
4.00000000000000000000 1.00000000000000000000 1.00000000000000000000 1.00000000000000000000 87.71469879150390625000 1.00000000000000000000 0.00000000000000000000 2.00000000000000000000 1.00000000000000000000 0.00000000000000000000 266.63970947265625000000
0.00000000000000000000 1.00000000000000000000 0.00000000000000000000 1.00000000000000000000 59.58787155151367187500 0.00000000000000000000 0.00000000000000000000 0.00000000000000000000 2.00000000000000000000 0.00000000000000000000 678.10717773437500000000
3.00000000000000000000 1.00000000000000000000 0.00000000000000000000 1.00000000000000000000 66.49874877929687500000 0.00000000000000000000 2.00000000000000000000 2.00000000000000000000 3.00000000000000000000 1.00000000000000000000 656.56762695312500000000
2.00000000000000000000 1.00000000000000000000 1.00000000000000000000 1.00000000000000000000 57.83105468750000000000 0.00000000000000000000 2.00000000000000000000 2.00000000000000000000 3.00000000000000000000 1.00000000000000000000 1706.19567871093750000000
0.00000000000000000000 1.00000000000000000000 0.00000000000000000000 1.00000000000000000000 68.24300384521484375000 0.00000000000000000000 2.00000000000000000000 2.00000000000000000000 0.00000000000000000000 0.00000000000000000000 91.84815979003906250000
4.00000000000000000000 1.00000000000000000000 1.00000000000000000000 1.00000000000000000000 51.23942184448242187500 1.00000000000000000000 2.00000000000000000000 0.00000000000000000000 1.00000000000000000000 0.00000000000000000000 213.47149658203125000000
4.00000000000000000000 1.00000000000000000000 1.00000000000000000000 1.00000000000000000000 60.49931335449218750000 0.00000000000000000000 2.00000000000000000000 0.00000000000000000000 3.00000000000000000000 1.00000000000000000000 1418.92102050781250000000
1.00000000000000000000 1.00000000000000000000 1.00000000000000000000 0.00000000000000000000 66.69470214843750000000 0.00000000000000000000 1.00000000000000000000 0.00000000000000000000 1.00000000000000000000 0.00000000000000000000 137.39147949218750000000
4.00000000000000000000 1.00000000000000000000 1.00000000000000000000 1.00000000000000000000 69.21375274658203125000 1.00000000000000000000 0.00000000000000000000 2.00000000000000000000 2.00000000000000000000 0.00000000000000000000 169.24188232421875000000
0.00000000000000000000 1.00000000000000000000 0.00000000000000000000 1.00000000000000000000 53.91899490356445312500 0.00000000000000000000 2.00000000000000000000 1.00000000000000000000 1.00000000000000000000 0.00000000000000000000 710.12902832031250000000
1.00000000000000000000 1.00000000000000000000 1.00000000000000000000 2.00000000000000000000 56.50568389892578125000 0.00000000000000000000 1.00000000000000000000 0.00000000000000000000 3.00000000000000000000 0.00000000000000000000 151.64906311035156250000
0.00000000000000000000 1.00000000000000000000 0.00000000000000000000 2.00000000000000000000 43.98551559448242187500 0.00000000000000000000 1.00000000000000000000 0.00000000000000000000 2.00000000000000000000 0.00000000000000000000 404.45697021484375000000
4.00000000000000000000 0.00000000000000000000 0.00000000000000000000 1.00000000000000000000 76.73101806640625000000 0.00000000000000000000 0.00000000000000000000 0.00000000000000000000 0.00000000000000000000 1.00000000000000000000 1127.13537597656250000000
4.00000000000000000000 1.00000000000000000000 1.00000000000000000000 0.00000000000000000000 45.75420379638671875000 0.00000000000000000000 0.00000000000000000000 3.00000000000000000000 0.00000000000000000000 1.00000000000000000000 1505.90380859375000000000
0.00000000000000000000 0.00000000000000000000 1.00000000000000000000 1.00000000000000000000 77.88621520996093750000 0.00000000000000000000 1.00000000000000000000 1.00000000000000000000 1.00000000000000000000 0.00000000000000000000 663.45483398437500000000
3.00000000000000000000 1.00000000000000000000 0.00000000000000000000 1.00000000000000000000 59.63229370117188210543 0.00000000000000000000 2.00000000000000000000 0.00000000000000000000 1.00000000000000000000 1.00000000000000000000 1503.02099609375000000000
0.00000000000000000000 1.00000000000000000000 1.00000000000000000000 1.00000000000000000000 61.08858108520507812500 0.00000000000000000000 1.00000000000000000000 2.00000000000000000000 1.00000000000000000000 1.00000000000000000000 75.20884704589843750000
5.00000000000000000000 1.00000000000000000000 1.00000000000000000000 1.00000000000000000000 62.95238494873046875000 0.00000000000000000000 2.00000000000000000000 2.00000000000000000000 1.00000000000000000000 0.00000000000000000000 268.26312255859369315658
1.00000000000000000000 0.00000000000000000000 0.00000000000000000000 1.00000000000000000000 80.58349609375000000000 0.00000000000000000000 0.00000000000000000000 0.00000000000000000000 0.00000000000000000000 1.00000000000000000000 703.67163085937500000000
2.00000000000000000000 1.00000000000000000000 0.00000000000000000000 1.00000000000000000000 39.00178909301757812500 1.00000000000000000000 0.00000000000000000000 2.00000000000000000000 1.00000000000000000000 0.00000000000000000000 119.76941680908204546085
4.00000000000000000000 1.00000000000000000000 1.00000000000000000000 2.00000000000000000000 63.33069610595703125000 0.00000000000000000000 2.00000000000000000000 2.00000000000000000000 3.00000000000000000000 0.00000000000000000000 488.30050659179687500000
5.00000000000000000000 1.00000000000000000000 1.00000000000000000000 1.00000000000000000000 53.59788513183593750000 0.00000000000000000000 2.00000000000000000000 0.00000000000000000000 1.00000000000000000000 1.00000000000000000000 421.75396728515625000000
0.00000000000000000000 1.00000000000000000000 1.00000000000000000000 0.00000000000000000000 63.17127609252929687500 0.00000000000000000000 2.00000000000000000000 0.00000000000000000000 1.00000000000000000000 0.00000000000000000000 272.36032104492187500000
3.00000000000000000000 1.00000000000000000000 0.00000000000000000000 1.00000000000000000000 49.19533920288085937500 0.00000000000000000000 0.00000000000000000000 0.00000000000000000000 1.00000000000000000000 1.00000000000000000000 644.51202392578125000000
4.00000000000000000000 1.00000000000000000000 1.00000000000000000000 1.00000000000000000000 67.31299591064453125000 0.00000000000000000000 0.00000000000000000000 0.00000000000000000000 2.00000000000000000000 0.00000000000000000000 458.44851684570312500000
1.00000000000000000000 1.00000000000000000000 1.00000000000000000000 1.00000000000000000000 51.92702865600585937500 0.00000000000000000000 1.00000000000000000000 2.00000000000000000000 1.00000000000000000000 0.00000000000000000000 756.16406250000000000000
4.00000000000000000000 0.00000000000000000000 0.00000000000000000000 1.00000000000000000000 66.55835723876953125000 0.00000000000000000000 1.00000000000000000000 3.00000000000000000000 2.00000000000000000000 0.00000000000000000000 458.32232666015625000000
5.00000000000000000000 1.00000000000000000000 0.00000000000000000000 0.00000000000000000000 61.85997772216796875000 0.00000000000000000000 1.00000000000000000000 2.00000000000000000000 1.00000000000000000000 0.00000000000000000000 148.80158996582031250000
0.00000000000000000000 1.00000000000000000000 0.00000000000000000000 0.00000000000000000000 42.82117843627929687500 0.00000000000000000000 1.00000000000000000000 1.00000000000000000000 0.00000000000000000000 1.00000000000000000000 707.16522216796875000000
1.00000000000000000000 0.00000000000000000000 1.00000000000000000000 1.00000000000000000000 44.86885452270507812500 0.00000000000000000000 0.00000000000000000000 0.00000000000000000000 1.00000000000000000000 0.00000000000000000000 428.65170288085937500000
4.00000000000000000000 1.00000000000000000000 0.00000000000000000000 2.00000000000000000000 38.59619903564453125000 0.00000000000000000000 1.00000000000000000000 0.00000000000000000000 1.00000000000000000000 0.00000000000000000000 1505.19335937500000000000
2.00000000000000000000 1.00000000000000000000 0.00000000000000000000 0.00000000000000000000 46.02477264404296875000 0.00000000000000000000 2.00000000000000000000 1.00000000000000000000 1.00000000000000000000 0.00000000000000000000 677.41741943359375000000
2.00000000000000000000 1.00000000000000000000 1.00000000000000000000 0.00000000000000000000 65.13833618164062500000 0.00000000000000000000 0.00000000000000000000 0.00000000000000000000 1.00000000000000000000 0.00000000000000000000 437.97647094726562500000
2.00000000000000000000 1.00000000000000000000 1.00000000000000000000 0.00000000000000000000 78.28783416748046875000 1.00000000000000000000 2.00000000000000000000 0.00000000000000000000 1.00000000000000000000 0.00000000000000000000 290.31115722656250000000
5.00000000000000000000 1.00000000000000000000 1.00000000000000000000 1.00000000000000000000 59.31953811645507812500 0.00000000000000000000 1.00000000000000000000 0.00000000000000000000 2.00000000000000000000 1.00000000000000000000 1188.31042480468750000000
2.00000000000000000000 0.00000000000000000000 1.00000000000000000000 1.00000000000000000000 36.48712158203125000000 2.00000000000000000000 2.00000000000000000000 2.00000000000000000000 3.00000000000000000000 0.00000000000000000000 142.12384033203125000000
2.00000000000000000000 0.00000000000000000000 0.00000000000000000000 1.00000000000000000000 78.40657043457031250000 2.00000000000000000000 0.00000000000000000000 1.00000000000000000000 1.00000000000000000000 0.00000000000000000000 794.74340820312500000000
1.00000000000000000000 0.00000000000000000000 1.00000000000000000000 1.00000000000000000000 61.57754135131835937500 0.00000000000000000000 1.00000000000000000000 0.00000000000000000000 0.00000000000000000000 0.00000000000000000000 1103.67907714843750000000
0.00000000000000000000 1.00000000000000000000 0.00000000000000000000 1.00000000000000000000 79.87561035156250000000 0.00000000000000000000 0.00000000000000000000 2.00000000000000000000 2.00000000000000000000 0.00000000000000000000 256.65417480468750000000
3.00000000000000000000 1.00000000000000000000 1.00000000000000000000 0.00000000000000000000 52.36721038818360085543 0.00000000000000000000 0.00000000000000000000 2.00000000000000000000 1.00000000000000000000 0.00000000000000000000 682.67504882812500000000
5.00000000000000000000 0.00000000000000000000 1.00000000000000000000 1.00000000000000000000 66.27471923828125000000 0.00000000000000000000 0.00000000000000000000 2.00000000000000000000 1.00000000000000000000 1.00000000000000000000 672.70227050781250000000
0.00000000000000000000 1.00000000000000000000 1.00000000000000000000 1.00000000000000000000 72.72680664062500000000 1.00000000000000000000 1.00000000000000000000 0.00000000000000000000 2.00000000000000000000 0.00000000000000000000 447.75967407226562500000
4.00000000000000000000 0.00000000000000000000 0.00000000000000000000 0.00000000000000000000 46.56245040893554687500 3.00000000000000000000 0.00000000000000000000 0.00000000000000000000 1.00000000000000000000 1.00000000000000000000 965.15930175781238631316
1.00000000000000000000 0.00000000000000000000 1.00000000000000000000 0.00000000000000000000 80.67426300048828125000 0.00000000000000000000 1.00000000000000000000 0.00000000000000000000 1.00000000000000000000 0.00000000000000000000 781.67456054687500000000
0.00000000000000000000 0.00000000000000000000 0.00000000000000000000 1.00000000000000000000 53.72650909423828125000 0.00000000000000000000 0.00000000000000000000 0.00000000000000000000 3.00000000000000000000 0.00000000000000000000 469.52297973632812500000
0.00000000000000000000 1.00000000000000000000 1.00000000000000000000 1.00000000000000000000 65.96648406982421875000 1.00000000000000000000 2.00000000000000000000 0.00000000000000000000 1.00000000000000000000 0.00000000000000000000 29.44591331481933593750
4.00000000000000000000 1.00000000000000000000 1.00000000000000000000 0.00000000000000000000 70.16928863525390625000 0.00000000000000000000 1.00000000000000000000 2.00000000000000000000 0.00000000000000000000 0.00000000000000000000 687.09716796875000000000
0.00000000000000000000 0.00000000000000000000 0.00000000000000000000 1.00000000000000000000 77.82216644287109375000 0.00000000000000000000 2.00000000000000000000 0.00000000000000000000 1.00000000000000000000 0.00000000000000000000 261.40490722656250000000
3.00000000000000000000 1.00000000000000000000 1.00000000000000000000 0.00000000000000000000 58.26005935668945312500 0.00000000000000000000 1.00000000000000000000 0.00000000000000000000 1.00000000000000000000 0.00000000000000000000 907.51470947265625000000
2.00000000000000000000 0.00000000000000000000 0.00000000000000000000 1.00000000000000000000 65.83493804931640625000 0.00000000000000000000 0.00000000000000000000 0.00000000000000000000 0.00000000000000000000 1.00000000000000000000 633.18499755859375000000
0.00000000000000000000 0.00000000000000000000 1.00000000000000000000 1.00000000000000000000 74.05452728271484375000 1.00000000000000000000 0.00000000000000000000 0.00000000000000000000 1.00000000000000000000 0.00000000000000000000 261.22561645507812500000
5.00000000000000000000 1.00000000000000000000 0.00000000000000000000 0.00000000000000000000 65.71554565429687500000 0.00000000000000000000 0.00000000000000000000 0.00000000000000000000 1.00000000000000000000 0.00000000000000000000 440.65274047851562500000
3.00000000000000000000 1.00000000000000000000 0.00000000000000000000 1.00000000000000000000 38.17198562622070312500 0.00000000000000000000 2.00000000000000000000 0.00000000000000000000 3.00000000000000000000 0.00000000000000000000 349.05990600585937500000
4.00000000000000000000 1.00000000000000000000 1.00000000000000000000 2.00000000000000000000 53.24792480468750000000 0.00000000000000000000 0.00000000000000000000 0.00000000000000000000 0.00000000000000000000 1.00000000000000000000 1627.82373046875000000000
0.00000000000000000000 1.00000000000000000000 0.00000000000000000000 1.00000000000000000000 53.86663436889647726957 4.00000000000000000000 2.00000000000000000000 2.00000000000000000000 1.00000000000000000000 0.00000000000000000000 257.28259277343750000000
5.00000000000000000000 0.00000000000000000000 1.00000000000000000000 1.00000000000000000000 55.01768493652343750000 0.00000000000000000000 2.00000000000000000000 2.00000000000000000000 2.00000000000000000000 0.00000000000000000000 209.48771667480468750000
2.00000000000000000000 0.00000000000000000000 1.00000000000000000000 0.00000000000000000000 38.50015258789063210543 0.00000000000000000000 2.00000000000000000000 0.00000000000000000000 3.00000000000000000000 0.00000000000000000000 296.28540039062500000000
4.00000000000000000000 0.00000000000000000000 1.00000000000000000000 2.00000000000000000000 62.49666595458983664457 0.00000000000000000000 0.00000000000000000000 0.00000000000000000000 1.00000000000000000000 1.00000000000000000000 1098.37121582031250000000
1.00000000000000000000 1.00000000000000000000 0.00000000000000000000 2.00000000000000000000 66.03658294677734375000 0.00000000000000000000 0.00000000000000000000 0.00000000000000000000 1.00000000000000000000 0.00000000000000000000 691.42150878906250000000
4.00000000000000000000 1.00000000000000000000 0.00000000000000000000 0.00000000000000000000 77.89440917968750000000 0.00000000000000000000 0.00000000000000000000 0.00000000000000000000 0.00000000000000000000 1.00000000000000000000 1177.58093261718750000000
0.00000000000000000000 1.00000000000000000000 0.00000000000000000000 1.00000000000000000000 71.48468017578125000000 0.00000000000000000000 0.00000000000000000000 2.00000000000000000000 3.00000000000000000000 1.00000000000000000000 597.55200195312500000000
3.00000000000000000000 0.00000000000000000000 1.00000000000000000000 0.00000000000000000000 46.37707901000976562500 0.00000000000000000000 0.00000000000000000000 0.00000000000000000000 1.00000000000000000000 1.00000000000000000000 1197.95861816406250000000
4.00000000000000000000 0.00000000000000000000 1.00000000000000000000 2.00000000000000000000 46.42995071411132812500 0.00000000000000000000 0.00000000000000000000 0.00000000000000000000 0.00000000000000000000 1.00000000000000000000 1231.43933105468750000000
4.00000000000000000000 1.00000000000000000000 1.00000000000000000000 1.00000000000000000000 49.39955520629882812500 0.00000000000000000000 1.00000000000000000000 2.00000000000000000000 0.00000000000000000000 1.00000000000000000000 700.90283203125000000000
5.00000000000000000000 1.00000000000000000000 1.00000000000000000000 1.00000000000000000000 60.27928924560546875000 1.00000000000000000000 2.00000000000000000000 2.00000000000000000000 2.00000000000000000000 0.00000000000000000000 464.54312133789062500000
4.00000000000000000000 1.00000000000000000000 0.00000000000000000000 1.00000000000000000000 59.84662246704101562500 1.00000000000000000000 2.00000000000000000000 1.00000000000000000000 1.00000000000000000000 0.00000000000000000000 131.03929138183593750000
5.00000000000000000000 0.00000000000000000000 1.00000000000000000000 1.00000000000000000000 57.47193145751953125000 0.00000000000000000000 1.00000000000000000000 2.00000000000000000000 2.00000000000000000000 1.00000000000000000000 446.69393920898437500000
1.00000000000000000000 1.00000000000000000000 1.00000000000000000000 0.00000000000000000000 53.78800201416016335543 0.00000000000000000000 2.00000000000000000000 2.00000000000000000000 1.00000000000000000000 0.00000000000000000000 604.00805664062500000000
0.00000000000000000000 1.00000000000000000000 1.00000000000000000000 0.00000000000000000000 46.86610412597656250000 0.00000000000000000000 0.00000000000000000000 0.00000000000000000000 2.00000000000000000000 0.00000000000000000000 625.03076171875000000000
5.00000000000000000000 1.00000000000000000000 0.00000000000000000000 1.00000000000000000000 75.17956542968750000000 2.00000000000000000000 1.00000000000000000000 3.00000000000000000000 3.00000000000000000000 0.00000000000000000000 265.32116699218750000000
1.00000000000000000000 1.00000000000000000000 0.00000000000000000000 1.00000000000000000000 68.68149566650390625000 1.00000000000000000000 0.00000000000000000000 0.00000000000000000000 2.00000000000000000000 0.00000000000000000000 534.12023925781250000000
0.00000000000000000000 0.00000000000000000000 0.00000000000000000000 2.00000000000000000000 67.17291259765625000000 0.00000000000000000000 0.00000000000000000000 0.00000000000000000000 0.00000000000000000000 0.00000000000000000000 727.85992431640625000000
4.00000000000000000000 1.00000000000000000000 1.00000000000000000000 1.00000000000000000000 60.65457534790039062500 0.00000000000000000000 0.00000000000000000000 1.00000000000000000000 2.00000000000000000000 0.00000000000000000000 135.35856628417968750000
1.00000000000000000000 1.00000000000000000000 0.00000000000000000000 2.00000000000000000000 67.04998779296875000000 0.00000000000000000000 0.00000000000000000000 2.00000000000000000000 2.00000000000000000000 0.00000000000000000000 411.22796630859375000000
3.00000000000000000000 1.00000000000000000000 1.00000000000000000000 0.00000000000000000000 67.97705078125000000000 1.00000000000000000000 1.00000000000000000000 0.00000000000000000000 1.00000000000000000000 0.00000000000000000000 151.66870117187500000000
4.00000000000000000000 0.00000000000000000000 0.00000000000000000000 1.00000000000000000000 52.81963729858398437500 2.00000000000000000000 0.00000000000000000000 2.00000000000000000000 1.00000000000000000000 0.00000000000000000000 400.53512573242187500000
4.00000000000000000000 1.00000000000000000000 1.00000000000000000000 2.00000000000000000000 71.63731384277343750000 0.00000000000000000000 2.00000000000000000000 0.00000000000000000000 2.00000000000000000000 1.00000000000000000000 1298.03112792968750000000
4.00000000000000000000 1.00000000000000000000 1.00000000000000000000 1.00000000000000000000 66.79810333251953125000 0.00000000000000000000 1.00000000000000000000 2.00000000000000000000 2.00000000000000000000 0.00000000000000000000 179.48536682128906250000
4.00000000000000000000 1.00000000000000000000 0.00000000000000000000 0.00000000000000000000 62.96865463256835937500 0.00000000000000000000 1.00000000000000000000 3.00000000000000000000 3.00000000000000000000 1.00000000000000000000 1148.67041015625000000000
1.00000000000000000000 0.00000000000000000000 1.00000000000000000000 1.00000000000000000000 54.05125427246093750000 1.00000000000000000000 1.00000000000000000000 0.00000000000000000000 3.00000000000000000000 1.00000000000000000000 580.71868896484375000000
3.00000000000000000000 0.00000000000000000000 0.00000000000000000000 0.00000000000000000000 43.26330947875976562500 0.00000000000000000000 1.00000000000000000000 3.00000000000000000000 3.00000000000000000000 1.00000000000000000000 1060.76171875000000000000
2.00000000000000000000 1.00000000000000000000 1.00000000000000000000 1.00000000000000000000 54.50774383544921875000 0.00000000000000000000 2.00000000000000000000 0.00000000000000000000 1.00000000000000000000 0.00000000000000000000 319.97576904296875000000
1.00000000000000000000 1.00000000000000000000 0.00000000000000000000 1.00000000000000000000 53.63489532470703125000 1.00000000000000000000 0.00000000000000000000 0.00000000000000000000 1.00000000000000000000 0.00000000000000000000 232.23268127441409092171
2.00000000000000000000 1.00000000000000000000 1.00000000000000000000 0.00000000000000000000 59.96527862548828125000 0.00000000000000000000 1.00000000000000000000 0.00000000000000000000 1.00000000000000000000 0.00000000000000000000 601.01812744140625000000
2.00000000000000000000 0.00000000000000000000 1.00000000000000000000 1.00000000000000000000 51.21704483032226562500 0.00000000000000000000 1.00000000000000000000 0.00000000000000000000 3.00000000000000000000 1.00000000000000000000 1236.74267578125000000000
0.00000000000000000000 1.00000000000000000000 0.00000000000000000000 0.00000000000000000000 77.23116302490234375000 0.00000000000000000000 0.00000000000000000000 2.00000000000000000000 1.00000000000000000000 0.00000000000000000000 260.65182495117187500000
3.00000000000000000000 1.00000000000000000000 0.00000000000000000000 1.00000000000000000000 68.06301879882812500000 1.00000000000000000000 0.00000000000000000000 2.00000000000000000000 3.00000000000000000000 1.00000000000000000000 1660.82177734375000000000
3.00000000000000000000 1.00000000000000000000 0.00000000000000000000 0.00000000000000000000 79.71138763427734375000 0.00000000000000000000 0.00000000000000000000 1.00000000000000000000 1.00000000000000000000 0.00000000000000000000 673.71466064453125000000
4.00000000000000000000 1.00000000000000000000 0.00000000000000000000 0.00000000000000000000 60.98163223266601562500 0.00000000000000000000 2.00000000000000000000 1.00000000000000000000 1.00000000000000000000 0.00000000000000000000 717.28845214843750000000
0.00000000000000000000 1.00000000000000000000 0.00000000000000000000 0.00000000000000000000 54.55526733398437500000 0.00000000000000000000 1.00000000000000000000 0.00000000000000000000 2.00000000000000000000 0.00000000000000000000 476.02630615234375000000
0.00000000000000000000 1.00000000000000000000 1.00000000000000000000 0.00000000000000000000 55.17649459838867187500 0.00000000000000000000 2.00000000000000000000 0.00000000000000000000 0.00000000000000000000 0.00000000000000000000 146.09104919433593750000
4.00000000000000000000 1.00000000000000000000 0.00000000000000000000 1.00000000000000000000 53.36843490600585937500 2.00000000000000000000 0.00000000000000000000 0.00000000000000000000 1.00000000000000000000 1.00000000000000000000 677.13641357421875000000
4.00000000000000000000 0.00000000000000000000 0.00000000000000000000 1.00000000000000000000 41.62211227416992187500 1.00000000000000000000 2.00000000000000000000 1.00000000000000000000 1.00000000000000000000 0.00000000000000000000 85.46913146972656250000
4.00000000000000000000 1.00000000000000000000 1.00000000000000000000 0.00000000000000000000 82.55877685546875000000 1.00000000000000000000 1.00000000000000000000 0.00000000000000000000 0.00000000000000000000 0.00000000000000000000 322.13085937500000000000
5.00000000000000000000 0.00000000000000000000 1.00000000000000000000 0.00000000000000000000 50.49919509887695312500 1.00000000000000000000 2.00000000000000000000 0.00000000000000000000 2.00000000000000000000 1.00000000000000000000 269.46597290039062500000
3.00000000000000000000 1.00000000000000000000 0.00000000000000000000 1.00000000000000000000 68.49892425537109375000 0.00000000000000000000 2.00000000000000000000 2.00000000000000000000 1.00000000000000000000 0.00000000000000000000 898.12335205078125000000
5.00000000000000000000 1.00000000000000000000 0.00000000000000000000 1.00000000000000000000 62.01877593994140625000 1.00000000000000000000 2.00000000000000000000 2.00000000000000000000 2.00000000000000000000 0.00000000000000000000 155.98735046386718750000
3.00000000000000000000 1.00000000000000000000 0.00000000000000000000 1.00000000000000000000 79.13791656494140625000 0.00000000000000000000 2.00000000000000000000 0.00000000000000000000 3.00000000000000000000 1.00000000000000000000 656.44012451171875000000
0.00000000000000000000 1.00000000000000000000 1.00000000000000000000 0.00000000000000000000 64.94891357421875000000 0.00000000000000000000 0.00000000000000000000 0.00000000000000000000 2.00000000000000000000 0.00000000000000000000 422.39877319335937500000
0.00000000000000000000 0.00000000000000000000 0.00000000000000000000 1.00000000000000000000 80.07894897460937500000 1.00000000000000000000 2.00000000000000000000 1.00000000000000000000 0.00000000000000000000 0.00000000000000000000 251.91334533691409092171
2.00000000000000000000 0.00000000000000000000 1.00000000000000000000 2.00000000000000000000 49.43764877319335937500 0.00000000000000000000 0.00000000000000000000 0.00000000000000000000 2.00000000000000000000 0.00000000000000000000 1025.44604492187500000000
4.00000000000000000000 0.00000000000000000000 1.00000000000000000000 1.00000000000000000000 64.24028015136718750000 0.00000000000000000000 2.00000000000000000000 0.00000000000000000000 3.00000000000000000000 0.00000000000000000000 978.86639404296875000000
3.00000000000000000000 1.00000000000000000000 0.00000000000000000000 2.00000000000000000000 37.04123687744140625000 0.00000000000000000000 0.00000000000000000000 0.00000000000000000000 0.00000000000000000000 0.00000000000000000000 1330.24304199218750000000
4.00000000000000000000 1.00000000000000000000 0.00000000000000000000 0.00000000000000000000 44.32611465454101562500 0.00000000000000000000 0.00000000000000000000 0.00000000000000000000 3.00000000000000000000 1.00000000000000000000 1433.89379882812500000000
1.00000000000000000000 0.00000000000000000000 1.00000000000000000000 1.00000000000000000000 54.10230255126953125000 1.00000000000000000000 0.00000000000000000000 0.00000000000000000000 3.00000000000000000000 1.00000000000000000000 922.84277343750000000000
2.00000000000000000000 1.00000000000000000000 0.00000000000000000000 2.00000000000000000000 62.48238372802734375000 0.00000000000000000000 2.00000000000000000000 0.00000000000000000000 2.00000000000000000000 1.00000000000000000000 1511.78112792968750000000
4.00000000000000000000 1.00000000000000000000 1.00000000000000000000 0.00000000000000000000 55.81422424316406250000 0.00000000000000000000 1.00000000000000000000 0.00000000000000000000 0.00000000000000000000 1.00000000000000000000 1194.04858398437500000000
3.00000000000000000000 1.00000000000000000000 1.00000000000000000000 1.00000000000000000000 72.13692474365234375000 0.00000000000000000000 0.00000000000000000000 2.00000000000000000000 3.00000000000000000000 0.00000000000000000000 428.09097290039062500000
2.00000000000000000000 1.00000000000000000000 0.00000000000000000000 1.00000000000000000000 63.48457336425781250000 0.00000000000000000000 2.00000000000000000000 0.00000000000000000000 1.00000000000000000000 0.00000000000000000000 246.14025878906250000000
1.00000000000000000000 1.00000000000000000000 1.00000000000000000000 1.00000000000000000000 58.45313644409179687500 0.00000000000000000000 1.00000000000000000000 1.00000000000000000000 0.00000000000000000000 0.00000000000000000000 554.57153320312500000000
1.00000000000000000000 1.00000000000000000000 0.00000000000000000000 0.00000000000000000000 59.74076080322265625000 0.00000000000000000000 0.00000000000000000000 0.00000000000000000000 0.00000000000000000000 0.00000000000000000000 674.58361816406250000000
3.00000000000000000000 1.00000000000000000000 1.00000000000000000000 2.00000000000000000000 60.46293640136718750000 0.00000000000000000000 2.00000000000000000000 1.00000000000000000000 1.00000000000000000000 0.00000000000000000000 488.21371459960937500000
5.00000000000000000000 1.00000000000000000000 1.00000000000000000000 1.00000000000000000000 68.41146850585937500000 0.00000000000000000000 1.00000000000000000000 3.00000000000000000000 2.00000000000000000000 0.00000000000000000000 462.34951782226562500000
0.00000000000000000000 1.00000000000000000000 0.00000000000000000000 0.00000000000000000000 53.42846679687500000000 0.00000000000000000000 1.00000000000000000000 3.00000000000000000000 1.00000000000000000000 0.00000000000000000000 94.48217010498048296085
4.00000000000000000000 1.00000000000000000000 1.00000000000000000000 0.00000000000000000000 59.49462127685546875000 1.00000000000000000000 0.00000000000000000000 2.00000000000000000000 3.00000000000000000000 0.00000000000000000000 33.34226226806640625000
0.00000000000000000000 0.00000000000000000000 1.00000000000000000000 1.00000000000000000000 78.27262878417968750000 0.00000000000000000000 2.00000000000000000000 0.00000000000000000000 3.00000000000000000000 1.00000000000000000000 1075.47570800781250000000
4.00000000000000000000 0.00000000000000000000 1.00000000000000000000 1.00000000000000000000 51.20737457275391335543 2.00000000000000000000 2.00000000000000000000 0.00000000000000000000 2.00000000000000000000 0.00000000000000000000 467.51351928710937500000
3.00000000000000000000 0.00000000000000000000 1.00000000000000000000 2.00000000000000000000 47.36876296997070312500 0.00000000000000000000 0.00000000000000000000 0.00000000000000000000 1.00000000000000000000 0.00000000000000000000 176.20114135742187500000
4.00000000000000000000 1.00000000000000000000 1.00000000000000000000 1.00000000000000000000 66.09095764160156250000 4.00000000000000000000 2.00000000000000000000 2.00000000000000000000 1.00000000000000000000 0.00000000000000000000 161.39526367187500000000
0.00000000000000000000 1.00000000000000000000 0.00000000000000000000 1.00000000000000000000 66.91194915771484375000 1.00000000000000000000 1.00000000000000000000 2.00000000000000000000 0.00000000000000000000 0.00000000000000000000 345.59353637695312500000
0.00000000000000000000 0.00000000000000000000 0.00000000000000000000 1.00000000000000000000 75.94705200195312500000 0.00000000000000000000 1.00000000000000000000 2.00000000000000000000 2.00000000000000000000 1.00000000000000000000 556.38122558593750000000
4.00000000000000000000 0.00000000000000000000 0.00000000000000000000 0.00000000000000000000 65.80934906005859375000 0.00000000000000000000 1.00000000000000000000 0.00000000000000000000 3.00000000000000000000 1.00000000000000000000 1248.95776367187500000000
0.00000000000000000000 0.00000000000000000000 1.00000000000000000000 1.00000000000000000000 66.80623626708984375000 1.00000000000000000000 0.00000000000000000000 0.00000000000000000000 1.00000000000000000000 0.00000000000000000000 396.39981079101562500000
2.00000000000000000000 0.00000000000000000000 1.00000000000000000000 0.00000000000000000000 65.90322875976562500000 0.00000000000000000000 1.00000000000000000000 0.00000000000000000000 1.00000000000000000000 0.00000000000000000000 290.71099853515625000000
5.00000000000000000000 1.00000000000000000000 0.00000000000000000000 1.00000000000000000000 54.68779373168945312500 0.00000000000000000000 1.00000000000000000000 2.00000000000000000000 1.00000000000000000000 0.00000000000000000000 166.88751220703125000000
0.00000000000000000000 1.00000000000000000000 1.00000000000000000000 1.00000000000000000000 44.51927185058593750000 1.00000000000000000000 0.00000000000000000000 2.00000000000000000000 3.00000000000000000000 0.00000000000000000000 261.10467529296875000000
1.00000000000000000000 1.00000000000000000000 0.00000000000000000000 1.00000000000000000000 63.52320480346679687500 1.00000000000000000000 1.00000000000000000000 2.00000000000000000000 0.00000000000000000000 0.00000000000000000000 31.32395744323730468750
0.00000000000000000000 1.00000000000000000000 1.00000000000000000000 2.00000000000000000000 65.20088958740234375000 1.00000000000000000000 0.00000000000000000000 2.00000000000000000000 1.00000000000000000000 1.00000000000000000000 135.55622863769531250000
5.00000000000000000000 0.00000000000000000000 1.00000000000000000000 2.00000000000000000000 41.36058807373046875000 1.00000000000000000000 0.00000000000000000000 0.00000000000000000000 1.00000000000000000000 0.00000000000000000000 27.49163627624512074021
2.00000000000000000000 1.00000000000000000000 1.00000000000000000000 0.00000000000000000000 59.39376449584960937500 0.00000000000000000000 1.00000000000000000000 2.00000000000000000000 1.00000000000000000000 0.00000000000000000000 133.10127258300781250000
1.00000000000000000000 1.00000000000000000000 0.00000000000000000000 1.00000000000000000000 68.07269287109375000000 4.00000000000000000000 2.00000000000000000000 0.00000000000000000000 1.00000000000000000000 0.00000000000000000000 201.86767578125000000000
1.00000000000000000000 0.00000000000000000000 1.00000000000000000000 0.00000000000000000000 65.20672607421875000000 0.00000000000000000000 0.00000000000000000000 2.00000000000000000000 1.00000000000000000000 0.00000000000000000000 448.68234252929687500000
1.00000000000000000000 0.00000000000000000000 1.00000000000000000000 1.00000000000000000000 66.59461212158203125000 1.00000000000000000000 0.00000000000000000000 2.00000000000000000000 3.00000000000000000000 1.00000000000000000000 762.99328613281250000000
3.00000000000000000000 1.00000000000000000000 0.00000000000000000000 2.00000000000000000000 67.93324279785156250000 0.00000000000000000000 0.00000000000000000000 0.00000000000000000000 3.00000000000000000000 1.00000000000000000000 429.05426025390630684342
1.00000000000000000000 1.00000000000000000000 0.00000000000000000000 1.00000000000000000000 67.92328643798828125000 0.00000000000000000000 2.00000000000000000000 0.00000000000000000000 2.00000000000000000000 0.00000000000000000000 490.83343505859375000000
2.00000000000000000000 1.00000000000000000000 1.00000000000000000000 1.00000000000000000000 75.66886901855468750000 0.00000000000000000000 0.00000000000000000000 0.00000000000000000000 2.00000000000000000000 0.00000000000000000000 1017.67681884765625000000
4.00000000000000000000 0.00000000000000000000 1.00000000000000000000 1.00000000000000000000 54.58568954467772726957 2.00000000000000000000 0.00000000000000000000 0.00000000000000000000 2.00000000000000000000 1.00000000000000000000 1316.80212402343750000000
0.00000000000000000000 1.00000000000000000000 0.00000000000000000000 1.00000000000000000000 54.33784484863281250000 1.00000000000000000000 1.00000000000000000000 0.00000000000000000000 1.00000000000000000000 0.00000000000000000000 193.11129760742187500000
3.00000000000000000000 1.00000000000000000000 0.00000000000000000000 1.00000000000000000000 46.88982772827149148043 0.00000000000000000000 0.00000000000000000000 1.00000000000000000000 1.00000000000000000000 1.00000000000000000000 684.63592529296875000000
4.00000000000000000000 1.00000000000000000000 0.00000000000000000000 1.00000000000000000000 58.15369033813476562500 0.00000000000000000000 1.00000000000000000000 2.00000000000000000000 1.00000000000000000000 0.00000000000000000000 560.31677246093750000000
1.00000000000000000000 0.00000000000000000000 0.00000000000000000000 2.00000000000000000000 70.22033691406250000000 0.00000000000000000000 2.00000000000000000000 0.00000000000000000000 1.00000000000000000000 0.00000000000000000000 405.48663330078130684342
3.00000000000000000000 1.00000000000000000000 0.00000000000000000000 0.00000000000000000000 56.77796554565429687500 0.00000000000000000000 1.00000000000000000000 0.00000000000000000000 0.00000000000000000000 1.00000000000000000000 922.06176757812500000000
1.00000000000000000000 1.00000000000000000000 1.00000000000000000000 1.00000000000000000000 56.62938690185546875000 0.00000000000000000000 1.00000000000000000000 0.00000000000000000000 1.00000000000000000000 0.00000000000000000000 391.06784057617187500000
2.00000000000000000000 1.00000000000000000000 0.00000000000000000000 1.00000000000000000000 53.70233154296875000000 1.00000000000000000000 2.00000000000000000000 3.00000000000000000000 1.00000000000000000000 0.00000000000000000000 335.51263427734369315658
0.00000000000000000000 1.00000000000000000000 1.00000000000000000000 1.00000000000000000000 60.25312805175781250000 0.00000000000000000000 1.00000000000000000000 0.00000000000000000000 3.00000000000000000000 0.00000000000000000000 112.43592834472656250000
0.00000000000000000000 1.00000000000000000000 1.00000000000000000000 1.00000000000000000000 65.40780639648437500000 1.00000000000000000000 0.00000000000000000000 1.00000000000000000000 0.00000000000000000000 0.00000000000000000000 298.44973754882812500000
1.00000000000000000000 1.00000000000000000000 1.00000000000000000000 1.00000000000000000000 42.79506301879882812500 1.00000000000000000000 1.00000000000000000000 0.00000000000000000000 1.00000000000000000000 1.00000000000000000000 464.58117675781250000000
0.00000000000000000000 0.00000000000000000000 0.00000000000000000000 0.00000000000000000000 56.87959671020507812500 0.00000000000000000000 2.00000000000000000000 0.00000000000000000000 1.00000000000000000000 0.00000000000000000000 399.98361206054687500000
4.00000000000000000000 1.00000000000000000000 0.00000000000000000000 0.00000000000000000000 40.72862625122070312500 0.00000000000000000000 2.00000000000000000000 0.00000000000000000000 3.00000000000000000000 1.00000000000000000000 946.12017822265625000000
4.00000000000000000000 1.00000000000000000000 1.00000000000000000000 1.00000000000000000000 44.12070465087890625000 0.00000000000000000000 0.00000000000000000000 0.00000000000000000000 1.00000000000000000000 1.00000000000000000000 725.97088623046875000000
3.00000000000000000000 1.00000000000000000000 0.00000000000000000000 0.00000000000000000000 80.12844085693359375000 0.00000000000000000000 2.00000000000000000000 2.00000000000000000000 3.00000000000000000000 1.00000000000000000000 843.75146484375000000000
0.00000000000000000000 0.00000000000000000000 1.00000000000000000000 0.00000000000000000000 81.37313842773437500000 2.00000000000000000000 2.00000000000000000000 0.00000000000000000000 2.00000000000000000000 1.00000000000000000000 443.82641601562500000000
1.00000000000000000000 1.00000000000000000000 1.00000000000000000000 0.00000000000000000000 79.52714538574218750000 0.00000000000000000000 1.00000000000000000000 2.00000000000000000000 2.00000000000000000000 0.00000000000000000000 909.10180664062500000000
4.00000000000000000000 1.00000000000000000000 1.00000000000000000000 1.00000000000000000000 55.60440063476562500000 0.00000000000000000000 1.00000000000000000000 2.00000000000000000000 1.00000000000000000000 0.00000000000000000000 281.26382446289062500000
0.00000000000000000000 1.00000000000000000000 1.00000000000000000000 1.00000000000000000000 44.31532669067382812500 1.00000000000000000000 0.00000000000000000000 0.00000000000000000000 1.00000000000000000000 0.00000000000000000000 248.26133728027343750000
0.00000000000000000000 1.00000000000000000000 0.00000000000000000000 1.00000000000000000000 66.44129943847656250000 0.00000000000000000000 1.00000000000000000000 0.00000000000000000000 1.00000000000000000000 0.00000000000000000000 431.28814697265625000000
0.00000000000000000000 1.00000000000000000000 1.00000000000000000000 2.00000000000000000000 50.91420745849609375000 1.00000000000000000000 1.00000000000000000000 2.00000000000000000000 2.00000000000000000000 0.00000000000000000000 1639.58239746093750000000
0.00000000000000000000 1.00000000000000000000 1.00000000000000000000 1.00000000000000000000 64.80680084228515625000 3.00000000000000000000 1.00000000000000000000 2.00000000000000000000 3.00000000000000000000 0.00000000000000000000 269.50381469726562500000
3.00000000000000000000 0.00000000000000000000 0.00000000000000000000 1.00000000000000000000 52.58932113647460937500 0.00000000000000000000 2.00000000000000000000 2.00000000000000000000 1.00000000000000000000 0.00000000000000000000 779.37280273437500000000
1.00000000000000000000 0.00000000000000000000 0.00000000000000000000 0.00000000000000000000 54.45008468627929687500 0.00000000000000000000 0.00000000000000000000 1.00000000000000000000 0.00000000000000000000 1.00000000000000000000 888.77801513671875000000
1.00000000000000000000 1.00000000000000000000 0.00000000000000000000 0.00000000000000000000 53.01438903808593750000 0.00000000000000000000 2.00000000000000000000 0.00000000000000000000 3.00000000000000000000 1.00000000000000000000 1161.62866210937500000000
1.00000000000000000000 1.00000000000000000000 0.00000000000000000000 0.00000000000000000000 66.04072570800781250000 1.00000000000000000000 1.00000000000000000000 0.00000000000000000000 0.00000000000000000000 0.00000000000000000000 662.41503906250000000000
4.00000000000000000000 1.00000000000000000000 0.00000000000000000000 1.00000000000000000000 63.28096389770507812500 0.00000000000000000000 1.00000000000000000000 0.00000000000000000000 2.00000000000000000000 0.00000000000000000000 220.37089538574218750000
5.00000000000000000000 1.00000000000000000000 1.00000000000000000000 1.00000000000000000000 56.87796401977539062500 0.00000000000000000000 1.00000000000000000000 1.00000000000000000000 2.00000000000000000000 1.00000000000000000000 76.24840545654296875000
3.00000000000000000000 1.00000000000000000000 1.00000000000000000000 2.00000000000000000000 63.81088256835937500000 0.00000000000000000000 2.00000000000000000000 0.00000000000000000000 1.00000000000000000000 0.00000000000000000000 372.74838256835937500000
0.00000000000000000000 1.00000000000000000000 0.00000000000000000000 0.00000000000000000000 67.32609558105468750000 2.00000000000000000000 1.00000000000000000000 2.00000000000000000000 1.00000000000000000000 0.00000000000000000000 131.86567687988281250000
0.00000000000000000000 0.00000000000000000000 1.00000000000000000000 1.00000000000000000000 43.01386260986328125000 0.00000000000000000000 0.00000000000000000000 2.00000000000000000000 2.00000000000000000000 0.00000000000000000000 168.17807006835937500000
2.00000000000000000000 1.00000000000000000000 1.00000000000000000000 1.00000000000000000000 69.55982971191406250000 0.00000000000000000000 1.00000000000000000000 1.00000000000000000000 1.00000000000000000000 0.00000000000000000000 33.23893356323242187500
0.00000000000000000000 1.00000000000000000000 1.00000000000000000000 1.00000000000000000000 59.07659530639647726957 0.00000000000000000000 1.00000000000000000000 0.00000000000000000000 2.00000000000000000000 0.00000000000000000000 494.54885864257812500000
4.00000000000000000000 1.00000000000000000000 0.00000000000000000000 0.00000000000000000000 54.15325164794921875000 0.00000000000000000000 2.00000000000000000000 3.00000000000000000000 1.00000000000000000000 1.00000000000000000000 1429.70837402343750000000
3.00000000000000000000 1.00000000000000000000 1.00000000000000000000 2.00000000000000000000 65.95391845703125000000 1.00000000000000000000 0.00000000000000000000 2.00000000000000000000 3.00000000000000000000 1.00000000000000000000 87.44342803955078125000
2.00000000000000000000 1.00000000000000000000 0.00000000000000000000 2.00000000000000000000 65.87038421630859375000 0.00000000000000000000 2.00000000000000000000 2.00000000000000000000 0.00000000000000000000 0.00000000000000000000 194.34674072265625000000
0.00000000000000000000 1.00000000000000000000 1.00000000000000000000 1.00000000000000000000 53.25347137451171875000 0.00000000000000000000 0.00000000000000000000 2.00000000000000000000 0.00000000000000000000 0.00000000000000000000 400.89489746093750000000
2.00000000000000000000 0.00000000000000000000 1.00000000000000000000 1.00000000000000000000 68.34228515625000000000 1.00000000000000000000 1.00000000000000000000 2.00000000000000000000 3.00000000000000000000 1.00000000000000000000 883.43121337890625000000
0.00000000000000000000 1.00000000000000000000 0.00000000000000000000 1.00000000000000000000 36.10211181640625000000 1.00000000000000000000 1.00000000000000000000 2.00000000000000000000 2.00000000000000000000 0.00000000000000000000 423.82211303710937500000
0.00000000000000000000 1.00000000000000000000 0.00000000000000000000 1.00000000000000000000 64.77027130126953125000 0.00000000000000000000 0.00000000000000000000 1.00000000000000000000 2.00000000000000000000 0.00000000000000000000 93.74539184570312500000
5.00000000000000000000 1.00000000000000000000 1.00000000000000000000 0.00000000000000000000 41.83498764038085937500 1.00000000000000000000 2.00000000000000000000 2.00000000000000000000 1.00000000000000000000 0.00000000000000000000 116.69078826904295453915
1.00000000000000000000 1.00000000000000000000 1.00000000000000000000 1.00000000000000000000 76.60781097412109375000 1.00000000000000000000 2.00000000000000000000 0.00000000000000000000 1.00000000000000000000 0.00000000000000000000 312.94097900390625000000
2.00000000000000000000 1.00000000000000000000 0.00000000000000000000 1.00000000000000000000 51.62321472167968750000 0.00000000000000000000 1.00000000000000000000 0.00000000000000000000 1.00000000000000000000 0.00000000000000000000 263.60943603515625000000
4.00000000000000000000 1.00000000000000000000 0.00000000000000000000 1.00000000000000000000 59.69844436645507812500 0.00000000000000000000 2.00000000000000000000 1.00000000000000000000 0.00000000000000000000 1.00000000000000000000 1112.63208007812500000000
3.00000000000000000000 0.00000000000000000000 0.00000000000000000000 1.00000000000000000000 60.66826248168945312500 0.00000000000000000000 0.00000000000000000000 2.00000000000000000000 3.00000000000000000000 0.00000000000000000000 566.28955078125000000000
1.00000000000000000000 0.00000000000000000000 0.00000000000000000000 0.00000000000000000000 59.26677322387695312500 0.00000000000000000000 1.00000000000000000000 0.00000000000000000000 1.00000000000000000000 0.00000000000000000000 181.08728027343750000000
2.00000000000000000000 1.00000000000000000000 0.00000000000000000000 0.00000000000000000000 52.96049118041992187500 0.00000000000000000000 1.00000000000000000000 0.00000000000000000000 3.00000000000000000000 1.00000000000000000000 1278.74560546875000000000
4.00000000000000000000 1.00000000000000000000 0.00000000000000000000 0.00000000000000000000 52.34779739379882812500 0.00000000000000000000 2.00000000000000000000 3.00000000000000000000 1.00000000000000000000 1.00000000000000000000 438.89135742187500000000
2.00000000000000000000 1.00000000000000000000 1.00000000000000000000 0.00000000000000000000 64.99969482421875000000 0.00000000000000000000 1.00000000000000000000 0.00000000000000000000 2.00000000000000000000 1.00000000000000000000 1480.85900878906250000000
0.00000000000000000000 0.00000000000000000000 0.00000000000000000000 1.00000000000000000000 67.32157897949218750000 0.00000000000000000000 2.00000000000000000000 2.00000000000000000000 1.00000000000000000000 0.00000000000000000000 825.85821533203125000000
1.00000000000000000000 0.00000000000000000000 0.00000000000000000000 1.00000000000000000000 52.74980545043945312500 0.00000000000000000000 2.00000000000000000000 2.00000000000000000000 1.00000000000000000000 1.00000000000000000000 677.79132080078125000000
2.00000000000000000000 1.00000000000000000000 0.00000000000000000000 1.00000000000000000000 58.94707489013671875000 0.00000000000000000000 0.00000000000000000000 0.00000000000000000000 1.00000000000000000000 0.00000000000000000000 210.46299743652343750000
0.00000000000000000000 0.00000000000000000000 0.00000000000000000000 0.00000000000000000000 58.56171035766601562500 0.00000000000000000000 2.00000000000000000000 3.00000000000000000000 0.00000000000000000000 0.00000000000000000000 295.79440307617187500000
3.00000000000000000000 1.00000000000000000000 1.00000000000000000000 2.00000000000000000000 65.54693603515625000000 0.00000000000000000000 0.00000000000000000000 0.00000000000000000000 2.00000000000000000000 0.00000000000000000000 401.07598876953130684342
4.00000000000000000000 1.00000000000000000000 1.00000000000000000000 1.00000000000000000000 43.92211532592772726957 0.00000000000000000000 0.00000000000000000000 2.00000000000000000000 1.00000000000000000000 0.00000000000000000000 481.41787719726562500000
5.00000000000000000000 1.00000000000000000000 1.00000000000000000000 2.00000000000000000000 42.32838439941406250000 0.00000000000000000000 1.00000000000000000000 0.00000000000000000000 1.00000000000000000000 0.00000000000000000000 368.72570800781250000000
4.00000000000000000000 0.00000000000000000000 1.00000000000000000000 1.00000000000000000000 55.12529754638671875000 0.00000000000000000000 1.00000000000000000000 0.00000000000000000000 3.00000000000000000000 1.00000000000000000000 1191.46545410156250000000
0.00000000000000000000 1.00000000000000000000 0.00000000000000000000 1.00000000000000000000 78.89509582519531250000 0.00000000000000000000 2.00000000000000000000 0.00000000000000000000 2.00000000000000000000 1.00000000000000000000 820.63769531250000000000
0.00000000000000000000 0.00000000000000000000 1.00000000000000000000 0.00000000000000000000 55.81634140014647726957 0.00000000000000000000 1.00000000000000000000 0.00000000000000000000 1.00000000000000000000 0.00000000000000000000 563.28283691406250000000
2.00000000000000000000 1.00000000000000000000 0.00000000000000000000 1.00000000000000000000 81.88940429687500000000 1.00000000000000000000 2.00000000000000000000 0.00000000000000000000 1.00000000000000000000 0.00000000000000000000 701.49499511718750000000
0.00000000000000000000 1.00000000000000000000 0.00000000000000000000 1.00000000000000000000 61.15712738037108664457 1.00000000000000000000 1.00000000000000000000 2.00000000000000000000 1.00000000000000000000 0.00000000000000000000 157.45495605468750000000
0.00000000000000000000 0.00000000000000000000 1.00000000000000000000 1.00000000000000000000 67.63028717041015625000 1.00000000000000000000 0.00000000000000000000 1.00000000000000000000 1.00000000000000000000 0.00000000000000000000 462.53411865234375000000
1.00000000000000000000 1.00000000000000000000 1.00000000000000000000 0.00000000000000000000 64.73484802246093750000 0.00000000000000000000 1.00000000000000000000 1.00000000000000000000 3.00000000000000000000 1.00000000000000000000 1511.16223144531250000000
0.00000000000000000000 1.00000000000000000000 0.00000000000000000000 0.00000000000000000000 60.32910919189453125000 2.00000000000000000000 0.00000000000000000000 0.00000000000000000000 1.00000000000000000000 0.00000000000000000000 184.87760925292968750000
3.00000000000000000000 1.00000000000000000000 1.00000000000000000000 1.00000000000000000000 53.60514068603516335543 0.00000000000000000000 2.00000000000000000000 1.00000000000000000000 1.00000000000000000000 0.00000000000000000000 450.25003051757812500000
0.00000000000000000000 0.00000000000000000000 0.00000000000000000000 1.00000000000000000000 60.60770416259765625000 1.00000000000000000000 0.00000000000000000000 2.00000000000000000000 2.00000000000000000000 0.00000000000000000000 429.16036987304687500000
0.00000000000000000000 1.00000000000000000000 0.00000000000000000000 0.00000000000000000000 54.52336502075195312500 1.00000000000000000000 0.00000000000000000000 0.00000000000000000000 1.00000000000000000000 0.00000000000000000000 697.32690429687500000000
2.00000000000000000000 0.00000000000000000000 0.00000000000000000000 0.00000000000000000000 57.29233551025391335543 0.00000000000000000000 2.00000000000000000000 0.00000000000000000000 1.00000000000000000000 1.00000000000000000000 535.66290283203125000000
5.00000000000000000000 1.00000000000000000000 0.00000000000000000000 0.00000000000000000000 57.19305038452149148043 0.00000000000000000000 0.00000000000000000000 0.00000000000000000000 3.00000000000000000000 0.00000000000000000000 675.10412597656250000000
4.00000000000000000000 1.00000000000000000000 1.00000000000000000000 0.00000000000000000000 68.12981414794921875000 0.00000000000000000000 2.00000000000000000000 0.00000000000000000000 1.00000000000000000000 0.00000000000000000000 529.58502197265625000000
2.00000000000000000000 1.00000000000000000000 0.00000000000000000000 0.00000000000000000000 71.41461181640625000000 0.00000000000000000000 1.00000000000000000000 1.00000000000000000000 1.00000000000000000000 1.00000000000000000000 989.50018310546875000000
5.00000000000000000000 1.00000000000000000000 0.00000000000000000000 2.00000000000000000000 68.64203643798828125000 1.00000000000000000000 0.00000000000000000000 2.00000000000000000000 1.00000000000000000000 0.00000000000000000000 132.59980773925781250000
4.00000000000000000000 1.00000000000000000000 1.00000000000000000000 1.00000000000000000000 77.56282043457031250000 1.00000000000000000000 0.00000000000000000000 0.00000000000000000000 2.00000000000000000000 0.00000000000000000000 426.24789428710937500000
4.00000000000000000000 1.00000000000000000000 0.00000000000000000000 0.00000000000000000000 67.01156616210937500000 0.00000000000000000000 1.00000000000000000000 1.00000000000000000000 1.00000000000000000000 1.00000000000000000000 752.98126220703125000000
0.00000000000000000000 0.00000000000000000000 1.00000000000000000000 1.00000000000000000000 39.46778488159179687500 0.00000000000000000000 2.00000000000000000000 0.00000000000000000000 3.00000000000000000000 0.00000000000000000000 268.67169189453125000000
0.00000000000000000000 1.00000000000000000000 1.00000000000000000000 0.00000000000000000000 65.99285125732421875000 0.00000000000000000000 2.00000000000000000000 0.00000000000000000000 1.00000000000000000000 0.00000000000000000000 504.58944702148437500000
3.00000000000000000000 0.00000000000000000000 0.00000000000000000000 0.00000000000000000000 54.58137512207031250000 0.00000000000000000000 0.00000000000000000000 0.00000000000000000000 0.00000000000000000000 1.00000000000000000000 1116.59790039062500000000
1.00000000000000000000 1.00000000000000000000 1.00000000000000000000 1.00000000000000000000 57.08784484863281250000 0.00000000000000000000 1.00000000000000000000 0.00000000000000000000 3.00000000000000000000 0.00000000000000000000 464.26675415039062500000
1.00000000000000000000 1.00000000000000000000 0.00000000000000000000 1.00000000000000000000 41.20198440551757812500 0.00000000000000000000 0.00000000000000000000 1.00000000000000000000 1.00000000000000000000 0.00000000000000000000 768.64007568359375000000
5.00000000000000000000 1.00000000000000000000 1.00000000000000000000 0.00000000000000000000 62.91042327880859375000 1.00000000000000000000 1.00000000000000000000 1.00000000000000000000 3.00000000000000000000 0.00000000000000000000 713.01696777343750000000
0.00000000000000000000 1.00000000000000000000 0.00000000000000000000 1.00000000000000000000 78.41582489013671875000 0.00000000000000000000 2.00000000000000000000 2.00000000000000000000 2.00000000000000000000 1.00000000000000000000 830.39611816406250000000
2.00000000000000000000 1.00000000000000000000 1.00000000000000000000 2.00000000000000000000 61.17530441284179687500 1.00000000000000000000 2.00000000000000000000 3.00000000000000000000 3.00000000000000000000 0.00000000000000000000 60.56607818603516335543
1.00000000000000000000 1.00000000000000000000 1.00000000000000000000 1.00000000000000000000 45.58393096923828125000 1.00000000000000000000 2.00000000000000000000 3.00000000000000000000 1.00000000000000000000 0.00000000000000000000 47.71063613891601562500
5.00000000000000000000 1.00000000000000000000 0.00000000000000000000 1.00000000000000000000 39.80704498291016335543 1.00000000000000000000 1.00000000000000000000 2.00000000000000000000 1.00000000000000000000 0.00000000000000000000 139.54951477050781250000
4.00000000000000000000 0.00000000000000000000 1.00000000000000000000 2.00000000000000000000 62.26700210571289062500 0.00000000000000000000 1.00000000000000000000 0.00000000000000000000 1.00000000000000000000 1.00000000000000000000 1582.94726562500000000000
0.00000000000000000000 1.00000000000000000000 1.00000000000000000000 1.00000000000000000000 51.93889617919921875000 0.00000000000000000000 2.00000000000000000000 0.00000000000000000000 2.00000000000000000000 0.00000000000000000000 302.71212768554687500000
4.00000000000000000000 1.00000000000000000000 1.00000000000000000000 2.00000000000000000000 38.81608963012695312500 0.00000000000000000000 2.00000000000000000000 2.00000000000000000000 2.00000000000000000000 0.00000000000000000000 217.98760986328125000000
1.00000000000000000000 1.00000000000000000000 1.00000000000000000000 1.00000000000000000000 36.04394531250000000000 0.00000000000000000000 2.00000000000000000000 2.00000000000000000000 1.00000000000000000000 1.00000000000000000000 84.33215332031250000000
3.00000000000000000000 1.00000000000000000000 0.00000000000000000000 1.00000000000000000000 60.11907958984375000000 0.00000000000000000000 1.00000000000000000000 2.00000000000000000000 1.00000000000000000000 0.00000000000000000000 503.13369750976562500000
1.00000000000000000000 0.00000000000000000000 0.00000000000000000000 2.00000000000000000000 66.18526458740234375000 0.00000000000000000000 1.00000000000000000000 0.00000000000000000000 3.00000000000000000000 0.00000000000000000000 800.62316894531250000000
0.00000000000000000000 1.00000000000000000000 1.00000000000000000000 1.00000000000000000000 66.89422607421875000000 2.00000000000000000000 1.00000000000000000000 2.00000000000000000000 1.00000000000000000000 0.00000000000000000000 222.17095947265625000000
4.00000000000000000000 1.00000000000000000000 1.00000000000000000000 2.00000000000000000000 59.40249633789063210543 0.00000000000000000000 2.00000000000000000000 0.00000000000000000000 1.00000000000000000000 1.00000000000000000000 797.81628417968750000000
5.00000000000000000000 1.00000000000000000000 1.00000000000000000000 0.00000000000000000000 45.02380752563476562500 0.00000000000000000000 0.00000000000000000000 2.00000000000000000000 1.00000000000000000000 0.00000000000000000000 203.22547912597656250000
2.00000000000000000000 1.00000000000000000000 0.00000000000000000000 0.00000000000000000000 54.32211685180664062500 0.00000000000000000000 2.00000000000000000000 2.00000000000000000000 0.00000000000000000000 0.00000000000000000000 792.78326416015625000000
4.00000000000000000000 1.00000000000000000000 0.00000000000000000000 1.00000000000000000000 60.28883743286132812500 0.00000000000000000000 2.00000000000000000000 0.00000000000000000000 1.00000000000000000000 0.00000000000000000000 1691.11218261718750000000
4.00000000000000000000 0.00000000000000000000 1.00000000000000000000 2.00000000000000000000 62.14331436157226562500 0.00000000000000000000 0.00000000000000000000 0.00000000000000000000 2.00000000000000000000 1.00000000000000000000 1531.61206054687500000000
1.00000000000000000000 1.00000000000000000000 1.00000000000000000000 1.00000000000000000000 76.57915496826171875000 1.00000000000000000000 2.00000000000000000000 2.00000000000000000000 0.00000000000000000000 0.00000000000000000000 662.47479248046875000000
0.00000000000000000000 0.00000000000000000000 0.00000000000000000000 0.00000000000000000000 51.41884613037108664457 0.00000000000000000000 2.00000000000000000000 2.00000000000000000000 3.00000000000000000000 0.00000000000000000000 396.85858154296880684342
1.00000000000000000000 0.00000000000000000000 1.00000000000000000000 2.00000000000000000000 46.87135314941406250000 0.00000000000000000000 0.00000000000000000000 2.00000000000000000000 1.00000000000000000000 1.00000000000000000000 1427.81640625000000000000
3.00000000000000000000 0.00000000000000000000 0.00000000000000000000 1.00000000000000000000 65.29215240478515625000 0.00000000000000000000 2.00000000000000000000 2.00000000000000000000 1.00000000000000000000 0.00000000000000000000 528.33251953125000000000
5.00000000000000000000 1.00000000000000000000 0.00000000000000000000 1.00000000000000000000 59.71486663818360085543 1.00000000000000000000 2.00000000000000000000 2.00000000000000000000 1.00000000000000000000 0.00000000000000000000 139.72912597656250000000
0.00000000000000000000 1.00000000000000000000 1.00000000000000000000 2.00000000000000000000 58.82067489624024148043 2.00000000000000000000 0.00000000000000000000 1.00000000000000000000 2.00000000000000000000 0.00000000000000000000 5.28248310089111328125
4.00000000000000000000 1.00000000000000000000 0.00000000000000000000 2.00000000000000000000 82.38433074951171875000 0.00000000000000000000 0.00000000000000000000 0.00000000000000000000 1.00000000000000000000 0.00000000000000000000 548.70642089843750000000
4.00000000000000000000 1.00000000000000000000 1.00000000000000000000 0.00000000000000000000 50.97421264648437500000 0.00000000000000000000 1.00000000000000000000 0.00000000000000000000 3.00000000000000000000 0.00000000000000000000 264.86642456054687500000
4.00000000000000000000 1.00000000000000000000 1.00000000000000000000 2.00000000000000000000 58.90564346313476562500 0.00000000000000000000 2.00000000000000000000 0.00000000000000000000 1.00000000000000000000 1.00000000000000000000 697.02087402343750000000
4.00000000000000000000 1.00000000000000000000 1.00000000000000000000 1.00000000000000000000 45.08956909179688210543 0.00000000000000000000 0.00000000000000000000 1.00000000000000000000 1.00000000000000000000 0.00000000000000000000 815.57415771484375000000
0.00000000000000000000 0.00000000000000000000 0.00000000000000000000 0.00000000000000000000 82.56945037841796875000 0.00000000000000000000 1.00000000000000000000 3.00000000000000000000 3.00000000000000000000 1.00000000000000000000 1517.89147949218750000000
4.00000000000000000000 0.00000000000000000000 0.00000000000000000000 1.00000000000000000000 60.99355697631835937500 0.00000000000000000000 1.00000000000000000000 3.00000000000000000000 3.00000000000000000000 1.00000000000000000000 1350.51306152343750000000
1.00000000000000000000 1.00000000000000000000 1.00000000000000000000 1.00000000000000000000 72.53647613525390625000 1.00000000000000000000 2.00000000000000000000 0.00000000000000000000 0.00000000000000000000 1.00000000000000000000 1696.91198730468750000000
1.00000000000000000000 1.00000000000000000000 0.00000000000000000000 1.00000000000000000000 58.96719741821289062500 0.00000000000000000000 2.00000000000000000000 0.00000000000000000000 0.00000000000000000000 1.00000000000000000000 649.73138427734375000000
3.00000000000000000000 1.00000000000000000000 1.00000000000000000000 0.00000000000000000000 66.79523468017578125000 0.00000000000000000000 1.00000000000000000000 1.00000000000000000000 1.00000000000000000000 0.00000000000000000000 605.93585205078125000000
4.00000000000000000000 1.00000000000000000000 1.00000000000000000000 1.00000000000000000000 57.16237640380859375000 0.00000000000000000000 0.00000000000000000000 1.00000000000000000000 3.00000000000000000000 0.00000000000000000000 1436.00085449218750000000
4.00000000000000000000 1.00000000000000000000 0.00000000000000000000 2.00000000000000000000 39.54843521118164062500 0.00000000000000000000 2.00000000000000000000 0.00000000000000000000 1.00000000000000000000 0.00000000000000000000 348.76055908203125000000
4.00000000000000000000 1.00000000000000000000 1.00000000000000000000 1.00000000000000000000 46.28637313842772726957 0.00000000000000000000 2.00000000000000000000 3.00000000000000000000 1.00000000000000000000 0.00000000000000000000 187.83770751953125000000
0.00000000000000000000 1.00000000000000000000 1.00000000000000000000 1.00000000000000000000 54.86068725585937500000 2.00000000000000000000 0.00000000000000000000 0.00000000000000000000 3.00000000000000000000 0.00000000000000000000 103.88579559326171875000
1.00000000000000000000 1.00000000000000000000 0.00000000000000000000 1.00000000000000000000 66.63365936279296875000 0.00000000000000000000 0.00000000000000000000 2.00000000000000000000 3.00000000000000000000 0.00000000000000000000 849.32623291015625000000
1.00000000000000000000 1.00000000000000000000 0.00000000000000000000 0.00000000000000000000 57.44681549072265625000 0.00000000000000000000 2.00000000000000000000 0.00000000000000000000 0.00000000000000000000 0.00000000000000000000 489.77389526367187500000
0.00000000000000000000 0.00000000000000000000 1.00000000000000000000 0.00000000000000000000 49.76488876342772726957 1.00000000000000000000 1.00000000000000000000 3.00000000000000000000 2.00000000000000000000 0.00000000000000000000 136.55891418457031250000
0.00000000000000000000 1.00000000000000000000 1.00000000000000000000 1.00000000000000000000 82.43929290771484375000 0.00000000000000000000 1.00000000000000000000 0.00000000000000000000 2.00000000000000000000 0.00000000000000000000 1027.82922363281250000000
4.00000000000000000000 1.00000000000000000000 1.00000000000000000000 0.00000000000000000000 61.03182983398437500000 0.00000000000000000000 1.00000000000000000000 0.00000000000000000000 1.00000000000000000000 0.00000000000000000000 334.58160400390625000000
4.00000000000000000000 0.00000000000000000000 0.00000000000000000000 2.00000000000000000000 59.11442184448242187500 0.00000000000000000000 1.00000000000000000000 0.00000000000000000000 0.00000000000000000000 0.00000000000000000000 1392.19519042968750000000
3.00000000000000000000 0.00000000000000000000 1.00000000000000000000 2.00000000000000000000 45.50059890747070312500 1.00000000000000000000 2.00000000000000000000 1.00000000000000000000 3.00000000000000000000 1.00000000000000000000 1017.51928710937500000000
4.00000000000000000000 1.00000000000000000000 0.00000000000000000000 2.00000000000000000000 66.66491699218750000000 0.00000000000000000000 2.00000000000000000000 0.00000000000000000000 1.00000000000000000000 0.00000000000000000000 427.37863159179687500000
5.00000000000000000000 1.00000000000000000000 1.00000000000000000000 1.00000000000000000000 71.85707855224609375000 1.00000000000000000000 1.00000000000000000000 1.00000000000000000000 1.00000000000000000000 0.00000000000000000000 230.03475952148440342171
0.00000000000000000000 1.00000000000000000000 0.00000000000000000000 0.00000000000000000000 83.30461120605468750000 1.00000000000000000000 0.00000000000000000000 0.00000000000000000000 3.00000000000000000000 0.00000000000000000000 717.72448730468750000000
0.00000000000000000000 1.00000000000000000000 0.00000000000000000000 2.00000000000000000000 38.28833007812500000000 1.00000000000000000000 1.00000000000000000000 0.00000000000000000000 3.00000000000000000000 0.00000000000000000000 334.51031494140625000000
2.00000000000000000000 1.00000000000000000000 0.00000000000000000000 0.00000000000000000000 51.73696899414063210543 1.00000000000000000000 0.00000000000000000000 0.00000000000000000000 2.00000000000000000000 0.00000000000000000000 263.03018188476562500000
4.00000000000000000000 1.00000000000000000000 1.00000000000000000000 2.00000000000000000000 44.55420303344727273043 0.00000000000000000000 2.00000000000000000000 0.00000000000000000000 2.00000000000000000000 1.00000000000000000000 1101.43530273437500000000
5.00000000000000000000 0.00000000000000000000 1.00000000000000000000 1.00000000000000000000 45.64703369140625000000 1.00000000000000000000 2.00000000000000000000 0.00000000000000000000 3.00000000000000000000 0.00000000000000000000 227.42971801757806815658
0.00000000000000000000 1.00000000000000000000 1.00000000000000000000 1.00000000000000000000 61.06919097900391335543 0.00000000000000000000 1.00000000000000000000 0.00000000000000000000 3.00000000000000000000 0.00000000000000000000 366.94024658203130684342
2.00000000000000000000 1.00000000000000000000 1.00000000000000000000 1.00000000000000000000 54.86347961425781250000 1.00000000000000000000 0.00000000000000000000 2.00000000000000000000 2.00000000000000000000 0.00000000000000000000 191.97300720214843750000
0.00000000000000000000 0.00000000000000000000 0.00000000000000000000 1.00000000000000000000 42.26787948608398437500 0.00000000000000000000 0.00000000000000000000 2.00000000000000000000 1.00000000000000000000 0.00000000000000000000 831.99560546875000000000
3.00000000000000000000 1.00000000000000000000 0.00000000000000000000 0.00000000000000000000 70.06742858886718750000 3.00000000000000000000 0.00000000000000000000 3.00000000000000000000 2.00000000000000000000 0.00000000000000000000 405.99945068359375000000
3.00000000000000000000 1.00000000000000000000 1.00000000000000000000 0.00000000000000000000 53.19300842285156250000 1.00000000000000000000 0.00000000000000000000 0.00000000000000000000 1.00000000000000000000 0.00000000000000000000 308.84613037109369315658
0.00000000000000000000 1.00000000000000000000 1.00000000000000000000 1.00000000000000000000 64.88807678222656250000 3.00000000000000000000 2.00000000000000000000 0.00000000000000000000 1.00000000000000000000 0.00000000000000000000 485.19555664062500000000
4.00000000000000000000 0.00000000000000000000 0.00000000000000000000 1.00000000000000000000 47.71888732910156250000 0.00000000000000000000 0.00000000000000000000 1.00000000000000000000 3.00000000000000000000 1.00000000000000000000 1476.40759277343750000000
0.00000000000000000000 1.00000000000000000000 0.00000000000000000000 0.00000000000000000000 77.60176849365234375000 0.00000000000000000000 2.00000000000000000000 0.00000000000000000000 0.00000000000000000000 0.00000000000000000000 387.87191772460937500000
4.00000000000000000000 0.00000000000000000000 0.00000000000000000000 1.00000000000000000000 65.73226928710937500000 0.00000000000000000000 1.00000000000000000000 2.00000000000000000000 1.00000000000000000000 1.00000000000000000000 665.76593017578125000000
0.00000000000000000000 1.00000000000000000000 0.00000000000000000000 1.00000000000000000000 48.53881072998046875000 0.00000000000000000000 0.00000000000000000000 1.00000000000000000000 1.00000000000000000000 1.00000000000000000000 622.71600341796875000000
3.00000000000000000000 1.00000000000000000000 0.00000000000000000000 0.00000000000000000000 52.98120498657226562500 2.00000000000000000000 1.00000000000000000000 2.00000000000000000000 1.00000000000000000000 0.00000000000000000000 482.74203491210937500000
5.00000000000000000000 0.00000000000000000000 1.00000000000000000000 1.00000000000000000000 68.29236602783203125000 1.00000000000000000000 1.00000000000000000000 1.00000000000000000000 1.00000000000000000000 1.00000000000000000000 128.89253234863281250000
1.00000000000000000000 1.00000000000000000000 1.00000000000000000000 1.00000000000000000000 43.67785263061523437500 1.00000000000000000000 1.00000000000000000000 2.00000000000000000000 1.00000000000000000000 0.00000000000000000000 142.53060913085937500000
5.00000000000000000000 1.00000000000000000000 1.00000000000000000000 1.00000000000000000000 59.65488052368164062500 2.00000000000000000000 1.00000000000000000000 2.00000000000000000000 2.00000000000000000000 0.00000000000000000000 137.47682189941406250000
0.00000000000000000000 1.00000000000000000000 1.00000000000000000000 1.00000000000000000000 43.05324935913085937500 0.00000000000000000000 0.00000000000000000000 0.00000000000000000000 0.00000000000000000000 0.00000000000000000000 283.51367187500000000000
0.00000000000000000000 1.00000000000000000000 1.00000000000000000000 1.00000000000000000000 47.44642257690429687500 0.00000000000000000000 0.00000000000000000000 0.00000000000000000000 2.00000000000000000000 0.00000000000000000000 450.72976684570312500000
3.00000000000000000000 1.00000000000000000000 1.00000000000000000000 1.00000000000000000000 66.23084259033203125000 1.00000000000000000000 2.00000000000000000000 3.00000000000000000000 3.00000000000000000000 0.00000000000000000000 -12.71472930908203125000
4.00000000000000000000 1.00000000000000000000 1.00000000000000000000 1.00000000000000000000 66.32914733886718750000 0.00000000000000000000 0.00000000000000000000 2.00000000000000000000 3.00000000000000000000 1.00000000000000000000 821.07037353515625000000
0.00000000000000000000 0.00000000000000000000 1.00000000000000000000 1.00000000000000000000 42.99118423461914062500 0.00000000000000000000 0.00000000000000000000 1.00000000000000000000 1.00000000000000000000 1.00000000000000000000 548.67559814453125000000
3.00000000000000000000 0.00000000000000000000 0.00000000000000000000 2.00000000000000000000 51.44200134277343750000 0.00000000000000000000 2.00000000000000000000 0.00000000000000000000 0.00000000000000000000 0.00000000000000000000 797.29858398437500000000
4.00000000000000000000 1.00000000000000000000 0.00000000000000000000 0.00000000000000000000 57.35974121093750000000 0.00000000000000000000 1.00000000000000000000 1.00000000000000000000 3.00000000000000000000 0.00000000000000000000 1471.17712402343750000000
0.00000000000000000000 1.00000000000000000000 0.00000000000000000000 1.00000000000000000000 77.77712249755859375000 0.00000000000000000000 0.00000000000000000000 2.00000000000000000000 3.00000000000000000000 0.00000000000000000000 786.21203613281250000000
2.00000000000000000000 0.00000000000000000000 1.00000000000000000000 2.00000000000000000000 78.95063018798828125000 0.00000000000000000000 2.00000000000000000000 0.00000000000000000000 1.00000000000000000000 0.00000000000000000000 168.85783386230468750000
5.00000000000000000000 1.00000000000000000000 0.00000000000000000000 1.00000000000000000000 80.37588500976562500000 4.00000000000000000000 1.00000000000000000000 2.00000000000000000000 1.00000000000000000000 0.00000000000000000000 55.85739135742188210543
0.00000000000000000000 1.00000000000000000000 0.00000000000000000000 0.00000000000000000000 60.04691696166992187500 0.00000000000000000000 2.00000000000000000000 0.00000000000000000000 2.00000000000000000000 1.00000000000000000000 355.24679565429687500000
2.00000000000000000000 0.00000000000000000000 0.00000000000000000000 1.00000000000000000000 43.14233016967772726957 1.00000000000000000000 1.00000000000000000000 1.00000000000000000000 1.00000000000000000000 0.00000000000000000000 295.52951049804687500000
3.00000000000000000000 1.00000000000000000000 1.00000000000000000000 1.00000000000000000000 65.54039001464843750000 0.00000000000000000000 2.00000000000000000000 2.00000000000000000000 3.00000000000000000000 0.00000000000000000000 727.83496093750000000000
5.00000000000000000000 0.00000000000000000000 0.00000000000000000000 1.00000000000000000000 59.25878524780273437500 1.00000000000000000000 1.00000000000000000000 3.00000000000000000000 1.00000000000000000000 0.00000000000000000000 272.87011718750000000000
4.00000000000000000000 0.00000000000000000000 0.00000000000000000000 1.00000000000000000000 58.17516708374024148043 0.00000000000000000000 2.00000000000000000000 0.00000000000000000000 2.00000000000000000000 1.00000000000000000000 1468.24841308593750000000
5.00000000000000000000 1.00000000000000000000 0.00000000000000000000 1.00000000000000000000 59.98360824584960937500 1.00000000000000000000 0.00000000000000000000 0.00000000000000000000 0.00000000000000000000 0.00000000000000000000 220.52865600585934657829
0.00000000000000000000 1.00000000000000000000 1.00000000000000000000 1.00000000000000000000 55.45944213867188210543 0.00000000000000000000 1.00000000000000000000 2.00000000000000000000 0.00000000000000000000 1.00000000000000000000 826.88427734375000000000
3.00000000000000000000 1.00000000000000000000 0.00000000000000000000 1.00000000000000000000 53.91889572143554687500 0.00000000000000000000 2.00000000000000000000 2.00000000000000000000 1.00000000000000000000 0.00000000000000000000 301.74148559570312500000
0.00000000000000000000 1.00000000000000000000 1.00000000000000000000 1.00000000000000000000 53.97645950317382812500 0.00000000000000000000 1.00000000000000000000 1.00000000000000000000 2.00000000000000000000 1.00000000000000000000 569.21777343750000000000
0.00000000000000000000 0.00000000000000000000 1.00000000000000000000 2.00000000000000000000 60.78495788574218750000 0.00000000000000000000 1.00000000000000000000 0.00000000000000000000 3.00000000000000000000 0.00000000000000000000 263.68164062500000000000
4.00000000000000000000 0.00000000000000000000 1.00000000000000000000 2.00000000000000000000 40.57027816772460937500 0.00000000000000000000 1.00000000000000000000 2.00000000000000000000 1.00000000000000000000 1.00000000000000000000 566.66522216796875000000
3.00000000000000000000 1.00000000000000000000 1.00000000000000000000 2.00000000000000000000 59.87910079956054687500 3.00000000000000000000 2.00000000000000000000 0.00000000000000000000 0.00000000000000000000 0.00000000000000000000 491.60363769531250000000
2.00000000000000000000 1.00000000000000000000 0.00000000000000000000 0.00000000000000000000 44.62673187255859375000 0.00000000000000000000 1.00000000000000000000 2.00000000000000000000 1.00000000000000000000 0.00000000000000000000 199.51475524902343750000
1.00000000000000000000 1.00000000000000000000 0.00000000000000000000 1.00000000000000000000 59.05339431762695312500 0.00000000000000000000 2.00000000000000000000 0.00000000000000000000 1.00000000000000000000 1.00000000000000000000 408.70306396484375000000
1.00000000000000000000 1.00000000000000000000 1.00000000000000000000 1.00000000000000000000 61.24261093139647726957 0.00000000000000000000 1.00000000000000000000 2.00000000000000000000 1.00000000000000000000 0.00000000000000000000 1062.18493652343750000000
2.00000000000000000000 1.00000000000000000000 0.00000000000000000000 1.00000000000000000000 82.12206268310546875000 0.00000000000000000000 0.00000000000000000000 0.00000000000000000000 1.00000000000000000000 0.00000000000000000000 310.21624755859369315658
4.00000000000000000000 1.00000000000000000000 1.00000000000000000000 1.00000000000000000000 80.08326721191406250000 1.00000000000000000000 0.00000000000000000000 3.00000000000000000000 1.00000000000000000000 0.00000000000000000000 85.81946563720703125000
0.00000000000000000000 0.00000000000000000000 0.00000000000000000000 0.00000000000000000000 51.06238555908203125000 0.00000000000000000000 0.00000000000000000000 2.00000000000000000000 1.00000000000000000000 1.00000000000000000000 779.07556152343750000000
5.00000000000000000000 1.00000000000000000000 1.00000000000000000000 0.00000000000000000000 56.74483489990233664457 0.00000000000000000000 0.00000000000000000000 0.00000000000000000000 1.00000000000000000000 0.00000000000000000000 538.56457519531250000000
0.00000000000000000000 1.00000000000000000000 1.00000000000000000000 0.00000000000000000000 77.92671966552734375000 0.00000000000000000000 0.00000000000000000000 0.00000000000000000000 0.00000000000000000000 0.00000000000000000000 281.48413085937500000000
0.00000000000000000000 1.00000000000000000000 1.00000000000000000000 1.00000000000000000000 73.52886962890625000000 0.00000000000000000000 2.00000000000000000000 0.00000000000000000000 1.00000000000000000000 0.00000000000000000000 228.13941955566409092171
1.00000000000000000000 1.00000000000000000000 0.00000000000000000000 1.00000000000000000000 47.92989730834960937500 1.00000000000000000000 1.00000000000000000000 1.00000000000000000000 1.00000000000000000000 1.00000000000000000000 1189.02136230468750000000
4.00000000000000000000 0.00000000000000000000 1.00000000000000000000 1.00000000000000000000 75.42323303222656250000 1.00000000000000000000 0.00000000000000000000 0.00000000000000000000 2.00000000000000000000 0.00000000000000000000 666.33410644531250000000
3.00000000000000000000 0.00000000000000000000 1.00000000000000000000 1.00000000000000000000 67.62555694580078125000 0.00000000000000000000 0.00000000000000000000 2.00000000000000000000 1.00000000000000000000 1.00000000000000000000 607.11511230468750000000
5.00000000000000000000 1.00000000000000000000 0.00000000000000000000 1.00000000000000000000 58.15312957763671875000 4.00000000000000000000 2.00000000000000000000 2.00000000000000000000 1.00000000000000000000 0.00000000000000000000 157.72500610351562500000
1.00000000000000000000 1.00000000000000000000 0.00000000000000000000 1.00000000000000000000 44.17426681518554687500 0.00000000000000000000 1.00000000000000000000 1.00000000000000000000 1.00000000000000000000 0.00000000000000000000 654.32702636718750000000
3.00000000000000000000 1.00000000000000000000 0.00000000000000000000 0.00000000000000000000 48.17074584960937500000 0.00000000000000000000 2.00000000000000000000 0.00000000000000000000 1.00000000000000000000 0.00000000000000000000 177.87220764160156250000
5.00000000000000000000 1.00000000000000000000 1.00000000000000000000 1.00000000000000000000 45.95043563842772726957 0.00000000000000000000 0.00000000000000000000 2.00000000000000000000 3.00000000000000000000 0.00000000000000000000 111.69183349609376421085
4.00000000000000000000 1.00000000000000000000 1.00000000000000000000 1.00000000000000000000 61.00899887084960937500 0.00000000000000000000 0.00000000000000000000 0.00000000000000000000 2.00000000000000000000 1.00000000000000000000 1274.06372070312500000000
0.00000000000000000000 0.00000000000000000000 1.00000000000000000000 1.00000000000000000000 74.88642883300781250000 0.00000000000000000000 2.00000000000000000000 0.00000000000000000000 1.00000000000000000000 0.00000000000000000000 1170.90051269531250000000
4.00000000000000000000 1.00000000000000000000 0.00000000000000000000 1.00000000000000000000 66.77690124511718750000 0.00000000000000000000 2.00000000000000000000 0.00000000000000000000 0.00000000000000000000 0.00000000000000000000 64.77732849121093750000
1.00000000000000000000 1.00000000000000000000 0.00000000000000000000 1.00000000000000000000 68.56385803222656250000 4.00000000000000000000 0.00000000000000000000 2.00000000000000000000 2.00000000000000000000 1.00000000000000000000 374.30227661132812500000
5.00000000000000000000 0.00000000000000000000 0.00000000000000000000 0.00000000000000000000 52.69072341918945312500 0.00000000000000000000 2.00000000000000000000 2.00000000000000000000 1.00000000000000000000 0.00000000000000000000 272.79931640625000000000
1.00000000000000000000 1.00000000000000000000 1.00000000000000000000 2.00000000000000000000 77.90576171875000000000 2.00000000000000000000 2.00000000000000000000 2.00000000000000000000 1.00000000000000000000 0.00000000000000000000 149.61283874511718750000
4.00000000000000000000 1.00000000000000000000 0.00000000000000000000 1.00000000000000000000 83.79595947265625000000 0.00000000000000000000 1.00000000000000000000 1.00000000000000000000 1.00000000000000000000 0.00000000000000000000 705.04577636718750000000
4.00000000000000000000 0.00000000000000000000 1.00000000000000000000 1.00000000000000000000 67.86830139160156250000 0.00000000000000000000 1.00000000000000000000 1.00000000000000000000 1.00000000000000000000 0.00000000000000000000 743.86242675781250000000
4.00000000000000000000 1.00000000000000000000 0.00000000000000000000 0.00000000000000000000 55.88451004028320312500 1.00000000000000000000 0.00000000000000000000 3.00000000000000000000 1.00000000000000000000 0.00000000000000000000 281.09796142578125000000
2.00000000000000000000 1.00000000000000000000 1.00000000000000000000 0.00000000000000000000 61.78629302978516335543 1.00000000000000000000 0.00000000000000000000 2.00000000000000000000 3.00000000000000000000 0.00000000000000000000 307.05331420898437500000
2.00000000000000000000 1.00000000000000000000 1.00000000000000000000 1.00000000000000000000 36.46733093261718750000 1.00000000000000000000 0.00000000000000000000 1.00000000000000000000 3.00000000000000000000 0.00000000000000000000 169.61489868164062500000
2.00000000000000000000 1.00000000000000000000 1.00000000000000000000 0.00000000000000000000 54.49118804931640625000 0.00000000000000000000 2.00000000000000000000 0.00000000000000000000 1.00000000000000000000 0.00000000000000000000 249.21415710449218750000
0.00000000000000000000 1.00000000000000000000 1.00000000000000000000 1.00000000000000000000 73.91632843017578125000 1.00000000000000000000 0.00000000000000000000 3.00000000000000000000 3.00000000000000000000 0.00000000000000000000 64.88593292236328125000
5.00000000000000000000 1.00000000000000000000 0.00000000000000000000 1.00000000000000000000 74.97368621826171875000 0.00000000000000000000 2.00000000000000000000 0.00000000000000000000 1.00000000000000000000 0.00000000000000000000 249.78219604492187500000
1.00000000000000000000 1.00000000000000000000 0.00000000000000000000 1.00000000000000000000 48.28135681152343750000 0.00000000000000000000 0.00000000000000000000 2.00000000000000000000 1.00000000000000000000 0.00000000000000000000 530.50421142578125000000
0.00000000000000000000 1.00000000000000000000 1.00000000000000000000 1.00000000000000000000 66.44566345214843750000 0.00000000000000000000 1.00000000000000000000 0.00000000000000000000 1.00000000000000000000 0.00000000000000000000 281.63696289062500000000
2.00000000000000000000 0.00000000000000000000 1.00000000000000000000 0.00000000000000000000 66.85493469238281250000 0.00000000000000000000 1.00000000000000000000 0.00000000000000000000 3.00000000000000000000 1.00000000000000000000 1010.20422363281238631316
3.00000000000000000000 0.00000000000000000000 1.00000000000000000000 1.00000000000000000000 66.08598327636718750000 0.00000000000000000000 0.00000000000000000000 3.00000000000000000000 0.00000000000000000000 1.00000000000000000000 1170.65087890625000000000
1.00000000000000000000 1.00000000000000000000 1.00000000000000000000 1.00000000000000000000 53.69288253784179687500 0.00000000000000000000 2.00000000000000000000 0.00000000000000000000 3.00000000000000000000 0.00000000000000000000 1170.63635253906250000000
1.00000000000000000000 1.00000000000000000000 1.00000000000000000000 1.00000000000000000000 53.86565780639647726957 0.00000000000000000000 2.00000000000000000000 2.00000000000000000000 1.00000000000000000000 0.00000000000000000000 263.20135498046875000000
5.00000000000000000000 1.00000000000000000000 0.00000000000000000000 1.00000000000000000000 66.06247711181640625000 0.00000000000000000000 1.00000000000000000000 2.00000000000000000000 3.00000000000000000000 0.00000000000000000000 447.70419311523437500000
0.00000000000000000000 1.00000000000000000000 1.00000000000000000000 1.00000000000000000000 56.88485717773437500000 1.00000000000000000000 2.00000000000000000000 0.00000000000000000000 1.00000000000000000000 0.00000000000000000000 275.53540039062500000000
2.00000000000000000000 0.00000000000000000000 0.00000000000000000000 0.00000000000000000000 40.07400131225585937500 0.00000000000000000000 2.00000000000000000000 0.00000000000000000000 1.00000000000000000000 0.00000000000000000000 251.89282226562500000000
0.00000000000000000000 1.00000000000000000000 1.00000000000000000000 1.00000000000000000000 88.83627319335937500000 0.00000000000000000000 0.00000000000000000000 1.00000000000000000000 0.00000000000000000000 0.00000000000000000000 411.21246337890630684342
1.00000000000000000000 1.00000000000000000000 0.00000000000000000000 1.00000000000000000000 54.00785827636718750000 0.00000000000000000000 0.00000000000000000000 2.00000000000000000000 1.00000000000000000000 0.00000000000000000000 269.82449340820312500000
3.00000000000000000000 0.00000000000000000000 0.00000000000000000000 1.00000000000000000000 43.98060989379882812500 0.00000000000000000000 1.00000000000000000000 0.00000000000000000000 3.00000000000000000000 1.00000000000000000000 701.43041992187500000000
1.00000000000000000000 0.00000000000000000000 0.00000000000000000000 1.00000000000000000000 66.80771636962890625000 0.00000000000000000000 2.00000000000000000000 1.00000000000000000000 1.00000000000000000000 0.00000000000000000000 765.31774902343750000000
2.00000000000000000000 1.00000000000000000000 0.00000000000000000000 2.00000000000000000000 64.94488525390625000000 0.00000000000000000000 0.00000000000000000000 0.00000000000000000000 0.00000000000000000000 1.00000000000000000000 1170.53601074218750000000
2.00000000000000000000 1.00000000000000000000 0.00000000000000000000 0.00000000000000000000 44.57908248901367187500 0.00000000000000000000 2.00000000000000000000 0.00000000000000000000 2.00000000000000000000 1.00000000000000000000 865.68341064453125000000
1.00000000000000000000 1.00000000000000000000 1.00000000000000000000 0.00000000000000000000 59.94379806518554687500 0.00000000000000000000 1.00000000000000000000 3.00000000000000000000 2.00000000000000000000 0.00000000000000000000 544.32147216796875000000
0.00000000000000000000 1.00000000000000000000 0.00000000000000000000 0.00000000000000000000 52.91705703735352273043 0.00000000000000000000 0.00000000000000000000 1.00000000000000000000 0.00000000000000000000 0.00000000000000000000 630.47039794921875000000
2.00000000000000000000 0.00000000000000000000 0.00000000000000000000 2.00000000000000000000 65.15519714355468750000 0.00000000000000000000 1.00000000000000000000 0.00000000000000000000 3.00000000000000000000 1.00000000000000000000 1206.27917480468750000000
3.00000000000000000000 0.00000000000000000000 0.00000000000000000000 1.00000000000000000000 55.19413375854492187500 0.00000000000000000000 1.00000000000000000000 2.00000000000000000000 1.00000000000000000000 0.00000000000000000000 89.06694793701171875000
0.00000000000000000000 1.00000000000000000000 0.00000000000000000000 2.00000000000000000000 71.02552032470703125000 0.00000000000000000000 0.00000000000000000000 1.00000000000000000000 1.00000000000000000000 0.00000000000000000000 885.28839111328125000000
0.00000000000000000000 1.00000000000000000000 1.00000000000000000000 0.00000000000000000000 67.87609863281250000000 0.00000000000000000000 0.00000000000000000000 2.00000000000000000000 2.00000000000000000000 0.00000000000000000000 438.22698974609375000000
3.00000000000000000000 0.00000000000000000000 1.00000000000000000000 1.00000000000000000000 76.38441467285156250000 0.00000000000000000000 1.00000000000000000000 1.00000000000000000000 2.00000000000000000000 0.00000000000000000000 633.45605468750000000000
1.00000000000000000000 1.00000000000000000000 0.00000000000000000000 1.00000000000000000000 40.88083267211914062500 0.00000000000000000000 0.00000000000000000000 2.00000000000000000000 2.00000000000000000000 1.00000000000000000000 705.23144531250000000000
2.00000000000000000000 0.00000000000000000000 0.00000000000000000000 2.00000000000000000000 84.53668975830078125000 4.00000000000000000000 1.00000000000000000000 0.00000000000000000000 3.00000000000000000000 1.00000000000000000000 1052.09484863281250000000
0.00000000000000000000 1.00000000000000000000 1.00000000000000000000 1.00000000000000000000 80.55213928222656250000 0.00000000000000000000 2.00000000000000000000 2.00000000000000000000 1.00000000000000000000 0.00000000000000000000 261.43109130859369315658
3.00000000000000000000 1.00000000000000000000 1.00000000000000000000 1.00000000000000000000 60.43647766113281250000 1.00000000000000000000 1.00000000000000000000 0.00000000000000000000 1.00000000000000000000 1.00000000000000000000 1108.59606933593750000000
1.00000000000000000000 1.00000000000000000000 1.00000000000000000000 1.00000000000000000000 54.27793121337890625000 2.00000000000000000000 1.00000000000000000000 0.00000000000000000000 1.00000000000000000000 0.00000000000000000000 120.66863250732421875000
4.00000000000000000000 1.00000000000000000000 0.00000000000000000000 1.00000000000000000000 66.77741241455078125000 0.00000000000000000000 2.00000000000000000000 0.00000000000000000000 3.00000000000000000000 1.00000000000000000000 1748.30822753906250000000
2.00000000000000000000 1.00000000000000000000 0.00000000000000000000 1.00000000000000000000 66.67170715332031250000 0.00000000000000000000 1.00000000000000000000 2.00000000000000000000 0.00000000000000000000 0.00000000000000000000 696.30438232421875000000
3.00000000000000000000 0.00000000000000000000 1.00000000000000000000 1.00000000000000000000 80.17400360107421875000 0.00000000000000000000 0.00000000000000000000 2.00000000000000000000 3.00000000000000000000 0.00000000000000000000 273.09228515625000000000
3.00000000000000000000 1.00000000000000000000 1.00000000000000000000 0.00000000000000000000 73.68943023681640625000 1.00000000000000000000 0.00000000000000000000 2.00000000000000000000 0.00000000000000000000 0.00000000000000000000 242.70037841796875000000
2.00000000000000000000 1.00000000000000000000 0.00000000000000000000 0.00000000000000000000 54.15526962280273437500 2.00000000000000000000 2.00000000000000000000 2.00000000000000000000 3.00000000000000000000 0.00000000000000000000 164.38442993164062500000
0.00000000000000000000 1.00000000000000000000 0.00000000000000000000 1.00000000000000000000 54.15260314941406250000 0.00000000000000000000 1.00000000000000000000 0.00000000000000000000 1.00000000000000000000 0.00000000000000000000 239.81474304199218750000
3.00000000000000000000 0.00000000000000000000 0.00000000000000000000 1.00000000000000000000 51.69632720947265625000 2.00000000000000000000 1.00000000000000000000 1.00000000000000000000 1.00000000000000000000 0.00000000000000000000 75.91859436035156250000
4.00000000000000000000 1.00000000000000000000 1.00000000000000000000 2.00000000000000000000 59.21784591674804687500 0.00000000000000000000 0.00000000000000000000 0.00000000000000000000 2.00000000000000000000 1.00000000000000000000 1359.36108398437500000000
3.00000000000000000000 1.00000000000000000000 0.00000000000000000000 0.00000000000000000000 56.36083602905273437500 0.00000000000000000000 1.00000000000000000000 2.00000000000000000000 3.00000000000000000000 1.00000000000000000000 1429.24206542968750000000
0.00000000000000000000 0.00000000000000000000 1.00000000000000000000 1.00000000000000000000 67.70078277587890625000 0.00000000000000000000 1.00000000000000000000 2.00000000000000000000 3.00000000000000000000 0.00000000000000000000 281.83819580078125000000
2.00000000000000000000 1.00000000000000000000 0.00000000000000000000 0.00000000000000000000 66.91468048095703125000 1.00000000000000000000 1.00000000000000000000 0.00000000000000000000 3.00000000000000000000 0.00000000000000000000 265.95550537109369315658
0.00000000000000000000 0.00000000000000000000 1.00000000000000000000 2.00000000000000000000 44.78131866455078125000 0.00000000000000000000 0.00000000000000000000 2.00000000000000000000 0.00000000000000000000 1.00000000000000000000 679.22033691406250000000
1.00000000000000000000 1.00000000000000000000 1.00000000000000000000 1.00000000000000000000 68.30573272705078125000 0.00000000000000000000 2.00000000000000000000 1.00000000000000000000 3.00000000000000000000 0.00000000000000000000 470.01678466796880684342
4.00000000000000000000 1.00000000000000000000 1.00000000000000000000 1.00000000000000000000 79.60097503662109375000 0.00000000000000000000 1.00000000000000000000 2.00000000000000000000 1.00000000000000000000 0.00000000000000000000 825.20678710937500000000
0.00000000000000000000 1.00000000000000000000 1.00000000000000000000 2.00000000000000000000 76.59693908691406250000 0.00000000000000000000 2.00000000000000000000 0.00000000000000000000 0.00000000000000000000 0.00000000000000000000 435.03994750976562500000
2.00000000000000000000 1.00000000000000000000 0.00000000000000000000 2.00000000000000000000 65.41184997558593750000 1.00000000000000000000 0.00000000000000000000 0.00000000000000000000 1.00000000000000000000 0.00000000000000000000 824.49151611328125000000
1.00000000000000000000 0.00000000000000000000 1.00000000000000000000 1.00000000000000000000 80.78829956054687500000 1.00000000000000000000 2.00000000000000000000 2.00000000000000000000 0.00000000000000000000 0.00000000000000000000 674.20483398437500000000
1.00000000000000000000 1.00000000000000000000 1.00000000000000000000 0.00000000000000000000 71.60729217529296875000 0.00000000000000000000 1.00000000000000000000 0.00000000000000000000 1.00000000000000000000 0.00000000000000000000 222.50265502929687500000
5.00000000000000000000 1.00000000000000000000 0.00000000000000000000 0.00000000000000000000 48.75052642822265625000 0.00000000000000000000 1.00000000000000000000 0.00000000000000000000 3.00000000000000000000 1.00000000000000000000 1609.35290527343750000000
1.00000000000000000000 0.00000000000000000000 1.00000000000000000000 1.00000000000000000000 67.04390716552734375000 0.00000000000000000000 1.00000000000000000000 0.00000000000000000000 3.00000000000000000000 0.00000000000000000000 584.14587402343750000000
3.00000000000000000000 1.00000000000000000000 1.00000000000000000000 1.00000000000000000000 68.98007202148437500000 0.00000000000000000000 0.00000000000000000000 2.00000000000000000000 1.00000000000000000000 0.00000000000000000000 558.47692871093750000000
3.00000000000000000000 1.00000000000000000000 0.00000000000000000000 1.00000000000000000000 66.74859619140625000000 1.00000000000000000000 2.00000000000000000000 0.00000000000000000000 0.00000000000000000000 0.00000000000000000000 699.12243652343750000000
4.00000000000000000000 1.00000000000000000000 0.00000000000000000000 1.00000000000000000000 55.79564666748046875000 0.00000000000000000000 1.00000000000000000000 2.00000000000000000000 1.00000000000000000000 0.00000000000000000000 742.78234863281250000000
4.00000000000000000000 1.00000000000000000000 1.00000000000000000000 1.00000000000000000000 42.88360214233398437500 0.00000000000000000000 2.00000000000000000000 0.00000000000000000000 2.00000000000000000000 0.00000000000000000000 433.75122070312500000000
4.00000000000000000000 0.00000000000000000000 0.00000000000000000000 2.00000000000000000000 53.53955459594727273043 0.00000000000000000000 0.00000000000000000000 0.00000000000000000000 3.00000000000000000000 1.00000000000000000000 1262.58276367187500000000
0.00000000000000000000 1.00000000000000000000 1.00000000000000000000 1.00000000000000000000 73.08544921875000000000 1.00000000000000000000 1.00000000000000000000 0.00000000000000000000 0.00000000000000000000 0.00000000000000000000 274.08743286132812500000
1.00000000000000000000 1.00000000000000000000 1.00000000000000000000 0.00000000000000000000 55.67753982543945312500 0.00000000000000000000 0.00000000000000000000 1.00000000000000000000 1.00000000000000000000 0.00000000000000000000 754.15936279296875000000
5.00000000000000000000 1.00000000000000000000 1.00000000000000000000 0.00000000000000000000 67.98664093017578125000 2.00000000000000000000 2.00000000000000000000 0.00000000000000000000 1.00000000000000000000 0.00000000000000000000 271.68518066406250000000
0.00000000000000000000 1.00000000000000000000 1.00000000000000000000 1.00000000000000000000 60.97622299194335937500 2.00000000000000000000 1.00000000000000000000 0.00000000000000000000 2.00000000000000000000 0.00000000000000000000 25.01846313476562500000
1.00000000000000000000 1.00000000000000000000 1.00000000000000000000 1.00000000000000000000 47.83159637451171875000 0.00000000000000000000 0.00000000000000000000 2.00000000000000000000 3.00000000000000000000 0.00000000000000000000 729.79498291015625000000
4.00000000000000000000 1.00000000000000000000 1.00000000000000000000 0.00000000000000000000 64.89391326904296875000 0.00000000000000000000 2.00000000000000000000 0.00000000000000000000 1.00000000000000000000 0.00000000000000000000 59.66363143920897726957
4.00000000000000000000 1.00000000000000000000 1.00000000000000000000 1.00000000000000000000 59.96100997924804687500 1.00000000000000000000 0.00000000000000000000 0.00000000000000000000 2.00000000000000000000 0.00000000000000000000 376.53048706054687500000
3.00000000000000000000 1.00000000000000000000 1.00000000000000000000 0.00000000000000000000 55.17676925659179687500 0.00000000000000000000 0.00000000000000000000 0.00000000000000000000 0.00000000000000000000 1.00000000000000000000 303.43887329101562500000
5.00000000000000000000 1.00000000000000000000 1.00000000000000000000 1.00000000000000000000 67.85121154785156250000 0.00000000000000000000 1.00000000000000000000 3.00000000000000000000 2.00000000000000000000 0.00000000000000000000 255.10162353515625000000
1.00000000000000000000 0.00000000000000000000 1.00000000000000000000 0.00000000000000000000 80.23258972167968750000 0.00000000000000000000 2.00000000000000000000 0.00000000000000000000 2.00000000000000000000 0.00000000000000000000 511.08862304687500000000
0.00000000000000000000 1.00000000000000000000 0.00000000000000000000 1.00000000000000000000 52.19303512573242187500 1.00000000000000000000 2.00000000000000000000 0.00000000000000000000 3.00000000000000000000 0.00000000000000000000 493.47088623046880684342
0.00000000000000000000 0.00000000000000000000 0.00000000000000000000 1.00000000000000000000 61.31076431274414062500 2.00000000000000000000 1.00000000000000000000 0.00000000000000000000 1.00000000000000000000 0.00000000000000000000 289.32519531250000000000
0.00000000000000000000 0.00000000000000000000 0.00000000000000000000 1.00000000000000000000 44.66277694702149148043 0.00000000000000000000 0.00000000000000000000 2.00000000000000000000 1.00000000000000000000 0.00000000000000000000 153.04171752929687500000
1.00000000000000000000 0.00000000000000000000 1.00000000000000000000 2.00000000000000000000 42.21483993530273437500 1.00000000000000000000 0.00000000000000000000 0.00000000000000000000 1.00000000000000000000 0.00000000000000000000 190.60786437988281250000
5.00000000000000000000 1.00000000000000000000 0.00000000000000000000 1.00000000000000000000 54.25936126708983664457 1.00000000000000000000 0.00000000000000000000 0.00000000000000000000 2.00000000000000000000 0.00000000000000000000 259.80456542968750000000
1.00000000000000000000 1.00000000000000000000 1.00000000000000000000 1.00000000000000000000 70.18543243408203125000 0.00000000000000000000 2.00000000000000000000 0.00000000000000000000 3.00000000000000000000 1.00000000000000000000 1803.10778808593727262632
0.00000000000000000000 1.00000000000000000000 1.00000000000000000000 1.00000000000000000000 51.14863967895507812500 0.00000000000000000000 2.00000000000000000000 2.00000000000000000000 3.00000000000000000000 1.00000000000000000000 827.12261962890625000000
0.00000000000000000000 1.00000000000000000000 1.00000000000000000000 1.00000000000000000000 40.82282638549804687500 0.00000000000000000000 2.00000000000000000000 0.00000000000000000000 1.00000000000000000000 1.00000000000000000000 557.14770507812500000000
1.00000000000000000000 1.00000000000000000000 1.00000000000000000000 0.00000000000000000000 55.78096389770507812500 2.00000000000000000000 0.00000000000000000000 0.00000000000000000000 1.00000000000000000000 0.00000000000000000000 167.72831726074218750000
5.00000000000000000000 0.00000000000000000000 0.00000000000000000000 0.00000000000000000000 66.25193786621093750000 0.00000000000000000000 2.00000000000000000000 2.00000000000000000000 0.00000000000000000000 0.00000000000000000000 40.48988723754882812500
1.00000000000000000000 1.00000000000000000000 0.00000000000000000000 2.00000000000000000000 62.05018234252929687500 0.00000000000000000000 0.00000000000000000000 0.00000000000000000000 2.00000000000000000000 1.00000000000000000000 1169.82641601562500000000
4.00000000000000000000 1.00000000000000000000 0.00000000000000000000 1.00000000000000000000 65.81964111328125000000 0.00000000000000000000 0.00000000000000000000 1.00000000000000000000 1.00000000000000000000 0.00000000000000000000 238.43811035156250000000
3.00000000000000000000 1.00000000000000000000 0.00000000000000000000 2.00000000000000000000 49.40054702758789062500 2.00000000000000000000 2.00000000000000000000 1.00000000000000000000 1.00000000000000000000 1.00000000000000000000 58.55736160278320312500
1.00000000000000000000 1.00000000000000000000 0.00000000000000000000 1.00000000000000000000 67.42360687255859375000 2.00000000000000000000 2.00000000000000000000 0.00000000000000000000 1.00000000000000000000 0.00000000000000000000 54.96840667724609375000
3.00000000000000000000 0.00000000000000000000 0.00000000000000000000 0.00000000000000000000 53.88102722167968750000 0.00000000000000000000 1.00000000000000000000 0.00000000000000000000 3.00000000000000000000 1.00000000000000000000 678.69293212890625000000
3.00000000000000000000 0.00000000000000000000 1.00000000000000000000 2.00000000000000000000 43.50818634033203125000 0.00000000000000000000 2.00000000000000000000 0.00000000000000000000 2.00000000000000000000 0.00000000000000000000 391.23876953125000000000
0.00000000000000000000 0.00000000000000000000 0.00000000000000000000 1.00000000000000000000 54.37159729003906250000 0.00000000000000000000 1.00000000000000000000 1.00000000000000000000 2.00000000000000000000 1.00000000000000000000 574.06268310546875000000
1.00000000000000000000 1.00000000000000000000 1.00000000000000000000 0.00000000000000000000 65.33913421630859375000 1.00000000000000000000 1.00000000000000000000 0.00000000000000000000 2.00000000000000000000 0.00000000000000000000 240.85687255859372157829
2.00000000000000000000 0.00000000000000000000 1.00000000000000000000 0.00000000000000000000 67.99896240234375000000 0.00000000000000000000 2.00000000000000000000 2.00000000000000000000 2.00000000000000000000 0.00000000000000000000 -1.74414503574371337891
3.00000000000000000000 1.00000000000000000000 0.00000000000000000000 0.00000000000000000000 58.64965820312500000000 0.00000000000000000000 1.00000000000000000000 0.00000000000000000000 2.00000000000000000000 0.00000000000000000000 1427.23071289062500000000
0.00000000000000000000 1.00000000000000000000 1.00000000000000000000 1.00000000000000000000 41.27696228027343750000 0.00000000000000000000 1.00000000000000000000 0.00000000000000000000 1.00000000000000000000 0.00000000000000000000 235.97692871093750000000
5.00000000000000000000 1.00000000000000000000 1.00000000000000000000 1.00000000000000000000 42.02459716796875000000 1.00000000000000000000 1.00000000000000000000 2.00000000000000000000 1.00000000000000000000 0.00000000000000000000 240.77302551269531250000
0.00000000000000000000 1.00000000000000000000 0.00000000000000000000 0.00000000000000000000 56.75442123413085937500 0.00000000000000000000 0.00000000000000000000 0.00000000000000000000 1.00000000000000000000 1.00000000000000000000 -18.61936187744140625000
0.00000000000000000000 1.00000000000000000000 1.00000000000000000000 1.00000000000000000000 55.17549514770507812500 1.00000000000000000000 2.00000000000000000000 2.00000000000000000000 2.00000000000000000000 0.00000000000000000000 268.74255371093750000000
3.00000000000000000000 1.00000000000000000000 1.00000000000000000000 2.00000000000000000000 77.07229614257812500000 0.00000000000000000000 1.00000000000000000000 0.00000000000000000000 1.00000000000000000000 1.00000000000000000000 1467.01416015625000000000
5.00000000000000000000 1.00000000000000000000 0.00000000000000000000 1.00000000000000000000 57.36877059936523437500 0.00000000000000000000 2.00000000000000000000 0.00000000000000000000 1.00000000000000000000 1.00000000000000000000 122.33754730224609375000
1.00000000000000000000 1.00000000000000000000 1.00000000000000000000 1.00000000000000000000 68.84043121337890625000 0.00000000000000000000 2.00000000000000000000 2.00000000000000000000 2.00000000000000000000 0.00000000000000000000 546.19396972656250000000
0.00000000000000000000 1.00000000000000000000 0.00000000000000000000 2.00000000000000000000 55.28390884399414062500 0.00000000000000000000 0.00000000000000000000 2.00000000000000000000 1.00000000000000000000 1.00000000000000000000 224.66622924804687500000
3.00000000000000000000 0.00000000000000000000 0.00000000000000000000 1.00000000000000000000 69.81056976318359375000 0.00000000000000000000 0.00000000000000000000 3.00000000000000000000 1.00000000000000000000 0.00000000000000000000 265.09713745117187500000
3.00000000000000000000 1.00000000000000000000 0.00000000000000000000 1.00000000000000000000 61.52913284301757812500 0.00000000000000000000 1.00000000000000000000 2.00000000000000000000 1.00000000000000000000 0.00000000000000000000 466.96942138671880684342
5.00000000000000000000 0.00000000000000000000 1.00000000000000000000 2.00000000000000000000 67.03646087646484375000 0.00000000000000000000 0.00000000000000000000 2.00000000000000000000 3.00000000000000000000 0.00000000000000000000 392.22595214843750000000
3.00000000000000000000 1.00000000000000000000 1.00000000000000000000 2.00000000000000000000 33.45615386962890625000 1.00000000000000000000 0.00000000000000000000 0.00000000000000000000 1.00000000000000000000 0.00000000000000000000 1433.81970214843750000000
4.00000000000000000000 0.00000000000000000000 1.00000000000000000000 1.00000000000000000000 75.46849822998046875000 4.00000000000000000000 2.00000000000000000000 0.00000000000000000000 3.00000000000000000000 0.00000000000000000000 232.10040283203125000000
4.00000000000000000000 1.00000000000000000000 0.00000000000000000000 1.00000000000000000000 60.87259292602539062500 0.00000000000000000000 0.00000000000000000000 2.00000000000000000000 1.00000000000000000000 0.00000000000000000000 641.95965576171875000000
0.00000000000000000000 1.00000000000000000000 1.00000000000000000000 0.00000000000000000000 45.50900268554688210543 2.00000000000000000000 0.00000000000000000000 2.00000000000000000000 1.00000000000000000000 0.00000000000000000000 76.70634460449218750000
0.00000000000000000000 0.00000000000000000000 1.00000000000000000000 1.00000000000000000000 61.86822509765625000000 1.00000000000000000000 1.00000000000000000000 0.00000000000000000000 1.00000000000000000000 0.00000000000000000000 276.52706909179687500000
1.00000000000000000000 1.00000000000000000000 0.00000000000000000000 1.00000000000000000000 66.52958679199218750000 0.00000000000000000000 0.00000000000000000000 0.00000000000000000000 2.00000000000000000000 0.00000000000000000000 266.26348876953125000000
4.00000000000000000000 1.00000000000000000000 0.00000000000000000000 1.00000000000000000000 51.53606033325195312500 0.00000000000000000000 2.00000000000000000000 0.00000000000000000000 1.00000000000000000000 1.00000000000000000000 573.55883789062500000000
1.00000000000000000000 1.00000000000000000000 1.00000000000000000000 1.00000000000000000000 61.71267700195312500000 0.00000000000000000000 0.00000000000000000000 2.00000000000000000000 0.00000000000000000000 1.00000000000000000000 656.49279785156250000000
4.00000000000000000000 0.00000000000000000000 1.00000000000000000000 1.00000000000000000000 56.29327011108398437500 1.00000000000000000000 1.00000000000000000000 0.00000000000000000000 3.00000000000000000000 1.00000000000000000000 1116.96142578125000000000
4.00000000000000000000 1.00000000000000000000 1.00000000000000000000 2.00000000000000000000 40.01866149902343750000 0.00000000000000000000 1.00000000000000000000 0.00000000000000000000 3.00000000000000000000 1.00000000000000000000 484.16564941406250000000
3.00000000000000000000 0.00000000000000000000 1.00000000000000000000 1.00000000000000000000 64.01293182373046875000 0.00000000000000000000 1.00000000000000000000 0.00000000000000000000 1.00000000000000000000 1.00000000000000000000 749.12292480468750000000
4.00000000000000000000 1.00000000000000000000 0.00000000000000000000 2.00000000000000000000 47.74880981445312500000 0.00000000000000000000 2.00000000000000000000 1.00000000000000000000 3.00000000000000000000 1.00000000000000000000 1118.10327148437500000000
4.00000000000000000000 1.00000000000000000000 0.00000000000000000000 0.00000000000000000000 51.42103195190429687500 0.00000000000000000000 2.00000000000000000000 3.00000000000000000000 0.00000000000000000000 0.00000000000000000000 250.31065368652343750000
4.00000000000000000000 1.00000000000000000000 1.00000000000000000000 1.00000000000000000000 42.72870254516601562500 1.00000000000000000000 1.00000000000000000000 0.00000000000000000000 3.00000000000000000000 1.00000000000000000000 1457.05493164062500000000
2.00000000000000000000 1.00000000000000000000 1.00000000000000000000 1.00000000000000000000 68.30213928222656250000 0.00000000000000000000 0.00000000000000000000 0.00000000000000000000 1.00000000000000000000 0.00000000000000000000 199.60685729980468750000
0.00000000000000000000 1.00000000000000000000 1.00000000000000000000 1.00000000000000000000 46.98099136352539062500 0.00000000000000000000 2.00000000000000000000 2.00000000000000000000 2.00000000000000000000 0.00000000000000000000 628.52392578125000000000
5.00000000000000000000 1.00000000000000000000 1.00000000000000000000 1.00000000000000000000 50.02913284301757812500 1.00000000000000000000 1.00000000000000000000 2.00000000000000000000 3.00000000000000000000 0.00000000000000000000 102.80679321289062500000
4.00000000000000000000 1.00000000000000000000 1.00000000000000000000 0.00000000000000000000 51.84521865844727273043 0.00000000000000000000 0.00000000000000000000 0.00000000000000000000 1.00000000000000000000 0.00000000000000000000 520.76605224609375000000
0.00000000000000000000 1.00000000000000000000 1.00000000000000000000 1.00000000000000000000 60.18041229248046875000 1.00000000000000000000 2.00000000000000000000 0.00000000000000000000 3.00000000000000000000 0.00000000000000000000 252.49565124511718750000
0.00000000000000000000 0.00000000000000000000 0.00000000000000000000 1.00000000000000000000 53.24404907226562500000 1.00000000000000000000 2.00000000000000000000 1.00000000000000000000 1.00000000000000000000 0.00000000000000000000 166.21891784667968750000
1.00000000000000000000 1.00000000000000000000 0.00000000000000000000 2.00000000000000000000 54.86816787719727273043 0.00000000000000000000 0.00000000000000000000 3.00000000000000000000 3.00000000000000000000 0.00000000000000000000 386.84460449218750000000
5.00000000000000000000 1.00000000000000000000 1.00000000000000000000 1.00000000000000000000 82.79381561279296875000 0.00000000000000000000 2.00000000000000000000 2.00000000000000000000 1.00000000000000000000 0.00000000000000000000 252.39308166503903407829
2.00000000000000000000 0.00000000000000000000 1.00000000000000000000 0.00000000000000000000 56.36931610107421875000 0.00000000000000000000 1.00000000000000000000 2.00000000000000000000 1.00000000000000000000 0.00000000000000000000 324.33172607421875000000
1.00000000000000000000 1.00000000000000000000 0.00000000000000000000 0.00000000000000000000 58.06103515625000000000 1.00000000000000000000 1.00000000000000000000 0.00000000000000000000 1.00000000000000000000 0.00000000000000000000 281.14340209960937500000
4.00000000000000000000 1.00000000000000000000 1.00000000000000000000 2.00000000000000000000 69.61537933349609375000 0.00000000000000000000 2.00000000000000000000 0.00000000000000000000 3.00000000000000000000 0.00000000000000000000 541.90594482421875000000
5.00000000000000000000 1.00000000000000000000 0.00000000000000000000 1.00000000000000000000 68.92006683349609375000 4.00000000000000000000 1.00000000000000000000 1.00000000000000000000 3.00000000000000000000 0.00000000000000000000 156.38414001464843750000
4.00000000000000000000 1.00000000000000000000 0.00000000000000000000 2.00000000000000000000 56.37586212158203125000 1.00000000000000000000 2.00000000000000000000 0.00000000000000000000 2.00000000000000000000 0.00000000000000000000 505.63195800781250000000
1.00000000000000000000 0.00000000000000000000 0.00000000000000000000 0.00000000000000000000 69.23899078369140625000 0.00000000000000000000 2.00000000000000000000 0.00000000000000000000 1.00000000000000000000 0.00000000000000000000 199.41862487792968750000
0.00000000000000000000 1.00000000000000000000 1.00000000000000000000 1.00000000000000000000 58.10032653808593750000 0.00000000000000000000 1.00000000000000000000 0.00000000000000000000 2.00000000000000000000 1.00000000000000000000 1501.45483398437500000000
2.00000000000000000000 1.00000000000000000000 1.00000000000000000000 1.00000000000000000000 65.69469451904296875000 0.00000000000000000000 2.00000000000000000000 2.00000000000000000000 1.00000000000000000000 0.00000000000000000000 257.31845092773437500000
2.00000000000000000000 1.00000000000000000000 1.00000000000000000000 0.00000000000000000000 52.32715225219727273043 0.00000000000000000000 0.00000000000000000000 0.00000000000000000000 3.00000000000000000000 0.00000000000000000000 825.45782470703125000000
5.00000000000000000000 1.00000000000000000000 1.00000000000000000000 2.00000000000000000000 59.18272399902343750000 0.00000000000000000000 1.00000000000000000000 2.00000000000000000000 3.00000000000000000000 0.00000000000000000000 538.62158203125000000000
1.00000000000000000000 1.00000000000000000000 0.00000000000000000000 0.00000000000000000000 61.36126708984375000000 0.00000000000000000000 0.00000000000000000000 1.00000000000000000000 2.00000000000000000000 0.00000000000000000000 622.15441894531250000000
2.00000000000000000000 1.00000000000000000000 1.00000000000000000000 2.00000000000000000000 67.08037567138671875000 0.00000000000000000000 1.00000000000000000000 0.00000000000000000000 1.00000000000000000000 0.00000000000000000000 249.21302795410159092171
5.00000000000000000000 1.00000000000000000000 1.00000000000000000000 2.00000000000000000000 67.23946380615234375000 0.00000000000000000000 0.00000000000000000000 0.00000000000000000000 0.00000000000000000000 0.00000000000000000000 486.49026489257812500000
0.00000000000000000000 1.00000000000000000000 1.00000000000000000000 0.00000000000000000000 50.33277130126953125000 0.00000000000000000000 1.00000000000000000000 0.00000000000000000000 3.00000000000000000000 0.00000000000000000000 577.30047607421875000000
0.00000000000000000000 1.00000000000000000000 1.00000000000000000000 1.00000000000000000000 83.82255554199218750000 0.00000000000000000000 0.00000000000000000000 1.00000000000000000000 2.00000000000000000000 1.00000000000000000000 912.26251220703125000000
3.00000000000000000000 1.00000000000000000000 0.00000000000000000000 1.00000000000000000000 65.84101867675781250000 0.00000000000000000000 1.00000000000000000000 2.00000000000000000000 1.00000000000000000000 1.00000000000000000000 801.55944824218750000000
1.00000000000000000000 1.00000000000000000000 0.00000000000000000000 0.00000000000000000000 76.31124877929687500000 0.00000000000000000000 2.00000000000000000000 0.00000000000000000000 0.00000000000000000000 0.00000000000000000000 461.78848266601562500000
5.00000000000000000000 0.00000000000000000000 1.00000000000000000000 0.00000000000000000000 51.43296051025391335543 1.00000000000000000000 2.00000000000000000000 2.00000000000000000000 1.00000000000000000000 0.00000000000000000000 271.59402465820312500000
2.00000000000000000000 0.00000000000000000000 0.00000000000000000000 0.00000000000000000000 53.35161590576171875000 0.00000000000000000000 0.00000000000000000000 0.00000000000000000000 1.00000000000000000000 0.00000000000000000000 278.04644775390625000000
0.00000000000000000000 1.00000000000000000000 0.00000000000000000000 0.00000000000000000000 41.35734939575195312500 1.00000000000000000000 1.00000000000000000000 1.00000000000000000000 1.00000000000000000000 0.00000000000000000000 401.32751464843750000000
3.00000000000000000000 1.00000000000000000000 1.00000000000000000000 2.00000000000000000000 68.40679931640625000000 0.00000000000000000000 2.00000000000000000000 0.00000000000000000000 1.00000000000000000000 0.00000000000000000000 472.49822998046880684342
2.00000000000000000000 1.00000000000000000000 1.00000000000000000000 1.00000000000000000000 68.19592285156250000000 0.00000000000000000000 2.00000000000000000000 0.00000000000000000000 3.00000000000000000000 0.00000000000000000000 1132.34899902343750000000
4.00000000000000000000 1.00000000000000000000 0.00000000000000000000 1.00000000000000000000 79.21737670898437500000 0.00000000000000000000 0.00000000000000000000 0.00000000000000000000 0.00000000000000000000 0.00000000000000000000 310.61431884765625000000
0.00000000000000000000 0.00000000000000000000 1.00000000000000000000 1.00000000000000000000 35.69915771484375000000 0.00000000000000000000 1.00000000000000000000 3.00000000000000000000 1.00000000000000000000 0.00000000000000000000 93.80371093750000000000
3.00000000000000000000 1.00000000000000000000 1.00000000000000000000 2.00000000000000000000 67.24877166748046875000 0.00000000000000000000 0.00000000000000000000 1.00000000000000000000 1.00000000000000000000 0.00000000000000000000 653.68585205078125000000
0.00000000000000000000 1.00000000000000000000 0.00000000000000000000 0.00000000000000000000 58.89388656616210937500 1.00000000000000000000 1.00000000000000000000 2.00000000000000000000 3.00000000000000000000 0.00000000000000000000 142.68190002441406250000
2.00000000000000000000 0.00000000000000000000 1.00000000000000000000 1.00000000000000000000 54.19575119018554687500 1.00000000000000000000 2.00000000000000000000 2.00000000000000000000 2.00000000000000000000 0.00000000000000000000 276.70214843750000000000
4.00000000000000000000 0.00000000000000000000 1.00000000000000000000 1.00000000000000000000 68.66136932373046875000 0.00000000000000000000 1.00000000000000000000 2.00000000000000000000 1.00000000000000000000 0.00000000000000000000 658.03607177734375000000
2.00000000000000000000 1.00000000000000000000 1.00000000000000000000 2.00000000000000000000 60.24804687500000000000 0.00000000000000000000 1.00000000000000000000 0.00000000000000000000 1.00000000000000000000 1.00000000000000000000 1236.57019042968750000000
1.00000000000000000000 1.00000000000000000000 1.00000000000000000000 1.00000000000000000000 51.09490966796875000000 2.00000000000000000000 2.00000000000000000000 3.00000000000000000000 1.00000000000000000000 0.00000000000000000000 128.98860168457031250000
2.00000000000000000000 1.00000000000000000000 0.00000000000000000000 2.00000000000000000000 85.77014923095703125000 3.00000000000000000000 2.00000000000000000000 1.00000000000000000000 2.00000000000000000000 0.00000000000000000000 379.42001342773437500000
2.00000000000000000000 0.00000000000000000000 1.00000000000000000000 1.00000000000000000000 51.65732955932617187500 1.00000000000000000000 2.00000000000000000000 2.00000000000000000000 3.00000000000000000000 0.00000000000000000000 257.46932983398437500000
0.00000000000000000000 1.00000000000000000000 0.00000000000000000000 1.00000000000000000000 69.01449584960937500000 0.00000000000000000000 1.00000000000000000000 1.00000000000000000000 0.00000000000000000000 0.00000000000000000000 755.97717285156250000000
0.00000000000000000000 1.00000000000000000000 1.00000000000000000000 0.00000000000000000000 60.83438110351562500000 1.00000000000000000000 1.00000000000000000000 0.00000000000000000000 2.00000000000000000000 0.00000000000000000000 480.74783325195312500000
4.00000000000000000000 1.00000000000000000000 0.00000000000000000000 1.00000000000000000000 54.12690353393554687500 1.00000000000000000000 2.00000000000000000000 0.00000000000000000000 2.00000000000000000000 0.00000000000000000000 263.12033081054687500000
3.00000000000000000000 1.00000000000000000000 1.00000000000000000000 1.00000000000000000000 68.28952789306640625000 1.00000000000000000000 2.00000000000000000000 2.00000000000000000000 1.00000000000000000000 0.00000000000000000000 772.38580322265625000000
2.00000000000000000000 1.00000000000000000000 1.00000000000000000000 1.00000000000000000000 79.53693389892578125000 1.00000000000000000000 2.00000000000000000000 3.00000000000000000000 1.00000000000000000000 0.00000000000000000000 232.41729736328125000000
0.00000000000000000000 1.00000000000000000000 0.00000000000000000000 0.00000000000000000000 67.45214843750000000000 0.00000000000000000000 1.00000000000000000000 2.00000000000000000000 1.00000000000000000000 0.00000000000000000000 444.34609985351562500000
0.00000000000000000000 1.00000000000000000000 1.00000000000000000000 0.00000000000000000000 51.12786102294921875000 1.00000000000000000000 1.00000000000000000000 0.00000000000000000000 1.00000000000000000000 0.00000000000000000000 277.51449584960937500000
1.00000000000000000000 1.00000000000000000000 1.00000000000000000000 1.00000000000000000000 55.50108337402343750000 1.00000000000000000000 1.00000000000000000000 2.00000000000000000000 1.00000000000000000000 0.00000000000000000000 140.76394653320312500000
2.00000000000000000000 1.00000000000000000000 0.00000000000000000000 1.00000000000000000000 59.14181900024414062500 0.00000000000000000000 2.00000000000000000000 0.00000000000000000000 2.00000000000000000000 0.00000000000000000000 241.49371337890625000000
2.00000000000000000000 1.00000000000000000000 0.00000000000000000000 2.00000000000000000000 52.64244079589843750000 0.00000000000000000000 0.00000000000000000000 0.00000000000000000000 0.00000000000000000000 0.00000000000000000000 1181.05261230468750000000
3.00000000000000000000 1.00000000000000000000 0.00000000000000000000 0.00000000000000000000 83.70758819580078125000 1.00000000000000000000 0.00000000000000000000 0.00000000000000000000 1.00000000000000000000 0.00000000000000000000 465.86935424804687500000
4.00000000000000000000 0.00000000000000000000 0.00000000000000000000 1.00000000000000000000 65.26386260986328125000 0.00000000000000000000 2.00000000000000000000 3.00000000000000000000 1.00000000000000000000 0.00000000000000000000 124.10284423828123578915
2.00000000000000000000 1.00000000000000000000 0.00000000000000000000 1.00000000000000000000 82.02144622802734375000 1.00000000000000000000 1.00000000000000000000 0.00000000000000000000 2.00000000000000000000 0.00000000000000000000 273.72262573242187500000
1.00000000000000000000 1.00000000000000000000 0.00000000000000000000 0.00000000000000000000 73.07104492187500000000 1.00000000000000000000 2.00000000000000000000 0.00000000000000000000 1.00000000000000000000 0.00000000000000000000 254.70518493652343750000
4.00000000000000000000 0.00000000000000000000 1.00000000000000000000 1.00000000000000000000 82.04570770263671875000 0.00000000000000000000 1.00000000000000000000 2.00000000000000000000 1.00000000000000000000 0.00000000000000000000 685.43005371093750000000
0.00000000000000000000 1.00000000000000000000 1.00000000000000000000 2.00000000000000000000 63.15204238891601562500 0.00000000000000000000 2.00000000000000000000 0.00000000000000000000 3.00000000000000000000 0.00000000000000000000 487.44622802734375000000
0.00000000000000000000 1.00000000000000000000 1.00000000000000000000 2.00000000000000000000 65.14649200439453125000 1.00000000000000000000 0.00000000000000000000 1.00000000000000000000 0.00000000000000000000 0.00000000000000000000 474.49746704101562500000
0.00000000000000000000 1.00000000000000000000 0.00000000000000000000 2.00000000000000000000 53.32450485229492187500 0.00000000000000000000 2.00000000000000000000 1.00000000000000000000 2.00000000000000000000 0.00000000000000000000 598.88916015625000000000
0.00000000000000000000 1.00000000000000000000 1.00000000000000000000 1.00000000000000000000 68.43772888183593750000 0.00000000000000000000 1.00000000000000000000 0.00000000000000000000 2.00000000000000000000 0.00000000000000000000 532.39086914062500000000
1.00000000000000000000 0.00000000000000000000 1.00000000000000000000 2.00000000000000000000 82.81237030029296875000 0.00000000000000000000 2.00000000000000000000 2.00000000000000000000 1.00000000000000000000 0.00000000000000000000 96.46269989013671875000
4.00000000000000000000 1.00000000000000000000 0.00000000000000000000 1.00000000000000000000 51.33479690551757812500 0.00000000000000000000 1.00000000000000000000 0.00000000000000000000 2.00000000000000000000 0.00000000000000000000 471.62417602539062500000
2.00000000000000000000 0.00000000000000000000 0.00000000000000000000 0.00000000000000000000 42.10009765625000000000 0.00000000000000000000 2.00000000000000000000 0.00000000000000000000 0.00000000000000000000 1.00000000000000000000 1271.34814453125000000000
0.00000000000000000000 1.00000000000000000000 1.00000000000000000000 1.00000000000000000000 60.21955871582031250000 0.00000000000000000000 1.00000000000000000000 0.00000000000000000000 3.00000000000000000000 0.00000000000000000000 413.83978271484375000000
0.00000000000000000000 1.00000000000000000000 1.00000000000000000000 1.00000000000000000000 64.05308532714843750000 0.00000000000000000000 0.00000000000000000000 2.00000000000000000000 1.00000000000000000000 0.00000000000000000000 456.37411499023437500000
4.00000000000000000000 1.00000000000000000000 0.00000000000000000000 1.00000000000000000000 67.71982574462890625000 0.00000000000000000000 1.00000000000000000000 0.00000000000000000000 2.00000000000000000000 1.00000000000000000000 1277.28930664062500000000
4.00000000000000000000 1.00000000000000000000 0.00000000000000000000 1.00000000000000000000 40.78910827636718750000 1.00000000000000000000 0.00000000000000000000 3.00000000000000000000 1.00000000000000000000 0.00000000000000000000 358.23425292968750000000
0.00000000000000000000 1.00000000000000000000 0.00000000000000000000 1.00000000000000000000 54.75907135009765625000 0.00000000000000000000 2.00000000000000000000 1.00000000000000000000 1.00000000000000000000 1.00000000000000000000 689.89508056640625000000
0.00000000000000000000 1.00000000000000000000 0.00000000000000000000 0.00000000000000000000 45.83765411376953125000 1.00000000000000000000 0.00000000000000000000 2.00000000000000000000 3.00000000000000000000 0.00000000000000000000 472.64517211914062500000
0.00000000000000000000 0.00000000000000000000 1.00000000000000000000 2.00000000000000000000 59.95566558837890625000 2.00000000000000000000 2.00000000000000000000 2.00000000000000000000 1.00000000000000000000 0.00000000000000000000 110.21202850341795453915
0.00000000000000000000 0.00000000000000000000 0.00000000000000000000 0.00000000000000000000 69.27226257324218750000 1.00000000000000000000 1.00000000000000000000 0.00000000000000000000 1.00000000000000000000 1.00000000000000000000 -7.66379404067993164062
2.00000000000000000000 1.00000000000000000000 0.00000000000000000000 2.00000000000000000000 66.22463226318359375000 0.00000000000000000000 2.00000000000000000000 0.00000000000000000000 3.00000000000000000000 1.00000000000000000000 687.58740234375000000000
5.00000000000000000000 1.00000000000000000000 1.00000000000000000000 0.00000000000000000000 67.50339508056640625000 1.00000000000000000000 1.00000000000000000000 2.00000000000000000000 1.00000000000000000000 0.00000000000000000000 119.18089294433593750000
2.00000000000000000000 0.00000000000000000000 1.00000000000000000000 1.00000000000000000000 38.94390106201171875000 0.00000000000000000000 0.00000000000000000000 1.00000000000000000000 0.00000000000000000000 0.00000000000000000000 554.02160644531250000000
4.00000000000000000000 1.00000000000000000000 1.00000000000000000000 2.00000000000000000000 64.94644165039062500000 2.00000000000000000000 0.00000000000000000000 0.00000000000000000000 2.00000000000000000000 0.00000000000000000000 369.22085571289062500000
4.00000000000000000000 1.00000000000000000000 0.00000000000000000000 2.00000000000000000000 36.44578933715820312500 0.00000000000000000000 1.00000000000000000000 2.00000000000000000000 1.00000000000000000000 0.00000000000000000000 42.83251190185546875000
4.00000000000000000000 1.00000000000000000000 0.00000000000000000000 2.00000000000000000000 45.56603240966796875000 0.00000000000000000000 1.00000000000000000000 2.00000000000000000000 2.00000000000000000000 1.00000000000000000000 420.05920410156250000000
0.00000000000000000000 1.00000000000000000000 1.00000000000000000000 1.00000000000000000000 62.32808685302734375000 0.00000000000000000000 0.00000000000000000000 2.00000000000000000000 2.00000000000000000000 0.00000000000000000000 132.92686462402343750000
2.00000000000000000000 1.00000000000000000000 1.00000000000000000000 1.00000000000000000000 67.44953155517578125000 1.00000000000000000000 1.00000000000000000000 2.00000000000000000000 1.00000000000000000000 0.00000000000000000000 187.17857360839843750000
2.00000000000000000000 1.00000000000000000000 0.00000000000000000000 1.00000000000000000000 53.29272460937500000000 1.00000000000000000000 2.00000000000000000000 2.00000000000000000000 0.00000000000000000000 0.00000000000000000000 -24.86994934082031250000
2.00000000000000000000 1.00000000000000000000 1.00000000000000000000 1.00000000000000000000 49.99242019653320312500 0.00000000000000000000 1.00000000000000000000 0.00000000000000000000 0.00000000000000000000 0.00000000000000000000 1164.62182617187500000000
5.00000000000000000000 1.00000000000000000000 0.00000000000000000000 0.00000000000000000000 68.22750091552734375000 0.00000000000000000000 2.00000000000000000000 1.00000000000000000000 2.00000000000000000000 0.00000000000000000000 487.48974609375000000000
5.00000000000000000000 1.00000000000000000000 1.00000000000000000000 1.00000000000000000000 61.96279144287108664457 1.00000000000000000000 1.00000000000000000000 2.00000000000000000000 3.00000000000000000000 0.00000000000000000000 339.97628784179687500000
1.00000000000000000000 1.00000000000000000000 0.00000000000000000000 1.00000000000000000000 80.61176300048828125000 0.00000000000000000000 0.00000000000000000000 2.00000000000000000000 1.00000000000000000000 0.00000000000000000000 148.67729187011718750000
0.00000000000000000000 1.00000000000000000000 0.00000000000000000000 1.00000000000000000000 64.14265441894531250000 0.00000000000000000000 1.00000000000000000000 2.00000000000000000000 0.00000000000000000000 0.00000000000000000000 311.74078369140625000000
3.00000000000000000000 1.00000000000000000000 0.00000000000000000000 2.00000000000000000000 63.20621109008789062500 1.00000000000000000000 1.00000000000000000000 2.00000000000000000000 1.00000000000000000000 1.00000000000000000000 123.56035614013671875000
2.00000000000000000000 1.00000000000000000000 1.00000000000000000000 1.00000000000000000000 65.62138366699218750000 1.00000000000000000000 0.00000000000000000000 1.00000000000000000000 1.00000000000000000000 0.00000000000000000000 183.45991516113281250000
0.00000000000000000000 1.00000000000000000000 0.00000000000000000000 2.00000000000000000000 76.46890258789062500000 0.00000000000000000000 2.00000000000000000000 1.00000000000000000000 1.00000000000000000000 1.00000000000000000000 792.45446777343750000000
3.00000000000000000000 1.00000000000000000000 1.00000000000000000000 0.00000000000000000000 69.63562011718750000000 0.00000000000000000000 2.00000000000000000000 3.00000000000000000000 2.00000000000000000000 0.00000000000000000000 472.74215698242187500000
