-1.00000000000000000000 0.00000000000000000000 -1.00000000000000000000 -1.00000000000000000000 0.00000000000000000000 -1.00000000000000000000 0.00000000000000000000 0.00000000000000000000 -1.00000000000000000000 -1.00000000000000000000 -5.22317981719970703125
-1.00000000000000000000 1.00000000000000000000 -1.00000000000000000000 0.00000000000000000000 -1.00000000000000000000 0.00000000000000000000 0.00000000000000000000 0.00000000000000000000 0.00000000000000000000 1.00000000000000000000 -7.87290000915527343750
1.00000000000000000000 -1.00000000000000000000 1.00000000000000000000 0.00000000000000000000 1.00000000000000000000 -1.00000000000000000000 0.00000000000000000000 0.00000000000000000000 -1.00000000000000000000 -1.00000000000000000000 2.31800007820129394531
-1.00000000000000000000 -1.00000000000000000000 -1.00000000000000000000 0.00000000000000000000 -1.00000000000000000000 1.00000000000000000000 0.00000000000000000000 0.00000000000000000000 0.00000000000000000000 1.00000000000000000000 -2.05204010009765580591
1.00000000000000000000 0.00000000000000000000 0.00000000000000000000 1.00000000000000000000 0.00000000000000000000 1.00000000000000000000 -1.00000000000000000000 0.00000000000000000000 0.00000000000000000000 0.00000000000000000000 4.37565994262695312500
-1.00000000000000000000 0.00000000000000000000 0.00000000000000000000 1.00000000000000000000 1.00000000000000000000 1.00000000000000000000 0.00000000000000000000 1.00000000000000000000 0.00000000000000000000 -1.00000000000000000000 1.81763005256652832031
-1.00000000000000000000 1.00000000000000000000 0.00000000000000000000 1.00000000000000000000 -1.00000000000000000000 0.00000000000000000000 -1.00000000000000000000 -1.00000000000000000000 -1.00000000000000000000 -1.00000000000000000000 -6.52961015701294034130
-1.00000000000000000000 1.00000000000000000000 1.00000000000000000000 1.00000000000000000000 1.00000000000000000000 0.00000000000000000000 0.00000000000000000000 -1.00000000000000000000 -1.00000000000000000000 -1.00000000000000000000 -1.23612999916076660156
-1.00000000000000000000 1.00000000000000000000 -1.00000000000000000000 1.00000000000000000000 1.00000000000000000000 0.00000000000000000000 0.00000000000000000000 0.00000000000000000000 -1.00000000000000000000 1.00000000000000000000 -1.74133002758026123047
1.00000000000000000000 0.00000000000000000000 1.00000000000000000000 1.00000000000000000000 1.00000000000000000000 0.00000000000000000000 -1.00000000000000000000 1.00000000000000000000 0.00000000000000000000 0.00000000000000000000 4.56297016143798828125
-1.00000000000000000000 0.00000000000000000000 -1.00000000000000000000 -1.00000000000000000000 1.00000000000000000000 1.00000000000000000000 -1.00000000000000000000 0.00000000000000000000 0.00000000000000000000 1.00000000000000000000 2.75013995170593261719
-1.00000000000000000000 -1.00000000000000000000 0.00000000000000000000 0.00000000000000000000 1.00000000000000000000 -1.00000000000000000000 -1.00000000000000000000 -1.00000000000000000000 0.00000000000000000000 -1.00000000000000000000 -1.00587999820709250720
-1.00000000000000000000 -1.00000000000000000000 -1.00000000000000000000 -1.00000000000000000000 1.00000000000000000000 1.00000000000000000000 -1.00000000000000000000 -1.00000000000000000000 1.00000000000000000000 0.00000000000000000000 1.60151004791259765625
-1.00000000000000000000 1.00000000000000000000 1.00000000000000000000 0.00000000000000000000 -1.00000000000000000000 0.00000000000000000000 0.00000000000000000000 1.00000000000000000000 1.00000000000000000000 1.00000000000000000000 -4.59549999237060546875
1.00000000000000000000 0.00000000000000000000 0.00000000000000000000 0.00000000000000000000 -1.00000000000000000000 0.00000000000000000000 1.00000000000000000000 0.00000000000000000000 -1.00000000000000000000 -1.00000000000000000000 1.62558996677398681641
1.00000000000000000000 0.00000000000000000000 -1.00000000000000000000 1.00000000000000000000 1.00000000000000000000 1.00000000000000000000 1.00000000000000000000 1.00000000000000000000 0.00000000000000000000 0.00000000000000000000 3.44718003273010253906
1.00000000000000000000 -1.00000000000000000000 0.00000000000000000000 0.00000000000000000000 0.00000000000000000000 1.00000000000000000000 0.00000000000000000000 -1.00000000000000000000 -1.00000000000000000000 1.00000000000000000000 -0.98831999301910400391
1.00000000000000000000 0.00000000000000000000 0.00000000000000000000 -1.00000000000000000000 -1.00000000000000000000 -1.00000000000000000000 0.00000000000000000000 -1.00000000000000000000 0.00000000000000000000 -1.00000000000000000000 0.84999197721481323242
1.00000000000000000000 0.00000000000000000000 -1.00000000000000000000 0.00000000000000000000 1.00000000000000000000 -1.00000000000000000000 -1.00000000000000000000 0.00000000000000000000 1.00000000000000000000 0.00000000000000000000 -0.87222200632095336914
1.00000000000000000000 -1.00000000000000000000 0.00000000000000000000 1.00000000000000000000 0.00000000000000000000 0.00000000000000000000 0.00000000000000000000 0.00000000000000000000 0.00000000000000000000 1.00000000000000000000 1.45662999153137207031
-1.00000000000000000000 0.00000000000000000000 0.00000000000000000000 1.00000000000000000000 0.00000000000000000000 -1.00000000000000000000 1.00000000000000000000 0.00000000000000000000 -1.00000000000000000000 0.00000000000000000000 -5.65819978713989257812
1.00000000000000000000 1.00000000000000000000 -1.00000000000000000000 0.00000000000000000000 1.00000000000000000000 0.00000000000000000000 0.00000000000000000000 -1.00000000000000000000 0.00000000000000000000 0.00000000000000000000 2.86315989494323730469
1.00000000000000000000 1.00000000000000000000 -1.00000000000000000000 0.00000000000000000000 1.00000000000000000000 -1.00000000000000000000 -1.00000000000000000000 -1.00000000000000000000 0.00000000000000000000 0.00000000000000000000 5.95971012115478515625
1.00000000000000000000 1.00000000000000000000 -1.00000000000000000000 0.00000000000000000000 1.00000000000000000000 -1.00000000000000000000 -1.00000000000000000000 0.00000000000000000000 1.00000000000000000000 1.00000000000000000000 5.65193986892700195312
1.00000000000000000000 0.00000000000000000000 -1.00000000000000000000 -1.00000000000000000000 -1.00000000000000000000 -1.00000000000000000000 1.00000000000000000000 1.00000000000000000000 -1.00000000000000000000 0.00000000000000000000 -0.81045997142791748047
1.00000000000000000000 0.00000000000000000000 -1.00000000000000000000 -1.00000000000000000000 -1.00000000000000000000 0.00000000000000000000 -1.00000000000000000000 0.00000000000000000000 0.00000000000000000000 0.00000000000000000000 -0.02666340023279190063
1.00000000000000000000 0.00000000000000000000 1.00000000000000000000 0.00000000000000000000 -1.00000000000000000000 1.00000000000000000000 1.00000000000000000000 -1.00000000000000000000 -1.00000000000000000000 -1.00000000000000000000 4.01792001724243164062
1.00000000000000000000 -1.00000000000000000000 -1.00000000000000000000 0.00000000000000000000 1.00000000000000000000 -1.00000000000000000000 0.00000000000000000000 -1.00000000000000000000 1.00000000000000000000 0.00000000000000000000 -1.03709995746612571033
-1.00000000000000000000 1.00000000000000000000 1.00000000000000000000 0.00000000000000000000 1.00000000000000000000 0.00000000000000000000 0.00000000000000000000 1.00000000000000000000 1.00000000000000000000 -1.00000000000000000000 1.41666996479034423828
-1.00000000000000000000 -1.00000000000000000000 0.00000000000000000000 1.00000000000000000000 1.00000000000000000000 0.00000000000000000000 1.00000000000000000000 1.00000000000000000000 -1.00000000000000000000 1.00000000000000000000 1.93482995033264160156
1.00000000000000000000 1.00000000000000000000 1.00000000000000000000 0.00000000000000000000 -1.00000000000000000000 1.00000000000000000000 0.00000000000000000000 0.00000000000000000000 -1.00000000000000000000 1.00000000000000000000 7.56975984573364257812
1.00000000000000000000 -1.00000000000000000000 -1.00000000000000000000 0.00000000000000000000 -1.00000000000000000000 -1.00000000000000000000 1.00000000000000000000 -1.00000000000000000000 -1.00000000000000000000 1.00000000000000000000 -1.95984005928039550781
1.00000000000000000000 0.00000000000000000000 1.00000000000000000000 -1.00000000000000000000 1.00000000000000000000 1.00000000000000000000 1.00000000000000000000 1.00000000000000000000 -1.00000000000000000000 1.00000000000000000000 2.46968007087707519531
-1.00000000000000000000 1.00000000000000000000 1.00000000000000000000 -1.00000000000000000000 1.00000000000000000000 1.00000000000000000000 -1.00000000000000000000 1.00000000000000000000 1.00000000000000000000 -1.00000000000000000000 2.57856011390686035156
1.00000000000000000000 -1.00000000000000000000 1.00000000000000000000 1.00000000000000000000 0.00000000000000000000 -1.00000000000000000000 -1.00000000000000000000 0.00000000000000000000 0.00000000000000000000 -1.00000000000000000000 2.56735992431640625000
1.00000000000000000000 1.00000000000000000000 -1.00000000000000000000 1.00000000000000000000 1.00000000000000000000 0.00000000000000000000 -1.00000000000000000000 1.00000000000000000000 1.00000000000000000000 1.00000000000000000000 4.05742979049682617188
1.00000000000000000000 1.00000000000000000000 1.00000000000000000000 0.00000000000000000000 0.00000000000000000000 -1.00000000000000000000 0.00000000000000000000 0.00000000000000000000 -1.00000000000000000000 -1.00000000000000000000 8.09829998016357421875
1.00000000000000000000 -1.00000000000000000000 -1.00000000000000000000 -1.00000000000000000000 0.00000000000000000000 1.00000000000000000000 -1.00000000000000000000 1.00000000000000000000 0.00000000000000000000 1.00000000000000000000 -2.57559990882873579565
-1.00000000000000000000 0.00000000000000000000 0.00000000000000000000 0.00000000000000000000 1.00000000000000000000 1.00000000000000000000 -1.00000000000000000000 0.00000000000000000000 1.00000000000000000000 0.00000000000000000000 2.33074998855590820312
-1.00000000000000000000 0.00000000000000000000 -1.00000000000000000000 0.00000000000000000000 0.00000000000000000000 0.00000000000000000000 0.00000000000000000000 1.00000000000000000000 -1.00000000000000000000 0.00000000000000000000 -1.95181000232696510999
-1.00000000000000000000 -1.00000000000000000000 1.00000000000000000000 1.00000000000000000000 0.00000000000000000000 1.00000000000000000000 -1.00000000000000000000 0.00000000000000000000 1.00000000000000000000 -1.00000000000000000000 -3.25932002067565917969
1.00000000000000000000 0.00000000000000000000 1.00000000000000000000 1.00000000000000000000 1.00000000000000000000 1.00000000000000000000 -1.00000000000000000000 -1.00000000000000000000 1.00000000000000000000 1.00000000000000000000 3.57302999496460005346
1.00000000000000000000 1.00000000000000000000 0.00000000000000000000 -1.00000000000000000000 -1.00000000000000000000 1.00000000000000000000 0.00000000000000000000 -1.00000000000000000000 1.00000000000000000000 1.00000000000000000000 4.66172981262207031250
-1.00000000000000000000 1.00000000000000000000 1.00000000000000000000 1.00000000000000000000 1.00000000000000000000 -1.00000000000000000000 0.00000000000000000000 1.00000000000000000000 0.00000000000000000000 1.00000000000000000000 -2.48042988777160644531
1.00000000000000000000 1.00000000000000000000 0.00000000000000000000 0.00000000000000000000 -1.00000000000000000000 1.00000000000000000000 1.00000000000000000000 -1.00000000000000000000 1.00000000000000000000 0.00000000000000000000 7.09514999389648437500
1.00000000000000000000 1.00000000000000000000 1.00000000000000000000 1.00000000000000000000 1.00000000000000000000 0.00000000000000000000 1.00000000000000000000 0.00000000000000000000 0.00000000000000000000 -1.00000000000000000000 8.85076999664306640625
-1.00000000000000000000 1.00000000000000000000 0.00000000000000000000 1.00000000000000000000 1.00000000000000000000 1.00000000000000000000 1.00000000000000000000 1.00000000000000000000 -1.00000000000000000000 0.00000000000000000000 2.68334007263183593750
-1.00000000000000000000 1.00000000000000000000 0.00000000000000000000 -1.00000000000000000000 0.00000000000000000000 0.00000000000000000000 1.00000000000000000000 -1.00000000000000000000 0.00000000000000000000 -1.00000000000000000000 -2.21377992630004882812
-1.00000000000000000000 0.00000000000000000000 0.00000000000000000000 -1.00000000000000000000 1.00000000000000000000 0.00000000000000000000 1.00000000000000000000 -1.00000000000000000000 0.00000000000000000000 1.00000000000000000000 -0.07135169953107829699
1.00000000000000000000 -1.00000000000000000000 0.00000000000000000000 -1.00000000000000000000 0.00000000000000000000 1.00000000000000000000 1.00000000000000000000 1.00000000000000000000 -1.00000000000000000000 1.00000000000000000000 -0.98072099685668956415
1.00000000000000000000 -1.00000000000000000000 1.00000000000000000000 0.00000000000000000000 -1.00000000000000000000 -1.00000000000000000000 -1.00000000000000000000 -1.00000000000000000000 -1.00000000000000000000 0.00000000000000000000 2.06819009780883789062
-1.00000000000000000000 -1.00000000000000000000 -1.00000000000000000000 -1.00000000000000000000 -1.00000000000000000000 -1.00000000000000000000 0.00000000000000000000 -1.00000000000000000000 -1.00000000000000000000 1.00000000000000000000 -7.25102996826171875000
-1.00000000000000000000 0.00000000000000000000 1.00000000000000000000 0.00000000000000000000 -1.00000000000000000000 1.00000000000000000000 0.00000000000000000000 0.00000000000000000000 -1.00000000000000000000 -1.00000000000000000000 -3.06843996047973632812
1.00000000000000000000 1.00000000000000000000 1.00000000000000000000 -1.00000000000000000000 1.00000000000000000000 0.00000000000000000000 -1.00000000000000000000 -1.00000000000000000000 -1.00000000000000000000 1.00000000000000000000 5.18264007568359375000
-1.00000000000000000000 1.00000000000000000000 1.00000000000000000000 1.00000000000000000000 0.00000000000000000000 -1.00000000000000000000 0.00000000000000000000 0.00000000000000000000 0.00000000000000000000 0.00000000000000000000 -5.86484003067016601562
-1.00000000000000000000 -1.00000000000000000000 -1.00000000000000000000 -1.00000000000000000000 0.00000000000000000000 0.00000000000000000000 -1.00000000000000000000 1.00000000000000000000 -1.00000000000000000000 -1.00000000000000000000 -4.35015010833740234375
-1.00000000000000000000 1.00000000000000000000 -1.00000000000000000000 -1.00000000000000000000 1.00000000000000000000 1.00000000000000000000 -1.00000000000000000000 1.00000000000000000000 0.00000000000000000000 1.00000000000000000000 1.65498995780944824219
-1.00000000000000000000 1.00000000000000000000 0.00000000000000000000 -1.00000000000000000000 1.00000000000000000000 1.00000000000000000000 0.00000000000000000000 -1.00000000000000000000 -1.00000000000000000000 1.00000000000000000000 0.94145900011062622070
-1.00000000000000000000 -1.00000000000000000000 -1.00000000000000000000 0.00000000000000000000 0.00000000000000000000 0.00000000000000000000 -1.00000000000000000000 -1.00000000000000000000 -1.00000000000000000000 1.00000000000000000000 -6.31790018081665039062
1.00000000000000000000 0.00000000000000000000 0.00000000000000000000 0.00000000000000000000 1.00000000000000000000 -1.00000000000000000000 1.00000000000000000000 -1.00000000000000000000 1.00000000000000000000 -1.00000000000000000000 2.16982007026672407690
1.00000000000000000000 0.00000000000000000000 0.00000000000000000000 0.00000000000000000000 0.00000000000000000000 -1.00000000000000000000 1.00000000000000000000 0.00000000000000000000 0.00000000000000000000 1.00000000000000000000 1.18878996372222900391
-1.00000000000000000000 1.00000000000000000000 1.00000000000000000000 1.00000000000000000000 0.00000000000000000000 1.00000000000000000000 1.00000000000000000000 1.00000000000000000000 -1.00000000000000000000 0.00000000000000000000 1.33045995235443115234
-1.00000000000000000000 0.00000000000000000000 -1.00000000000000000000 1.00000000000000000000 -1.00000000000000000000 0.00000000000000000000 1.00000000000000000000 0.00000000000000000000 0.00000000000000000000 -1.00000000000000000000 -5.10267019271850585938
-1.00000000000000000000 -1.00000000000000000000 1.00000000000000000000 -1.00000000000000000000 0.00000000000000000000 0.00000000000000000000 0.00000000000000000000 0.00000000000000000000 1.00000000000000000000 -1.00000000000000000000 -0.29663899540901178531
1.00000000000000000000 0.00000000000000000000 0.00000000000000000000 1.00000000000000000000 1.00000000000000000000 -1.00000000000000000000 0.00000000000000000000 -1.00000000000000000000 0.00000000000000000000 1.00000000000000000000 4.30865001678466796875
1.00000000000000000000 0.00000000000000000000 0.00000000000000000000 1.00000000000000000000 -1.00000000000000000000 -1.00000000000000000000 -1.00000000000000000000 0.00000000000000000000 1.00000000000000000000 0.00000000000000000000 2.90372991561889648438
1.00000000000000000000 -1.00000000000000000000 -1.00000000000000000000 0.00000000000000000000 -1.00000000000000000000 -1.00000000000000000000 1.00000000000000000000 0.00000000000000000000 1.00000000000000000000 -1.00000000000000000000 -1.59535002708435058594
1.00000000000000000000 0.00000000000000000000 1.00000000000000000000 0.00000000000000000000 -1.00000000000000000000 -1.00000000000000000000 0.00000000000000000000 1.00000000000000000000 0.00000000000000000000 1.00000000000000000000 5.56778001785278320312
1.00000000000000000000 1.00000000000000000000 1.00000000000000000000 0.00000000000000000000 0.00000000000000000000 1.00000000000000000000 0.00000000000000000000 0.00000000000000000000 1.00000000000000000000 -1.00000000000000000000 9.07120037078857421875
1.00000000000000000000 1.00000000000000000000 1.00000000000000000000 -1.00000000000000000000 -1.00000000000000000000 -1.00000000000000000000 0.00000000000000000000 0.00000000000000000000 1.00000000000000000000 -1.00000000000000000000 6.83388996124267578125
-1.00000000000000000000 -1.00000000000000000000 0.00000000000000000000 0.00000000000000000000 -1.00000000000000000000 0.00000000000000000000 -1.00000000000000000000 1.00000000000000000000 1.00000000000000000000 -1.00000000000000000000 -7.81215000152587890625
-1.00000000000000000000 0.00000000000000000000 0.00000000000000000000 0.00000000000000000000 1.00000000000000000000 0.00000000000000000000 1.00000000000000000000 1.00000000000000000000 -1.00000000000000000000 0.00000000000000000000 0.75383299589157104492
-1.00000000000000000000 -1.00000000000000000000 -1.00000000000000000000 -1.00000000000000000000 1.00000000000000000000 0.00000000000000000000 0.00000000000000000000 0.00000000000000000000 1.00000000000000000000 0.00000000000000000000 -1.40166997909545898438
-1.00000000000000000000 0.00000000000000000000 -1.00000000000000000000 -1.00000000000000000000 -1.00000000000000000000 1.00000000000000000000 1.00000000000000000000 0.00000000000000000000 0.00000000000000000000 0.00000000000000000000 -1.10784995555877685547
1.00000000000000000000 -1.00000000000000000000 0.00000000000000000000 -1.00000000000000000000 0.00000000000000000000 0.00000000000000000000 0.00000000000000000000 -1.00000000000000000000 0.00000000000000000000 -1.00000000000000000000 -1.06862998008728049548
-1.00000000000000000000 1.00000000000000000000 0.00000000000000000000 0.00000000000000000000 1.00000000000000000000 0.00000000000000000000 1.00000000000000000000 0.00000000000000000000 -1.00000000000000000000 -1.00000000000000000000 -0.11441200226545329699
1.00000000000000000000 -1.00000000000000000000 1.00000000000000000000 -1.00000000000000000000 1.00000000000000000000 -1.00000000000000000000 -1.00000000000000000000 0.00000000000000000000 0.00000000000000000000 0.00000000000000000000 1.41454994678497314453
-1.00000000000000000000 -1.00000000000000000000 0.00000000000000000000 1.00000000000000000000 1.00000000000000000000 0.00000000000000000000 1.00000000000000000000 -1.00000000000000000000 -1.00000000000000000000 1.00000000000000000000 2.99880003929138183594
-1.00000000000000000000 0.00000000000000000000 -1.00000000000000000000 -1.00000000000000000000 1.00000000000000000000 -1.00000000000000000000 0.00000000000000000000 -1.00000000000000000000 0.00000000000000000000 1.00000000000000000000 -0.71197700500488281250
1.00000000000000000000 0.00000000000000000000 1.00000000000000000000 1.00000000000000000000 1.00000000000000000000 -1.00000000000000000000 -1.00000000000000000000 0.00000000000000000000 0.00000000000000000000 0.00000000000000000000 5.89547014236450195312
-1.00000000000000000000 1.00000000000000000000 0.00000000000000000000 0.00000000000000000000 0.00000000000000000000 -1.00000000000000000000 1.00000000000000000000 1.00000000000000000000 1.00000000000000000000 0.00000000000000000000 -2.78620004653930619654
-1.00000000000000000000 1.00000000000000000000 0.00000000000000000000 1.00000000000000000000 1.00000000000000000000 -1.00000000000000000000 1.00000000000000000000 -1.00000000000000000000 -1.00000000000000000000 1.00000000000000000000 -1.51306998729705810547
1.00000000000000000000 1.00000000000000000000 1.00000000000000000000 -1.00000000000000000000 1.00000000000000000000 -1.00000000000000000000 1.00000000000000000000 -1.00000000000000000000 1.00000000000000000000 -1.00000000000000000000 7.36635017395019531250
1.00000000000000000000 1.00000000000000000000 0.00000000000000000000 1.00000000000000000000 1.00000000000000000000 0.00000000000000000000 1.00000000000000000000 1.00000000000000000000 0.00000000000000000000 1.00000000000000000000 7.28625011444091796875
1.00000000000000000000 -1.00000000000000000000 -1.00000000000000000000 -1.00000000000000000000 0.00000000000000000000 0.00000000000000000000 0.00000000000000000000 -1.00000000000000000000 0.00000000000000000000 1.00000000000000000000 -2.23689007759094238281
1.00000000000000000000 1.00000000000000000000 1.00000000000000000000 1.00000000000000000000 0.00000000000000000000 0.00000000000000000000 0.00000000000000000000 0.00000000000000000000 -1.00000000000000000000 1.00000000000000000000 8.81495952606201171875
-1.00000000000000000000 1.00000000000000000000 0.00000000000000000000 0.00000000000000000000 1.00000000000000000000 0.00000000000000000000 0.00000000000000000000 -1.00000000000000000000 1.00000000000000000000 0.00000000000000000000 0.56055498123168945312
-1.00000000000000000000 0.00000000000000000000 0.00000000000000000000 0.00000000000000000000 -1.00000000000000000000 1.00000000000000000000 0.00000000000000000000 1.00000000000000000000 -1.00000000000000000000 1.00000000000000000000 -3.72684001922607421875
-1.00000000000000000000 1.00000000000000000000 1.00000000000000000000 -1.00000000000000000000 1.00000000000000000000 -1.00000000000000000000 -1.00000000000000000000 1.00000000000000000000 1.00000000000000000000 -1.00000000000000000000 -3.21514010429382324219
-1.00000000000000000000 0.00000000000000000000 1.00000000000000000000 0.00000000000000000000 -1.00000000000000000000 1.00000000000000000000 1.00000000000000000000 -1.00000000000000000000 0.00000000000000000000 1.00000000000000000000 -3.45703005790710449219
-1.00000000000000000000 -1.00000000000000000000 -1.00000000000000000000 0.00000000000000000000 -1.00000000000000000000 0.00000000000000000000 0.00000000000000000000 1.00000000000000000000 0.00000000000000000000 -1.00000000000000000000 -5.31353998184204101562
1.00000000000000000000 1.00000000000000000000 0.00000000000000000000 -1.00000000000000000000 1.00000000000000000000 0.00000000000000000000 0.00000000000000000000 1.00000000000000000000 1.00000000000000000000 0.00000000000000000000 3.96382999420166015625
1.00000000000000000000 -1.00000000000000000000 1.00000000000000000000 0.00000000000000000000 0.00000000000000000000 -1.00000000000000000000 1.00000000000000000000 -1.00000000000000000000 0.00000000000000000000 1.00000000000000000000 2.73504996299743652344
1.00000000000000000000 -1.00000000000000000000 0.00000000000000000000 1.00000000000000000000 1.00000000000000000000 1.00000000000000000000 0.00000000000000000000 -1.00000000000000000000 1.00000000000000000000 1.00000000000000000000 3.01208996772766113281
1.00000000000000000000 0.00000000000000000000 -1.00000000000000000000 0.00000000000000000000 1.00000000000000000000 0.00000000000000000000 -1.00000000000000000000 0.00000000000000000000 -1.00000000000000000000 -1.00000000000000000000 2.60795998573303178247
1.00000000000000000000 1.00000000000000000000 0.00000000000000000000 0.00000000000000000000 -1.00000000000000000000 -1.00000000000000000000 1.00000000000000000000 0.00000000000000000000 1.00000000000000000000 0.00000000000000000000 5.32663011550903320312
-1.00000000000000000000 -1.00000000000000000000 0.00000000000000000000 0.00000000000000000000 -1.00000000000000000000 0.00000000000000000000 -1.00000000000000000000 -1.00000000000000000000 1.00000000000000000000 -1.00000000000000000000 -8.36487960815429687500
-1.00000000000000000000 1.00000000000000000000 -1.00000000000000000000 1.00000000000000000000 1.00000000000000000000 -1.00000000000000000000 1.00000000000000000000 -1.00000000000000000000 1.00000000000000000000 0.00000000000000000000 -0.72226899862289428711
-1.00000000000000000000 1.00000000000000000000 -1.00000000000000000000 1.00000000000000000000 -1.00000000000000000000 0.00000000000000000000 0.00000000000000000000 -1.00000000000000000000 -1.00000000000000000000 -1.00000000000000000000 -6.43941020965576171875
-1.00000000000000000000 1.00000000000000000000 1.00000000000000000000 0.00000000000000000000 -1.00000000000000000000 -1.00000000000000000000 -1.00000000000000000000 -1.00000000000000000000 1.00000000000000000000 0.00000000000000000000 -9.59175968170166015625
1.00000000000000000000 -1.00000000000000000000 1.00000000000000000000 0.00000000000000000000 0.00000000000000000000 1.00000000000000000000 0.00000000000000000000 1.00000000000000000000 0.00000000000000000000 -1.00000000000000000000 1.83045005798339843750
1.00000000000000000000 0.00000000000000000000 0.00000000000000000000 1.00000000000000000000 1.00000000000000000000 0.00000000000000000000 1.00000000000000000000 -1.00000000000000000000 0.00000000000000000000 0.00000000000000000000 4.88018989562988281250
1.00000000000000000000 1.00000000000000000000 -1.00000000000000000000 0.00000000000000000000 1.00000000000000000000 0.00000000000000000000 -1.00000000000000000000 0.00000000000000000000 1.00000000000000000000 -1.00000000000000000000 2.68929004669189453125
1.00000000000000000000 1.00000000000000000000 1.00000000000000000000 0.00000000000000000000 1.00000000000000000000 0.00000000000000000000 -1.00000000000000000000 0.00000000000000000000 -1.00000000000000000000 -1.00000000000000000000 8.52933979034423828125
1.00000000000000000000 -1.00000000000000000000 1.00000000000000000000 1.00000000000000000000 0.00000000000000000000 -1.00000000000000000000 0.00000000000000000000 0.00000000000000000000 1.00000000000000000000 -1.00000000000000000000 2.42434000968933105469
1.00000000000000000000 -1.00000000000000000000 1.00000000000000000000 -1.00000000000000000000 1.00000000000000000000 1.00000000000000000000 0.00000000000000000000 -1.00000000000000000000 -1.00000000000000000000 0.00000000000000000000 1.32867002487182617188
-1.00000000000000000000 1.00000000000000000000 -1.00000000000000000000 -1.00000000000000000000 1.00000000000000000000 0.00000000000000000000 -1.00000000000000000000 -1.00000000000000000000 1.00000000000000000000 1.00000000000000000000 -0.71742999553680419922
-1.00000000000000000000 0.00000000000000000000 0.00000000000000000000 1.00000000000000000000 0.00000000000000000000 1.00000000000000000000 1.00000000000000000000 0.00000000000000000000 -1.00000000000000000000 -1.00000000000000000000 0.96880102157592762335
-1.00000000000000000000 0.00000000000000000000 1.00000000000000000000 1.00000000000000000000 -1.00000000000000000000 -1.00000000000000000000 -1.00000000000000000000 -1.00000000000000000000 -1.00000000000000000000 1.00000000000000000000 -9.83565998077392578125
1.00000000000000000000 0.00000000000000000000 1.00000000000000000000 0.00000000000000000000 -1.00000000000000000000 -1.00000000000000000000 0.00000000000000000000 -1.00000000000000000000 0.00000000000000000000 0.00000000000000000000 5.21192979812622070312
1.00000000000000000000 1.00000000000000000000 -1.00000000000000000000 1.00000000000000000000 0.00000000000000000000 1.00000000000000000000 -1.00000000000000000000 1.00000000000000000000 -1.00000000000000000000 -1.00000000000000000000 4.85234022140502929688
1.00000000000000000000 0.00000000000000000000 0.00000000000000000000 -1.00000000000000000000 0.00000000000000000000 0.00000000000000000000 -1.00000000000000000000 0.00000000000000000000 -1.00000000000000000000 0.00000000000000000000 3.08624005317687988281
1.00000000000000000000 1.00000000000000000000 1.00000000000000000000 0.00000000000000000000 1.00000000000000000000 -1.00000000000000000000 -1.00000000000000000000 0.00000000000000000000 1.00000000000000000000 -1.00000000000000000000 9.36145973205566406250
-1.00000000000000000000 0.00000000000000000000 1.00000000000000000000 0.00000000000000000000 0.00000000000000000000 1.00000000000000000000 0.00000000000000000000 0.00000000000000000000 0.00000000000000000000 -1.00000000000000000000 -0.18190699815750119295
1.00000000000000000000 0.00000000000000000000 -1.00000000000000000000 -1.00000000000000000000 1.00000000000000000000 -1.00000000000000000000 -1.00000000000000000000 0.00000000000000000000 1.00000000000000000000 -1.00000000000000000000 0.03533950075507159838
1.00000000000000000000 -1.00000000000000000000 1.00000000000000000000 0.00000000000000000000 0.00000000000000000000 -1.00000000000000000000 0.00000000000000000000 0.00000000000000000000 1.00000000000000000000 0.00000000000000000000 2.27992010116577148438
-1.00000000000000000000 -1.00000000000000000000 -1.00000000000000000000 0.00000000000000000000 1.00000000000000000000 1.00000000000000000000 0.00000000000000000000 1.00000000000000000000 -1.00000000000000000000 0.00000000000000000000 2.57041001319885253906
1.00000000000000000000 1.00000000000000000000 -1.00000000000000000000 0.00000000000000000000 1.00000000000000000000 -1.00000000000000000000 1.00000000000000000000 0.00000000000000000000 0.00000000000000000000 0.00000000000000000000 5.77718019485473632812
1.00000000000000000000 -1.00000000000000000000 1.00000000000000000000 1.00000000000000000000 -1.00000000000000000000 0.00000000000000000000 0.00000000000000000000 -1.00000000000000000000 0.00000000000000000000 -1.00000000000000000000 3.72006011009216308594
-1.00000000000000000000 0.00000000000000000000 0.00000000000000000000 -1.00000000000000000000 0.00000000000000000000 0.00000000000000000000 -1.00000000000000000000 -1.00000000000000000000 1.00000000000000000000 -1.00000000000000000000 -4.29774999618530273438
1.00000000000000000000 1.00000000000000000000 1.00000000000000000000 0.00000000000000000000 1.00000000000000000000 1.00000000000000000000 1.00000000000000000000 1.00000000000000000000 0.00000000000000000000 1.00000000000000000000 6.71741008758544921875
1.00000000000000000000 0.00000000000000000000 1.00000000000000000000 1.00000000000000000000 0.00000000000000000000 1.00000000000000000000 0.00000000000000000000 1.00000000000000000000 1.00000000000000000000 1.00000000000000000000 7.01102018356323242188
1.00000000000000000000 -1.00000000000000000000 0.00000000000000000000 -1.00000000000000000000 0.00000000000000000000 -1.00000000000000000000 0.00000000000000000000 0.00000000000000000000 1.00000000000000000000 -1.00000000000000000000 -0.59779202938079833984
1.00000000000000000000 -1.00000000000000000000 0.00000000000000000000 1.00000000000000000000 -1.00000000000000000000 0.00000000000000000000 0.00000000000000000000 0.00000000000000000000 -1.00000000000000000000 0.00000000000000000000 0.64052897691726684570
-1.00000000000000000000 0.00000000000000000000 -1.00000000000000000000 -1.00000000000000000000 0.00000000000000000000 -1.00000000000000000000 0.00000000000000000000 1.00000000000000000000 -1.00000000000000000000 0.00000000000000000000 -4.91509008407592773438
1.00000000000000000000 -1.00000000000000000000 -1.00000000000000000000 -1.00000000000000000000 -1.00000000000000000000 0.00000000000000000000 0.00000000000000000000 -1.00000000000000000000 -1.00000000000000000000 0.00000000000000000000 -3.30400991439819335938
-1.00000000000000000000 1.00000000000000000000 0.00000000000000000000 -1.00000000000000000000 0.00000000000000000000 1.00000000000000000000 0.00000000000000000000 -1.00000000000000000000 0.00000000000000000000 -1.00000000000000000000 -0.47789400815963739566
-1.00000000000000000000 -1.00000000000000000000 -1.00000000000000000000 -1.00000000000000000000 -1.00000000000000000000 -1.00000000000000000000 0.00000000000000000000 0.00000000000000000000 -1.00000000000000000000 0.00000000000000000000 -8.91615962982177734375
1.00000000000000000000 0.00000000000000000000 0.00000000000000000000 1.00000000000000000000 1.00000000000000000000 0.00000000000000000000 1.00000000000000000000 0.00000000000000000000 0.00000000000000000000 1.00000000000000000000 3.50956010818481445312
-1.00000000000000000000 0.00000000000000000000 1.00000000000000000000 1.00000000000000000000 -1.00000000000000000000 1.00000000000000000000 -1.00000000000000000000 -1.00000000000000000000 0.00000000000000000000 1.00000000000000000000 -6.20974016189575195312
-1.00000000000000000000 0.00000000000000000000 0.00000000000000000000 1.00000000000000000000 0.00000000000000000000 0.00000000000000000000 0.00000000000000000000 -1.00000000000000000000 -1.00000000000000000000 -1.00000000000000000000 -2.87204003334045410156
-1.00000000000000000000 1.00000000000000000000 0.00000000000000000000 -1.00000000000000000000 -1.00000000000000000000 0.00000000000000000000 0.00000000000000000000 -1.00000000000000000000 1.00000000000000000000 0.00000000000000000000 -3.53560996055603027344
1.00000000000000000000 0.00000000000000000000 0.00000000000000000000 -1.00000000000000000000 0.00000000000000000000 1.00000000000000000000 1.00000000000000000000 1.00000000000000000000 1.00000000000000000000 1.00000000000000000000 3.15407991409301757812
-1.00000000000000000000 -1.00000000000000000000 0.00000000000000000000 -1.00000000000000000000 -1.00000000000000000000 0.00000000000000000000 0.00000000000000000000 0.00000000000000000000 -1.00000000000000000000 1.00000000000000000000 -5.82750988006591796875
-1.00000000000000000000 1.00000000000000000000 1.00000000000000000000 -1.00000000000000000000 -1.00000000000000000000 1.00000000000000000000 1.00000000000000000000 1.00000000000000000000 1.00000000000000000000 0.00000000000000000000 -2.22621011734008789062
-1.00000000000000000000 1.00000000000000000000 0.00000000000000000000 1.00000000000000000000 -1.00000000000000000000 -1.00000000000000000000 0.00000000000000000000 0.00000000000000000000 -1.00000000000000000000 0.00000000000000000000 -7.25832986831665039062
-1.00000000000000000000 0.00000000000000000000 0.00000000000000000000 -1.00000000000000000000 1.00000000000000000000 0.00000000000000000000 1.00000000000000000000 1.00000000000000000000 -1.00000000000000000000 1.00000000000000000000 -0.37846499681472778320
1.00000000000000000000 0.00000000000000000000 -1.00000000000000000000 0.00000000000000000000 1.00000000000000000000 0.00000000000000000000 1.00000000000000000000 -1.00000000000000000000 1.00000000000000000000 1.00000000000000000000 -0.43696799874305719547
1.00000000000000000000 0.00000000000000000000 0.00000000000000000000 1.00000000000000000000 1.00000000000000000000 0.00000000000000000000 0.00000000000000000000 -1.00000000000000000000 -1.00000000000000000000 -1.00000000000000000000 1.88650000095367431641
1.00000000000000000000 0.00000000000000000000 -1.00000000000000000000 0.00000000000000000000 0.00000000000000000000 1.00000000000000000000 -1.00000000000000000000 0.00000000000000000000 -1.00000000000000000000 -1.00000000000000000000 1.94381999969482399671
1.00000000000000000000 0.00000000000000000000 -1.00000000000000000000 -1.00000000000000000000 -1.00000000000000000000 -1.00000000000000000000 1.00000000000000000000 1.00000000000000000000 1.00000000000000000000 -1.00000000000000000000 -0.42092999815940851382
-1.00000000000000000000 1.00000000000000000000 0.00000000000000000000 -1.00000000000000000000 0.00000000000000000000 0.00000000000000000000 1.00000000000000000000 1.00000000000000000000 -1.00000000000000000000 1.00000000000000000000 -2.91792988777160644531
1.00000000000000000000 1.00000000000000000000 -1.00000000000000000000 0.00000000000000000000 -1.00000000000000000000 -1.00000000000000000000 -1.00000000000000000000 -1.00000000000000000000 0.00000000000000000000 -1.00000000000000000000 3.12732005119323730469
1.00000000000000000000 1.00000000000000000000 0.00000000000000000000 1.00000000000000000000 1.00000000000000000000 -1.00000000000000000000 -1.00000000000000000000 -1.00000000000000000000 1.00000000000000000000 0.00000000000000000000 5.30159997940063476562
-1.00000000000000000000 0.00000000000000000000 1.00000000000000000000 -1.00000000000000000000 1.00000000000000000000 0.00000000000000000000 0.00000000000000000000 -1.00000000000000000000 0.00000000000000000000 -1.00000000000000000000 -1.08016002178192138672
-1.00000000000000000000 0.00000000000000000000 1.00000000000000000000 -1.00000000000000000000 1.00000000000000000000 -1.00000000000000000000 0.00000000000000000000 0.00000000000000000000 0.00000000000000000000 1.00000000000000000000 -3.34348988533020019531
-1.00000000000000000000 -1.00000000000000000000 1.00000000000000000000 0.00000000000000000000 0.00000000000000000000 -1.00000000000000000000 1.00000000000000000000 1.00000000000000000000 1.00000000000000000000 0.00000000000000000000 -4.46185016632080078125
-1.00000000000000000000 0.00000000000000000000 1.00000000000000000000 1.00000000000000000000 1.00000000000000000000 -1.00000000000000000000 1.00000000000000000000 0.00000000000000000000 1.00000000000000000000 0.00000000000000000000 -0.88467800617218017578
1.00000000000000000000 0.00000000000000000000 -1.00000000000000000000 0.00000000000000000000 -1.00000000000000000000 -1.00000000000000000000 1.00000000000000000000 0.00000000000000000000 0.00000000000000000000 1.00000000000000000000 0.29714900255203241519
1.00000000000000000000 0.00000000000000000000 1.00000000000000000000 0.00000000000000000000 -1.00000000000000000000 1.00000000000000000000 -1.00000000000000000000 1.00000000000000000000 0.00000000000000000000 0.00000000000000000000 5.72588014602661132812
-1.00000000000000000000 1.00000000000000000000 1.00000000000000000000 0.00000000000000000000 0.00000000000000000000 0.00000000000000000000 1.00000000000000000000 -1.00000000000000000000 1.00000000000000000000 1.00000000000000000000 -2.08240008354187011719
-1.00000000000000000000 -1.00000000000000000000 -1.00000000000000000000 -1.00000000000000000000 0.00000000000000000000 1.00000000000000000000 1.00000000000000000000 1.00000000000000000000 1.00000000000000000000 0.00000000000000000000 -0.29390999674797058105
-1.00000000000000000000 1.00000000000000000000 0.00000000000000000000 1.00000000000000000000 0.00000000000000000000 0.00000000000000000000 0.00000000000000000000 1.00000000000000000000 0.00000000000000000000 0.00000000000000000000 -1.70498001575469970703
1.00000000000000000000 -1.00000000000000000000 0.00000000000000000000 0.00000000000000000000 1.00000000000000000000 0.00000000000000000000 0.00000000000000000000 -1.00000000000000000000 0.00000000000000000000 1.00000000000000000000 0.24642799794673919678
-1.00000000000000000000 -1.00000000000000000000 -1.00000000000000000000 -1.00000000000000000000 -1.00000000000000000000 0.00000000000000000000 0.00000000000000000000 0.00000000000000000000 -1.00000000000000000000 1.00000000000000000000 -4.04996013641357421875
1.00000000000000000000 1.00000000000000000000 1.00000000000000000000 0.00000000000000000000 -1.00000000000000000000 0.00000000000000000000 0.00000000000000000000 0.00000000000000000000 1.00000000000000000000 0.00000000000000000000 7.20851993560791015625
-1.00000000000000000000 0.00000000000000000000 0.00000000000000000000 0.00000000000000000000 -1.00000000000000000000 -1.00000000000000000000 0.00000000000000000000 0.00000000000000000000 1.00000000000000000000 0.00000000000000000000 -9.32672977447509765625
1.00000000000000000000 1.00000000000000000000 1.00000000000000000000 -1.00000000000000000000 -1.00000000000000000000 1.00000000000000000000 1.00000000000000000000 1.00000000000000000000 -1.00000000000000000000 -1.00000000000000000000 7.74675989151000976562
1.00000000000000000000 0.00000000000000000000 -1.00000000000000000000 1.00000000000000000000 -1.00000000000000000000 1.00000000000000000000 0.00000000000000000000 1.00000000000000000000 -1.00000000000000000000 -1.00000000000000000000 2.99206995964050292969
1.00000000000000000000 -1.00000000000000000000 1.00000000000000000000 0.00000000000000000000 1.00000000000000000000 1.00000000000000000000 -1.00000000000000000000 0.00000000000000000000 1.00000000000000000000 0.00000000000000000000 2.40016007423400878906
1.00000000000000000000 -1.00000000000000000000 0.00000000000000000000 0.00000000000000000000 1.00000000000000000000 0.00000000000000000000 1.00000000000000000000 1.00000000000000000000 1.00000000000000000000 -1.00000000000000000000 -0.49602198600769037418
1.00000000000000000000 -1.00000000000000000000 1.00000000000000000000 1.00000000000000000000 -1.00000000000000000000 1.00000000000000000000 0.00000000000000000000 -1.00000000000000000000 1.00000000000000000000 1.00000000000000000000 1.67112994194030761719
-1.00000000000000000000 0.00000000000000000000 -1.00000000000000000000 0.00000000000000000000 -1.00000000000000000000 0.00000000000000000000 1.00000000000000000000 0.00000000000000000000 1.00000000000000000000 -1.00000000000000000000 -6.08646011352539062500
-1.00000000000000000000 1.00000000000000000000 1.00000000000000000000 0.00000000000000000000 -1.00000000000000000000 0.00000000000000000000 -1.00000000000000000000 -1.00000000000000000000 1.00000000000000000000 1.00000000000000000000 -6.59503984451294034130
-1.00000000000000000000 1.00000000000000000000 -1.00000000000000000000 0.00000000000000000000 1.00000000000000000000 0.00000000000000000000 0.00000000000000000000 0.00000000000000000000 -1.00000000000000000000 1.00000000000000000000 -1.29315996170043967517
1.00000000000000000000 0.00000000000000000000 1.00000000000000000000 1.00000000000000000000 0.00000000000000000000 1.00000000000000000000 0.00000000000000000000 1.00000000000000000000 1.00000000000000000000 -1.00000000000000000000 6.35874986648559570312
1.00000000000000000000 0.00000000000000000000 1.00000000000000000000 -1.00000000000000000000 1.00000000000000000000 -1.00000000000000000000 0.00000000000000000000 -1.00000000000000000000 -1.00000000000000000000 -1.00000000000000000000 3.12704992294311523438
-1.00000000000000000000 1.00000000000000000000 -1.00000000000000000000 -1.00000000000000000000 1.00000000000000000000 -1.00000000000000000000 1.00000000000000000000 1.00000000000000000000 1.00000000000000000000 -1.00000000000000000000 0.18979899585247039795
-1.00000000000000000000 0.00000000000000000000 -1.00000000000000000000 -1.00000000000000000000 -1.00000000000000000000 -1.00000000000000000000 -1.00000000000000000000 0.00000000000000000000 0.00000000000000000000 0.00000000000000000000 -10.56540012359619140625
1.00000000000000000000 1.00000000000000000000 -1.00000000000000000000 1.00000000000000000000 -1.00000000000000000000 -1.00000000000000000000 0.00000000000000000000 -1.00000000000000000000 -1.00000000000000000000 -1.00000000000000000000 4.81046009063720703125
-1.00000000000000000000 1.00000000000000000000 1.00000000000000000000 1.00000000000000000000 1.00000000000000000000 0.00000000000000000000 -1.00000000000000000000 1.00000000000000000000 -1.00000000000000000000 1.00000000000000000000 -0.83240801095962524414
-1.00000000000000000000 1.00000000000000000000 -1.00000000000000000000 0.00000000000000000000 0.00000000000000000000 0.00000000000000000000 -1.00000000000000000000 0.00000000000000000000 1.00000000000000000000 0.00000000000000000000 -3.40194988250732421875
1.00000000000000000000 -1.00000000000000000000 1.00000000000000000000 1.00000000000000000000 -1.00000000000000000000 1.00000000000000000000 0.00000000000000000000 0.00000000000000000000 0.00000000000000000000 -1.00000000000000000000 3.41406989097595214844
1.00000000000000000000 1.00000000000000000000 0.00000000000000000000 1.00000000000000000000 -1.00000000000000000000 0.00000000000000000000 1.00000000000000000000 -1.00000000000000000000 1.00000000000000000000 -1.00000000000000000000 7.80099010467529296875
-1.00000000000000000000 0.00000000000000000000 0.00000000000000000000 -1.00000000000000000000 0.00000000000000000000 0.00000000000000000000 1.00000000000000000000 -1.00000000000000000000 0.00000000000000000000 -1.00000000000000000000 -0.02720260061323639955
1.00000000000000000000 -1.00000000000000000000 -1.00000000000000000000 1.00000000000000000000 -1.00000000000000000000 0.00000000000000000000 0.00000000000000000000 -1.00000000000000000000 -1.00000000000000000000 0.00000000000000000000 -2.01978993415832519531
-1.00000000000000000000 1.00000000000000000000 0.00000000000000000000 -1.00000000000000000000 -1.00000000000000000000 -1.00000000000000000000 1.00000000000000000000 0.00000000000000000000 0.00000000000000000000 0.00000000000000000000 -8.46665000915527343750
-1.00000000000000000000 1.00000000000000000000 -1.00000000000000000000 -1.00000000000000000000 -1.00000000000000000000 1.00000000000000000000 0.00000000000000000000 1.00000000000000000000 0.00000000000000000000 1.00000000000000000000 -5.05374002456665039062
-1.00000000000000000000 0.00000000000000000000 -1.00000000000000000000 0.00000000000000000000 0.00000000000000000000 1.00000000000000000000 0.00000000000000000000 1.00000000000000000000 -1.00000000000000000000 -1.00000000000000000000 -0.84976297616958618164
-1.00000000000000000000 -1.00000000000000000000 -1.00000000000000000000 -1.00000000000000000000 0.00000000000000000000 0.00000000000000000000 -1.00000000000000000000 1.00000000000000000000 1.00000000000000000000 0.00000000000000000000 -4.70843982696533203125
1.00000000000000000000 0.00000000000000000000 1.00000000000000000000 1.00000000000000000000 -1.00000000000000000000 -1.00000000000000000000 -1.00000000000000000000 1.00000000000000000000 0.00000000000000000000 1.00000000000000000000 5.44773006439208984375
-1.00000000000000000000 -1.00000000000000000000 0.00000000000000000000 1.00000000000000000000 1.00000000000000000000 0.00000000000000000000 0.00000000000000000000 -1.00000000000000000000 0.00000000000000000000 -1.00000000000000000000 -0.23405200242996210269
1.00000000000000000000 1.00000000000000000000 1.00000000000000000000 1.00000000000000000000 -1.00000000000000000000 0.00000000000000000000 1.00000000000000000000 0.00000000000000000000 -1.00000000000000000000 1.00000000000000000000 7.73905992507934570312
-1.00000000000000000000 0.00000000000000000000 -1.00000000000000000000 -1.00000000000000000000 1.00000000000000000000 0.00000000000000000000 0.00000000000000000000 0.00000000000000000000 -1.00000000000000000000 1.00000000000000000000 1.56570994853973410876
1.00000000000000000000 -1.00000000000000000000 0.00000000000000000000 0.00000000000000000000 -1.00000000000000000000 1.00000000000000000000 0.00000000000000000000 -1.00000000000000000000 -1.00000000000000000000 -1.00000000000000000000 1.13576996326446510999
-1.00000000000000000000 0.00000000000000000000 0.00000000000000000000 -1.00000000000000000000 -1.00000000000000000000 1.00000000000000000000 0.00000000000000000000 1.00000000000000000000 -1.00000000000000000000 -1.00000000000000000000 -2.61135005950927734375
1.00000000000000000000 1.00000000000000000000 0.00000000000000000000 0.00000000000000000000 -1.00000000000000000000 -1.00000000000000000000 -1.00000000000000000000 0.00000000000000000000 1.00000000000000000000 0.00000000000000000000 6.66450023651123135693
-1.00000000000000000000 0.00000000000000000000 0.00000000000000000000 1.00000000000000000000 -1.00000000000000000000 -1.00000000000000000000 0.00000000000000000000 1.00000000000000000000 -1.00000000000000000000 1.00000000000000000000 -9.82695960998535156250
-1.00000000000000000000 -1.00000000000000000000 0.00000000000000000000 0.00000000000000000000 1.00000000000000000000 -1.00000000000000000000 1.00000000000000000000 -1.00000000000000000000 -1.00000000000000000000 0.00000000000000000000 -1.14607000350952170642
1.00000000000000000000 0.00000000000000000000 1.00000000000000000000 -1.00000000000000000000 -1.00000000000000000000 -1.00000000000000000000 -1.00000000000000000000 0.00000000000000000000 1.00000000000000000000 0.00000000000000000000 4.86858987808227539062
1.00000000000000000000 1.00000000000000000000 1.00000000000000000000 0.00000000000000000000 1.00000000000000000000 0.00000000000000000000 1.00000000000000000000 -1.00000000000000000000 -1.00000000000000000000 -1.00000000000000000000 8.38014030456542968750
1.00000000000000000000 0.00000000000000000000 -1.00000000000000000000 1.00000000000000000000 1.00000000000000000000 1.00000000000000000000 1.00000000000000000000 -1.00000000000000000000 0.00000000000000000000 -1.00000000000000000000 2.78371000289916992188
1.00000000000000000000 1.00000000000000000000 -1.00000000000000000000 1.00000000000000000000 0.00000000000000000000 1.00000000000000000000 1.00000000000000000000 0.00000000000000000000 1.00000000000000000000 0.00000000000000000000 6.11419010162353515625
1.00000000000000000000 1.00000000000000000000 0.00000000000000000000 0.00000000000000000000 0.00000000000000000000 -1.00000000000000000000 1.00000000000000000000 0.00000000000000000000 0.00000000000000000000 -1.00000000000000000000 5.09452009201049804688
1.00000000000000000000 0.00000000000000000000 1.00000000000000000000 0.00000000000000000000 -1.00000000000000000000 0.00000000000000000000 0.00000000000000000000 0.00000000000000000000 -1.00000000000000000000 -1.00000000000000000000 5.09823989868164062500
1.00000000000000000000 1.00000000000000000000 1.00000000000000000000 1.00000000000000000000 1.00000000000000000000 -1.00000000000000000000 1.00000000000000000000 0.00000000000000000000 1.00000000000000000000 0.00000000000000000000 8.46467971801757812500
-1.00000000000000000000 -1.00000000000000000000 -1.00000000000000000000 1.00000000000000000000 1.00000000000000000000 -1.00000000000000000000 0.00000000000000000000 -1.00000000000000000000 1.00000000000000000000 1.00000000000000000000 -2.23131990432739257812
1.00000000000000000000 -1.00000000000000000000 1.00000000000000000000 0.00000000000000000000 0.00000000000000000000 -1.00000000000000000000 -1.00000000000000000000 -1.00000000000000000000 0.00000000000000000000 0.00000000000000000000 3.38839006423950195312
1.00000000000000000000 -1.00000000000000000000 -1.00000000000000000000 1.00000000000000000000 1.00000000000000000000 -1.00000000000000000000 0.00000000000000000000 0.00000000000000000000 0.00000000000000000000 -1.00000000000000000000 -2.41855001449584960938
1.00000000000000000000 1.00000000000000000000 -1.00000000000000000000 1.00000000000000000000 1.00000000000000000000 1.00000000000000000000 -1.00000000000000000000 -1.00000000000000000000 1.00000000000000000000 0.00000000000000000000 5.12306976318359375000
1.00000000000000000000 0.00000000000000000000 1.00000000000000000000 0.00000000000000000000 -1.00000000000000000000 -1.00000000000000000000 -1.00000000000000000000 1.00000000000000000000 0.00000000000000000000 -1.00000000000000000000 4.82560014724731445312
1.00000000000000000000 1.00000000000000000000 1.00000000000000000000 -1.00000000000000000000 -1.00000000000000000000 0.00000000000000000000 -1.00000000000000000000 0.00000000000000000000 -1.00000000000000000000 1.00000000000000000000 6.95983982086181640625
-1.00000000000000000000 -1.00000000000000000000 0.00000000000000000000 0.00000000000000000000 0.00000000000000000000 0.00000000000000000000 1.00000000000000000000 1.00000000000000000000 1.00000000000000000000 0.00000000000000000000 -0.35411500930786127261
-1.00000000000000000000 -1.00000000000000000000 0.00000000000000000000 1.00000000000000000000 0.00000000000000000000 -1.00000000000000000000 -1.00000000000000000000 1.00000000000000000000 1.00000000000000000000 0.00000000000000000000 -6.53225994110107421875
-1.00000000000000000000 1.00000000000000000000 0.00000000000000000000 -1.00000000000000000000 0.00000000000000000000 0.00000000000000000000 -1.00000000000000000000 -1.00000000000000000000 1.00000000000000000000 0.00000000000000000000 -5.20243978500366210938
1.00000000000000000000 0.00000000000000000000 -1.00000000000000000000 1.00000000000000000000 0.00000000000000000000 -1.00000000000000000000 1.00000000000000000000 0.00000000000000000000 0.00000000000000000000 -1.00000000000000000000 1.43490004539489768298
1.00000000000000000000 0.00000000000000000000 0.00000000000000000000 1.00000000000000000000 1.00000000000000000000 -1.00000000000000000000 -1.00000000000000000000 -1.00000000000000000000 -1.00000000000000000000 -1.00000000000000000000 3.56813001632690429688
-1.00000000000000000000 0.00000000000000000000 0.00000000000000000000 0.00000000000000000000 0.00000000000000000000 0.00000000000000000000 0.00000000000000000000 -1.00000000000000000000 1.00000000000000000000 -1.00000000000000000000 -3.89257001876831099096
1.00000000000000000000 1.00000000000000000000 0.00000000000000000000 -1.00000000000000000000 1.00000000000000000000 0.00000000000000000000 -1.00000000000000000000 1.00000000000000000000 -1.00000000000000000000 0.00000000000000000000 5.13662004470825195312
1.00000000000000000000 1.00000000000000000000 -1.00000000000000000000 0.00000000000000000000 -1.00000000000000000000 -1.00000000000000000000 1.00000000000000000000 0.00000000000000000000 0.00000000000000000000 -1.00000000000000000000 2.72711992263793945312
1.00000000000000000000 0.00000000000000000000 -1.00000000000000000000 -1.00000000000000000000 0.00000000000000000000 -1.00000000000000000000 -1.00000000000000000000 -1.00000000000000000000 -1.00000000000000000000 -1.00000000000000000000 -0.90254998207092285156
1.00000000000000000000 0.00000000000000000000 0.00000000000000000000 1.00000000000000000000 1.00000000000000000000 0.00000000000000000000 1.00000000000000000000 0.00000000000000000000 -1.00000000000000000000 1.00000000000000000000 4.66090011596679687500
-1.00000000000000000000 -1.00000000000000000000 1.00000000000000000000 -1.00000000000000000000 1.00000000000000000000 1.00000000000000000000 -1.00000000000000000000 0.00000000000000000000 0.00000000000000000000 -1.00000000000000000000 0.87060898542404174805
-1.00000000000000000000 0.00000000000000000000 0.00000000000000000000 -1.00000000000000000000 0.00000000000000000000 -1.00000000000000000000 0.00000000000000000000 -1.00000000000000000000 0.00000000000000000000 0.00000000000000000000 -4.93728017807006835938
1.00000000000000000000 0.00000000000000000000 0.00000000000000000000 0.00000000000000000000 1.00000000000000000000 1.00000000000000000000 1.00000000000000000000 1.00000000000000000000 -1.00000000000000000000 -1.00000000000000000000 2.97724008560180619654
-1.00000000000000000000 0.00000000000000000000 0.00000000000000000000 0.00000000000000000000 0.00000000000000000000 -1.00000000000000000000 -1.00000000000000000000 0.00000000000000000000 0.00000000000000000000 0.00000000000000000000 -6.35512018203735351562
1.00000000000000000000 -1.00000000000000000000 1.00000000000000000000 -1.00000000000000000000 -1.00000000000000000000 -1.00000000000000000000 0.00000000000000000000 -1.00000000000000000000 0.00000000000000000000 1.00000000000000000000 1.72857999801635742188
1.00000000000000000000 -1.00000000000000000000 -1.00000000000000000000 -1.00000000000000000000 -1.00000000000000000000 0.00000000000000000000 0.00000000000000000000 0.00000000000000000000 1.00000000000000000000 1.00000000000000000000 -2.30482006072998046875
1.00000000000000000000 0.00000000000000000000 1.00000000000000000000 0.00000000000000000000 0.00000000000000000000 0.00000000000000000000 0.00000000000000000000 1.00000000000000000000 0.00000000000000000000 1.00000000000000000000 5.85987997055053710938
1.00000000000000000000 -1.00000000000000000000 1.00000000000000000000 1.00000000000000000000 -1.00000000000000000000 1.00000000000000000000 -1.00000000000000000000 1.00000000000000000000 1.00000000000000000000 -1.00000000000000000000 3.46590995788574218750
1.00000000000000000000 -1.00000000000000000000 0.00000000000000000000 1.00000000000000000000 1.00000000000000000000 1.00000000000000000000 -1.00000000000000000000 1.00000000000000000000 0.00000000000000000000 0.00000000000000000000 2.04095005989074707031
1.00000000000000000000 1.00000000000000000000 1.00000000000000000000 -1.00000000000000000000 -1.00000000000000000000 0.00000000000000000000 0.00000000000000000000 1.00000000000000000000 1.00000000000000000000 -1.00000000000000000000 7.30327987670898437500
-1.00000000000000000000 -1.00000000000000000000 1.00000000000000000000 0.00000000000000000000 -1.00000000000000000000 1.00000000000000000000 0.00000000000000000000 -1.00000000000000000000 1.00000000000000000000 0.00000000000000000000 -3.67371010780334472656
-1.00000000000000000000 1.00000000000000000000 -1.00000000000000000000 1.00000000000000000000 0.00000000000000000000 1.00000000000000000000 -1.00000000000000000000 0.00000000000000000000 -1.00000000000000000000 -1.00000000000000000000 -1.86286997795104958264
1.00000000000000000000 1.00000000000000000000 1.00000000000000000000 0.00000000000000000000 0.00000000000000000000 1.00000000000000000000 -1.00000000000000000000 1.00000000000000000000 1.00000000000000000000 0.00000000000000000000 8.78147029876708984375
-1.00000000000000000000 -1.00000000000000000000 -1.00000000000000000000 0.00000000000000000000 -1.00000000000000000000 -1.00000000000000000000 -1.00000000000000000000 0.00000000000000000000 1.00000000000000000000 -1.00000000000000000000 -9.43892002105712712989
1.00000000000000000000 -1.00000000000000000000 0.00000000000000000000 1.00000000000000000000 0.00000000000000000000 1.00000000000000000000 1.00000000000000000000 0.00000000000000000000 1.00000000000000000000 0.00000000000000000000 1.15224003791809082031
-1.00000000000000000000 1.00000000000000000000 -1.00000000000000000000 0.00000000000000000000 1.00000000000000000000 1.00000000000000000000 1.00000000000000000000 1.00000000000000000000 1.00000000000000000000 1.00000000000000000000 4.02568006515502929688
1.00000000000000000000 -1.00000000000000000000 -1.00000000000000000000 1.00000000000000000000 0.00000000000000000000 0.00000000000000000000 0.00000000000000000000 1.00000000000000000000 0.00000000000000000000 1.00000000000000000000 -1.26117002964019775391
1.00000000000000000000 1.00000000000000000000 0.00000000000000000000 -1.00000000000000000000 0.00000000000000000000 0.00000000000000000000 1.00000000000000000000 0.00000000000000000000 -1.00000000000000000000 1.00000000000000000000 5.07682991027832031250
-1.00000000000000000000 1.00000000000000000000 -1.00000000000000000000 1.00000000000000000000 1.00000000000000000000 1.00000000000000000000 0.00000000000000000000 1.00000000000000000000 -1.00000000000000000000 1.00000000000000000000 0.38730299472808837891
-1.00000000000000000000 0.00000000000000000000 1.00000000000000000000 0.00000000000000000000 -1.00000000000000000000 -1.00000000000000000000 1.00000000000000000000 0.00000000000000000000 -1.00000000000000000000 -1.00000000000000000000 -7.57704019546508789062
-1.00000000000000000000 0.00000000000000000000 1.00000000000000000000 1.00000000000000000000 1.00000000000000000000 1.00000000000000000000 -1.00000000000000000000 -1.00000000000000000000 1.00000000000000000000 1.00000000000000000000 0.62523102760314941406
1.00000000000000000000 0.00000000000000000000 0.00000000000000000000 -1.00000000000000000000 1.00000000000000000000 -1.00000000000000000000 0.00000000000000000000 1.00000000000000000000 -1.00000000000000000000 0.00000000000000000000 1.75363004207611083984
1.00000000000000000000 -1.00000000000000000000 -1.00000000000000000000 0.00000000000000000000 1.00000000000000000000 -1.00000000000000000000 0.00000000000000000000 1.00000000000000000000 1.00000000000000000000 1.00000000000000000000 -2.75858998298645019531
1.00000000000000000000 -1.00000000000000000000 1.00000000000000000000 -1.00000000000000000000 1.00000000000000000000 0.00000000000000000000 0.00000000000000000000 1.00000000000000000000 -1.00000000000000000000 0.00000000000000000000 0.16877399384975430574
-1.00000000000000000000 1.00000000000000000000 -1.00000000000000000000 -1.00000000000000000000 1.00000000000000000000 -1.00000000000000000000 1.00000000000000000000 1.00000000000000000000 0.00000000000000000000 0.00000000000000000000 0.92776602506637562140
-1.00000000000000000000 1.00000000000000000000 -1.00000000000000000000 -1.00000000000000000000 -1.00000000000000000000 1.00000000000000000000 -1.00000000000000000000 1.00000000000000000000 0.00000000000000000000 -1.00000000000000000000 -5.83682012557983398438
-1.00000000000000000000 -1.00000000000000000000 0.00000000000000000000 0.00000000000000000000 1.00000000000000000000 0.00000000000000000000 0.00000000000000000000 -1.00000000000000000000 1.00000000000000000000 -1.00000000000000000000 1.06356000900268554688
1.00000000000000000000 -1.00000000000000000000 -1.00000000000000000000 0.00000000000000000000 1.00000000000000000000 0.00000000000000000000 1.00000000000000000000 1.00000000000000000000 -1.00000000000000000000 -1.00000000000000000000 -0.37200200557708740234
1.00000000000000000000 1.00000000000000000000 -1.00000000000000000000 -1.00000000000000000000 0.00000000000000000000 -1.00000000000000000000 0.00000000000000000000 -1.00000000000000000000 -1.00000000000000000000 1.00000000000000000000 1.98450005054473876953
-1.00000000000000000000 1.00000000000000000000 1.00000000000000000000 0.00000000000000000000 1.00000000000000000000 -1.00000000000000000000 0.00000000000000000000 1.00000000000000000000 -1.00000000000000000000 1.00000000000000000000 -1.54472994804382324219
1.00000000000000000000 1.00000000000000000000 -1.00000000000000000000 -1.00000000000000000000 -1.00000000000000000000 0.00000000000000000000 1.00000000000000000000 0.00000000000000000000 -1.00000000000000000000 -1.00000000000000000000 2.61335992813110351562
1.00000000000000000000 0.00000000000000000000 -1.00000000000000000000 0.00000000000000000000 -1.00000000000000000000 1.00000000000000000000 -1.00000000000000000000 0.00000000000000000000 -1.00000000000000000000 -1.00000000000000000000 0.50290000438690185547
1.00000000000000000000 1.00000000000000000000 1.00000000000000000000 1.00000000000000000000 0.00000000000000000000 0.00000000000000000000 -1.00000000000000000000 1.00000000000000000000 1.00000000000000000000 1.00000000000000000000 8.83971023559570312500
-1.00000000000000000000 1.00000000000000000000 1.00000000000000000000 0.00000000000000000000 1.00000000000000000000 0.00000000000000000000 -1.00000000000000000000 1.00000000000000000000 0.00000000000000000000 -1.00000000000000000000 -0.54956102371215820312
1.00000000000000000000 -1.00000000000000000000 0.00000000000000000000 1.00000000000000000000 1.00000000000000000000 0.00000000000000000000 0.00000000000000000000 0.00000000000000000000 -1.00000000000000000000 -1.00000000000000000000 2.53825998306274414062
-1.00000000000000000000 0.00000000000000000000 -1.00000000000000000000 -1.00000000000000000000 0.00000000000000000000 -1.00000000000000000000 1.00000000000000000000 -1.00000000000000000000 0.00000000000000000000 0.00000000000000000000 -3.94824004173278808594
-1.00000000000000000000 0.00000000000000000000 1.00000000000000000000 1.00000000000000000000 -1.00000000000000000000 1.00000000000000000000 0.00000000000000000000 0.00000000000000000000 0.00000000000000000000 -1.00000000000000000000 -4.25953006744384765625
1.00000000000000000000 0.00000000000000000000 0.00000000000000000000 1.00000000000000000000 1.00000000000000000000 -1.00000000000000000000 0.00000000000000000000 -1.00000000000000000000 1.00000000000000000000 -1.00000000000000000000 3.59910011291503906250
-1.00000000000000000000 0.00000000000000000000 0.00000000000000000000 -1.00000000000000000000 1.00000000000000000000 0.00000000000000000000 1.00000000000000000000 1.00000000000000000000 0.00000000000000000000 1.00000000000000000000 0.39217498898506159000
1.00000000000000000000 -1.00000000000000000000 0.00000000000000000000 0.00000000000000000000 0.00000000000000000000 -1.00000000000000000000 1.00000000000000000000 -1.00000000000000000000 1.00000000000000000000 -1.00000000000000000000 -0.97381299734115600586
1.00000000000000000000 0.00000000000000000000 -1.00000000000000000000 -1.00000000000000000000 -1.00000000000000000000 -1.00000000000000000000 0.00000000000000000000 0.00000000000000000000 -1.00000000000000000000 -1.00000000000000000000 0.60038602352142333984
-1.00000000000000000000 1.00000000000000000000 -1.00000000000000000000 0.00000000000000000000 0.00000000000000000000 -1.00000000000000000000 1.00000000000000000000 -1.00000000000000000000 0.00000000000000000000 -1.00000000000000000000 -3.01331996917724609375
-1.00000000000000000000 -1.00000000000000000000 -1.00000000000000000000 -1.00000000000000000000 1.00000000000000000000 1.00000000000000000000 0.00000000000000000000 0.00000000000000000000 1.00000000000000000000 0.00000000000000000000 3.86554002761840820312
1.00000000000000000000 -1.00000000000000000000 -1.00000000000000000000 -1.00000000000000000000 -1.00000000000000000000 0.00000000000000000000 0.00000000000000000000 0.00000000000000000000 -1.00000000000000000000 1.00000000000000000000 -4.43824005126953125000
1.00000000000000000000 0.00000000000000000000 1.00000000000000000000 -1.00000000000000000000 -1.00000000000000000000 0.00000000000000000000 -1.00000000000000000000 -1.00000000000000000000 -1.00000000000000000000 1.00000000000000000000 3.38351011276245117188
-1.00000000000000000000 1.00000000000000000000 1.00000000000000000000 -1.00000000000000000000 -1.00000000000000000000 0.00000000000000000000 1.00000000000000000000 0.00000000000000000000 1.00000000000000000000 0.00000000000000000000 -6.11969995498657226562
-1.00000000000000000000 1.00000000000000000000 -1.00000000000000000000 0.00000000000000000000 0.00000000000000000000 1.00000000000000000000 1.00000000000000000000 1.00000000000000000000 -1.00000000000000000000 0.00000000000000000000 1.46974003314971923828
-1.00000000000000000000 0.00000000000000000000 1.00000000000000000000 1.00000000000000000000 0.00000000000000000000 1.00000000000000000000 -1.00000000000000000000 1.00000000000000000000 -1.00000000000000000000 1.00000000000000000000 -3.92844009399414062500
1.00000000000000000000 -1.00000000000000000000 -1.00000000000000000000 -1.00000000000000000000 1.00000000000000000000 0.00000000000000000000 1.00000000000000000000 0.00000000000000000000 -1.00000000000000000000 1.00000000000000000000 -2.75345993041992187500
1.00000000000000000000 0.00000000000000000000 0.00000000000000000000 0.00000000000000000000 -1.00000000000000000000 -1.00000000000000000000 0.00000000000000000000 0.00000000000000000000 -1.00000000000000000000 1.00000000000000000000 3.65504002571106001440
1.00000000000000000000 1.00000000000000000000 1.00000000000000000000 -1.00000000000000000000 -1.00000000000000000000 0.00000000000000000000 -1.00000000000000000000 0.00000000000000000000 -1.00000000000000000000 -1.00000000000000000000 7.10682010650634765625
1.00000000000000000000 -1.00000000000000000000 1.00000000000000000000 -1.00000000000000000000 -1.00000000000000000000 0.00000000000000000000 0.00000000000000000000 0.00000000000000000000 0.00000000000000000000 -1.00000000000000000000 0.16281899809837341309
1.00000000000000000000 0.00000000000000000000 -1.00000000000000000000 1.00000000000000000000 0.00000000000000000000 0.00000000000000000000 -1.00000000000000000000 -1.00000000000000000000 0.00000000000000000000 1.00000000000000000000 1.89173996448516845703
1.00000000000000000000 0.00000000000000000000 0.00000000000000000000 -1.00000000000000000000 -1.00000000000000000000 1.00000000000000000000 1.00000000000000000000 1.00000000000000000000 0.00000000000000000000 0.00000000000000000000 0.36524400115013122559
1.00000000000000000000 1.00000000000000000000 -1.00000000000000000000 1.00000000000000000000 -1.00000000000000000000 -1.00000000000000000000 0.00000000000000000000 1.00000000000000000000 -1.00000000000000000000 0.00000000000000000000 3.40997004508972167969
-1.00000000000000000000 0.00000000000000000000 0.00000000000000000000 0.00000000000000000000 -1.00000000000000000000 0.00000000000000000000 1.00000000000000000000 -1.00000000000000000000 -1.00000000000000000000 -1.00000000000000000000 -4.63795995712280273438
-1.00000000000000000000 0.00000000000000000000 -1.00000000000000000000 1.00000000000000000000 0.00000000000000000000 -1.00000000000000000000 -1.00000000000000000000 0.00000000000000000000 0.00000000000000000000 0.00000000000000000000 -6.51073980331420898438
1.00000000000000000000 -1.00000000000000000000 1.00000000000000000000 -1.00000000000000000000 1.00000000000000000000 0.00000000000000000000 0.00000000000000000000 0.00000000000000000000 0.00000000000000000000 1.00000000000000000000 0.62791800498962402344
1.00000000000000000000 0.00000000000000000000 -1.00000000000000000000 -1.00000000000000000000 1.00000000000000000000 1.00000000000000000000 0.00000000000000000000 0.00000000000000000000 1.00000000000000000000 0.00000000000000000000 -1.65842998027801513672
1.00000000000000000000 -1.00000000000000000000 1.00000000000000000000 -1.00000000000000000000 0.00000000000000000000 -1.00000000000000000000 -1.00000000000000000000 -1.00000000000000000000 -1.00000000000000000000 -1.00000000000000000000 -1.14481997489929199219
1.00000000000000000000 -1.00000000000000000000 0.00000000000000000000 -1.00000000000000000000 -1.00000000000000000000 0.00000000000000000000 -1.00000000000000000000 1.00000000000000000000 0.00000000000000000000 -1.00000000000000000000 -1.56876003742218017578
-1.00000000000000000000 1.00000000000000000000 0.00000000000000000000 -1.00000000000000000000 -1.00000000000000000000 0.00000000000000000000 1.00000000000000000000 -1.00000000000000000000 0.00000000000000000000 -1.00000000000000000000 -4.85755014419555664062
-1.00000000000000000000 1.00000000000000000000 1.00000000000000000000 -1.00000000000000000000 0.00000000000000000000 -1.00000000000000000000 -1.00000000000000000000 0.00000000000000000000 0.00000000000000000000 1.00000000000000000000 -4.44511985778808593750
1.00000000000000000000 0.00000000000000000000 -1.00000000000000000000 -1.00000000000000000000 0.00000000000000000000 1.00000000000000000000 1.00000000000000000000 0.00000000000000000000 1.00000000000000000000 0.00000000000000000000 -1.31728005409240722656
1.00000000000000000000 1.00000000000000000000 -1.00000000000000000000 -1.00000000000000000000 0.00000000000000000000 -1.00000000000000000000 0.00000000000000000000 0.00000000000000000000 0.00000000000000000000 -1.00000000000000000000 3.37999010086059614721
-1.00000000000000000000 0.00000000000000000000 1.00000000000000000000 -1.00000000000000000000 -1.00000000000000000000 -1.00000000000000000000 0.00000000000000000000 0.00000000000000000000 1.00000000000000000000 -1.00000000000000000000 -7.54967021942138671875
1.00000000000000000000 0.00000000000000000000 1.00000000000000000000 -1.00000000000000000000 -1.00000000000000000000 0.00000000000000000000 0.00000000000000000000 1.00000000000000000000 0.00000000000000000000 1.00000000000000000000 4.04271984100341796875
-1.00000000000000000000 1.00000000000000000000 0.00000000000000000000 0.00000000000000000000 1.00000000000000000000 -1.00000000000000000000 1.00000000000000000000 0.00000000000000000000 1.00000000000000000000 1.00000000000000000000 -2.80287003517150878906
-1.00000000000000000000 0.00000000000000000000 -1.00000000000000000000 1.00000000000000000000 1.00000000000000000000 0.00000000000000000000 1.00000000000000000000 0.00000000000000000000 -1.00000000000000000000 -1.00000000000000000000 1.89761996269226074219
-1.00000000000000000000 1.00000000000000000000 -1.00000000000000000000 1.00000000000000000000 0.00000000000000000000 0.00000000000000000000 0.00000000000000000000 -1.00000000000000000000 -1.00000000000000000000 1.00000000000000000000 -3.75534009933471679688
-1.00000000000000000000 0.00000000000000000000 -1.00000000000000000000 0.00000000000000000000 -1.00000000000000000000 0.00000000000000000000 -1.00000000000000000000 1.00000000000000000000 0.00000000000000000000 -1.00000000000000000000 -6.30185985565185635693
-1.00000000000000000000 0.00000000000000000000 -1.00000000000000000000 0.00000000000000000000 0.00000000000000000000 0.00000000000000000000 -1.00000000000000000000 1.00000000000000000000 0.00000000000000000000 -1.00000000000000000000 -4.61831998825073242188
1.00000000000000000000 -1.00000000000000000000 1.00000000000000000000 0.00000000000000000000 -1.00000000000000000000 -1.00000000000000000000 0.00000000000000000000 -1.00000000000000000000 1.00000000000000000000 -1.00000000000000000000 1.26098001003265380859
-1.00000000000000000000 1.00000000000000000000 1.00000000000000000000 -1.00000000000000000000 -1.00000000000000000000 -1.00000000000000000000 -1.00000000000000000000 -1.00000000000000000000 -1.00000000000000000000 1.00000000000000000000 -8.83648967742919921875
1.00000000000000000000 0.00000000000000000000 -1.00000000000000000000 -1.00000000000000000000 1.00000000000000000000 -1.00000000000000000000 0.00000000000000000000 0.00000000000000000000 1.00000000000000000000 -1.00000000000000000000 0.74889397621154785156
1.00000000000000000000 1.00000000000000000000 1.00000000000000000000 0.00000000000000000000 0.00000000000000000000 0.00000000000000000000 1.00000000000000000000 1.00000000000000000000 -1.00000000000000000000 1.00000000000000000000 9.55012989044189630761
1.00000000000000000000 0.00000000000000000000 -1.00000000000000000000 0.00000000000000000000 1.00000000000000000000 1.00000000000000000000 1.00000000000000000000 1.00000000000000000000 1.00000000000000000000 0.00000000000000000000 2.60183000564575195312
1.00000000000000000000 -1.00000000000000000000 1.00000000000000000000 0.00000000000000000000 -1.00000000000000000000 0.00000000000000000000 1.00000000000000000000 -1.00000000000000000000 -1.00000000000000000000 1.00000000000000000000 2.00864005088806107935
1.00000000000000000000 -1.00000000000000000000 0.00000000000000000000 1.00000000000000000000 1.00000000000000000000 -1.00000000000000000000 0.00000000000000000000 1.00000000000000000000 -1.00000000000000000000 -1.00000000000000000000 0.40412199497222900391
-1.00000000000000000000 1.00000000000000000000 1.00000000000000000000 1.00000000000000000000 1.00000000000000000000 -1.00000000000000000000 -1.00000000000000000000 0.00000000000000000000 1.00000000000000000000 1.00000000000000000000 -3.34453010559082031250
1.00000000000000000000 0.00000000000000000000 -1.00000000000000000000 -1.00000000000000000000 1.00000000000000000000 1.00000000000000000000 0.00000000000000000000 0.00000000000000000000 -1.00000000000000000000 -1.00000000000000000000 -1.28735005855560302734
1.00000000000000000000 0.00000000000000000000 1.00000000000000000000 0.00000000000000000000 1.00000000000000000000 1.00000000000000000000 0.00000000000000000000 1.00000000000000000000 1.00000000000000000000 0.00000000000000000000 3.67279005050659179688
1.00000000000000000000 1.00000000000000000000 -1.00000000000000000000 -1.00000000000000000000 -1.00000000000000000000 -1.00000000000000000000 0.00000000000000000000 1.00000000000000000000 1.00000000000000000000 0.00000000000000000000 2.82336997985839843750
-1.00000000000000000000 -1.00000000000000000000 0.00000000000000000000 -1.00000000000000000000 0.00000000000000000000 0.00000000000000000000 -1.00000000000000000000 1.00000000000000000000 -1.00000000000000000000 -1.00000000000000000000 -5.24045991897583007812
-1.00000000000000000000 0.00000000000000000000 -1.00000000000000000000 0.00000000000000000000 0.00000000000000000000 1.00000000000000000000 1.00000000000000000000 1.00000000000000000000 -1.00000000000000000000 0.00000000000000000000 1.07813000679016113281
1.00000000000000000000 0.00000000000000000000 -1.00000000000000000000 0.00000000000000000000 1.00000000000000000000 1.00000000000000000000 1.00000000000000000000 -1.00000000000000000000 -1.00000000000000000000 1.00000000000000000000 1.65962004661560058594
-1.00000000000000000000 1.00000000000000000000 0.00000000000000000000 0.00000000000000000000 0.00000000000000000000 0.00000000000000000000 1.00000000000000000000 1.00000000000000000000 0.00000000000000000000 0.00000000000000000000 -0.82200300693511962891
-1.00000000000000000000 -1.00000000000000000000 1.00000000000000000000 0.00000000000000000000 1.00000000000000000000 1.00000000000000000000 0.00000000000000000000 -1.00000000000000000000 -1.00000000000000000000 -1.00000000000000000000 1.51434004306793190686
1.00000000000000000000 1.00000000000000000000 1.00000000000000000000 1.00000000000000000000 1.00000000000000000000 1.00000000000000000000 1.00000000000000000000 1.00000000000000000000 1.00000000000000000000 -1.00000000000000000000 9.83059978485107421875
1.00000000000000000000 1.00000000000000000000 1.00000000000000000000 0.00000000000000000000 -1.00000000000000000000 0.00000000000000000000 -1.00000000000000000000 0.00000000000000000000 0.00000000000000000000 1.00000000000000000000 7.66247987747192382812
1.00000000000000000000 0.00000000000000000000 1.00000000000000000000 0.00000000000000000000 0.00000000000000000000 1.00000000000000000000 1.00000000000000000000 1.00000000000000000000 1.00000000000000000000 0.00000000000000000000 5.82103013992309570312
1.00000000000000000000 -1.00000000000000000000 -1.00000000000000000000 -1.00000000000000000000 1.00000000000000000000 0.00000000000000000000 0.00000000000000000000 1.00000000000000000000 0.00000000000000000000 1.00000000000000000000 -3.02625989913940429688
1.00000000000000000000 -1.00000000000000000000 0.00000000000000000000 1.00000000000000000000 0.00000000000000000000 -1.00000000000000000000 -1.00000000000000000000 1.00000000000000000000 -1.00000000000000000000 0.00000000000000000000 0.47561401128768920898
1.00000000000000000000 0.00000000000000000000 -1.00000000000000000000 0.00000000000000000000 0.00000000000000000000 0.00000000000000000000 -1.00000000000000000000 0.00000000000000000000 0.00000000000000000000 0.00000000000000000000 0.65044999122619628906
-1.00000000000000000000 0.00000000000000000000 1.00000000000000000000 0.00000000000000000000 -1.00000000000000000000 0.00000000000000000000 0.00000000000000000000 -1.00000000000000000000 -1.00000000000000000000 0.00000000000000000000 -5.86495018005371093750
1.00000000000000000000 0.00000000000000000000 0.00000000000000000000 0.00000000000000000000 0.00000000000000000000 0.00000000000000000000 0.00000000000000000000 -1.00000000000000000000 -1.00000000000000000000 1.00000000000000000000 3.48178005218505859375
1.00000000000000000000 -1.00000000000000000000 1.00000000000000000000 -1.00000000000000000000 0.00000000000000000000 -1.00000000000000000000 -1.00000000000000000000 1.00000000000000000000 1.00000000000000000000 -1.00000000000000000000 1.19340002536773681641
-1.00000000000000000000 1.00000000000000000000 -1.00000000000000000000 0.00000000000000000000 1.00000000000000000000 1.00000000000000000000 1.00000000000000000000 -1.00000000000000000000 -1.00000000000000000000 -1.00000000000000000000 1.89303004741668701172
1.00000000000000000000 -1.00000000000000000000 0.00000000000000000000 1.00000000000000000000 1.00000000000000000000 1.00000000000000000000 1.00000000000000000000 1.00000000000000000000 -1.00000000000000000000 -1.00000000000000000000 0.65852397680282592773
1.00000000000000000000 1.00000000000000000000 -1.00000000000000000000 -1.00000000000000000000 -1.00000000000000000000 0.00000000000000000000 1.00000000000000000000 1.00000000000000000000 0.00000000000000000000 -1.00000000000000000000 4.21200990676879882812
-1.00000000000000000000 0.00000000000000000000 1.00000000000000000000 0.00000000000000000000 1.00000000000000000000 -1.00000000000000000000 1.00000000000000000000 1.00000000000000000000 -1.00000000000000000000 0.00000000000000000000 -0.80959498882293701172
-1.00000000000000000000 1.00000000000000000000 0.00000000000000000000 -1.00000000000000000000 0.00000000000000000000 0.00000000000000000000 -1.00000000000000000000 -1.00000000000000000000 0.00000000000000000000 -1.00000000000000000000 -2.39944005012512207031
-1.00000000000000000000 0.00000000000000000000 0.00000000000000000000 -1.00000000000000000000 0.00000000000000000000 0.00000000000000000000 -1.00000000000000000000 1.00000000000000000000 -1.00000000000000000000 1.00000000000000000000 -4.38059997558593750000
1.00000000000000000000 0.00000000000000000000 1.00000000000000000000 0.00000000000000000000 -1.00000000000000000000 1.00000000000000000000 1.00000000000000000000 0.00000000000000000000 0.00000000000000000000 0.00000000000000000000 5.75192022323608398438
1.00000000000000000000 0.00000000000000000000 0.00000000000000000000 -1.00000000000000000000 -1.00000000000000000000 -1.00000000000000000000 0.00000000000000000000 1.00000000000000000000 -1.00000000000000000000 1.00000000000000000000 1.12195003032684326172
1.00000000000000000000 -1.00000000000000000000 -1.00000000000000000000 0.00000000000000000000 -1.00000000000000000000 1.00000000000000000000 0.00000000000000000000 -1.00000000000000000000 -1.00000000000000000000 1.00000000000000000000 -1.81647002696990966797
1.00000000000000000000 -1.00000000000000000000 1.00000000000000000000 0.00000000000000000000 -1.00000000000000000000 1.00000000000000000000 -1.00000000000000000000 1.00000000000000000000 0.00000000000000000000 -1.00000000000000000000 1.59160995483398437500
1.00000000000000000000 -1.00000000000000000000 -1.00000000000000000000 0.00000000000000000000 -1.00000000000000000000 1.00000000000000000000 -1.00000000000000000000 1.00000000000000000000 1.00000000000000000000 1.00000000000000000000 -3.33414006233215332031
1.00000000000000000000 1.00000000000000000000 0.00000000000000000000 -1.00000000000000000000 1.00000000000000000000 1.00000000000000000000 0.00000000000000000000 1.00000000000000000000 1.00000000000000000000 0.00000000000000000000 5.59779977798461914062
-1.00000000000000000000 -1.00000000000000000000 1.00000000000000000000 1.00000000000000000000 0.00000000000000000000 1.00000000000000000000 1.00000000000000000000 1.00000000000000000000 -1.00000000000000000000 1.00000000000000000000 0.72048699855804443359
-1.00000000000000000000 0.00000000000000000000 1.00000000000000000000 0.00000000000000000000 -1.00000000000000000000 -1.00000000000000000000 1.00000000000000000000 -1.00000000000000000000 -1.00000000000000000000 1.00000000000000000000 -5.93003988265991210938
-1.00000000000000000000 0.00000000000000000000 0.00000000000000000000 0.00000000000000000000 0.00000000000000000000 1.00000000000000000000 -1.00000000000000000000 1.00000000000000000000 0.00000000000000000000 -1.00000000000000000000 -3.39818000793457031250
-1.00000000000000000000 0.00000000000000000000 1.00000000000000000000 1.00000000000000000000 -1.00000000000000000000 -1.00000000000000000000 1.00000000000000000000 -1.00000000000000000000 1.00000000000000000000 -1.00000000000000000000 -5.65402984619140625000
-1.00000000000000000000 -1.00000000000000000000 0.00000000000000000000 0.00000000000000000000 -1.00000000000000000000 1.00000000000000000000 1.00000000000000000000 0.00000000000000000000 0.00000000000000000000 1.00000000000000000000 -1.72667002677917480469
1.00000000000000000000 -1.00000000000000000000 1.00000000000000000000 -1.00000000000000000000 -1.00000000000000000000 -1.00000000000000000000 1.00000000000000000000 -1.00000000000000000000 0.00000000000000000000 -1.00000000000000000000 -0.27980500459671020508
-1.00000000000000000000 -1.00000000000000000000 -1.00000000000000000000 -1.00000000000000000000 1.00000000000000000000 -1.00000000000000000000 1.00000000000000000000 0.00000000000000000000 1.00000000000000000000 1.00000000000000000000 0.52814102172851562500
1.00000000000000000000 0.00000000000000000000 1.00000000000000000000 -1.00000000000000000000 1.00000000000000000000 0.00000000000000000000 0.00000000000000000000 1.00000000000000000000 -1.00000000000000000000 0.00000000000000000000 4.90701007843017578125
-1.00000000000000000000 0.00000000000000000000 1.00000000000000000000 0.00000000000000000000 1.00000000000000000000 -1.00000000000000000000 -1.00000000000000000000 1.00000000000000000000 -1.00000000000000000000 0.00000000000000000000 -4.42475986480712890625
-1.00000000000000000000 1.00000000000000000000 0.00000000000000000000 -1.00000000000000000000 0.00000000000000000000 0.00000000000000000000 1.00000000000000000000 0.00000000000000000000 1.00000000000000000000 -1.00000000000000000000 -2.50258994102478027344
-1.00000000000000000000 1.00000000000000000000 0.00000000000000000000 1.00000000000000000000 1.00000000000000000000 1.00000000000000000000 -1.00000000000000000000 1.00000000000000000000 -1.00000000000000000000 0.00000000000000000000 0.71322697401046752930
1.00000000000000000000 0.00000000000000000000 1.00000000000000000000 -1.00000000000000000000 -1.00000000000000000000 1.00000000000000000000 1.00000000000000000000 0.00000000000000000000 0.00000000000000000000 0.00000000000000000000 4.08170986175537109375
-1.00000000000000000000 1.00000000000000000000 0.00000000000000000000 1.00000000000000000000 1.00000000000000000000 -1.00000000000000000000 -1.00000000000000000000 0.00000000000000000000 1.00000000000000000000 0.00000000000000000000 -2.34278988838195800781
-1.00000000000000000000 -1.00000000000000000000 -1.00000000000000000000 -1.00000000000000000000 0.00000000000000000000 0.00000000000000000000 0.00000000000000000000 1.00000000000000000000 -1.00000000000000000000 -1.00000000000000000000 -2.71678996086120605469
-1.00000000000000000000 1.00000000000000000000 1.00000000000000000000 1.00000000000000000000 0.00000000000000000000 1.00000000000000000000 0.00000000000000000000 0.00000000000000000000 1.00000000000000000000 -1.00000000000000000000 -0.73057198524475097656
1.00000000000000000000 1.00000000000000000000 0.00000000000000000000 1.00000000000000000000 1.00000000000000000000 -1.00000000000000000000 -1.00000000000000000000 0.00000000000000000000 1.00000000000000000000 1.00000000000000000000 8.24040031433105468750
1.00000000000000000000 0.00000000000000000000 1.00000000000000000000 1.00000000000000000000 1.00000000000000000000 -1.00000000000000000000 -1.00000000000000000000 -1.00000000000000000000 0.00000000000000000000 -1.00000000000000000000 4.29571008682250976562
1.00000000000000000000 -1.00000000000000000000 1.00000000000000000000 1.00000000000000000000 -1.00000000000000000000 -1.00000000000000000000 -1.00000000000000000000 0.00000000000000000000 0.00000000000000000000 -1.00000000000000000000 3.01713991165161177221
1.00000000000000000000 1.00000000000000000000 -1.00000000000000000000 -1.00000000000000000000 1.00000000000000000000 -1.00000000000000000000 1.00000000000000000000 1.00000000000000000000 1.00000000000000000000 0.00000000000000000000 3.06404995918273970190
-1.00000000000000000000 0.00000000000000000000 1.00000000000000000000 0.00000000000000000000 0.00000000000000000000 1.00000000000000000000 1.00000000000000000000 -1.00000000000000000000 1.00000000000000000000 0.00000000000000000000 -0.49656000733375549316
1.00000000000000000000 -1.00000000000000000000 1.00000000000000000000 -1.00000000000000000000 -1.00000000000000000000 0.00000000000000000000 -1.00000000000000000000 -1.00000000000000000000 0.00000000000000000000 0.00000000000000000000 0.91412597894668579102
-1.00000000000000000000 1.00000000000000000000 1.00000000000000000000 1.00000000000000000000 1.00000000000000000000 -1.00000000000000000000 1.00000000000000000000 1.00000000000000000000 1.00000000000000000000 1.00000000000000000000 -0.47814801335334777832
-1.00000000000000000000 0.00000000000000000000 1.00000000000000000000 0.00000000000000000000 -1.00000000000000000000 -1.00000000000000000000 0.00000000000000000000 0.00000000000000000000 1.00000000000000000000 1.00000000000000000000 -7.62019014358520507812
1.00000000000000000000 -1.00000000000000000000 -1.00000000000000000000 1.00000000000000000000 1.00000000000000000000 -1.00000000000000000000 1.00000000000000000000 0.00000000000000000000 -1.00000000000000000000 1.00000000000000000000 -1.88526999950408913342
1.00000000000000000000 -1.00000000000000000000 -1.00000000000000000000 0.00000000000000000000 0.00000000000000000000 -1.00000000000000000000 1.00000000000000000000 -1.00000000000000000000 0.00000000000000000000 1.00000000000000000000 -1.35378003120422363281
-1.00000000000000000000 1.00000000000000000000 0.00000000000000000000 1.00000000000000000000 -1.00000000000000000000 -1.00000000000000000000 -1.00000000000000000000 -1.00000000000000000000 0.00000000000000000000 -1.00000000000000000000 -7.27524995803833007812
-1.00000000000000000000 0.00000000000000000000 0.00000000000000000000 -1.00000000000000000000 0.00000000000000000000 0.00000000000000000000 1.00000000000000000000 0.00000000000000000000 -1.00000000000000000000 0.00000000000000000000 -1.71715998649597167969
1.00000000000000000000 0.00000000000000000000 -1.00000000000000000000 0.00000000000000000000 0.00000000000000000000 0.00000000000000000000 -1.00000000000000000000 1.00000000000000000000 0.00000000000000000000 0.00000000000000000000 0.80100500583648681641
1.00000000000000000000 1.00000000000000000000 0.00000000000000000000 -1.00000000000000000000 0.00000000000000000000 0.00000000000000000000 1.00000000000000000000 -1.00000000000000000000 0.00000000000000000000 0.00000000000000000000 3.25794005393981978003
1.00000000000000000000 -1.00000000000000000000 -1.00000000000000000000 1.00000000000000000000 0.00000000000000000000 -1.00000000000000000000 0.00000000000000000000 -1.00000000000000000000 1.00000000000000000000 -1.00000000000000000000 -1.75510001182556152344
-1.00000000000000000000 0.00000000000000000000 1.00000000000000000000 1.00000000000000000000 -1.00000000000000000000 1.00000000000000000000 0.00000000000000000000 1.00000000000000000000 1.00000000000000000000 -1.00000000000000000000 -4.14983987808227539062
1.00000000000000000000 -1.00000000000000000000 -1.00000000000000000000 0.00000000000000000000 1.00000000000000000000 -1.00000000000000000000 0.00000000000000000000 -1.00000000000000000000 0.00000000000000000000 -1.00000000000000000000 1.15355002880096435547
1.00000000000000000000 0.00000000000000000000 1.00000000000000000000 1.00000000000000000000 -1.00000000000000000000 0.00000000000000000000 1.00000000000000000000 0.00000000000000000000 0.00000000000000000000 -1.00000000000000000000 6.66434001922607421875
-1.00000000000000000000 1.00000000000000000000 -1.00000000000000000000 0.00000000000000000000 1.00000000000000000000 -1.00000000000000000000 1.00000000000000000000 0.00000000000000000000 0.00000000000000000000 0.00000000000000000000 -0.03132029995322219845
-1.00000000000000000000 -1.00000000000000000000 1.00000000000000000000 1.00000000000000000000 0.00000000000000000000 -1.00000000000000000000 1.00000000000000000000 -1.00000000000000000000 1.00000000000000000000 0.00000000000000000000 -3.74985003471374511719
1.00000000000000000000 1.00000000000000000000 -1.00000000000000000000 -1.00000000000000000000 1.00000000000000000000 1.00000000000000000000 0.00000000000000000000 1.00000000000000000000 1.00000000000000000000 0.00000000000000000000 1.97362995147705078125
-1.00000000000000000000 -1.00000000000000000000 1.00000000000000000000 0.00000000000000000000 0.00000000000000000000 1.00000000000000000000 -1.00000000000000000000 1.00000000000000000000 1.00000000000000000000 0.00000000000000000000 -2.68366003036499023438
1.00000000000000000000 1.00000000000000000000 1.00000000000000000000 0.00000000000000000000 0.00000000000000000000 -1.00000000000000000000 1.00000000000000000000 -1.00000000000000000000 0.00000000000000000000 -1.00000000000000000000 7.49745988845825195312
1.00000000000000000000 0.00000000000000000000 0.00000000000000000000 0.00000000000000000000 1.00000000000000000000 0.00000000000000000000 -1.00000000000000000000 0.00000000000000000000 -1.00000000000000000000 0.00000000000000000000 3.13404989242553710938
1.00000000000000000000 -1.00000000000000000000 0.00000000000000000000 1.00000000000000000000 1.00000000000000000000 0.00000000000000000000 0.00000000000000000000 -1.00000000000000000000 0.00000000000000000000 1.00000000000000000000 1.04286003112792968750
1.00000000000000000000 1.00000000000000000000 -1.00000000000000000000 -1.00000000000000000000 0.00000000000000000000 -1.00000000000000000000 0.00000000000000000000 0.00000000000000000000 0.00000000000000000000 1.00000000000000000000 3.07859992980957031250
-1.00000000000000000000 0.00000000000000000000 1.00000000000000000000 -1.00000000000000000000 0.00000000000000000000 1.00000000000000000000 -1.00000000000000000000 1.00000000000000000000 -1.00000000000000000000 -1.00000000000000000000 -2.04120993614196821753
1.00000000000000000000 0.00000000000000000000 1.00000000000000000000 -1.00000000000000000000 1.00000000000000000000 -1.00000000000000000000 -1.00000000000000000000 1.00000000000000000000 -1.00000000000000000000 1.00000000000000000000 6.22499990463256835938
-1.00000000000000000000 1.00000000000000000000 1.00000000000000000000 0.00000000000000000000 0.00000000000000000000 -1.00000000000000000000 1.00000000000000000000 -1.00000000000000000000 -1.00000000000000000000 1.00000000000000000000 -5.00122022628784179688
-1.00000000000000000000 -1.00000000000000000000 0.00000000000000000000 -1.00000000000000000000 1.00000000000000000000 0.00000000000000000000 0.00000000000000000000 -1.00000000000000000000 -1.00000000000000000000 -1.00000000000000000000 1.60684001445770263672
1.00000000000000000000 1.00000000000000000000 -1.00000000000000000000 -1.00000000000000000000 -1.00000000000000000000 0.00000000000000000000 -1.00000000000000000000 0.00000000000000000000 1.00000000000000000000 -1.00000000000000000000 3.43631005287170410156
-1.00000000000000000000 1.00000000000000000000 0.00000000000000000000 -1.00000000000000000000 1.00000000000000000000 1.00000000000000000000 1.00000000000000000000 -1.00000000000000000000 1.00000000000000000000 -1.00000000000000000000 3.17762994766235307154
-1.00000000000000000000 1.00000000000000000000 0.00000000000000000000 -1.00000000000000000000 -1.00000000000000000000 -1.00000000000000000000 0.00000000000000000000 0.00000000000000000000 -1.00000000000000000000 1.00000000000000000000 -7.65418004989624023438
-1.00000000000000000000 -1.00000000000000000000 1.00000000000000000000 1.00000000000000000000 0.00000000000000000000 1.00000000000000000000 -1.00000000000000000000 -1.00000000000000000000 -1.00000000000000000000 -1.00000000000000000000 -1.26716995239257790296
-1.00000000000000000000 1.00000000000000000000 0.00000000000000000000 -1.00000000000000000000 -1.00000000000000000000 -1.00000000000000000000 1.00000000000000000000 0.00000000000000000000 1.00000000000000000000 0.00000000000000000000 -6.86498022079467773438
-1.00000000000000000000 -1.00000000000000000000 -1.00000000000000000000 -1.00000000000000000000 1.00000000000000000000 -1.00000000000000000000 0.00000000000000000000 -1.00000000000000000000 -1.00000000000000000000 0.00000000000000000000 -2.31873011589050292969
-1.00000000000000000000 -1.00000000000000000000 -1.00000000000000000000 0.00000000000000000000 1.00000000000000000000 -1.00000000000000000000 0.00000000000000000000 -1.00000000000000000000 0.00000000000000000000 -1.00000000000000000000 -1.89579999446868896484
1.00000000000000000000 1.00000000000000000000 1.00000000000000000000 0.00000000000000000000 -1.00000000000000000000 0.00000000000000000000 0.00000000000000000000 -1.00000000000000000000 1.00000000000000000000 0.00000000000000000000 9.28870010375976562500
1.00000000000000000000 1.00000000000000000000 1.00000000000000000000 0.00000000000000000000 0.00000000000000000000 -1.00000000000000000000 1.00000000000000000000 0.00000000000000000000 1.00000000000000000000 -1.00000000000000000000 7.70694017410278320312
1.00000000000000000000 1.00000000000000000000 1.00000000000000000000 0.00000000000000000000 0.00000000000000000000 0.00000000000000000000 0.00000000000000000000 -1.00000000000000000000 -1.00000000000000000000 1.00000000000000000000 8.43986034393310546875
-1.00000000000000000000 1.00000000000000000000 1.00000000000000000000 1.00000000000000000000 -1.00000000000000000000 0.00000000000000000000 0.00000000000000000000 -1.00000000000000000000 0.00000000000000000000 1.00000000000000000000 -6.82838010787963867188
1.00000000000000000000 1.00000000000000000000 0.00000000000000000000 0.00000000000000000000 -1.00000000000000000000 1.00000000000000000000 1.00000000000000000000 1.00000000000000000000 -1.00000000000000000000 0.00000000000000000000 4.29435014724731445312
1.00000000000000000000 1.00000000000000000000 0.00000000000000000000 -1.00000000000000000000 -1.00000000000000000000 1.00000000000000000000 -1.00000000000000000000 -1.00000000000000000000 1.00000000000000000000 1.00000000000000000000 5.91271018981933593750
1.00000000000000000000 1.00000000000000000000 -1.00000000000000000000 0.00000000000000000000 1.00000000000000000000 -1.00000000000000000000 -1.00000000000000000000 -1.00000000000000000000 1.00000000000000000000 1.00000000000000000000 2.70324993133544921875
-1.00000000000000000000 1.00000000000000000000 1.00000000000000000000 1.00000000000000000000 0.00000000000000000000 0.00000000000000000000 1.00000000000000000000 0.00000000000000000000 0.00000000000000000000 -1.00000000000000000000 0.57452899217605590820
1.00000000000000000000 0.00000000000000000000 -1.00000000000000000000 0.00000000000000000000 1.00000000000000000000 1.00000000000000000000 0.00000000000000000000 -1.00000000000000000000 0.00000000000000000000 0.00000000000000000000 0.70553201436996459961
1.00000000000000000000 0.00000000000000000000 -1.00000000000000000000 -1.00000000000000000000 -1.00000000000000000000 1.00000000000000000000 1.00000000000000000000 -1.00000000000000000000 -1.00000000000000000000 -1.00000000000000000000 0.99667602777481079102
-1.00000000000000000000 1.00000000000000000000 -1.00000000000000000000 -1.00000000000000000000 0.00000000000000000000 1.00000000000000000000 -1.00000000000000000000 -1.00000000000000000000 1.00000000000000000000 -1.00000000000000000000 -0.36983099579811090640
-1.00000000000000000000 -1.00000000000000000000 1.00000000000000000000 0.00000000000000000000 1.00000000000000000000 -1.00000000000000000000 0.00000000000000000000 -1.00000000000000000000 0.00000000000000000000 -1.00000000000000000000 -1.44360995292663552014
-1.00000000000000000000 1.00000000000000000000 0.00000000000000000000 1.00000000000000000000 -1.00000000000000000000 0.00000000000000000000 -1.00000000000000000000 0.00000000000000000000 1.00000000000000000000 0.00000000000000000000 -7.78183984756469726562
-1.00000000000000000000 1.00000000000000000000 -1.00000000000000000000 -1.00000000000000000000 0.00000000000000000000 0.00000000000000000000 -1.00000000000000000000 0.00000000000000000000 0.00000000000000000000 -1.00000000000000000000 -5.16274023056030273438
-1.00000000000000000000 1.00000000000000000000 1.00000000000000000000 1.00000000000000000000 0.00000000000000000000 0.00000000000000000000 -1.00000000000000000000 0.00000000000000000000 0.00000000000000000000 1.00000000000000000000 -5.63795995712280273438
1.00000000000000000000 -1.00000000000000000000 -1.00000000000000000000 1.00000000000000000000 -1.00000000000000000000 1.00000000000000000000 1.00000000000000000000 -1.00000000000000000000 0.00000000000000000000 0.00000000000000000000 -0.15266099572181698885
-1.00000000000000000000 1.00000000000000000000 1.00000000000000000000 1.00000000000000000000 -1.00000000000000000000 -1.00000000000000000000 -1.00000000000000000000 1.00000000000000000000 0.00000000000000000000 -1.00000000000000000000 -9.36009025573730468750
-1.00000000000000000000 -1.00000000000000000000 -1.00000000000000000000 0.00000000000000000000 1.00000000000000000000 1.00000000000000000000 1.00000000000000000000 -1.00000000000000000000 -1.00000000000000000000 0.00000000000000000000 1.78506004810333229749
1.00000000000000000000 -1.00000000000000000000 0.00000000000000000000 1.00000000000000000000 -1.00000000000000000000 0.00000000000000000000 1.00000000000000000000 -1.00000000000000000000 1.00000000000000000000 0.00000000000000000000 1.02013003826141357422
1.00000000000000000000 0.00000000000000000000 -1.00000000000000000000 -1.00000000000000000000 -1.00000000000000000000 -1.00000000000000000000 0.00000000000000000000 1.00000000000000000000 0.00000000000000000000 0.00000000000000000000 -1.72281002998352050781
1.00000000000000000000 0.00000000000000000000 1.00000000000000000000 0.00000000000000000000 1.00000000000000000000 1.00000000000000000000 -1.00000000000000000000 -1.00000000000000000000 1.00000000000000000000 0.00000000000000000000 3.51188993453979492188
-1.00000000000000000000 1.00000000000000000000 1.00000000000000000000 1.00000000000000000000 -1.00000000000000000000 1.00000000000000000000 1.00000000000000000000 1.00000000000000000000 1.00000000000000000000 0.00000000000000000000 -3.14098000526428222656
1.00000000000000000000 0.00000000000000000000 1.00000000000000000000 0.00000000000000000000 -1.00000000000000000000 1.00000000000000000000 0.00000000000000000000 -1.00000000000000000000 0.00000000000000000000 -1.00000000000000000000 5.90881013870239257812
1.00000000000000000000 -1.00000000000000000000 1.00000000000000000000 -1.00000000000000000000 0.00000000000000000000 0.00000000000000000000 0.00000000000000000000 0.00000000000000000000 -1.00000000000000000000 -1.00000000000000000000 1.09174001216888449939
1.00000000000000000000 0.00000000000000000000 1.00000000000000000000 1.00000000000000000000 1.00000000000000000000 1.00000000000000000000 0.00000000000000000000 1.00000000000000000000 0.00000000000000000000 0.00000000000000000000 6.46626996994018554688
1.00000000000000000000 0.00000000000000000000 0.00000000000000000000 0.00000000000000000000 1.00000000000000000000 -1.00000000000000000000 1.00000000000000000000 -1.00000000000000000000 -1.00000000000000000000 1.00000000000000000000 3.36889004707336425781
-1.00000000000000000000 1.00000000000000000000 0.00000000000000000000 -1.00000000000000000000 -1.00000000000000000000 0.00000000000000000000 -1.00000000000000000000 1.00000000000000000000 -1.00000000000000000000 1.00000000000000000000 -7.14770984649658203125
1.00000000000000000000 0.00000000000000000000 1.00000000000000000000 1.00000000000000000000 -1.00000000000000000000 0.00000000000000000000 -1.00000000000000000000 0.00000000000000000000 1.00000000000000000000 -1.00000000000000000000 5.36160993576049804688
-1.00000000000000000000 0.00000000000000000000 1.00000000000000000000 -1.00000000000000000000 0.00000000000000000000 0.00000000000000000000 1.00000000000000000000 0.00000000000000000000 1.00000000000000000000 0.00000000000000000000 -1.45939004421234130859
-1.00000000000000000000 -1.00000000000000000000 0.00000000000000000000 0.00000000000000000000 -1.00000000000000000000 -1.00000000000000000000 -1.00000000000000000000 0.00000000000000000000 -1.00000000000000000000 1.00000000000000000000 -8.02118968963623046875
1.00000000000000000000 1.00000000000000000000 1.00000000000000000000 0.00000000000000000000 0.00000000000000000000 -1.00000000000000000000 0.00000000000000000000 1.00000000000000000000 0.00000000000000000000 -1.00000000000000000000 7.73807001113891601562
1.00000000000000000000 1.00000000000000000000 -1.00000000000000000000 1.00000000000000000000 -1.00000000000000000000 0.00000000000000000000 -1.00000000000000000000 -1.00000000000000000000 0.00000000000000000000 1.00000000000000000000 4.25873994827270507812
1.00000000000000000000 1.00000000000000000000 -1.00000000000000000000 0.00000000000000000000 -1.00000000000000000000 -1.00000000000000000000 -1.00000000000000000000 0.00000000000000000000 -1.00000000000000000000 -1.00000000000000000000 1.64286005496978759766
-1.00000000000000000000 0.00000000000000000000 0.00000000000000000000 -1.00000000000000000000 0.00000000000000000000 -1.00000000000000000000 1.00000000000000000000 0.00000000000000000000 1.00000000000000000000 -1.00000000000000000000 -4.31780004501342773438
1.00000000000000000000 0.00000000000000000000 -1.00000000000000000000 -1.00000000000000000000 0.00000000000000000000 1.00000000000000000000 0.00000000000000000000 1.00000000000000000000 1.00000000000000000000 -1.00000000000000000000 1.80710995197296120374
1.00000000000000000000 0.00000000000000000000 0.00000000000000000000 -1.00000000000000000000 1.00000000000000000000 1.00000000000000000000 0.00000000000000000000 -1.00000000000000000000 1.00000000000000000000 -1.00000000000000000000 2.82834005355834960938
1.00000000000000000000 0.00000000000000000000 0.00000000000000000000 -1.00000000000000000000 -1.00000000000000000000 0.00000000000000000000 1.00000000000000000000 -1.00000000000000000000 1.00000000000000000000 0.00000000000000000000 1.28121995925903320312
-1.00000000000000000000 0.00000000000000000000 -1.00000000000000000000 1.00000000000000000000 -1.00000000000000000000 0.00000000000000000000 0.00000000000000000000 1.00000000000000000000 0.00000000000000000000 1.00000000000000000000 -5.55329990386962890625
1.00000000000000000000 -1.00000000000000000000 -1.00000000000000000000 1.00000000000000000000 -1.00000000000000000000 -1.00000000000000000000 -1.00000000000000000000 -1.00000000000000000000 -1.00000000000000000000 1.00000000000000000000 -1.02181994915008544922
1.00000000000000000000 -1.00000000000000000000 -1.00000000000000000000 -1.00000000000000000000 0.00000000000000000000 -1.00000000000000000000 -1.00000000000000000000 -1.00000000000000000000 -1.00000000000000000000 -1.00000000000000000000 -2.75859999656677246094
1.00000000000000000000 1.00000000000000000000 1.00000000000000000000 -1.00000000000000000000 1.00000000000000000000 -1.00000000000000000000 0.00000000000000000000 0.00000000000000000000 1.00000000000000000000 -1.00000000000000000000 9.16458034515380859375
1.00000000000000000000 1.00000000000000000000 -1.00000000000000000000 1.00000000000000000000 1.00000000000000000000 -1.00000000000000000000 -1.00000000000000000000 0.00000000000000000000 -1.00000000000000000000 1.00000000000000000000 6.23982000350952148438
1.00000000000000000000 1.00000000000000000000 -1.00000000000000000000 1.00000000000000000000 0.00000000000000000000 -1.00000000000000000000 1.00000000000000000000 -1.00000000000000000000 1.00000000000000000000 -1.00000000000000000000 4.62919998168945312500
-1.00000000000000000000 0.00000000000000000000 -1.00000000000000000000 1.00000000000000000000 -1.00000000000000000000 1.00000000000000000000 0.00000000000000000000 1.00000000000000000000 1.00000000000000000000 1.00000000000000000000 -4.03578996658325195312
1.00000000000000000000 -1.00000000000000000000 1.00000000000000000000 0.00000000000000000000 1.00000000000000000000 0.00000000000000000000 1.00000000000000000000 0.00000000000000000000 -1.00000000000000000000 0.00000000000000000000 3.69222998619079589844
-1.00000000000000000000 -1.00000000000000000000 -1.00000000000000000000 0.00000000000000000000 0.00000000000000000000 -1.00000000000000000000 0.00000000000000000000 1.00000000000000000000 1.00000000000000000000 -1.00000000000000000000 -5.02060985565185635693
-1.00000000000000000000 0.00000000000000000000 1.00000000000000000000 1.00000000000000000000 0.00000000000000000000 1.00000000000000000000 1.00000000000000000000 -1.00000000000000000000 0.00000000000000000000 -1.00000000000000000000 -0.99282401800155639648
1.00000000000000000000 -1.00000000000000000000 1.00000000000000000000 -1.00000000000000000000 -1.00000000000000000000 0.00000000000000000000 -1.00000000000000000000 0.00000000000000000000 0.00000000000000000000 1.00000000000000000000 1.08006000518798850329
-1.00000000000000000000 0.00000000000000000000 0.00000000000000000000 1.00000000000000000000 -1.00000000000000000000 -1.00000000000000000000 -1.00000000000000000000 0.00000000000000000000 1.00000000000000000000 1.00000000000000000000 -9.50613021850585937500
1.00000000000000000000 1.00000000000000000000 -1.00000000000000000000 -1.00000000000000000000 0.00000000000000000000 0.00000000000000000000 1.00000000000000000000 0.00000000000000000000 0.00000000000000000000 0.00000000000000000000 2.58516001701354980469
-1.00000000000000000000 -1.00000000000000000000 -1.00000000000000000000 0.00000000000000000000 0.00000000000000000000 -1.00000000000000000000 0.00000000000000000000 -1.00000000000000000000 0.00000000000000000000 0.00000000000000000000 -7.19802999496459960938
-1.00000000000000000000 0.00000000000000000000 1.00000000000000000000 0.00000000000000000000 -1.00000000000000000000 1.00000000000000000000 0.00000000000000000000 1.00000000000000000000 -1.00000000000000000000 1.00000000000000000000 -4.59882020950317382812
1.00000000000000000000 -1.00000000000000000000 1.00000000000000000000 0.00000000000000000000 -1.00000000000000000000 -1.00000000000000000000 -1.00000000000000000000 -1.00000000000000000000 1.00000000000000000000 0.00000000000000000000 0.66874301433563232422
-1.00000000000000000000 -1.00000000000000000000 -1.00000000000000000000 0.00000000000000000000 0.00000000000000000000 0.00000000000000000000 0.00000000000000000000 -1.00000000000000000000 -1.00000000000000000000 -1.00000000000000000000 -3.29747009277343705591
1.00000000000000000000 1.00000000000000000000 -1.00000000000000000000 -1.00000000000000000000 0.00000000000000000000 0.00000000000000000000 0.00000000000000000000 1.00000000000000000000 -1.00000000000000000000 0.00000000000000000000 3.22086000442504882812
1.00000000000000000000 0.00000000000000000000 1.00000000000000000000 -1.00000000000000000000 0.00000000000000000000 1.00000000000000000000 -1.00000000000000000000 0.00000000000000000000 0.00000000000000000000 0.00000000000000000000 3.85083007812500000000
-1.00000000000000000000 0.00000000000000000000 -1.00000000000000000000 0.00000000000000000000 -1.00000000000000000000 0.00000000000000000000 1.00000000000000000000 0.00000000000000000000 0.00000000000000000000 1.00000000000000000000 -5.49849987030029296875
1.00000000000000000000 -1.00000000000000000000 1.00000000000000000000 1.00000000000000000000 0.00000000000000000000 -1.00000000000000000000 0.00000000000000000000 0.00000000000000000000 -1.00000000000000000000 -1.00000000000000000000 3.68941998481750488281
-1.00000000000000000000 1.00000000000000000000 0.00000000000000000000 0.00000000000000000000 1.00000000000000000000 1.00000000000000000000 1.00000000000000000000 0.00000000000000000000 0.00000000000000000000 1.00000000000000000000 4.64824008941650390625
-1.00000000000000000000 0.00000000000000000000 0.00000000000000000000 1.00000000000000000000 -1.00000000000000000000 1.00000000000000000000 0.00000000000000000000 0.00000000000000000000 1.00000000000000000000 1.00000000000000000000 -4.40896987915039062500
1.00000000000000000000 -1.00000000000000000000 -1.00000000000000000000 -1.00000000000000000000 1.00000000000000000000 1.00000000000000000000 -1.00000000000000000000 -1.00000000000000000000 1.00000000000000000000 1.00000000000000000000 -0.77484798431396484375
-1.00000000000000000000 -1.00000000000000000000 0.00000000000000000000 -1.00000000000000000000 -1.00000000000000000000 1.00000000000000000000 1.00000000000000000000 -1.00000000000000000000 0.00000000000000000000 1.00000000000000000000 -3.20198011398315429688
-1.00000000000000000000 -1.00000000000000000000 0.00000000000000000000 -1.00000000000000000000 0.00000000000000000000 0.00000000000000000000 -1.00000000000000000000 0.00000000000000000000 1.00000000000000000000 1.00000000000000000000 -5.81380987167358398438
-1.00000000000000000000 -1.00000000000000000000 -1.00000000000000000000 -1.00000000000000000000 -1.00000000000000000000 -1.00000000000000000000 1.00000000000000000000 -1.00000000000000000000 0.00000000000000000000 -1.00000000000000000000 -6.20519018173217773438
1.00000000000000000000 0.00000000000000000000 1.00000000000000000000 -1.00000000000000000000 -1.00000000000000000000 0.00000000000000000000 1.00000000000000000000 1.00000000000000000000 0.00000000000000000000 0.00000000000000000000 4.51911020278930664062
1.00000000000000000000 -1.00000000000000000000 0.00000000000000000000 -1.00000000000000000000 -1.00000000000000000000 -1.00000000000000000000 -1.00000000000000000000 -1.00000000000000000000 -1.00000000000000000000 0.00000000000000000000 0.71616798639297485352
1.00000000000000000000 1.00000000000000000000 -1.00000000000000000000 1.00000000000000000000 -1.00000000000000000000 -1.00000000000000000000 1.00000000000000000000 1.00000000000000000000 1.00000000000000000000 -1.00000000000000000000 5.00803995132446289062
-1.00000000000000000000 1.00000000000000000000 0.00000000000000000000 1.00000000000000000000 0.00000000000000000000 1.00000000000000000000 0.00000000000000000000 1.00000000000000000000 1.00000000000000000000 -1.00000000000000000000 -1.79048001766204833984
1.00000000000000000000 1.00000000000000000000 0.00000000000000000000 0.00000000000000000000 0.00000000000000000000 1.00000000000000000000 1.00000000000000000000 1.00000000000000000000 1.00000000000000000000 1.00000000000000000000 6.94903993606567382812
1.00000000000000000000 1.00000000000000000000 -1.00000000000000000000 0.00000000000000000000 0.00000000000000000000 0.00000000000000000000 1.00000000000000000000 1.00000000000000000000 1.00000000000000000000 -1.00000000000000000000 4.89991998672485351562
-1.00000000000000000000 1.00000000000000000000 1.00000000000000000000 1.00000000000000000000 -1.00000000000000000000 1.00000000000000000000 1.00000000000000000000 -1.00000000000000000000 -1.00000000000000000000 -1.00000000000000000000 -3.15517997741699218750
1.00000000000000000000 1.00000000000000000000 0.00000000000000000000 1.00000000000000000000 -1.00000000000000000000 -1.00000000000000000000 0.00000000000000000000 1.00000000000000000000 -1.00000000000000000000 0.00000000000000000000 6.55238008499145507812
-1.00000000000000000000 -1.00000000000000000000 0.00000000000000000000 -1.00000000000000000000 1.00000000000000000000 1.00000000000000000000 0.00000000000000000000 0.00000000000000000000 0.00000000000000000000 1.00000000000000000000 1.92874002456665039062
1.00000000000000000000 1.00000000000000000000 -1.00000000000000000000 -1.00000000000000000000 1.00000000000000000000 1.00000000000000000000 -1.00000000000000000000 1.00000000000000000000 1.00000000000000000000 0.00000000000000000000 2.41211009025573730469
1.00000000000000000000 0.00000000000000000000 0.00000000000000000000 0.00000000000000000000 -1.00000000000000000000 0.00000000000000000000 1.00000000000000000000 -1.00000000000000000000 1.00000000000000000000 -1.00000000000000000000 2.34581995010376020971
1.00000000000000000000 0.00000000000000000000 -1.00000000000000000000 1.00000000000000000000 -1.00000000000000000000 1.00000000000000000000 -1.00000000000000000000 -1.00000000000000000000 0.00000000000000000000 0.00000000000000000000 1.86468994617462158203
-1.00000000000000000000 -1.00000000000000000000 1.00000000000000000000 0.00000000000000000000 -1.00000000000000000000 1.00000000000000000000 0.00000000000000000000 1.00000000000000000000 -1.00000000000000000000 0.00000000000000000000 -2.49636006355285644531
-1.00000000000000000000 -1.00000000000000000000 1.00000000000000000000 0.00000000000000000000 1.00000000000000000000 -1.00000000000000000000 0.00000000000000000000 -1.00000000000000000000 1.00000000000000000000 1.00000000000000000000 -3.40644001960754394531
1.00000000000000000000 1.00000000000000000000 1.00000000000000000000 1.00000000000000000000 -1.00000000000000000000 1.00000000000000000000 1.00000000000000000000 1.00000000000000000000 0.00000000000000000000 0.00000000000000000000 8.57791996002197265625
-1.00000000000000000000 -1.00000000000000000000 -1.00000000000000000000 0.00000000000000000000 -1.00000000000000000000 1.00000000000000000000 -1.00000000000000000000 0.00000000000000000000 -1.00000000000000000000 1.00000000000000000000 -5.15014982223510742188
-1.00000000000000000000 -1.00000000000000000000 0.00000000000000000000 0.00000000000000000000 0.00000000000000000000 -1.00000000000000000000 -1.00000000000000000000 1.00000000000000000000 -1.00000000000000000000 1.00000000000000000000 -6.24115991592407226562
1.00000000000000000000 0.00000000000000000000 1.00000000000000000000 -1.00000000000000000000 0.00000000000000000000 1.00000000000000000000 -1.00000000000000000000 -1.00000000000000000000 -1.00000000000000000000 -1.00000000000000000000 4.01481008529663085938
1.00000000000000000000 -1.00000000000000000000 -1.00000000000000000000 -1.00000000000000000000 0.00000000000000000000 0.00000000000000000000 1.00000000000000000000 1.00000000000000000000 0.00000000000000000000 0.00000000000000000000 -2.99665999412536621094
1.00000000000000000000 1.00000000000000000000 0.00000000000000000000 0.00000000000000000000 1.00000000000000000000 0.00000000000000000000 -1.00000000000000000000 0.00000000000000000000 0.00000000000000000000 0.00000000000000000000 5.30011987686157226562
-1.00000000000000000000 -1.00000000000000000000 0.00000000000000000000 -1.00000000000000000000 -1.00000000000000000000 -1.00000000000000000000 -1.00000000000000000000 -1.00000000000000000000 1.00000000000000000000 -1.00000000000000000000 -6.99490022659301757812
-1.00000000000000000000 0.00000000000000000000 0.00000000000000000000 0.00000000000000000000 0.00000000000000000000 -1.00000000000000000000 1.00000000000000000000 0.00000000000000000000 0.00000000000000000000 0.00000000000000000000 -2.25521993637084960938
-1.00000000000000000000 1.00000000000000000000 0.00000000000000000000 -1.00000000000000000000 -1.00000000000000000000 -1.00000000000000000000 1.00000000000000000000 -1.00000000000000000000 1.00000000000000000000 1.00000000000000000000 -6.81203985214233398438
1.00000000000000000000 1.00000000000000000000 0.00000000000000000000 1.00000000000000000000 1.00000000000000000000 1.00000000000000000000 0.00000000000000000000 0.00000000000000000000 1.00000000000000000000 -1.00000000000000000000 7.18066978454589843750
1.00000000000000000000 0.00000000000000000000 1.00000000000000000000 0.00000000000000000000 0.00000000000000000000 1.00000000000000000000 0.00000000000000000000 -1.00000000000000000000 1.00000000000000000000 -1.00000000000000000000 4.84899997711181640625
-1.00000000000000000000 0.00000000000000000000 -1.00000000000000000000 1.00000000000000000000 -1.00000000000000000000 -1.00000000000000000000 1.00000000000000000000 0.00000000000000000000 -1.00000000000000000000 1.00000000000000000000 -7.66833019256591796875
1.00000000000000000000 -1.00000000000000000000 -1.00000000000000000000 0.00000000000000000000 1.00000000000000000000 -1.00000000000000000000 0.00000000000000000000 1.00000000000000000000 -1.00000000000000000000 0.00000000000000000000 -1.22794997692108154297
-1.00000000000000000000 -1.00000000000000000000 -1.00000000000000000000 1.00000000000000000000 1.00000000000000000000 1.00000000000000000000 1.00000000000000000000 0.00000000000000000000 1.00000000000000000000 -1.00000000000000000000 2.48007988929748535156
-1.00000000000000000000 -1.00000000000000000000 1.00000000000000000000 -1.00000000000000000000 0.00000000000000000000 1.00000000000000000000 0.00000000000000000000 0.00000000000000000000 -1.00000000000000000000 -1.00000000000000000000 -0.29877901077270507812
1.00000000000000000000 1.00000000000000000000 -1.00000000000000000000 -1.00000000000000000000 0.00000000000000000000 -1.00000000000000000000 0.00000000000000000000 1.00000000000000000000 0.00000000000000000000 -1.00000000000000000000 1.67318999767303489001
1.00000000000000000000 -1.00000000000000000000 1.00000000000000000000 -1.00000000000000000000 -1.00000000000000000000 1.00000000000000000000 -1.00000000000000000000 1.00000000000000000000 1.00000000000000000000 -1.00000000000000000000 0.12286999821662900056
1.00000000000000000000 1.00000000000000000000 1.00000000000000000000 0.00000000000000000000 -1.00000000000000000000 1.00000000000000000000 0.00000000000000000000 0.00000000000000000000 1.00000000000000000000 0.00000000000000000000 8.52141952514648437500
1.00000000000000000000 -1.00000000000000000000 -1.00000000000000000000 0.00000000000000000000 1.00000000000000000000 1.00000000000000000000 0.00000000000000000000 -1.00000000000000000000 0.00000000000000000000 -1.00000000000000000000 -1.68048000335693359375
1.00000000000000000000 0.00000000000000000000 1.00000000000000000000 0.00000000000000000000 0.00000000000000000000 -1.00000000000000000000 1.00000000000000000000 0.00000000000000000000 0.00000000000000000000 -1.00000000000000000000 5.24529981613159179688
1.00000000000000000000 0.00000000000000000000 1.00000000000000000000 -1.00000000000000000000 -1.00000000000000000000 0.00000000000000000000 1.00000000000000000000 1.00000000000000000000 0.00000000000000000000 1.00000000000000000000 3.70479989051818892065
-1.00000000000000000000 -1.00000000000000000000 0.00000000000000000000 -1.00000000000000000000 0.00000000000000000000 0.00000000000000000000 0.00000000000000000000 0.00000000000000000000 1.00000000000000000000 0.00000000000000000000 -5.81449985504150390625
-1.00000000000000000000 0.00000000000000000000 0.00000000000000000000 -1.00000000000000000000 1.00000000000000000000 0.00000000000000000000 1.00000000000000000000 0.00000000000000000000 -1.00000000000000000000 0.00000000000000000000 -0.60981798171997070312
1.00000000000000000000 -1.00000000000000000000 1.00000000000000000000 0.00000000000000000000 0.00000000000000000000 0.00000000000000000000 -1.00000000000000000000 1.00000000000000000000 -1.00000000000000000000 -1.00000000000000000000 1.50077998638153076172
-1.00000000000000000000 0.00000000000000000000 1.00000000000000000000 1.00000000000000000000 0.00000000000000000000 0.00000000000000000000 -1.00000000000000000000 0.00000000000000000000 0.00000000000000000000 -1.00000000000000000000 -2.68544006347656250000
-1.00000000000000000000 -1.00000000000000000000 -1.00000000000000000000 -1.00000000000000000000 0.00000000000000000000 0.00000000000000000000 1.00000000000000000000 0.00000000000000000000 -1.00000000000000000000 -1.00000000000000000000 -0.93736398220062255859
1.00000000000000000000 -1.00000000000000000000 1.00000000000000000000 0.00000000000000000000 1.00000000000000000000 -1.00000000000000000000 -1.00000000000000000000 -1.00000000000000000000 -1.00000000000000000000 1.00000000000000000000 1.79639005661010742188
-1.00000000000000000000 0.00000000000000000000 -1.00000000000000000000 0.00000000000000000000 0.00000000000000000000 0.00000000000000000000 -1.00000000000000000000 -1.00000000000000000000 1.00000000000000000000 0.00000000000000000000 -3.48553991317749023438
-1.00000000000000000000 0.00000000000000000000 0.00000000000000000000 -1.00000000000000000000 1.00000000000000000000 1.00000000000000000000 0.00000000000000000000 -1.00000000000000000000 0.00000000000000000000 0.00000000000000000000 1.44087994098663330078
1.00000000000000000000 1.00000000000000000000 0.00000000000000000000 -1.00000000000000000000 -1.00000000000000000000 -1.00000000000000000000 -1.00000000000000000000 0.00000000000000000000 -1.00000000000000000000 0.00000000000000000000 4.44638013839721679688
1.00000000000000000000 0.00000000000000000000 0.00000000000000000000 1.00000000000000000000 1.00000000000000000000 1.00000000000000000000 0.00000000000000000000 0.00000000000000000000 1.00000000000000000000 1.00000000000000000000 5.87537002563476562500
-1.00000000000000000000 -1.00000000000000000000 0.00000000000000000000 1.00000000000000000000 0.00000000000000000000 1.00000000000000000000 -1.00000000000000000000 0.00000000000000000000 -1.00000000000000000000 0.00000000000000000000 -0.85611099004745483398
1.00000000000000000000 -1.00000000000000000000 -1.00000000000000000000 1.00000000000000000000 1.00000000000000000000 1.00000000000000000000 1.00000000000000000000 0.00000000000000000000 0.00000000000000000000 -1.00000000000000000000 0.94507998228073120117
-1.00000000000000000000 -1.00000000000000000000 0.00000000000000000000 1.00000000000000000000 -1.00000000000000000000 0.00000000000000000000 0.00000000000000000000 -1.00000000000000000000 1.00000000000000000000 1.00000000000000000000 -4.58452987670898437500
1.00000000000000000000 1.00000000000000000000 0.00000000000000000000 0.00000000000000000000 -1.00000000000000000000 1.00000000000000000000 1.00000000000000000000 -1.00000000000000000000 0.00000000000000000000 -1.00000000000000000000 6.47458982467651367188
-1.00000000000000000000 -1.00000000000000000000 1.00000000000000000000 0.00000000000000000000 0.00000000000000000000 0.00000000000000000000 1.00000000000000000000 -1.00000000000000000000 1.00000000000000000000 -1.00000000000000000000 -1.91113996505737304688
1.00000000000000000000 -1.00000000000000000000 1.00000000000000000000 -1.00000000000000000000 0.00000000000000000000 0.00000000000000000000 0.00000000000000000000 -1.00000000000000000000 1.00000000000000000000 0.00000000000000000000 0.69302499294281005859
-1.00000000000000000000 1.00000000000000000000 1.00000000000000000000 0.00000000000000000000 0.00000000000000000000 -1.00000000000000000000 0.00000000000000000000 0.00000000000000000000 -1.00000000000000000000 1.00000000000000000000 -3.58465003967285200659
1.00000000000000000000 -1.00000000000000000000 0.00000000000000000000 1.00000000000000000000 -1.00000000000000000000 0.00000000000000000000 -1.00000000000000000000 -1.00000000000000000000 0.00000000000000000000 0.00000000000000000000 1.37739002704620361328
1.00000000000000000000 0.00000000000000000000 1.00000000000000000000 -1.00000000000000000000 1.00000000000000000000 -1.00000000000000000000 0.00000000000000000000 -1.00000000000000000000 0.00000000000000000000 0.00000000000000000000 6.48904991149902343750
-1.00000000000000000000 -1.00000000000000000000 1.00000000000000000000 -1.00000000000000000000 -1.00000000000000000000 0.00000000000000000000 -1.00000000000000000000 -1.00000000000000000000 -1.00000000000000000000 -1.00000000000000000000 -6.08827018737792968750
-1.00000000000000000000 0.00000000000000000000 1.00000000000000000000 -1.00000000000000000000 -1.00000000000000000000 1.00000000000000000000 0.00000000000000000000 1.00000000000000000000 0.00000000000000000000 0.00000000000000000000 -2.07247996330261230469
1.00000000000000000000 -1.00000000000000000000 -1.00000000000000000000 -1.00000000000000000000 1.00000000000000000000 1.00000000000000000000 -1.00000000000000000000 -1.00000000000000000000 0.00000000000000000000 -1.00000000000000000000 -3.27659010887145996094
-1.00000000000000000000 1.00000000000000000000 1.00000000000000000000 1.00000000000000000000 1.00000000000000000000 -1.00000000000000000000 -1.00000000000000000000 0.00000000000000000000 1.00000000000000000000 1.00000000000000000000 -4.36569976806640625000
1.00000000000000000000 -1.00000000000000000000 0.00000000000000000000 0.00000000000000000000 0.00000000000000000000 0.00000000000000000000 0.00000000000000000000 -1.00000000000000000000 1.00000000000000000000 0.00000000000000000000 -0.60467201471328735352
-1.00000000000000000000 0.00000000000000000000 0.00000000000000000000 -1.00000000000000000000 -1.00000000000000000000 0.00000000000000000000 -1.00000000000000000000 1.00000000000000000000 1.00000000000000000000 0.00000000000000000000 -6.26409006118774414062
-1.00000000000000000000 0.00000000000000000000 0.00000000000000000000 -1.00000000000000000000 0.00000000000000000000 -1.00000000000000000000 0.00000000000000000000 1.00000000000000000000 0.00000000000000000000 1.00000000000000000000 -6.32471990585327237255
-1.00000000000000000000 -1.00000000000000000000 0.00000000000000000000 1.00000000000000000000 1.00000000000000000000 0.00000000000000000000 -1.00000000000000000000 0.00000000000000000000 0.00000000000000000000 1.00000000000000000000 -1.31731998920440673828
-1.00000000000000000000 0.00000000000000000000 -1.00000000000000000000 -1.00000000000000000000 -1.00000000000000000000 1.00000000000000000000 -1.00000000000000000000 1.00000000000000000000 0.00000000000000000000 1.00000000000000000000 -4.22938013076782226562
1.00000000000000000000 0.00000000000000000000 1.00000000000000000000 0.00000000000000000000 0.00000000000000000000 1.00000000000000000000 1.00000000000000000000 0.00000000000000000000 -1.00000000000000000000 1.00000000000000000000 3.83758997917175292969
1.00000000000000000000 1.00000000000000000000 0.00000000000000000000 -1.00000000000000000000 1.00000000000000000000 0.00000000000000000000 1.00000000000000000000 0.00000000000000000000 -1.00000000000000000000 0.00000000000000000000 6.17390012741088867188
1.00000000000000000000 1.00000000000000000000 -1.00000000000000000000 1.00000000000000000000 -1.00000000000000000000 1.00000000000000000000 1.00000000000000000000 1.00000000000000000000 1.00000000000000000000 -1.00000000000000000000 5.46260976791381835938
1.00000000000000000000 -1.00000000000000000000 0.00000000000000000000 0.00000000000000000000 -1.00000000000000000000 -1.00000000000000000000 0.00000000000000000000 -1.00000000000000000000 0.00000000000000000000 0.00000000000000000000 -0.02531700022518629939
-1.00000000000000000000 -1.00000000000000000000 -1.00000000000000000000 1.00000000000000000000 -1.00000000000000000000 -1.00000000000000000000 -1.00000000000000000000 0.00000000000000000000 -1.00000000000000000000 1.00000000000000000000 -8.89478015899658203125
-1.00000000000000000000 1.00000000000000000000 1.00000000000000000000 1.00000000000000000000 0.00000000000000000000 1.00000000000000000000 0.00000000000000000000 1.00000000000000000000 1.00000000000000000000 0.00000000000000000000 -0.23375500738620749730
1.00000000000000000000 1.00000000000000000000 0.00000000000000000000 1.00000000000000000000 -1.00000000000000000000 -1.00000000000000000000 1.00000000000000000000 -1.00000000000000000000 0.00000000000000000000 1.00000000000000000000 5.19546985626220703125
-1.00000000000000000000 1.00000000000000000000 -1.00000000000000000000 -1.00000000000000000000 -1.00000000000000000000 -1.00000000000000000000 -1.00000000000000000000 0.00000000000000000000 -1.00000000000000000000 0.00000000000000000000 -9.31060981750488458886
-1.00000000000000000000 1.00000000000000000000 0.00000000000000000000 -1.00000000000000000000 -1.00000000000000000000 1.00000000000000000000 1.00000000000000000000 -1.00000000000000000000 0.00000000000000000000 -1.00000000000000000000 -2.56018996238708496094
-1.00000000000000000000 -1.00000000000000000000 0.00000000000000000000 0.00000000000000000000 0.00000000000000000000 1.00000000000000000000 -1.00000000000000000000 1.00000000000000000000 0.00000000000000000000 -1.00000000000000000000 -1.77318000793457031250
-1.00000000000000000000 -1.00000000000000000000 1.00000000000000000000 0.00000000000000000000 -1.00000000000000000000 -1.00000000000000000000 1.00000000000000000000 -1.00000000000000000000 1.00000000000000000000 1.00000000000000000000 -7.59335994720458984375
-1.00000000000000000000 1.00000000000000000000 1.00000000000000000000 1.00000000000000000000 -1.00000000000000000000 -1.00000000000000000000 1.00000000000000000000 1.00000000000000000000 0.00000000000000000000 -1.00000000000000000000 -5.70839023590087890625
1.00000000000000000000 -1.00000000000000000000 -1.00000000000000000000 1.00000000000000000000 0.00000000000000000000 0.00000000000000000000 1.00000000000000000000 0.00000000000000000000 0.00000000000000000000 1.00000000000000000000 -1.34494996070861816406
-1.00000000000000000000 0.00000000000000000000 0.00000000000000000000 0.00000000000000000000 1.00000000000000000000 -1.00000000000000000000 -1.00000000000000000000 0.00000000000000000000 1.00000000000000000000 0.00000000000000000000 -0.84674900770187377930
1.00000000000000000000 -1.00000000000000000000 0.00000000000000000000 -1.00000000000000000000 -1.00000000000000000000 0.00000000000000000000 -1.00000000000000000000 1.00000000000000000000 -1.00000000000000000000 -1.00000000000000000000 -1.37265002727508544922
1.00000000000000000000 1.00000000000000000000 1.00000000000000000000 1.00000000000000000000 1.00000000000000000000 0.00000000000000000000 -1.00000000000000000000 1.00000000000000000000 0.00000000000000000000 0.00000000000000000000 8.30469989776611328125
1.00000000000000000000 1.00000000000000000000 1.00000000000000000000 0.00000000000000000000 1.00000000000000000000 0.00000000000000000000 -1.00000000000000000000 -1.00000000000000000000 0.00000000000000000000 0.00000000000000000000 7.12897014617919921875
-1.00000000000000000000 -1.00000000000000000000 -1.00000000000000000000 0.00000000000000000000 -1.00000000000000000000 1.00000000000000000000 1.00000000000000000000 1.00000000000000000000 0.00000000000000000000 0.00000000000000000000 -3.95215010643005371094
-1.00000000000000000000 0.00000000000000000000 1.00000000000000000000 1.00000000000000000000 -1.00000000000000000000 0.00000000000000000000 0.00000000000000000000 1.00000000000000000000 -1.00000000000000000000 -1.00000000000000000000 -5.15489006042480468750
1.00000000000000000000 -1.00000000000000000000 1.00000000000000000000 0.00000000000000000000 -1.00000000000000000000 0.00000000000000000000 1.00000000000000000000 1.00000000000000000000 1.00000000000000000000 0.00000000000000000000 2.03910994529724121094
-1.00000000000000000000 -1.00000000000000000000 1.00000000000000000000 0.00000000000000000000 1.00000000000000000000 1.00000000000000000000 1.00000000000000000000 -1.00000000000000000000 -1.00000000000000000000 -1.00000000000000000000 3.08238005638122558594
1.00000000000000000000 1.00000000000000000000 0.00000000000000000000 0.00000000000000000000 1.00000000000000000000 -1.00000000000000000000 -1.00000000000000000000 0.00000000000000000000 -1.00000000000000000000 1.00000000000000000000 5.92473983764648437500
-1.00000000000000000000 0.00000000000000000000 1.00000000000000000000 -1.00000000000000000000 -1.00000000000000000000 -1.00000000000000000000 1.00000000000000000000 0.00000000000000000000 -1.00000000000000000000 -1.00000000000000000000 -7.36962985992431640625
1.00000000000000000000 1.00000000000000000000 -1.00000000000000000000 0.00000000000000000000 0.00000000000000000000 -1.00000000000000000000 0.00000000000000000000 1.00000000000000000000 -1.00000000000000000000 1.00000000000000000000 3.80767989158630415503
1.00000000000000000000 1.00000000000000000000 -1.00000000000000000000 1.00000000000000000000 -1.00000000000000000000 1.00000000000000000000 0.00000000000000000000 0.00000000000000000000 -1.00000000000000000000 1.00000000000000000000 3.74635004997253417969
1.00000000000000000000 0.00000000000000000000 -1.00000000000000000000 0.00000000000000000000 0.00000000000000000000 1.00000000000000000000 0.00000000000000000000 1.00000000000000000000 -1.00000000000000000000 0.00000000000000000000 1.69225001335144042969
-1.00000000000000000000 0.00000000000000000000 1.00000000000000000000 -1.00000000000000000000 0.00000000000000000000 -1.00000000000000000000 1.00000000000000000000 1.00000000000000000000 -1.00000000000000000000 1.00000000000000000000 -4.76316022872924804688
1.00000000000000000000 1.00000000000000000000 -1.00000000000000000000 0.00000000000000000000 0.00000000000000000000 1.00000000000000000000 0.00000000000000000000 1.00000000000000000000 -1.00000000000000000000 -1.00000000000000000000 1.80445003509521484375
-1.00000000000000000000 -1.00000000000000000000 -1.00000000000000000000 1.00000000000000000000 0.00000000000000000000 -1.00000000000000000000 1.00000000000000000000 1.00000000000000000000 1.00000000000000000000 -1.00000000000000000000 -3.69528007507324218750
1.00000000000000000000 1.00000000000000000000 1.00000000000000000000 1.00000000000000000000 1.00000000000000000000 0.00000000000000000000 -1.00000000000000000000 1.00000000000000000000 1.00000000000000000000 1.00000000000000000000 10.89929962158203125000
-1.00000000000000000000 1.00000000000000000000 -1.00000000000000000000 -1.00000000000000000000 1.00000000000000000000 0.00000000000000000000 -1.00000000000000000000 -1.00000000000000000000 -1.00000000000000000000 1.00000000000000000000 1.18265998363494873047
1.00000000000000000000 1.00000000000000000000 -1.00000000000000000000 -1.00000000000000000000 -1.00000000000000000000 1.00000000000000000000 -1.00000000000000000000 -1.00000000000000000000 1.00000000000000000000 1.00000000000000000000 4.31822013854980468750
-1.00000000000000000000 0.00000000000000000000 0.00000000000000000000 -1.00000000000000000000 -1.00000000000000000000 -1.00000000000000000000 -1.00000000000000000000 -1.00000000000000000000 0.00000000000000000000 -1.00000000000000000000 -8.27439975738525390625
1.00000000000000000000 1.00000000000000000000 0.00000000000000000000 -1.00000000000000000000 0.00000000000000000000 1.00000000000000000000 -1.00000000000000000000 -1.00000000000000000000 1.00000000000000000000 0.00000000000000000000 6.88521003723144531250
1.00000000000000000000 -1.00000000000000000000 -1.00000000000000000000 0.00000000000000000000 0.00000000000000000000 0.00000000000000000000 0.00000000000000000000 0.00000000000000000000 0.00000000000000000000 1.00000000000000000000 0.22369599342346188631
1.00000000000000000000 -1.00000000000000000000 0.00000000000000000000 1.00000000000000000000 0.00000000000000000000 1.00000000000000000000 -1.00000000000000000000 1.00000000000000000000 0.00000000000000000000 0.00000000000000000000 0.68820697069168090820
-1.00000000000000000000 -1.00000000000000000000 1.00000000000000000000 0.00000000000000000000 -1.00000000000000000000 0.00000000000000000000 -1.00000000000000000000 1.00000000000000000000 0.00000000000000000000 0.00000000000000000000 -6.54961013793945312500
-1.00000000000000000000 1.00000000000000000000 1.00000000000000000000 1.00000000000000000000 0.00000000000000000000 1.00000000000000000000 1.00000000000000000000 -1.00000000000000000000 0.00000000000000000000 1.00000000000000000000 -0.15506100654602050781
-1.00000000000000000000 -1.00000000000000000000 -1.00000000000000000000 0.00000000000000000000 1.00000000000000000000 1.00000000000000000000 0.00000000000000000000 0.00000000000000000000 0.00000000000000000000 -1.00000000000000000000 0.99841099977493275031
-1.00000000000000000000 -1.00000000000000000000 1.00000000000000000000 0.00000000000000000000 -1.00000000000000000000 1.00000000000000000000 -1.00000000000000000000 -1.00000000000000000000 -1.00000000000000000000 -1.00000000000000000000 -4.43304014205932617188
-1.00000000000000000000 -1.00000000000000000000 1.00000000000000000000 -1.00000000000000000000 1.00000000000000000000 -1.00000000000000000000 1.00000000000000000000 1.00000000000000000000 0.00000000000000000000 0.00000000000000000000 -1.18181002140045166016
1.00000000000000000000 0.00000000000000000000 1.00000000000000000000 0.00000000000000000000 1.00000000000000000000 0.00000000000000000000 1.00000000000000000000 -1.00000000000000000000 -1.00000000000000000000 0.00000000000000000000 6.01883983612060546875
-1.00000000000000000000 -1.00000000000000000000 -1.00000000000000000000 0.00000000000000000000 -1.00000000000000000000 1.00000000000000000000 -1.00000000000000000000 1.00000000000000000000 0.00000000000000000000 0.00000000000000000000 -5.10766983032226562500
1.00000000000000000000 0.00000000000000000000 0.00000000000000000000 -1.00000000000000000000 -1.00000000000000000000 1.00000000000000000000 -1.00000000000000000000 0.00000000000000000000 1.00000000000000000000 1.00000000000000000000 2.13578009605407714844
1.00000000000000000000 -1.00000000000000000000 1.00000000000000000000 -1.00000000000000000000 1.00000000000000000000 1.00000000000000000000 0.00000000000000000000 1.00000000000000000000 -1.00000000000000000000 0.00000000000000000000 0.04871889948844909668
1.00000000000000000000 1.00000000000000000000 0.00000000000000000000 0.00000000000000000000 1.00000000000000000000 -1.00000000000000000000 -1.00000000000000000000 0.00000000000000000000 0.00000000000000000000 -1.00000000000000000000 5.69458007812500000000
1.00000000000000000000 0.00000000000000000000 1.00000000000000000000 0.00000000000000000000 1.00000000000000000000 0.00000000000000000000 0.00000000000000000000 1.00000000000000000000 1.00000000000000000000 1.00000000000000000000 5.30977010726928710938
1.00000000000000000000 0.00000000000000000000 0.00000000000000000000 -1.00000000000000000000 1.00000000000000000000 0.00000000000000000000 -1.00000000000000000000 1.00000000000000000000 -1.00000000000000000000 0.00000000000000000000 0.42708599567413330078
1.00000000000000000000 1.00000000000000000000 0.00000000000000000000 -1.00000000000000000000 0.00000000000000000000 0.00000000000000000000 1.00000000000000000000 0.00000000000000000000 -1.00000000000000000000 0.00000000000000000000 6.83893013000488281250
-1.00000000000000000000 1.00000000000000000000 0.00000000000000000000 0.00000000000000000000 0.00000000000000000000 1.00000000000000000000 -1.00000000000000000000 1.00000000000000000000 0.00000000000000000000 -1.00000000000000000000 -1.22696995735168457031
1.00000000000000000000 0.00000000000000000000 1.00000000000000000000 -1.00000000000000000000 1.00000000000000000000 1.00000000000000000000 0.00000000000000000000 0.00000000000000000000 1.00000000000000000000 -1.00000000000000000000 4.73418998718261718750
-1.00000000000000000000 1.00000000000000000000 1.00000000000000000000 1.00000000000000000000 -1.00000000000000000000 0.00000000000000000000 1.00000000000000000000 1.00000000000000000000 -1.00000000000000000000 -1.00000000000000000000 -4.80952978134155273438
-1.00000000000000000000 0.00000000000000000000 -1.00000000000000000000 1.00000000000000000000 1.00000000000000000000 -1.00000000000000000000 -1.00000000000000000000 -1.00000000000000000000 -1.00000000000000000000 1.00000000000000000000 -3.44995999336242675781
-1.00000000000000000000 1.00000000000000000000 0.00000000000000000000 1.00000000000000000000 0.00000000000000000000 1.00000000000000000000 1.00000000000000000000 0.00000000000000000000 0.00000000000000000000 0.00000000000000000000 1.80976998805999755859
1.00000000000000000000 1.00000000000000000000 -1.00000000000000000000 0.00000000000000000000 0.00000000000000000000 1.00000000000000000000 -1.00000000000000000000 1.00000000000000000000 -1.00000000000000000000 1.00000000000000000000 5.52277994155883789062
1.00000000000000000000 0.00000000000000000000 -1.00000000000000000000 1.00000000000000000000 0.00000000000000000000 -1.00000000000000000000 -1.00000000000000000000 1.00000000000000000000 -1.00000000000000000000 -1.00000000000000000000 2.37185001373291015625
1.00000000000000000000 0.00000000000000000000 1.00000000000000000000 -1.00000000000000000000 0.00000000000000000000 -1.00000000000000000000 1.00000000000000000000 -1.00000000000000000000 0.00000000000000000000 -1.00000000000000000000 4.31412982940673828125
1.00000000000000000000 1.00000000000000000000 0.00000000000000000000 -1.00000000000000000000 0.00000000000000000000 0.00000000000000000000 -1.00000000000000000000 0.00000000000000000000 1.00000000000000000000 0.00000000000000000000 4.42122983932495117188
1.00000000000000000000 -1.00000000000000000000 0.00000000000000000000 1.00000000000000000000 -1.00000000000000000000 0.00000000000000000000 -1.00000000000000000000 1.00000000000000000000 0.00000000000000000000 0.00000000000000000000 0.90157002210617076532
1.00000000000000000000 1.00000000000000000000 -1.00000000000000000000 0.00000000000000000000 0.00000000000000000000 0.00000000000000000000 -1.00000000000000000000 1.00000000000000000000 0.00000000000000000000 0.00000000000000000000 2.97119998931884810034
-1.00000000000000000000 -1.00000000000000000000 1.00000000000000000000 0.00000000000000000000 -1.00000000000000000000 -1.00000000000000000000 0.00000000000000000000 1.00000000000000000000 1.00000000000000000000 0.00000000000000000000 -8.51570987701416015625
-1.00000000000000000000 -1.00000000000000000000 1.00000000000000000000 0.00000000000000000000 -1.00000000000000000000 1.00000000000000000000 1.00000000000000000000 0.00000000000000000000 0.00000000000000000000 1.00000000000000000000 -3.35704994201660156250
-1.00000000000000000000 1.00000000000000000000 -1.00000000000000000000 0.00000000000000000000 0.00000000000000000000 0.00000000000000000000 1.00000000000000000000 -1.00000000000000000000 -1.00000000000000000000 1.00000000000000000000 -1.34138000011444091797
-1.00000000000000000000 0.00000000000000000000 -1.00000000000000000000 0.00000000000000000000 -1.00000000000000000000 -1.00000000000000000000 1.00000000000000000000 -1.00000000000000000000 -1.00000000000000000000 0.00000000000000000000 -8.66703987121582031250
1.00000000000000000000 1.00000000000000000000 1.00000000000000000000 -1.00000000000000000000 0.00000000000000000000 0.00000000000000000000 -1.00000000000000000000 -1.00000000000000000000 0.00000000000000000000 1.00000000000000000000 5.31595993041992187500
1.00000000000000000000 0.00000000000000000000 0.00000000000000000000 1.00000000000000000000 -1.00000000000000000000 -1.00000000000000000000 -1.00000000000000000000 1.00000000000000000000 -1.00000000000000000000 -1.00000000000000000000 1.89333999156951904297
1.00000000000000000000 0.00000000000000000000 -1.00000000000000000000 -1.00000000000000000000 1.00000000000000000000 -1.00000000000000000000 1.00000000000000000000 1.00000000000000000000 1.00000000000000000000 -1.00000000000000000000 -0.28757899999618530273
1.00000000000000000000 0.00000000000000000000 -1.00000000000000000000 0.00000000000000000000 -1.00000000000000000000 0.00000000000000000000 -1.00000000000000000000 1.00000000000000000000 -1.00000000000000000000 0.00000000000000000000 0.87494897842407226562
-1.00000000000000000000 -1.00000000000000000000 0.00000000000000000000 -1.00000000000000000000 1.00000000000000000000 1.00000000000000000000 0.00000000000000000000 -1.00000000000000000000 1.00000000000000000000 -1.00000000000000000000 3.31517004966735839844
1.00000000000000000000 -1.00000000000000000000 -1.00000000000000000000 -1.00000000000000000000 0.00000000000000000000 -1.00000000000000000000 -1.00000000000000000000 1.00000000000000000000 -1.00000000000000000000 1.00000000000000000000 -2.97832989692687988281
1.00000000000000000000 -1.00000000000000000000 -1.00000000000000000000 1.00000000000000000000 1.00000000000000000000 -1.00000000000000000000 0.00000000000000000000 1.00000000000000000000 1.00000000000000000000 -1.00000000000000000000 -1.64848005771636962891
1.00000000000000000000 -1.00000000000000000000 -1.00000000000000000000 1.00000000000000000000 -1.00000000000000000000 -1.00000000000000000000 -1.00000000000000000000 -1.00000000000000000000 0.00000000000000000000 -1.00000000000000000000 -0.71415400505065917969
-1.00000000000000000000 -1.00000000000000000000 0.00000000000000000000 -1.00000000000000000000 1.00000000000000000000 1.00000000000000000000 0.00000000000000000000 0.00000000000000000000 0.00000000000000000000 1.00000000000000000000 2.53579998016357421875
-1.00000000000000000000 -1.00000000000000000000 0.00000000000000000000 -1.00000000000000000000 1.00000000000000000000 -1.00000000000000000000 0.00000000000000000000 1.00000000000000000000 -1.00000000000000000000 -1.00000000000000000000 -2.52680993080139204565
1.00000000000000000000 -1.00000000000000000000 -1.00000000000000000000 0.00000000000000000000 0.00000000000000000000 1.00000000000000000000 -1.00000000000000000000 0.00000000000000000000 -1.00000000000000000000 1.00000000000000000000 0.46290498971939081363
-1.00000000000000000000 1.00000000000000000000 0.00000000000000000000 -1.00000000000000000000 -1.00000000000000000000 1.00000000000000000000 -1.00000000000000000000 0.00000000000000000000 1.00000000000000000000 1.00000000000000000000 -4.67663002014160156250
-1.00000000000000000000 0.00000000000000000000 1.00000000000000000000 1.00000000000000000000 -1.00000000000000000000 0.00000000000000000000 1.00000000000000000000 0.00000000000000000000 0.00000000000000000000 -1.00000000000000000000 -4.12104988098144531250
1.00000000000000000000 0.00000000000000000000 0.00000000000000000000 1.00000000000000000000 -1.00000000000000000000 0.00000000000000000000 -1.00000000000000000000 -1.00000000000000000000 1.00000000000000000000 -1.00000000000000000000 4.95949983596801757812
-1.00000000000000000000 0.00000000000000000000 1.00000000000000000000 1.00000000000000000000 1.00000000000000000000 1.00000000000000000000 1.00000000000000000000 1.00000000000000000000 0.00000000000000000000 0.00000000000000000000 3.27150011062622070312
-1.00000000000000000000 1.00000000000000000000 0.00000000000000000000 1.00000000000000000000 1.00000000000000000000 -1.00000000000000000000 1.00000000000000000000 -1.00000000000000000000 1.00000000000000000000 -1.00000000000000000000 -1.37952005863189697266
1.00000000000000000000 0.00000000000000000000 -1.00000000000000000000 0.00000000000000000000 -1.00000000000000000000 0.00000000000000000000 1.00000000000000000000 1.00000000000000000000 -1.00000000000000000000 1.00000000000000000000 -0.05035049840807909877
1.00000000000000000000 -1.00000000000000000000 1.00000000000000000000 -1.00000000000000000000 0.00000000000000000000 -1.00000000000000000000 0.00000000000000000000 1.00000000000000000000 -1.00000000000000000000 1.00000000000000000000 0.54735702276229858398
1.00000000000000000000 1.00000000000000000000 0.00000000000000000000 0.00000000000000000000 1.00000000000000000000 1.00000000000000000000 -1.00000000000000000000 1.00000000000000000000 -1.00000000000000000000 1.00000000000000000000 5.10532999038696289062
1.00000000000000000000 0.00000000000000000000 1.00000000000000000000 0.00000000000000000000 1.00000000000000000000 -1.00000000000000000000 0.00000000000000000000 -1.00000000000000000000 1.00000000000000000000 0.00000000000000000000 4.98746013641357421875
-1.00000000000000000000 0.00000000000000000000 0.00000000000000000000 0.00000000000000000000 1.00000000000000000000 0.00000000000000000000 -1.00000000000000000000 0.00000000000000000000 0.00000000000000000000 1.00000000000000000000 -0.84119302034378051758
1.00000000000000000000 0.00000000000000000000 -1.00000000000000000000 -1.00000000000000000000 1.00000000000000000000 1.00000000000000000000 0.00000000000000000000 0.00000000000000000000 1.00000000000000000000 -1.00000000000000000000 -0.02624860033392899944
1.00000000000000000000 0.00000000000000000000 1.00000000000000000000 0.00000000000000000000 1.00000000000000000000 1.00000000000000000000 -1.00000000000000000000 -1.00000000000000000000 0.00000000000000000000 1.00000000000000000000 4.81772994995117187500
-1.00000000000000000000 -1.00000000000000000000 0.00000000000000000000 -1.00000000000000000000 -1.00000000000000000000 -1.00000000000000000000 -1.00000000000000000000 0.00000000000000000000 -1.00000000000000000000 0.00000000000000000000 -9.38803005218506037011
1.00000000000000000000 -1.00000000000000000000 0.00000000000000000000 0.00000000000000000000 0.00000000000000000000 -1.00000000000000000000 -1.00000000000000000000 -1.00000000000000000000 -1.00000000000000000000 1.00000000000000000000 1.18613994121551513672
-1.00000000000000000000 0.00000000000000000000 1.00000000000000000000 0.00000000000000000000 0.00000000000000000000 -1.00000000000000000000 1.00000000000000000000 0.00000000000000000000 1.00000000000000000000 1.00000000000000000000 -3.46601009368896484375
1.00000000000000000000 -1.00000000000000000000 1.00000000000000000000 -1.00000000000000000000 0.00000000000000000000 -1.00000000000000000000 -1.00000000000000000000 1.00000000000000000000 0.00000000000000000000 1.00000000000000000000 0.45711600780487060547
1.00000000000000000000 0.00000000000000000000 1.00000000000000000000 1.00000000000000000000 0.00000000000000000000 0.00000000000000000000 -1.00000000000000000000 -1.00000000000000000000 -1.00000000000000000000 1.00000000000000000000 4.83471012115478515625
1.00000000000000000000 0.00000000000000000000 1.00000000000000000000 -1.00000000000000000000 1.00000000000000000000 1.00000000000000000000 -1.00000000000000000000 0.00000000000000000000 -1.00000000000000000000 0.00000000000000000000 3.34765005111694380346
-1.00000000000000000000 -1.00000000000000000000 -1.00000000000000000000 1.00000000000000000000 -1.00000000000000000000 -1.00000000000000000000 1.00000000000000000000 1.00000000000000000000 1.00000000000000000000 -1.00000000000000000000 -6.85370016098022460938
1.00000000000000000000 0.00000000000000000000 -1.00000000000000000000 0.00000000000000000000 -1.00000000000000000000 1.00000000000000000000 1.00000000000000000000 1.00000000000000000000 0.00000000000000000000 1.00000000000000000000 2.66827011108398437500
-1.00000000000000000000 1.00000000000000000000 1.00000000000000000000 -1.00000000000000000000 0.00000000000000000000 1.00000000000000000000 0.00000000000000000000 1.00000000000000000000 0.00000000000000000000 0.00000000000000000000 0.25370898842811578922
-1.00000000000000000000 1.00000000000000000000 0.00000000000000000000 1.00000000000000000000 1.00000000000000000000 -1.00000000000000000000 -1.00000000000000000000 1.00000000000000000000 0.00000000000000000000 0.00000000000000000000 -3.74530005455017089844
1.00000000000000000000 1.00000000000000000000 -1.00000000000000000000 -1.00000000000000000000 0.00000000000000000000 1.00000000000000000000 0.00000000000000000000 1.00000000000000000000 -1.00000000000000000000 -1.00000000000000000000 3.33332991600036621094
1.00000000000000000000 -1.00000000000000000000 1.00000000000000000000 1.00000000000000000000 -1.00000000000000000000 -1.00000000000000000000 0.00000000000000000000 0.00000000000000000000 1.00000000000000000000 1.00000000000000000000 4.18765020370483398438
-1.00000000000000000000 -1.00000000000000000000 -1.00000000000000000000 -1.00000000000000000000 -1.00000000000000000000 -1.00000000000000000000 0.00000000000000000000 0.00000000000000000000 1.00000000000000000000 1.00000000000000000000 -8.29310035705566406250
1.00000000000000000000 1.00000000000000000000 0.00000000000000000000 -1.00000000000000000000 -1.00000000000000000000 1.00000000000000000000 -1.00000000000000000000 1.00000000000000000000 -1.00000000000000000000 0.00000000000000000000 4.92439985275268554688
-1.00000000000000000000 0.00000000000000000000 1.00000000000000000000 0.00000000000000000000 1.00000000000000000000 0.00000000000000000000 -1.00000000000000000000 1.00000000000000000000 0.00000000000000000000 -1.00000000000000000000 -1.43807005882263183594
1.00000000000000000000 0.00000000000000000000 1.00000000000000000000 0.00000000000000000000 0.00000000000000000000 -1.00000000000000000000 1.00000000000000000000 1.00000000000000000000 0.00000000000000000000 -1.00000000000000000000 5.51558017730712890625
-1.00000000000000000000 1.00000000000000000000 1.00000000000000000000 0.00000000000000000000 -1.00000000000000000000 -1.00000000000000000000 -1.00000000000000000000 1.00000000000000000000 0.00000000000000000000 -1.00000000000000000000 -8.72385978698730468750
-1.00000000000000000000 -1.00000000000000000000 -1.00000000000000000000 -1.00000000000000000000 0.00000000000000000000 1.00000000000000000000 -1.00000000000000000000 1.00000000000000000000 0.00000000000000000000 1.00000000000000000000 -0.87630397081375122070
-1.00000000000000000000 1.00000000000000000000 1.00000000000000000000 -1.00000000000000000000 -1.00000000000000000000 -1.00000000000000000000 1.00000000000000000000 1.00000000000000000000 0.00000000000000000000 1.00000000000000000000 -8.77326011657714843750
-1.00000000000000000000 0.00000000000000000000 -1.00000000000000000000 0.00000000000000000000 1.00000000000000000000 1.00000000000000000000 0.00000000000000000000 0.00000000000000000000 1.00000000000000000000 -1.00000000000000000000 2.43839001655578613281
-1.00000000000000000000 1.00000000000000000000 -1.00000000000000000000 -1.00000000000000000000 -1.00000000000000000000 0.00000000000000000000 0.00000000000000000000 0.00000000000000000000 1.00000000000000000000 0.00000000000000000000 -6.62955999374389648438
-1.00000000000000000000 -1.00000000000000000000 1.00000000000000000000 -1.00000000000000000000 0.00000000000000000000 1.00000000000000000000 -1.00000000000000000000 0.00000000000000000000 -1.00000000000000000000 -1.00000000000000000000 -3.81321001052856489721
-1.00000000000000000000 1.00000000000000000000 -1.00000000000000000000 0.00000000000000000000 1.00000000000000000000 -1.00000000000000000000 -1.00000000000000000000 -1.00000000000000000000 1.00000000000000000000 1.00000000000000000000 -2.09938001632690429688
1.00000000000000000000 1.00000000000000000000 1.00000000000000000000 -1.00000000000000000000 0.00000000000000000000 0.00000000000000000000 1.00000000000000000000 1.00000000000000000000 1.00000000000000000000 -1.00000000000000000000 5.97875022888183593750
1.00000000000000000000 1.00000000000000000000 -1.00000000000000000000 1.00000000000000000000 -1.00000000000000000000 0.00000000000000000000 0.00000000000000000000 0.00000000000000000000 0.00000000000000000000 1.00000000000000000000 6.20375013351440429688
1.00000000000000000000 -1.00000000000000000000 1.00000000000000000000 -1.00000000000000000000 1.00000000000000000000 -1.00000000000000000000 0.00000000000000000000 -1.00000000000000000000 0.00000000000000000000 1.00000000000000000000 2.52443003654479980469
-1.00000000000000000000 -1.00000000000000000000 1.00000000000000000000 -1.00000000000000000000 0.00000000000000000000 0.00000000000000000000 0.00000000000000000000 1.00000000000000000000 -1.00000000000000000000 1.00000000000000000000 -3.10120010375976562500
1.00000000000000000000 -1.00000000000000000000 -1.00000000000000000000 -1.00000000000000000000 1.00000000000000000000 0.00000000000000000000 0.00000000000000000000 -1.00000000000000000000 -1.00000000000000000000 0.00000000000000000000 -4.09938001632690429688
1.00000000000000000000 0.00000000000000000000 1.00000000000000000000 1.00000000000000000000 -1.00000000000000000000 0.00000000000000000000 1.00000000000000000000 1.00000000000000000000 0.00000000000000000000 1.00000000000000000000 7.12592983245849609375
-1.00000000000000000000 1.00000000000000000000 -1.00000000000000000000 -1.00000000000000000000 -1.00000000000000000000 -1.00000000000000000000 1.00000000000000000000 1.00000000000000000000 -1.00000000000000000000 0.00000000000000000000 -8.00076961517333984375
1.00000000000000000000 0.00000000000000000000 0.00000000000000000000 1.00000000000000000000 -1.00000000000000000000 1.00000000000000000000 1.00000000000000000000 0.00000000000000000000 -1.00000000000000000000 0.00000000000000000000 4.64201021194458007812
-1.00000000000000000000 0.00000000000000000000 1.00000000000000000000 -1.00000000000000000000 -1.00000000000000000000 -1.00000000000000000000 0.00000000000000000000 1.00000000000000000000 0.00000000000000000000 1.00000000000000000000 -5.91208982467651367188
1.00000000000000000000 1.00000000000000000000 -1.00000000000000000000 0.00000000000000000000 -1.00000000000000000000 1.00000000000000000000 -1.00000000000000000000 -1.00000000000000000000 -1.00000000000000000000 -1.00000000000000000000 2.72590994834899902344
-1.00000000000000000000 1.00000000000000000000 0.00000000000000000000 -1.00000000000000000000 0.00000000000000000000 0.00000000000000000000 -1.00000000000000000000 0.00000000000000000000 1.00000000000000000000 -1.00000000000000000000 -3.49989008903503417969
-1.00000000000000000000 0.00000000000000000000 0.00000000000000000000 1.00000000000000000000 1.00000000000000000000 -1.00000000000000000000 0.00000000000000000000 -1.00000000000000000000 1.00000000000000000000 -1.00000000000000000000 -1.58159005641937255859
1.00000000000000000000 1.00000000000000000000 1.00000000000000000000 0.00000000000000000000 0.00000000000000000000 0.00000000000000000000 1.00000000000000000000 1.00000000000000000000 1.00000000000000000000 1.00000000000000000000 7.08979988098144531250
-1.00000000000000000000 -1.00000000000000000000 1.00000000000000000000 1.00000000000000000000 0.00000000000000000000 0.00000000000000000000 -1.00000000000000000000 1.00000000000000000000 1.00000000000000000000 1.00000000000000000000 -2.47210001945495605469
1.00000000000000000000 1.00000000000000000000 -1.00000000000000000000 0.00000000000000000000 -1.00000000000000000000 1.00000000000000000000 -1.00000000000000000000 -1.00000000000000000000 1.00000000000000000000 0.00000000000000000000 4.50648021697998046875
-1.00000000000000000000 0.00000000000000000000 -1.00000000000000000000 -1.00000000000000000000 -1.00000000000000000000 -1.00000000000000000000 -1.00000000000000000000 1.00000000000000000000 1.00000000000000000000 -1.00000000000000000000 -8.69122982025146484375
1.00000000000000000000 0.00000000000000000000 -1.00000000000000000000 0.00000000000000000000 -1.00000000000000000000 0.00000000000000000000 1.00000000000000000000 -1.00000000000000000000 0.00000000000000000000 0.00000000000000000000 1.31730997562408447266
1.00000000000000000000 0.00000000000000000000 -1.00000000000000000000 -1.00000000000000000000 -1.00000000000000000000 -1.00000000000000000000 1.00000000000000000000 1.00000000000000000000 -1.00000000000000000000 1.00000000000000000000 -1.44972002506256103516
1.00000000000000000000 0.00000000000000000000 1.00000000000000000000 -1.00000000000000000000 -1.00000000000000000000 -1.00000000000000000000 0.00000000000000000000 0.00000000000000000000 0.00000000000000000000 -1.00000000000000000000 3.61806988716125488281
1.00000000000000000000 -1.00000000000000000000 1.00000000000000000000 0.00000000000000000000 1.00000000000000000000 0.00000000000000000000 1.00000000000000000000 1.00000000000000000000 1.00000000000000000000 -1.00000000000000000000 4.09886980056762695312
1.00000000000000000000 0.00000000000000000000 0.00000000000000000000 0.00000000000000000000 1.00000000000000000000 -1.00000000000000000000 0.00000000000000000000 1.00000000000000000000 0.00000000000000000000 1.00000000000000000000 3.92001008987426802221
-1.00000000000000000000 -1.00000000000000000000 0.00000000000000000000 -1.00000000000000000000 1.00000000000000000000 -1.00000000000000000000 0.00000000000000000000 0.00000000000000000000 -1.00000000000000000000 1.00000000000000000000 -1.33283996582031250000
-1.00000000000000000000 1.00000000000000000000 -1.00000000000000000000 0.00000000000000000000 0.00000000000000000000 1.00000000000000000000 0.00000000000000000000 0.00000000000000000000 -1.00000000000000000000 0.00000000000000000000 -1.30183005332946777344
1.00000000000000000000 -1.00000000000000000000 0.00000000000000000000 0.00000000000000000000 1.00000000000000000000 -1.00000000000000000000 -1.00000000000000000000 0.00000000000000000000 0.00000000000000000000 0.00000000000000000000 0.50392997264862060547
-1.00000000000000000000 1.00000000000000000000 0.00000000000000000000 1.00000000000000000000 0.00000000000000000000 0.00000000000000000000 0.00000000000000000000 -1.00000000000000000000 -1.00000000000000000000 1.00000000000000000000 -1.91859996318817160876
-1.00000000000000000000 0.00000000000000000000 0.00000000000000000000 0.00000000000000000000 1.00000000000000000000 0.00000000000000000000 0.00000000000000000000 0.00000000000000000000 0.00000000000000000000 1.00000000000000000000 -0.01887439936399459839
-1.00000000000000000000 1.00000000000000000000 -1.00000000000000000000 1.00000000000000000000 1.00000000000000000000 -1.00000000000000000000 0.00000000000000000000 -1.00000000000000000000 -1.00000000000000000000 -1.00000000000000000000 -1.73397004604339599609
-1.00000000000000000000 -1.00000000000000000000 1.00000000000000000000 0.00000000000000000000 -1.00000000000000000000 -1.00000000000000000000 -1.00000000000000000000 1.00000000000000000000 -1.00000000000000000000 1.00000000000000000000 -9.60134029388427556739
1.00000000000000000000 -1.00000000000000000000 1.00000000000000000000 1.00000000000000000000 1.00000000000000000000 -1.00000000000000000000 1.00000000000000000000 -1.00000000000000000000 1.00000000000000000000 -1.00000000000000000000 3.93222999572753906250
1.00000000000000000000 -1.00000000000000000000 -1.00000000000000000000 -1.00000000000000000000 0.00000000000000000000 -1.00000000000000000000 0.00000000000000000000 -1.00000000000000000000 -1.00000000000000000000 0.00000000000000000000 -4.52934980392456054688
1.00000000000000000000 1.00000000000000000000 0.00000000000000000000 0.00000000000000000000 1.00000000000000000000 -1.00000000000000000000 1.00000000000000000000 0.00000000000000000000 0.00000000000000000000 0.00000000000000000000 5.91445016860961914062
1.00000000000000000000 1.00000000000000000000 0.00000000000000000000 0.00000000000000000000 -1.00000000000000000000 1.00000000000000000000 -1.00000000000000000000 1.00000000000000000000 1.00000000000000000000 1.00000000000000000000 7.26448011398315429688
1.00000000000000000000 0.00000000000000000000 0.00000000000000000000 1.00000000000000000000 0.00000000000000000000 -1.00000000000000000000 -1.00000000000000000000 1.00000000000000000000 1.00000000000000000000 -1.00000000000000000000 4.86438989639282226562
1.00000000000000000000 -1.00000000000000000000 1.00000000000000000000 1.00000000000000000000 1.00000000000000000000 1.00000000000000000000 1.00000000000000000000 0.00000000000000000000 -1.00000000000000000000 0.00000000000000000000 2.97632002830505371094
-1.00000000000000000000 1.00000000000000000000 1.00000000000000000000 0.00000000000000000000 -1.00000000000000000000 0.00000000000000000000 0.00000000000000000000 0.00000000000000000000 1.00000000000000000000 0.00000000000000000000 -5.38526010513305664062
1.00000000000000000000 -1.00000000000000000000 -1.00000000000000000000 1.00000000000000000000 -1.00000000000000000000 -1.00000000000000000000 1.00000000000000000000 -1.00000000000000000000 1.00000000000000000000 1.00000000000000000000 -0.05511860176920890114
1.00000000000000000000 1.00000000000000000000 -1.00000000000000000000 0.00000000000000000000 0.00000000000000000000 0.00000000000000000000 -1.00000000000000000000 -1.00000000000000000000 1.00000000000000000000 1.00000000000000000000 4.32789993286132812500
1.00000000000000000000 0.00000000000000000000 1.00000000000000000000 0.00000000000000000000 -1.00000000000000000000 1.00000000000000000000 1.00000000000000000000 0.00000000000000000000 0.00000000000000000000 0.00000000000000000000 5.82134008407592773438
1.00000000000000000000 0.00000000000000000000 0.00000000000000000000 0.00000000000000000000 0.00000000000000000000 -1.00000000000000000000 0.00000000000000000000 0.00000000000000000000 0.00000000000000000000 1.00000000000000000000 2.16275000572204589844
1.00000000000000000000 -1.00000000000000000000 1.00000000000000000000 1.00000000000000000000 0.00000000000000000000 0.00000000000000000000 1.00000000000000000000 0.00000000000000000000 1.00000000000000000000 0.00000000000000000000 1.36819005012512207031
-1.00000000000000000000 0.00000000000000000000 0.00000000000000000000 1.00000000000000000000 -1.00000000000000000000 1.00000000000000000000 0.00000000000000000000 0.00000000000000000000 -1.00000000000000000000 0.00000000000000000000 -4.70771980285644531250
-1.00000000000000000000 -1.00000000000000000000 1.00000000000000000000 1.00000000000000000000 -1.00000000000000000000 -1.00000000000000000000 1.00000000000000000000 -1.00000000000000000000 -1.00000000000000000000 1.00000000000000000000 -7.65656995773315429688
-1.00000000000000000000 1.00000000000000000000 0.00000000000000000000 -1.00000000000000000000 -1.00000000000000000000 0.00000000000000000000 1.00000000000000000000 1.00000000000000000000 -1.00000000000000000000 0.00000000000000000000 -4.72356986999511718750
1.00000000000000000000 -1.00000000000000000000 -1.00000000000000000000 1.00000000000000000000 1.00000000000000000000 0.00000000000000000000 1.00000000000000000000 -1.00000000000000000000 -1.00000000000000000000 -1.00000000000000000000 -3.42863988876342817846
1.00000000000000000000 1.00000000000000000000 -1.00000000000000000000 0.00000000000000000000 -1.00000000000000000000 1.00000000000000000000 1.00000000000000000000 0.00000000000000000000 -1.00000000000000000000 -1.00000000000000000000 3.46338009834289550781
-1.00000000000000000000 0.00000000000000000000 -1.00000000000000000000 1.00000000000000000000 0.00000000000000000000 1.00000000000000000000 1.00000000000000000000 0.00000000000000000000 1.00000000000000000000 0.00000000000000000000 -1.16672003269195556641
-1.00000000000000000000 0.00000000000000000000 -1.00000000000000000000 1.00000000000000000000 -1.00000000000000000000 1.00000000000000000000 1.00000000000000000000 -1.00000000000000000000 1.00000000000000000000 -1.00000000000000000000 -3.58845996856689453125
1.00000000000000000000 1.00000000000000000000 1.00000000000000000000 0.00000000000000000000 0.00000000000000000000 1.00000000000000000000 0.00000000000000000000 1.00000000000000000000 0.00000000000000000000 0.00000000000000000000 7.61502981185913085938
1.00000000000000000000 -1.00000000000000000000 0.00000000000000000000 0.00000000000000000000 1.00000000000000000000 0.00000000000000000000 0.00000000000000000000 0.00000000000000000000 1.00000000000000000000 -1.00000000000000000000 -0.12318900227546690507
1.00000000000000000000 1.00000000000000000000 -1.00000000000000000000 0.00000000000000000000 0.00000000000000000000 -1.00000000000000000000 1.00000000000000000000 1.00000000000000000000 -1.00000000000000000000 1.00000000000000000000 2.90102005004882812500
-1.00000000000000000000 1.00000000000000000000 -1.00000000000000000000 0.00000000000000000000 1.00000000000000000000 -1.00000000000000000000 1.00000000000000000000 0.00000000000000000000 -1.00000000000000000000 0.00000000000000000000 -0.45170000195503229312
-1.00000000000000000000 0.00000000000000000000 1.00000000000000000000 -1.00000000000000000000 -1.00000000000000000000 1.00000000000000000000 1.00000000000000000000 0.00000000000000000000 1.00000000000000000000 -1.00000000000000000000 -3.52543997764587402344
-1.00000000000000000000 0.00000000000000000000 -1.00000000000000000000 1.00000000000000000000 -1.00000000000000000000 0.00000000000000000000 -1.00000000000000000000 0.00000000000000000000 1.00000000000000000000 0.00000000000000000000 -7.73821020126342773438
1.00000000000000000000 -1.00000000000000000000 1.00000000000000000000 0.00000000000000000000 1.00000000000000000000 0.00000000000000000000 -1.00000000000000000000 0.00000000000000000000 -1.00000000000000000000 0.00000000000000000000 3.18494009971618652344
1.00000000000000000000 -1.00000000000000000000 0.00000000000000000000 0.00000000000000000000 0.00000000000000000000 1.00000000000000000000 -1.00000000000000000000 1.00000000000000000000 0.00000000000000000000 0.00000000000000000000 -0.28506401181221008301
1.00000000000000000000 -1.00000000000000000000 -1.00000000000000000000 1.00000000000000000000 1.00000000000000000000 1.00000000000000000000 0.00000000000000000000 -1.00000000000000000000 -1.00000000000000000000 0.00000000000000000000 -0.69750398397445678711
-1.00000000000000000000 0.00000000000000000000 0.00000000000000000000 0.00000000000000000000 1.00000000000000000000 1.00000000000000000000 -1.00000000000000000000 0.00000000000000000000 -1.00000000000000000000 -1.00000000000000000000 1.11787998676300048828
-1.00000000000000000000 -1.00000000000000000000 -1.00000000000000000000 -1.00000000000000000000 0.00000000000000000000 1.00000000000000000000 0.00000000000000000000 0.00000000000000000000 0.00000000000000000000 1.00000000000000000000 0.46191298961639398746
1.00000000000000000000 -1.00000000000000000000 1.00000000000000000000 1.00000000000000000000 0.00000000000000000000 0.00000000000000000000 1.00000000000000000000 -1.00000000000000000000 -1.00000000000000000000 1.00000000000000000000 2.44496011734008789062
1.00000000000000000000 -1.00000000000000000000 1.00000000000000000000 1.00000000000000000000 0.00000000000000000000 1.00000000000000000000 -1.00000000000000000000 1.00000000000000000000 0.00000000000000000000 0.00000000000000000000 3.05768990516662597656
1.00000000000000000000 0.00000000000000000000 0.00000000000000000000 -1.00000000000000000000 0.00000000000000000000 -1.00000000000000000000 -1.00000000000000000000 -1.00000000000000000000 -1.00000000000000000000 1.00000000000000000000 3.49254989624023437500
1.00000000000000000000 0.00000000000000000000 -1.00000000000000000000 -1.00000000000000000000 0.00000000000000000000 -1.00000000000000000000 -1.00000000000000000000 0.00000000000000000000 -1.00000000000000000000 0.00000000000000000000 -0.62615698575973510742
-1.00000000000000000000 1.00000000000000000000 0.00000000000000000000 0.00000000000000000000 1.00000000000000000000 1.00000000000000000000 1.00000000000000000000 1.00000000000000000000 1.00000000000000000000 -1.00000000000000000000 2.25465011596679687500
1.00000000000000000000 1.00000000000000000000 -1.00000000000000000000 1.00000000000000000000 -1.00000000000000000000 1.00000000000000000000 -1.00000000000000000000 -1.00000000000000000000 1.00000000000000000000 0.00000000000000000000 5.88474988937377929688
1.00000000000000000000 -1.00000000000000000000 0.00000000000000000000 1.00000000000000000000 -1.00000000000000000000 1.00000000000000000000 1.00000000000000000000 0.00000000000000000000 0.00000000000000000000 0.00000000000000000000 1.35758996009826660156
1.00000000000000000000 0.00000000000000000000 -1.00000000000000000000 0.00000000000000000000 -1.00000000000000000000 -1.00000000000000000000 0.00000000000000000000 1.00000000000000000000 0.00000000000000000000 -1.00000000000000000000 1.12285995483398437500
1.00000000000000000000 0.00000000000000000000 -1.00000000000000000000 -1.00000000000000000000 1.00000000000000000000 0.00000000000000000000 -1.00000000000000000000 0.00000000000000000000 -1.00000000000000000000 1.00000000000000000000 1.26949000358581542969
1.00000000000000000000 0.00000000000000000000 -1.00000000000000000000 1.00000000000000000000 0.00000000000000000000 0.00000000000000000000 1.00000000000000000000 0.00000000000000000000 1.00000000000000000000 0.00000000000000000000 1.00443994998931884766
-1.00000000000000000000 1.00000000000000000000 1.00000000000000000000 -1.00000000000000000000 -1.00000000000000000000 0.00000000000000000000 1.00000000000000000000 -1.00000000000000000000 -1.00000000000000000000 0.00000000000000000000 -3.69861006736755371094
1.00000000000000000000 -1.00000000000000000000 1.00000000000000000000 -1.00000000000000000000 0.00000000000000000000 1.00000000000000000000 1.00000000000000000000 1.00000000000000000000 1.00000000000000000000 1.00000000000000000000 0.78385901451110839844
-1.00000000000000000000 0.00000000000000000000 -1.00000000000000000000 0.00000000000000000000 0.00000000000000000000 0.00000000000000000000 0.00000000000000000000 0.00000000000000000000 0.00000000000000000000 -1.00000000000000000000 -3.98902010917663618628
-1.00000000000000000000 1.00000000000000000000 0.00000000000000000000 0.00000000000000000000 1.00000000000000000000 -1.00000000000000000000 0.00000000000000000000 0.00000000000000000000 -1.00000000000000000000 1.00000000000000000000 -2.35657000541687011719
-1.00000000000000000000 0.00000000000000000000 -1.00000000000000000000 1.00000000000000000000 0.00000000000000000000 -1.00000000000000000000 0.00000000000000000000 0.00000000000000000000 -1.00000000000000000000 1.00000000000000000000 -6.13398981094360440380
-1.00000000000000000000 -1.00000000000000000000 0.00000000000000000000 -1.00000000000000000000 0.00000000000000000000 1.00000000000000000000 -1.00000000000000000000 -1.00000000000000000000 -1.00000000000000000000 0.00000000000000000000 -2.20729994773864746094
-1.00000000000000000000 0.00000000000000000000 0.00000000000000000000 1.00000000000000000000 0.00000000000000000000 1.00000000000000000000 1.00000000000000000000 1.00000000000000000000 1.00000000000000000000 0.00000000000000000000 0.57579201459884643555
1.00000000000000000000 -1.00000000000000000000 1.00000000000000000000 1.00000000000000000000 -1.00000000000000000000 1.00000000000000000000 1.00000000000000000000 -1.00000000000000000000 1.00000000000000000000 0.00000000000000000000 1.96204996109008789062
1.00000000000000000000 -1.00000000000000000000 -1.00000000000000000000 -1.00000000000000000000 -1.00000000000000000000 1.00000000000000000000 1.00000000000000000000 -1.00000000000000000000 1.00000000000000000000 0.00000000000000000000 -3.86520004272460981909
1.00000000000000000000 0.00000000000000000000 0.00000000000000000000 -1.00000000000000000000 0.00000000000000000000 1.00000000000000000000 0.00000000000000000000 0.00000000000000000000 -1.00000000000000000000 0.00000000000000000000 3.17845010757446289062
1.00000000000000000000 0.00000000000000000000 -1.00000000000000000000 -1.00000000000000000000 0.00000000000000000000 -1.00000000000000000000 -1.00000000000000000000 -1.00000000000000000000 -1.00000000000000000000 -1.00000000000000000000 -1.84924995899200439453
1.00000000000000000000 -1.00000000000000000000 0.00000000000000000000 -1.00000000000000000000 -1.00000000000000000000 -1.00000000000000000000 -1.00000000000000000000 -1.00000000000000000000 1.00000000000000000000 0.00000000000000000000 -1.37372994422912597656
1.00000000000000000000 1.00000000000000000000 0.00000000000000000000 1.00000000000000000000 -1.00000000000000000000 1.00000000000000000000 1.00000000000000000000 0.00000000000000000000 0.00000000000000000000 0.00000000000000000000 6.26015996932983398438
1.00000000000000000000 0.00000000000000000000 0.00000000000000000000 -1.00000000000000000000 1.00000000000000000000 -1.00000000000000000000 1.00000000000000000000 1.00000000000000000000 1.00000000000000000000 -1.00000000000000000000 1.57605004310607910156
-1.00000000000000000000 1.00000000000000000000 0.00000000000000000000 -1.00000000000000000000 1.00000000000000000000 0.00000000000000000000 1.00000000000000000000 -1.00000000000000000000 1.00000000000000000000 -1.00000000000000000000 -0.06214329972863189694
-1.00000000000000000000 -1.00000000000000000000 0.00000000000000000000 1.00000000000000000000 -1.00000000000000000000 1.00000000000000000000 -1.00000000000000000000 0.00000000000000000000 0.00000000000000000000 -1.00000000000000000000 -4.41047000885009765625
1.00000000000000000000 -1.00000000000000000000 1.00000000000000000000 1.00000000000000000000 0.00000000000000000000 -1.00000000000000000000 -1.00000000000000000000 0.00000000000000000000 1.00000000000000000000 -1.00000000000000000000 2.74599003791809082031
1.00000000000000000000 -1.00000000000000000000 -1.00000000000000000000 -1.00000000000000000000 1.00000000000000000000 -1.00000000000000000000 1.00000000000000000000 0.00000000000000000000 0.00000000000000000000 0.00000000000000000000 -1.93615996837615989001
-1.00000000000000000000 -1.00000000000000000000 1.00000000000000000000 0.00000000000000000000 0.00000000000000000000 -1.00000000000000000000 0.00000000000000000000 1.00000000000000000000 0.00000000000000000000 0.00000000000000000000 -3.47812008857727050781
-1.00000000000000000000 -1.00000000000000000000 1.00000000000000000000 0.00000000000000000000 -1.00000000000000000000 -1.00000000000000000000 0.00000000000000000000 1.00000000000000000000 1.00000000000000000000 1.00000000000000000000 -7.26059007644653320312
-1.00000000000000000000 1.00000000000000000000 1.00000000000000000000 1.00000000000000000000 -1.00000000000000000000 0.00000000000000000000 0.00000000000000000000 1.00000000000000000000 0.00000000000000000000 0.00000000000000000000 -6.14847993850708007812
1.00000000000000000000 0.00000000000000000000 -1.00000000000000000000 0.00000000000000000000 1.00000000000000000000 1.00000000000000000000 -1.00000000000000000000 0.00000000000000000000 1.00000000000000000000 1.00000000000000000000 1.50317001342773437500
-1.00000000000000000000 0.00000000000000000000 1.00000000000000000000 1.00000000000000000000 -1.00000000000000000000 0.00000000000000000000 1.00000000000000000000 1.00000000000000000000 1.00000000000000000000 1.00000000000000000000 -5.14350986480712890625
-1.00000000000000000000 -1.00000000000000000000 0.00000000000000000000 1.00000000000000000000 1.00000000000000000000 0.00000000000000000000 1.00000000000000000000 0.00000000000000000000 -1.00000000000000000000 1.00000000000000000000 1.30750000476837158203
-1.00000000000000000000 -1.00000000000000000000 -1.00000000000000000000 -1.00000000000000000000 0.00000000000000000000 0.00000000000000000000 0.00000000000000000000 1.00000000000000000000 0.00000000000000000000 1.00000000000000000000 -2.69655990600585981909
1.00000000000000000000 0.00000000000000000000 1.00000000000000000000 0.00000000000000000000 0.00000000000000000000 -1.00000000000000000000 -1.00000000000000000000 0.00000000000000000000 -1.00000000000000000000 0.00000000000000000000 4.83346986770629882812
1.00000000000000000000 0.00000000000000000000 -1.00000000000000000000 0.00000000000000000000 1.00000000000000000000 1.00000000000000000000 1.00000000000000000000 -1.00000000000000000000 0.00000000000000000000 0.00000000000000000000 0.44748100638389587402
-1.00000000000000000000 -1.00000000000000000000 1.00000000000000000000 -1.00000000000000000000 1.00000000000000000000 0.00000000000000000000 1.00000000000000000000 0.00000000000000000000 1.00000000000000000000 1.00000000000000000000 -0.72501200437545776367
1.00000000000000000000 1.00000000000000000000 1.00000000000000000000 -1.00000000000000000000 -1.00000000000000000000 0.00000000000000000000 1.00000000000000000000 1.00000000000000000000 0.00000000000000000000 1.00000000000000000000 7.88744020462036132812
-1.00000000000000000000 1.00000000000000000000 1.00000000000000000000 1.00000000000000000000 -1.00000000000000000000 0.00000000000000000000 0.00000000000000000000 0.00000000000000000000 0.00000000000000000000 -1.00000000000000000000 -4.84484004974365234375
1.00000000000000000000 0.00000000000000000000 -1.00000000000000000000 -1.00000000000000000000 1.00000000000000000000 -1.00000000000000000000 0.00000000000000000000 -1.00000000000000000000 -1.00000000000000000000 0.00000000000000000000 -0.61894398927688598633
1.00000000000000000000 0.00000000000000000000 1.00000000000000000000 -1.00000000000000000000 1.00000000000000000000 -1.00000000000000000000 1.00000000000000000000 1.00000000000000000000 -1.00000000000000000000 0.00000000000000000000 4.34204006195068359375
1.00000000000000000000 0.00000000000000000000 0.00000000000000000000 0.00000000000000000000 0.00000000000000000000 0.00000000000000000000 -1.00000000000000000000 0.00000000000000000000 -1.00000000000000000000 0.00000000000000000000 2.97456002235412597656
-1.00000000000000000000 -1.00000000000000000000 0.00000000000000000000 -1.00000000000000000000 0.00000000000000000000 0.00000000000000000000 0.00000000000000000000 -1.00000000000000000000 -1.00000000000000000000 -1.00000000000000000000 -3.32800006866455078125
-1.00000000000000000000 -1.00000000000000000000 1.00000000000000000000 0.00000000000000000000 -1.00000000000000000000 0.00000000000000000000 1.00000000000000000000 -1.00000000000000000000 -1.00000000000000000000 1.00000000000000000000 -6.30182981491088867188
1.00000000000000000000 -1.00000000000000000000 1.00000000000000000000 1.00000000000000000000 1.00000000000000000000 0.00000000000000000000 -1.00000000000000000000 0.00000000000000000000 0.00000000000000000000 -1.00000000000000000000 1.15457999706268310547
1.00000000000000000000 1.00000000000000000000 -1.00000000000000000000 1.00000000000000000000 0.00000000000000000000 0.00000000000000000000 1.00000000000000000000 0.00000000000000000000 1.00000000000000000000 0.00000000000000000000 6.62810993194580078125
1.00000000000000000000 0.00000000000000000000 0.00000000000000000000 -1.00000000000000000000 -1.00000000000000000000 -1.00000000000000000000 -1.00000000000000000000 0.00000000000000000000 -1.00000000000000000000 1.00000000000000000000 3.96823000907897993628
1.00000000000000000000 0.00000000000000000000 0.00000000000000000000 -1.00000000000000000000 0.00000000000000000000 1.00000000000000000000 1.00000000000000000000 -1.00000000000000000000 1.00000000000000000000 0.00000000000000000000 2.96215009689331054688
-1.00000000000000000000 0.00000000000000000000 1.00000000000000000000 -1.00000000000000000000 -1.00000000000000000000 0.00000000000000000000 -1.00000000000000000000 1.00000000000000000000 0.00000000000000000000 0.00000000000000000000 -6.23305988311767578125
-1.00000000000000000000 -1.00000000000000000000 0.00000000000000000000 1.00000000000000000000 1.00000000000000000000 1.00000000000000000000 -1.00000000000000000000 1.00000000000000000000 0.00000000000000000000 0.00000000000000000000 -1.39323997497558593750
1.00000000000000000000 1.00000000000000000000 -1.00000000000000000000 0.00000000000000000000 1.00000000000000000000 -1.00000000000000000000 -1.00000000000000000000 1.00000000000000000000 0.00000000000000000000 0.00000000000000000000 4.39831018447875976562
1.00000000000000000000 -1.00000000000000000000 -1.00000000000000000000 -1.00000000000000000000 0.00000000000000000000 1.00000000000000000000 1.00000000000000000000 1.00000000000000000000 -1.00000000000000000000 0.00000000000000000000 -4.19082021713256835938
1.00000000000000000000 1.00000000000000000000 0.00000000000000000000 1.00000000000000000000 0.00000000000000000000 0.00000000000000000000 1.00000000000000000000 -1.00000000000000000000 -1.00000000000000000000 1.00000000000000000000 6.99881982803344726562
-1.00000000000000000000 0.00000000000000000000 -1.00000000000000000000 1.00000000000000000000 0.00000000000000000000 -1.00000000000000000000 0.00000000000000000000 -1.00000000000000000000 -1.00000000000000000000 0.00000000000000000000 -6.77459001541137695312
-1.00000000000000000000 0.00000000000000000000 -1.00000000000000000000 0.00000000000000000000 0.00000000000000000000 -1.00000000000000000000 0.00000000000000000000 1.00000000000000000000 -1.00000000000000000000 -1.00000000000000000000 -6.22707986831665039062
-1.00000000000000000000 -1.00000000000000000000 -1.00000000000000000000 -1.00000000000000000000 -1.00000000000000000000 0.00000000000000000000 1.00000000000000000000 0.00000000000000000000 1.00000000000000000000 1.00000000000000000000 -5.22850990295410156250
1.00000000000000000000 -1.00000000000000000000 0.00000000000000000000 1.00000000000000000000 0.00000000000000000000 -1.00000000000000000000 1.00000000000000000000 -1.00000000000000000000 -1.00000000000000000000 1.00000000000000000000 0.27821099758148187808
1.00000000000000000000 1.00000000000000000000 0.00000000000000000000 1.00000000000000000000 1.00000000000000000000 0.00000000000000000000 0.00000000000000000000 0.00000000000000000000 -1.00000000000000000000 1.00000000000000000000 5.34187984466552734375
-1.00000000000000000000 1.00000000000000000000 1.00000000000000000000 -1.00000000000000000000 1.00000000000000000000 -1.00000000000000000000 0.00000000000000000000 1.00000000000000000000 1.00000000000000000000 1.00000000000000000000 -3.14350008964538574219
1.00000000000000000000 1.00000000000000000000 0.00000000000000000000 -1.00000000000000000000 -1.00000000000000000000 0.00000000000000000000 -1.00000000000000000000 0.00000000000000000000 1.00000000000000000000 -1.00000000000000000000 4.26909017562866210938
-1.00000000000000000000 -1.00000000000000000000 -1.00000000000000000000 0.00000000000000000000 0.00000000000000000000 1.00000000000000000000 1.00000000000000000000 -1.00000000000000000000 -1.00000000000000000000 1.00000000000000000000 -1.70729994773864768298
1.00000000000000000000 1.00000000000000000000 -1.00000000000000000000 -1.00000000000000000000 1.00000000000000000000 1.00000000000000000000 1.00000000000000000000 -1.00000000000000000000 1.00000000000000000000 -1.00000000000000000000 2.82209992408752441406
-1.00000000000000000000 1.00000000000000000000 -1.00000000000000000000 0.00000000000000000000 1.00000000000000000000 0.00000000000000000000 0.00000000000000000000 -1.00000000000000000000 -1.00000000000000000000 -1.00000000000000000000 0.56095200777053833008
1.00000000000000000000 0.00000000000000000000 0.00000000000000000000 1.00000000000000000000 1.00000000000000000000 0.00000000000000000000 1.00000000000000000000 1.00000000000000000000 0.00000000000000000000 -1.00000000000000000000 3.50165009498596191406
1.00000000000000000000 -1.00000000000000000000 0.00000000000000000000 0.00000000000000000000 0.00000000000000000000 1.00000000000000000000 0.00000000000000000000 0.00000000000000000000 1.00000000000000000000 1.00000000000000000000 -0.74835002422332763672
-1.00000000000000000000 1.00000000000000000000 -1.00000000000000000000 -1.00000000000000000000 0.00000000000000000000 -1.00000000000000000000 0.00000000000000000000 0.00000000000000000000 0.00000000000000000000 -1.00000000000000000000 -4.72025012969970703125
-1.00000000000000000000 1.00000000000000000000 0.00000000000000000000 -1.00000000000000000000 1.00000000000000000000 1.00000000000000000000 1.00000000000000000000 -1.00000000000000000000 1.00000000000000000000 -1.00000000000000000000 4.33136987686157226562
-1.00000000000000000000 0.00000000000000000000 0.00000000000000000000 1.00000000000000000000 0.00000000000000000000 -1.00000000000000000000 -1.00000000000000000000 1.00000000000000000000 1.00000000000000000000 -1.00000000000000000000 -7.23237991333007812500
-1.00000000000000000000 0.00000000000000000000 -1.00000000000000000000 1.00000000000000000000 0.00000000000000000000 -1.00000000000000000000 1.00000000000000000000 1.00000000000000000000 1.00000000000000000000 1.00000000000000000000 -4.44225978851318359375
1.00000000000000000000 0.00000000000000000000 0.00000000000000000000 0.00000000000000000000 -1.00000000000000000000 -1.00000000000000000000 0.00000000000000000000 -1.00000000000000000000 1.00000000000000000000 0.00000000000000000000 3.79335999488830566406
1.00000000000000000000 -1.00000000000000000000 0.00000000000000000000 0.00000000000000000000 1.00000000000000000000 1.00000000000000000000 -1.00000000000000000000 0.00000000000000000000 1.00000000000000000000 1.00000000000000000000 0.57130402326583862305
1.00000000000000000000 0.00000000000000000000 0.00000000000000000000 -1.00000000000000000000 -1.00000000000000000000 0.00000000000000000000 -1.00000000000000000000 1.00000000000000000000 0.00000000000000000000 1.00000000000000000000 1.64939999580383300781
-1.00000000000000000000 0.00000000000000000000 0.00000000000000000000 1.00000000000000000000 -1.00000000000000000000 0.00000000000000000000 1.00000000000000000000 -1.00000000000000000000 0.00000000000000000000 -1.00000000000000000000 -5.70410013198852539062
1.00000000000000000000 -1.00000000000000000000 1.00000000000000000000 -1.00000000000000000000 -1.00000000000000000000 -1.00000000000000000000 -1.00000000000000000000 0.00000000000000000000 0.00000000000000000000 0.00000000000000000000 1.99086999893188476562
-1.00000000000000000000 0.00000000000000000000 1.00000000000000000000 1.00000000000000000000 0.00000000000000000000 1.00000000000000000000 -1.00000000000000000000 -1.00000000000000000000 1.00000000000000000000 -1.00000000000000000000 -1.71355998516082763672
1.00000000000000000000 0.00000000000000000000 1.00000000000000000000 0.00000000000000000000 -1.00000000000000000000 -1.00000000000000000000 -1.00000000000000000000 1.00000000000000000000 1.00000000000000000000 1.00000000000000000000 4.66399002075195312500
-1.00000000000000000000 1.00000000000000000000 1.00000000000000000000 -1.00000000000000000000 0.00000000000000000000 1.00000000000000000000 -1.00000000000000000000 -1.00000000000000000000 -1.00000000000000000000 0.00000000000000000000 -1.64549994468688964844
1.00000000000000000000 0.00000000000000000000 1.00000000000000000000 0.00000000000000000000 1.00000000000000000000 -1.00000000000000000000 -1.00000000000000000000 1.00000000000000000000 1.00000000000000000000 1.00000000000000000000 7.14865016937255859375
-1.00000000000000000000 -1.00000000000000000000 1.00000000000000000000 1.00000000000000000000 -1.00000000000000000000 0.00000000000000000000 0.00000000000000000000 1.00000000000000000000 0.00000000000000000000 1.00000000000000000000 -5.71768999099731445312
1.00000000000000000000 -1.00000000000000000000 1.00000000000000000000 1.00000000000000000000 1.00000000000000000000 0.00000000000000000000 0.00000000000000000000 -1.00000000000000000000 1.00000000000000000000 0.00000000000000000000 4.24232006072998046875
1.00000000000000000000 -1.00000000000000000000 -1.00000000000000000000 1.00000000000000000000 1.00000000000000000000 0.00000000000000000000 0.00000000000000000000 1.00000000000000000000 -1.00000000000000000000 1.00000000000000000000 -0.41615000367164611816
