1.02499997615814208984 49.00000000000000000000 713.00000000000000000000 202.00000000000000000000 462.00000000000000000000 189.00000000000000000000 37.84000015258789062500 -122.26000213623048296085 118800.00000000000000000000
3.89580011367797851562 6.00000000000000000000 2445.00000000000000000000 590.00000000000000000000 1189.00000000000000000000 573.00000000000000000000 37.63000106811523437500 -122.01999664306640625000 301100.00000000000000000000
5.91580009460449218750 27.00000000000000000000 1716.00000000000000000000 290.00000000000000000000 817.00000000000000000000 301.00000000000000000000 37.34000015258789062500 -122.00000000000000000000 343100.00000000000000000000
5.23120021820068359375 31.00000000000000000000 1487.00000000000000000000 280.00000000000000000000 854.00000000000000000000 301.00000000000000000000 37.63999938964843750000 -122.11000061035156250000 197600.00000000000000000000
2.12100005149841308594 45.00000000000000000000 2146.00000000000000000000 607.00000000000000000000 2868.00000000000000000000 625.00000000000000000000 34.04999923706054687500 -118.20999908447265625000 144000.00000000000000000000
5.59560012817382812500 4.00000000000000000000 5846.00000000000000000000 894.00000000000000000000 2282.00000000000000000000 801.00000000000000000000 33.15999984741210937500 -117.30999755859376421085 247800.00000000000000000000
3.75780010223388716284 16.00000000000000000000 193.00000000000000000000 45.00000000000000000000 312.00000000000000000000 76.00000000000000000000 34.20000076293945312500 -117.37999725341795453915 137500.00000000000000000000
2.56509995460510253906 27.00000000000000000000 2311.00000000000000000000 632.00000000000000000000 2936.00000000000000000000 609.00000000000000000000 33.75000000000000000000 -117.84999847412109375000 171400.00000000000000000000
3.06450009346008300781 32.00000000000000000000 3028.00000000000000000000 811.00000000000000000000 2037.00000000000000000000 703.00000000000000000000 37.66999816894531250000 -122.11000061035156250000 165400.00000000000000000000
3.96880006790161132812 21.00000000000000000000 3305.00000000000000000000 749.00000000000000000000 2459.00000000000000000000 701.00000000000000000000 37.27999877929688210543 -121.87000274658204546085 249600.00000000000000000000
1.68149995803833007812 22.00000000000000000000 922.00000000000000000000 240.00000000000000000000 1524.00000000000000000000 235.00000000000000000000 32.77999877929687500000 -117.06999969482421875000 218800.00000000000000000000
5.11709976196289062500 36.00000000000000000000 1462.00000000000000000000 233.00000000000000000000 664.00000000000000000000 220.00000000000000000000 33.83000183105468750000 -118.11000061035156250000 225300.00000000000000000000
1.67279994487762428967 37.00000000000000000000 1475.00000000000000000000 327.00000000000000000000 946.00000000000000000000 295.00000000000000000000 35.36999893188476562500 -118.94999694824220171085 55400.00000000000000000000
3.14389991760253906250 40.00000000000000000000 2878.00000000000000000000 592.00000000000000000000 1444.00000000000000000000 564.00000000000000000000 36.66999816894531250000 -121.66000366210937500000 192300.00000000000000000000
2.37680006027221679688 18.00000000000000000000 2453.00000000000000000000 537.00000000000000000000 1503.00000000000000000000 500.00000000000000000000 34.06999969482421875000 -117.43000030517578125000 95300.00000000000000000000
3.02500009536743208471 24.00000000000000000000 7740.00000000000000000000 1539.00000000000000000000 4333.00000000000000000000 1397.00000000000000000000 38.50000000000000000000 -121.41999816894532671085 87900.00000000000000000000
3.04550004005432128906 48.00000000000000000000 1998.00000000000000000000 410.00000000000000000000 1176.00000000000000000000 382.00000000000000000000 33.97999954223632812500 -118.30000305175779828915 102400.00000000000000000000
3.16669988632202104029 14.00000000000000000000 1287.00000000000000000000 291.00000000000000000000 737.00000000000000000000 269.00000000000000000000 36.31000137329101562500 -119.77999877929687500000 126400.00000000000000000000
2.53699994087219238281 24.00000000000000000000 1790.00000000000000000000 454.00000000000000000000 1137.00000000000000000000 386.00000000000000000000 37.75000000000000000000 -122.16000366210937500000 107900.00000000000000000000
2.25000000000000000000 18.00000000000000000000 2203.00000000000000000000 544.00000000000000000000 1943.00000000000000000000 497.00000000000000000000 32.56999969482421875000 -117.08000183105467328915 103200.00000000000000000000
3.13639998435974121094 18.00000000000000000000 2700.00000000000000000000 937.00000000000000000000 1042.00000000000000000000 744.00000000000000000000 36.59000015258789062500 -121.88999938964843750000 150000.00000000000000000000
8.11940002441406250000 52.00000000000000000000 2449.00000000000000000000 312.00000000000000000000 916.00000000000000000000 316.00000000000000000000 37.83000183105468750000 -122.23999786376951703915 471600.00000000000000000000
5.50000000000000000000 35.00000000000000000000 2114.00000000000000000000 317.00000000000000000000 881.00000000000000000000 320.00000000000000000000 32.77000045776367187500 -117.00000000000000000000 241400.00000000000000000000
2.84999990463256835938 38.00000000000000000000 1745.00000000000000000000 457.00000000000000000000 1547.00000000000000000000 460.00000000000000000000 34.09000015258789062500 -118.13999938964843750000 219000.00000000000000000000
3.71589994430541992188 52.00000000000000000000 1345.00000000000000000000 291.00000000000000000000 560.00000000000000000000 294.00000000000000000000 37.77999877929688210543 -122.44999694824220171085 494400.00000000000000000000
2.37500000000000000000 4.00000000000000000000 1392.00000000000000000000 322.00000000000000000000 1784.00000000000000000000 309.00000000000000000000 38.00000000000000000000 -121.29000091552734375000 124500.00000000000000000000
8.01439952850341796875 16.00000000000000000000 1409.00000000000000000000 244.00000000000000000000 970.00000000000000000000 172.00000000000000000000 34.06999969482421875000 -118.86000061035156250000 500001.00000000000000000000
2.18659996986389204565 29.00000000000000000000 732.00000000000000000000 288.00000000000000000000 691.00000000000000000000 278.00000000000000000000 34.09999847412109375000 -118.33000183105467328915 250000.00000000000000000000
4.74499988555908203125 28.00000000000000000000 3580.00000000000000000000 611.00000000000000000000 1634.00000000000000000000 567.00000000000000000000 38.45999908447265625000 -122.80999755859376421085 248600.00000000000000000000
5.19600009918212890625 4.00000000000000000000 15025.00000000000000000000 2616.00000000000000000000 7560.00000000000000000000 2392.00000000000000000000 32.91999816894531250000 -117.18000030517578125000 210700.00000000000000000000
4.97429990768432617188 19.00000000000000000000 2176.00000000000000000000 414.00000000000000000000 1002.00000000000000000000 402.00000000000000000000 33.90000152587890625000 -117.90000152587890625000 193500.00000000000000000000
3.52340006828308105469 35.00000000000000000000 756.00000000000000000000 135.00000000000000000000 423.00000000000000000000 136.00000000000000000000 32.81999969482421875000 -117.22000122070312500000 183900.00000000000000000000
1.95490002632141113281 24.00000000000000000000 3148.00000000000000000000 908.00000000000000000000 2850.00000000000000000000 839.00000000000000000000 34.20000076293945312500 -118.41999816894532671085 221500.00000000000000000000
2.94790005683898925781 5.00000000000000000000 2949.00000000000000000000 671.00000000000000000000 1620.00000000000000000000 530.00000000000000000000 34.54999923706054687500 -117.54000091552734375000 83300.00000000000000000000
3.42020010948181152344 34.00000000000000000000 1197.00000000000000000000 260.00000000000000000000 942.00000000000000000000 245.00000000000000000000 34.08000183105468750000 -118.05999755859376421085 189100.00000000000000000000
3.57189989089965820312 19.00000000000000000000 5471.00000000000000000000 1345.00000000000000000000 2828.00000000000000000000 1247.00000000000000000000 33.72999954223632812500 -117.80999755859376421085 252800.00000000000000000000
3.40179991722106933594 52.00000000000000000000 1518.00000000000000000000 344.00000000000000000000 725.00000000000000000000 296.00000000000000000000 34.11999893188476562500 -118.15000152587890625000 204500.00000000000000000000
3.60159993171691894531 21.00000000000000000000 2376.00000000000000000000 475.00000000000000000000 1175.00000000000000000000 441.00000000000000000000 37.74000167846679687500 -121.12999725341795453915 134600.00000000000000000000
3.02990007400512695312 14.00000000000000000000 2721.00000000000000000000 627.00000000000000000000 1356.00000000000000000000 468.00000000000000000000 40.95000076293945312500 -122.06999969482421875000 73200.00000000000000000000
2.16820001602172851562 35.00000000000000000000 2104.00000000000000000000 403.00000000000000000000 1060.00000000000000000000 400.00000000000000000000 38.75999832153320312500 -120.66999816894532671085 138100.00000000000000000000
5.99149990081787109375 23.00000000000000000000 1762.00000000000000000000 267.00000000000000000000 1132.00000000000000000000 279.00000000000000000000 34.04000091552734375000 -117.19999694824220171085 153200.00000000000000000000
5.57499980926513671875 10.00000000000000000000 6435.00000000000000000000 1040.00000000000000000000 3242.00000000000000000000 1030.00000000000000000000 35.38999938964843750000 -119.08000183105467328915 132200.00000000000000000000
4.21369981765747070312 13.00000000000000000000 3252.00000000000000000000 610.00000000000000000000 1915.00000000000000000000 631.00000000000000000000 38.34000015258789062500 -121.98999786376951703915 151700.00000000000000000000
4.18620014190673828125 15.00000000000000000000 4741.00000000000000000000 956.00000000000000000000 2043.00000000000000000000 856.00000000000000000000 38.33000183105468750000 -122.30000305175779828915 183600.00000000000000000000
2.72679996490478515625 30.00000000000000000000 4071.00000000000000000000 1067.00000000000000000000 2144.00000000000000000000 970.00000000000000000000 33.84999847412109375000 -118.15000152587890625000 218100.00000000000000000000
3.85759997367858886719 20.00000000000000000000 5949.00000000000000000000 1417.00000000000000000000 2593.00000000000000000000 1337.00000000000000000000 34.16999816894531250000 -118.26000213623048296085 318600.00000000000000000000
4.68450021743774414062 20.00000000000000000000 5483.00000000000000000000 1079.00000000000000000000 2892.00000000000000000000 1057.00000000000000000000 37.25000000000000000000 -121.90000152587890625000 250000.00000000000000000000
4.09089994430541992188 38.00000000000000000000 300.00000000000000000000 47.00000000000000000000 154.00000000000000000000 51.00000000000000000000 38.68999862670897726957 -121.38999938964843750000 108300.00000000000000000000
6.76849985122680664062 21.00000000000000000000 3770.00000000000000000000 491.00000000000000000000 1410.00000000000000000000 446.00000000000000000000 32.79000091552734375000 -116.90000152587890625000 294700.00000000000000000000
4.59089994430541992188 16.00000000000000000000 2497.00000000000000000000 500.00000000000000000000 1357.00000000000000000000 456.00000000000000000000 33.63000106811523437500 -117.70999908447265625000 241800.00000000000000000000
3.20110011100769042969 17.00000000000000000000 1205.00000000000000000000 347.00000000000000000000 736.00000000000000000000 342.00000000000000000000 33.93000030517578125000 -118.11000061035156250000 162500.00000000000000000000
1.66069996356964111328 16.00000000000000000000 255.00000000000000000000 73.00000000000000000000 85.00000000000000000000 38.00000000000000000000 39.70999908447265625000 -122.73999786376951703915 14999.00000000000000000000
2.21149992942810058594 20.00000000000000000000 2680.00000000000000000000 599.00000000000000000000 918.00000000000000000000 345.00000000000000000000 40.88000106811523437500 -123.52999877929687500000 75000.00000000000000000000
3.64059996604919344776 40.00000000000000000000 1958.00000000000000000000 333.00000000000000000000 876.00000000000000000000 364.00000000000000000000 33.63999938964843750000 -117.91000366210937500000 326100.00000000000000000000
3.92239999771118164062 17.00000000000000000000 4617.00000000000000000000 982.00000000000000000000 2303.00000000000000000000 923.00000000000000000000 34.38999938964843750000 -119.48999786376951703915 230600.00000000000000000000
6.13590002059936523438 26.00000000000000000000 54.00000000000000000000 9.00000000000000000000 23.00000000000000000000 9.00000000000000000000 37.75000000000000000000 -122.40000152587890625000 225000.00000000000000000000
2.71210002899169921875 29.00000000000000000000 2823.00000000000000000000 737.00000000000000000000 1723.00000000000000000000 678.00000000000000000000 33.88999938964843750000 -118.12999725341795453915 165500.00000000000000000000
1.29890000820159912109 25.00000000000000000000 1407.00000000000000000000 550.00000000000000000000 1193.00000000000000000000 472.00000000000000000000 34.02999877929687500000 -118.27999877929687500000 225000.00000000000000000000
5.96409988403320312500 44.00000000000000000000 305.00000000000000000000 72.00000000000000000000 156.00000000000000000000 70.00000000000000000000 33.99000167846679687500 -118.44000244140623578915 275000.00000000000000000000
4.45830011367797851562 22.00000000000000000000 1999.00000000000000000000 415.00000000000000000000 967.00000000000000000000 320.00000000000000000000 37.84999847412108664457 -121.63999938964843750000 253900.00000000000000000000
2.90739989280700683594 16.00000000000000000000 6647.00000000000000000000 2098.00000000000000000000 4649.00000000000000000000 1903.00000000000000000000 37.54999923706054687500 -121.98999786376951703915 213800.00000000000000000000
6.59479999542236328125 23.00000000000000000000 7995.00000000000000000000 1254.00000000000000000000 3484.00000000000000000000 1198.00000000000000000000 37.56999969482421875000 -122.26000213623048296085 404000.00000000000000000000
5.69449996948242187500 36.00000000000000000000 291.00000000000000000000 48.00000000000000000000 124.00000000000000000000 47.00000000000000000000 37.59000015258789062500 -120.58999633789062500000 154200.00000000000000000000
6.05970001220703125000 29.00000000000000000000 2526.00000000000000000000 388.00000000000000000000 1092.00000000000000000000 409.00000000000000000000 34.45000076293945312500 -119.73999786376951703915 383100.00000000000000000000
5.66039991378784179688 22.00000000000000000000 2845.00000000000000000000 500.00000000000000000000 1456.00000000000000000000 454.00000000000000000000 34.43000030517578125000 -119.80000305175779828915 276400.00000000000000000000
4.12500000000000000000 32.00000000000000000000 2399.00000000000000000000 384.00000000000000000000 1199.00000000000000000000 390.00000000000000000000 34.20000076293945312500 -118.86000061035156250000 264600.00000000000000000000
2.71199989318847700659 38.00000000000000000000 1051.00000000000000000000 249.00000000000000000000 799.00000000000000000000 229.00000000000000000000 34.09999847412109375000 -118.23000335693359375000 143800.00000000000000000000
2.96630001068115234375 39.00000000000000000000 2739.00000000000000000000 573.00000000000000000000 1223.00000000000000000000 569.00000000000000000000 38.45000076293945312500 -122.70999908447265625000 185400.00000000000000000000
2.31049990653991699219 26.00000000000000000000 5062.00000000000000000000 2055.00000000000000000000 4533.00000000000000000000 1822.00000000000000000000 34.06999969482421875000 -118.30999755859376421085 166700.00000000000000000000
7.26389980316162109375 15.00000000000000000000 2130.00000000000000000000 273.00000000000000000000 876.00000000000000000000 285.00000000000000000000 37.66999816894531250000 -121.90000152587890625000 332400.00000000000000000000
3.71429991722106889185 9.00000000000000000000 1608.00000000000000000000 297.00000000000000000000 1057.00000000000000000000 295.00000000000000000000 37.02000045776367187500 -120.08999633789062500000 81600.00000000000000000000
3.22919988632202104029 34.00000000000000000000 1759.00000000000000000000 353.00000000000000000000 2083.00000000000000000000 330.00000000000000000000 33.74000167846679687500 -117.88999938964843750000 160600.00000000000000000000
6.74149990081787109375 28.00000000000000000000 2309.00000000000000000000 300.00000000000000000000 931.00000000000000000000 302.00000000000000000000 34.27000045776367187500 -118.54000091552734375000 348200.00000000000000000000
2.32139992713928222656 36.00000000000000000000 1073.00000000000000000000 271.00000000000000000000 1385.00000000000000000000 288.00000000000000000000 33.90000152587890625000 -118.19000244140623578915 104800.00000000000000000000
2.92709994316101074219 48.00000000000000000000 1408.00000000000000000000 301.00000000000000000000 682.00000000000000000000 279.00000000000000000000 34.63000106811523437500 -120.45999908447265625000 146600.00000000000000000000
1.55060005187988281250 24.00000000000000000000 3208.00000000000000000000 691.00000000000000000000 1986.00000000000000000000 662.00000000000000000000 36.04999923706054687500 -119.00000000000000000000 52300.00000000000000000000
4.41669988632202148438 37.00000000000000000000 1161.00000000000000000000 254.00000000000000000000 882.00000000000000000000 236.00000000000000000000 33.90000152587890625000 -118.05999755859376421085 158000.00000000000000000000
1.64289999008178710938 46.00000000000000000000 2312.00000000000000000000 625.00000000000000000000 1552.00000000000000000000 603.00000000000000000000 34.02999877929687500000 -118.33000183105467328915 125000.00000000000000000000
3.66179990768432617188 36.00000000000000000000 1372.00000000000000000000 295.00000000000000000000 774.00000000000000000000 306.00000000000000000000 34.22000122070312500000 -118.43000030517578125000 187300.00000000000000000000
5.07620000839233398438 26.00000000000000000000 4473.00000000000000000000 923.00000000000000000000 1518.00000000000000000000 805.00000000000000000000 34.04999923706054687500 -118.40000152587890625000 500001.00000000000000000000
2.17810010910034179688 32.00000000000000000000 2286.00000000000000000000 654.00000000000000000000 2991.00000000000000000000 655.00000000000000000000 34.06000137329101562500 -118.05000305175779828915 174500.00000000000000000000
3.79730010032653808594 4.00000000000000000000 5351.00000000000000000000 1210.00000000000000000000 2988.00000000000000000000 1101.00000000000000000000 34.11999893188476562500 -117.55999755859376421085 181300.00000000000000000000
4.26539993286132812500 8.00000000000000000000 10110.00000000000000000000 1761.00000000000000000000 5804.00000000000000000000 1703.00000000000000000000 33.93000030517578125000 -117.25000000000000000000 137600.00000000000000000000
7.67749977111816406250 21.00000000000000000000 7436.00000000000000000000 984.00000000000000000000 2982.00000000000000000000 988.00000000000000000000 34.24000167846679687500 -119.05999755859376421085 391200.00000000000000000000
4.82140016555786132812 29.00000000000000000000 932.00000000000000000000 153.00000000000000000000 711.00000000000000000000 172.00000000000000000000 33.95000076293945312500 -117.50000000000000000000 143400.00000000000000000000
6.54750013351440429688 25.00000000000000000000 7335.00000000000000000000 1157.00000000000000000000 2626.00000000000000000000 1049.00000000000000000000 37.49000167846679687500 -122.27999877929687500000 500001.00000000000000000000
2.91899991035461425781 19.00000000000000000000 4085.00000000000000000000 876.00000000000000000000 2133.00000000000000000000 718.00000000000000000000 32.68999862670898437500 -116.58000183105467328915 116500.00000000000000000000
2.70539999008178710938 52.00000000000000000000 1797.00000000000000000000 332.00000000000000000000 905.00000000000000000000 313.00000000000000000000 33.99000167846679687500 -117.37999725341795453915 141700.00000000000000000000
1.40439999103546142578 35.00000000000000000000 1859.00000000000000000000 428.00000000000000000000 1208.00000000000000000000 399.00000000000000000000 36.97000122070312500000 -120.05999755859376421085 61700.00000000000000000000
2.89100003242492675781 11.00000000000000000000 2891.00000000000000000000 951.00000000000000000000 2166.00000000000000000000 768.00000000000000000000 34.18999862670898437500 -118.44000244140623578915 178100.00000000000000000000
10.75819969177245916114 25.00000000000000000000 1743.00000000000000000000 212.00000000000000000000 604.00000000000000000000 200.00000000000000000000 37.25000000000000000000 -121.98999786376951703915 500001.00000000000000000000
6.09590005874633789062 3.00000000000000000000 4430.00000000000000000000 841.00000000000000000000 2559.00000000000000000000 801.00000000000000000000 37.36999893188476562500 -121.87999725341795453915 272700.00000000000000000000
2.59089994430541992188 43.00000000000000000000 2028.00000000000000000000 479.00000000000000000000 1074.00000000000000000000 394.00000000000000000000 33.99000167846679687500 -118.31999969482421875000 98700.00000000000000000000
6.60300016403198242188 32.00000000000000000000 2612.00000000000000000000 418.00000000000000000000 1030.00000000000000000000 402.00000000000000000000 33.99000167846679687500 -118.38999938964843750000 369200.00000000000000000000
1.87929999828338645251 38.00000000000000000000 1327.00000000000000000000 262.00000000000000000000 784.00000000000000000000 231.00000000000000000000 33.11999893188476562500 -115.51999664306640625000 60800.00000000000000000000
3.08820009231567382812 14.00000000000000000000 4054.00000000000000000000 787.00000000000000000000 1581.00000000000000000000 579.00000000000000000000 34.95000076293945312500 -119.16000366210937500000 148200.00000000000000000000
2.37500000000000000000 48.00000000000000000000 396.00000000000000000000 99.00000000000000000000 485.00000000000000000000 110.00000000000000000000 34.00999832153320312500 -118.23999786376951703915 107500.00000000000000000000
2.72839999198913618628 24.00000000000000000000 3580.00000000000000000000 735.00000000000000000000 1959.00000000000000000000 731.00000000000000000000 38.27000045776367187500 -122.02999877929687500000 118500.00000000000000000000
4.42710018157958984375 44.00000000000000000000 1362.00000000000000000000 237.00000000000000000000 709.00000000000000000000 247.00000000000000000000 33.88000106811523437500 -118.36000061035156250000 336200.00000000000000000000
5.95819997787475585938 38.00000000000000000000 1594.00000000000000000000 249.00000000000000000000 633.00000000000000000000 247.00000000000000000000 34.15999984741210937500 -118.04000091552734375000 350700.00000000000000000000
6.00000000000000000000 26.00000000000000000000 2343.00000000000000000000 377.00000000000000000000 1166.00000000000000000000 373.00000000000000000000 33.77999877929687500000 -118.01000213623048296085 233100.00000000000000000000
2.81250000000000000000 29.00000000000000000000 4169.00000000000000000000 1047.00000000000000000000 2024.00000000000000000000 962.00000000000000000000 37.72000122070312500000 -122.15000152587890625000 157400.00000000000000000000
3.28130006790161177221 48.00000000000000000000 1835.00000000000000000000 380.00000000000000000000 956.00000000000000000000 370.00000000000000000000 34.04999923706054687500 -118.36000061035156250000 243600.00000000000000000000
4.56250000000000000000 34.00000000000000000000 1735.00000000000000000000 318.00000000000000000000 1019.00000000000000000000 301.00000000000000000000 37.36000061035156250000 -121.98000335693359375000 242700.00000000000000000000
1.64999997615814208984 47.00000000000000000000 2348.00000000000000000000 507.00000000000000000000 1455.00000000000000000000 479.00000000000000000000 37.97000122070312500000 -121.27999877929687500000 66000.00000000000000000000
5.35249996185302734375 15.00000000000000000000 3162.00000000000000000000 495.00000000000000000000 1145.00000000000000000000 473.00000000000000000000 34.11999893188476562500 -117.66999816894532671085 191700.00000000000000000000
3.71020007133483886719 22.00000000000000000000 2044.00000000000000000000 402.00000000000000000000 1925.00000000000000000000 429.00000000000000000000 37.31000137329101562500 -121.81999969482421875000 177500.00000000000000000000
2.99580001831054687500 37.00000000000000000000 2141.00000000000000000000 535.00000000000000000000 1093.00000000000000000000 555.00000000000000000000 37.68999862670897726957 -122.13999938964843750000 178400.00000000000000000000
1.34619998931884765625 33.00000000000000000000 1077.00000000000000000000 271.00000000000000000000 753.00000000000000000000 236.00000000000000000000 38.63000106811523437500 -121.44000244140623578915 55900.00000000000000000000
5.47910022735595703125 35.00000000000000000000 1936.00000000000000000000 343.00000000000000000000 1008.00000000000000000000 346.00000000000000000000 33.86000061035156250000 -118.33999633789062500000 285900.00000000000000000000
4.01970005035400390625 17.00000000000000000000 2287.00000000000000000000 390.00000000000000000000 1330.00000000000000000000 393.00000000000000000000 36.59000015258789062500 -119.62000274658204546085 88000.00000000000000000000
4.63040018081665039062 39.00000000000000000000 1164.00000000000000000000 199.00000000000000000000 619.00000000000000000000 231.00000000000000000000 37.31999969482421875000 -121.94999694824220171085 263200.00000000000000000000
2.96499991416931152344 37.00000000000000000000 2356.00000000000000000000 476.00000000000000000000 1231.00000000000000000000 499.00000000000000000000 32.75999832153320312500 -117.05999755859376421085 155700.00000000000000000000
7.45739984512329101562 52.00000000000000000000 2089.00000000000000000000 309.00000000000000000000 883.00000000000000000000 281.00000000000000000000 34.06000137329101562500 -118.33999633789062500000 500001.00000000000000000000
3.22350001335144042969 52.00000000000000000000 1006.00000000000000000000 251.00000000000000000000 349.00000000000000000000 233.00000000000000000000 37.79999923706054687500 -122.43000030517578125000 500000.00000000000000000000
5.70209980010986328125 15.00000000000000000000 4905.00000000000000000000 711.00000000000000000000 2711.00000000000000000000 762.00000000000000000000 34.00000000000000000000 -117.69999694824220171085 193100.00000000000000000000
5.34329986572265625000 39.00000000000000000000 2505.00000000000000000000 371.00000000000000000000 872.00000000000000000000 345.00000000000000000000 37.93000030517578125000 -122.30999755859376421085 286500.00000000000000000000
2.98609995841979980469 34.00000000000000000000 2199.00000000000000000000 609.00000000000000000000 2488.00000000000000000000 597.00000000000000000000 34.20000076293945312500 -118.37000274658204546085 171800.00000000000000000000
5.75600004196166992188 13.00000000000000000000 2020.00000000000000000000 378.00000000000000000000 679.00000000000000000000 290.00000000000000000000 33.47000122070312500000 -117.69000244140623578915 305600.00000000000000000000
4.66069984436035156250 4.00000000000000000000 1223.00000000000000000000 275.00000000000000000000 505.00000000000000000000 244.00000000000000000000 33.50999832153320312500 -117.69000244140623578915 173000.00000000000000000000
5.50610017776489257812 17.00000000000000000000 10267.00000000000000000000 1683.00000000000000000000 4956.00000000000000000000 1483.00000000000000000000 34.45999908447265625000 -118.50000000000000000000 239400.00000000000000000000
3.25300002098083496094 20.00000000000000000000 9893.00000000000000000000 2283.00000000000000000000 7228.00000000000000000000 2159.00000000000000000000 33.97999954223632812500 -117.90000152587890625000 186700.00000000000000000000
5.19089984893798828125 24.00000000000000000000 1874.00000000000000000000 319.00000000000000000000 820.00000000000000000000 315.00000000000000000000 34.59000015258789062500 -120.08000183105467328915 390200.00000000000000000000
2.53979992866516113281 47.00000000000000000000 1782.00000000000000000000 338.00000000000000000000 1003.00000000000000000000 329.00000000000000000000 33.93999862670898437500 -118.29000091552734375000 105700.00000000000000000000
4.78450012207031250000 37.00000000000000000000 1013.00000000000000000000 199.00000000000000000000 493.00000000000000000000 183.00000000000000000000 33.81000137329101562500 -118.12999725341795453915 231400.00000000000000000000
3.17359995841979980469 23.00000000000000000000 514.00000000000000000000 210.00000000000000000000 367.00000000000000000000 206.00000000000000000000 37.40000152587890625000 -122.09999847412109375000 181300.00000000000000000000
1.83329999446868896484 48.00000000000000000000 1001.00000000000000000000 205.00000000000000000000 605.00000000000000000000 175.00000000000000000000 38.54000091552734375000 -121.45999908447265625000 58200.00000000000000000000
0.89410001039505004883 33.00000000000000000000 278.00000000000000000000 71.00000000000000000000 266.00000000000000000000 56.00000000000000000000 34.06000137329101562500 -118.18000030517578125000 98200.00000000000000000000
5.90549993515014648438 24.00000000000000000000 4879.00000000000000000000 756.00000000000000000000 1777.00000000000000000000 754.00000000000000000000 33.65000152587890625000 -117.87999725341795453915 477300.00000000000000000000
3.03130006790161177221 40.00000000000000000000 1948.00000000000000000000 413.00000000000000000000 1434.00000000000000000000 396.00000000000000000000 37.72000122070312500000 -122.40000152587890625000 219100.00000000000000000000
2.59999990463256835938 42.00000000000000000000 1681.00000000000000000000 360.00000000000000000000 987.00000000000000000000 337.00000000000000000000 34.04000091552734375000 -118.33999633789062500000 171400.00000000000000000000
2.53629994392395019531 44.00000000000000000000 1737.00000000000000000000 363.00000000000000000000 1184.00000000000000000000 343.00000000000000000000 33.91999816894531250000 -118.25000000000000000000 95900.00000000000000000000
3.16070008277893066406 20.00000000000000000000 6132.00000000000000000000 1324.00000000000000000000 2595.00000000000000000000 1174.00000000000000000000 38.50999832153320312500 -121.52999877929687500000 178900.00000000000000000000
4.37500000000000000000 47.00000000000000000000 1256.00000000000000000000 217.00000000000000000000 570.00000000000000000000 218.00000000000000000000 37.77000045776367187500 -122.16000366210937500000 161900.00000000000000000000
5.21619987487792968750 35.00000000000000000000 1945.00000000000000000000 357.00000000000000000000 1227.00000000000000000000 359.00000000000000000000 33.95000076293945312500 -118.04000091552734375000 171900.00000000000000000000
6.26730012893676757812 38.00000000000000000000 993.00000000000000000000 175.00000000000000000000 374.00000000000000000000 180.00000000000000000000 33.97000122070312500000 -118.38999938964843750000 357200.00000000000000000000
1.70790004730224609375 10.00000000000000000000 6890.00000000000000000000 1702.00000000000000000000 3141.00000000000000000000 1451.00000000000000000000 33.75999832153320312500 -116.94999694824220171085 95900.00000000000000000000
3.54879999160766601562 8.00000000000000000000 4711.00000000000000000000 963.00000000000000000000 3310.00000000000000000000 988.00000000000000000000 34.09000015258789062500 -117.45999908447265625000 101600.00000000000000000000
3.22000002861022904810 52.00000000000000000000 2198.00000000000000000000 397.00000000000000000000 984.00000000000000000000 369.00000000000000000000 37.77999877929688210543 -122.19000244140623578915 156500.00000000000000000000
1.77139997482299804688 27.00000000000000000000 1013.00000000000000000000 394.00000000000000000000 1067.00000000000000000000 400.00000000000000000000 33.90000152587890625000 -118.29000091552734375000 159400.00000000000000000000
10.05949974060058593750 26.00000000000000000000 1582.00000000000000000000 196.00000000000000000000 573.00000000000000000000 182.00000000000000000000 34.18999862670898437500 -118.90000152587890625000 500001.00000000000000000000
5.61630010604858398438 33.00000000000000000000 3017.00000000000000000000 494.00000000000000000000 1423.00000000000000000000 470.00000000000000000000 34.18999862670898437500 -118.63999938964843750000 248400.00000000000000000000
2.76999998092651367188 27.00000000000000000000 1226.00000000000000000000 240.00000000000000000000 706.00000000000000000000 211.00000000000000000000 36.65000152587890625000 -119.77999877929687500000 68400.00000000000000000000
3.75959992408752485815 21.00000000000000000000 2455.00000000000000000000 660.00000000000000000000 1015.00000000000000000000 597.00000000000000000000 32.84000015258789062500 -117.27999877929687500000 381300.00000000000000000000
1.76919996738433837891 39.00000000000000000000 1453.00000000000000000000 324.00000000000000000000 843.00000000000000000000 281.00000000000000000000 38.54000091552734375000 -121.45999908447265625000 63900.00000000000000000000
3.00889992713928222656 24.00000000000000000000 1669.00000000000000000000 422.00000000000000000000 589.00000000000000000000 281.00000000000000000000 38.88999938964843750000 -120.01000213623048296085 100800.00000000000000000000
5.65290021896362304688 14.00000000000000000000 3443.00000000000000000000 510.00000000000000000000 1413.00000000000000000000 505.00000000000000000000 38.65000152587890625000 -121.20999908447265625000 196000.00000000000000000000
6.00740003585815429688 16.00000000000000000000 3349.00000000000000000000 544.00000000000000000000 2003.00000000000000000000 488.00000000000000000000 37.58000183105468750000 -122.08000183105467328915 236500.00000000000000000000
5.31669998168945312500 21.00000000000000000000 2052.00000000000000000000 346.00000000000000000000 933.00000000000000000000 351.00000000000000000000 37.33000183105468750000 -122.05000305175779828915 416300.00000000000000000000
1.90559995174408003393 25.00000000000000000000 1689.00000000000000000000 495.00000000000000000000 1745.00000000000000000000 457.00000000000000000000 36.75000000000000000000 -120.37999725341795453915 60000.00000000000000000000
2.54340004920959472656 36.00000000000000000000 3616.00000000000000000000 779.00000000000000000000 1994.00000000000000000000 786.00000000000000000000 36.77999877929688210543 -119.76999664306640625000 67300.00000000000000000000
2.30229997634887695312 37.00000000000000000000 1956.00000000000000000000 402.00000000000000000000 1265.00000000000000000000 397.00000000000000000000 37.74000167846679687500 -120.93000030517578125000 91900.00000000000000000000
6.55600023269653320312 14.00000000000000000000 3111.00000000000000000000 498.00000000000000000000 1178.00000000000000000000 525.00000000000000000000 37.99000167846679687500 -121.33999633789062500000 234700.00000000000000000000
2.05789995193481445312 42.00000000000000000000 2301.00000000000000000000 621.00000000000000000000 2114.00000000000000000000 561.00000000000000000000 33.79999923706054687500 -118.18000030517578125000 132700.00000000000000000000
1.86919999122619628906 15.00000000000000000000 1318.00000000000000000000 296.00000000000000000000 567.00000000000000000000 276.00000000000000000000 38.95999908447265625000 -122.83000183105467328915 93800.00000000000000000000
3.97320008277893021997 35.00000000000000000000 2129.00000000000000000000 382.00000000000000000000 1044.00000000000000000000 350.00000000000000000000 32.79999923706054687500 -117.12999725341795453915 174900.00000000000000000000
4.01389980316162109375 36.00000000000000000000 1686.00000000000000000000 303.00000000000000000000 744.00000000000000000000 304.00000000000000000000 38.45000076293945312500 -122.68000030517578125000 163100.00000000000000000000
2.62100005149841308594 28.00000000000000000000 4086.00000000000000000000 871.00000000000000000000 1973.00000000000000000000 853.00000000000000000000 34.09999847412109375000 -117.76000213623048296085 202200.00000000000000000000
4.97499990463256835938 10.00000000000000000000 1940.00000000000000000000 445.00000000000000000000 763.00000000000000000000 412.00000000000000000000 34.09999847412109375000 -118.18000030517578125000 166700.00000000000000000000
4.07140016555786132812 9.00000000000000000000 3707.00000000000000000000 602.00000000000000000000 1601.00000000000000000000 555.00000000000000000000 38.65000152587890625000 -120.97000122070312500000 300600.00000000000000000000
2.94219994544982910156 32.00000000000000000000 2668.00000000000000000000 609.00000000000000000000 1512.00000000000000000000 541.00000000000000000000 34.09999847412109375000 -118.02999877929687500000 233100.00000000000000000000
3.54029989242553710938 26.00000000000000000000 2420.00000000000000000000 532.00000000000000000000 1383.00000000000000000000 469.00000000000000000000 33.93999862670898437500 -117.41999816894532671085 113500.00000000000000000000
2.79999995231628417969 37.00000000000000000000 1128.00000000000000000000 273.00000000000000000000 931.00000000000000000000 234.00000000000000000000 33.93000030517578125000 -117.93000030517578125000 137500.00000000000000000000
1.89139997959136962891 25.00000000000000000000 2220.00000000000000000000 511.00000000000000000000 912.00000000000000000000 449.00000000000000000000 39.93000030517578125000 -120.98000335693359375000 87800.00000000000000000000
4.20989990234375000000 21.00000000000000000000 2394.00000000000000000000 416.00000000000000000000 1291.00000000000000000000 381.00000000000000000000 33.97999954223632812500 -117.50000000000000000000 138700.00000000000000000000
7.56190013885497958057 15.00000000000000000000 5394.00000000000000000000 748.00000000000000000000 2383.00000000000000000000 706.00000000000000000000 33.65000152587890625000 -117.69000244140623578915 302000.00000000000000000000
5.08080005645752041943 24.00000000000000000000 1212.00000000000000000000 251.00000000000000000000 799.00000000000000000000 242.00000000000000000000 37.43999862670897726957 -121.91000366210937500000 212500.00000000000000000000
3.46250009536743208471 52.00000000000000000000 1590.00000000000000000000 360.00000000000000000000 1127.00000000000000000000 321.00000000000000000000 34.11999893188476562500 -118.20999908447265625000 173900.00000000000000000000
6.34030008316040039062 34.00000000000000000000 540.00000000000000000000 107.00000000000000000000 213.00000000000000000000 104.00000000000000000000 33.88000106811523437500 -118.41000366210937500000 500001.00000000000000000000
3.66409993171691894531 32.00000000000000000000 1735.00000000000000000000 331.00000000000000000000 785.00000000000000000000 309.00000000000000000000 38.52999877929688210543 -122.45999908447265625000 275800.00000000000000000000
4.23299980163574218750 34.00000000000000000000 2657.00000000000000000000 515.00000000000000000000 1948.00000000000000000000 532.00000000000000000000 34.31999969482421875000 -118.43000030517578125000 157400.00000000000000000000
3.41070008277893066406 42.00000000000000000000 1898.00000000000000000000 488.00000000000000000000 940.00000000000000000000 483.00000000000000000000 33.77999877929687500000 -118.13999938964843750000 233300.00000000000000000000
4.58330011367797851562 44.00000000000000000000 1442.00000000000000000000 285.00000000000000000000 859.00000000000000000000 292.00000000000000000000 34.25000000000000000000 -118.30000305175779828915 197300.00000000000000000000
3.42860007286071777344 44.00000000000000000000 2705.00000000000000000000 649.00000000000000000000 1676.00000000000000000000 654.00000000000000000000 34.15999984741210937500 -118.33000183105467328915 247900.00000000000000000000
2.42499995231628417969 28.00000000000000000000 1607.00000000000000000000 421.00000000000000000000 926.00000000000000000000 385.00000000000000000000 36.95999908447265625000 -122.02999877929687500000 216100.00000000000000000000
2.48609995841979980469 15.00000000000000000000 1449.00000000000000000000 277.00000000000000000000 649.00000000000000000000 265.00000000000000000000 36.93999862670897726957 -119.69999694824220171085 86300.00000000000000000000
4.06250000000000000000 35.00000000000000000000 1213.00000000000000000000 284.00000000000000000000 742.00000000000000000000 253.00000000000000000000 33.93000030517578125000 -118.33999633789062500000 159900.00000000000000000000
3.34999990463256835938 38.00000000000000000000 1446.00000000000000000000 327.00000000000000000000 980.00000000000000000000 319.00000000000000000000 33.79999923706054687500 -118.26999664306640625000 177700.00000000000000000000
2.66669988632202104029 44.00000000000000000000 495.00000000000000000000 112.00000000000000000000 277.00000000000000000000 109.00000000000000000000 37.68000030517578125000 -121.76999664306640625000 179200.00000000000000000000
2.86109995841979980469 17.00000000000000000000 1429.00000000000000000000 265.00000000000000000000 692.00000000000000000000 245.00000000000000000000 40.41999816894531250000 -122.25000000000000000000 98700.00000000000000000000
2.70830011367797851562 52.00000000000000000000 2264.00000000000000000000 439.00000000000000000000 1403.00000000000000000000 476.00000000000000000000 38.02000045776367187500 -121.87000274658204546085 99400.00000000000000000000
5.14079999923706054688 33.00000000000000000000 1549.00000000000000000000 264.00000000000000000000 881.00000000000000000000 289.00000000000000000000 34.27000045776367187500 -118.47000122070312500000 222900.00000000000000000000
6.09019994735717773438 29.00000000000000000000 7174.00000000000000000000 1169.00000000000000000000 3063.00000000000000000000 1172.00000000000000000000 38.02999877929688210543 -122.55000305175779828915 293200.00000000000000000000
2.44289994239807173315 52.00000000000000000000 1739.00000000000000000000 464.00000000000000000000 938.00000000000000000000 482.00000000000000000000 34.09000015258789062500 -118.27999877929687500000 228800.00000000000000000000
4.40829992294311523438 17.00000000000000000000 1664.00000000000000000000 253.00000000000000000000 736.00000000000000000000 254.00000000000000000000 37.50999832153320312500 -120.81999969482421875000 165800.00000000000000000000
3.58669996261596679688 32.00000000000000000000 1567.00000000000000000000 304.00000000000000000000 1482.00000000000000000000 308.00000000000000000000 34.16999816894531250000 -119.16999816894532671085 182100.00000000000000000000
4.79409980773925781250 37.00000000000000000000 1184.00000000000000000000 178.00000000000000000000 529.00000000000000000000 192.00000000000000000000 32.77999877929687500000 -117.05000305175779828915 161700.00000000000000000000
1.97200000286102294922 13.00000000000000000000 1974.00000000000000000000 426.00000000000000000000 1276.00000000000000000000 408.00000000000000000000 33.70999908447265625000 -117.08999633789062500000 90500.00000000000000000000
5.66520023345947265625 17.00000000000000000000 1051.00000000000000000000 172.00000000000000000000 446.00000000000000000000 173.00000000000000000000 37.25999832153320312500 -121.87000274658204546085 234500.00000000000000000000
1.28910005092620849609 18.00000000000000000000 1711.00000000000000000000 383.00000000000000000000 1474.00000000000000000000 415.00000000000000000000 34.15999984741210937500 -118.15000152587890625000 181300.00000000000000000000
3.00909996032714843750 41.00000000000000000000 2429.00000000000000000000 454.00000000000000000000 1188.00000000000000000000 430.00000000000000000000 32.97000122070312500000 -115.54000091552734375000 70800.00000000000000000000
2.56579995155334472656 14.00000000000000000000 3732.00000000000000000000 846.00000000000000000000 1277.00000000000000000000 775.00000000000000000000 38.29000091552734375000 -122.47000122070312500000 208000.00000000000000000000
7.32520008087158203125 24.00000000000000000000 5256.00000000000000000000 758.00000000000000000000 2474.00000000000000000000 780.00000000000000000000 34.22000122070312500000 -118.61000061035156250000 333700.00000000000000000000
6.50059986114502041943 16.00000000000000000000 2978.00000000000000000000 411.00000000000000000000 1531.00000000000000000000 400.00000000000000000000 38.00000000000000000000 -122.25000000000000000000 237700.00000000000000000000
5.82800006866455078125 27.00000000000000000000 1675.00000000000000000000 274.00000000000000000000 785.00000000000000000000 275.00000000000000000000 34.06000137329101562500 -118.16000366210937500000 301100.00000000000000000000
4.32270002365112304688 16.00000000000000000000 6637.00000000000000000000 1171.00000000000000000000 3575.00000000000000000000 1162.00000000000000000000 37.00999832153320312500 -121.58999633789062500000 251500.00000000000000000000
2.00570011138916015625 52.00000000000000000000 1230.00000000000000000000 262.00000000000000000000 609.00000000000000000000 243.00000000000000000000 37.95999908447265625000 -120.23000335693359375000 68200.00000000000000000000
1.05480003356933593750 31.00000000000000000000 1298.00000000000000000000 431.00000000000000000000 1131.00000000000000000000 425.00000000000000000000 34.13999938964843750000 -118.00000000000000000000 178100.00000000000000000000
2.13660001754760742188 47.00000000000000000000 2901.00000000000000000000 631.00000000000000000000 1276.00000000000000000000 578.00000000000000000000 38.75999832153320312500 -121.27999877929687500000 101900.00000000000000000000
2.27460002899169921875 24.00000000000000000000 2528.00000000000000000000 947.00000000000000000000 2437.00000000000000000000 861.00000000000000000000 37.49000167846679687500 -122.20999908447265625000 225000.00000000000000000000
2.40280008316040039062 41.00000000000000000000 1613.00000000000000000000 445.00000000000000000000 1481.00000000000000000000 414.00000000000000000000 37.74000167846679687500 -122.16999816894532671085 97700.00000000000000000000
2.63280010223388671875 11.00000000000000000000 3605.00000000000000000000 880.00000000000000000000 3637.00000000000000000000 873.00000000000000000000 33.88999938964843750000 -118.16999816894532671085 160700.00000000000000000000
3.81620001792907714844 18.00000000000000000000 3208.00000000000000000000 643.00000000000000000000 1973.00000000000000000000 614.00000000000000000000 34.25000000000000000000 -119.19999694824220171085 235000.00000000000000000000
2.46720004081726074219 37.00000000000000000000 1189.00000000000000000000 377.00000000000000000000 645.00000000000000000000 377.00000000000000000000 32.75000000000000000000 -117.25000000000000000000 216700.00000000000000000000
2.35680007934570312500 5.00000000000000000000 2665.00000000000000000000 954.00000000000000000000 1733.00000000000000000000 766.00000000000000000000 34.09000015258789062500 -118.33999633789062500000 204700.00000000000000000000
8.46800041198730468750 39.00000000000000000000 2311.00000000000000000000 404.00000000000000000000 1044.00000000000000000000 380.00000000000000000000 33.90000152587890625000 -118.41000366210937500000 472100.00000000000000000000
1.97979998588561989514 41.00000000000000000000 1576.00000000000000000000 339.00000000000000000000 1252.00000000000000000000 302.00000000000000000000 33.95000076293945312500 -118.25000000000000000000 98100.00000000000000000000
4.27680015563964843750 32.00000000000000000000 1351.00000000000000000000 237.00000000000000000000 823.00000000000000000000 269.00000000000000000000 32.84000015258789062500 -117.18000030517578125000 167800.00000000000000000000
3.11490011215210005346 45.00000000000000000000 2151.00000000000000000000 643.00000000000000000000 1047.00000000000000000000 579.00000000000000000000 33.77000045776367187500 -118.16999816894532671085 218800.00000000000000000000
3.02839994430541992188 25.00000000000000000000 1268.00000000000000000000 282.00000000000000000000 991.00000000000000000000 299.00000000000000000000 32.56999969482421875000 -117.05999755859376421085 123600.00000000000000000000
2.55879998207092285156 20.00000000000000000000 59.00000000000000000000 24.00000000000000000000 69.00000000000000000000 23.00000000000000000000 33.77999877929687500000 -118.23000335693359375000 350000.00000000000000000000
7.05679988861083984375 5.00000000000000000000 3596.00000000000000000000 467.00000000000000000000 1738.00000000000000000000 512.00000000000000000000 37.72999954223632812500 -122.05999755859376421085 412500.00000000000000000000
2.63190007209777832031 15.00000000000000000000 1117.00000000000000000000 242.00000000000000000000 551.00000000000000000000 229.00000000000000000000 39.02000045776367187500 -120.83000183105467328915 97700.00000000000000000000
4.45830011367797851562 25.00000000000000000000 556.00000000000000000000 79.00000000000000000000 249.00000000000000000000 71.00000000000000000000 36.70999908447265625000 -119.69000244140623578915 108300.00000000000000000000
2.81100010871887207031 15.00000000000000000000 4760.00000000000000000000 871.00000000000000000000 2459.00000000000000000000 734.00000000000000000000 35.56000137329101562500 -120.29000091552734375000 142100.00000000000000000000
5.24020004272460937500 52.00000000000000000000 1389.00000000000000000000 212.00000000000000000000 510.00000000000000000000 224.00000000000000000000 37.81000137329101562500 -122.20999908447265625000 296400.00000000000000000000
4.07919979095458984375 34.00000000000000000000 1102.00000000000000000000 212.00000000000000000000 949.00000000000000000000 212.00000000000000000000 34.25999832153320312500 -118.44000244140623578915 165100.00000000000000000000
2.64470005035400390625 42.00000000000000000000 2038.00000000000000000000 368.00000000000000000000 2037.00000000000000000000 355.00000000000000000000 37.77000045776367187500 -122.30000305175779828915 200000.00000000000000000000
3.19050002098083496094 36.00000000000000000000 3097.00000000000000000000 667.00000000000000000000 1484.00000000000000000000 634.00000000000000000000 34.13999938964843750000 -117.86000061035156250000 235300.00000000000000000000
4.56059980392456054688 31.00000000000000000000 2809.00000000000000000000 666.00000000000000000000 1316.00000000000000000000 633.00000000000000000000 33.70999908447265625000 -118.29000091552734375000 303800.00000000000000000000
6.70819997787475585938 30.00000000000000000000 3507.00000000000000000000 536.00000000000000000000 1427.00000000000000000000 525.00000000000000000000 34.15999984741210937500 -118.48000335693359375000 500001.00000000000000000000
4.08620023727416992188 19.00000000000000000000 3568.00000000000000000000 646.00000000000000000000 1714.00000000000000000000 590.00000000000000000000 38.84999847412108664457 -121.38999938964843750000 162700.00000000000000000000
6.30539989471435635693 14.00000000000000000000 2513.00000000000000000000 351.00000000000000000000 1151.00000000000000000000 357.00000000000000000000 33.29999923706054687500 -117.25000000000000000000 359000.00000000000000000000
7.56040000915527343750 9.00000000000000000000 1547.00000000000000000000 218.00000000000000000000 683.00000000000000000000 231.00000000000000000000 32.90999984741210937500 -117.08000183105467328915 327900.00000000000000000000
3.22149991989135742188 8.00000000000000000000 6463.00000000000000000000 1095.00000000000000000000 3213.00000000000000000000 1031.00000000000000000000 34.45000076293945312500 -117.26999664306640625000 108800.00000000000000000000
2.57419991493225097656 32.00000000000000000000 352.00000000000000000000 132.00000000000000000000 313.00000000000000000000 105.00000000000000000000 37.77999877929688210543 -122.40000152587890625000 350000.00000000000000000000
2.19269990921020507812 27.00000000000000000000 5484.00000000000000000000 1205.00000000000000000000 2645.00000000000000000000 1131.00000000000000000000 34.00999832153320312500 -117.05000305175779828915 116700.00000000000000000000
3.70300006866455078125 22.00000000000000000000 11016.00000000000000000000 3170.00000000000000000000 6664.00000000000000000000 2838.00000000000000000000 33.84000015258789062500 -118.36000061035156250000 361300.00000000000000000000
2.67810010910034179688 33.00000000000000000000 2880.00000000000000000000 836.00000000000000000000 1416.00000000000000000000 736.00000000000000000000 34.04999923706054687500 -118.34999847412109375000 328800.00000000000000000000
3.79690003395080566406 40.00000000000000000000 2725.00000000000000000000 531.00000000000000000000 1167.00000000000000000000 458.00000000000000000000 38.36000061035156250000 -122.54000091552734375000 202800.00000000000000000000
3.19289994239807173315 26.00000000000000000000 6429.00000000000000000000 1611.00000000000000000000 2806.00000000000000000000 1491.00000000000000000000 34.16999816894531250000 -118.38999938964843750000 265200.00000000000000000000
1.87500000000000000000 26.00000000000000000000 1503.00000000000000000000 343.00000000000000000000 699.00000000000000000000 296.00000000000000000000 39.77000045776367187500 -121.59999847412109375000 84000.00000000000000000000
3.82739996910095214844 52.00000000000000000000 2890.00000000000000000000 571.00000000000000000000 1769.00000000000000000000 541.00000000000000000000 37.72000122070312500000 -122.44000244140623578915 252000.00000000000000000000
2.71880006790161177221 26.00000000000000000000 1707.00000000000000000000 308.00000000000000000000 761.00000000000000000000 250.00000000000000000000 41.06999969482421875000 -121.11000061035156250000 48100.00000000000000000000
2.67000007629394531250 30.00000000000000000000 2948.00000000000000000000 827.00000000000000000000 1635.00000000000000000000 750.00000000000000000000 34.25999832153320312500 -119.25000000000000000000 214900.00000000000000000000
4.73750019073486328125 45.00000000000000000000 2038.00000000000000000000 394.00000000000000000000 1086.00000000000000000000 387.00000000000000000000 33.93999862670898437500 -118.41000366210937500000 289600.00000000000000000000
3.06599998474121093750 17.00000000000000000000 2748.00000000000000000000 556.00000000000000000000 1174.00000000000000000000 514.00000000000000000000 39.70999908447265625000 -121.70999908447265625000 102600.00000000000000000000
1.71319997310638449939 21.00000000000000000000 1551.00000000000000000000 423.00000000000000000000 1519.00000000000000000000 406.00000000000000000000 36.68999862670897726957 -119.55000305175779828915 55900.00000000000000000000
4.15630006790161132812 26.00000000000000000000 1387.00000000000000000000 226.00000000000000000000 807.00000000000000000000 244.00000000000000000000 38.66999816894531250000 -121.30999755859376421085 135700.00000000000000000000
4.63689994812011718750 44.00000000000000000000 1671.00000000000000000000 390.00000000000000000000 871.00000000000000000000 367.00000000000000000000 33.74000167846679687500 -118.08999633789062500000 422200.00000000000000000000
2.93000006675720214844 23.00000000000000000000 1906.00000000000000000000 525.00000000000000000000 1029.00000000000000000000 491.00000000000000000000 32.79999923706054687500 -117.22000122070312500000 183300.00000000000000000000
6.04939985275268554688 24.00000000000000000000 2826.00000000000000000000 547.00000000000000000000 1738.00000000000000000000 546.00000000000000000000 33.72000122070312500000 -117.98000335693359375000 240400.00000000000000000000
5.02239990234375000000 52.00000000000000000000 866.00000000000000000000 205.00000000000000000000 587.00000000000000000000 171.00000000000000000000 37.72999954223632812500 -122.44000244140623578915 261900.00000000000000000000
4.87500000000000000000 31.00000000000000000000 981.00000000000000000000 222.00000000000000000000 734.00000000000000000000 239.00000000000000000000 33.90000152587890625000 -118.34999847412109375000 232400.00000000000000000000
7.50000000000000000000 14.00000000000000000000 9483.00000000000000000000 1361.00000000000000000000 4108.00000000000000000000 1281.00000000000000000000 37.13000106811523437500 -121.59999847412109375000 344500.00000000000000000000
3.17109990119934082031 44.00000000000000000000 2388.00000000000000000000 619.00000000000000000000 1461.00000000000000000000 592.00000000000000000000 33.79000091552734375000 -118.13999938964843750000 215400.00000000000000000000
4.34719991683959960938 52.00000000000000000000 1314.00000000000000000000 317.00000000000000000000 473.00000000000000000000 250.00000000000000000000 37.81000137329101562500 -122.41999816894532671085 500001.00000000000000000000
3.62500000000000000000 21.00000000000000000000 991.00000000000000000000 210.00000000000000000000 695.00000000000000000000 203.00000000000000000000 32.68999862670898437500 -117.05000305175779828915 144300.00000000000000000000
3.65219998359680175781 8.00000000000000000000 2875.00000000000000000000 548.00000000000000000000 1718.00000000000000000000 551.00000000000000000000 36.79000091552734375000 -119.87000274658204546085 80200.00000000000000000000
3.72059988975524902344 39.00000000000000000000 1366.00000000000000000000 375.00000000000000000000 1237.00000000000000000000 370.00000000000000000000 34.02999877929687500000 -118.38999938964843750000 230900.00000000000000000000
6.62069988250732421875 16.00000000000000000000 3491.00000000000000000000 502.00000000000000000000 1496.00000000000000000000 509.00000000000000000000 33.84000015258789062500 -117.75000000000000000000 270500.00000000000000000000
3.22320008277893066406 27.00000000000000000000 1835.00000000000000000000 413.00000000000000000000 1221.00000000000000000000 377.00000000000000000000 33.43000030517578125000 -117.62000274658204546085 247100.00000000000000000000
2.62500000000000000000 34.00000000000000000000 431.00000000000000000000 85.00000000000000000000 391.00000000000000000000 77.00000000000000000000 38.66999816894531250000 -121.62999725341795453915 225000.00000000000000000000
3.34999990463256835938 25.00000000000000000000 1459.00000000000000000000 362.00000000000000000000 1150.00000000000000000000 354.00000000000000000000 33.88000106811523437500 -118.34999847412109375000 237500.00000000000000000000
1.62139999866485595703 17.00000000000000000000 1926.00000000000000000000 410.00000000000000000000 1054.00000000000000000000 321.00000000000000000000 37.33000183105468750000 -121.01000213623048296085 71500.00000000000000000000
6.03889989852905273438 5.00000000000000000000 1365.00000000000000000000 196.00000000000000000000 591.00000000000000000000 156.00000000000000000000 37.70000076293945312500 -121.44000244140623578915 215100.00000000000000000000
2.63159990310668900904 34.00000000000000000000 1077.00000000000000000000 257.00000000000000000000 478.00000000000000000000 199.00000000000000000000 34.13999938964843750000 -118.01999664306640625000 252800.00000000000000000000
1.99119997024536110608 16.00000000000000000000 5373.00000000000000000000 1079.00000000000000000000 1573.00000000000000000000 933.00000000000000000000 33.72000122070312500000 -117.19999694824220171085 98600.00000000000000000000
1.93750000000000000000 35.00000000000000000000 2680.00000000000000000000 634.00000000000000000000 2188.00000000000000000000 611.00000000000000000000 37.93999862670897726957 -121.27999877929687500000 56700.00000000000000000000
4.03620004653930664062 33.00000000000000000000 2729.00000000000000000000 549.00000000000000000000 2223.00000000000000000000 535.00000000000000000000 33.77999877929687500000 -117.91000366210937500000 177900.00000000000000000000
3.59999990463256835938 19.00000000000000000000 1688.00000000000000000000 365.00000000000000000000 622.00000000000000000000 322.00000000000000000000 34.09999847412109375000 -117.65000152587890625000 136400.00000000000000000000
6.57550001144409179688 23.00000000000000000000 1829.00000000000000000000 331.00000000000000000000 891.00000000000000000000 356.00000000000000000000 33.86999893188476562500 -118.37000274658204546085 359900.00000000000000000000
2.21460008621215820312 31.00000000000000000000 1832.00000000000000000000 444.00000000000000000000 1669.00000000000000000000 463.00000000000000000000 33.11000061035156250000 -117.08000183105467328915 116700.00000000000000000000
5.73729991912841796875 12.00000000000000000000 1313.00000000000000000000 231.00000000000000000000 731.00000000000000000000 232.00000000000000000000 38.63000106811523437500 -120.83999633789062500000 208300.00000000000000000000
2.04609990119934082031 46.00000000000000000000 1851.00000000000000000000 425.00000000000000000000 1100.00000000000000000000 377.00000000000000000000 34.06999969482421875000 -117.33999633789062500000 90500.00000000000000000000
3.51789999008178710938 12.00000000000000000000 4459.00000000000000000000 928.00000000000000000000 2471.00000000000000000000 888.00000000000000000000 33.04000091552734375000 -117.27999877929687500000 252700.00000000000000000000
2.62500000000000000000 40.00000000000000000000 1698.00000000000000000000 431.00000000000000000000 1280.00000000000000000000 405.00000000000000000000 33.97999954223632812500 -118.18000030517578125000 206300.00000000000000000000
3.12500000000000000000 23.00000000000000000000 1001.00000000000000000000 195.00000000000000000000 369.00000000000000000000 157.00000000000000000000 38.50999832153320312500 -120.80000305175779828915 96400.00000000000000000000
2.91669988632202104029 43.00000000000000000000 1160.00000000000000000000 304.00000000000000000000 393.00000000000000000000 250.00000000000000000000 34.00999832153320312500 -118.47000122070312500000 461100.00000000000000000000
8.24359989166259765625 44.00000000000000000000 2237.00000000000000000000 347.00000000000000000000 948.00000000000000000000 346.00000000000000000000 37.43999862670897726957 -122.18000030517578125000 500001.00000000000000000000
4.11110019683837890625 36.00000000000000000000 2600.00000000000000000000 441.00000000000000000000 1246.00000000000000000000 426.00000000000000000000 34.18999862670898437500 -118.55999755859376421085 215600.00000000000000000000
2.31500005722045898438 52.00000000000000000000 950.00000000000000000000 229.00000000000000000000 429.00000000000000000000 185.00000000000000000000 33.86999893188476562500 -117.93000030517578125000 182100.00000000000000000000
1.41939997673034690173 10.00000000000000000000 1623.00000000000000000000 409.00000000000000000000 988.00000000000000000000 395.00000000000000000000 36.33000183105468750000 -119.66000366210937500000 58100.00000000000000000000
1.69809997081756591797 29.00000000000000000000 1244.00000000000000000000 266.00000000000000000000 933.00000000000000000000 227.00000000000000000000 35.36000061035156250000 -118.98000335693359375000 49400.00000000000000000000
2.92499995231628417969 19.00000000000000000000 2497.00000000000000000000 494.00000000000000000000 748.00000000000000000000 442.00000000000000000000 38.54999923706054687500 -121.40000152587890625000 142400.00000000000000000000
2.61249995231628417969 26.00000000000000000000 2299.00000000000000000000 496.00000000000000000000 1259.00000000000000000000 441.00000000000000000000 34.52999877929687500000 -117.30999755859376421085 79900.00000000000000000000
3.92499995231628417969 52.00000000000000000000 2012.00000000000000000000 458.00000000000000000000 1314.00000000000000000000 434.00000000000000000000 34.13000106811523437500 -118.19000244140623578915 180400.00000000000000000000
3.68750000000000000000 47.00000000000000000000 1853.00000000000000000000 345.00000000000000000000 757.00000000000000000000 310.00000000000000000000 34.18000030517578125000 -118.23000335693359375000 422000.00000000000000000000
1.93229997158050514905 36.00000000000000000000 1723.00000000000000000000 569.00000000000000000000 1664.00000000000000000000 501.00000000000000000000 34.04999923706054687500 -118.30000305175779828915 161100.00000000000000000000
4.06250000000000000000 44.00000000000000000000 2792.00000000000000000000 615.00000000000000000000 1640.00000000000000000000 579.00000000000000000000 37.74000167846679687500 -122.50000000000000000000 272800.00000000000000000000
3.07290005683898925781 34.00000000000000000000 1901.00000000000000000000 394.00000000000000000000 171.00000000000000000000 73.00000000000000000000 37.11000061035156250000 -119.27999877929687500000 144600.00000000000000000000
2.33750009536743208471 40.00000000000000000000 1821.00000000000000000000 447.00000000000000000000 777.00000000000000000000 441.00000000000000000000 34.06999969482421875000 -118.36000061035156250000 355200.00000000000000000000
4.48610019683837890625 35.00000000000000000000 1273.00000000000000000000 210.00000000000000000000 555.00000000000000000000 181.00000000000000000000 38.27999877929688210543 -122.20999908447265625000 269300.00000000000000000000
1.71350002288818359375 42.00000000000000000000 1639.00000000000000000000 367.00000000000000000000 929.00000000000000000000 366.00000000000000000000 37.84999847412108664457 -122.26999664306640625000 159800.00000000000000000000
2.33170008659362792969 29.00000000000000000000 2240.00000000000000000000 792.00000000000000000000 2254.00000000000000000000 739.00000000000000000000 34.09000015258789062500 -118.29000091552734375000 172500.00000000000000000000
2.15280008316040039062 31.00000000000000000000 887.00000000000000000000 217.00000000000000000000 614.00000000000000000000 199.00000000000000000000 37.65999984741210937500 -121.02999877929687500000 75500.00000000000000000000
5.34229993820190429688 16.00000000000000000000 1574.00000000000000000000 385.00000000000000000000 515.00000000000000000000 363.00000000000000000000 33.65999984741210937500 -117.83000183105467328915 291700.00000000000000000000
4.67049980163574218750 19.00000000000000000000 5254.00000000000000000000 894.00000000000000000000 2155.00000000000000000000 831.00000000000000000000 35.36000061035156250000 -119.06999969482421875000 110700.00000000000000000000
5.17749977111816406250 35.00000000000000000000 4166.00000000000000000000 713.00000000000000000000 2354.00000000000000000000 709.00000000000000000000 33.84000015258789062500 -118.01000213623048296085 213400.00000000000000000000
3.68560004234314009253 33.00000000000000000000 2898.00000000000000000000 503.00000000000000000000 1374.00000000000000000000 487.00000000000000000000 34.13000106811523437500 -117.25000000000000000000 90000.00000000000000000000
6.31780004501342773438 19.00000000000000000000 2635.00000000000000000000 427.00000000000000000000 1497.00000000000000000000 410.00000000000000000000 37.22999954223632812500 -121.80999755859376421085 248000.00000000000000000000
2.14720010757446289062 19.00000000000000000000 4563.00000000000000000000 1069.00000000000000000000 2256.00000000000000000000 926.00000000000000000000 38.63999938964843750000 -121.37999725341795453915 143400.00000000000000000000
1.82350003719329833984 37.00000000000000000000 584.00000000000000000000 260.00000000000000000000 552.00000000000000000000 235.00000000000000000000 34.13999938964843750000 -118.25000000000000000000 275000.00000000000000000000
5.15059995651245117188 20.00000000000000000000 10053.00000000000000000000 1768.00000000000000000000 3083.00000000000000000000 1621.00000000000000000000 36.54999923706054687500 -121.87000274658204546085 387500.00000000000000000000
6.67999982833862304688 10.00000000000000000000 2829.00000000000000000000 394.00000000000000000000 1510.00000000000000000000 386.00000000000000000000 37.33000183105468750000 -121.77999877929687500000 359500.00000000000000000000
4.87500000000000000000 25.00000000000000000000 185.00000000000000000000 32.00000000000000000000 85.00000000000000000000 32.00000000000000000000 38.31000137329101562500 -121.93000030517578125000 250000.00000000000000000000
1.99230003356933593750 41.00000000000000000000 1256.00000000000000000000 407.00000000000000000000 855.00000000000000000000 383.00000000000000000000 34.15000152587890625000 -118.13999938964843750000 500001.00000000000000000000
5.01959991455078125000 52.00000000000000000000 2229.00000000000000000000 498.00000000000000000000 1079.00000000000000000000 472.00000000000000000000 37.74000167846679687500 -122.43000030517578125000 324300.00000000000000000000
2.56030011177062988281 32.00000000000000000000 3553.00000000000000000000 1060.00000000000000000000 3129.00000000000000000000 1010.00000000000000000000 34.18000030517578125000 -118.37999725341795453915 174200.00000000000000000000
2.29460000991821289062 18.00000000000000000000 2251.00000000000000000000 510.00000000000000000000 1032.00000000000000000000 369.00000000000000000000 39.16999816894531250000 -123.54000091552734375000 101000.00000000000000000000
9.21889972686767578125 28.00000000000000000000 6920.00000000000000000000 906.00000000000000000000 2515.00000000000000000000 860.00000000000000000000 34.13999938964843750000 -118.52999877929687500000 500001.00000000000000000000
2.60829997062683105469 38.00000000000000000000 3115.00000000000000000000 622.00000000000000000000 1238.00000000000000000000 606.00000000000000000000 36.20999908447265625000 -119.33000183105467328915 67000.00000000000000000000
3.03480005264282226562 20.00000000000000000000 7003.00000000000000000000 1409.00000000000000000000 3107.00000000000000000000 1315.00000000000000000000 38.63000106811523437500 -121.31999969482421875000 150500.00000000000000000000
4.16790008544921875000 41.00000000000000000000 2422.00000000000000000000 502.00000000000000000000 915.00000000000000000000 366.00000000000000000000 37.04999923706054687500 -122.05000305175779828915 201300.00000000000000000000
7.66319990158080965870 28.00000000000000000000 1650.00000000000000000000 210.00000000000000000000 557.00000000000000000000 211.00000000000000000000 33.95000076293945312500 -117.34999847412109375000 204800.00000000000000000000
8.29339981079101562500 34.00000000000000000000 2095.00000000000000000000 343.00000000000000000000 662.00000000000000000000 299.00000000000000000000 34.02999877929687500000 -118.55999755859376421085 500001.00000000000000000000
5.10239982604980468750 28.00000000000000000000 1261.00000000000000000000 233.00000000000000000000 609.00000000000000000000 242.00000000000000000000 33.45999908447265625000 -117.66000366210937500000 312700.00000000000000000000
2.04690003395080566406 15.00000000000000000000 1810.00000000000000000000 441.00000000000000000000 1157.00000000000000000000 375.00000000000000000000 39.08000183105468750000 -121.52999877929687500000 55100.00000000000000000000
3.38459992408752441406 45.00000000000000000000 1403.00000000000000000000 315.00000000000000000000 1111.00000000000000000000 311.00000000000000000000 33.93999862670898437500 -118.19000244140623578915 168100.00000000000000000000
4.75000000000000000000 37.00000000000000000000 1061.00000000000000000000 202.00000000000000000000 768.00000000000000000000 206.00000000000000000000 33.90000152587890625000 -118.09999847412109375000 161900.00000000000000000000
4.18750000000000000000 15.00000000000000000000 6725.00000000000000000000 1111.00000000000000000000 3139.00000000000000000000 1029.00000000000000000000 35.40999984741210937500 -120.65000152587890625000 261600.00000000000000000000
1.93270003795623757092 52.00000000000000000000 2031.00000000000000000000 450.00000000000000000000 958.00000000000000000000 445.00000000000000000000 37.86000061035156250000 -122.27999877929687500000 169900.00000000000000000000
2.86500000953674316406 38.00000000000000000000 1704.00000000000000000000 347.00000000000000000000 1384.00000000000000000000 374.00000000000000000000 34.29000091552734375000 -118.43000030517578125000 155500.00000000000000000000
3.96320009231567382812 20.00000000000000000000 804.00000000000000000000 121.00000000000000000000 448.00000000000000000000 140.00000000000000000000 39.33000183105468750000 -123.23000335693359375000 147100.00000000000000000000
3.93750000000000000000 48.00000000000000000000 1226.00000000000000000000 288.00000000000000000000 370.00000000000000000000 264.00000000000000000000 34.08000183105468750000 -118.37999725341795453915 450000.00000000000000000000
3.61540007591247603003 52.00000000000000000000 2735.00000000000000000000 559.00000000000000000000 1076.00000000000000000000 487.00000000000000000000 38.06000137329101562500 -122.20999908447265625000 155700.00000000000000000000
4.37500000000000000000 35.00000000000000000000 1309.00000000000000000000 276.00000000000000000000 1113.00000000000000000000 253.00000000000000000000 34.04999923706054687500 -117.94999694824220171085 156500.00000000000000000000
3.88190007209777743213 44.00000000000000000000 1890.00000000000000000000 465.00000000000000000000 1378.00000000000000000000 430.00000000000000000000 33.84999847412109375000 -118.18000030517578125000 143200.00000000000000000000
2.14179992675781250000 13.00000000000000000000 3641.00000000000000000000 897.00000000000000000000 1737.00000000000000000000 788.00000000000000000000 37.31999969482421875000 -120.48000335693359375000 130600.00000000000000000000
2.89809989929199218750 26.00000000000000000000 2182.00000000000000000000 704.00000000000000000000 1638.00000000000000000000 704.00000000000000000000 37.31000137329101562500 -121.93000030517578125000 229800.00000000000000000000
2.19169998168945312500 43.00000000000000000000 5963.00000000000000000000 1344.00000000000000000000 4367.00000000000000000000 1231.00000000000000000000 37.79000091552734375000 -122.23000335693359375000 112800.00000000000000000000
4.79729986190795898438 28.00000000000000000000 3519.00000000000000000000 583.00000000000000000000 1720.00000000000000000000 590.00000000000000000000 32.75000000000000000000 -116.97000122070312500000 186900.00000000000000000000
3.92650008201599121094 39.00000000000000000000 1030.00000000000000000000 191.00000000000000000000 537.00000000000000000000 175.00000000000000000000 37.27000045776367187500 -121.94000244140623578915 236900.00000000000000000000
6.16009998321533203125 26.00000000000000000000 2507.00000000000000000000 393.00000000000000000000 1333.00000000000000000000 392.00000000000000000000 33.66999816894531250000 -117.90000152587890625000 266100.00000000000000000000
3.37500000000000000000 46.00000000000000000000 844.00000000000000000000 147.00000000000000000000 423.00000000000000000000 161.00000000000000000000 32.65999984741210937500 -117.08999633789062500000 136300.00000000000000000000
3.51040005683898925781 29.00000000000000000000 5055.00000000000000000000 1036.00000000000000000000 410.00000000000000000000 191.00000000000000000000 34.29999923706054687500 -116.98999786376951703915 157100.00000000000000000000
2.55559992790222167969 11.00000000000000000000 1299.00000000000000000000 280.00000000000000000000 1158.00000000000000000000 223.00000000000000000000 34.95999908447265625000 -120.44999694824220171085 129200.00000000000000000000
3.88260006904602095190 17.00000000000000000000 1791.00000000000000000000 356.00000000000000000000 432.00000000000000000000 190.00000000000000000000 39.63000106811523437500 -120.73000335693359375000 92400.00000000000000000000
6.45879983901977539062 35.00000000000000000000 2419.00000000000000000000 426.00000000000000000000 949.00000000000000000000 433.00000000000000000000 37.40999984741210937500 -122.13999938964843750000 437100.00000000000000000000
6.04239988327026367188 4.00000000000000000000 2341.00000000000000000000 408.00000000000000000000 1235.00000000000000000000 431.00000000000000000000 38.02999877929688210543 -122.00000000000000000000 165900.00000000000000000000
1.58500003814697287829 52.00000000000000000000 1606.00000000000000000000 419.00000000000000000000 891.00000000000000000000 367.00000000000000000000 40.79999923706054687500 -124.16999816894532671085 75500.00000000000000000000
3.09730005264282226562 13.00000000000000000000 7174.00000000000000000000 1997.00000000000000000000 4293.00000000000000000000 1872.00000000000000000000 34.18000030517578125000 -118.30000305175779828915 251900.00000000000000000000
2.12890005111694380346 14.00000000000000000000 2061.00000000000000000000 465.00000000000000000000 859.00000000000000000000 462.00000000000000000000 38.02999877929688210543 -120.41000366210937500000 115300.00000000000000000000
3.41669988632202104029 44.00000000000000000000 1186.00000000000000000000 225.00000000000000000000 687.00000000000000000000 234.00000000000000000000 37.49000167846679687500 -120.79000091552734375000 160700.00000000000000000000
8.79740047454833984375 4.00000000000000000000 1346.00000000000000000000 213.00000000000000000000 603.00000000000000000000 219.00000000000000000000 33.68000030517578125000 -117.81999969482421875000 360600.00000000000000000000
1.76160001754760742188 52.00000000000000000000 3126.00000000000000000000 648.00000000000000000000 1789.00000000000000000000 558.00000000000000000000 38.54999923706054687500 -121.45999908447265625000 84100.00000000000000000000
6.23190021514892578125 10.00000000000000000000 6531.00000000000000000000 1036.00000000000000000000 2975.00000000000000000000 1018.00000000000000000000 34.00999832153320312500 -118.02999877929687500000 403700.00000000000000000000
6.22100019454956054688 52.00000000000000000000 1380.00000000000000000000 203.00000000000000000000 530.00000000000000000000 210.00000000000000000000 37.59999847412108664457 -122.40000152587890625000 420300.00000000000000000000
4.27159976959228515625 9.00000000000000000000 3659.00000000000000000000 652.00000000000000000000 1889.00000000000000000000 632.00000000000000000000 38.52999877929688210543 -122.77999877929687500000 250800.00000000000000000000
3.97280001640319824219 28.00000000000000000000 3751.00000000000000000000 949.00000000000000000000 1691.00000000000000000000 846.00000000000000000000 37.56999969482421875000 -122.33999633789062500000 300000.00000000000000000000
6.82679986953735351562 21.00000000000000000000 3181.00000000000000000000 447.00000000000000000000 1416.00000000000000000000 469.00000000000000000000 33.90000152587890625000 -117.87000274658204546085 280300.00000000000000000000
5.41099977493286132812 5.00000000000000000000 1387.00000000000000000000 236.00000000000000000000 855.00000000000000000000 270.00000000000000000000 34.00000000000000000000 -117.66000366210937500000 201100.00000000000000000000
4.11899995803833007812 52.00000000000000000000 4265.00000000000000000000 912.00000000000000000000 1555.00000000000000000000 836.00000000000000000000 37.75999832153320312500 -122.40000152587890625000 298300.00000000000000000000
2.81520009040832519531 27.00000000000000000000 2119.00000000000000000000 373.00000000000000000000 1268.00000000000000000000 345.00000000000000000000 36.15999984741210937500 -119.44999694824220171085 106900.00000000000000000000
3.09380006790161177221 25.00000000000000000000 1858.00000000000000000000 493.00000000000000000000 865.00000000000000000000 460.00000000000000000000 34.40000152587890625000 -119.69999694824220171085 312500.00000000000000000000
3.72499990463256791529 21.00000000000000000000 1872.00000000000000000000 302.00000000000000000000 870.00000000000000000000 301.00000000000000000000 39.15999984741210937500 -121.56999969482421875000 84700.00000000000000000000
3.41249990463256835938 46.00000000000000000000 947.00000000000000000000 257.00000000000000000000 1120.00000000000000000000 264.00000000000000000000 36.91999816894531250000 -121.76000213623048296085 160700.00000000000000000000
0.97020000219345081671 28.00000000000000000000 1087.00000000000000000000 423.00000000000000000000 807.00000000000000000000 425.00000000000000000000 33.65000152587890625000 -117.91999816894532671085 225400.00000000000000000000
4.86840009689331143505 44.00000000000000000000 1934.00000000000000000000 325.00000000000000000000 783.00000000000000000000 316.00000000000000000000 32.72999954223632812500 -117.27999877929687500000 358600.00000000000000000000
3.15969991683960005346 37.00000000000000000000 1801.00000000000000000000 422.00000000000000000000 1564.00000000000000000000 425.00000000000000000000 34.13000106811523437500 -117.90000152587890625000 133000.00000000000000000000
3.66810011863708496094 34.00000000000000000000 1891.00000000000000000000 323.00000000000000000000 966.00000000000000000000 355.00000000000000000000 36.79000091552734375000 -119.70999908447265625000 82000.00000000000000000000
5.17710018157958984375 17.00000000000000000000 5391.00000000000000000000 886.00000000000000000000 2732.00000000000000000000 830.00000000000000000000 33.18000030517578125000 -117.02999877929687500000 212800.00000000000000000000
7.43900012969970703125 21.00000000000000000000 1799.00000000000000000000 293.00000000000000000000 576.00000000000000000000 277.00000000000000000000 37.45999908447265625000 -122.33999633789062500000 500001.00000000000000000000
3.77500009536743208471 19.00000000000000000000 3068.00000000000000000000 596.00000000000000000000 912.00000000000000000000 554.00000000000000000000 33.13000106811523437500 -117.20999908447265625000 168000.00000000000000000000
2.89709997177123979029 27.00000000000000000000 1514.00000000000000000000 510.00000000000000000000 1603.00000000000000000000 518.00000000000000000000 34.08000183105468750000 -118.30999755859376421085 251100.00000000000000000000
1.59089994430541992188 44.00000000000000000000 626.00000000000000000000 256.00000000000000000000 572.00000000000000000000 229.00000000000000000000 32.72000122070312500000 -117.16999816894532671085 262500.00000000000000000000
2.06739997863769575659 14.00000000000000000000 4985.00000000000000000000 1238.00000000000000000000 2517.00000000000000000000 954.00000000000000000000 34.20000076293945312500 -116.37999725341795453915 65000.00000000000000000000
3.53949999809265181128 24.00000000000000000000 2930.00000000000000000000 588.00000000000000000000 1448.00000000000000000000 570.00000000000000000000 37.65999984741210937500 -120.97000122070312500000 127900.00000000000000000000
4.53800010681152343750 3.00000000000000000000 7374.00000000000000000000 1444.00000000000000000000 3214.00000000000000000000 1279.00000000000000000000 33.52000045776367187500 -117.69000244140623578915 278200.00000000000000000000
4.22060012817382812500 29.00000000000000000000 2337.00000000000000000000 391.00000000000000000000 1054.00000000000000000000 352.00000000000000000000 38.50999832153320312500 -121.34999847412109375000 157700.00000000000000000000
3.24419999122619628906 32.00000000000000000000 3201.00000000000000000000 542.00000000000000000000 1869.00000000000000000000 519.00000000000000000000 38.29000091552734375000 -122.76999664306640625000 268000.00000000000000000000
4.01090002059936523438 8.00000000000000000000 2029.00000000000000000000 387.00000000000000000000 1000.00000000000000000000 364.00000000000000000000 38.15999984741210937500 -120.87999725341795453915 125900.00000000000000000000
8.60299968719482421875 52.00000000000000000000 1504.00000000000000000000 208.00000000000000000000 518.00000000000000000000 196.00000000000000000000 32.75000000000000000000 -117.18000030517578125000 459600.00000000000000000000
1.72379994392395019531 33.00000000000000000000 1950.00000000000000000000 1047.00000000000000000000 3707.00000000000000000000 1012.00000000000000000000 34.06000137329101562500 -118.26000213623048296085 110000.00000000000000000000
8.10389995574951171875 32.00000000000000000000 2297.00000000000000000000 347.00000000000000000000 871.00000000000000000000 342.00000000000000000000 37.52000045776367187500 -122.30000305175779828915 382200.00000000000000000000
5.46019983291625976562 35.00000000000000000000 1034.00000000000000000000 180.00000000000000000000 444.00000000000000000000 177.00000000000000000000 33.79999923706054687500 -118.11000061035156250000 231600.00000000000000000000
5.60470008850097656250 34.00000000000000000000 988.00000000000000000000 173.00000000000000000000 759.00000000000000000000 184.00000000000000000000 33.81000137329101562500 -117.91999816894532671085 205100.00000000000000000000
5.38119983673095703125 10.00000000000000000000 3381.00000000000000000000 729.00000000000000000000 1584.00000000000000000000 636.00000000000000000000 33.84000015258789062500 -117.87000274658204546085 235400.00000000000000000000
4.34089994430541992188 40.00000000000000000000 1104.00000000000000000000 224.00000000000000000000 669.00000000000000000000 215.00000000000000000000 36.97999954223632812500 -121.98999786376951703915 256300.00000000000000000000
3.73280000686645507812 38.00000000000000000000 1619.00000000000000000000 379.00000000000000000000 886.00000000000000000000 357.00000000000000000000 33.99000167846679687500 -118.05000305175779828915 182400.00000000000000000000
5.03599977493286132812 52.00000000000000000000 1456.00000000000000000000 269.00000000000000000000 582.00000000000000000000 277.00000000000000000000 37.29999923706054687500 -121.90000152587890625000 296600.00000000000000000000
2.11980009078979492188 21.00000000000000000000 789.00000000000000000000 141.00000000000000000000 406.00000000000000000000 146.00000000000000000000 40.16999816894531250000 -120.37000274658204546085 73500.00000000000000000000
4.57950019836425781250 43.00000000000000000000 1408.00000000000000000000 246.00000000000000000000 651.00000000000000000000 240.00000000000000000000 34.00999832153320312500 -118.44000244140623578915 400000.00000000000000000000
3.09030008316040039062 42.00000000000000000000 1115.00000000000000000000 297.00000000000000000000 1412.00000000000000000000 325.00000000000000000000 33.93999862670898437500 -118.22000122070312500000 153500.00000000000000000000
3.12500000000000000000 22.00000000000000000000 2948.00000000000000000000 636.00000000000000000000 2600.00000000000000000000 602.00000000000000000000 34.04000091552734375000 -117.75000000000000000000 113600.00000000000000000000
5.44960021972656250000 19.00000000000000000000 3073.00000000000000000000 506.00000000000000000000 1773.00000000000000000000 493.00000000000000000000 37.99000167846679687500 -122.08999633789062500000 205400.00000000000000000000
3.05430006980895996094 23.00000000000000000000 2095.00000000000000000000 536.00000000000000000000 1858.00000000000000000000 457.00000000000000000000 36.33000183105468750000 -121.23000335693359375000 92400.00000000000000000000
3.11420011520385742188 5.00000000000000000000 4116.00000000000000000000 990.00000000000000000000 2770.00000000000000000000 905.00000000000000000000 32.84999847412109375000 -116.93000030517578125000 150000.00000000000000000000
4.06860017776489257812 18.00000000000000000000 2060.00000000000000000000 563.00000000000000000000 1144.00000000000000000000 600.00000000000000000000 37.43000030517578125000 -122.13999938964843750000 378600.00000000000000000000
2.15420007705688476562 36.00000000000000000000 1293.00000000000000000000 312.00000000000000000000 1128.00000000000000000000 335.00000000000000000000 34.20000076293945312500 -119.19000244140623578915 253900.00000000000000000000
4.24319982528686523438 13.00000000000000000000 6141.00000000000000000000 1019.00000000000000000000 2553.00000000000000000000 967.00000000000000000000 38.54000091552734375000 -121.66999816894532671085 326500.00000000000000000000
2.65089988708496093750 25.00000000000000000000 6902.00000000000000000000 2138.00000000000000000000 3136.00000000000000000000 1844.00000000000000000000 34.04999923706054687500 -118.45999908447265625000 410000.00000000000000000000
10.10070037841796875000 30.00000000000000000000 1851.00000000000000000000 238.00000000000000000000 631.00000000000000000000 236.00000000000000000000 37.34000015258789062500 -122.06999969482421875000 500001.00000000000000000000
2.46589994430541992188 27.00000000000000000000 669.00000000000000000000 131.00000000000000000000 314.00000000000000000000 106.00000000000000000000 34.38999938964843750000 -119.33999633789062500000 231300.00000000000000000000
5.36439990997314453125 36.00000000000000000000 1570.00000000000000000000 274.00000000000000000000 992.00000000000000000000 249.00000000000000000000 37.63000106811523437500 -122.08999633789062500000 168800.00000000000000000000
3.07500004768371582031 13.00000000000000000000 3297.00000000000000000000 662.00000000000000000000 267.00000000000000000000 97.00000000000000000000 38.31000137329101562500 -120.26999664306640625000 108300.00000000000000000000
11.10770034790039062500 32.00000000000000000000 761.00000000000000000000 101.00000000000000000000 295.00000000000000000000 95.00000000000000000000 34.06999969482421875000 -117.84999847412109375000 500001.00000000000000000000
3.25990009307861328125 47.00000000000000000000 2879.00000000000000000000 631.00000000000000000000 2229.00000000000000000000 606.00000000000000000000 37.34999847412108664457 -121.88999938964843750000 183100.00000000000000000000
11.01239967346191406250 19.00000000000000000000 3532.00000000000000000000 402.00000000000000000000 1200.00000000000000000000 426.00000000000000000000 33.75999832153320312500 -117.76999664306640625000 500001.00000000000000000000
3.81250000000000000000 27.00000000000000000000 1806.00000000000000000000 465.00000000000000000000 791.00000000000000000000 358.00000000000000000000 33.61000061035156250000 -117.93000030517578125000 366700.00000000000000000000
1.28129994869232177734 31.00000000000000000000 1404.00000000000000000000 379.00000000000000000000 1515.00000000000000000000 387.00000000000000000000 36.75000000000000000000 -119.77999877929687500000 56400.00000000000000000000
6.17369985580444335938 25.00000000000000000000 2856.00000000000000000000 388.00000000000000000000 1212.00000000000000000000 362.00000000000000000000 33.84999847412109375000 -118.05000305175779828915 313100.00000000000000000000
1.69369995594024658203 52.00000000000000000000 966.00000000000000000000 247.00000000000000000000 589.00000000000000000000 228.00000000000000000000 37.74000167846679687500 -121.43000030517578125000 108300.00000000000000000000
3.14459991455078080591 13.00000000000000000000 4175.00000000000000000000 1321.00000000000000000000 2257.00000000000000000000 1271.00000000000000000000 34.22000122070312500000 -119.05999755859376421085 177100.00000000000000000000
4.26389980316162109375 31.00000000000000000000 6434.00000000000000000000 1188.00000000000000000000 3540.00000000000000000000 1131.00000000000000000000 34.24000167846679687500 -118.33000183105467328915 293300.00000000000000000000
3.17600011825561523438 14.00000000000000000000 2719.00000000000000000000 502.00000000000000000000 1497.00000000000000000000 457.00000000000000000000 35.59000015258789062500 -119.34999847412109375000 71800.00000000000000000000
5.50000000000000000000 33.00000000000000000000 828.00000000000000000000 123.00000000000000000000 373.00000000000000000000 133.00000000000000000000 37.68000030517578125000 -121.01000213623048296085 146200.00000000000000000000
6.71719980239868164062 3.00000000000000000000 9662.00000000000000000000 1385.00000000000000000000 2497.00000000000000000000 856.00000000000000000000 33.97999954223632812500 -117.76000213623048296085 292400.00000000000000000000
6.35900020599365234375 32.00000000000000000000 2134.00000000000000000000 328.00000000000000000000 903.00000000000000000000 322.00000000000000000000 37.29999923706054687500 -122.01999664306640625000 341900.00000000000000000000
5.66109991073608398438 42.00000000000000000000 967.00000000000000000000 175.00000000000000000000 481.00000000000000000000 163.00000000000000000000 33.75000000000000000000 -118.30000305175779828915 265600.00000000000000000000
2.40380001068115234375 46.00000000000000000000 2341.00000000000000000000 703.00000000000000000000 2371.00000000000000000000 648.00000000000000000000 34.06999969482421875000 -118.26000213623048296085 181700.00000000000000000000
5.74800014495849609375 16.00000000000000000000 4934.00000000000000000000 825.00000000000000000000 2668.00000000000000000000 810.00000000000000000000 33.88000106811523437500 -118.06999969482421875000 284200.00000000000000000000
2.15809988975524902344 33.00000000000000000000 376.00000000000000000000 83.00000000000000000000 267.00000000000000000000 88.00000000000000000000 33.93000030517578125000 -116.98000335693359375000 68300.00000000000000000000
5.69700002670288085938 38.00000000000000000000 2310.00000000000000000000 400.00000000000000000000 971.00000000000000000000 386.00000000000000000000 37.95000076293945312500 -122.54000091552734375000 435700.00000000000000000000
5.24860000610351562500 19.00000000000000000000 2023.00000000000000000000 392.00000000000000000000 955.00000000000000000000 328.00000000000000000000 37.04999923706054687500 -121.98999786376951703915 353000.00000000000000000000
2.29999995231628417969 52.00000000000000000000 248.00000000000000000000 86.00000000000000000000 173.00000000000000000000 69.00000000000000000000 38.09999847412108664457 -122.25000000000000000000 109400.00000000000000000000
3.10870003700256347656 39.00000000000000000000 1157.00000000000000000000 273.00000000000000000000 877.00000000000000000000 305.00000000000000000000 33.90999984741210937500 -118.16999816894532671085 171000.00000000000000000000
3.38540005683898925781 31.00000000000000000000 2293.00000000000000000000 549.00000000000000000000 1108.00000000000000000000 557.00000000000000000000 32.75999832153320312500 -117.11000061035156250000 204400.00000000000000000000
7.77379989624023437500 14.00000000000000000000 2714.00000000000000000000 361.00000000000000000000 1259.00000000000000000000 375.00000000000000000000 37.20999908447265625000 -121.83000183105467328915 387500.00000000000000000000
3.34380006790161177221 36.00000000000000000000 1661.00000000000000000000 395.00000000000000000000 690.00000000000000000000 365.00000000000000000000 34.06000137329101562500 -118.37000274658204546085 500001.00000000000000000000
3.21050000190734863281 28.00000000000000000000 2243.00000000000000000000 399.00000000000000000000 1464.00000000000000000000 379.00000000000000000000 34.08000183105468750000 -117.18000030517578125000 90300.00000000000000000000
2.83480000495910644531 18.00000000000000000000 1063.00000000000000000000 209.00000000000000000000 462.00000000000000000000 223.00000000000000000000 33.84000015258789062500 -117.97000122070312500000 219000.00000000000000000000
2.01559996604919433594 29.00000000000000000000 1029.00000000000000000000 239.00000000000000000000 509.00000000000000000000 196.00000000000000000000 41.36000061035156250000 -124.08000183105467328915 62800.00000000000000000000
2.97979998588562011719 17.00000000000000000000 2721.00000000000000000000 477.00000000000000000000 1672.00000000000000000000 492.00000000000000000000 35.02000045776367187500 -120.48000335693359375000 204800.00000000000000000000
2.49110007286071777344 35.00000000000000000000 1681.00000000000000000000 360.00000000000000000000 1648.00000000000000000000 373.00000000000000000000 34.06999969482421875000 -117.98999786376951703915 145900.00000000000000000000
4.51160001754760742188 43.00000000000000000000 1748.00000000000000000000 366.00000000000000000000 984.00000000000000000000 371.00000000000000000000 37.52999877929688210543 -122.30000305175779828915 337800.00000000000000000000
5.02010011672973632812 18.00000000000000000000 2515.00000000000000000000 443.00000000000000000000 1442.00000000000000000000 449.00000000000000000000 32.81999969482421875000 -116.88999938964843750000 154400.00000000000000000000
3.67860007286071777344 11.00000000000000000000 2572.00000000000000000000 454.00000000000000000000 1402.00000000000000000000 415.00000000000000000000 36.09000015258789062500 -119.05999755859376421085 72900.00000000000000000000
3.18319988250732421875 9.00000000000000000000 981.00000000000000000000 169.00000000000000000000 596.00000000000000000000 156.00000000000000000000 33.66999816894531250000 -117.30999755859376421085 157400.00000000000000000000
4.55620002746582031250 17.00000000000000000000 3050.00000000000000000000 481.00000000000000000000 1490.00000000000000000000 489.00000000000000000000 38.68999862670897726957 -121.25000000000000000000 134500.00000000000000000000
4.55259990692138671875 28.00000000000000000000 1984.00000000000000000000 313.00000000000000000000 1099.00000000000000000000 343.00000000000000000000 34.02000045776367187500 -118.08999633789062500000 250200.00000000000000000000
2.35260009765625000000 48.00000000000000000000 1184.00000000000000000000 328.00000000000000000000 953.00000000000000000000 311.00000000000000000000 34.04000091552734375000 -118.31999969482421875000 156300.00000000000000000000
4.24539995193481534130 33.00000000000000000000 2059.00000000000000000000 361.00000000000000000000 1073.00000000000000000000 339.00000000000000000000 34.11999893188476562500 -117.87000274658204546085 183800.00000000000000000000
1.41149997711181640625 52.00000000000000000000 583.00000000000000000000 157.00000000000000000000 730.00000000000000000000 174.00000000000000000000 34.02999877929687500000 -118.19999694824220171085 140600.00000000000000000000
2.13540005683898925781 29.00000000000000000000 2864.00000000000000000000 600.00000000000000000000 1314.00000000000000000000 562.00000000000000000000 40.56999969482421875000 -124.13999938964843750000 75100.00000000000000000000
5.88640022277832031250 13.00000000000000000000 1860.00000000000000000000 345.00000000000000000000 800.00000000000000000000 355.00000000000000000000 33.95999908447265625000 -118.43000030517578125000 500001.00000000000000000000
1.71249997615814208984 27.00000000000000000000 852.00000000000000000000 176.00000000000000000000 464.00000000000000000000 148.00000000000000000000 39.93999862670897726957 -122.00000000000000000000 58200.00000000000000000000
4.47279977798461914062 17.00000000000000000000 1692.00000000000000000000 293.00000000000000000000 934.00000000000000000000 280.00000000000000000000 33.72999954223632812500 -117.91999816894532671085 205800.00000000000000000000
2.18889999389648437500 29.00000000000000000000 2197.00000000000000000000 520.00000000000000000000 1374.00000000000000000000 483.00000000000000000000 38.63000106811523437500 -121.47000122070312500000 69300.00000000000000000000
3.01699995994567871094 31.00000000000000000000 2342.00000000000000000000 439.00000000000000000000 1411.00000000000000000000 465.00000000000000000000 36.54999923706054687500 -119.37999725341795453915 72000.00000000000000000000
15.00010013580322443261 32.00000000000000000000 2297.00000000000000000000 287.00000000000000000000 814.00000000000000000000 283.00000000000000000000 37.40000152587890625000 -122.22000122070312500000 500001.00000000000000000000
5.70970010757446289062 15.00000000000000000000 5368.00000000000000000000 1312.00000000000000000000 2269.00000000000000000000 1232.00000000000000000000 34.04999923706054687500 -118.44000244140623578915 316700.00000000000000000000
2.18750000000000000000 13.00000000000000000000 3682.00000000000000000000 668.00000000000000000000 1606.00000000000000000000 668.00000000000000000000 34.40999984741210937500 -117.25000000000000000000 119700.00000000000000000000
2.67589998245239257812 17.00000000000000000000 2612.00000000000000000000 582.00000000000000000000 832.00000000000000000000 564.00000000000000000000 33.61000061035156250000 -117.73000335693359375000 120600.00000000000000000000
6.86539983749389648438 17.00000000000000000000 1147.00000000000000000000 140.00000000000000000000 327.00000000000000000000 136.00000000000000000000 37.65999984741210937500 -120.94000244140623578915 290500.00000000000000000000
5.67899990081787109375 20.00000000000000000000 1005.00000000000000000000 168.00000000000000000000 457.00000000000000000000 157.00000000000000000000 38.56000137329101562500 -122.05000305175779828915 225000.00000000000000000000
2.90630006790161177221 9.00000000000000000000 97.00000000000000000000 20.00000000000000000000 91.00000000000000000000 22.00000000000000000000 37.08000183105468750000 -120.79000091552734375000 55000.00000000000000000000
2.67339992523193359375 26.00000000000000000000 3832.00000000000000000000 1074.00000000000000000000 2340.00000000000000000000 904.00000000000000000000 33.97000122070312500000 -118.34999847412109375000 143400.00000000000000000000
3.18120002746582031250 22.00000000000000000000 765.00000000000000000000 198.00000000000000000000 390.00000000000000000000 176.00000000000000000000 37.38000106811523437500 -121.94999694824220171085 87500.00000000000000000000
3.97830009460449218750 52.00000000000000000000 2946.00000000000000000000 695.00000000000000000000 1258.00000000000000000000 650.00000000000000000000 34.08000183105468750000 -118.37000274658204546085 374100.00000000000000000000
4.04250001907348632812 31.00000000000000000000 4464.00000000000000000000 991.00000000000000000000 2420.00000000000000000000 947.00000000000000000000 33.79999923706054687500 -118.30999755859376421085 277900.00000000000000000000
8.03899955749511718750 20.00000000000000000000 10212.00000000000000000000 1424.00000000000000000000 4083.00000000000000000000 1374.00000000000000000000 37.93000030517578125000 -122.09999847412109375000 382200.00000000000000000000
2.80679988861083984375 24.00000000000000000000 3794.00000000000000000000 848.00000000000000000000 2225.00000000000000000000 864.00000000000000000000 38.68000030517578125000 -121.79000091552734375000 95300.00000000000000000000
2.58480000495910644531 52.00000000000000000000 1283.00000000000000000000 342.00000000000000000000 1363.00000000000000000000 329.00000000000000000000 33.99000167846679687500 -118.27999877929687500000 101900.00000000000000000000
4.06250000000000000000 44.00000000000000000000 2003.00000000000000000000 390.00000000000000000000 1291.00000000000000000000 392.00000000000000000000 34.02999877929687500000 -118.13999938964843750000 201100.00000000000000000000
2.99259996414184570312 46.00000000000000000000 1895.00000000000000000000 442.00000000000000000000 920.00000000000000000000 425.00000000000000000000 37.88000106811523437500 -122.29000091552734375000 192100.00000000000000000000
2.13890004158020019531 16.00000000000000000000 5003.00000000000000000000 1180.00000000000000000000 4145.00000000000000000000 1159.00000000000000000000 33.88999938964843750000 -118.23000335693359375000 133400.00000000000000000000
4.33090019226074218750 28.00000000000000000000 2551.00000000000000000000 378.00000000000000000000 1011.00000000000000000000 374.00000000000000000000 39.75000000000000000000 -121.80000305175779828915 125200.00000000000000000000
2.53570008277893066406 33.00000000000000000000 1575.00000000000000000000 326.00000000000000000000 879.00000000000000000000 282.00000000000000000000 34.00000000000000000000 -117.05999755859376421085 94400.00000000000000000000
1.61109995841979980469 52.00000000000000000000 2167.00000000000000000000 480.00000000000000000000 908.00000000000000000000 451.00000000000000000000 40.79999923706054687500 -124.16000366210937500000 74700.00000000000000000000
2.72259998321533203125 31.00000000000000000000 2846.00000000000000000000 727.00000000000000000000 2120.00000000000000000000 672.00000000000000000000 34.04000091552734375000 -118.37999725341795453915 254200.00000000000000000000
5.48719978332519531250 7.00000000000000000000 10223.00000000000000000000 1491.00000000000000000000 5205.00000000000000000000 1509.00000000000000000000 33.90999984741210937500 -117.58999633789062500000 203400.00000000000000000000
1.13460004329681396484 42.00000000000000000000 819.00000000000000000000 233.00000000000000000000 899.00000000000000000000 228.00000000000000000000 33.93000030517578125000 -118.25000000000000000000 85400.00000000000000000000
4.41960000991821289062 18.00000000000000000000 1521.00000000000000000000 269.00000000000000000000 706.00000000000000000000 279.00000000000000000000 35.38000106811523437500 -119.12000274658204546085 121000.00000000000000000000
10.77210044860839843750 24.00000000000000000000 1663.00000000000000000000 199.00000000000000000000 578.00000000000000000000 187.00000000000000000000 32.83000183105468750000 -117.26000213623048296085 500001.00000000000000000000
5.51359987258911132812 19.00000000000000000000 2526.00000000000000000000 381.00000000000000000000 1176.00000000000000000000 381.00000000000000000000 34.18000030517578125000 -117.30000305175779828915 137100.00000000000000000000
4.45510005950927734375 16.00000000000000000000 5187.00000000000000000000 1014.00000000000000000000 1512.00000000000000000000 986.00000000000000000000 37.86000061035156250000 -122.05999755859376421085 252400.00000000000000000000
3.69530010223388716284 14.00000000000000000000 756.00000000000000000000 141.00000000000000000000 424.00000000000000000000 155.00000000000000000000 38.65999984741210937500 -121.36000061035156250000 116100.00000000000000000000
2.80209994316101074219 33.00000000000000000000 1587.00000000000000000000 374.00000000000000000000 1159.00000000000000000000 331.00000000000000000000 33.84000015258789062500 -117.88999938964843750000 195100.00000000000000000000
4.70190000534057617188 14.00000000000000000000 2267.00000000000000000000 355.00000000000000000000 1140.00000000000000000000 369.00000000000000000000 38.97999954223632812500 -121.05999755859376421085 212800.00000000000000000000
3.17919993400573730469 31.00000000000000000000 3523.00000000000000000000 922.00000000000000000000 2660.00000000000000000000 949.00000000000000000000 33.79000091552734375000 -117.86000061035156250000 146400.00000000000000000000
3.47049999237060502466 32.00000000000000000000 3521.00000000000000000000 748.00000000000000000000 1706.00000000000000000000 723.00000000000000000000 38.11000061035156250000 -122.56999969482421875000 228600.00000000000000000000
5.05530023574829101562 2.00000000000000000000 2103.00000000000000000000 389.00000000000000000000 923.00000000000000000000 338.00000000000000000000 34.86999893188476562500 -118.19000244140623578915 111100.00000000000000000000
1.98370003700256369861 37.00000000000000000000 1704.00000000000000000000 361.00000000000000000000 902.00000000000000000000 356.00000000000000000000 38.52999877929688210543 -121.48000335693359375000 62300.00000000000000000000
2.66669988632202104029 26.00000000000000000000 3695.00000000000000000000 1144.00000000000000000000 2308.00000000000000000000 1009.00000000000000000000 33.91999816894531250000 -118.36000061035156250000 229300.00000000000000000000
1.46249997615814208984 47.00000000000000000000 1504.00000000000000000000 374.00000000000000000000 1168.00000000000000000000 358.00000000000000000000 33.97000122070312500000 -118.26000213623048296085 94200.00000000000000000000
4.35419988632202148438 5.00000000000000000000 1998.00000000000000000000 500.00000000000000000000 1185.00000000000000000000 446.00000000000000000000 33.56999969482421875000 -117.65000152587890625000 195600.00000000000000000000
5.42010021209716796875 9.00000000000000000000 4055.00000000000000000000 536.00000000000000000000 1458.00000000000000000000 478.00000000000000000000 34.49000167846679687500 -117.23000335693359375000 170600.00000000000000000000
1.80680000782012917249 52.00000000000000000000 2737.00000000000000000000 1241.00000000000000000000 1761.00000000000000000000 1029.00000000000000000000 37.79000091552734375000 -122.41999816894532671085 225000.00000000000000000000
8.25310039520263671875 17.00000000000000000000 2073.00000000000000000000 313.00000000000000000000 573.00000000000000000000 221.00000000000000000000 33.29000091552734375000 -117.00000000000000000000 419200.00000000000000000000
3.62500000000000000000 25.00000000000000000000 2963.00000000000000000000 552.00000000000000000000 1162.00000000000000000000 556.00000000000000000000 32.79999923706054687500 -117.08000183105467328915 184500.00000000000000000000
3.63969993591308593750 33.00000000000000000000 2125.00000000000000000000 500.00000000000000000000 1672.00000000000000000000 476.00000000000000000000 33.97000122070312500000 -118.11000061035156250000 166600.00000000000000000000
3.43750000000000000000 34.00000000000000000000 1461.00000000000000000000 299.00000000000000000000 739.00000000000000000000 276.00000000000000000000 37.34000015258789062500 -121.95999908447265625000 252600.00000000000000000000
4.91669988632202148438 34.00000000000000000000 2791.00000000000000000000 495.00000000000000000000 1276.00000000000000000000 468.00000000000000000000 37.54999923706054687500 -122.01000213623048296085 256300.00000000000000000000
3.37500000000000000000 30.00000000000000000000 1561.00000000000000000000 381.00000000000000000000 1104.00000000000000000000 391.00000000000000000000 33.83000183105468750000 -117.93000030517578125000 201900.00000000000000000000
3.47919988632202104029 8.00000000000000000000 4195.00000000000000000000 725.00000000000000000000 291.00000000000000000000 115.00000000000000000000 39.34999847412108664457 -120.23999786376951703915 180800.00000000000000000000
1.66069996356964111328 30.00000000000000000000 752.00000000000000000000 194.00000000000000000000 733.00000000000000000000 186.00000000000000000000 32.79000091552734375000 -115.54000091552734375000 56100.00000000000000000000
2.82579994201660156250 37.00000000000000000000 1403.00000000000000000000 369.00000000000000000000 1587.00000000000000000000 331.00000000000000000000 37.47000122070312500000 -122.19999694824220171085 232800.00000000000000000000
2.51789999008178710938 45.00000000000000000000 1615.00000000000000000000 338.00000000000000000000 823.00000000000000000000 327.00000000000000000000 38.24000167846679687500 -122.62999725341795453915 145500.00000000000000000000
3.18140006065368652344 28.00000000000000000000 1868.00000000000000000000 350.00000000000000000000 898.00000000000000000000 329.00000000000000000000 36.83000183105468750000 -119.69000244140623578915 78900.00000000000000000000
2.24539995193481445312 37.00000000000000000000 845.00000000000000000000 249.00000000000000000000 881.00000000000000000000 252.00000000000000000000 34.04000091552734375000 -118.20999908447265625000 165000.00000000000000000000
5.37939977645874023438 52.00000000000000000000 4048.00000000000000000000 663.00000000000000000000 1316.00000000000000000000 590.00000000000000000000 37.86000061035156250000 -122.25000000000000000000 376900.00000000000000000000
2.13820004463195800781 37.00000000000000000000 1997.00000000000000000000 436.00000000000000000000 1349.00000000000000000000 437.00000000000000000000 37.65999984741210937500 -122.08000183105467328915 166600.00000000000000000000
5.55989980697631835938 26.00000000000000000000 3711.00000000000000000000 610.00000000000000000000 1902.00000000000000000000 597.00000000000000000000 33.72999954223632812500 -118.01999664306640625000 234100.00000000000000000000
4.05980014801025390625 44.00000000000000000000 1122.00000000000000000000 287.00000000000000000000 531.00000000000000000000 256.00000000000000000000 33.99000167846679687500 -118.45999908447265625000 335900.00000000000000000000
4.45830011367797851562 31.00000000000000000000 2692.00000000000000000000 445.00000000000000000000 1129.00000000000000000000 450.00000000000000000000 32.79999923706054687500 -117.01999664306640625000 170000.00000000000000000000
2.77270007133483886719 52.00000000000000000000 1319.00000000000000000000 295.00000000000000000000 898.00000000000000000000 271.00000000000000000000 34.00000000000000000000 -118.29000091552734375000 128600.00000000000000000000
1.75789999961853049548 10.00000000000000000000 17286.00000000000000000000 4952.00000000000000000000 9851.00000000000000000000 4616.00000000000000000000 33.97999954223632812500 -117.33999633789062500000 103400.00000000000000000000
5.52279996871948242188 14.00000000000000000000 3531.00000000000000000000 508.00000000000000000000 1505.00000000000000000000 497.00000000000000000000 37.75999832153320312500 -120.79000091552734375000 275300.00000000000000000000
2.03629994392395019531 31.00000000000000000000 1465.00000000000000000000 303.00000000000000000000 1013.00000000000000000000 297.00000000000000000000 36.38999938964843750000 -119.20999908447265625000 53500.00000000000000000000
3.85859990119934082031 45.00000000000000000000 1816.00000000000000000000 398.00000000000000000000 1524.00000000000000000000 388.00000000000000000000 33.81000137329101562500 -118.20999908447265625000 157900.00000000000000000000
2.63969993591308593750 29.00000000000000000000 505.00000000000000000000 113.00000000000000000000 411.00000000000000000000 113.00000000000000000000 33.90999984741210937500 -118.09999847412109375000 164400.00000000000000000000
3.39580011367797851562 12.00000000000000000000 3522.00000000000000000000 683.00000000000000000000 1780.00000000000000000000 662.00000000000000000000 35.31999969482421875000 -120.81999969482421875000 215800.00000000000000000000
3.56870007514953613281 36.00000000000000000000 923.00000000000000000000 165.00000000000000000000 603.00000000000000000000 191.00000000000000000000 33.88999938964843750000 -118.26000213623048296085 120700.00000000000000000000
2.94400000572204589844 52.00000000000000000000 2363.00000000000000000000 604.00000000000000000000 1558.00000000000000000000 573.00000000000000000000 37.88000106811523437500 -122.26000213623048296085 338900.00000000000000000000
2.44320011138916015625 37.00000000000000000000 1442.00000000000000000000 501.00000000000000000000 998.00000000000000000000 503.00000000000000000000 34.09000015258789062500 -118.33999633789062500000 200000.00000000000000000000
3.35940003395080566406 32.00000000000000000000 1133.00000000000000000000 216.00000000000000000000 693.00000000000000000000 228.00000000000000000000 33.86999893188476562500 -117.88999938964843750000 202100.00000000000000000000
5.15229988098144531250 36.00000000000000000000 2426.00000000000000000000 454.00000000000000000000 1085.00000000000000000000 420.00000000000000000000 33.00000000000000000000 -117.26999664306640625000 387800.00000000000000000000
9.83209991455077947364 17.00000000000000000000 2168.00000000000000000000 290.00000000000000000000 654.00000000000000000000 279.00000000000000000000 33.49000167846679687500 -117.73000335693359375000 500001.00000000000000000000
4.56250000000000000000 35.00000000000000000000 1500.00000000000000000000 250.00000000000000000000 706.00000000000000000000 250.00000000000000000000 33.95999908447265625000 -118.12999725341795453915 253500.00000000000000000000
3.83550000190734863281 15.00000000000000000000 4680.00000000000000000000 758.00000000000000000000 2626.00000000000000000000 729.00000000000000000000 38.70999908447265625000 -121.40000152587890625000 107000.00000000000000000000
4.90869998931884765625 32.00000000000000000000 2510.00000000000000000000 578.00000000000000000000 1160.00000000000000000000 581.00000000000000000000 37.36999893188476562500 -122.05999755859376421085 322700.00000000000000000000
3.34820008277893066406 21.00000000000000000000 5662.00000000000000000000 1185.00000000000000000000 3067.00000000000000000000 1055.00000000000000000000 34.08000183105468750000 -117.68000030517578125000 137300.00000000000000000000
3.58929991722106933594 14.00000000000000000000 362.00000000000000000000 78.00000000000000000000 88.00000000000000000000 39.00000000000000000000 37.31999969482421875000 -119.51000213623048296085 214300.00000000000000000000
3.16669988632202104029 41.00000000000000000000 725.00000000000000000000 239.00000000000000000000 582.00000000000000000000 214.00000000000000000000 34.41999816894531250000 -119.69999694824220171085 362500.00000000000000000000
6.97119998931884765625 5.00000000000000000000 25187.00000000000000000000 3521.00000000000000000000 11956.00000000000000000000 3478.00000000000000000000 34.25999832153320312500 -118.90000152587890625000 321300.00000000000000000000
3.08899998664856001440 18.00000000000000000000 6955.00000000000000000000 1882.00000000000000000000 2803.00000000000000000000 1740.00000000000000000000 38.58000183105468750000 -121.41000366210937500000 141400.00000000000000000000
2.31520009040832519531 10.00000000000000000000 974.00000000000000000000 316.00000000000000000000 631.00000000000000000000 286.00000000000000000000 37.97000122070312500000 -122.04000091552734375000 140600.00000000000000000000
2.30559992790222167969 43.00000000000000000000 940.00000000000000000000 208.00000000000000000000 690.00000000000000000000 181.00000000000000000000 37.95999908447265625000 -121.26000213623048296085 62300.00000000000000000000
4.72219991683959960938 36.00000000000000000000 1915.00000000000000000000 316.00000000000000000000 850.00000000000000000000 319.00000000000000000000 33.84000015258789062500 -118.09999847412109375000 225800.00000000000000000000
2.12870001792907714844 30.00000000000000000000 2515.00000000000000000000 481.00000000000000000000 1327.00000000000000000000 428.00000000000000000000 37.93000030517578125000 -122.33999633789062500000 95000.00000000000000000000
4.14879989624023437500 38.00000000000000000000 2317.00000000000000000000 451.00000000000000000000 1155.00000000000000000000 426.00000000000000000000 34.09999847412109375000 -118.04000091552734375000 235300.00000000000000000000
4.00000000000000000000 33.00000000000000000000 2131.00000000000000000000 435.00000000000000000000 2045.00000000000000000000 426.00000000000000000000 33.88999938964843750000 -118.08000183105467328915 145700.00000000000000000000
2.19549989700317382812 34.00000000000000000000 1576.00000000000000000000 364.00000000000000000000 1153.00000000000000000000 381.00000000000000000000 32.61999893188476562500 -117.08999633789062500000 129700.00000000000000000000
3.92499995231628417969 35.00000000000000000000 1249.00000000000000000000 232.00000000000000000000 556.00000000000000000000 247.00000000000000000000 37.34999847412108664457 -121.97000122070312500000 287100.00000000000000000000
4.05560016632080078125 16.00000000000000000000 5418.00000000000000000000 1005.00000000000000000000 2690.00000000000000000000 1088.00000000000000000000 33.88999938964843750000 -117.51000213623048296085 158000.00000000000000000000
3.44530010223388671875 37.00000000000000000000 1813.00000000000000000000 394.00000000000000000000 1100.00000000000000000000 375.00000000000000000000 34.09000015258789062500 -117.88999938964843750000 176700.00000000000000000000
2.15380001068115234375 25.00000000000000000000 2054.00000000000000000000 495.00000000000000000000 835.00000000000000000000 475.00000000000000000000 40.58000183105468750000 -122.37000274658204546085 76900.00000000000000000000
4.87500000000000000000 20.00000000000000000000 1608.00000000000000000000 274.00000000000000000000 862.00000000000000000000 248.00000000000000000000 32.84999847412109375000 -115.58999633789062500000 90800.00000000000000000000
6.10739994049072265625 26.00000000000000000000 3234.00000000000000000000 517.00000000000000000000 1597.00000000000000000000 513.00000000000000000000 34.20999908447265625000 -118.62000274658204546085 258600.00000000000000000000
3.62269997596740722656 33.00000000000000000000 1904.00000000000000000000 343.00000000000000000000 1366.00000000000000000000 338.00000000000000000000 34.09999847412109375000 -117.36000061035156250000 92800.00000000000000000000
5.56360006332397460938 38.00000000000000000000 2139.00000000000000000000 343.00000000000000000000 809.00000000000000000000 340.00000000000000000000 37.88999938964843750000 -122.06999969482421875000 268800.00000000000000000000
2.51859998703002929688 52.00000000000000000000 1086.00000000000000000000 349.00000000000000000000 589.00000000000000000000 361.00000000000000000000 37.77000045776367187500 -122.41999816894532671085 250000.00000000000000000000
3.88969993591308593750 14.00000000000000000000 2634.00000000000000000000 463.00000000000000000000 1402.00000000000000000000 432.00000000000000000000 38.36000061035156250000 -121.19999694824220171085 175700.00000000000000000000
3.59870004653930619654 14.00000000000000000000 3348.00000000000000000000 619.00000000000000000000 1756.00000000000000000000 557.00000000000000000000 34.86999893188476562500 -117.05999755859376421085 91400.00000000000000000000
2.65179991722106933594 40.00000000000000000000 1739.00000000000000000000 318.00000000000000000000 744.00000000000000000000 312.00000000000000000000 38.29000091552734375000 -122.30000305175779828915 156100.00000000000000000000
6.13590002059936523438 52.00000000000000000000 240.00000000000000000000 44.00000000000000000000 6675.00000000000000000000 29.00000000000000000000 38.68999862670897726957 -121.15000152587890625000 225000.00000000000000000000
4.74039983749389648438 43.00000000000000000000 2506.00000000000000000000 432.00000000000000000000 967.00000000000000000000 428.00000000000000000000 37.58000183105468750000 -122.37000274658204546085 500001.00000000000000000000
5.22870016098022460938 37.00000000000000000000 943.00000000000000000000 218.00000000000000000000 803.00000000000000000000 216.00000000000000000000 33.81999969482421875000 -118.26999664306640625000 191100.00000000000000000000
4.44999980926513671875 15.00000000000000000000 7803.00000000000000000000 1603.00000000000000000000 2957.00000000000000000000 1546.00000000000000000000 37.93000030517578125000 -122.05000305175779828915 184900.00000000000000000000
2.63019990921020507812 33.00000000000000000000 1190.00000000000000000000 217.00000000000000000000 717.00000000000000000000 196.00000000000000000000 35.27000045776367187500 -118.83000183105467328915 81300.00000000000000000000
2.27080011367797851562 26.00000000000000000000 2013.00000000000000000000 551.00000000000000000000 664.00000000000000000000 510.00000000000000000000 33.77000045776367187500 -118.08000183105467328915 67500.00000000000000000000
3.23309993743896484375 33.00000000000000000000 952.00000000000000000000 172.00000000000000000000 369.00000000000000000000 159.00000000000000000000 37.63000106811523437500 -122.04000091552734375000 226700.00000000000000000000
6.74959993362426757812 36.00000000000000000000 2143.00000000000000000000 434.00000000000000000000 751.00000000000000000000 396.00000000000000000000 34.04999923706054687500 -118.48000335693359375000 500001.00000000000000000000
4.04809999465942382812 52.00000000000000000000 1683.00000000000000000000 266.00000000000000000000 646.00000000000000000000 256.00000000000000000000 34.13999938964843750000 -117.29000091552734375000 97300.00000000000000000000
1.86409997940063476562 43.00000000000000000000 2179.00000000000000000000 682.00000000000000000000 2624.00000000000000000000 609.00000000000000000000 34.00999832153320312500 -118.26000213623048296085 108200.00000000000000000000
2.43750000000000000000 52.00000000000000000000 1792.00000000000000000000 352.00000000000000000000 1049.00000000000000000000 357.00000000000000000000 36.75999832153320312500 -119.80999755859376421085 57100.00000000000000000000
4.91960000991821289062 7.00000000000000000000 5059.00000000000000000000 780.00000000000000000000 3253.00000000000000000000 801.00000000000000000000 34.11999893188476562500 -117.38999938964843750000 140500.00000000000000000000
1.30470001697540283203 41.00000000000000000000 1562.00000000000000000000 322.00000000000000000000 927.00000000000000000000 277.00000000000000000000 36.72000122070312500000 -119.79000091552734375000 44100.00000000000000000000
6.82800006866455078125 36.00000000000000000000 782.00000000000000000000 130.00000000000000000000 348.00000000000000000000 128.00000000000000000000 37.38000106811523437500 -122.08000183105467328915 383900.00000000000000000000
1.51610004901886008533 28.00000000000000000000 1847.00000000000000000000 500.00000000000000000000 2263.00000000000000000000 473.00000000000000000000 33.90999984741210937500 -118.22000122070312500000 103200.00000000000000000000
2.58999991416931152344 45.00000000000000000000 2462.00000000000000000000 509.00000000000000000000 1587.00000000000000000000 450.00000000000000000000 37.74000167846679687500 -122.40000152587890625000 211800.00000000000000000000
2.12500000000000000000 29.00000000000000000000 1494.00000000000000000000 286.00000000000000000000 991.00000000000000000000 280.00000000000000000000 34.13000106811523437500 -117.33999633789062500000 70600.00000000000000000000
0.93550002574920643195 24.00000000000000000000 2037.00000000000000000000 696.00000000000000000000 1371.00000000000000000000 585.00000000000000000000 37.77999877929688210543 -122.43000030517578125000 112500.00000000000000000000
5.63850021362304687500 26.00000000000000000000 3038.00000000000000000000 468.00000000000000000000 1825.00000000000000000000 468.00000000000000000000 34.25999832153320312500 -118.76999664306640625000 196900.00000000000000000000
3.34820008277893066406 30.00000000000000000000 1653.00000000000000000000 285.00000000000000000000 800.00000000000000000000 291.00000000000000000000 37.66999816894531250000 -121.08999633789062500000 220000.00000000000000000000
5.00120019912719726562 8.00000000000000000000 11609.00000000000000000000 2141.00000000000000000000 5696.00000000000000000000 2100.00000000000000000000 35.31999969482421875000 -119.08000183105467328915 106300.00000000000000000000
2.16020011901855468750 31.00000000000000000000 1135.00000000000000000000 355.00000000000000000000 1717.00000000000000000000 368.00000000000000000000 34.04999923706054687500 -118.01000213623048296085 161700.00000000000000000000
4.09210014343261718750 20.00000000000000000000 2192.00000000000000000000 406.00000000000000000000 1766.00000000000000000000 393.00000000000000000000 32.68999862670898437500 -117.06999969482421875000 135000.00000000000000000000
2.77080011367797851562 33.00000000000000000000 1771.00000000000000000000 398.00000000000000000000 1037.00000000000000000000 388.00000000000000000000 36.61999893188476562500 -121.83000183105467328915 161800.00000000000000000000
8.10929965972900390625 17.00000000000000000000 4477.00000000000000000000 610.00000000000000000000 1798.00000000000000000000 612.00000000000000000000 33.63000106811523437500 -117.80999755859376421085 410400.00000000000000000000
3.60229992866516113281 33.00000000000000000000 2054.00000000000000000000 373.00000000000000000000 1067.00000000000000000000 358.00000000000000000000 34.68999862670898437500 -120.43000030517578125000 128300.00000000000000000000
4.74399995803833007812 48.00000000000000000000 1694.00000000000000000000 259.00000000000000000000 610.00000000000000000000 238.00000000000000000000 37.79999923706054687500 -122.19000244140623578915 257300.00000000000000000000
4.53210020065307617188 14.00000000000000000000 6360.00000000000000000000 1236.00000000000000000000 2876.00000000000000000000 1127.00000000000000000000 38.06999969482421875000 -122.16000366210937500000 190300.00000000000000000000
7.23540019989013671875 52.00000000000000000000 2612.00000000000000000000 365.00000000000000000000 901.00000000000000000000 367.00000000000000000000 37.84999847412108664457 -122.23999786376951703915 391100.00000000000000000000
3.32139992713928222656 35.00000000000000000000 990.00000000000000000000 192.00000000000000000000 674.00000000000000000000 178.00000000000000000000 36.52000045776367187500 -119.58999633789062500000 101600.00000000000000000000
3.25690007209777832031 15.00000000000000000000 2058.00000000000000000000 412.00000000000000000000 891.00000000000000000000 378.00000000000000000000 36.84000015258789062500 -119.76999664306640625000 124400.00000000000000000000
5.14230012893676757812 45.00000000000000000000 1755.00000000000000000000 335.00000000000000000000 822.00000000000000000000 342.00000000000000000000 34.15999984741210937500 -118.36000061035156250000 322900.00000000000000000000
2.51189994812011718750 26.00000000000000000000 1701.00000000000000000000 404.00000000000000000000 989.00000000000000000000 367.00000000000000000000 33.20000076293945312500 -117.23999786376951703915 171700.00000000000000000000
4.34999990463256835938 35.00000000000000000000 2348.00000000000000000000 531.00000000000000000000 1475.00000000000000000000 498.00000000000000000000 37.40000152587890625000 -122.01999664306640625000 261000.00000000000000000000
1.69009995460510231702 36.00000000000000000000 2016.00000000000000000000 505.00000000000000000000 1807.00000000000000000000 464.00000000000000000000 33.99000167846679687500 -118.26000213623048296085 103500.00000000000000000000
3.78959989547729492188 18.00000000000000000000 4547.00000000000000000000 774.00000000000000000000 2269.00000000000000000000 766.00000000000000000000 40.52000045776367187500 -122.37000274658204546085 98100.00000000000000000000
4.05000019073486328125 35.00000000000000000000 1581.00000000000000000000 422.00000000000000000000 580.00000000000000000000 388.00000000000000000000 37.75999832153320312500 -122.44000244140623578915 423100.00000000000000000000
2.21880006790161177221 20.00000000000000000000 1125.00000000000000000000 231.00000000000000000000 521.00000000000000000000 196.00000000000000000000 39.13999938964843750000 -122.87999725341795453915 106300.00000000000000000000
2.79999995231628417969 18.00000000000000000000 2737.00000000000000000000 589.00000000000000000000 1128.00000000000000000000 533.00000000000000000000 35.65000152587890625000 -117.66999816894532671085 72000.00000000000000000000
3.19120001792907714844 33.00000000000000000000 1740.00000000000000000000 342.00000000000000000000 638.00000000000000000000 329.00000000000000000000 36.63000106811523437500 -121.93000030517578125000 319800.00000000000000000000
5.29090023040771484375 52.00000000000000000000 2106.00000000000000000000 373.00000000000000000000 743.00000000000000000000 348.00000000000000000000 37.79000091552734375000 -122.45999908447265625000 500001.00000000000000000000
8.61550045013427734375 17.00000000000000000000 2070.00000000000000000000 278.00000000000000000000 797.00000000000000000000 275.00000000000000000000 37.36000061035156250000 -122.00000000000000000000 411200.00000000000000000000
2.90479993820190429688 32.00000000000000000000 1650.00000000000000000000 313.00000000000000000000 802.00000000000000000000 284.00000000000000000000 38.90000152587890625000 -121.51999664306640625000 98200.00000000000000000000
2.62500000000000000000 19.00000000000000000000 1427.00000000000000000000 311.00000000000000000000 1026.00000000000000000000 293.00000000000000000000 36.29999923706054687500 -119.19999694824220171085 57000.00000000000000000000
4.09770011901855468750 50.00000000000000000000 2236.00000000000000000000 484.00000000000000000000 1171.00000000000000000000 467.00000000000000000000 37.75999832153320312500 -122.48000335693359375000 322100.00000000000000000000
1.52079999446868896484 52.00000000000000000000 340.00000000000000000000 97.00000000000000000000 200.00000000000000000000 87.00000000000000000000 37.81000137329101562500 -122.27999877929687500000 112500.00000000000000000000
6.86420011520385742188 21.00000000000000000000 3153.00000000000000000000 411.00000000000000000000 1318.00000000000000000000 431.00000000000000000000 37.93999862670897726957 -121.94999694824220171085 285400.00000000000000000000
1.32889997959136962891 38.00000000000000000000 1438.00000000000000000000 310.00000000000000000000 779.00000000000000000000 275.00000000000000000000 39.50000000000000000000 -121.54000091552734375000 39400.00000000000000000000
4.85230016708374023438 36.00000000000000000000 1287.00000000000000000000 233.00000000000000000000 779.00000000000000000000 229.00000000000000000000 33.93000030517578125000 -117.98999786376951703915 175800.00000000000000000000
3.75000000000000000000 52.00000000000000000000 1788.00000000000000000000 313.00000000000000000000 792.00000000000000000000 294.00000000000000000000 34.09999847412109375000 -118.09999847412109375000 280000.00000000000000000000
2.08400011062622070312 39.00000000000000000000 2163.00000000000000000000 652.00000000000000000000 1153.00000000000000000000 599.00000000000000000000 35.29000091552734375000 -120.66000366210937500000 233300.00000000000000000000
2.70830011367797851562 52.00000000000000000000 1560.00000000000000000000 307.00000000000000000000 757.00000000000000000000 315.00000000000000000000 32.72000122070312500000 -117.12999725341795453915 199100.00000000000000000000
5.23610019683837890625 16.00000000000000000000 4975.00000000000000000000 949.00000000000000000000 2537.00000000000000000000 971.00000000000000000000 34.20999908447265625000 -118.83999633789062500000 224700.00000000000000000000
7.80049991607666015625 7.00000000000000000000 8806.00000000000000000000 1542.00000000000000000000 858.00000000000000000000 448.00000000000000000000 33.68999862670898437500 -116.37000274658204546085 318100.00000000000000000000
6.45039987564086914062 35.00000000000000000000 2396.00000000000000000000 472.00000000000000000000 1054.00000000000000000000 457.00000000000000000000 34.11000061035156250000 -118.58999633789062500000 407000.00000000000000000000
6.53000020980834960938 10.00000000000000000000 2577.00000000000000000000 347.00000000000000000000 1193.00000000000000000000 365.00000000000000000000 33.04000091552734375000 -117.08000183105467328915 264100.00000000000000000000
5.10389995574951171875 52.00000000000000000000 3011.00000000000000000000 542.00000000000000000000 1303.00000000000000000000 535.00000000000000000000 37.75999832153320312500 -122.23000335693359375000 273800.00000000000000000000
3.47769999504089355469 33.00000000000000000000 2038.00000000000000000000 473.00000000000000000000 1546.00000000000000000000 469.00000000000000000000 34.13000106811523437500 -117.97000122070312500000 144500.00000000000000000000
3.55209994316101074219 19.00000000000000000000 2953.00000000000000000000 895.00000000000000000000 1914.00000000000000000000 855.00000000000000000000 33.81999969482421875000 -118.19000244140623578915 290000.00000000000000000000
3.70830011367797851562 17.00000000000000000000 2813.00000000000000000000 497.00000000000000000000 1337.00000000000000000000 477.00000000000000000000 36.97999954223632812500 -121.97000122070312500000 252400.00000000000000000000
7.27720022201538085938 36.00000000000000000000 3324.00000000000000000000 448.00000000000000000000 1190.00000000000000000000 423.00000000000000000000 34.22999954223632812500 -118.51000213623048296085 477200.00000000000000000000
0.68250000476837158203 17.00000000000000000000 484.00000000000000000000 202.00000000000000000000 198.00000000000000000000 204.00000000000000000000 37.65000152587890625000 -121.00000000000000000000 187500.00000000000000000000
4.34380006790161132812 42.00000000000000000000 413.00000000000000000000 107.00000000000000000000 349.00000000000000000000 107.00000000000000000000 34.15999984741210937500 -118.29000091552734375000 189800.00000000000000000000
2.50430011749267578125 49.00000000000000000000 2501.00000000000000000000 565.00000000000000000000 1171.00000000000000000000 550.00000000000000000000 37.97999954223632812500 -121.29000091552734375000 76700.00000000000000000000
3.08330011367797851562 27.00000000000000000000 2224.00000000000000000000 618.00000000000000000000 1594.00000000000000000000 625.00000000000000000000 34.02000045776367187500 -118.41000366210937500000 315500.00000000000000000000
5.30280017852783203125 35.00000000000000000000 2537.00000000000000000000 418.00000000000000000000 1161.00000000000000000000 421.00000000000000000000 34.18999862670898437500 -118.51000213623048296085 229200.00000000000000000000
1.97019994258880637439 39.00000000000000000000 1701.00000000000000000000 428.00000000000000000000 1468.00000000000000000000 411.00000000000000000000 33.95000076293945312500 -118.29000091552734375000 93200.00000000000000000000
5.17409992218017578125 16.00000000000000000000 1416.00000000000000000000 249.00000000000000000000 636.00000000000000000000 244.00000000000000000000 33.70000076293945312500 -117.79000091552734375000 227700.00000000000000000000
4.38070011138916015625 23.00000000000000000000 3224.00000000000000000000 652.00000000000000000000 2183.00000000000000000000 655.00000000000000000000 37.40999984741210937500 -121.87999725341795453915 226900.00000000000000000000
4.60939979553222656250 26.00000000000000000000 2968.00000000000000000000 674.00000000000000000000 1655.00000000000000000000 628.00000000000000000000 33.90000152587890625000 -118.01000213623048296085 201000.00000000000000000000
2.12930011749267578125 9.00000000000000000000 2486.00000000000000000000 626.00000000000000000000 1938.00000000000000000000 525.00000000000000000000 33.20999908447265625000 -117.23999786376951703915 151400.00000000000000000000
3.96799993515014648438 8.00000000000000000000 2608.00000000000000000000 428.00000000000000000000 1530.00000000000000000000 435.00000000000000000000 37.36999893188476562500 -120.62000274658204546085 102100.00000000000000000000
4.43300008773803710938 34.00000000000000000000 2579.00000000000000000000 561.00000000000000000000 1237.00000000000000000000 517.00000000000000000000 34.18999862670898437500 -118.55999755859376421085 235100.00000000000000000000
11.32830047607422052636 21.00000000000000000000 427.00000000000000000000 63.00000000000000000000 182.00000000000000000000 70.00000000000000000000 37.24000167846679687500 -122.08000183105467328915 500001.00000000000000000000
2.42190003395080566406 33.00000000000000000000 2147.00000000000000000000 505.00000000000000000000 1371.00000000000000000000 498.00000000000000000000 33.88000106811523437500 -118.30999755859376421085 260700.00000000000000000000
3.62800002098083496094 14.00000000000000000000 2127.00000000000000000000 537.00000000000000000000 1338.00000000000000000000 475.00000000000000000000 33.72000122070312500000 -117.98999786376951703915 188500.00000000000000000000
3.01139998435974121094 33.00000000000000000000 2180.00000000000000000000 522.00000000000000000000 1634.00000000000000000000 467.00000000000000000000 33.88000106811523437500 -118.16000366210937500000 167000.00000000000000000000
3.16179990768432617188 17.00000000000000000000 2754.00000000000000000000 577.00000000000000000000 1349.00000000000000000000 533.00000000000000000000 34.29000091552734375000 -119.13999938964843750000 154200.00000000000000000000
5.75000000000000000000 25.00000000000000000000 1669.00000000000000000000 348.00000000000000000000 163.00000000000000000000 78.00000000000000000000 39.15000152587890625000 -120.15000152587890625000 176600.00000000000000000000
3.98530006408691406250 24.00000000000000000000 2159.00000000000000000000 369.00000000000000000000 1141.00000000000000000000 355.00000000000000000000 38.70000076293945312500 -121.44999694824220171085 90400.00000000000000000000
5.55630016326904296875 52.00000000000000000000 1842.00000000000000000000 339.00000000000000000000 1032.00000000000000000000 357.00000000000000000000 37.74000167846679687500 -122.41000366210937500000 250800.00000000000000000000
2.17670011520385742188 13.00000000000000000000 2795.00000000000000000000 773.00000000000000000000 1869.00000000000000000000 690.00000000000000000000 32.75000000000000000000 -117.12000274658204546085 101800.00000000000000000000
2.67709994316101074219 42.00000000000000000000 525.00000000000000000000 111.00000000000000000000 444.00000000000000000000 120.00000000000000000000 34.11000061035156250000 -117.30000305175779828915 67000.00000000000000000000
2.57139992713928222656 18.00000000000000000000 3585.00000000000000000000 800.00000000000000000000 3873.00000000000000000000 788.00000000000000000000 33.66999816894531250000 -116.16999816894532671085 65900.00000000000000000000
5.73579978942871093750 7.00000000000000000000 6483.00000000000000000000 976.00000000000000000000 3269.00000000000000000000 1005.00000000000000000000 32.63000106811523437500 -117.01000213623048296085 221600.00000000000000000000
2.26789999008178710938 36.00000000000000000000 1528.00000000000000000000 486.00000000000000000000 1824.00000000000000000000 470.00000000000000000000 33.93000030517578125000 -118.33999633789062500000 153900.00000000000000000000
3.33800005912780806128 19.00000000000000000000 2164.00000000000000000000 410.00000000000000000000 1309.00000000000000000000 426.00000000000000000000 36.79999923706054687500 -121.69000244140623578915 185300.00000000000000000000
2.10940003395080566406 29.00000000000000000000 2568.00000000000000000000 682.00000000000000000000 1191.00000000000000000000 642.00000000000000000000 32.75999832153320312500 -117.12999725341795453915 162500.00000000000000000000
2.39420008659362792969 42.00000000000000000000 814.00000000000000000000 223.00000000000000000000 511.00000000000000000000 188.00000000000000000000 34.00999832153320312500 -118.29000091552734375000 123200.00000000000000000000
3.14930009841918900904 24.00000000000000000000 6087.00000000000000000000 1217.00000000000000000000 1721.00000000000000000000 833.00000000000000000000 33.81000137329101562500 -116.54000091552734375000 199400.00000000000000000000
4.48610019683837890625 47.00000000000000000000 1586.00000000000000000000 322.00000000000000000000 1077.00000000000000000000 339.00000000000000000000 33.95999908447265625000 -118.30999755859376421085 140400.00000000000000000000
5.02320003509521484375 30.00000000000000000000 2871.00000000000000000000 470.00000000000000000000 1335.00000000000000000000 458.00000000000000000000 34.25000000000000000000 -118.48999786376951703915 253900.00000000000000000000
4.20510005950927734375 37.00000000000000000000 1328.00000000000000000000 273.00000000000000000000 1115.00000000000000000000 275.00000000000000000000 33.93999862670898437500 -118.04000091552734375000 164400.00000000000000000000
1.17420005798339843750 25.00000000000000000000 1322.00000000000000000000 387.00000000000000000000 794.00000000000000000000 379.00000000000000000000 40.86000061035156250000 -124.08999633789062500000 75000.00000000000000000000
2.74009990692138671875 41.00000000000000000000 1353.00000000000000000000 286.00000000000000000000 751.00000000000000000000 250.00000000000000000000 33.93999862670898437500 -118.30999755859376421085 131700.00000000000000000000
1.82079994678497270044 26.00000000000000000000 2355.00000000000000000000 531.00000000000000000000 1047.00000000000000000000 497.00000000000000000000 39.13000106811523437500 -121.62999725341795453915 79500.00000000000000000000
4.79530000686645507812 26.00000000000000000000 6960.00000000000000000000 1454.00000000000000000000 4367.00000000000000000000 1437.00000000000000000000 33.84000015258789062500 -118.05999755859376421085 210900.00000000000000000000
4.78910017013549804688 19.00000000000000000000 2802.00000000000000000000 802.00000000000000000000 1159.00000000000000000000 597.00000000000000000000 32.68999862670898437500 -117.16999816894532671085 334600.00000000000000000000
2.95539999008178710938 52.00000000000000000000 1860.00000000000000000000 400.00000000000000000000 1215.00000000000000000000 367.00000000000000000000 36.84000015258789062500 -121.40000152587890625000 136500.00000000000000000000
3.87500000000000000000 19.00000000000000000000 1129.00000000000000000000 258.00000000000000000000 900.00000000000000000000 228.00000000000000000000 34.02000045776367187500 -117.94999694824220171085 135600.00000000000000000000
4.06769990921020507812 36.00000000000000000000 1492.00000000000000000000 282.00000000000000000000 1041.00000000000000000000 270.00000000000000000000 33.97999954223632812500 -118.08000183105467328915 165800.00000000000000000000
3.48210000991821289062 33.00000000000000000000 1984.00000000000000000000 420.00000000000000000000 1119.00000000000000000000 387.00000000000000000000 33.79999923706054687500 -117.95999908447265625000 231300.00000000000000000000
4.43419981002807617188 20.00000000000000000000 1678.00000000000000000000 307.00000000000000000000 840.00000000000000000000 316.00000000000000000000 34.95999908447265625000 -120.41999816894532671085 160700.00000000000000000000
2.41669988632202104029 22.00000000000000000000 4769.00000000000000000000 1366.00000000000000000000 5534.00000000000000000000 1318.00000000000000000000 34.15000152587890625000 -119.18000030517578125000 192000.00000000000000000000
4.01539993286132812500 33.00000000000000000000 3455.00000000000000000000 683.00000000000000000000 1704.00000000000000000000 663.00000000000000000000 36.59999847412108664457 -121.93000030517578125000 225700.00000000000000000000
2.80150008201599121094 40.00000000000000000000 494.00000000000000000000 114.00000000000000000000 547.00000000000000000000 135.00000000000000000000 37.77000045776367187500 -122.22000122070312500000 114800.00000000000000000000
3.51040005683898925781 30.00000000000000000000 1246.00000000000000000000 373.00000000000000000000 1990.00000000000000000000 369.00000000000000000000 34.25999832153320312500 -118.43000030517578125000 140900.00000000000000000000
3.15969991683960005346 30.00000000000000000000 1372.00000000000000000000 235.00000000000000000000 1047.00000000000000000000 225.00000000000000000000 34.08000183105468750000 -117.62000274658204546085 116300.00000000000000000000
2.46050000190734863281 20.00000000000000000000 2673.00000000000000000000 538.00000000000000000000 1282.00000000000000000000 514.00000000000000000000 41.75999832153320312500 -124.16999816894532671085 105900.00000000000000000000
2.64580011367797851562 16.00000000000000000000 2930.00000000000000000000 1038.00000000000000000000 1648.00000000000000000000 980.00000000000000000000 34.09999847412109375000 -118.34999847412109375000 372200.00000000000000000000
6.03319978713989257812 19.00000000000000000000 1907.00000000000000000000 323.00000000000000000000 681.00000000000000000000 270.00000000000000000000 36.61999893188476562500 -121.69000244140623578915 244900.00000000000000000000
3.03469991683960005346 45.00000000000000000000 726.00000000000000000000 146.00000000000000000000 568.00000000000000000000 160.00000000000000000000 34.06999969482421875000 -118.08999633789062500000 183200.00000000000000000000
3.66960000991821289062 15.00000000000000000000 3080.00000000000000000000 617.00000000000000000000 1446.00000000000000000000 599.00000000000000000000 38.40000152587890625000 -122.83999633789062500000 194400.00000000000000000000
3.12500000000000000000 10.00000000000000000000 443.00000000000000000000 111.00000000000000000000 48.00000000000000000000 21.00000000000000000000 36.18999862670897726957 -118.37000274658204546085 71300.00000000000000000000
4.37500000000000000000 21.00000000000000000000 3302.00000000000000000000 557.00000000000000000000 1413.00000000000000000000 520.00000000000000000000 37.34999847412108664457 -118.41999816894532671085 180400.00000000000000000000
4.95039987564086914062 5.00000000000000000000 7854.00000000000000000000 1446.00000000000000000000 4361.00000000000000000000 1395.00000000000000000000 38.13000106811523437500 -122.19000244140623578915 214800.00000000000000000000
11.78940010070800781250 45.00000000000000000000 2257.00000000000000000000 285.00000000000000000000 759.00000000000000000000 305.00000000000000000000 34.13999938964843750000 -118.16999816894532671085 500001.00000000000000000000
3.61610007286071777344 9.00000000000000000000 5534.00000000000000000000 1206.00000000000000000000 2283.00000000000000000000 1008.00000000000000000000 33.79999923706054687500 -116.44999694824220171085 99100.00000000000000000000
3.81469988822937011719 19.00000000000000000000 2025.00000000000000000000 414.00000000000000000000 1663.00000000000000000000 403.00000000000000000000 33.13999938964843750000 -117.19999694824220171085 139200.00000000000000000000
2.46589994430541992188 52.00000000000000000000 2024.00000000000000000000 391.00000000000000000000 1030.00000000000000000000 350.00000000000000000000 37.75999832153320312500 -122.19000244140623578915 94700.00000000000000000000
4.54460000991821289062 36.00000000000000000000 2002.00000000000000000000 361.00000000000000000000 913.00000000000000000000 311.00000000000000000000 33.95999908447265625000 -118.01999664306640625000 244700.00000000000000000000
5.68249988555908203125 24.00000000000000000000 3430.00000000000000000000 548.00000000000000000000 1601.00000000000000000000 512.00000000000000000000 33.70999908447265625000 -117.98000335693359375000 264600.00000000000000000000
2.98210000991821289062 12.00000000000000000000 3430.00000000000000000000 793.00000000000000000000 1840.00000000000000000000 720.00000000000000000000 35.11999893188476562500 -120.61000061035156250000 162000.00000000000000000000
3.96740007400512695312 52.00000000000000000000 3225.00000000000000000000 763.00000000000000000000 1559.00000000000000000000 710.00000000000000000000 34.09000015258789062500 -118.26999664306640625000 268800.00000000000000000000
3.61109995841979980469 22.00000000000000000000 2264.00000000000000000000 390.00000000000000000000 1056.00000000000000000000 403.00000000000000000000 39.13999938964843750000 -121.66999816894532671085 112300.00000000000000000000
4.59999990463256835938 24.00000000000000000000 1258.00000000000000000000 216.00000000000000000000 235.00000000000000000000 96.00000000000000000000 38.91999816894531250000 -119.94000244140623578915 136800.00000000000000000000
8.43889999389648437500 25.00000000000000000000 1590.00000000000000000000 218.00000000000000000000 568.00000000000000000000 206.00000000000000000000 34.11000061035156250000 -118.30000305175779828915 500001.00000000000000000000
1.46759998798370361328 17.00000000000000000000 1880.00000000000000000000 467.00000000000000000000 798.00000000000000000000 342.00000000000000000000 39.08000183105468750000 -122.80000305175779828915 65000.00000000000000000000
2.85619997978210449219 12.00000000000000000000 2180.00000000000000000000 423.00000000000000000000 1070.00000000000000000000 377.00000000000000000000 38.83000183105468750000 -120.87000274658204546085 128200.00000000000000000000
5.02670001983642578125 5.00000000000000000000 4413.00000000000000000000 804.00000000000000000000 2003.00000000000000000000 725.00000000000000000000 35.24000167846679687500 -120.51999664306640625000 253300.00000000000000000000
2.45499992370605468750 8.00000000000000000000 10731.00000000000000000000 3335.00000000000000000000 7211.00000000000000000000 3028.00000000000000000000 33.90999984741210937500 -118.33000183105467328915 192700.00000000000000000000
3.57459998130798339844 52.00000000000000000000 2892.00000000000000000000 751.00000000000000000000 1785.00000000000000000000 733.00000000000000000000 37.79999923706054687500 -122.41000366210937500000 350000.00000000000000000000
6.24639987945556640625 4.00000000000000000000 3134.00000000000000000000 504.00000000000000000000 1599.00000000000000000000 485.00000000000000000000 33.65000152587890625000 -117.59999847412109375000 233900.00000000000000000000
2.67969989776611328125 16.00000000000000000000 3741.00000000000000000000 801.00000000000000000000 2434.00000000000000000000 824.00000000000000000000 33.61999893188476562500 -114.59999847412109375000 86500.00000000000000000000
3.00570011138916015625 32.00000000000000000000 1129.00000000000000000000 251.00000000000000000000 1378.00000000000000000000 268.00000000000000000000 34.04999923706054687500 -117.63999938964843750000 96900.00000000000000000000
3.90409994125366210938 36.00000000000000000000 3120.00000000000000000000 620.00000000000000000000 1441.00000000000000000000 612.00000000000000000000 34.18000030517578125000 -118.29000091552734375000 320400.00000000000000000000
1.98300004005432128906 42.00000000000000000000 1239.00000000000000000000 251.00000000000000000000 776.00000000000000000000 272.00000000000000000000 35.34999847412109375000 -119.01999664306640625000 63300.00000000000000000000
3.18750000000000000000 5.00000000000000000000 3109.00000000000000000000 634.00000000000000000000 1823.00000000000000000000 578.00000000000000000000 33.24000167846679687500 -117.29000091552734375000 153800.00000000000000000000
4.85160017013549804688 52.00000000000000000000 2226.00000000000000000000 385.00000000000000000000 1177.00000000000000000000 416.00000000000000000000 37.75000000000000000000 -122.48999786376951703915 323800.00000000000000000000
3.55559992790222167969 35.00000000000000000000 1939.00000000000000000000 412.00000000000000000000 1036.00000000000000000000 400.00000000000000000000 33.88000106811523437500 -118.30999755859376421085 238000.00000000000000000000
2.99110007286071777344 23.00000000000000000000 2103.00000000000000000000 411.00000000000000000000 1019.00000000000000000000 387.00000000000000000000 40.81000137329101562500 -124.06999969482421875000 119700.00000000000000000000
2.68750000000000000000 13.00000000000000000000 2394.00000000000000000000 458.00000000000000000000 1177.00000000000000000000 389.00000000000000000000 36.29999923706054687500 -119.33999633789062500000 74400.00000000000000000000
7.41849994659423828125 35.00000000000000000000 1897.00000000000000000000 279.00000000000000000000 733.00000000000000000000 291.00000000000000000000 34.13000106811523437500 -118.08000183105467328915 500001.00000000000000000000
6.99399995803833007812 27.00000000000000000000 5470.00000000000000000000 755.00000000000000000000 1916.00000000000000000000 764.00000000000000000000 37.99000167846679687500 -122.48999786376951703915 420800.00000000000000000000
4.72219991683959960938 36.00000000000000000000 1428.00000000000000000000 268.00000000000000000000 825.00000000000000000000 250.00000000000000000000 33.84000015258789062500 -118.30000305175779828915 239600.00000000000000000000
5.16639995574951171875 37.00000000000000000000 388.00000000000000000000 83.00000000000000000000 248.00000000000000000000 84.00000000000000000000 34.00000000000000000000 -118.45999908447265625000 326700.00000000000000000000
7.22160005569458007812 13.00000000000000000000 7241.00000000000000000000 1007.00000000000000000000 3221.00000000000000000000 947.00000000000000000000 37.77000045776367187500 -121.97000122070312500000 324600.00000000000000000000
3.67600011825561523438 12.00000000000000000000 3861.00000000000000000000 795.00000000000000000000 2129.00000000000000000000 806.00000000000000000000 38.27999877929688210543 -122.04000091552734375000 135000.00000000000000000000
3.10249996185302778784 28.00000000000000000000 3102.00000000000000000000 734.00000000000000000000 1623.00000000000000000000 639.00000000000000000000 38.11999893188476562500 -122.26000213623048296085 103700.00000000000000000000
1.89839994907379150391 19.00000000000000000000 1124.00000000000000000000 290.00000000000000000000 598.00000000000000000000 261.00000000000000000000 35.65000152587890625000 -117.80999755859376421085 54300.00000000000000000000
3.63330006599426313940 7.00000000000000000000 2252.00000000000000000000 570.00000000000000000000 1576.00000000000000000000 550.00000000000000000000 33.77000045776367187500 -117.98000335693359375000 169800.00000000000000000000
3.22160005569458007812 39.00000000000000000000 3119.00000000000000000000 758.00000000000000000000 1807.00000000000000000000 696.00000000000000000000 37.61999893188476562500 -122.41000366210937500000 242700.00000000000000000000
1.86720001697540283203 18.00000000000000000000 1860.00000000000000000000 409.00000000000000000000 741.00000000000000000000 349.00000000000000000000 39.43000030517578125000 -121.31999969482421875000 84700.00000000000000000000
4.38259983062744140625 9.00000000000000000000 7812.00000000000000000000 1348.00000000000000000000 3275.00000000000000000000 1178.00000000000000000000 38.70000076293945312500 -121.26000213623048296085 146600.00000000000000000000
3.40129995346069335938 35.00000000000000000000 1225.00000000000000000000 228.00000000000000000000 720.00000000000000000000 231.00000000000000000000 34.22999954223632812500 -118.43000030517578125000 176500.00000000000000000000
5.06050014495849609375 32.00000000000000000000 3011.00000000000000000000 529.00000000000000000000 1287.00000000000000000000 525.00000000000000000000 34.18000030517578125000 -118.55000305175779828915 311000.00000000000000000000
3.10619997978210449219 19.00000000000000000000 2722.00000000000000000000 479.00000000000000000000 1108.00000000000000000000 430.00000000000000000000 41.63000106811523437500 -122.63999938964843750000 100000.00000000000000000000
1.70000004768371582031 48.00000000000000000000 143.00000000000000000000 41.00000000000000000000 222.00000000000000000000 50.00000000000000000000 33.79000091552734375000 -118.22000122070312500000 104200.00000000000000000000
4.12179994583129882812 35.00000000000000000000 3080.00000000000000000000 642.00000000000000000000 1362.00000000000000000000 623.00000000000000000000 34.15999984741210937500 -118.44000244140623578915 328500.00000000000000000000
1.82990002632141113281 45.00000000000000000000 3723.00000000000000000000 831.00000000000000000000 2256.00000000000000000000 770.00000000000000000000 36.34000015258789062500 -119.30000305175779828915 63100.00000000000000000000
6.08419990539550781250 18.00000000000000000000 921.00000000000000000000 126.00000000000000000000 368.00000000000000000000 120.00000000000000000000 38.25999832153320312500 -121.98999786376951703915 261100.00000000000000000000
4.66279983520507812500 16.00000000000000000000 2604.00000000000000000000 454.00000000000000000000 1696.00000000000000000000 481.00000000000000000000 38.00999832153320312500 -121.90000152587890625000 136000.00000000000000000000
1.20000004768371582031 20.00000000000000000000 37.00000000000000000000 11.00000000000000000000 34.00000000000000000000 8.00000000000000000000 35.31999969482421875000 -119.04000091552734375000 50000.00000000000000000000
1.64499998092651367188 10.00000000000000000000 1145.00000000000000000000 293.00000000000000000000 726.00000000000000000000 251.00000000000000000000 34.13000106811523437500 -117.23000335693359375000 68700.00000000000000000000
7.54879999160766601562 25.00000000000000000000 3745.00000000000000000000 522.00000000000000000000 1648.00000000000000000000 496.00000000000000000000 33.59999847412109375000 -117.66000366210937500000 278100.00000000000000000000
3.71560001373291015625 15.00000000000000000000 2785.00000000000000000000 644.00000000000000000000 1798.00000000000000000000 630.00000000000000000000 32.90000152587890625000 -117.12999725341795453915 175200.00000000000000000000
6.57639980316162109375 17.00000000000000000000 1665.00000000000000000000 247.00000000000000000000 755.00000000000000000000 254.00000000000000000000 33.88999938964843750000 -117.94999694824220171085 349000.00000000000000000000
4.09719991683959960938 37.00000000000000000000 311.00000000000000000000 61.00000000000000000000 171.00000000000000000000 54.00000000000000000000 37.79999923706054687500 -121.19999694824220171085 101800.00000000000000000000
3.62890005111694380346 25.00000000000000000000 1759.00000000000000000000 404.00000000000000000000 1404.00000000000000000000 385.00000000000000000000 33.75999832153320312500 -118.01999664306640625000 195800.00000000000000000000
4.01249980926513671875 20.00000000000000000000 1811.00000000000000000000 352.00000000000000000000 1191.00000000000000000000 327.00000000000000000000 37.81000137329101562500 -121.22000122070312500000 121500.00000000000000000000
4.71049976348876953125 41.00000000000000000000 2237.00000000000000000000 597.00000000000000000000 938.00000000000000000000 523.00000000000000000000 33.86000061035156250000 -118.40000152587890625000 500001.00000000000000000000
4.64060020446777343750 50.00000000000000000000 2501.00000000000000000000 433.00000000000000000000 1050.00000000000000000000 410.00000000000000000000 37.54999923706054687500 -122.31999969482421875000 500001.00000000000000000000
6.56479978561401367188 32.00000000000000000000 2832.00000000000000000000 393.00000000000000000000 1033.00000000000000000000 385.00000000000000000000 34.02999877929687500000 -117.15000152587890625000 237200.00000000000000000000
3.68750000000000000000 15.00000000000000000000 3712.00000000000000000000 1005.00000000000000000000 1888.00000000000000000000 890.00000000000000000000 34.15000152587890625000 -118.25000000000000000000 209600.00000000000000000000
4.56150007247924804688 14.00000000000000000000 5144.00000000000000000000 887.00000000000000000000 2846.00000000000000000000 824.00000000000000000000 34.56000137329101562500 -118.08000183105467328915 137200.00000000000000000000
2.02780008316040039062 31.00000000000000000000 2827.00000000000000000000 1084.00000000000000000000 3107.00000000000000000000 993.00000000000000000000 34.06000137329101562500 -118.30999755859376421085 360000.00000000000000000000
4.13749980926513671875 38.00000000000000000000 1447.00000000000000000000 293.00000000000000000000 1042.00000000000000000000 284.00000000000000000000 34.02999877929687500000 -118.13999938964843750000 211500.00000000000000000000
2.18449997901916503906 34.00000000000000000000 1656.00000000000000000000 328.00000000000000000000 1110.00000000000000000000 332.00000000000000000000 37.22999954223632812500 -120.25000000000000000000 59900.00000000000000000000
4.91179990768432617188 26.00000000000000000000 3087.00000000000000000000 532.00000000000000000000 1597.00000000000000000000 483.00000000000000000000 37.54999923706054687500 -122.02999877929687500000 217300.00000000000000000000
5.00159978866577237255 3.00000000000000000000 9217.00000000000000000000 1522.00000000000000000000 3578.00000000000000000000 1272.00000000000000000000 38.00000000000000000000 -121.73000335693359375000 189100.00000000000000000000
3.08270001411437988281 29.00000000000000000000 4964.00000000000000000000 1056.00000000000000000000 2773.00000000000000000000 1036.00000000000000000000 36.70000076293945312500 -121.65000152587890625000 148100.00000000000000000000
2.69530010223388671875 36.00000000000000000000 1337.00000000000000000000 382.00000000000000000000 1769.00000000000000000000 393.00000000000000000000 33.93000030517578125000 -118.20999908447265625000 121000.00000000000000000000
2.71250009536743208471 35.00000000000000000000 1053.00000000000000000000 263.00000000000000000000 552.00000000000000000000 237.00000000000000000000 36.97999954223632812500 -122.01999664306640625000 217500.00000000000000000000
3.97659993171691894531 14.00000000000000000000 4143.00000000000000000000 656.00000000000000000000 1569.00000000000000000000 629.00000000000000000000 38.43999862670897726957 -122.77999877929687500000 345300.00000000000000000000
3.78130006790161132812 14.00000000000000000000 2313.00000000000000000000 411.00000000000000000000 954.00000000000000000000 397.00000000000000000000 38.34999847412108664457 -122.69999694824220171085 146500.00000000000000000000
2.87500000000000000000 13.00000000000000000000 866.00000000000000000000 252.00000000000000000000 369.00000000000000000000 165.00000000000000000000 37.68999862670897726957 -120.15000152587890625000 70200.00000000000000000000
3.14059996604919433594 43.00000000000000000000 2108.00000000000000000000 456.00000000000000000000 1299.00000000000000000000 447.00000000000000000000 37.75999832153320312500 -122.50000000000000000000 316200.00000000000000000000
6.14629983901977539062 6.00000000000000000000 3526.00000000000000000000 559.00000000000000000000 1378.00000000000000000000 491.00000000000000000000 37.29999923706054687500 -121.76000213623048296085 335500.00000000000000000000
3.15729999542236372534 12.00000000000000000000 5048.00000000000000000000 1122.00000000000000000000 2209.00000000000000000000 1014.00000000000000000000 37.95999908447265625000 -121.98000335693359375000 126700.00000000000000000000
1.50859999656677246094 12.00000000000000000000 1462.00000000000000000000 356.00000000000000000000 1708.00000000000000000000 367.00000000000000000000 36.20999908447265625000 -120.09999847412109375000 64700.00000000000000000000
4.20699977874755859375 42.00000000000000000000 4091.00000000000000000000 757.00000000000000000000 1861.00000000000000000000 771.00000000000000000000 37.63999938964843750000 -122.43000030517578125000 272700.00000000000000000000
3.45830011367797851562 52.00000000000000000000 1353.00000000000000000000 274.00000000000000000000 852.00000000000000000000 306.00000000000000000000 34.15999984741210937500 -118.11000061035156250000 239900.00000000000000000000
2.53949999809265181128 26.00000000000000000000 2296.00000000000000000000 534.00000000000000000000 1777.00000000000000000000 507.00000000000000000000 33.99000167846679687500 -118.12000274658204546085 191000.00000000000000000000
2.24600005149841308594 6.00000000000000000000 2992.00000000000000000000 1194.00000000000000000000 3800.00000000000000000000 1130.00000000000000000000 33.75999832153320312500 -117.87000274658204546085 183300.00000000000000000000
5.12709999084472656250 36.00000000000000000000 2031.00000000000000000000 339.00000000000000000000 817.00000000000000000000 337.00000000000000000000 33.81000137329101562500 -118.37000274658204546085 458300.00000000000000000000
4.07950019836425781250 33.00000000000000000000 3507.00000000000000000000 669.00000000000000000000 1697.00000000000000000000 660.00000000000000000000 37.59999847412108664457 -122.48999786376951703915 270600.00000000000000000000
2.66070008277893066406 30.00000000000000000000 1242.00000000000000000000 338.00000000000000000000 1438.00000000000000000000 325.00000000000000000000 37.31999969482421875000 -121.87999725341795453915 169300.00000000000000000000
4.52080011367797851562 5.00000000000000000000 706.00000000000000000000 203.00000000000000000000 839.00000000000000000000 199.00000000000000000000 33.99000167846679687500 -118.23000335693359375000 165000.00000000000000000000
1.61210000514984130859 41.00000000000000000000 1471.00000000000000000000 469.00000000000000000000 1062.00000000000000000000 413.00000000000000000000 37.79999923706054687500 -122.25000000000000000000 171400.00000000000000000000
2.28909993171691894531 31.00000000000000000000 1860.00000000000000000000 394.00000000000000000000 1848.00000000000000000000 293.00000000000000000000 37.93999862670897726957 -121.48999786376951703915 162500.00000000000000000000
1.84379994869232155530 52.00000000000000000000 1802.00000000000000000000 613.00000000000000000000 2382.00000000000000000000 587.00000000000000000000 34.06999969482421875000 -118.26000213623048296085 185900.00000000000000000000
3.35529994964599609375 7.00000000000000000000 2327.00000000000000000000 490.00000000000000000000 1304.00000000000000000000 445.00000000000000000000 32.70000076293945312500 -117.01000213623048296085 132200.00000000000000000000
3.28679990768432617188 21.00000000000000000000 1724.00000000000000000000 317.00000000000000000000 1006.00000000000000000000 290.00000000000000000000 37.04000091552734375000 -120.25000000000000000000 91700.00000000000000000000
2.39170002937316894531 31.00000000000000000000 1008.00000000000000000000 212.00000000000000000000 453.00000000000000000000 195.00000000000000000000 38.13000106811523437500 -121.29000091552734375000 113500.00000000000000000000
3.12500000000000000000 34.00000000000000000000 2278.00000000000000000000 476.00000000000000000000 1728.00000000000000000000 448.00000000000000000000 34.08000183105468750000 -117.94999694824220171085 154100.00000000000000000000
6.11829996109008789062 49.00000000000000000000 135.00000000000000000000 29.00000000000000000000 86.00000000000000000000 23.00000000000000000000 37.81999969482421875000 -122.29000091552734375000 75000.00000000000000000000
2.02500009536743208471 20.00000000000000000000 5258.00000000000000000000 1514.00000000000000000000 3780.00000000000000000000 1404.00000000000000000000 34.06000137329101562500 -117.26999664306640625000 85700.00000000000000000000
6.63539981842041015625 41.00000000000000000000 3233.00000000000000000000 540.00000000000000000000 1251.00000000000000000000 506.00000000000000000000 37.45000076293945312500 -122.12999725341795453915 500001.00000000000000000000
4.42309999465942382812 16.00000000000000000000 744.00000000000000000000 141.00000000000000000000 311.00000000000000000000 122.00000000000000000000 37.88000106811523437500 -120.41000366210937500000 87500.00000000000000000000
6.21350002288818359375 28.00000000000000000000 2839.00000000000000000000 428.00000000000000000000 1372.00000000000000000000 443.00000000000000000000 37.97000122070312500000 -121.98999786376951703915 217200.00000000000000000000
2.07139992713928222656 19.00000000000000000000 2238.00000000000000000000 573.00000000000000000000 1190.00000000000000000000 507.00000000000000000000 33.75000000000000000000 -116.94999694824220171085 85800.00000000000000000000
1.26180005073547363281 32.00000000000000000000 2620.00000000000000000000 682.00000000000000000000 2375.00000000000000000000 684.00000000000000000000 35.38999938964843750000 -118.98000335693359375000 46900.00000000000000000000
3.75000000000000000000 29.00000000000000000000 1468.00000000000000000000 310.00000000000000000000 1390.00000000000000000000 276.00000000000000000000 34.04000091552734375000 -117.98000335693359375000 190600.00000000000000000000
2.94899988174438476562 17.00000000000000000000 6659.00000000000000000000 1402.00000000000000000000 3183.00000000000000000000 1378.00000000000000000000 32.83000183105468750000 -116.97000122070312500000 117300.00000000000000000000
2.63330006599426269531 41.00000000000000000000 1445.00000000000000000000 410.00000000000000000000 1052.00000000000000000000 388.00000000000000000000 34.29000091552734375000 -119.30000305175779828915 170800.00000000000000000000
2.01090002059936479029 15.00000000000000000000 1945.00000000000000000000 536.00000000000000000000 515.00000000000000000000 273.00000000000000000000 33.40000152587890625000 -115.98999786376951703915 54300.00000000000000000000
4.03789997100830078125 34.00000000000000000000 2142.00000000000000000000 390.00000000000000000000 1305.00000000000000000000 406.00000000000000000000 33.97999954223632812500 -118.05000305175779828915 172800.00000000000000000000
2.29999995231628417969 25.00000000000000000000 2249.00000000000000000000 681.00000000000000000000 2621.00000000000000000000 628.00000000000000000000 33.95999908447265625000 -118.16999816894532671085 164200.00000000000000000000
6.24560022354125976562 13.00000000000000000000 2996.00000000000000000000 495.00000000000000000000 1187.00000000000000000000 464.00000000000000000000 34.09999847412109375000 -117.80000305175779828915 161700.00000000000000000000
8.32520008087158203125 41.00000000000000000000 880.00000000000000000000 129.00000000000000000000 322.00000000000000000000 126.00000000000000000000 37.88000106811523437500 -122.23000335693359375000 452600.00000000000000000000
6.02810001373291015625 18.00000000000000000000 6355.00000000000000000000 1100.00000000000000000000 2304.00000000000000000000 972.00000000000000000000 36.95999908447265625000 -121.87999725341795453915 321100.00000000000000000000
4.69439983367919921875 26.00000000000000000000 3054.00000000000000000000 492.00000000000000000000 1495.00000000000000000000 496.00000000000000000000 38.00999832153320312500 -122.31999969482421875000 171100.00000000000000000000
7.85370016098022460938 22.00000000000000000000 3760.00000000000000000000 482.00000000000000000000 1485.00000000000000000000 461.00000000000000000000 33.90000152587890625000 -117.80000305175779828915 354900.00000000000000000000
2.99819993972778320312 25.00000000000000000000 3794.00000000000000000000 989.00000000000000000000 2454.00000000000000000000 876.00000000000000000000 34.18999862670898437500 -118.38999938964843750000 204200.00000000000000000000
