0.00000000000000000000 0.00000000000000000000 150.00000000000000000000 9.00000000000000000000 19.00000000000000000000 0.20000000298023221101 0.20000000298023221101 2074.00000000000000000000 12320.00000000000000000000 1.00000000000000000000 7306.00000000000000000000 1873272.00000000000000000000 98.00000000000000000000
3.00000000000000000000 0.00000000000000000000 2071.00000000000000000000 226.00000000000000000000 253.00000000000000000000 0.40000000596046447754 0.40000000596046447754 572187.00000000000000000000 483574.00000000000000000000 3.70000004768371582031 124.00000000000000000000 1037978.00000000000000000000 81.00000000000000000000
0.00000000000000000000 0.00000000000000000000 6707.00000000000000000000 278.00000000000000000000 213.00000000000000000000 0.20000000298023221101 0.20000000298023221101 30362.00000000000000000000 148179.00000000000000000000 2.59999990463256835938 135.00000000000000000000 1011721.00000000000000000000 85.00000000000000000000
10.00000000000000000000 9.00000000000000000000 1289.00000000000000000000 144.00000000000000000000 85.00000000000000000000 0.40000000596046447754 0.40000000596046447754 58855.00000000000000000000 28895.00000000000000000000 2.00000000000000000000 685.00000000000000000000 1012931.00000000000000000000 93.00000000000000000000
68.00000000000000000000 81.00000000000000000000 4483.00000000000000000000 538.00000000000000000000 375.00000000000000000000 0.20000000298023221101 0.20000000298023221101 607400.00000000000000000000 196340.00000000000000000000 1.79999995231628417969 137.00000000000000000000 1048723.00000000000000000000 86.00000000000000000000
72.00000000000000000000 79.00000000000000000000 3435.00000000000000000000 381.00000000000000000000 410.00000000000000000000 2.40000009536743208471 2.58999991416931152344 389074.00000000000000000000 487297.00000000000000000000 1.00000000000000000000 199.00000000000000000000 996364.00000000000000000000 73.00000000000000000000
0.00000000000000000000 0.00000000000000000000 463.00000000000000000000 34.00000000000000000000 34.00000000000000000000 0.20000000298023221101 0.20000000298023221101 749.00000000000000000000 7750.00000000000000000000 1.60000002384185791016 4098.00000000000000000000 1776888.00000000000000000000 89.00000000000000000000
13.00000000000000000000 12.00000000000000000000 2434.00000000000000000000 469.00000000000000000000 223.00000000000000000000 0.20000000298023221101 0.20000000298023221101 610383.00000000000000000000 768455.00000000000000000000 1.20000004768371582031 620.00000000000000000000 1045774.00000000000000000000 90.00000000000000000000
34.00000000000000000000 41.00000000000000000000 1784.00000000000000000000 320.00000000000000000000 138.00000000000000000000 1.79999995231628417969 2.40000009536743208471 178145.00000000000000000000 28247.00000000000000000000 3.79999995231628417969 676.00000000000000000000 1066519.00000000000000000000 86.00000000000000000000
8.00000000000000000000 1.00000000000000000000 4687.00000000000000000000 478.00000000000000000000 212.00000000000000000000 1.20000004768371582031 1.39999997615814208984 248995.00000000000000000000 24777.00000000000000000000 3.00000000000000000000 1197.00000000000000000000 1470019.00000000000000000000 87.00000000000000000000
1.00000000000000000000 0.00000000000000000000 1149.00000000000000000000 78.00000000000000000000 64.00000000000000000000 0.20000000298023221101 0.20000000298023221101 26968.00000000000000000000 17900.00000000000000000000 2.70000004768371582031 693.00000000000000000000 1062730.00000000000000000000 95.00000000000000000000
14.00000000000000000000 12.00000000000000000000 903.00000000000000000000 105.00000000000000000000 92.00000000000000000000 0.60000002384185791016 0.80000001192092895508 44847.00000000000000000000 29587.00000000000000000000 1.20000004768371582031 230.00000000000000000000 1016176.00000000000000000000 95.00000000000000000000
0.00000000000000000000 0.00000000000000000000 1945.00000000000000000000 140.00000000000000000000 120.00000000000000000000 0.20000000298023221101 0.20000000298023221101 55721.00000000000000000000 87368.00000000000000000000 1.20000004768371582031 317.00000000000000000000 1753784.00000000000000000000 92.00000000000000000000
22.00000000000000000000 14.00000000000000000000 3398.00000000000000000000 232.00000000000000000000 144.00000000000000000000 5.38999986648559570312 7.38999986648559570312 165777.00000000000000000000 46649.00000000000000000000 1.79999995231628417969 181.00000000000000000000 1015425.00000000000000000000 75.00000000000000000000
62.00000000000000000000 84.00000000000000000000 1034.00000000000000000000 71.00000000000000000000 54.00000000000000000000 0.20000000298023221101 0.20000000298023221101 92170.00000000000000000000 79203.00000000000000000000 2.79999995231628417969 1303.00000000000000000000 1844602.00000000000000000000 95.00000000000000000000
26.00000000000000000000 6.00000000000000000000 7952.00000000000000000000 555.00000000000000000000 470.00000000000000000000 9.19999980926513671875 8.80000019073486328125 417622.00000000000000000000 41813.00000000000000000000 6.40000009536743164062 259.00000000000000000000 1331227.00000000000000000000 60.00000000000000000000
1.00000000000000000000 0.00000000000000000000 3548.00000000000000000000 436.00000000000000000000 166.00000000000000000000 0.40000000596046447754 0.20000000298023221101 499823.00000000000000000000 82427.00000000000000000000 4.59999990463256835938 327.00000000000000000000 976682.00000000000000000000 90.00000000000000000000
1.00000000000000000000 1.00000000000000000000 218.00000000000000000000 29.00000000000000000000 27.00000000000000000000 0.20000000298023221101 0.20000000298023221101 17759.00000000000000000000 14246.00000000000000000000 1.00000000000000000000 8747.00000000000000000000 1835080.00000000000000000000 97.00000000000000000000
11.00000000000000000000 0.00000000000000000000 1118.00000000000000000000 64.00000000000000000000 51.00000000000000000000 3.00000000000000000000 4.59999990463256835938 53934.00000000000000000000 16807.00000000000000000000 2.00000000000000000000 285.00000000000000000000 1070042.00000000000000000000 89.00000000000000000000
4.00000000000000000000 2.00000000000000000000 2550.00000000000000000000 328.00000000000000000000 203.00000000000000000000 0.40000000596046447754 0.40000000596046447754 10001.00000000000000000000 104087.00000000000000000000 2.29999995231628417969 338.00000000000000000000 1069949.00000000000000000000 93.00000000000000000000
7.00000000000000000000 1.00000000000000000000 1821.00000000000000000000 218.00000000000000000000 179.00000000000000000000 0.60000002384185791016 0.60000002384185791016 205863.00000000000000000000 73349.00000000000000000000 2.50000000000000000000 256.00000000000000000000 1099336.00000000000000000000 85.00000000000000000000
8.00000000000000000000 1.00000000000000000000 1714.00000000000000000000 120.00000000000000000000 119.00000000000000000000 2.00000000000000000000 4.00000000000000000000 61411.00000000000000000000 33120.00000000000000000000 2.40000009536743208471 1188.00000000000000000000 1536725.00000000000000000000 89.00000000000000000000
7.00000000000000000000 0.00000000000000000000 2107.00000000000000000000 235.00000000000000000000 154.00000000000000000000 7.21000003814697265625 3.80999994277954101562 132739.00000000000000000000 29310.00000000000000000000 1.00000000000000000000 318.00000000000000000000 1022535.00000000000000000000 81.00000000000000000000
5.00000000000000000000 2.00000000000000000000 4876.00000000000000000000 275.00000000000000000000 188.00000000000000000000 0.40000000596046447754 0.40000000596046447754 95773.00000000000000000000 80962.00000000000000000000 2.20000004768371582031 204.00000000000000000000 1446067.00000000000000000000 92.00000000000000000000
3.00000000000000000000 0.00000000000000000000 1944.00000000000000000000 196.00000000000000000000 103.00000000000000000000 0.40000000596046447754 0.40000000596046447754 369644.00000000000000000000 29704.00000000000000000000 1.00000000000000000000 517.00000000000000000000 975115.00000000000000000000 91.00000000000000000000
0.00000000000000000000 0.00000000000000000000 1081.00000000000000000000 31.00000000000000000000 54.00000000000000000000 0.20000000298023221101 0.20000000298023221101 12142.00000000000000000000 144533.00000000000000000000 1.60000002384185791016 8345.00000000000000000000 1864720.00000000000000000000 97.00000000000000000000
2.00000000000000000000 0.00000000000000000000 2085.00000000000000000000 122.00000000000000000000 90.00000000000000000000 0.40000000596046447754 0.60000002384185791016 56988.00000000000000000000 35006.00000000000000000000 395.00000000000000000000 95.00000000000000000000 5.00000000000000000000 0.00000000000000000000
0.00000000000000000000 0.00000000000000000000 1296.00000000000000000000 83.00000000000000000000 46.00000000000000000000 0.20000000298023221101 0.20000000298023221101 14795.00000000000000000000 12066.00000000000000000000 2.00000000000000000000 301.00000000000000000000 1709544.00000000000000000000 97.00000000000000000000
21.00000000000000000000 3.00000000000000000000 3030.00000000000000000000 287.00000000000000000000 241.00000000000000000000 5.19999980926513671875 2.00000000000000000000 109422.00000000000000000000 9208.00000000000000000000 3.59999990463256835938 2498.00000000000000000000 1407235.00000000000000000000 83.00000000000000000000
10.00000000000000000000 1.00000000000000000000 3851.00000000000000000000 489.00000000000000000000 415.00000000000000000000 7.80000019073486328125 2.20000004768371582031 371419.00000000000000000000 94611.00000000000000000000 2.00000000000000000000 8226.00000000000000000000 1835470.00000000000000000000 72.00000000000000000000
4.00000000000000000000 0.00000000000000000000 3028.00000000000000000000 272.00000000000000000000 172.00000000000000000000 3.40000009536743208471 1.79999995231628417969 233445.00000000000000000000 29012.00000000000000000000 1.60000002384185791016 169.00000000000000000000 1003584.00000000000000000000 84.00000000000000000000
0.00000000000000000000 0.00000000000000000000 2296.00000000000000000000 103.00000000000000000000 67.00000000000000000000 0.40000000596046447754 0.60000002384185791016 77486.00000000000000000000 18974.00000000000000000000 1.20000004768371582031 165.00000000000000000000 1011243.00000000000000000000 92.00000000000000000000
7.00000000000000000000 0.00000000000000000000 2820.00000000000000000000 373.00000000000000000000 332.00000000000000000000 6.80000019073486328125 1.79999995231628417969 173582.00000000000000000000 20888.00000000000000000000 4.19999980926513671875 143.00000000000000000000 1751645.00000000000000000000 75.00000000000000000000
59.00000000000000000000 82.00000000000000000000 1680.00000000000000000000 262.00000000000000000000 174.00000000000000000000 0.40000000596046447754 0.40000000596046447754 985090.00000000000000000000 421929.00000000000000000000 1.79999995231628417969 150.00000000000000000000 1017930.00000000000000000000 83.00000000000000000000
1.00000000000000000000 0.00000000000000000000 4547.00000000000000000000 172.00000000000000000000 138.00000000000000000000 0.20000000298023221101 0.20000000298023221101 8885.00000000000000000000 38067.00000000000000000000 1.00000000000000000000 2287.00000000000000000000 1112656.00000000000000000000 90.00000000000000000000
10.00000000000000000000 4.00000000000000000000 4151.00000000000000000000 483.00000000000000000000 196.00000000000000000000 0.80000001192092895508 2.20000004768371582031 669530.00000000000000000000 439084.00000000000000000000 3.59999990463256835938 860.00000000000000000000 1031340.00000000000000000000 78.00000000000000000000
13.00000000000000000000 9.00000000000000000000 1076.00000000000000000000 119.00000000000000000000 95.00000000000000000000 1.00000000000000000000 0.60000002384185791016 104474.00000000000000000000 56550.00000000000000000000 317.00000000000000000000 89.00000000000000000000 11.00000000000000000000 0.00000000000000000000
3.00000000000000000000 2.00000000000000000000 4108.00000000000000000000 316.00000000000000000000 219.00000000000000000000 0.60000002384185791016 2.19000005722045898438 104272.00000000000000000000 176519.00000000000000000000 1.00000000000000000000 310.00000000000000000000 1000884.00000000000000000000 81.00000000000000000000
7.00000000000000000000 2.00000000000000000000 2570.00000000000000000000 277.00000000000000000000 119.00000000000000000000 2.57999992370605468750 4.36999988555908203125 250167.00000000000000000000 21618.00000000000000000000 1.29999995231628417969 118.00000000000000000000 1123723.00000000000000000000 82.00000000000000000000
3.00000000000000000000 1.00000000000000000000 1875.00000000000000000000 192.00000000000000000000 167.00000000000000000000 0.80000001192092895508 3.58999991416931152344 106247.00000000000000000000 23835.00000000000000000000 1.70000004768371582031 457.00000000000000000000 1089844.00000000000000000000 90.00000000000000000000
6.00000000000000000000 2.00000000000000000000 1965.00000000000000000000 103.00000000000000000000 93.00000000000000000000 2.20000004768371582031 2.40000009536743208471 24422.00000000000000000000 25113.00000000000000000000 1.00000000000000000000 2197.00000000000000000000 1047750.00000000000000000000 87.00000000000000000000
32.00000000000000000000 4.00000000000000000000 3243.00000000000000000000 182.00000000000000000000 140.00000000000000000000 5.19999980926513671875 5.59999990463256835938 337517.00000000000000000000 94832.00000000000000000000 5.59999990463256835938 1300.00000000000000000000 1535309.00000000000000000000 80.00000000000000000000
55.00000000000000000000 52.00000000000000000000 7418.00000000000000000000 2503.00000000000000000000 2485.00000000000000000000 0.80000001192092895508 0.60000002384185791016 39717.00000000000000000000 60613.00000000000000000000 3.40000009536743208471 153.00000000000000000000 971222.00000000000000000000 83.00000000000000000000
421.00000000000000000000 93.00000000000000000000 2399.00000000000000000000 488.00000000000000000000 427.00000000000000000000 1.20000004768371582031 1.39999997615814208984 364724.00000000000000000000 369211.00000000000000000000 1.79999995231628417969 266.00000000000000000000 976278.00000000000000000000 82.00000000000000000000
23.00000000000000000000 17.00000000000000000000 3065.00000000000000000000 233.00000000000000000000 105.00000000000000000000 4.40000009536743164062 13.39999961853027166114 453418.00000000000000000000 47662.00000000000000000000 3.59999990463256835938 425.00000000000000000000 1018480.00000000000000000000 75.00000000000000000000
18.00000000000000000000 1.00000000000000000000 5654.00000000000000000000 1130.00000000000000000000 1089.00000000000000000000 5.19999980926513671875 4.00000000000000000000 967478.00000000000000000000 900948.00000000000000000000 1.70000004768371582031 740.00000000000000000000 1055050.00000000000000000000 72.00000000000000000000
41.00000000000000000000 23.00000000000000000000 4062.00000000000000000000 257.00000000000000000000 153.00000000000000000000 3.20000004768371582031 4.00000000000000000000 389889.00000000000000000000 47269.00000000000000000000 7.00000000000000000000 350.00000000000000000000 1311875.00000000000000000000 78.00000000000000000000
5.00000000000000000000 4.00000000000000000000 1056.00000000000000000000 81.00000000000000000000 68.00000000000000000000 0.20000000298023221101 0.20000000298023221101 5452.00000000000000000000 16180.00000000000000000000 2.00000000000000000000 213.00000000000000000000 1116158.00000000000000000000 94.00000000000000000000
2.00000000000000000000 1.00000000000000000000 2768.00000000000000000000 210.00000000000000000000 232.00000000000000000000 0.40000000596046447754 0.40000000596046447754 320031.00000000000000000000 216650.00000000000000000000 3.79999995231628417969 3419.00000000000000000000 1427370.00000000000000000000 87.00000000000000000000
23.00000000000000000000 36.00000000000000000000 3096.00000000000000000000 149.00000000000000000000 147.00000000000000000000 0.20000000298023221101 0.20000000298023221101 34328.00000000000000000000 42898.00000000000000000000 2.20000004768371582031 1189.00000000000000000000 1720062.00000000000000000000 94.00000000000000000000
2.00000000000000000000 1.00000000000000000000 209.00000000000000000000 22.00000000000000000000 15.00000000000000000000 0.20000000298023221101 0.20000000298023221101 91604.00000000000000000000 9887.00000000000000000000 1.20000004768371582031 8359.00000000000000000000 1866029.00000000000000000000 98.00000000000000000000
1.00000000000000000000 0.00000000000000000000 756.00000000000000000000 44.00000000000000000000 33.00000000000000000000 0.20000000298023221101 0.20000000298023221101 19561.00000000000000000000 13898.00000000000000000000 1.00000000000000000000 520.00000000000000000000 993283.00000000000000000000 97.00000000000000000000
4.00000000000000000000 0.00000000000000000000 2410.00000000000000000000 118.00000000000000000000 98.00000000000000000000 1.00000000000000000000 3.40000009536743208471 115205.00000000000000000000 174195.00000000000000000000 1.00000000000000000000 240.00000000000000000000 1053811.00000000000000000000 89.00000000000000000000
6.00000000000000000000 0.00000000000000000000 1795.00000000000000000000 215.00000000000000000000 122.00000000000000000000 1.00000000000000000000 1.20000004768371582031 174802.00000000000000000000 29322.00000000000000000000 1.70000004768371582031 215.00000000000000000000 1102888.00000000000000000000 91.00000000000000000000
28.00000000000000000000 0.00000000000000000000 4247.00000000000000000000 653.00000000000000000000 620.00000000000000000000 4.19999980926513671875 1.20000004768371582031 535995.00000000000000000000 317269.00000000000000000000 4.40000009536743164062 141.00000000000000000000 1072970.00000000000000000000 75.00000000000000000000
0.00000000000000000000 0.00000000000000000000 175.00000000000000000000 16.00000000000000000000 37.00000000000000000000 0.20000000298023221101 0.20000000298023221101 1239.00000000000000000000 22025.00000000000000000000 1.00000000000000000000 6169.00000000000000000000 1855848.00000000000000000000 99.00000000000000000000
68.00000000000000000000 71.00000000000000000000 2893.00000000000000000000 259.00000000000000000000 102.00000000000000000000 3.00000000000000000000 3.59999990463256835938 317902.00000000000000000000 77606.00000000000000000000 1.00000000000000000000 189.00000000000000000000 972046.00000000000000000000 78.00000000000000000000
40.00000000000000000000 59.00000000000000000000 1416.00000000000000000000 45.00000000000000000000 60.00000000000000000000 0.80000001192092895508 1.00000000000000000000 25327.00000000000000000000 24281.00000000000000000000 1.00000000000000000000 621.00000000000000000000 1056819.00000000000000000000 94.00000000000000000000
1.00000000000000000000 1.00000000000000000000 192.00000000000000000000 16.00000000000000000000 36.00000000000000000000 0.20000000298023221101 0.20000000298023221101 14470.00000000000000000000 26804.00000000000000000000 1.00000000000000000000 8360.00000000000000000000 1864653.00000000000000000000 98.00000000000000000000
3.00000000000000000000 0.00000000000000000000 1905.00000000000000000000 173.00000000000000000000 129.00000000000000000000 1.00000000000000000000 1.00000000000000000000 165380.00000000000000000000 57897.00000000000000000000 1.50000000000000000000 943.00000000000000000000 1045870.00000000000000000000 89.00000000000000000000
7.00000000000000000000 2.00000000000000000000 3855.00000000000000000000 274.00000000000000000000 191.00000000000000000000 1.20000004768371582031 2.00000000000000000000 130110.00000000000000000000 115049.00000000000000000000 3.40000009536743208471 3078.00000000000000000000 1548314.00000000000000000000 89.00000000000000000000
36.00000000000000000000 38.00000000000000000000 3291.00000000000000000000 461.00000000000000000000 336.00000000000000000000 8.80000019073486328125 3.79999995231628417969 265082.00000000000000000000 19912.00000000000000000000 3.00000000000000000000 6445.00000000000000000000 1849002.00000000000000000000 72.00000000000000000000
1.00000000000000000000 0.00000000000000000000 492.00000000000000000000 46.00000000000000000000 75.00000000000000000000 0.60000002384185791016 0.60000002384185791016 15833.00000000000000000000 8868.00000000000000000000 3.00000000000000000000 292.00000000000000000000 1716125.00000000000000000000 96.00000000000000000000
4.00000000000000000000 2.00000000000000000000 3411.00000000000000000000 336.00000000000000000000 164.00000000000000000000 1.20000004768371582031 1.00000000000000000000 131413.00000000000000000000 44494.00000000000000000000 1.00000000000000000000 645.00000000000000000000 1118875.00000000000000000000 85.00000000000000000000
3.00000000000000000000 1.00000000000000000000 546.00000000000000000000 100.00000000000000000000 65.00000000000000000000 2.00000000000000000000 2.00000000000000000000 489966.00000000000000000000 509354.00000000000000000000 2.00000000000000000000 3786.00000000000000000000 1804230.00000000000000000000 83.00000000000000000000
4.00000000000000000000 3.00000000000000000000 2807.00000000000000000000 324.00000000000000000000 177.00000000000000000000 1.20000004768371582031 2.80999994277954101562 31280.00000000000000000000 26717.00000000000000000000 2.59999990463256835938 138.00000000000000000000 1060800.00000000000000000000 90.00000000000000000000
1.00000000000000000000 0.00000000000000000000 2263.00000000000000000000 91.00000000000000000000 84.00000000000000000000 0.20000000298023221101 0.20000000298023221101 100381.00000000000000000000 33249.00000000000000000000 1.20000004768371582031 161.00000000000000000000 1751042.00000000000000000000 94.00000000000000000000
12.00000000000000000000 0.00000000000000000000 3298.00000000000000000000 203.00000000000000000000 127.00000000000000000000 9.19999980926513671875 27.79999923706054687500 254710.00000000000000000000 57313.00000000000000000000 2.00000000000000000000 153.00000000000000000000 1077395.00000000000000000000 70.00000000000000000000
9.00000000000000000000 0.00000000000000000000 4135.00000000000000000000 444.00000000000000000000 433.00000000000000000000 8.39999961853027343750 2.20000004768371582031 232559.00000000000000000000 81621.00000000000000000000 2.79999995231628417969 456.00000000000000000000 1757352.00000000000000000000 76.00000000000000000000
5.00000000000000000000 2.00000000000000000000 929.00000000000000000000 64.00000000000000000000 109.00000000000000000000 1.20000004768371582031 2.79999995231628417969 21100.00000000000000000000 80970.00000000000000000000 1.00000000000000000000 381.00000000000000000000 1059995.00000000000000000000 90.00000000000000000000
0.00000000000000000000 0.00000000000000000000 6450.00000000000000000000 157.00000000000000000000 157.00000000000000000000 0.40000000596046447754 0.60000002384185791016 9174.00000000000000000000 54104.00000000000000000000 1.00000000000000000000 180.00000000000000000000 1017812.00000000000000000000 92.00000000000000000000
4.00000000000000000000 2.00000000000000000000 3984.00000000000000000000 359.00000000000000000000 149.00000000000000000000 0.60000002384185791016 0.40000000596046447754 84511.00000000000000000000 26097.00000000000000000000 1.29999995231628417969 264.00000000000000000000 1102635.00000000000000000000 85.00000000000000000000
3.00000000000000000000 0.00000000000000000000 1372.00000000000000000000 76.00000000000000000000 68.00000000000000000000 0.40000000596046447754 1.79999995231628417969 150618.00000000000000000000 119814.00000000000000000000 2.40000009536743208471 1435.00000000000000000000 1542104.00000000000000000000 97.00000000000000000000
19.00000000000000000000 28.00000000000000000000 184.00000000000000000000 10.00000000000000000000 15.00000000000000000000 0.20000000298023221101 0.20000000298023221101 3477.00000000000000000000 46599.00000000000000000000 1.00000000000000000000 7878.00000000000000000000 1875126.00000000000000000000 98.00000000000000000000
6.00000000000000000000 0.00000000000000000000 1063.00000000000000000000 66.00000000000000000000 48.00000000000000000000 1.39999997615814208984 1.39999997615814208984 156950.00000000000000000000 40098.00000000000000000000 1.00000000000000000000 739.00000000000000000000 1038885.00000000000000000000 91.00000000000000000000
47.00000000000000000000 59.00000000000000000000 414.00000000000000000000 178.00000000000000000000 71.00000000000000000000 0.20000000298023221101 0.20000000298023221101 299254.00000000000000000000 317256.00000000000000000000 2.40000009536743208471 5380.00000000000000000000 1826053.00000000000000000000 93.00000000000000000000
3.00000000000000000000 0.00000000000000000000 408.00000000000000000000 28.00000000000000000000 24.00000000000000000000 2.00000000000000000000 3.59999990463256835938 44853.00000000000000000000 15881.00000000000000000000 1.20000004768371582031 6777.00000000000000000000 1849790.00000000000000000000 91.00000000000000000000
3.00000000000000000000 2.00000000000000000000 4156.00000000000000000000 448.00000000000000000000 230.00000000000000000000 1.00000000000000000000 2.00000000000000000000 275661.00000000000000000000 116795.00000000000000000000 1.00000000000000000000 158.00000000000000000000 1121726.00000000000000000000 78.00000000000000000000
6.00000000000000000000 0.00000000000000000000 1464.00000000000000000000 85.00000000000000000000 50.00000000000000000000 6.00000000000000000000 18.39999961853027699021 7508.00000000000000000000 8182.00000000000000000000 2.00000000000000000000 139.00000000000000000000 1751994.00000000000000000000 86.00000000000000000000
21.00000000000000000000 10.00000000000000000000 3862.00000000000000000000 239.00000000000000000000 266.00000000000000000000 2.40000009536743208471 2.40000009536743208471 111286.00000000000000000000 94229.00000000000000000000 7.19999980926513671875 343.00000000000000000000 1310246.00000000000000000000 88.00000000000000000000
50.00000000000000000000 74.00000000000000000000 2563.00000000000000000000 158.00000000000000000000 149.00000000000000000000 1.39999997615814208984 1.20000004768371582031 29578.00000000000000000000 177680.00000000000000000000 2.59999990463256835938 882.00000000000000000000 1017909.00000000000000000000 86.00000000000000000000
184.00000000000000000000 25.00000000000000000000 3797.00000000000000000000 251.00000000000000000000 240.00000000000000000000 1.79999995231628417969 3.78999996185302734375 150508.00000000000000000000 116593.00000000000000000000 3.40000009536743208471 309.00000000000000000000 1327385.00000000000000000000 88.00000000000000000000
26.00000000000000000000 2.00000000000000000000 5900.00000000000000000000 1094.00000000000000000000 1036.00000000000000000000 5.40000009536743164062 2.59999990463256835938 1143194.00000000000000000000 743917.00000000000000000000 2.00000000000000000000 859.00000000000000000000 1055504.00000000000000000000 68.00000000000000000000
36.00000000000000000000 24.00000000000000000000 4583.00000000000000000000 671.00000000000000000000 262.00000000000000000000 2.79999995231628417969 3.20000004768371582031 248855.00000000000000000000 155439.00000000000000000000 4.19999980926513671875 914.00000000000000000000 1641515.00000000000000000000 73.00000000000000000000
1.00000000000000000000 0.00000000000000000000 297.00000000000000000000 31.00000000000000000000 52.00000000000000000000 0.40000000596046447754 0.40000000596046447754 90793.00000000000000000000 22285.00000000000000000000 1.20000004768371582031 7404.00000000000000000000 1868925.00000000000000000000 97.00000000000000000000
34.00000000000000000000 16.00000000000000000000 2849.00000000000000000000 421.00000000000000000000 367.00000000000000000000 7.40000009536743164062 3.20000004768371582031 272508.00000000000000000000 59603.00000000000000000000 2.79999995231628417969 6234.00000000000000000000 1707322.00000000000000000000 77.00000000000000000000
62.00000000000000000000 77.00000000000000000000 2892.00000000000000000000 164.00000000000000000000 100.00000000000000000000 3.40000009536743208471 5.00000000000000000000 158542.00000000000000000000 45853.00000000000000000000 3.50000000000000000000 258.00000000000000000000 1019354.00000000000000000000 80.00000000000000000000
39.00000000000000000000 54.00000000000000000000 1682.00000000000000000000 129.00000000000000000000 97.00000000000000000000 0.20000000298023221101 0.20000000298023221101 48078.00000000000000000000 29929.00000000000000000000 2.40000009536743208471 1017.00000000000000000000 1071213.00000000000000000000 92.00000000000000000000
4.00000000000000000000 0.00000000000000000000 480.00000000000000000000 79.00000000000000000000 26.00000000000000000000 2.00000000000000000000 2.00000000000000000000 51676.00000000000000000000 49322.00000000000000000000 1.39999997615814208984 7667.00000000000000000000 1869042.00000000000000000000 95.00000000000000000000
4.00000000000000000000 1.00000000000000000000 4855.00000000000000000000 922.00000000000000000000 121.00000000000000000000 1.79999995231628417969 3.80999994277954101562 2486203.00000000000000000000 62381.00000000000000000000 1.00000000000000000000 240.00000000000000000000 1036099.00000000000000000000 77.00000000000000000000
20.00000000000000000000 28.00000000000000000000 360.00000000000000000000 29.00000000000000000000 20.00000000000000000000 0.60000002384185791016 0.60000002384185791016 53449.00000000000000000000 12945.00000000000000000000 1.20000004768371582031 247.00000000000000000000 1756248.00000000000000000000 92.00000000000000000000
110.00000000000000000000 127.00000000000000000000 5176.00000000000000000000 272.00000000000000000000 172.00000000000000000000 0.20000000298023221101 0.20000000298023221101 238224.00000000000000000000 222016.00000000000000000000 3.79999995231628417969 1505.00000000000000000000 1326022.00000000000000000000 87.00000000000000000000
1.00000000000000000000 0.00000000000000000000 1743.00000000000000000000 149.00000000000000000000 150.00000000000000000000 0.40000000596046447754 2.00000000000000000000 64164.00000000000000000000 244496.00000000000000000000 3.00000000000000000000 393.00000000000000000000 1527189.00000000000000000000 93.00000000000000000000
10.00000000000000000000 7.00000000000000000000 3269.00000000000000000000 213.00000000000000000000 106.00000000000000000000 2.20000004768371582031 2.40000009536743208471 301574.00000000000000000000 22453.00000000000000000000 1.00000000000000000000 811.00000000000000000000 973052.00000000000000000000 84.00000000000000000000
0.00000000000000000000 0.00000000000000000000 562.00000000000000000000 62.00000000000000000000 51.00000000000000000000 0.20000000298023221101 0.20000000298023221101 81921.00000000000000000000 98078.00000000000000000000 2.20000004768371582031 311.00000000000000000000 1742392.00000000000000000000 89.00000000000000000000
2.00000000000000000000 0.00000000000000000000 1174.00000000000000000000 231.00000000000000000000 170.00000000000000000000 1.39999997615814208984 1.79999995231628417969 427110.00000000000000000000 115077.00000000000000000000 2.20000004768371582031 2524.00000000000000000000 1730254.00000000000000000000 87.00000000000000000000
3.00000000000000000000 2.00000000000000000000 267.00000000000000000000 35.00000000000000000000 30.00000000000000000000 0.20000000298023221101 0.20000000298023221101 9632.00000000000000000000 14033.00000000000000000000 1.00000000000000000000 647.00000000000000000000 1748749.00000000000000000000 98.00000000000000000000
19.00000000000000000000 16.00000000000000000000 4159.00000000000000000000 287.00000000000000000000 180.00000000000000000000 0.40000000596046447754 0.20000000298023221101 314222.00000000000000000000 142441.00000000000000000000 4.19999980926513671875 199.00000000000000000000 1323206.00000000000000000000 90.00000000000000000000
7.00000000000000000000 5.00000000000000000000 719.00000000000000000000 88.00000000000000000000 96.00000000000000000000 0.80000001192092895508 0.80000001192092895508 26625.00000000000000000000 22985.00000000000000000000 1.50000000000000000000 708.00000000000000000000 991186.00000000000000000000 94.00000000000000000000
7.00000000000000000000 5.00000000000000000000 2049.00000000000000000000 224.00000000000000000000 219.00000000000000000000 0.40000000596046447754 1.79999995231628417969 24158.00000000000000000000 36335.00000000000000000000 1.00000000000000000000 360.00000000000000000000 976131.00000000000000000000 92.00000000000000000000
3.00000000000000000000 0.00000000000000000000 2254.00000000000000000000 107.00000000000000000000 88.00000000000000000000 0.60000002384185791016 2.20000004768371582031 206795.00000000000000000000 72088.00000000000000000000 3.00000000000000000000 990.00000000000000000000 1547120.00000000000000000000 95.00000000000000000000
10.00000000000000000000 3.00000000000000000000 6340.00000000000000000000 208.00000000000000000000 154.00000000000000000000 1.00000000000000000000 1.39999997615814208984 171628.00000000000000000000 167282.00000000000000000000 2.79999995231628417969 3816.00000000000000000000 1338878.00000000000000000000 82.00000000000000000000
1.00000000000000000000 0.00000000000000000000 2875.00000000000000000000 153.00000000000000000000 109.00000000000000000000 0.40000000596046447754 0.60000002384185791016 16975.00000000000000000000 115588.00000000000000000000 2.00000000000000000000 4655.00000000000000000000 1731736.00000000000000000000 90.00000000000000000000
1.00000000000000000000 0.00000000000000000000 4611.00000000000000000000 353.00000000000000000000 201.00000000000000000000 0.60000002384185791016 0.80000001192092895508 37316.00000000000000000000 207873.00000000000000000000 1.00000000000000000000 238.00000000000000000000 997613.00000000000000000000 87.00000000000000000000
18.00000000000000000000 26.00000000000000000000 1425.00000000000000000000 83.00000000000000000000 50.00000000000000000000 2.60999989509582519531 2.40000009536743208471 177846.00000000000000000000 24584.00000000000000000000 1.00000000000000000000 8610.00000000000000000000 1870708.00000000000000000000 89.00000000000000000000
5.00000000000000000000 1.00000000000000000000 2122.00000000000000000000 144.00000000000000000000 142.00000000000000000000 1.00000000000000000000 2.20000004768371582031 158643.00000000000000000000 53503.00000000000000000000 5.59999990463256835938 2202.00000000000000000000 1369078.00000000000000000000 91.00000000000000000000
31.00000000000000000000 0.00000000000000000000 1033.00000000000000000000 174.00000000000000000000 73.00000000000000000000 0.80000001192092895508 0.80000001192092895508 506006.00000000000000000000 16902.00000000000000000000 3.79999995231628417969 389.00000000000000000000 1718456.00000000000000000000 90.00000000000000000000
31.00000000000000000000 23.00000000000000000000 1443.00000000000000000000 71.00000000000000000000 49.00000000000000000000 1.79999995231628417969 1.79999995231628417969 69060.00000000000000000000 15791.00000000000000000000 2.59999990463256835938 4697.00000000000000000000 1670915.00000000000000000000 93.00000000000000000000
1.00000000000000000000 0.00000000000000000000 905.00000000000000000000 63.00000000000000000000 37.00000000000000000000 1.00000000000000000000 1.39999997615814208984 74842.00000000000000000000 14846.00000000000000000000 1.00000000000000000000 1712.00000000000000000000 1009738.00000000000000000000 94.00000000000000000000
1.00000000000000000000 0.00000000000000000000 2164.00000000000000000000 166.00000000000000000000 167.00000000000000000000 0.60000002384185791016 2.40000009536743208471 249529.00000000000000000000 93523.00000000000000000000 1.00000000000000000000 2728.00000000000000000000 1051227.00000000000000000000 93.00000000000000000000
2.00000000000000000000 2.00000000000000000000 1935.00000000000000000000 280.00000000000000000000 274.00000000000000000000 0.40000000596046447754 1.39999997615814208984 57186.00000000000000000000 32631.00000000000000000000 1.70000004768371582031 552.00000000000000000000 1045416.00000000000000000000 93.00000000000000000000
0.00000000000000000000 0.00000000000000000000 825.00000000000000000000 51.00000000000000000000 59.00000000000000000000 0.20000000298023221101 0.20000000298023221101 20908.00000000000000000000 151062.00000000000000000000 2.00000000000000000000 6429.00000000000000000000 1849358.00000000000000000000 94.00000000000000000000
31.00000000000000000000 39.00000000000000000000 3019.00000000000000000000 206.00000000000000000000 123.00000000000000000000 0.80000001192092895508 2.40000009536743208471 13540.00000000000000000000 50987.00000000000000000000 1.29999995231628417969 529.00000000000000000000 1077454.00000000000000000000 91.00000000000000000000
5.00000000000000000000 2.00000000000000000000 3380.00000000000000000000 361.00000000000000000000 186.00000000000000000000 2.40000009536743208471 1.20000004768371582031 162994.00000000000000000000 58649.00000000000000000000 1.00000000000000000000 331.00000000000000000000 972947.00000000000000000000 83.00000000000000000000
11.00000000000000000000 16.00000000000000000000 136.00000000000000000000 10.00000000000000000000 19.00000000000000000000 0.20000000298023221101 0.20000000298023221101 426.00000000000000000000 14960.00000000000000000000 1.00000000000000000000 8504.00000000000000000000 1862603.00000000000000000000 98.00000000000000000000
39.00000000000000000000 35.00000000000000000000 4535.00000000000000000000 431.00000000000000000000 217.00000000000000000000 1.79999995231628417969 3.78999996185302734375 460699.00000000000000000000 84909.00000000000000000000 3.59999990463256835938 247.00000000000000000000 1031990.00000000000000000000 77.00000000000000000000
22.00000000000000000000 29.00000000000000000000 1049.00000000000000000000 38.00000000000000000000 91.00000000000000000000 0.40000000596046447754 0.40000000596046447754 20253.00000000000000000000 382942.00000000000000000000 1.20000004768371582031 8378.00000000000000000000 1865056.00000000000000000000 93.00000000000000000000
20.00000000000000000000 27.00000000000000000000 1359.00000000000000000000 268.00000000000000000000 179.00000000000000000000 1.20000004768371582031 2.40000009536743208471 172460.00000000000000000000 22644.00000000000000000000 3.00000000000000000000 404.00000000000000000000 1712434.00000000000000000000 91.00000000000000000000
17.00000000000000000000 16.00000000000000000000 2075.00000000000000000000 135.00000000000000000000 79.00000000000000000000 0.20000000298023221101 0.20000000298023221101 11362.00000000000000000000 23344.00000000000000000000 1.00000000000000000000 1113.00000000000000000000 1081611.00000000000000000000 90.00000000000000000000
1.00000000000000000000 0.00000000000000000000 275.00000000000000000000 31.00000000000000000000 29.00000000000000000000 0.40000000596046447754 0.40000000596046447754 87930.00000000000000000000 8388.00000000000000000000 1.20000004768371582031 1220.00000000000000000000 1756311.00000000000000000000 97.00000000000000000000
234.00000000000000000000 88.00000000000000000000 3259.00000000000000000000 483.00000000000000000000 287.00000000000000000000 6.38999986648559570312 17.17000007629394531250 1023657.00000000000000000000 222304.00000000000000000000 4.19999980926513671875 425.00000000000000000000 1088819.00000000000000000000 69.00000000000000000000
29.00000000000000000000 38.00000000000000000000 4259.00000000000000000000 249.00000000000000000000 175.00000000000000000000 1.00000000000000000000 2.59999990463256835938 311298.00000000000000000000 226466.00000000000000000000 5.19999980926513671875 3500.00000000000000000000 1332434.00000000000000000000 86.00000000000000000000
43.00000000000000000000 59.00000000000000000000 3305.00000000000000000000 119.00000000000000000000 90.00000000000000000000 0.40000000596046447754 0.60000002384185791016 34432.00000000000000000000 20538.00000000000000000000 1.00000000000000000000 181.00000000000000000000 1015472.00000000000000000000 93.00000000000000000000
1.00000000000000000000 0.00000000000000000000 5181.00000000000000000000 281.00000000000000000000 144.00000000000000000000 0.40000000596046447754 0.40000000596046447754 319646.00000000000000000000 68764.00000000000000000000 1.00000000000000000000 161.00000000000000000000 1026603.00000000000000000000 86.00000000000000000000
0.00000000000000000000 0.00000000000000000000 2288.00000000000000000000 61.00000000000000000000 60.00000000000000000000 0.20000000298023221101 0.20000000298023221101 22154.00000000000000000000 28667.00000000000000000000 2.59999990463256835938 521.00000000000000000000 1759688.00000000000000000000 96.00000000000000000000
1.00000000000000000000 0.00000000000000000000 872.00000000000000000000 77.00000000000000000000 54.00000000000000000000 0.20000000298023221101 0.20000000298023221101 3152.00000000000000000000 21336.00000000000000000000 1.60000002384185791016 395.00000000000000000000 1016512.00000000000000000000 97.00000000000000000000
2.00000000000000000000 1.00000000000000000000 248.00000000000000000000 16.00000000000000000000 22.00000000000000000000 0.40000000596046447754 0.40000000596046447754 7334.00000000000000000000 9807.00000000000000000000 1.00000000000000000000 7550.00000000000000000000 1870232.00000000000000000000 97.00000000000000000000
0.00000000000000000000 0.00000000000000000000 221.00000000000000000000 31.00000000000000000000 31.00000000000000000000 0.20000000298023221101 0.20000000298023221101 15128.00000000000000000000 19723.00000000000000000000 1.00000000000000000000 661.00000000000000000000 1734496.00000000000000000000 96.00000000000000000000
24.00000000000000000000 11.00000000000000000000 4818.00000000000000000000 143.00000000000000000000 84.00000000000000000000 2.59999990463256835938 8.19999980926513671875 372082.00000000000000000000 92551.00000000000000000000 3.40000009536743208471 978.00000000000000000000 1541931.00000000000000000000 76.00000000000000000000
11.00000000000000000000 2.00000000000000000000 2463.00000000000000000000 113.00000000000000000000 135.00000000000000000000 0.20000000298023221101 0.40000000596046447754 175415.00000000000000000000 121252.00000000000000000000 2.29999995231628417969 326.00000000000000000000 1065201.00000000000000000000 93.00000000000000000000
2.00000000000000000000 1.00000000000000000000 1061.00000000000000000000 109.00000000000000000000 50.00000000000000000000 1.20000004768371582031 1.39999997615814208984 231092.00000000000000000000 10300.00000000000000000000 2.79999995231628417969 155.00000000000000000000 1710000.00000000000000000000 93.00000000000000000000
3.00000000000000000000 0.00000000000000000000 1266.00000000000000000000 192.00000000000000000000 169.00000000000000000000 3.59999990463256835938 1.00000000000000000000 90502.00000000000000000000 9050.00000000000000000000 1.39999997615814208984 403.00000000000000000000 1757090.00000000000000000000 90.00000000000000000000
28.00000000000000000000 14.00000000000000000000 6780.00000000000000000000 255.00000000000000000000 145.00000000000000000000 2.79999995231628417969 3.79999995231628417969 149186.00000000000000000000 69030.00000000000000000000 3.59999990463256835938 864.00000000000000000000 1642715.00000000000000000000 74.00000000000000000000
5.00000000000000000000 0.00000000000000000000 1891.00000000000000000000 107.00000000000000000000 86.00000000000000000000 0.60000002384185791016 0.60000002384185791016 99766.00000000000000000000 32066.00000000000000000000 1.50000000000000000000 271.00000000000000000000 1081690.00000000000000000000 93.00000000000000000000
47.00000000000000000000 0.00000000000000000000 2735.00000000000000000000 104.00000000000000000000 81.00000000000000000000 12.22000026702880859375 36.27000045776367187500 70870.00000000000000000000 43520.00000000000000000000 1.79999995231628417969 208.00000000000000000000 1097988.00000000000000000000 65.00000000000000000000
4.00000000000000000000 1.00000000000000000000 702.00000000000000000000 93.00000000000000000000 99.00000000000000000000 0.80000001192092895508 0.60000002384185791016 4112.00000000000000000000 34632.00000000000000000000 1.00000000000000000000 412.00000000000000000000 1092226.00000000000000000000 94.00000000000000000000
52.00000000000000000000 1.00000000000000000000 2405.00000000000000000000 203.00000000000000000000 131.00000000000000000000 13.19999980926513671875 37.79999923706054687500 263363.00000000000000000000 43204.00000000000000000000 2.79999995231628417969 316.00000000000000000000 1096304.00000000000000000000 62.00000000000000000000
8.00000000000000000000 3.00000000000000000000 4100.00000000000000000000 391.00000000000000000000 383.00000000000000000000 1.20000004768371582031 1.60000002384185791016 259796.00000000000000000000 75883.00000000000000000000 2.79999995231628417969 2054.00000000000000000000 1551126.00000000000000000000 84.00000000000000000000
10.00000000000000000000 7.00000000000000000000 3275.00000000000000000000 208.00000000000000000000 186.00000000000000000000 0.20000000298023221101 0.20000000298023221101 269437.00000000000000000000 167708.00000000000000000000 1.00000000000000000000 280.00000000000000000000 1129741.00000000000000000000 87.00000000000000000000
7.00000000000000000000 4.00000000000000000000 1213.00000000000000000000 64.00000000000000000000 56.00000000000000000000 0.60000002384185791016 0.40000000596046447754 9159.00000000000000000000 27622.00000000000000000000 387.00000000000000000000 96.00000000000000000000 4.00000000000000000000 0.00000000000000000000
14.00000000000000000000 21.00000000000000000000 1191.00000000000000000000 93.00000000000000000000 51.00000000000000000000 0.20000000298023221101 0.20000000298023221101 3079.00000000000000000000 5915.00000000000000000000 1.79999995231628417969 657.00000000000000000000 1759232.00000000000000000000 91.00000000000000000000
1.00000000000000000000 1.00000000000000000000 5073.00000000000000000000 405.00000000000000000000 176.00000000000000000000 0.60000002384185791016 2.00000000000000000000 437640.00000000000000000000 205496.00000000000000000000 3.79999995231628417969 2180.00000000000000000000 988968.00000000000000000000 86.00000000000000000000
3.00000000000000000000 2.00000000000000000000 1067.00000000000000000000 38.00000000000000000000 47.00000000000000000000 0.20000000298023221101 0.20000000298023221101 3671.00000000000000000000 26017.00000000000000000000 353.00000000000000000000 95.00000000000000000000 5.00000000000000000000 0.00000000000000000000
21.00000000000000000000 29.00000000000000000000 524.00000000000000000000 76.00000000000000000000 37.00000000000000000000 1.20000004768371582031 0.60000002384185791016 389758.00000000000000000000 20490.00000000000000000000 1.79999995231628417969 7410.00000000000000000000 1868656.00000000000000000000 92.00000000000000000000
14.00000000000000000000 18.00000000000000000000 1659.00000000000000000000 78.00000000000000000000 68.00000000000000000000 0.20000000298023221101 0.20000000298023221101 43191.00000000000000000000 31299.00000000000000000000 1.39999997615814208984 278.00000000000000000000 1750906.00000000000000000000 95.00000000000000000000
15.00000000000000000000 12.00000000000000000000 1613.00000000000000000000 154.00000000000000000000 112.00000000000000000000 0.40000000596046447754 1.79999995231628417969 23200.00000000000000000000 23589.00000000000000000000 1.60000002384185791016 149.00000000000000000000 972920.00000000000000000000 92.00000000000000000000
51.00000000000000000000 71.00000000000000000000 4254.00000000000000000000 276.00000000000000000000 244.00000000000000000000 0.60000002384185791016 1.00000000000000000000 358561.00000000000000000000 356424.00000000000000000000 1.00000000000000000000 317.00000000000000000000 1006596.00000000000000000000 77.00000000000000000000
6.00000000000000000000 4.00000000000000000000 3360.00000000000000000000 291.00000000000000000000 248.00000000000000000000 1.20000004768371582031 2.78999996185302778784 149886.00000000000000000000 83802.00000000000000000000 1.29999995231628417969 991.00000000000000000000 1042996.00000000000000000000 84.00000000000000000000
1.00000000000000000000 0.00000000000000000000 2416.00000000000000000000 152.00000000000000000000 179.00000000000000000000 0.20000000298023221101 0.20000000298023221101 92732.00000000000000000000 20397.00000000000000000000 3.00000000000000000000 4011.00000000000000000000 1721176.00000000000000000000 91.00000000000000000000
8.00000000000000000000 0.00000000000000000000 1803.00000000000000000000 367.00000000000000000000 300.00000000000000000000 0.20000000298023221101 0.20000000298023221101 516137.00000000000000000000 229603.00000000000000000000 1.20000004768371582031 130.00000000000000000000 1044431.00000000000000000000 89.00000000000000000000
39.00000000000000000000 48.00000000000000000000 3006.00000000000000000000 235.00000000000000000000 235.00000000000000000000 2.79999995231628417969 1.00000000000000000000 110395.00000000000000000000 14018.00000000000000000000 3.40000009536743208471 4526.00000000000000000000 1720122.00000000000000000000 87.00000000000000000000
12.00000000000000000000 11.00000000000000000000 322.00000000000000000000 104.00000000000000000000 41.00000000000000000000 0.20000000298023221101 0.20000000298023221101 226226.00000000000000000000 150259.00000000000000000000 3.40000009536743208471 1417.00000000000000000000 1757259.00000000000000000000 98.00000000000000000000
6.00000000000000000000 4.00000000000000000000 3096.00000000000000000000 226.00000000000000000000 119.00000000000000000000 0.80000001192092895508 1.39999997615814208984 300310.00000000000000000000 78270.00000000000000000000 6.59999990463256835938 143.00000000000000000000 1585784.00000000000000000000 91.00000000000000000000
6.00000000000000000000 2.00000000000000000000 2501.00000000000000000000 155.00000000000000000000 229.00000000000000000000 2.00000000000000000000 3.20000004768371582031 177296.00000000000000000000 56976.00000000000000000000 1.29999995231628417969 1089.00000000000000000000 1052451.00000000000000000000 85.00000000000000000000
0.00000000000000000000 0.00000000000000000000 1136.00000000000000000000 36.00000000000000000000 35.00000000000000000000 0.20000000298023221101 0.20000000298023221101 1376.00000000000000000000 15696.00000000000000000000 1.00000000000000000000 1838.00000000000000000000 1756040.00000000000000000000 96.00000000000000000000
4.00000000000000000000 1.00000000000000000000 2463.00000000000000000000 97.00000000000000000000 107.00000000000000000000 0.20000000298023221101 0.20000000298023221101 156305.00000000000000000000 197606.00000000000000000000 2.20000004768371582031 1266.00000000000000000000 1543440.00000000000000000000 96.00000000000000000000
3.00000000000000000000 0.00000000000000000000 1777.00000000000000000000 146.00000000000000000000 85.00000000000000000000 1.00000000000000000000 1.39999997615814208984 61198.00000000000000000000 40040.00000000000000000000 1.29999995231628417969 457.00000000000000000000 1058109.00000000000000000000 90.00000000000000000000
23.00000000000000000000 7.00000000000000000000 3293.00000000000000000000 228.00000000000000000000 198.00000000000000000000 2.59999990463256835938 1.00000000000000000000 162726.00000000000000000000 101353.00000000000000000000 2.79999995231628417969 3139.00000000000000000000 1547168.00000000000000000000 87.00000000000000000000
3.00000000000000000000 1.00000000000000000000 393.00000000000000000000 43.00000000000000000000 17.00000000000000000000 2.00000000000000000000 2.00000000000000000000 94596.00000000000000000000 20335.00000000000000000000 1.20000004768371582031 11813.00000000000000000000 1883888.00000000000000000000 89.00000000000000000000
19.00000000000000000000 17.00000000000000000000 5367.00000000000000000000 374.00000000000000000000 258.00000000000000000000 1.20000004768371582031 1.00000000000000000000 359434.00000000000000000000 97984.00000000000000000000 1.29999995231628417969 145.00000000000000000000 1002831.00000000000000000000 73.00000000000000000000
3.00000000000000000000 0.00000000000000000000 2262.00000000000000000000 479.00000000000000000000 120.00000000000000000000 0.60000002384185791016 1.00000000000000000000 297491.00000000000000000000 357051.00000000000000000000 2.79999995231628417969 989.00000000000000000000 1547722.00000000000000000000 90.00000000000000000000
9.00000000000000000000 1.00000000000000000000 2503.00000000000000000000 345.00000000000000000000 279.00000000000000000000 3.99000000953674316406 1.20000004768371582031 104620.00000000000000000000 30990.00000000000000000000 2.00000000000000000000 911.00000000000000000000 971214.00000000000000000000 86.00000000000000000000
1.00000000000000000000 1.00000000000000000000 1597.00000000000000000000 100.00000000000000000000 92.00000000000000000000 0.60000002384185791016 0.60000002384185791016 6122.00000000000000000000 38458.00000000000000000000 1.00000000000000000000 362.00000000000000000000 1752271.00000000000000000000 97.00000000000000000000
4.00000000000000000000 4.00000000000000000000 517.00000000000000000000 109.00000000000000000000 40.00000000000000000000 0.40000000596046447754 0.40000000596046447754 138351.00000000000000000000 146506.00000000000000000000 3.00000000000000000000 1098.00000000000000000000 1749926.00000000000000000000 97.00000000000000000000
54.00000000000000000000 69.00000000000000000000 1720.00000000000000000000 143.00000000000000000000 105.00000000000000000000 0.80000001192092895508 1.20000004768371582031 175782.00000000000000000000 34995.00000000000000000000 594.00000000000000000000 88.00000000000000000000 12.00000000000000000000 0.00000000000000000000
23.00000000000000000000 4.00000000000000000000 3124.00000000000000000000 386.00000000000000000000 348.00000000000000000000 7.61999988555908203125 5.80999994277954101562 303675.00000000000000000000 195796.00000000000000000000 3.00000000000000000000 152.00000000000000000000 1045831.00000000000000000000 78.00000000000000000000
2.00000000000000000000 1.00000000000000000000 212.00000000000000000000 18.00000000000000000000 17.00000000000000000000 0.40000000596046447754 1.39999997615814208984 16919.00000000000000000000 6130.00000000000000000000 1.20000004768371582031 7257.00000000000000000000 1867125.00000000000000000000 97.00000000000000000000
6.00000000000000000000 1.00000000000000000000 1084.00000000000000000000 81.00000000000000000000 87.00000000000000000000 0.80000001192092895508 2.59999990463256835938 36715.00000000000000000000 92172.00000000000000000000 2.79999995231628417969 1029.00000000000000000000 1544618.00000000000000000000 94.00000000000000000000
0.00000000000000000000 0.00000000000000000000 278.00000000000000000000 25.00000000000000000000 49.00000000000000000000 0.20000000298023221101 0.20000000298023221101 28634.00000000000000000000 39878.00000000000000000000 1.00000000000000000000 2981.00000000000000000000 1769748.00000000000000000000 93.00000000000000000000
15.00000000000000000000 14.00000000000000000000 681.00000000000000000000 97.00000000000000000000 60.00000000000000000000 0.60000002384185791016 2.40000009536743208471 36367.00000000000000000000 35582.00000000000000000000 1.00000000000000000000 801.00000000000000000000 1016639.00000000000000000000 95.00000000000000000000
4.00000000000000000000 1.00000000000000000000 5370.00000000000000000000 251.00000000000000000000 150.00000000000000000000 2.40000009536743208471 4.00000000000000000000 183113.00000000000000000000 60491.00000000000000000000 2.79999995231628417969 1386.00000000000000000000 1390003.00000000000000000000 85.00000000000000000000
15.00000000000000000000 14.00000000000000000000 526.00000000000000000000 81.00000000000000000000 48.00000000000000000000 0.40000000596046447754 0.60000002384185791016 115860.00000000000000000000 129640.00000000000000000000 3.59999990463256835938 909.00000000000000000000 1748992.00000000000000000000 96.00000000000000000000
1.00000000000000000000 1.00000000000000000000 7191.00000000000000000000 767.00000000000000000000 1001.00000000000000000000 0.20000000298023221101 0.20000000298023221101 15110.00000000000000000000 50051.00000000000000000000 2.50000000000000000000 221.00000000000000000000 1017670.00000000000000000000 77.00000000000000000000
11.00000000000000000000 4.00000000000000000000 3344.00000000000000000000 175.00000000000000000000 106.00000000000000000000 1.79999995231628417969 7.00000000000000000000 170377.00000000000000000000 98441.00000000000000000000 4.80000019073486328125 2977.00000000000000000000 1546898.00000000000000000000 89.00000000000000000000
4.00000000000000000000 2.00000000000000000000 879.00000000000000000000 95.00000000000000000000 56.00000000000000000000 0.60000002384185791016 0.60000002384185791016 229339.00000000000000000000 14622.00000000000000000000 2.00000000000000000000 577.00000000000000000000 1015192.00000000000000000000 94.00000000000000000000
2.00000000000000000000 1.00000000000000000000 986.00000000000000000000 73.00000000000000000000 54.00000000000000000000 0.20000000298023221101 0.20000000298023221101 5562.00000000000000000000 23881.00000000000000000000 2.29999995231628417969 217.00000000000000000000 1013784.00000000000000000000 96.00000000000000000000
1.00000000000000000000 0.00000000000000000000 433.00000000000000000000 72.00000000000000000000 108.00000000000000000000 0.20000000298023221101 0.20000000298023221101 41766.00000000000000000000 51175.00000000000000000000 3.00000000000000000000 511.00000000000000000000 1715755.00000000000000000000 95.00000000000000000000
15.00000000000000000000 22.00000000000000000000 261.00000000000000000000 44.00000000000000000000 28.00000000000000000000 0.20000000298023221101 0.20000000298023221101 93708.00000000000000000000 38179.00000000000000000000 1.00000000000000000000 7233.00000000000000000000 1847203.00000000000000000000 95.00000000000000000000
1.00000000000000000000 1.00000000000000000000 194.00000000000000000000 12.00000000000000000000 24.00000000000000000000 0.20000000298023221101 0.20000000298023221101 10678.00000000000000000000 11991.00000000000000000000 1.00000000000000000000 7385.00000000000000000000 1874944.00000000000000000000 99.00000000000000000000
1.00000000000000000000 0.00000000000000000000 859.00000000000000000000 84.00000000000000000000 72.00000000000000000000 0.20000000298023221101 0.20000000298023221101 12240.00000000000000000000 28445.00000000000000000000 4.80000019073486328125 139.00000000000000000000 1089118.00000000000000000000 95.00000000000000000000
28.00000000000000000000 21.00000000000000000000 2482.00000000000000000000 200.00000000000000000000 100.00000000000000000000 5.76999998092651367188 3.98000001907348632812 33090.00000000000000000000 44927.00000000000000000000 2.00000000000000000000 743.00000000000000000000 985194.00000000000000000000 84.00000000000000000000
7.00000000000000000000 3.00000000000000000000 398.00000000000000000000 28.00000000000000000000 23.00000000000000000000 2.40000009536743208471 2.00000000000000000000 29854.00000000000000000000 24869.00000000000000000000 1.00000000000000000000 2690.00000000000000000000 1775247.00000000000000000000 92.00000000000000000000
121.00000000000000000000 112.00000000000000000000 5068.00000000000000000000 438.00000000000000000000 338.00000000000000000000 4.59999990463256835938 1.60000002384185791016 287559.00000000000000000000 161177.00000000000000000000 3.79999995231628417969 4462.00000000000000000000 1335558.00000000000000000000 77.00000000000000000000
4.00000000000000000000 0.00000000000000000000 1267.00000000000000000000 174.00000000000000000000 156.00000000000000000000 3.20000004768371582031 1.00000000000000000000 86918.00000000000000000000 10248.00000000000000000000 2.00000000000000000000 7374.00000000000000000000 1865027.00000000000000000000 91.00000000000000000000
1.00000000000000000000 1.00000000000000000000 444.00000000000000000000 18.00000000000000000000 31.00000000000000000000 0.20000000298023221101 0.20000000298023221101 6233.00000000000000000000 119597.00000000000000000000 1.00000000000000000000 8440.00000000000000000000 1837168.00000000000000000000 98.00000000000000000000
41.00000000000000000000 59.00000000000000000000 2423.00000000000000000000 135.00000000000000000000 83.00000000000000000000 0.20000000298023221101 0.20000000298023221101 153542.00000000000000000000 31762.00000000000000000000 1.60000002384185791016 233.00000000000000000000 982238.00000000000000000000 89.00000000000000000000
1.00000000000000000000 1.00000000000000000000 1075.00000000000000000000 146.00000000000000000000 59.00000000000000000000 0.40000000596046447754 0.40000000596046447754 441386.00000000000000000000 64385.00000000000000000000 1.00000000000000000000 159.00000000000000000000 1023106.00000000000000000000 92.00000000000000000000
7.00000000000000000000 6.00000000000000000000 1426.00000000000000000000 146.00000000000000000000 134.00000000000000000000 0.60000002384185791016 0.40000000596046447754 14599.00000000000000000000 33493.00000000000000000000 1.70000004768371582031 178.00000000000000000000 1098067.00000000000000000000 89.00000000000000000000
2.00000000000000000000 1.00000000000000000000 214.00000000000000000000 44.00000000000000000000 28.00000000000000000000 0.20000000298023221101 0.20000000298023221101 10304.00000000000000000000 7695.00000000000000000000 1.20000004768371582031 7102.00000000000000000000 1847088.00000000000000000000 98.00000000000000000000
2.00000000000000000000 1.00000000000000000000 1438.00000000000000000000 171.00000000000000000000 129.00000000000000000000 0.40000000596046447754 1.39999997615814208984 21961.00000000000000000000 19207.00000000000000000000 1.60000002384185791016 992.00000000000000000000 1129921.00000000000000000000 94.00000000000000000000
7.00000000000000000000 3.00000000000000000000 1631.00000000000000000000 203.00000000000000000000 199.00000000000000000000 1.79999995231628417969 6.59999990463256835938 83523.00000000000000000000 22114.00000000000000000000 2.50000000000000000000 801.00000000000000000000 1048598.00000000000000000000 88.00000000000000000000
18.00000000000000000000 14.00000000000000000000 1405.00000000000000000000 97.00000000000000000000 75.00000000000000000000 0.80000001192092895508 0.80000001192092895508 281552.00000000000000000000 44324.00000000000000000000 3.40000009536743208471 613.00000000000000000000 1514861.00000000000000000000 93.00000000000000000000
40.00000000000000000000 34.00000000000000000000 4017.00000000000000000000 219.00000000000000000000 151.00000000000000000000 1.39999997615814208984 4.40000009536743164062 471335.00000000000000000000 293032.00000000000000000000 4.59999990463256835938 1505.00000000000000000000 1323968.00000000000000000000 89.00000000000000000000
33.00000000000000000000 47.00000000000000000000 2055.00000000000000000000 204.00000000000000000000 116.00000000000000000000 1.60000002384185791016 3.21000003814697265625 119329.00000000000000000000 25799.00000000000000000000 1.00000000000000000000 542.00000000000000000000 1097457.00000000000000000000 86.00000000000000000000
22.00000000000000000000 33.00000000000000000000 1157.00000000000000000000 59.00000000000000000000 50.00000000000000000000 0.20000000298023221101 0.20000000298023221101 87024.00000000000000000000 13503.00000000000000000000 1.60000002384185791016 953.00000000000000000000 1760301.00000000000000000000 92.00000000000000000000
18.00000000000000000000 2.00000000000000000000 2535.00000000000000000000 332.00000000000000000000 162.00000000000000000000 3.79999995231628417969 3.79999995231628417969 535709.00000000000000000000 83384.00000000000000000000 5.59999990463256835938 548.00000000000000000000 1298520.00000000000000000000 86.00000000000000000000
2.00000000000000000000 0.00000000000000000000 362.00000000000000000000 30.00000000000000000000 34.00000000000000000000 1.60000002384185791016 1.60000002384185791016 44893.00000000000000000000 35162.00000000000000000000 1.39999997615814208984 2467.00000000000000000000 1817001.00000000000000000000 86.00000000000000000000
5.00000000000000000000 4.00000000000000000000 1529.00000000000000000000 175.00000000000000000000 101.00000000000000000000 0.20000000298023221101 0.20000000298023221101 195110.00000000000000000000 67620.00000000000000000000 1.00000000000000000000 2061.00000000000000000000 1072275.00000000000000000000 92.00000000000000000000
8.00000000000000000000 0.00000000000000000000 2418.00000000000000000000 364.00000000000000000000 325.00000000000000000000 7.00000000000000000000 2.00000000000000000000 197265.00000000000000000000 36000.00000000000000000000 2.20000004768371582031 2103.00000000000000000000 1768178.00000000000000000000 74.00000000000000000000
33.00000000000000000000 42.00000000000000000000 1366.00000000000000000000 84.00000000000000000000 82.00000000000000000000 0.80000001192092895508 0.80000001192092895508 168814.00000000000000000000 106967.00000000000000000000 3.00000000000000000000 1005.00000000000000000000 1540261.00000000000000000000 91.00000000000000000000
3.00000000000000000000 1.00000000000000000000 538.00000000000000000000 23.00000000000000000000 53.00000000000000000000 1.79999995231628417969 3.59999990463256835938 42074.00000000000000000000 158460.00000000000000000000 1.20000004768371582031 6854.00000000000000000000 1853379.00000000000000000000 93.00000000000000000000
4.00000000000000000000 0.00000000000000000000 3883.00000000000000000000 424.00000000000000000000 224.00000000000000000000 0.80000001192092895508 1.00000000000000000000 706506.00000000000000000000 603887.00000000000000000000 3.79999995231628417969 143.00000000000000000000 1030888.00000000000000000000 80.00000000000000000000
8.00000000000000000000 0.00000000000000000000 5699.00000000000000000000 646.00000000000000000000 508.00000000000000000000 7.59999990463256835938 2.00000000000000000000 409346.00000000000000000000 37592.00000000000000000000 1.39999997615814208984 191.00000000000000000000 1006571.00000000000000000000 72.00000000000000000000
10.00000000000000000000 8.00000000000000000000 1672.00000000000000000000 118.00000000000000000000 71.00000000000000000000 0.20000000298023221101 0.20000000298023221101 5970.00000000000000000000 17463.00000000000000000000 2.00000000000000000000 1551.00000000000000000000 1078014.00000000000000000000 94.00000000000000000000
3.00000000000000000000 0.00000000000000000000 2658.00000000000000000000 279.00000000000000000000 180.00000000000000000000 3.20000004768371582031 1.20000004768371582031 131446.00000000000000000000 38526.00000000000000000000 2.50000000000000000000 338.00000000000000000000 1125981.00000000000000000000 88.00000000000000000000
28.00000000000000000000 40.00000000000000000000 3238.00000000000000000000 201.00000000000000000000 126.00000000000000000000 0.80000001192092895508 0.60000002384185791016 19199.00000000000000000000 48924.00000000000000000000 3.40000009536743208471 182.00000000000000000000 1113214.00000000000000000000 89.00000000000000000000
2.00000000000000000000 1.00000000000000000000 2023.00000000000000000000 72.00000000000000000000 81.00000000000000000000 0.20000000298023221101 0.20000000298023221101 27282.00000000000000000000 124053.00000000000000000000 2.20000004768371582031 1996.00000000000000000000 1642507.00000000000000000000 95.00000000000000000000
10.00000000000000000000 9.00000000000000000000 1339.00000000000000000000 81.00000000000000000000 74.00000000000000000000 1.00000000000000000000 0.60000002384185791016 13140.00000000000000000000 25936.00000000000000000000 1.79999995231628417969 150.00000000000000000000 1059384.00000000000000000000 94.00000000000000000000
9.00000000000000000000 2.00000000000000000000 2171.00000000000000000000 220.00000000000000000000 134.00000000000000000000 6.80999994277954101562 19.63999938964844105271 40442.00000000000000000000 53040.00000000000000000000 1.79999995231628417969 180.00000000000000000000 1105772.00000000000000000000 76.00000000000000000000
1.00000000000000000000 0.00000000000000000000 1223.00000000000000000000 71.00000000000000000000 68.00000000000000000000 0.20000000298023221101 0.20000000298023221101 12841.00000000000000000000 15049.00000000000000000000 2.00000000000000000000 6161.00000000000000000000 1726408.00000000000000000000 97.00000000000000000000
0.00000000000000000000 0.00000000000000000000 408.00000000000000000000 47.00000000000000000000 29.00000000000000000000 0.20000000298023221101 0.20000000298023221101 89842.00000000000000000000 6208.00000000000000000000 1.00000000000000000000 143.00000000000000000000 1749658.00000000000000000000 96.00000000000000000000
7.00000000000000000000 2.00000000000000000000 2715.00000000000000000000 185.00000000000000000000 94.00000000000000000000 0.60000002384185791016 2.79999995231628417969 178325.00000000000000000000 182757.00000000000000000000 3.59999990463256835938 370.00000000000000000000 1331888.00000000000000000000 94.00000000000000000000
5.00000000000000000000 0.00000000000000000000 1492.00000000000000000000 40.00000000000000000000 33.00000000000000000000 1.20000004768371582031 1.20000004768371582031 32114.00000000000000000000 19663.00000000000000000000 1.00000000000000000000 153.00000000000000000000 1066347.00000000000000000000 92.00000000000000000000
1.00000000000000000000 1.00000000000000000000 512.00000000000000000000 47.00000000000000000000 44.00000000000000000000 0.40000000596046447754 0.40000000596046447754 92333.00000000000000000000 23899.00000000000000000000 1.00000000000000000000 465.00000000000000000000 982181.00000000000000000000 97.00000000000000000000
19.00000000000000000000 1.00000000000000000000 3302.00000000000000000000 238.00000000000000000000 139.00000000000000000000 3.00999999046325683594 4.40999984741210937500 522596.00000000000000000000 56297.00000000000000000000 389.00000000000000000000 84.00000000000000000000 16.00000000000000000000 0.00000000000000000000
6.00000000000000000000 5.00000000000000000000 1313.00000000000000000000 95.00000000000000000000 78.00000000000000000000 0.20000000298023221101 0.20000000298023221101 347551.00000000000000000000 64589.00000000000000000000 136.00000000000000000000 91.00000000000000000000 8.00000000000000000000 0.00000000000000000000
1.00000000000000000000 1.00000000000000000000 1535.00000000000000000000 69.00000000000000000000 62.00000000000000000000 0.20000000298023221101 0.20000000298023221101 10996.00000000000000000000 26527.00000000000000000000 1.20000004768371582031 7709.00000000000000000000 1871584.00000000000000000000 92.00000000000000000000
14.00000000000000000000 5.00000000000000000000 1030.00000000000000000000 198.00000000000000000000 179.00000000000000000000 1.20000004768371582031 1.00000000000000000000 166905.00000000000000000000 30638.00000000000000000000 563.00000000000000000000 90.00000000000000000000 10.00000000000000000000 0.00000000000000000000
13.00000000000000000000 4.00000000000000000000 5183.00000000000000000000 200.00000000000000000000 150.00000000000000000000 1.60000002384185791016 2.20000004768371582031 237284.00000000000000000000 93098.00000000000000000000 6.80000019073486328125 956.00000000000000000000 1306851.00000000000000000000 76.00000000000000000000
6.00000000000000000000 2.00000000000000000000 5057.00000000000000000000 189.00000000000000000000 209.00000000000000000000 0.80000001192092895508 1.39999997615814208984 275465.00000000000000000000 490861.00000000000000000000 3.59999990463256835938 141.00000000000000000000 1006825.00000000000000000000 72.00000000000000000000
7.00000000000000000000 2.00000000000000000000 2088.00000000000000000000 257.00000000000000000000 200.00000000000000000000 4.80000019073486328125 2.40000009536743208471 359374.00000000000000000000 8357.00000000000000000000 2.20000004768371582031 8581.00000000000000000000 1865357.00000000000000000000 85.00000000000000000000
17.00000000000000000000 1.00000000000000000000 5741.00000000000000000000 822.00000000000000000000 608.00000000000000000000 8.42000007629394531250 2.40000009536743208471 262205.00000000000000000000 60046.00000000000000000000 1.70000004768371582031 319.00000000000000000000 1069743.00000000000000000000 70.00000000000000000000
3.00000000000000000000 3.00000000000000000000 1758.00000000000000000000 232.00000000000000000000 171.00000000000000000000 1.20000004768371582031 1.39999997615814208984 16809.00000000000000000000 56375.00000000000000000000 1.00000000000000000000 637.00000000000000000000 1120304.00000000000000000000 92.00000000000000000000
0.00000000000000000000 0.00000000000000000000 261.00000000000000000000 80.00000000000000000000 29.00000000000000000000 0.20000000298023221101 0.20000000298023221101 112146.00000000000000000000 103588.00000000000000000000 3.59999990463256835938 920.00000000000000000000 1742870.00000000000000000000 98.00000000000000000000
207.00000000000000000000 202.00000000000000000000 4832.00000000000000000000 194.00000000000000000000 113.00000000000000000000 6.40000009536743164062 18.60000038146972656250 214574.00000000000000000000 104466.00000000000000000000 5.19999980926513671875 212.00000000000000000000 1107437.00000000000000000000 75.00000000000000000000
1.00000000000000000000 1.00000000000000000000 444.00000000000000000000 53.00000000000000000000 45.00000000000000000000 0.20000000298023221101 0.20000000298023221101 12152.00000000000000000000 15855.00000000000000000000 1.00000000000000000000 139.00000000000000000000 1738984.00000000000000000000 98.00000000000000000000
8.00000000000000000000 5.00000000000000000000 1833.00000000000000000000 311.00000000000000000000 160.00000000000000000000 1.79999995231628417969 5.98999977111816406250 332148.00000000000000000000 102369.00000000000000000000 6.00000000000000000000 2895.00000000000000000000 1599931.00000000000000000000 87.00000000000000000000
31.00000000000000000000 18.00000000000000000000 2963.00000000000000000000 429.00000000000000000000 210.00000000000000000000 2.00000000000000000000 3.40000009536743208471 735011.00000000000000000000 735608.00000000000000000000 2.00000000000000000000 487.00000000000000000000 1038530.00000000000000000000 75.00000000000000000000
3.00000000000000000000 0.00000000000000000000 4123.00000000000000000000 229.00000000000000000000 116.00000000000000000000 0.80000001192092895508 0.80000001192092895508 278629.00000000000000000000 221211.00000000000000000000 3.59999990463256835938 3536.00000000000000000000 1329499.00000000000000000000 89.00000000000000000000
5.00000000000000000000 0.00000000000000000000 2794.00000000000000000000 291.00000000000000000000 263.00000000000000000000 1.20000004768371582031 0.60000002384185791016 129608.00000000000000000000 114836.00000000000000000000 3.00000000000000000000 1403.00000000000000000000 1040123.00000000000000000000 89.00000000000000000000
28.00000000000000000000 1.00000000000000000000 4700.00000000000000000000 385.00000000000000000000 179.00000000000000000000 6.40000009536743164062 9.80000019073486328125 156781.00000000000000000000 63261.00000000000000000000 4.00000000000000000000 734.00000000000000000000 1629358.00000000000000000000 75.00000000000000000000
3.00000000000000000000 2.00000000000000000000 1126.00000000000000000000 136.00000000000000000000 106.00000000000000000000 0.20000000298023221101 0.20000000298023221101 11318.00000000000000000000 27334.00000000000000000000 3.00000000000000000000 422.00000000000000000000 993879.00000000000000000000 96.00000000000000000000
1486.00000000000000000000 1.00000000000000000000 7266.00000000000000000000 157.00000000000000000000 192.00000000000000000000 1.60000002384185791016 1.00000000000000000000 98595.00000000000000000000 73892.00000000000000000000 2.79999995231628417969 2451.00000000000000000000 1712099.00000000000000000000 64.00000000000000000000
1.00000000000000000000 1.00000000000000000000 2428.00000000000000000000 191.00000000000000000000 96.00000000000000000000 0.20000000298023221101 0.20000000298023221101 22571.00000000000000000000 24071.00000000000000000000 2.00000000000000000000 842.00000000000000000000 1383738.00000000000000000000 93.00000000000000000000
43.00000000000000000000 50.00000000000000000000 1532.00000000000000000000 178.00000000000000000000 80.00000000000000000000 1.20000004768371582031 1.20000004768371582031 153622.00000000000000000000 48096.00000000000000000000 2.79999995231628417969 3403.00000000000000000000 1534949.00000000000000000000 92.00000000000000000000
1.00000000000000000000 1.00000000000000000000 2033.00000000000000000000 553.00000000000000000000 142.00000000000000000000 0.20000000298023221101 0.60000002384185791016 327246.00000000000000000000 254291.00000000000000000000 2.40000009536743208471 267.00000000000000000000 1382013.00000000000000000000 89.00000000000000000000
5.00000000000000000000 0.00000000000000000000 1277.00000000000000000000 148.00000000000000000000 186.00000000000000000000 3.20000004768371582031 1.00000000000000000000 75836.00000000000000000000 83467.00000000000000000000 2.20000004768371582031 980.00000000000000000000 1761306.00000000000000000000 84.00000000000000000000
3.00000000000000000000 0.00000000000000000000 646.00000000000000000000 49.00000000000000000000 21.00000000000000000000 1.79999995231628417969 1.79999995231628417969 121611.00000000000000000000 16718.00000000000000000000 1.20000004768371582031 6740.00000000000000000000 1850714.00000000000000000000 91.00000000000000000000
2.00000000000000000000 0.00000000000000000000 419.00000000000000000000 34.00000000000000000000 57.00000000000000000000 1.79999995231628417969 1.79999995231628417969 51740.00000000000000000000 52923.00000000000000000000 1.60000002384185791016 248.00000000000000000000 1801502.00000000000000000000 87.00000000000000000000
25.00000000000000000000 35.00000000000000000000 1558.00000000000000000000 141.00000000000000000000 96.00000000000000000000 1.39999997615814208984 0.60000002384185791016 21185.00000000000000000000 17556.00000000000000000000 3.00000000000000000000 253.00000000000000000000 1104155.00000000000000000000 89.00000000000000000000
2.00000000000000000000 0.00000000000000000000 3088.00000000000000000000 123.00000000000000000000 76.00000000000000000000 1.00000000000000000000 1.20000004768371582031 124815.00000000000000000000 6114.00000000000000000000 2.40000009536743208471 4838.00000000000000000000 1405595.00000000000000000000 91.00000000000000000000
9.00000000000000000000 0.00000000000000000000 5143.00000000000000000000 487.00000000000000000000 347.00000000000000000000 6.59000015258789062500 3.19000005722045898438 218950.00000000000000000000 79051.00000000000000000000 1.00000000000000000000 157.00000000000000000000 1114036.00000000000000000000 73.00000000000000000000
3.00000000000000000000 0.00000000000000000000 958.00000000000000000000 93.00000000000000000000 35.00000000000000000000 0.80000001192092895508 1.20000004768371582031 144354.00000000000000000000 8695.00000000000000000000 2.00000000000000000000 140.00000000000000000000 1744762.00000000000000000000 89.00000000000000000000
2.00000000000000000000 1.00000000000000000000 252.00000000000000000000 37.00000000000000000000 35.00000000000000000000 0.20000000298023221101 0.20000000298023221101 45099.00000000000000000000 27346.00000000000000000000 1.00000000000000000000 7293.00000000000000000000 1868226.00000000000000000000 97.00000000000000000000
54.00000000000000000000 21.00000000000000000000 3709.00000000000000000000 243.00000000000000000000 140.00000000000000000000 4.59999990463256835938 5.40000009536743164062 265286.00000000000000000000 116407.00000000000000000000 5.59999990463256835938 2836.00000000000000000000 1565138.00000000000000000000 82.00000000000000000000
35.00000000000000000000 48.00000000000000000000 1723.00000000000000000000 101.00000000000000000000 85.00000000000000000000 0.40000000596046447754 0.60000002384185791016 165098.00000000000000000000 99015.00000000000000000000 1.60000002384185791016 8455.00000000000000000000 1882138.00000000000000000000 91.00000000000000000000
52.00000000000000000000 62.00000000000000000000 976.00000000000000000000 76.00000000000000000000 98.00000000000000000000 0.20000000298023221101 0.20000000298023221101 11377.00000000000000000000 84271.00000000000000000000 1.00000000000000000000 1356.00000000000000000000 1069018.00000000000000000000 90.00000000000000000000
2.00000000000000000000 1.00000000000000000000 756.00000000000000000000 23.00000000000000000000 20.00000000000000000000 0.20000000298023221101 0.20000000298023221101 10505.00000000000000000000 4454.00000000000000000000 1.00000000000000000000 4602.00000000000000000000 1828424.00000000000000000000 98.00000000000000000000
3.00000000000000000000 1.00000000000000000000 1084.00000000000000000000 95.00000000000000000000 34.00000000000000000000 2.59999990463256835938 3.00000000000000000000 406873.00000000000000000000 20007.00000000000000000000 2.59999990463256835938 7141.00000000000000000000 1873899.00000000000000000000 89.00000000000000000000
1.00000000000000000000 0.00000000000000000000 3577.00000000000000000000 170.00000000000000000000 171.00000000000000000000 0.80000001192092895508 1.79999995231628417969 30635.00000000000000000000 73013.00000000000000000000 2.00000000000000000000 903.00000000000000000000 991962.00000000000000000000 91.00000000000000000000
553.00000000000000000000 0.00000000000000000000 4259.00000000000000000000 189.00000000000000000000 136.00000000000000000000 2.40000009536743208471 2.59999990463256835938 376809.00000000000000000000 34697.00000000000000000000 7.00000000000000000000 119.00000000000000000000 1319936.00000000000000000000 70.00000000000000000000
10.00000000000000000000 0.00000000000000000000 1115.00000000000000000000 103.00000000000000000000 90.00000000000000000000 2.20000004768371582031 5.38999986648559570312 48365.00000000000000000000 26347.00000000000000000000 4.19999980926513671875 132.00000000000000000000 1087315.00000000000000000000 87.00000000000000000000
1.00000000000000000000 0.00000000000000000000 311.00000000000000000000 58.00000000000000000000 35.00000000000000000000 0.20000000298023221101 0.20000000298023221101 1820.00000000000000000000 10295.00000000000000000000 1.00000000000000000000 1900.00000000000000000000 1771971.00000000000000000000 98.00000000000000000000
12.00000000000000000000 3.00000000000000000000 563.00000000000000000000 27.00000000000000000000 23.00000000000000000000 0.80000001192092895508 0.80000001192092895508 20028.00000000000000000000 13118.00000000000000000000 1.00000000000000000000 6412.00000000000000000000 1846159.00000000000000000000 96.00000000000000000000
3.00000000000000000000 1.00000000000000000000 1677.00000000000000000000 63.00000000000000000000 63.00000000000000000000 1.60000002384185791016 1.79999995231628417969 46461.00000000000000000000 24101.00000000000000000000 1.50000000000000000000 138.00000000000000000000 1061552.00000000000000000000 92.00000000000000000000
1.00000000000000000000 0.00000000000000000000 907.00000000000000000000 106.00000000000000000000 76.00000000000000000000 0.20000000298023221101 0.20000000298023221101 24733.00000000000000000000 69413.00000000000000000000 1.29999995231628417969 511.00000000000000000000 1061837.00000000000000000000 97.00000000000000000000
1.00000000000000000000 1.00000000000000000000 188.00000000000000000000 10.00000000000000000000 26.00000000000000000000 0.20000000298023221101 0.20000000298023221101 3035.00000000000000000000 26836.00000000000000000000 1.00000000000000000000 9288.00000000000000000000 1865677.00000000000000000000 98.00000000000000000000
5.00000000000000000000 0.00000000000000000000 2005.00000000000000000000 207.00000000000000000000 132.00000000000000000000 3.60999989509582519531 2.20000004768371582031 97715.00000000000000000000 17133.00000000000000000000 2.40000009536743208471 7847.00000000000000000000 1866225.00000000000000000000 88.00000000000000000000
8.00000000000000000000 0.00000000000000000000 2722.00000000000000000000 267.00000000000000000000 221.00000000000000000000 1.20000004768371582031 2.79999995231628417969 674717.00000000000000000000 254025.00000000000000000000 2.00000000000000000000 395.00000000000000000000 1048712.00000000000000000000 78.00000000000000000000
9.00000000000000000000 2.00000000000000000000 2735.00000000000000000000 384.00000000000000000000 291.00000000000000000000 3.58999991416931152344 5.78000020980834960938 186494.00000000000000000000 141547.00000000000000000000 1.00000000000000000000 473.00000000000000000000 1093280.00000000000000000000 81.00000000000000000000
1.00000000000000000000 0.00000000000000000000 2285.00000000000000000000 92.00000000000000000000 135.00000000000000000000 0.20000000298023221101 0.20000000298023221101 11706.00000000000000000000 25473.00000000000000000000 3.00000000000000000000 1337.00000000000000000000 1724755.00000000000000000000 95.00000000000000000000
4.00000000000000000000 1.00000000000000000000 1534.00000000000000000000 105.00000000000000000000 107.00000000000000000000 0.40000000596046447754 0.40000000596046447754 209324.00000000000000000000 111844.00000000000000000000 1.50000000000000000000 401.00000000000000000000 1076553.00000000000000000000 93.00000000000000000000
9.00000000000000000000 4.00000000000000000000 639.00000000000000000000 48.00000000000000000000 45.00000000000000000000 1.20000004768371582031 1.60000002384185791016 188938.00000000000000000000 15125.00000000000000000000 2.00000000000000000000 6043.00000000000000000000 1855211.00000000000000000000 94.00000000000000000000
11.00000000000000000000 15.00000000000000000000 217.00000000000000000000 15.00000000000000000000 34.00000000000000000000 0.20000000298023221101 0.20000000298023221101 5339.00000000000000000000 19480.00000000000000000000 1.00000000000000000000 7292.00000000000000000000 1875112.00000000000000000000 98.00000000000000000000
5.00000000000000000000 4.00000000000000000000 5427.00000000000000000000 247.00000000000000000000 221.00000000000000000000 0.40000000596046447754 0.40000000596046447754 11161.00000000000000000000 16785.00000000000000000000 2.20000004768371582031 429.00000000000000000000 1377768.00000000000000000000 90.00000000000000000000
11.00000000000000000000 0.00000000000000000000 3684.00000000000000000000 499.00000000000000000000 458.00000000000000000000 4.40000009536743164062 2.79999995231628417969 224737.00000000000000000000 103468.00000000000000000000 1.50000000000000000000 239.00000000000000000000 1087352.00000000000000000000 79.00000000000000000000
1.00000000000000000000 1.00000000000000000000 454.00000000000000000000 176.00000000000000000000 45.00000000000000000000 0.20000000298023221101 0.20000000298023221101 472554.00000000000000000000 211006.00000000000000000000 3.00000000000000000000 6830.00000000000000000000 1835902.00000000000000000000 98.00000000000000000000
1.00000000000000000000 0.00000000000000000000 746.00000000000000000000 115.00000000000000000000 86.00000000000000000000 0.20000000298023221101 0.20000000298023221101 7705.00000000000000000000 17882.00000000000000000000 1.00000000000000000000 381.00000000000000000000 1739376.00000000000000000000 96.00000000000000000000
2.00000000000000000000 1.00000000000000000000 217.00000000000000000000 15.00000000000000000000 17.00000000000000000000 0.20000000298023221101 0.20000000298023221101 25964.00000000000000000000 10572.00000000000000000000 1.20000004768371582031 8094.00000000000000000000 1866180.00000000000000000000 98.00000000000000000000
5.00000000000000000000 0.00000000000000000000 842.00000000000000000000 140.00000000000000000000 155.00000000000000000000 1.39999997615814208984 8.00000000000000000000 129889.00000000000000000000 56953.00000000000000000000 1.79999995231628417969 1639.00000000000000000000 1729440.00000000000000000000 90.00000000000000000000
40.00000000000000000000 26.00000000000000000000 1207.00000000000000000000 88.00000000000000000000 104.00000000000000000000 1.79999995231628417969 1.79999995231628417969 110864.00000000000000000000 69840.00000000000000000000 3.20000004768371582031 193.00000000000000000000 1535515.00000000000000000000 91.00000000000000000000
3.00000000000000000000 0.00000000000000000000 1514.00000000000000000000 58.00000000000000000000 51.00000000000000000000 1.00000000000000000000 1.00000000000000000000 43703.00000000000000000000 26727.00000000000000000000 1.00000000000000000000 208.00000000000000000000 1001206.00000000000000000000 94.00000000000000000000
23.00000000000000000000 30.00000000000000000000 176.00000000000000000000 11.00000000000000000000 21.00000000000000000000 0.20000000298023221101 0.20000000298023221101 8633.00000000000000000000 3581.00000000000000000000 1.00000000000000000000 6459.00000000000000000000 1871616.00000000000000000000 98.00000000000000000000
1.00000000000000000000 1.00000000000000000000 803.00000000000000000000 23.00000000000000000000 20.00000000000000000000 0.20000000298023221101 0.20000000298023221101 9067.00000000000000000000 10293.00000000000000000000 1.00000000000000000000 8215.00000000000000000000 1872866.00000000000000000000 98.00000000000000000000
3.00000000000000000000 1.00000000000000000000 487.00000000000000000000 46.00000000000000000000 41.00000000000000000000 2.00000000000000000000 2.00000000000000000000 76727.00000000000000000000 82479.00000000000000000000 1.20000004768371582031 6294.00000000000000000000 1850770.00000000000000000000 89.00000000000000000000
3.00000000000000000000 1.00000000000000000000 2018.00000000000000000000 159.00000000000000000000 118.00000000000000000000 1.00000000000000000000 1.00000000000000000000 116293.00000000000000000000 62743.00000000000000000000 2.79999995231628417969 2997.00000000000000000000 1419893.00000000000000000000 90.00000000000000000000
47.00000000000000000000 65.00000000000000000000 3012.00000000000000000000 269.00000000000000000000 110.00000000000000000000 1.60000002384185791016 3.59999990463256835938 913173.00000000000000000000 28574.00000000000000000000 1.00000000000000000000 151.00000000000000000000 1088790.00000000000000000000 83.00000000000000000000
18.00000000000000000000 4.00000000000000000000 1419.00000000000000000000 126.00000000000000000000 111.00000000000000000000 2.40000009536743208471 3.20000004768371582031 58634.00000000000000000000 30159.00000000000000000000 2.59999990463256835938 126.00000000000000000000 966930.00000000000000000000 83.00000000000000000000
1.00000000000000000000 0.00000000000000000000 1203.00000000000000000000 150.00000000000000000000 77.00000000000000000000 0.80000001192092895508 2.00000000000000000000 644364.00000000000000000000 347794.00000000000000000000 2.59999990463256835938 271.00000000000000000000 1756702.00000000000000000000 89.00000000000000000000
23.00000000000000000000 15.00000000000000000000 4420.00000000000000000000 229.00000000000000000000 168.00000000000000000000 1.60000002384185791016 10.39999961853027166114 86381.00000000000000000000 69422.00000000000000000000 7.80000019073486328125 153.00000000000000000000 1292285.00000000000000000000 78.00000000000000000000
3.00000000000000000000 1.00000000000000000000 330.00000000000000000000 35.00000000000000000000 18.00000000000000000000 0.80000001192092895508 0.80000001192092895508 75541.00000000000000000000 7730.00000000000000000000 1.00000000000000000000 7579.00000000000000000000 1869181.00000000000000000000 97.00000000000000000000
1.00000000000000000000 1.00000000000000000000 196.00000000000000000000 41.00000000000000000000 22.00000000000000000000 0.20000000298023221101 0.20000000298023221101 285750.00000000000000000000 259748.00000000000000000000 3.20000004768371582031 3656.00000000000000000000 1820056.00000000000000000000 98.00000000000000000000
2.00000000000000000000 1.00000000000000000000 1827.00000000000000000000 65.00000000000000000000 88.00000000000000000000 0.40000000596046447754 0.20000000298023221101 4487.00000000000000000000 8828.00000000000000000000 1.39999997615814208984 689.00000000000000000000 1752789.00000000000000000000 94.00000000000000000000
1.00000000000000000000 0.00000000000000000000 1057.00000000000000000000 206.00000000000000000000 43.00000000000000000000 0.40000000596046447754 0.40000000596046447754 944834.00000000000000000000 7872.00000000000000000000 4.00000000000000000000 487.00000000000000000000 1702920.00000000000000000000 92.00000000000000000000
6.00000000000000000000 1.00000000000000000000 1791.00000000000000000000 256.00000000000000000000 161.00000000000000000000 1.00000000000000000000 2.40000009536743208471 73757.00000000000000000000 43555.00000000000000000000 3.40000009536743208471 2889.00000000000000000000 1548859.00000000000000000000 94.00000000000000000000
0.00000000000000000000 0.00000000000000000000 149.00000000000000000000 10.00000000000000000000 11.00000000000000000000 0.20000000298023221101 0.20000000298023221101 3890.00000000000000000000 9804.00000000000000000000 1.00000000000000000000 8673.00000000000000000000 1865980.00000000000000000000 99.00000000000000000000
0.00000000000000000000 0.00000000000000000000 1140.00000000000000000000 228.00000000000000000000 133.00000000000000000000 0.40000000596046447754 0.20000000298023221101 27082.00000000000000000000 33187.00000000000000000000 1.60000002384185791016 1650.00000000000000000000 1766666.00000000000000000000 87.00000000000000000000
8.00000000000000000000 0.00000000000000000000 2393.00000000000000000000 337.00000000000000000000 202.00000000000000000000 7.19000005722045898438 3.78999996185302734375 480188.00000000000000000000 13650.00000000000000000000 3.00000000000000000000 11671.00000000000000000000 1879063.00000000000000000000 81.00000000000000000000
19.00000000000000000000 13.00000000000000000000 6576.00000000000000000000 978.00000000000000000000 227.00000000000000000000 5.80000019073486328125 17.20000076293945312500 2214365.00000000000000000000 56365.00000000000000000000 2.20000004768371582031 522.00000000000000000000 1097509.00000000000000000000 71.00000000000000000000
38.00000000000000000000 25.00000000000000000000 2538.00000000000000000000 305.00000000000000000000 314.00000000000000000000 1.20000004768371582031 2.59999990463256835938 724260.00000000000000000000 778799.00000000000000000000 1.00000000000000000000 129.00000000000000000000 1021626.00000000000000000000 70.00000000000000000000
29.00000000000000000000 28.00000000000000000000 1124.00000000000000000000 120.00000000000000000000 92.00000000000000000000 0.40000000596046447754 1.60000002384185791016 95071.00000000000000000000 14653.00000000000000000000 4.00000000000000000000 4812.00000000000000000000 1671920.00000000000000000000 84.00000000000000000000
19.00000000000000000000 2.00000000000000000000 4392.00000000000000000000 320.00000000000000000000 157.00000000000000000000 10.18000030517577947364 28.34000015258789062500 820347.00000000000000000000 41889.00000000000000000000 1.79999995231628417969 173.00000000000000000000 1096425.00000000000000000000 64.00000000000000000000
2.00000000000000000000 1.00000000000000000000 322.00000000000000000000 63.00000000000000000000 44.00000000000000000000 0.20000000298023221101 0.20000000298023221101 1342.00000000000000000000 18195.00000000000000000000 1.00000000000000000000 1370.00000000000000000000 1746256.00000000000000000000 98.00000000000000000000
77.00000000000000000000 37.00000000000000000000 4517.00000000000000000000 636.00000000000000000000 586.00000000000000000000 2.59999990463256835938 2.79999995231628417969 197716.00000000000000000000 63560.00000000000000000000 4.59999990463256835938 472.00000000000000000000 1395994.00000000000000000000 78.00000000000000000000
24.00000000000000000000 19.00000000000000000000 1059.00000000000000000000 67.00000000000000000000 56.00000000000000000000 3.78999996185302734375 4.19000005722045898438 72920.00000000000000000000 34992.00000000000000000000 3.20000004768371582031 635.00000000000000000000 1019530.00000000000000000000 84.00000000000000000000
2.00000000000000000000 1.00000000000000000000 163.00000000000000000000 10.00000000000000000000 18.00000000000000000000 0.20000000298023221101 0.20000000298023221101 427.00000000000000000000 25545.00000000000000000000 1.00000000000000000000 6470.00000000000000000000 1855784.00000000000000000000 98.00000000000000000000
2.00000000000000000000 0.00000000000000000000 756.00000000000000000000 84.00000000000000000000 13.00000000000000000000 1.39999997615814208984 1.60000002384185791016 188486.00000000000000000000 9167.00000000000000000000 1.39999997615814208984 7618.00000000000000000000 1878770.00000000000000000000 95.00000000000000000000
5.00000000000000000000 2.00000000000000000000 3209.00000000000000000000 425.00000000000000000000 330.00000000000000000000 1.39999997615814208984 2.00000000000000000000 382241.00000000000000000000 34171.00000000000000000000 1.50000000000000000000 265.00000000000000000000 1093546.00000000000000000000 84.00000000000000000000
5.00000000000000000000 0.00000000000000000000 3091.00000000000000000000 316.00000000000000000000 355.00000000000000000000 3.59999990463256835938 6.59999990463256835938 264451.00000000000000000000 45752.00000000000000000000 5.59999990463256835938 1651.00000000000000000000 1698152.00000000000000000000 85.00000000000000000000
5.00000000000000000000 1.00000000000000000000 1589.00000000000000000000 153.00000000000000000000 102.00000000000000000000 0.40000000596046447754 0.60000002384185791016 134065.00000000000000000000 20191.00000000000000000000 2.00000000000000000000 1801.00000000000000000000 998664.00000000000000000000 91.00000000000000000000
41.00000000000000000000 18.00000000000000000000 5068.00000000000000000000 365.00000000000000000000 189.00000000000000000000 5.40000009536743164062 10.80000019073486328125 394008.00000000000000000000 124046.00000000000000000000 9.39999961853027166114 2372.00000000000000000000 1326565.00000000000000000000 70.00000000000000000000
4.00000000000000000000 1.00000000000000000000 1999.00000000000000000000 170.00000000000000000000 154.00000000000000000000 2.79999995231628417969 0.80000001192092895508 130868.00000000000000000000 105798.00000000000000000000 1.79999995231628417969 7150.00000000000000000000 1856408.00000000000000000000 90.00000000000000000000
57.00000000000000000000 76.00000000000000000000 3608.00000000000000000000 378.00000000000000000000 310.00000000000000000000 6.19999980926513671875 2.20000004768371582031 182330.00000000000000000000 27624.00000000000000000000 3.40000009536743208471 463.00000000000000000000 1757726.00000000000000000000 79.00000000000000000000
7.00000000000000000000 2.00000000000000000000 1605.00000000000000000000 189.00000000000000000000 150.00000000000000000000 2.58999991416931152344 4.17999982833862304688 233699.00000000000000000000 128372.00000000000000000000 1.00000000000000000000 135.00000000000000000000 1034875.00000000000000000000 82.00000000000000000000
1.00000000000000000000 0.00000000000000000000 1628.00000000000000000000 167.00000000000000000000 128.00000000000000000000 0.80000001192092895508 2.00000000000000000000 67281.00000000000000000000 30403.00000000000000000000 2.20000004768371582031 230.00000000000000000000 1118339.00000000000000000000 93.00000000000000000000
6.00000000000000000000 5.00000000000000000000 1730.00000000000000000000 133.00000000000000000000 101.00000000000000000000 0.20000000298023221101 0.20000000298023221101 21597.00000000000000000000 48037.00000000000000000000 3.59999990463256835938 2755.00000000000000000000 1048314.00000000000000000000 94.00000000000000000000
1.00000000000000000000 0.00000000000000000000 305.00000000000000000000 24.00000000000000000000 26.00000000000000000000 1.39999997615814208984 1.39999997615814208984 13475.00000000000000000000 8242.00000000000000000000 1.39999997615814208984 7402.00000000000000000000 1862813.00000000000000000000 97.00000000000000000000
7.00000000000000000000 6.00000000000000000000 1144.00000000000000000000 176.00000000000000000000 107.00000000000000000000 0.80000001192092895508 2.20000004768371582031 139134.00000000000000000000 20153.00000000000000000000 1.60000002384185791016 124.00000000000000000000 944686.00000000000000000000 84.00000000000000000000
10.00000000000000000000 9.00000000000000000000 1459.00000000000000000000 145.00000000000000000000 74.00000000000000000000 0.20000000298023221101 0.20000000298023221101 376077.00000000000000000000 21897.00000000000000000000 3.20000004768371582031 955.00000000000000000000 975478.00000000000000000000 94.00000000000000000000
2.00000000000000000000 1.00000000000000000000 608.00000000000000000000 182.00000000000000000000 73.00000000000000000000 0.20000000298023221101 0.40000000596046447754 59059.00000000000000000000 25554.00000000000000000000 2.00000000000000000000 437.00000000000000000000 1742504.00000000000000000000 88.00000000000000000000
21.00000000000000000000 13.00000000000000000000 5070.00000000000000000000 465.00000000000000000000 418.00000000000000000000 7.59999990463256835938 15.39999961853027166114 188568.00000000000000000000 166592.00000000000000000000 1.50000000000000000000 136.00000000000000000000 1090643.00000000000000000000 66.00000000000000000000
8.00000000000000000000 2.00000000000000000000 2143.00000000000000000000 153.00000000000000000000 64.00000000000000000000 6.40000009536743164062 23.20000076293945312500 173702.00000000000000000000 24454.00000000000000000000 1.00000000000000000000 204.00000000000000000000 1036819.00000000000000000000 75.00000000000000000000
0.00000000000000000000 0.00000000000000000000 2011.00000000000000000000 330.00000000000000000000 243.00000000000000000000 0.20000000298023221101 0.20000000298023221101 104281.00000000000000000000 33860.00000000000000000000 2.20000004768371582031 2976.00000000000000000000 1736637.00000000000000000000 90.00000000000000000000
0.00000000000000000000 0.00000000000000000000 215.00000000000000000000 14.00000000000000000000 15.00000000000000000000 0.20000000298023221101 0.20000000298023221101 1747.00000000000000000000 4054.00000000000000000000 1.00000000000000000000 7565.00000000000000000000 1873980.00000000000000000000 99.00000000000000000000
3.00000000000000000000 1.00000000000000000000 1670.00000000000000000000 70.00000000000000000000 64.00000000000000000000 0.80000001192092895508 1.20000004768371582031 3865.00000000000000000000 6900.00000000000000000000 1.20000004768371582031 1361.00000000000000000000 1743170.00000000000000000000 93.00000000000000000000
9.00000000000000000000 3.00000000000000000000 3120.00000000000000000000 405.00000000000000000000 277.00000000000000000000 1.00000000000000000000 1.78999996185302712171 162000.00000000000000000000 110195.00000000000000000000 2.00000000000000000000 566.00000000000000000000 1068770.00000000000000000000 87.00000000000000000000
6.00000000000000000000 0.00000000000000000000 2424.00000000000000000000 239.00000000000000000000 155.00000000000000000000 1.79999995231628417969 1.79999995231628417969 13184.00000000000000000000 34056.00000000000000000000 1.00000000000000000000 545.00000000000000000000 1023155.00000000000000000000 89.00000000000000000000
1.00000000000000000000 0.00000000000000000000 2647.00000000000000000000 330.00000000000000000000 336.00000000000000000000 0.40000000596046447754 0.40000000596046447754 149828.00000000000000000000 80133.00000000000000000000 2.59999990463256835938 1659.00000000000000000000 1709059.00000000000000000000 85.00000000000000000000
84.00000000000000000000 38.00000000000000000000 1328.00000000000000000000 222.00000000000000000000 188.00000000000000000000 0.40000000596046447754 0.40000000596046447754 100484.00000000000000000000 87614.00000000000000000000 2.50000000000000000000 885.00000000000000000000 999952.00000000000000000000 93.00000000000000000000
19.00000000000000000000 16.00000000000000000000 2245.00000000000000000000 116.00000000000000000000 112.00000000000000000000 0.60000002384185791016 1.39999997615814208984 28913.00000000000000000000 112980.00000000000000000000 2.20000004768371582031 848.00000000000000000000 1644464.00000000000000000000 91.00000000000000000000
104.00000000000000000000 43.00000000000000000000 2459.00000000000000000000 238.00000000000000000000 171.00000000000000000000 2.57999992370605468750 2.98000001907348632812 217916.00000000000000000000 114530.00000000000000000000 2.79999995231628417969 5012.00000000000000000000 1664027.00000000000000000000 87.00000000000000000000
14.00000000000000000000 6.00000000000000000000 2394.00000000000000000000 203.00000000000000000000 148.00000000000000000000 2.59999990463256835938 2.00000000000000000000 127529.00000000000000000000 96304.00000000000000000000 4.59999990463256835938 2892.00000000000000000000 1560206.00000000000000000000 88.00000000000000000000
1.00000000000000000000 0.00000000000000000000 322.00000000000000000000 40.00000000000000000000 32.00000000000000000000 0.60000002384185791016 2.00000000000000000000 877.00000000000000000000 6435.00000000000000000000 3.00000000000000000000 597.00000000000000000000 1715934.00000000000000000000 97.00000000000000000000
11.00000000000000000000 16.00000000000000000000 356.00000000000000000000 188.00000000000000000000 46.00000000000000000000 0.20000000298023221101 0.20000000298023221101 328899.00000000000000000000 301873.00000000000000000000 2.40000009536743208471 5744.00000000000000000000 1834547.00000000000000000000 95.00000000000000000000
1.00000000000000000000 0.00000000000000000000 251.00000000000000000000 17.00000000000000000000 18.00000000000000000000 0.60000002384185791016 1.39999997615814208984 445.00000000000000000000 2290.00000000000000000000 1.00000000000000000000 7560.00000000000000000000 1873974.00000000000000000000 96.00000000000000000000
64.00000000000000000000 91.00000000000000000000 2057.00000000000000000000 144.00000000000000000000 114.00000000000000000000 1.00000000000000000000 0.80000001192092895508 104539.00000000000000000000 55435.00000000000000000000 2.20000004768371582031 331.00000000000000000000 1014939.00000000000000000000 91.00000000000000000000
0.00000000000000000000 0.00000000000000000000 220.00000000000000000000 29.00000000000000000000 18.00000000000000000000 0.20000000298023221101 0.20000000298023221101 87868.00000000000000000000 11098.00000000000000000000 1.00000000000000000000 7253.00000000000000000000 1864013.00000000000000000000 98.00000000000000000000
1.00000000000000000000 0.00000000000000000000 2832.00000000000000000000 131.00000000000000000000 92.00000000000000000000 0.20000000298023221101 0.20000000298023221101 9102.00000000000000000000 53734.00000000000000000000 2.00000000000000000000 506.00000000000000000000 1629285.00000000000000000000 95.00000000000000000000
1.00000000000000000000 0.00000000000000000000 3294.00000000000000000000 271.00000000000000000000 172.00000000000000000000 1.00000000000000000000 2.59999990463256835938 569257.00000000000000000000 296604.00000000000000000000 1.60000002384185791016 369.00000000000000000000 1017470.00000000000000000000 85.00000000000000000000
2.00000000000000000000 0.00000000000000000000 4424.00000000000000000000 259.00000000000000000000 230.00000000000000000000 0.40000000596046447754 0.40000000596046447754 61058.00000000000000000000 99269.00000000000000000000 3.40000009536743208471 466.00000000000000000000 1061705.00000000000000000000 88.00000000000000000000
1.00000000000000000000 0.00000000000000000000 8840.00000000000000000000 492.00000000000000000000 321.00000000000000000000 0.20000000298023221101 0.20000000298023221101 24851.00000000000000000000 65220.00000000000000000000 2.29999995231628417969 131.00000000000000000000 1058443.00000000000000000000 77.00000000000000000000
47.00000000000000000000 1.00000000000000000000 5782.00000000000000000000 249.00000000000000000000 218.00000000000000000000 11.18000030517577947364 33.13000106811523437500 144335.00000000000000000000 64720.00000000000000000000 4.00000000000000000000 243.00000000000000000000 1094050.00000000000000000000 60.00000000000000000000
2.00000000000000000000 1.00000000000000000000 817.00000000000000000000 71.00000000000000000000 43.00000000000000000000 0.60000002384185791016 0.60000002384185791016 17994.00000000000000000000 134016.00000000000000000000 1.00000000000000000000 6879.00000000000000000000 1853251.00000000000000000000 96.00000000000000000000
5.00000000000000000000 1.00000000000000000000 1871.00000000000000000000 99.00000000000000000000 96.00000000000000000000 0.40000000596046447754 0.40000000596046447754 13170.00000000000000000000 37286.00000000000000000000 1.00000000000000000000 1059.00000000000000000000 1055131.00000000000000000000 93.00000000000000000000
1.00000000000000000000 1.00000000000000000000 809.00000000000000000000 33.00000000000000000000 28.00000000000000000000 0.40000000596046447754 0.40000000596046447754 7506.00000000000000000000 3989.00000000000000000000 1.00000000000000000000 4950.00000000000000000000 1828000.00000000000000000000 97.00000000000000000000
25.00000000000000000000 4.00000000000000000000 4644.00000000000000000000 230.00000000000000000000 177.00000000000000000000 1.20000004768371582031 2.00000000000000000000 243774.00000000000000000000 58431.00000000000000000000 9.80000019073486328125 305.00000000000000000000 1304165.00000000000000000000 83.00000000000000000000
17.00000000000000000000 6.00000000000000000000 3602.00000000000000000000 268.00000000000000000000 218.00000000000000000000 3.00000000000000000000 1.60000002384185791016 609352.00000000000000000000 126676.00000000000000000000 5.00000000000000000000 4126.00000000000000000000 1334456.00000000000000000000 83.00000000000000000000
8.00000000000000000000 8.00000000000000000000 1255.00000000000000000000 100.00000000000000000000 85.00000000000000000000 0.60000002384185791016 0.40000000596046447754 3412.00000000000000000000 27903.00000000000000000000 2.50000000000000000000 913.00000000000000000000 975482.00000000000000000000 94.00000000000000000000
9.00000000000000000000 1.00000000000000000000 3357.00000000000000000000 149.00000000000000000000 145.00000000000000000000 1.00000000000000000000 1.20000004768371582031 122904.00000000000000000000 40944.00000000000000000000 5.19999980926513671875 3092.00000000000000000000 1538472.00000000000000000000 89.00000000000000000000
123.00000000000000000000 58.00000000000000000000 668.00000000000000000000 228.00000000000000000000 199.00000000000000000000 0.20000000298023221101 0.20000000298023221101 575770.00000000000000000000 196314.00000000000000000000 2.79999995231628417969 6158.00000000000000000000 1836848.00000000000000000000 94.00000000000000000000
6.00000000000000000000 2.00000000000000000000 3529.00000000000000000000 123.00000000000000000000 87.00000000000000000000 0.80000001192092895508 2.40000009536743208471 203737.00000000000000000000 45113.00000000000000000000 3.79999995231628417969 3325.00000000000000000000 1547805.00000000000000000000 87.00000000000000000000
39.00000000000000000000 57.00000000000000000000 936.00000000000000000000 51.00000000000000000000 50.00000000000000000000 0.40000000596046447754 0.40000000596046447754 3353.00000000000000000000 23502.00000000000000000000 1.70000004768371582031 182.00000000000000000000 989358.00000000000000000000 96.00000000000000000000
42.00000000000000000000 3.00000000000000000000 3704.00000000000000000000 403.00000000000000000000 316.00000000000000000000 6.00000000000000000000 4.80000019073486328125 381160.00000000000000000000 118895.00000000000000000000 6.80000019073486328125 362.00000000000000000000 1316630.00000000000000000000 77.00000000000000000000
2.00000000000000000000 1.00000000000000000000 1969.00000000000000000000 214.00000000000000000000 207.00000000000000000000 0.20000000298023221101 0.20000000298023221101 86898.00000000000000000000 410188.00000000000000000000 2.20000004768371582031 182.00000000000000000000 1376811.00000000000000000000 92.00000000000000000000
4.00000000000000000000 1.00000000000000000000 444.00000000000000000000 44.00000000000000000000 19.00000000000000000000 2.40000009536743208471 2.78999996185302778784 81225.00000000000000000000 19035.00000000000000000000 1.00000000000000000000 11399.00000000000000000000 1877732.00000000000000000000 88.00000000000000000000
2.00000000000000000000 0.00000000000000000000 404.00000000000000000000 32.00000000000000000000 30.00000000000000000000 2.20000004768371582031 2.99000000953674316406 71109.00000000000000000000 38940.00000000000000000000 1.60000002384185791016 2436.00000000000000000000 1816624.00000000000000000000 85.00000000000000000000
0.00000000000000000000 0.00000000000000000000 2363.00000000000000000000 127.00000000000000000000 81.00000000000000000000 0.20000000298023221101 0.20000000298023221101 638295.00000000000000000000 107566.00000000000000000000 2.00000000000000000000 130.00000000000000000000 1757261.00000000000000000000 81.00000000000000000000
27.00000000000000000000 37.00000000000000000000 882.00000000000000000000 92.00000000000000000000 71.00000000000000000000 0.40000000596046447754 0.40000000596046447754 38612.00000000000000000000 31518.00000000000000000000 1.00000000000000000000 148.00000000000000000000 1011275.00000000000000000000 94.00000000000000000000
0.00000000000000000000 0.00000000000000000000 2285.00000000000000000000 207.00000000000000000000 167.00000000000000000000 0.40000000596046447754 0.60000002384185791016 174265.00000000000000000000 45943.00000000000000000000 3.50000000000000000000 1224.00000000000000000000 1038943.00000000000000000000 90.00000000000000000000
7.00000000000000000000 1.00000000000000000000 2886.00000000000000000000 276.00000000000000000000 136.00000000000000000000 6.19999980926513671875 23.00000000000000000000 157598.00000000000000000000 37806.00000000000000000000 1.29999995231628417969 309.00000000000000000000 1033933.00000000000000000000 70.00000000000000000000
15.00000000000000000000 20.00000000000000000000 774.00000000000000000000 59.00000000000000000000 65.00000000000000000000 0.40000000596046447754 0.80000001192092895508 55367.00000000000000000000 45091.00000000000000000000 3.00000000000000000000 1782.00000000000000000000 1074698.00000000000000000000 93.00000000000000000000
33.00000000000000000000 21.00000000000000000000 2574.00000000000000000000 208.00000000000000000000 113.00000000000000000000 5.80000019073486328125 5.80000019073486328125 635811.00000000000000000000 92129.00000000000000000000 3.59999990463256835938 2059.00000000000000000000 1088930.00000000000000000000 75.00000000000000000000
6.00000000000000000000 0.00000000000000000000 865.00000000000000000000 121.00000000000000000000 63.00000000000000000000 0.60000002384185791016 0.60000002384185791016 376896.00000000000000000000 21455.00000000000000000000 1.60000002384185791016 151.00000000000000000000 1740303.00000000000000000000 87.00000000000000000000
9.00000000000000000000 5.00000000000000000000 766.00000000000000000000 72.00000000000000000000 62.00000000000000000000 2.59999990463256835938 4.80000019073486328125 174457.00000000000000000000 52467.00000000000000000000 1.79999995231628417969 425.00000000000000000000 1802610.00000000000000000000 82.00000000000000000000
7.00000000000000000000 2.00000000000000000000 2342.00000000000000000000 125.00000000000000000000 74.00000000000000000000 2.20000004768371582031 4.19999980926513671875 294081.00000000000000000000 71960.00000000000000000000 1.00000000000000000000 175.00000000000000000000 1058875.00000000000000000000 85.00000000000000000000
1.00000000000000000000 0.00000000000000000000 280.00000000000000000000 12.00000000000000000000 15.00000000000000000000 0.60000002384185791016 0.60000002384185791016 1076.00000000000000000000 5271.00000000000000000000 1.00000000000000000000 7425.00000000000000000000 1869494.00000000000000000000 98.00000000000000000000
219.00000000000000000000 109.00000000000000000000 5165.00000000000000000000 558.00000000000000000000 462.00000000000000000000 5.59999990463256835938 1.60000002384185791016 279042.00000000000000000000 155638.00000000000000000000 1.00000000000000000000 140.00000000000000000000 1017734.00000000000000000000 66.00000000000000000000
3.00000000000000000000 1.00000000000000000000 3629.00000000000000000000 244.00000000000000000000 127.00000000000000000000 0.40000000596046447754 0.40000000596046447754 863112.00000000000000000000 81425.00000000000000000000 3.59999990463256835938 1376.00000000000000000000 1542600.00000000000000000000 91.00000000000000000000
246.00000000000000000000 111.00000000000000000000 2597.00000000000000000000 224.00000000000000000000 193.00000000000000000000 4.00000000000000000000 6.80000019073486328125 441256.00000000000000000000 180505.00000000000000000000 2.00000000000000000000 221.00000000000000000000 1037286.00000000000000000000 69.00000000000000000000
1.00000000000000000000 1.00000000000000000000 3845.00000000000000000000 192.00000000000000000000 125.00000000000000000000 0.40000000596046447754 0.40000000596046447754 93527.00000000000000000000 135304.00000000000000000000 7.50000000000000000000 1875.00000000000000000000 1005304.00000000000000000000 85.00000000000000000000
5.00000000000000000000 3.00000000000000000000 3768.00000000000000000000 293.00000000000000000000 179.00000000000000000000 3.00000000000000000000 5.00000000000000000000 111976.00000000000000000000 49759.00000000000000000000 6.00000000000000000000 114.00000000000000000000 1015811.00000000000000000000 80.00000000000000000000
1.00000000000000000000 0.00000000000000000000 1412.00000000000000000000 112.00000000000000000000 121.00000000000000000000 0.60000002384185791016 0.60000002384185791016 32016.00000000000000000000 40720.00000000000000000000 3.00000000000000000000 2511.00000000000000000000 1701450.00000000000000000000 91.00000000000000000000
2.00000000000000000000 0.00000000000000000000 1884.00000000000000000000 133.00000000000000000000 84.00000000000000000000 1.20000004768371582031 1.39999997615814208984 92242.00000000000000000000 76126.00000000000000000000 2.00000000000000000000 810.00000000000000000000 1033502.00000000000000000000 88.00000000000000000000
2.00000000000000000000 0.00000000000000000000 4292.00000000000000000000 270.00000000000000000000 226.00000000000000000000 1.20000004768371582031 2.60999989509582519531 162276.00000000000000000000 290731.00000000000000000000 3.00000000000000000000 836.00000000000000000000 1009645.00000000000000000000 79.00000000000000000000
1.00000000000000000000 0.00000000000000000000 3839.00000000000000000000 317.00000000000000000000 164.00000000000000000000 0.60000002384185791016 1.20000004768371582031 97366.00000000000000000000 49773.00000000000000000000 1.50000000000000000000 157.00000000000000000000 1124760.00000000000000000000 86.00000000000000000000
1.00000000000000000000 0.00000000000000000000 1925.00000000000000000000 88.00000000000000000000 96.00000000000000000000 0.20000000298023221101 0.20000000298023221101 3715.00000000000000000000 12124.00000000000000000000 2.00000000000000000000 1414.00000000000000000000 1725048.00000000000000000000 97.00000000000000000000
2.00000000000000000000 1.00000000000000000000 310.00000000000000000000 43.00000000000000000000 39.00000000000000000000 0.80000001192092895508 0.80000001192092895508 29399.00000000000000000000 9719.00000000000000000000 1.00000000000000000000 6808.00000000000000000000 1841216.00000000000000000000 96.00000000000000000000
14.00000000000000000000 0.00000000000000000000 4397.00000000000000000000 371.00000000000000000000 164.00000000000000000000 12.55000019073486328125 35.65999984741210937500 247839.00000000000000000000 21597.00000000000000000000 2.70000004768371582031 307.00000000000000000000 1074696.00000000000000000000 58.00000000000000000000
5.00000000000000000000 4.00000000000000000000 1568.00000000000000000000 68.00000000000000000000 102.00000000000000000000 0.20000000298023221101 0.20000000298023221101 42053.00000000000000000000 30000.00000000000000000000 1.50000000000000000000 313.00000000000000000000 1016542.00000000000000000000 92.00000000000000000000
23.00000000000000000000 30.00000000000000000000 796.00000000000000000000 53.00000000000000000000 57.00000000000000000000 0.20000000298023221101 0.20000000298023221101 82739.00000000000000000000 148250.00000000000000000000 1.00000000000000000000 7036.00000000000000000000 1830402.00000000000000000000 95.00000000000000000000
2.00000000000000000000 1.00000000000000000000 1335.00000000000000000000 151.00000000000000000000 122.00000000000000000000 0.80000001192092895508 5.00000000000000000000 66706.00000000000000000000 43887.00000000000000000000 1.00000000000000000000 365.00000000000000000000 1031246.00000000000000000000 91.00000000000000000000
1.00000000000000000000 0.00000000000000000000 502.00000000000000000000 47.00000000000000000000 53.00000000000000000000 0.20000000298023221101 0.20000000298023221101 4534.00000000000000000000 26789.00000000000000000000 1.50000000000000000000 379.00000000000000000000 1091186.00000000000000000000 96.00000000000000000000
1.00000000000000000000 1.00000000000000000000 331.00000000000000000000 55.00000000000000000000 54.00000000000000000000 0.20000000298023221101 0.20000000298023221101 234056.00000000000000000000 232515.00000000000000000000 1.20000004768371582031 2075.00000000000000000000 1770903.00000000000000000000 90.00000000000000000000
3.00000000000000000000 0.00000000000000000000 972.00000000000000000000 36.00000000000000000000 21.00000000000000000000 1.79999995231628417969 3.19000005722045898438 72137.00000000000000000000 7678.00000000000000000000 1.39999997615814208984 7534.00000000000000000000 1865183.00000000000000000000 93.00000000000000000000
45.00000000000000000000 0.00000000000000000000 5195.00000000000000000000 622.00000000000000000000 613.00000000000000000000 1.60000002384185791016 1.00000000000000000000 184934.00000000000000000000 156711.00000000000000000000 3.40000009536743208471 187.00000000000000000000 1047942.00000000000000000000 83.00000000000000000000
8.00000000000000000000 6.00000000000000000000 5435.00000000000000000000 151.00000000000000000000 107.00000000000000000000 2.00000000000000000000 7.19000005722045898438 71250.00000000000000000000 38841.00000000000000000000 3.00000000000000000000 606.00000000000000000000 1444337.00000000000000000000 81.00000000000000000000
30.00000000000000000000 40.00000000000000000000 467.00000000000000000000 38.00000000000000000000 27.00000000000000000000 2.59999990463256835938 3.20000004768371582031 64280.00000000000000000000 36998.00000000000000000000 1.20000004768371582031 2384.00000000000000000000 1796712.00000000000000000000 82.00000000000000000000
11.00000000000000000000 3.00000000000000000000 1770.00000000000000000000 422.00000000000000000000 149.00000000000000000000 1.20000004768371582031 1.20000004768371582031 534102.00000000000000000000 488437.00000000000000000000 3.40000009536743208471 362.00000000000000000000 1032634.00000000000000000000 85.00000000000000000000
1.00000000000000000000 0.00000000000000000000 2903.00000000000000000000 411.00000000000000000000 299.00000000000000000000 0.80000001192092895508 2.20000004768371582031 96619.00000000000000000000 33746.00000000000000000000 2.20000004768371582031 254.00000000000000000000 1101202.00000000000000000000 85.00000000000000000000
6.00000000000000000000 2.00000000000000000000 1046.00000000000000000000 98.00000000000000000000 40.00000000000000000000 3.00000000000000000000 12.39999961853027166114 66120.00000000000000000000 22817.00000000000000000000 1.00000000000000000000 198.00000000000000000000 1036710.00000000000000000000 89.00000000000000000000
23.00000000000000000000 9.00000000000000000000 2699.00000000000000000000 142.00000000000000000000 95.00000000000000000000 2.59999990463256835938 3.20000004768371582031 414327.00000000000000000000 272247.00000000000000000000 4.80000019073486328125 2672.00000000000000000000 1564619.00000000000000000000 87.00000000000000000000
29.00000000000000000000 30.00000000000000000000 2678.00000000000000000000 222.00000000000000000000 206.00000000000000000000 6.19999980926513671875 2.40000009536743208471 141104.00000000000000000000 28803.00000000000000000000 3.20000004768371582031 814.00000000000000000000 1719293.00000000000000000000 81.00000000000000000000
1.00000000000000000000 1.00000000000000000000 1365.00000000000000000000 101.00000000000000000000 56.00000000000000000000 0.20000000298023221101 0.20000000298023221101 116063.00000000000000000000 62156.00000000000000000000 1.00000000000000000000 8291.00000000000000000000 1839168.00000000000000000000 95.00000000000000000000
0.00000000000000000000 0.00000000000000000000 216.00000000000000000000 14.00000000000000000000 20.00000000000000000000 0.20000000298023221101 0.20000000298023221101 452.00000000000000000000 5432.00000000000000000000 1.39999997615814208984 974.00000000000000000000 1761416.00000000000000000000 91.00000000000000000000
19.00000000000000000000 27.00000000000000000000 264.00000000000000000000 44.00000000000000000000 22.00000000000000000000 0.20000000298023221101 0.20000000298023221101 254670.00000000000000000000 4088.00000000000000000000 1.79999995231628417969 7311.00000000000000000000 1873264.00000000000000000000 97.00000000000000000000
2.00000000000000000000 0.00000000000000000000 517.00000000000000000000 71.00000000000000000000 28.00000000000000000000 1.79999995231628417969 1.79999995231628417969 362691.00000000000000000000 28190.00000000000000000000 2.59999990463256835938 131.00000000000000000000 1792312.00000000000000000000 81.00000000000000000000
2.00000000000000000000 0.00000000000000000000 1318.00000000000000000000 108.00000000000000000000 95.00000000000000000000 0.40000000596046447754 0.80000001192092895508 4035.00000000000000000000 43515.00000000000000000000 2.20000004768371582031 1046.00000000000000000000 973795.00000000000000000000 93.00000000000000000000
64.00000000000000000000 82.00000000000000000000 2442.00000000000000000000 456.00000000000000000000 192.00000000000000000000 1.20000004768371582031 0.80000001192092895508 584516.00000000000000000000 567421.00000000000000000000 2.00000000000000000000 555.00000000000000000000 1041030.00000000000000000000 88.00000000000000000000
23.00000000000000000000 12.00000000000000000000 1673.00000000000000000000 145.00000000000000000000 117.00000000000000000000 2.00000000000000000000 6.80000019073486328125 160268.00000000000000000000 57456.00000000000000000000 581.00000000000000000000 87.00000000000000000000 13.00000000000000000000 0.00000000000000000000
33.00000000000000000000 47.00000000000000000000 562.00000000000000000000 92.00000000000000000000 36.00000000000000000000 0.40000000596046447754 1.79999995231628417969 292680.00000000000000000000 26315.00000000000000000000 1.00000000000000000000 599.00000000000000000000 1034651.00000000000000000000 94.00000000000000000000
12.00000000000000000000 9.00000000000000000000 605.00000000000000000000 98.00000000000000000000 77.00000000000000000000 1.60000002384185791016 0.60000002384185791016 19814.00000000000000000000 11134.00000000000000000000 1.39999997615814208984 407.00000000000000000000 1757275.00000000000000000000 95.00000000000000000000
5.00000000000000000000 1.00000000000000000000 1997.00000000000000000000 141.00000000000000000000 134.00000000000000000000 1.60000002384185791016 3.79999995231628417969 274369.00000000000000000000 54368.00000000000000000000 1.50000000000000000000 547.00000000000000000000 1043448.00000000000000000000 86.00000000000000000000
5.00000000000000000000 4.00000000000000000000 809.00000000000000000000 72.00000000000000000000 62.00000000000000000000 0.20000000298023221101 0.20000000298023221101 5228.00000000000000000000 19660.00000000000000000000 142.00000000000000000000 96.00000000000000000000 4.00000000000000000000 0.00000000000000000000
4.00000000000000000000 3.00000000000000000000 4571.00000000000000000000 441.00000000000000000000 362.00000000000000000000 0.60000002384185791016 1.99000000953674316406 469603.00000000000000000000 479822.00000000000000000000 2.00000000000000000000 586.00000000000000000000 1012072.00000000000000000000 75.00000000000000000000
88.00000000000000000000 72.00000000000000000000 6078.00000000000000000000 332.00000000000000000000 221.00000000000000000000 3.79999995231628417969 10.39999961853027166114 359195.00000000000000000000 203698.00000000000000000000 4.40000009536743164062 737.00000000000000000000 1336512.00000000000000000000 72.00000000000000000000
17.00000000000000000000 9.00000000000000000000 1048.00000000000000000000 124.00000000000000000000 69.00000000000000000000 1.00000000000000000000 1.39999997615814208984 683931.00000000000000000000 188394.00000000000000000000 1.00000000000000000000 309.00000000000000000000 1051283.00000000000000000000 76.00000000000000000000
4.00000000000000000000 3.00000000000000000000 1107.00000000000000000000 80.00000000000000000000 54.00000000000000000000 0.40000000596046447754 0.40000000596046447754 3303.00000000000000000000 23337.00000000000000000000 1.00000000000000000000 2467.00000000000000000000 1015398.00000000000000000000 95.00000000000000000000
87.00000000000000000000 45.00000000000000000000 4469.00000000000000000000 301.00000000000000000000 210.00000000000000000000 9.00000000000000000000 19.39999961853027699021 237822.00000000000000000000 144350.00000000000000000000 2.00000000000000000000 428.00000000000000000000 1096499.00000000000000000000 69.00000000000000000000
35.00000000000000000000 47.00000000000000000000 628.00000000000000000000 62.00000000000000000000 36.00000000000000000000 0.80000001192092895508 1.00000000000000000000 181004.00000000000000000000 9809.00000000000000000000 1.39999997615814208984 1616.00000000000000000000 1708194.00000000000000000000 94.00000000000000000000
1.00000000000000000000 1.00000000000000000000 254.00000000000000000000 16.00000000000000000000 43.00000000000000000000 0.60000002384185791016 0.60000002384185791016 2451.00000000000000000000 21013.00000000000000000000 1.00000000000000000000 6220.00000000000000000000 1856464.00000000000000000000 97.00000000000000000000
50.00000000000000000000 62.00000000000000000000 3443.00000000000000000000 468.00000000000000000000 327.00000000000000000000 5.40000009536743164062 3.00000000000000000000 178546.00000000000000000000 78089.00000000000000000000 1.29999995231628417969 171.00000000000000000000 966218.00000000000000000000 76.00000000000000000000
82.00000000000000000000 2.00000000000000000000 4146.00000000000000000000 436.00000000000000000000 204.00000000000000000000 0.60000002384185791016 1.20000004768371582031 213852.00000000000000000000 125542.00000000000000000000 6.59999990463256835938 1149.00000000000000000000 1305397.00000000000000000000 81.00000000000000000000
0.00000000000000000000 0.00000000000000000000 273.00000000000000000000 32.00000000000000000000 42.00000000000000000000 0.20000000298023221101 0.20000000298023221101 16418.00000000000000000000 23088.00000000000000000000 1.20000004768371582031 2666.00000000000000000000 1771728.00000000000000000000 95.00000000000000000000
0.00000000000000000000 0.00000000000000000000 3180.00000000000000000000 235.00000000000000000000 166.00000000000000000000 0.60000002384185791016 0.60000002384185791016 218260.00000000000000000000 101942.00000000000000000000 2.59999990463256835938 1730.00000000000000000000 1413717.00000000000000000000 91.00000000000000000000
1.00000000000000000000 0.00000000000000000000 3989.00000000000000000000 188.00000000000000000000 139.00000000000000000000 0.40000000596046447754 0.40000000596046447754 157284.00000000000000000000 29787.00000000000000000000 2.00000000000000000000 468.00000000000000000000 1060715.00000000000000000000 90.00000000000000000000
1.00000000000000000000 0.00000000000000000000 219.00000000000000000000 22.00000000000000000000 18.00000000000000000000 0.20000000298023221101 0.20000000298023221101 18596.00000000000000000000 19607.00000000000000000000 1.00000000000000000000 2814.00000000000000000000 1775373.00000000000000000000 96.00000000000000000000
2.00000000000000000000 1.00000000000000000000 301.00000000000000000000 27.00000000000000000000 37.00000000000000000000 0.60000002384185791016 0.40000000596046447754 90093.00000000000000000000 15683.00000000000000000000 1.20000004768371582031 7435.00000000000000000000 1875941.00000000000000000000 97.00000000000000000000
10.00000000000000000000 9.00000000000000000000 3305.00000000000000000000 179.00000000000000000000 161.00000000000000000000 0.80000001192092895508 1.20000004768371582031 23778.00000000000000000000 15635.00000000000000000000 2.40000009536743208471 1140.00000000000000000000 1458098.00000000000000000000 89.00000000000000000000
2.00000000000000000000 0.00000000000000000000 2443.00000000000000000000 213.00000000000000000000 120.00000000000000000000 0.20000000298023221101 0.20000000298023221101 304797.00000000000000000000 217049.00000000000000000000 3.20000004768371582031 1166.00000000000000000000 1729090.00000000000000000000 92.00000000000000000000
3.00000000000000000000 2.00000000000000000000 1042.00000000000000000000 93.00000000000000000000 71.00000000000000000000 0.40000000596046447754 0.40000000596046447754 85904.00000000000000000000 36139.00000000000000000000 2.20000004768371582031 1566.00000000000000000000 1538107.00000000000000000000 94.00000000000000000000
28.00000000000000000000 39.00000000000000000000 1360.00000000000000000000 57.00000000000000000000 36.00000000000000000000 1.00000000000000000000 5.59999990463256835938 102607.00000000000000000000 18360.00000000000000000000 1.39999997615814208984 4631.00000000000000000000 1824720.00000000000000000000 94.00000000000000000000
1.00000000000000000000 0.00000000000000000000 239.00000000000000000000 28.00000000000000000000 23.00000000000000000000 0.60000002384185791016 0.60000002384185791016 11276.00000000000000000000 6283.00000000000000000000 1.00000000000000000000 437.00000000000000000000 1757280.00000000000000000000 97.00000000000000000000
0.00000000000000000000 0.00000000000000000000 957.00000000000000000000 82.00000000000000000000 62.00000000000000000000 0.40000000596046447754 1.79999995231628417969 17922.00000000000000000000 13341.00000000000000000000 1.50000000000000000000 199.00000000000000000000 994078.00000000000000000000 96.00000000000000000000
6.00000000000000000000 1.00000000000000000000 1201.00000000000000000000 128.00000000000000000000 95.00000000000000000000 2.40000009536743208471 3.20000004768371582031 158463.00000000000000000000 21294.00000000000000000000 3.00000000000000000000 1112.00000000000000000000 1062160.00000000000000000000 92.00000000000000000000
2.00000000000000000000 0.00000000000000000000 2191.00000000000000000000 158.00000000000000000000 132.00000000000000000000 1.79999995231628417969 0.60000002384185791016 76488.00000000000000000000 54752.00000000000000000000 2.20000004768371582031 269.00000000000000000000 1740456.00000000000000000000 83.00000000000000000000
44.00000000000000000000 62.00000000000000000000 1186.00000000000000000000 110.00000000000000000000 108.00000000000000000000 0.80000001192092895508 0.80000001192092895508 119701.00000000000000000000 57634.00000000000000000000 1.70000004768371582031 276.00000000000000000000 974613.00000000000000000000 88.00000000000000000000
12.00000000000000000000 3.00000000000000000000 1752.00000000000000000000 135.00000000000000000000 45.00000000000000000000 1.60000002384185791016 1.79999995231628417969 218922.00000000000000000000 34199.00000000000000000000 3.00000000000000000000 759.00000000000000000000 1522786.00000000000000000000 81.00000000000000000000
2.00000000000000000000 0.00000000000000000000 2949.00000000000000000000 213.00000000000000000000 108.00000000000000000000 1.00000000000000000000 1.20000004768371582031 603387.00000000000000000000 29934.00000000000000000000 1.39999997615814208984 1149.00000000000000000000 1044112.00000000000000000000 86.00000000000000000000
1.00000000000000000000 0.00000000000000000000 139.00000000000000000000 11.00000000000000000000 16.00000000000000000000 0.20000000298023221101 0.20000000298023221101 433.00000000000000000000 12587.00000000000000000000 1.00000000000000000000 8475.00000000000000000000 1862328.00000000000000000000 98.00000000000000000000
6.00000000000000000000 2.00000000000000000000 1549.00000000000000000000 232.00000000000000000000 201.00000000000000000000 4.40000009536743164062 1.20000004768371582031 133566.00000000000000000000 9375.00000000000000000000 2.40000009536743208471 7948.00000000000000000000 1833715.00000000000000000000 88.00000000000000000000
1.00000000000000000000 0.00000000000000000000 2100.00000000000000000000 201.00000000000000000000 147.00000000000000000000 0.60000002384185791016 0.60000002384185791016 191592.00000000000000000000 17844.00000000000000000000 2.59999990463256835938 1938.00000000000000000000 1408730.00000000000000000000 87.00000000000000000000
3.00000000000000000000 1.00000000000000000000 5670.00000000000000000000 226.00000000000000000000 196.00000000000000000000 0.20000000298023221101 0.20000000298023221101 11251.00000000000000000000 27610.00000000000000000000 1.00000000000000000000 425.00000000000000000000 1010614.00000000000000000000 88.00000000000000000000
32.00000000000000000000 44.00000000000000000000 4496.00000000000000000000 572.00000000000000000000 466.00000000000000000000 0.20000000298023221101 0.20000000298023221101 35864.00000000000000000000 43328.00000000000000000000 1.00000000000000000000 203.00000000000000000000 1016794.00000000000000000000 86.00000000000000000000
0.00000000000000000000 0.00000000000000000000 2219.00000000000000000000 148.00000000000000000000 116.00000000000000000000 0.20000000298023221101 0.20000000298023221101 32355.00000000000000000000 49411.00000000000000000000 1.00000000000000000000 544.00000000000000000000 1022382.00000000000000000000 94.00000000000000000000
3.00000000000000000000 1.00000000000000000000 544.00000000000000000000 92.00000000000000000000 73.00000000000000000000 1.79999995231628417969 1.79999995231628417969 247617.00000000000000000000 175885.00000000000000000000 2.00000000000000000000 3549.00000000000000000000 1822469.00000000000000000000 88.00000000000000000000
1.00000000000000000000 0.00000000000000000000 3266.00000000000000000000 549.00000000000000000000 109.00000000000000000000 0.20000000298023221101 0.20000000298023221101 118567.00000000000000000000 45860.00000000000000000000 2.20000004768371582031 253.00000000000000000000 997362.00000000000000000000 85.00000000000000000000
0.00000000000000000000 0.00000000000000000000 133.00000000000000000000 7.00000000000000000000 9.00000000000000000000 0.20000000298023221101 0.20000000298023221101 438.00000000000000000000 5817.00000000000000000000 1.20000004768371582031 8603.00000000000000000000 1865776.00000000000000000000 99.00000000000000000000
18.00000000000000000000 28.00000000000000000000 703.00000000000000000000 59.00000000000000000000 40.00000000000000000000 0.60000002384185791016 0.60000002384185791016 1611.00000000000000000000 8707.00000000000000000000 1.00000000000000000000 1082.00000000000000000000 1743728.00000000000000000000 94.00000000000000000000
8.00000000000000000000 6.00000000000000000000 2638.00000000000000000000 318.00000000000000000000 227.00000000000000000000 1.00000000000000000000 1.00000000000000000000 116691.00000000000000000000 55005.00000000000000000000 1.00000000000000000000 164.00000000000000000000 1096913.00000000000000000000 85.00000000000000000000
28.00000000000000000000 38.00000000000000000000 4703.00000000000000000000 234.00000000000000000000 187.00000000000000000000 2.59999990463256835938 0.80000001192092895508 63062.00000000000000000000 24504.00000000000000000000 1.00000000000000000000 185.00000000000000000000 1015110.00000000000000000000 86.00000000000000000000
4.00000000000000000000 0.00000000000000000000 716.00000000000000000000 50.00000000000000000000 25.00000000000000000000 2.00000000000000000000 9.80000019073486328125 86846.00000000000000000000 19261.00000000000000000000 1.20000004768371582031 8403.00000000000000000000 1865018.00000000000000000000 93.00000000000000000000
10.00000000000000000000 0.00000000000000000000 3003.00000000000000000000 447.00000000000000000000 383.00000000000000000000 9.00000000000000000000 2.79999995231628417969 273594.00000000000000000000 10059.00000000000000000000 3.40000009536743208471 8659.00000000000000000000 1865656.00000000000000000000 79.00000000000000000000
15.00000000000000000000 0.00000000000000000000 4222.00000000000000000000 302.00000000000000000000 226.00000000000000000000 8.39999961853027343750 18.79999923706054687500 100520.00000000000000000000 35425.00000000000000000000 1.20000004768371582031 296.00000000000000000000 1082901.00000000000000000000 67.00000000000000000000
17.00000000000000000000 25.00000000000000000000 1405.00000000000000000000 83.00000000000000000000 142.00000000000000000000 0.60000002384185791016 0.60000002384185791016 12122.00000000000000000000 157021.00000000000000000000 1.20000004768371582031 144.00000000000000000000 1746180.00000000000000000000 94.00000000000000000000
1.00000000000000000000 1.00000000000000000000 465.00000000000000000000 22.00000000000000000000 28.00000000000000000000 0.20000000298023221101 0.20000000298023221101 11366.00000000000000000000 12964.00000000000000000000 1.20000004768371582031 6848.00000000000000000000 1877352.00000000000000000000 98.00000000000000000000
0.00000000000000000000 0.00000000000000000000 4182.00000000000000000000 245.00000000000000000000 145.00000000000000000000 0.20000000298023221101 0.20000000298023221101 24077.00000000000000000000 22389.00000000000000000000 1.00000000000000000000 152.00000000000000000000 1137411.00000000000000000000 88.00000000000000000000
0.00000000000000000000 0.00000000000000000000 169.00000000000000000000 15.00000000000000000000 24.00000000000000000000 0.20000000298023221101 0.20000000298023221101 429.00000000000000000000 5621.00000000000000000000 1.00000000000000000000 5270.00000000000000000000 1856587.00000000000000000000 98.00000000000000000000
47.00000000000000000000 1.00000000000000000000 3817.00000000000000000000 210.00000000000000000000 151.00000000000000000000 12.00000000000000000000 34.79999923706054687500 229231.00000000000000000000 34353.00000000000000000000 2.59999990463256835938 162.00000000000000000000 1095566.00000000000000000000 58.00000000000000000000
1.00000000000000000000 1.00000000000000000000 301.00000000000000000000 43.00000000000000000000 32.00000000000000000000 0.20000000298023221101 0.20000000298023221101 20290.00000000000000000000 4785.00000000000000000000 2.20000004768371582031 147.00000000000000000000 1716640.00000000000000000000 98.00000000000000000000
128.00000000000000000000 51.00000000000000000000 2429.00000000000000000000 355.00000000000000000000 346.00000000000000000000 1.60000002384185791016 3.00000000000000000000 661653.00000000000000000000 450703.00000000000000000000 2.00000000000000000000 132.00000000000000000000 1016723.00000000000000000000 74.00000000000000000000
53.00000000000000000000 72.00000000000000000000 3728.00000000000000000000 209.00000000000000000000 185.00000000000000000000 0.60000002384185791016 0.60000002384185791016 222399.00000000000000000000 271021.00000000000000000000 4.59999990463256835938 1171.00000000000000000000 1327197.00000000000000000000 88.00000000000000000000
48.00000000000000000000 30.00000000000000000000 4032.00000000000000000000 470.00000000000000000000 330.00000000000000000000 6.00000000000000000000 2.59999990463256835938 655028.00000000000000000000 68781.00000000000000000000 7.59999990463256835938 8067.00000000000000000000 1368011.00000000000000000000 65.00000000000000000000
40.00000000000000000000 50.00000000000000000000 2610.00000000000000000000 233.00000000000000000000 75.00000000000000000000 2.79999995231628417969 2.59999990463256835938 544046.00000000000000000000 24440.00000000000000000000 2.40000009536743208471 1310.00000000000000000000 1752834.00000000000000000000 80.00000000000000000000
1.00000000000000000000 0.00000000000000000000 2870.00000000000000000000 219.00000000000000000000 124.00000000000000000000 0.60000002384185791016 1.00000000000000000000 258293.00000000000000000000 26410.00000000000000000000 1.29999995231628417969 504.00000000000000000000 1060874.00000000000000000000 92.00000000000000000000
1.00000000000000000000 1.00000000000000000000 1242.00000000000000000000 279.00000000000000000000 120.00000000000000000000 0.20000000298023221101 0.20000000298023221101 356664.00000000000000000000 349244.00000000000000000000 2.79999995231628417969 1934.00000000000000000000 1759984.00000000000000000000 95.00000000000000000000
3.00000000000000000000 1.00000000000000000000 667.00000000000000000000 55.00000000000000000000 91.00000000000000000000 2.00000000000000000000 3.00000000000000000000 56315.00000000000000000000 138603.00000000000000000000 1.00000000000000000000 5601.00000000000000000000 1841586.00000000000000000000 89.00000000000000000000
12.00000000000000000000 0.00000000000000000000 6188.00000000000000000000 624.00000000000000000000 408.00000000000000000000 4.98999977111816406250 2.00000000000000000000 137279.00000000000000000000 62736.00000000000000000000 1.00000000000000000000 328.00000000000000000000 1065847.00000000000000000000 76.00000000000000000000
3.00000000000000000000 0.00000000000000000000 3052.00000000000000000000 111.00000000000000000000 197.00000000000000000000 1.00000000000000000000 1.20000004768371582031 112750.00000000000000000000 473805.00000000000000000000 2.00000000000000000000 480.00000000000000000000 1386939.00000000000000000000 90.00000000000000000000
1.00000000000000000000 0.00000000000000000000 5527.00000000000000000000 192.00000000000000000000 147.00000000000000000000 0.20000000298023221101 0.20000000298023221101 265066.00000000000000000000 88570.00000000000000000000 1.50000000000000000000 126.00000000000000000000 1010410.00000000000000000000 89.00000000000000000000
5.00000000000000000000 1.00000000000000000000 1596.00000000000000000000 182.00000000000000000000 107.00000000000000000000 0.20000000298023221101 0.20000000298023221101 818686.00000000000000000000 79474.00000000000000000000 4.40000009536743164062 303.00000000000000000000 1328899.00000000000000000000 81.00000000000000000000
88.00000000000000000000 121.00000000000000000000 3171.00000000000000000000 171.00000000000000000000 111.00000000000000000000 0.60000002384185791016 0.60000002384185791016 107282.00000000000000000000 77941.00000000000000000000 6.19999980926513671875 300.00000000000000000000 1309459.00000000000000000000 92.00000000000000000000
83.00000000000000000000 100.00000000000000000000 4659.00000000000000000000 260.00000000000000000000 242.00000000000000000000 3.40000009536743208471 7.00000000000000000000 87695.00000000000000000000 133647.00000000000000000000 3.79999995231628417969 1069.00000000000000000000 1639603.00000000000000000000 78.00000000000000000000
0.00000000000000000000 0.00000000000000000000 286.00000000000000000000 27.00000000000000000000 29.00000000000000000000 0.40000000596046447754 0.40000000596046447754 1133.00000000000000000000 7193.00000000000000000000 1.00000000000000000000 7295.00000000000000000000 1861094.00000000000000000000 96.00000000000000000000
21.00000000000000000000 28.00000000000000000000 440.00000000000000000000 32.00000000000000000000 22.00000000000000000000 0.20000000298023221101 0.20000000298023221101 1015.00000000000000000000 10645.00000000000000000000 3.00000000000000000000 318.00000000000000000000 1711758.00000000000000000000 97.00000000000000000000
1.00000000000000000000 0.00000000000000000000 2195.00000000000000000000 206.00000000000000000000 193.00000000000000000000 0.20000000298023221101 0.20000000298023221101 147433.00000000000000000000 58559.00000000000000000000 1.00000000000000000000 257.00000000000000000000 1040781.00000000000000000000 91.00000000000000000000
10.00000000000000000000 10.00000000000000000000 983.00000000000000000000 184.00000000000000000000 84.00000000000000000000 0.20000000298023221101 0.20000000298023221101 248551.00000000000000000000 189255.00000000000000000000 3.20000004768371582031 2694.00000000000000000000 1583341.00000000000000000000 97.00000000000000000000
10.00000000000000000000 3.00000000000000000000 3180.00000000000000000000 433.00000000000000000000 390.00000000000000000000 5.01000022888183593750 1.39999997615814208984 271335.00000000000000000000 136601.00000000000000000000 3.40000009536743208471 625.00000000000000000000 958091.00000000000000000000 78.00000000000000000000
0.00000000000000000000 0.00000000000000000000 164.00000000000000000000 14.00000000000000000000 15.00000000000000000000 0.20000000298023221101 0.20000000298023221101 444.00000000000000000000 3556.00000000000000000000 1.39999997615814208984 7418.00000000000000000000 1869323.00000000000000000000 98.00000000000000000000
29.00000000000000000000 12.00000000000000000000 862.00000000000000000000 135.00000000000000000000 91.00000000000000000000 0.40000000596046447754 0.40000000596046447754 131306.00000000000000000000 52089.00000000000000000000 1.00000000000000000000 693.00000000000000000000 990952.00000000000000000000 96.00000000000000000000
12.00000000000000000000 10.00000000000000000000 4538.00000000000000000000 192.00000000000000000000 166.00000000000000000000 0.40000000596046447754 0.40000000596046447754 14797.00000000000000000000 46413.00000000000000000000 2.00000000000000000000 827.00000000000000000000 990382.00000000000000000000 86.00000000000000000000
20.00000000000000000000 9.00000000000000000000 1834.00000000000000000000 261.00000000000000000000 258.00000000000000000000 4.40000009536743164062 1.39999997615814208984 137547.00000000000000000000 45286.00000000000000000000 4.40000009536743164062 6190.00000000000000000000 1709211.00000000000000000000 86.00000000000000000000
15.00000000000000000000 9.00000000000000000000 4803.00000000000000000000 327.00000000000000000000 309.00000000000000000000 1.39999997615814208984 2.99000000953674316406 168100.00000000000000000000 559019.00000000000000000000 1.50000000000000000000 534.00000000000000000000 992567.00000000000000000000 76.00000000000000000000
2.00000000000000000000 1.00000000000000000000 2128.00000000000000000000 197.00000000000000000000 133.00000000000000000000 0.60000002384185791016 1.99000000953674316406 43234.00000000000000000000 59314.00000000000000000000 1.50000000000000000000 735.00000000000000000000 991469.00000000000000000000 91.00000000000000000000
3.00000000000000000000 1.00000000000000000000 2223.00000000000000000000 158.00000000000000000000 107.00000000000000000000 0.40000000596046447754 0.40000000596046447754 53000.00000000000000000000 46297.00000000000000000000 2.59999990463256835938 271.00000000000000000000 1083947.00000000000000000000 89.00000000000000000000
9.00000000000000000000 5.00000000000000000000 4079.00000000000000000000 351.00000000000000000000 175.00000000000000000000 1.00000000000000000000 1.00000000000000000000 275337.00000000000000000000 46619.00000000000000000000 3.00000000000000000000 1331.00000000000000000000 1070187.00000000000000000000 85.00000000000000000000
3.00000000000000000000 1.00000000000000000000 380.00000000000000000000 38.00000000000000000000 17.00000000000000000000 1.79999995231628417969 1.79999995231628417969 86640.00000000000000000000 20172.00000000000000000000 1.00000000000000000000 11396.00000000000000000000 1881704.00000000000000000000 91.00000000000000000000
4.00000000000000000000 1.00000000000000000000 1310.00000000000000000000 114.00000000000000000000 123.00000000000000000000 1.00000000000000000000 0.60000002384185791016 22851.00000000000000000000 96155.00000000000000000000 3.50000000000000000000 611.00000000000000000000 1059350.00000000000000000000 93.00000000000000000000
8.00000000000000000000 1.00000000000000000000 2451.00000000000000000000 248.00000000000000000000 223.00000000000000000000 5.40000009536743164062 3.40000009536743208471 87278.00000000000000000000 58133.00000000000000000000 4.19999980926513671875 858.00000000000000000000 1541506.00000000000000000000 84.00000000000000000000
14.00000000000000000000 0.00000000000000000000 4895.00000000000000000000 693.00000000000000000000 480.00000000000000000000 10.00000000000000000000 14.60000038146972833886 323747.00000000000000000000 109589.00000000000000000000 1.50000000000000000000 136.00000000000000000000 1091562.00000000000000000000 62.00000000000000000000
1.00000000000000000000 0.00000000000000000000 1276.00000000000000000000 29.00000000000000000000 31.00000000000000000000 0.60000002384185791016 4.19999980926513671875 47728.00000000000000000000 9473.00000000000000000000 2.20000004768371582031 4590.00000000000000000000 1829136.00000000000000000000 97.00000000000000000000
11.00000000000000000000 11.00000000000000000000 5091.00000000000000000000 342.00000000000000000000 209.00000000000000000000 0.80000001192092895508 1.00000000000000000000 209472.00000000000000000000 59179.00000000000000000000 1.20000004768371582031 212.00000000000000000000 999008.00000000000000000000 83.00000000000000000000
26.00000000000000000000 34.00000000000000000000 906.00000000000000000000 74.00000000000000000000 50.00000000000000000000 1.60000002384185791016 1.79999995231628417969 178551.00000000000000000000 25205.00000000000000000000 2.20000004768371582031 4532.00000000000000000000 1840355.00000000000000000000 91.00000000000000000000
2.00000000000000000000 1.00000000000000000000 1338.00000000000000000000 82.00000000000000000000 48.00000000000000000000 0.20000000298023221101 0.20000000298023221101 197875.00000000000000000000 12946.00000000000000000000 1.00000000000000000000 5579.00000000000000000000 1832957.00000000000000000000 96.00000000000000000000
3.00000000000000000000 0.00000000000000000000 4119.00000000000000000000 277.00000000000000000000 251.00000000000000000000 1.79999995231628417969 1.79999995231628417969 233930.00000000000000000000 404746.00000000000000000000 3.00000000000000000000 315.00000000000000000000 997440.00000000000000000000 72.00000000000000000000
4.00000000000000000000 0.00000000000000000000 2631.00000000000000000000 223.00000000000000000000 106.00000000000000000000 0.80000001192092895508 0.80000001192092895508 114906.00000000000000000000 25591.00000000000000000000 1.79999995231628417969 696.00000000000000000000 1109129.00000000000000000000 90.00000000000000000000
1.00000000000000000000 1.00000000000000000000 1811.00000000000000000000 226.00000000000000000000 132.00000000000000000000 0.60000002384185791016 0.60000002384185791016 314015.00000000000000000000 45517.00000000000000000000 1.00000000000000000000 486.00000000000000000000 1115851.00000000000000000000 90.00000000000000000000
0.00000000000000000000 0.00000000000000000000 368.00000000000000000000 41.00000000000000000000 34.00000000000000000000 0.20000000298023221101 0.20000000298023221101 1460.00000000000000000000 13058.00000000000000000000 3.00000000000000000000 323.00000000000000000000 1711816.00000000000000000000 97.00000000000000000000
4.00000000000000000000 2.00000000000000000000 2142.00000000000000000000 127.00000000000000000000 132.00000000000000000000 0.40000000596046447754 0.40000000596046447754 54322.00000000000000000000 13560.00000000000000000000 3.20000004768371582031 332.00000000000000000000 1702925.00000000000000000000 95.00000000000000000000
0.00000000000000000000 0.00000000000000000000 2362.00000000000000000000 130.00000000000000000000 128.00000000000000000000 0.20000000298023221101 0.20000000298023221101 71809.00000000000000000000 48947.00000000000000000000 2.79999995231628417969 2381.00000000000000000000 1411045.00000000000000000000 92.00000000000000000000
0.00000000000000000000 0.00000000000000000000 341.00000000000000000000 153.00000000000000000000 54.00000000000000000000 0.20000000298023221101 0.20000000298023221101 225248.00000000000000000000 238684.00000000000000000000 2.20000004768371582031 1703.00000000000000000000 1759920.00000000000000000000 98.00000000000000000000
0.00000000000000000000 0.00000000000000000000 1848.00000000000000000000 161.00000000000000000000 94.00000000000000000000 0.20000000298023221101 0.20000000298023221101 6060.00000000000000000000 43988.00000000000000000000 1.79999995231628417969 627.00000000000000000000 1065781.00000000000000000000 91.00000000000000000000
63.00000000000000000000 8.00000000000000000000 2788.00000000000000000000 309.00000000000000000000 214.00000000000000000000 7.38999986648559570312 6.19000005722045898438 609458.00000000000000000000 142265.00000000000000000000 4.00000000000000000000 321.00000000000000000000 1039178.00000000000000000000 66.00000000000000000000
4.00000000000000000000 1.00000000000000000000 2289.00000000000000000000 197.00000000000000000000 140.00000000000000000000 0.40000000596046447754 0.40000000596046447754 85895.00000000000000000000 150802.00000000000000000000 2.59999990463256835938 160.00000000000000000000 1312763.00000000000000000000 90.00000000000000000000
64.00000000000000000000 83.00000000000000000000 3102.00000000000000000000 772.00000000000000000000 166.00000000000000000000 2.00000000000000000000 2.40000009536743208471 248949.00000000000000000000 94071.00000000000000000000 1.00000000000000000000 1155.00000000000000000000 1043166.00000000000000000000 82.00000000000000000000
0.00000000000000000000 0.00000000000000000000 601.00000000000000000000 120.00000000000000000000 49.00000000000000000000 0.20000000298023221101 0.20000000298023221101 454452.00000000000000000000 13125.00000000000000000000 2.79999995231628417969 1659.00000000000000000000 1733061.00000000000000000000 91.00000000000000000000
15.00000000000000000000 11.00000000000000000000 2198.00000000000000000000 305.00000000000000000000 171.00000000000000000000 0.60000002384185791016 1.79999995231628417969 294877.00000000000000000000 57789.00000000000000000000 1.20000004768371582031 159.00000000000000000000 1085358.00000000000000000000 90.00000000000000000000
1.00000000000000000000 0.00000000000000000000 696.00000000000000000000 32.00000000000000000000 59.00000000000000000000 0.20000000298023221101 0.20000000298023221101 142694.00000000000000000000 162378.00000000000000000000 2.79999995231628417969 5323.00000000000000000000 1680498.00000000000000000000 89.00000000000000000000
22.00000000000000000000 19.00000000000000000000 3515.00000000000000000000 293.00000000000000000000 190.00000000000000000000 2.99000000953674316406 2.99000000953674316406 208287.00000000000000000000 57369.00000000000000000000 3.20000004768371582031 523.00000000000000000000 1017028.00000000000000000000 79.00000000000000000000
9.00000000000000000000 1.00000000000000000000 3244.00000000000000000000 413.00000000000000000000 338.00000000000000000000 6.00000000000000000000 1.60000002384185791016 163931.00000000000000000000 14484.00000000000000000000 2.40000009536743208471 292.00000000000000000000 1709072.00000000000000000000 81.00000000000000000000
2.00000000000000000000 2.00000000000000000000 378.00000000000000000000 49.00000000000000000000 16.00000000000000000000 0.20000000298023221101 0.20000000298023221101 21735.00000000000000000000 12519.00000000000000000000 1.60000002384185791016 8359.00000000000000000000 1869392.00000000000000000000 98.00000000000000000000
4.00000000000000000000 2.00000000000000000000 1652.00000000000000000000 228.00000000000000000000 135.00000000000000000000 0.60000002384185791016 2.00000000000000000000 155437.00000000000000000000 16671.00000000000000000000 5.00000000000000000000 618.00000000000000000000 1124457.00000000000000000000 88.00000000000000000000
0.00000000000000000000 0.00000000000000000000 485.00000000000000000000 44.00000000000000000000 30.00000000000000000000 0.20000000298023221101 0.20000000298023221101 8144.00000000000000000000 16480.00000000000000000000 1.39999997615814208984 332.00000000000000000000 1752946.00000000000000000000 97.00000000000000000000
9.00000000000000000000 2.00000000000000000000 1470.00000000000000000000 218.00000000000000000000 185.00000000000000000000 5.40000009536743164062 1.60000002384185791016 145547.00000000000000000000 12325.00000000000000000000 1.00000000000000000000 7240.00000000000000000000 1864706.00000000000000000000 88.00000000000000000000
2.00000000000000000000 0.00000000000000000000 238.00000000000000000000 22.00000000000000000000 35.00000000000000000000 0.20000000298023221101 0.20000000298023221101 4108.00000000000000000000 30354.00000000000000000000 2.00000000000000000000 6549.00000000000000000000 1702609.00000000000000000000 98.00000000000000000000
18.00000000000000000000 15.00000000000000000000 7119.00000000000000000000 288.00000000000000000000 232.00000000000000000000 0.80000001192092895508 0.60000002384185791016 469495.00000000000000000000 104663.00000000000000000000 3.00000000000000000000 160.00000000000000000000 997265.00000000000000000000 79.00000000000000000000
3.00000000000000000000 0.00000000000000000000 2298.00000000000000000000 204.00000000000000000000 175.00000000000000000000 1.60000002384185791016 0.60000002384185791016 109711.00000000000000000000 89342.00000000000000000000 2.50000000000000000000 281.00000000000000000000 1004112.00000000000000000000 91.00000000000000000000
0.00000000000000000000 0.00000000000000000000 970.00000000000000000000 55.00000000000000000000 37.00000000000000000000 0.20000000298023221101 0.20000000298023221101 91046.00000000000000000000 16898.00000000000000000000 2.20000004768371582031 440.00000000000000000000 1744328.00000000000000000000 92.00000000000000000000
6.00000000000000000000 4.00000000000000000000 3739.00000000000000000000 386.00000000000000000000 266.00000000000000000000 1.20000004768371582031 2.00000000000000000000 67930.00000000000000000000 55275.00000000000000000000 1.00000000000000000000 1144.00000000000000000000 984715.00000000000000000000 85.00000000000000000000
2.00000000000000000000 1.00000000000000000000 302.00000000000000000000 14.00000000000000000000 19.00000000000000000000 0.60000002384185791016 2.59999990463256835938 26099.00000000000000000000 50493.00000000000000000000 1.20000004768371582031 7742.00000000000000000000 1870256.00000000000000000000 97.00000000000000000000
0.00000000000000000000 0.00000000000000000000 1327.00000000000000000000 62.00000000000000000000 68.00000000000000000000 0.20000000298023221101 0.20000000298023221101 69648.00000000000000000000 264439.00000000000000000000 1.20000004768371582031 6924.00000000000000000000 1879024.00000000000000000000 94.00000000000000000000
35.00000000000000000000 11.00000000000000000000 4871.00000000000000000000 550.00000000000000000000 459.00000000000000000000 9.00000000000000000000 3.00000000000000000000 396942.00000000000000000000 31688.00000000000000000000 160.00000000000000000000 66.00000000000000000000 33.00000000000000000000 0.00000000000000000000
27.00000000000000000000 31.00000000000000000000 1258.00000000000000000000 181.00000000000000000000 172.00000000000000000000 3.40000009536743208471 1.00000000000000000000 82577.00000000000000000000 7863.00000000000000000000 1.60000002384185791016 5292.00000000000000000000 1860475.00000000000000000000 91.00000000000000000000
175.00000000000000000000 75.00000000000000000000 2984.00000000000000000000 333.00000000000000000000 357.00000000000000000000 3.59999990463256835938 7.40000009536743164062 409779.00000000000000000000 343871.00000000000000000000 1.00000000000000000000 799.00000000000000000000 1124395.00000000000000000000 80.00000000000000000000
0.00000000000000000000 0.00000000000000000000 195.00000000000000000000 42.00000000000000000000 23.00000000000000000000 0.00000000000000000000 0.00000000000000000000 10043.00000000000000000000 15587.00000000000000000000 1.39999997615814208984 1387.00000000000000000000 1753355.00000000000000000000 93.00000000000000000000
2.00000000000000000000 1.00000000000000000000 831.00000000000000000000 71.00000000000000000000 37.00000000000000000000 0.40000000596046447754 0.40000000596046447754 3836.00000000000000000000 10985.00000000000000000000 1.00000000000000000000 1300.00000000000000000000 1749587.00000000000000000000 97.00000000000000000000
31.00000000000000000000 16.00000000000000000000 4495.00000000000000000000 326.00000000000000000000 186.00000000000000000000 3.40000009536743208471 4.40000009536743164062 356965.00000000000000000000 122565.00000000000000000000 6.19999980926513671875 1543.00000000000000000000 1328674.00000000000000000000 79.00000000000000000000
8.00000000000000000000 0.00000000000000000000 2928.00000000000000000000 495.00000000000000000000 380.00000000000000000000 6.80000019073486328125 1.79999995231628417969 468904.00000000000000000000 99160.00000000000000000000 5.19999980926513671875 1534.00000000000000000000 1755962.00000000000000000000 79.00000000000000000000
0.00000000000000000000 0.00000000000000000000 314.00000000000000000000 48.00000000000000000000 26.00000000000000000000 0.20000000298023221101 0.20000000298023221101 182613.00000000000000000000 24696.00000000000000000000 1.39999997615814208984 324.00000000000000000000 1752632.00000000000000000000 97.00000000000000000000
0.00000000000000000000 0.00000000000000000000 275.00000000000000000000 18.00000000000000000000 26.00000000000000000000 0.80000001192092895508 0.60000002384185791016 1420.00000000000000000000 23585.00000000000000000000 2.40000009536743208471 1333.00000000000000000000 1768075.00000000000000000000 93.00000000000000000000
2.00000000000000000000 0.00000000000000000000 977.00000000000000000000 119.00000000000000000000 88.00000000000000000000 1.60000002384185791016 2.20000004768371582031 229909.00000000000000000000 44485.00000000000000000000 2.59999990463256835938 458.00000000000000000000 1053327.00000000000000000000 90.00000000000000000000
2.00000000000000000000 0.00000000000000000000 488.00000000000000000000 55.00000000000000000000 47.00000000000000000000 2.20000004768371582031 2.20000004768371582031 105707.00000000000000000000 47856.00000000000000000000 2.20000004768371582031 11158.00000000000000000000 1877659.00000000000000000000 88.00000000000000000000
14.00000000000000000000 0.00000000000000000000 2339.00000000000000000000 181.00000000000000000000 121.00000000000000000000 3.40000009536743208471 3.20000004768371582031 89211.00000000000000000000 45547.00000000000000000000 4.00000000000000000000 723.00000000000000000000 1106075.00000000000000000000 85.00000000000000000000
182.00000000000000000000 199.00000000000000000000 1134.00000000000000000000 210.00000000000000000000 73.00000000000000000000 0.60000002384185791016 5.40999984741210937500 1011772.00000000000000000000 54133.00000000000000000000 1.00000000000000000000 429.00000000000000000000 1032951.00000000000000000000 92.00000000000000000000
18.00000000000000000000 24.00000000000000000000 1477.00000000000000000000 92.00000000000000000000 45.00000000000000000000 0.20000000298023221101 0.20000000298023221101 22837.00000000000000000000 10043.00000000000000000000 1.00000000000000000000 6938.00000000000000000000 1879152.00000000000000000000 96.00000000000000000000
1.00000000000000000000 0.00000000000000000000 798.00000000000000000000 59.00000000000000000000 48.00000000000000000000 0.80000001192092895508 0.60000002384185791016 14801.00000000000000000000 15432.00000000000000000000 2.20000004768371582031 985.00000000000000000000 1718382.00000000000000000000 94.00000000000000000000
44.00000000000000000000 2.00000000000000000000 4527.00000000000000000000 402.00000000000000000000 224.00000000000000000000 5.40000009536743164062 15.19999980926513671875 319514.00000000000000000000 58917.00000000000000000000 3.50000000000000000000 132.00000000000000000000 1097944.00000000000000000000 69.00000000000000000000
2.00000000000000000000 0.00000000000000000000 2991.00000000000000000000 196.00000000000000000000 151.00000000000000000000 0.60000002384185791016 2.59999990463256835938 279677.00000000000000000000 33378.00000000000000000000 2.00000000000000000000 779.00000000000000000000 1108133.00000000000000000000 88.00000000000000000000
16.00000000000000000000 0.00000000000000000000 1404.00000000000000000000 131.00000000000000000000 100.00000000000000000000 3.40000009536743208471 4.00000000000000000000 71028.00000000000000000000 29572.00000000000000000000 1.50000000000000000000 145.00000000000000000000 1058082.00000000000000000000 84.00000000000000000000
0.00000000000000000000 0.00000000000000000000 467.00000000000000000000 146.00000000000000000000 10.00000000000000000000 0.20000000298023221101 0.20000000298023221101 1115367.00000000000000000000 6098.00000000000000000000 2.40000009536743208471 8469.00000000000000000000 1868200.00000000000000000000 97.00000000000000000000
75.00000000000000000000 68.00000000000000000000 2224.00000000000000000000 308.00000000000000000000 265.00000000000000000000 6.40000009536743164062 5.80000019073486328125 211609.00000000000000000000 159046.00000000000000000000 1.00000000000000000000 181.00000000000000000000 960515.00000000000000000000 80.00000000000000000000
3.00000000000000000000 1.00000000000000000000 1059.00000000000000000000 456.00000000000000000000 127.00000000000000000000 0.40000000596046447754 0.40000000596046447754 1005339.00000000000000000000 632144.00000000000000000000 550.00000000000000000000 93.00000000000000000000 7.00000000000000000000 0.00000000000000000000
5.00000000000000000000 0.00000000000000000000 3054.00000000000000000000 371.00000000000000000000 292.00000000000000000000 0.80000001192092895508 2.00000000000000000000 137772.00000000000000000000 125680.00000000000000000000 1.29999995231628417969 131.00000000000000000000 980881.00000000000000000000 82.00000000000000000000
30.00000000000000000000 45.00000000000000000000 1307.00000000000000000000 98.00000000000000000000 67.00000000000000000000 0.20000000298023221101 0.20000000298023221101 4867.00000000000000000000 19027.00000000000000000000 1.50000000000000000000 1122.00000000000000000000 1064507.00000000000000000000 95.00000000000000000000
3.00000000000000000000 1.00000000000000000000 1065.00000000000000000000 60.00000000000000000000 42.00000000000000000000 1.79999995231628417969 2.59999990463256835938 98610.00000000000000000000 319867.00000000000000000000 1.79999995231628417969 6823.00000000000000000000 1843387.00000000000000000000 89.00000000000000000000
64.00000000000000000000 66.00000000000000000000 2938.00000000000000000000 167.00000000000000000000 91.00000000000000000000 5.01000022888183593750 13.02999973297119140625 259358.00000000000000000000 47170.00000000000000000000 3.20000004768371582031 223.00000000000000000000 1087484.00000000000000000000 79.00000000000000000000
14.00000000000000000000 20.00000000000000000000 364.00000000000000000000 35.00000000000000000000 34.00000000000000000000 0.40000000596046447754 0.40000000596046447754 18601.00000000000000000000 17863.00000000000000000000 2.00000000000000000000 980.00000000000000000000 1765301.00000000000000000000 90.00000000000000000000
31.00000000000000000000 21.00000000000000000000 1721.00000000000000000000 247.00000000000000000000 150.00000000000000000000 1.60000002384185791016 1.79999995231628417969 48063.00000000000000000000 31129.00000000000000000000 2.00000000000000000000 151.00000000000000000000 942600.00000000000000000000 87.00000000000000000000
5.00000000000000000000 0.00000000000000000000 2392.00000000000000000000 234.00000000000000000000 182.00000000000000000000 1.39999997615814208984 1.60000002384185791016 352015.00000000000000000000 308529.00000000000000000000 2.00000000000000000000 123.00000000000000000000 1057613.00000000000000000000 85.00000000000000000000
7.00000000000000000000 5.00000000000000000000 892.00000000000000000000 84.00000000000000000000 53.00000000000000000000 0.60000002384185791016 0.60000002384185791016 5332.00000000000000000000 16069.00000000000000000000 3.00000000000000000000 951.00000000000000000000 977579.00000000000000000000 96.00000000000000000000
19.00000000000000000000 0.00000000000000000000 3670.00000000000000000000 491.00000000000000000000 434.00000000000000000000 8.60000038146972656250 2.40000009536743208471 292630.00000000000000000000 75181.00000000000000000000 3.00000000000000000000 1935.00000000000000000000 1528898.00000000000000000000 76.00000000000000000000
7.00000000000000000000 6.00000000000000000000 593.00000000000000000000 57.00000000000000000000 47.00000000000000000000 0.20000000298023221101 0.20000000298023221101 3953.00000000000000000000 16665.00000000000000000000 2.40000009536743208471 886.00000000000000000000 978309.00000000000000000000 96.00000000000000000000
4.00000000000000000000 0.00000000000000000000 578.00000000000000000000 43.00000000000000000000 28.00000000000000000000 1.39999997615814208984 1.60000002384185791016 102585.00000000000000000000 53515.00000000000000000000 1.79999995231628417969 1294.00000000000000000000 1751954.00000000000000000000 87.00000000000000000000
0.00000000000000000000 0.00000000000000000000 253.00000000000000000000 17.00000000000000000000 25.00000000000000000000 0.40000000596046447754 0.40000000596046447754 1467.00000000000000000000 6983.00000000000000000000 1.00000000000000000000 7548.00000000000000000000 1870237.00000000000000000000 98.00000000000000000000
29.00000000000000000000 6.00000000000000000000 2375.00000000000000000000 146.00000000000000000000 123.00000000000000000000 2.00000000000000000000 3.19000005722045898438 109539.00000000000000000000 39984.00000000000000000000 1.00000000000000000000 663.00000000000000000000 1018837.00000000000000000000 89.00000000000000000000
4.00000000000000000000 2.00000000000000000000 3081.00000000000000000000 205.00000000000000000000 123.00000000000000000000 0.40000000596046447754 1.79999995231628417969 27783.00000000000000000000 79274.00000000000000000000 1.00000000000000000000 553.00000000000000000000 1077114.00000000000000000000 90.00000000000000000000
22.00000000000000000000 14.00000000000000000000 6101.00000000000000000000 320.00000000000000000000 204.00000000000000000000 1.00000000000000000000 1.79999995231628417969 181939.00000000000000000000 49527.00000000000000000000 1.79999995231628417969 274.00000000000000000000 987613.00000000000000000000 77.00000000000000000000
16.00000000000000000000 1.00000000000000000000 2239.00000000000000000000 174.00000000000000000000 120.00000000000000000000 1.00000000000000000000 1.20000004768371582031 84704.00000000000000000000 41242.00000000000000000000 1.50000000000000000000 205.00000000000000000000 1096663.00000000000000000000 88.00000000000000000000
7.00000000000000000000 2.00000000000000000000 3068.00000000000000000000 433.00000000000000000000 327.00000000000000000000 5.19999980926513671875 1.39999997615814208984 203964.00000000000000000000 95184.00000000000000000000 6.19999980926513671875 4007.00000000000000000000 1605390.00000000000000000000 80.00000000000000000000
1.00000000000000000000 0.00000000000000000000 5744.00000000000000000000 168.00000000000000000000 190.00000000000000000000 0.20000000298023221101 0.20000000298023221101 51175.00000000000000000000 189975.00000000000000000000 1.20000004768371582031 312.00000000000000000000 1013458.00000000000000000000 89.00000000000000000000
7.00000000000000000000 0.00000000000000000000 273.00000000000000000000 62.00000000000000000000 32.00000000000000000000 0.20000000298023221101 0.20000000298023221101 115125.00000000000000000000 10672.00000000000000000000 1.39999997615814208984 1653.00000000000000000000 1774815.00000000000000000000 97.00000000000000000000
7.00000000000000000000 5.00000000000000000000 1939.00000000000000000000 156.00000000000000000000 113.00000000000000000000 0.60000002384185791016 0.80000001192092895508 64527.00000000000000000000 60547.00000000000000000000 1.00000000000000000000 590.00000000000000000000 1310239.00000000000000000000 86.00000000000000000000
2.00000000000000000000 1.00000000000000000000 1803.00000000000000000000 238.00000000000000000000 58.00000000000000000000 0.80000001192092895508 2.00000000000000000000 544311.00000000000000000000 22882.00000000000000000000 2.59999990463256835938 6500.00000000000000000000 1823640.00000000000000000000 89.00000000000000000000
2.00000000000000000000 0.00000000000000000000 1440.00000000000000000000 176.00000000000000000000 139.00000000000000000000 0.40000000596046447754 0.60000002384185791016 8153.00000000000000000000 18700.00000000000000000000 4.00000000000000000000 322.00000000000000000000 1098930.00000000000000000000 92.00000000000000000000
2.00000000000000000000 0.00000000000000000000 1680.00000000000000000000 400.00000000000000000000 299.00000000000000000000 0.60000002384185791016 0.60000002384185791016 11734.00000000000000000000 13465.00000000000000000000 3.59999990463256835938 369.00000000000000000000 1712258.00000000000000000000 92.00000000000000000000
10.00000000000000000000 5.00000000000000000000 5022.00000000000000000000 184.00000000000000000000 84.00000000000000000000 2.20000004768371582031 8.00000000000000000000 265707.00000000000000000000 10060.00000000000000000000 3.20000004768371582031 1181.00000000000000000000 1397485.00000000000000000000 83.00000000000000000000
0.00000000000000000000 0.00000000000000000000 325.00000000000000000000 122.00000000000000000000 41.00000000000000000000 0.20000000298023221101 0.20000000298023221101 213523.00000000000000000000 167029.00000000000000000000 3.40000009536743208471 952.00000000000000000000 1753448.00000000000000000000 98.00000000000000000000
17.00000000000000000000 8.00000000000000000000 6310.00000000000000000000 1037.00000000000000000000 986.00000000000000000000 7.98000001907348632812 14.77000045776367187500 815153.00000000000000000000 733885.00000000000000000000 1.50000000000000000000 352.00000000000000000000 1091404.00000000000000000000 60.00000000000000000000
45.00000000000000000000 60.00000000000000000000 1219.00000000000000000000 67.00000000000000000000 42.00000000000000000000 0.60000002384185791016 1.20000004768371582031 122445.00000000000000000000 17921.00000000000000000000 145.00000000000000000000 93.00000000000000000000 7.00000000000000000000 0.00000000000000000000
3.00000000000000000000 3.00000000000000000000 3179.00000000000000000000 242.00000000000000000000 121.00000000000000000000 0.80000001192092895508 1.39999997615814208984 406678.00000000000000000000 40100.00000000000000000000 1.29999995231628417969 426.00000000000000000000 1007173.00000000000000000000 90.00000000000000000000
2.00000000000000000000 0.00000000000000000000 2798.00000000000000000000 145.00000000000000000000 120.00000000000000000000 0.40000000596046447754 1.79999995231628417969 26499.00000000000000000000 36460.00000000000000000000 3.59999990463256835938 306.00000000000000000000 1079321.00000000000000000000 90.00000000000000000000
13.00000000000000000000 1.00000000000000000000 4690.00000000000000000000 635.00000000000000000000 522.00000000000000000000 10.00000000000000000000 4.80000019073486328125 300199.00000000000000000000 21514.00000000000000000000 1.70000004768371582031 1096.00000000000000000000 1068226.00000000000000000000 69.00000000000000000000
13.00000000000000000000 11.00000000000000000000 3520.00000000000000000000 182.00000000000000000000 207.00000000000000000000 0.20000000298023221101 0.20000000298023221101 84961.00000000000000000000 160611.00000000000000000000 1.29999995231628417969 198.00000000000000000000 999368.00000000000000000000 90.00000000000000000000
7.00000000000000000000 2.00000000000000000000 1150.00000000000000000000 111.00000000000000000000 119.00000000000000000000 0.80000001192092895508 0.80000001192092895508 52028.00000000000000000000 122409.00000000000000000000 1.00000000000000000000 407.00000000000000000000 1062686.00000000000000000000 92.00000000000000000000
18.00000000000000000000 3.00000000000000000000 3319.00000000000000000000 461.00000000000000000000 361.00000000000000000000 9.80000019073486328125 5.40000009536743164062 190527.00000000000000000000 28434.00000000000000000000 3.40000009536743208471 881.00000000000000000000 1539952.00000000000000000000 74.00000000000000000000
6.00000000000000000000 0.00000000000000000000 5077.00000000000000000000 462.00000000000000000000 404.00000000000000000000 5.40000009536743164062 1.79999995231628417969 180837.00000000000000000000 225321.00000000000000000000 1.20000004768371582031 157.00000000000000000000 1006085.00000000000000000000 75.00000000000000000000
0.00000000000000000000 0.00000000000000000000 363.00000000000000000000 52.00000000000000000000 52.00000000000000000000 0.20000000298023221101 0.20000000298023221101 51528.00000000000000000000 70717.00000000000000000000 1.20000004768371582031 2064.00000000000000000000 1767435.00000000000000000000 91.00000000000000000000
1.00000000000000000000 1.00000000000000000000 1344.00000000000000000000 84.00000000000000000000 74.00000000000000000000 0.20000000298023221101 0.20000000298023221101 87208.00000000000000000000 108645.00000000000000000000 1.00000000000000000000 8371.00000000000000000000 1834485.00000000000000000000 92.00000000000000000000
4.00000000000000000000 0.00000000000000000000 1972.00000000000000000000 202.00000000000000000000 86.00000000000000000000 2.60999989509582519531 2.60999989509582519531 383791.00000000000000000000 23638.00000000000000000000 1.00000000000000000000 1237.00000000000000000000 1065042.00000000000000000000 87.00000000000000000000
44.00000000000000000000 43.00000000000000000000 985.00000000000000000000 148.00000000000000000000 130.00000000000000000000 0.20000000298023221101 0.20000000298023221101 29097.00000000000000000000 34174.00000000000000000000 1.39999997615814208984 219.00000000000000000000 990363.00000000000000000000 92.00000000000000000000
17.00000000000000000000 15.00000000000000000000 7659.00000000000000000000 1073.00000000000000000000 149.00000000000000000000 1.00000000000000000000 0.60000002384185791016 1274680.00000000000000000000 64552.00000000000000000000 1.39999997615814208984 163.00000000000000000000 997478.00000000000000000000 78.00000000000000000000
1.00000000000000000000 1.00000000000000000000 1543.00000000000000000000 315.00000000000000000000 160.00000000000000000000 0.20000000298023221101 0.20000000298023221101 106514.00000000000000000000 100867.00000000000000000000 5.80000019073486328125 3958.00000000000000000000 1605258.00000000000000000000 93.00000000000000000000
56.00000000000000000000 48.00000000000000000000 2173.00000000000000000000 306.00000000000000000000 183.00000000000000000000 2.00000000000000000000 7.78000020980834960938 330940.00000000000000000000 138458.00000000000000000000 582.00000000000000000000 86.00000000000000000000 12.00000000000000000000 1.00000000000000000000
4.00000000000000000000 1.00000000000000000000 419.00000000000000000000 43.00000000000000000000 13.00000000000000000000 2.20000004768371582031 2.20000004768371582031 80408.00000000000000000000 13554.00000000000000000000 1.20000004768371582031 11735.00000000000000000000 1883075.00000000000000000000 89.00000000000000000000
0.00000000000000000000 0.00000000000000000000 158.00000000000000000000 12.00000000000000000000 23.00000000000000000000 0.20000000298023221101 0.20000000298023221101 443.00000000000000000000 8217.00000000000000000000 1.00000000000000000000 3739.00000000000000000000 1849659.00000000000000000000 98.00000000000000000000
5.00000000000000000000 1.00000000000000000000 2351.00000000000000000000 181.00000000000000000000 104.00000000000000000000 0.80000001192092895508 1.20000004768371582031 198544.00000000000000000000 190501.00000000000000000000 4.40000009536743164062 229.00000000000000000000 1323051.00000000000000000000 93.00000000000000000000
1.00000000000000000000 0.00000000000000000000 346.00000000000000000000 61.00000000000000000000 23.00000000000000000000 0.20000000298023221101 0.20000000298023221101 382940.00000000000000000000 19927.00000000000000000000 1.79999995231628417969 8016.00000000000000000000 1862216.00000000000000000000 97.00000000000000000000
5.00000000000000000000 2.00000000000000000000 2091.00000000000000000000 232.00000000000000000000 139.00000000000000000000 1.20000004768371582031 1.00000000000000000000 114989.00000000000000000000 38534.00000000000000000000 2.00000000000000000000 199.00000000000000000000 1099744.00000000000000000000 87.00000000000000000000
2.00000000000000000000 1.00000000000000000000 2600.00000000000000000000 94.00000000000000000000 99.00000000000000000000 0.20000000298023221101 0.20000000298023221101 10046.00000000000000000000 93986.00000000000000000000 2.00000000000000000000 1346.00000000000000000000 1544528.00000000000000000000 93.00000000000000000000
12.00000000000000000000 11.00000000000000000000 1377.00000000000000000000 128.00000000000000000000 97.00000000000000000000 0.60000002384185791016 0.60000002384185791016 51717.00000000000000000000 23905.00000000000000000000 1.00000000000000000000 189.00000000000000000000 1128397.00000000000000000000 90.00000000000000000000
0.00000000000000000000 0.00000000000000000000 3082.00000000000000000000 154.00000000000000000000 97.00000000000000000000 0.40000000596046447754 1.79999995231628417969 40618.00000000000000000000 23263.00000000000000000000 1.00000000000000000000 183.00000000000000000000 1027330.00000000000000000000 90.00000000000000000000
18.00000000000000000000 11.00000000000000000000 2651.00000000000000000000 203.00000000000000000000 114.00000000000000000000 3.20000004768371582031 4.19999980926513671875 152264.00000000000000000000 53820.00000000000000000000 1.20000004768371582031 681.00000000000000000000 967776.00000000000000000000 85.00000000000000000000
0.00000000000000000000 0.00000000000000000000 603.00000000000000000000 52.00000000000000000000 62.00000000000000000000 0.20000000298023221101 0.20000000298023221101 2318.00000000000000000000 56100.00000000000000000000 1.00000000000000000000 483.00000000000000000000 1730390.00000000000000000000 97.00000000000000000000
35.00000000000000000000 7.00000000000000000000 2362.00000000000000000000 261.00000000000000000000 156.00000000000000000000 3.79999995231628417969 3.79999995231628417969 151582.00000000000000000000 72259.00000000000000000000 1.00000000000000000000 188.00000000000000000000 1070666.00000000000000000000 82.00000000000000000000
0.00000000000000000000 0.00000000000000000000 533.00000000000000000000 107.00000000000000000000 78.00000000000000000000 0.20000000298023221101 0.20000000298023221101 23160.00000000000000000000 120134.00000000000000000000 1.79999995231628417969 1723.00000000000000000000 1770424.00000000000000000000 88.00000000000000000000
3.00000000000000000000 0.00000000000000000000 1643.00000000000000000000 171.00000000000000000000 153.00000000000000000000 0.80000001192092895508 2.20000004768371582031 20529.00000000000000000000 26776.00000000000000000000 537.00000000000000000000 91.00000000000000000000 9.00000000000000000000 0.00000000000000000000
6.00000000000000000000 0.00000000000000000000 2088.00000000000000000000 223.00000000000000000000 151.00000000000000000000 2.59999990463256835938 3.20000004768371582031 74339.00000000000000000000 26261.00000000000000000000 1.00000000000000000000 578.00000000000000000000 1066797.00000000000000000000 85.00000000000000000000
3.00000000000000000000 2.00000000000000000000 2590.00000000000000000000 130.00000000000000000000 167.00000000000000000000 0.80000001192092895508 0.40000000596046447754 106798.00000000000000000000 26057.00000000000000000000 3.20000004768371582031 4490.00000000000000000000 1720176.00000000000000000000 90.00000000000000000000
4.00000000000000000000 0.00000000000000000000 2237.00000000000000000000 243.00000000000000000000 109.00000000000000000000 0.40000000596046447754 0.80000001192092895508 48026.00000000000000000000 35618.00000000000000000000 1.00000000000000000000 787.00000000000000000000 1085459.00000000000000000000 91.00000000000000000000
22.00000000000000000000 10.00000000000000000000 3834.00000000000000000000 198.00000000000000000000 139.00000000000000000000 1.79999995231628417969 6.78999996185302734375 108456.00000000000000000000 51500.00000000000000000000 5.19999980926513671875 10047.00000000000000000000 1370033.00000000000000000000 81.00000000000000000000
13.00000000000000000000 12.00000000000000000000 1683.00000000000000000000 218.00000000000000000000 125.00000000000000000000 1.00000000000000000000 3.59999990463256835938 1328599.00000000000000000000 1260805.00000000000000000000 2.00000000000000000000 388.00000000000000000000 1015101.00000000000000000000 87.00000000000000000000
2.00000000000000000000 0.00000000000000000000 1484.00000000000000000000 257.00000000000000000000 364.00000000000000000000 1.39999997615814208984 1.60000002384185791016 191652.00000000000000000000 98350.00000000000000000000 4.19999980926513671875 177.00000000000000000000 1703526.00000000000000000000 86.00000000000000000000
16.00000000000000000000 14.00000000000000000000 2131.00000000000000000000 116.00000000000000000000 84.00000000000000000000 0.80000001192092895508 1.20000004768371582031 26886.00000000000000000000 41641.00000000000000000000 3.00000000000000000000 793.00000000000000000000 990656.00000000000000000000 90.00000000000000000000
106.00000000000000000000 98.00000000000000000000 4116.00000000000000000000 234.00000000000000000000 194.00000000000000000000 1.60000002384185791016 5.19999980926513671875 246490.00000000000000000000 119184.00000000000000000000 1.29999995231628417969 950.00000000000000000000 1002078.00000000000000000000 83.00000000000000000000
13.00000000000000000000 4.00000000000000000000 3250.00000000000000000000 137.00000000000000000000 97.00000000000000000000 2.00000000000000000000 3.59999990463256835938 30021.00000000000000000000 7073.00000000000000000000 5.00000000000000000000 2188.00000000000000000000 1348486.00000000000000000000 84.00000000000000000000
2.00000000000000000000 0.00000000000000000000 2745.00000000000000000000 500.00000000000000000000 473.00000000000000000000 1.60000002384185791016 2.60999989509582519531 475622.00000000000000000000 350382.00000000000000000000 1.00000000000000000000 849.00000000000000000000 1131040.00000000000000000000 89.00000000000000000000
3.00000000000000000000 0.00000000000000000000 2299.00000000000000000000 308.00000000000000000000 107.00000000000000000000 1.39999997615814208984 1.39999997615814208984 128515.00000000000000000000 32200.00000000000000000000 2.70000004768371582031 1237.00000000000000000000 1058554.00000000000000000000 88.00000000000000000000
31.00000000000000000000 17.00000000000000000000 1373.00000000000000000000 130.00000000000000000000 81.00000000000000000000 2.79999995231628417969 5.00000000000000000000 152019.00000000000000000000 94826.00000000000000000000 2.79999995231628417969 1606.00000000000000000000 1537723.00000000000000000000 89.00000000000000000000
0.00000000000000000000 0.00000000000000000000 133.00000000000000000000 9.00000000000000000000 9.00000000000000000000 0.20000000298023221101 0.20000000298023221101 1287.00000000000000000000 4064.00000000000000000000 1.00000000000000000000 7224.00000000000000000000 1847200.00000000000000000000 98.00000000000000000000
1.00000000000000000000 1.00000000000000000000 313.00000000000000000000 23.00000000000000000000 40.00000000000000000000 0.20000000298023221101 0.20000000298023221101 8460.00000000000000000000 103930.00000000000000000000 1.00000000000000000000 5683.00000000000000000000 1840152.00000000000000000000 96.00000000000000000000
20.00000000000000000000 8.00000000000000000000 2207.00000000000000000000 208.00000000000000000000 97.00000000000000000000 2.79999995231628417969 4.40000009536743164062 252626.00000000000000000000 99620.00000000000000000000 2.00000000000000000000 483.00000000000000000000 1014834.00000000000000000000 77.00000000000000000000
3.00000000000000000000 0.00000000000000000000 3940.00000000000000000000 271.00000000000000000000 182.00000000000000000000 1.00000000000000000000 0.80000001192092895508 362811.00000000000000000000 124977.00000000000000000000 2.00000000000000000000 443.00000000000000000000 1075396.00000000000000000000 87.00000000000000000000
9.00000000000000000000 1.00000000000000000000 1799.00000000000000000000 127.00000000000000000000 87.00000000000000000000 1.79999995231628417969 4.19000005722045898438 104229.00000000000000000000 37594.00000000000000000000 4.00000000000000000000 808.00000000000000000000 1529517.00000000000000000000 92.00000000000000000000
7.00000000000000000000 0.00000000000000000000 2080.00000000000000000000 92.00000000000000000000 84.00000000000000000000 6.00000000000000000000 17.20000076293945312500 123799.00000000000000000000 38864.00000000000000000000 1.00000000000000000000 420.00000000000000000000 1082914.00000000000000000000 80.00000000000000000000
1.00000000000000000000 1.00000000000000000000 1107.00000000000000000000 47.00000000000000000000 26.00000000000000000000 0.20000000298023221101 0.20000000298023221101 9887.00000000000000000000 13536.00000000000000000000 1.00000000000000000000 8188.00000000000000000000 1836408.00000000000000000000 97.00000000000000000000
50.00000000000000000000 71.00000000000000000000 3455.00000000000000000000 355.00000000000000000000 202.00000000000000000000 0.80000001192092895508 0.80000001192092895508 103830.00000000000000000000 53977.00000000000000000000 2.40000009536743208471 646.00000000000000000000 1516422.00000000000000000000 88.00000000000000000000
3.00000000000000000000 0.00000000000000000000 3517.00000000000000000000 342.00000000000000000000 189.00000000000000000000 1.00000000000000000000 2.99000000953674316406 310439.00000000000000000000 214462.00000000000000000000 4.40000009536743164062 420.00000000000000000000 1547657.00000000000000000000 86.00000000000000000000
7.00000000000000000000 6.00000000000000000000 3626.00000000000000000000 462.00000000000000000000 311.00000000000000000000 0.20000000298023221101 0.20000000298023221101 31210.00000000000000000000 53733.00000000000000000000 4.40000009536743164062 195.00000000000000000000 969245.00000000000000000000 87.00000000000000000000
3.00000000000000000000 1.00000000000000000000 802.00000000000000000000 52.00000000000000000000 65.00000000000000000000 1.20000004768371582031 3.20000004768371582031 56074.00000000000000000000 212985.00000000000000000000 1.20000004768371582031 6933.00000000000000000000 1852528.00000000000000000000 92.00000000000000000000
7.00000000000000000000 0.00000000000000000000 4082.00000000000000000000 318.00000000000000000000 243.00000000000000000000 1.39999997615814208984 3.40000009536743208471 165226.00000000000000000000 36357.00000000000000000000 3.79999995231628417969 917.00000000000000000000 1070613.00000000000000000000 85.00000000000000000000
1.00000000000000000000 0.00000000000000000000 795.00000000000000000000 71.00000000000000000000 48.00000000000000000000 0.20000000298023221101 0.20000000298023221101 108337.00000000000000000000 25139.00000000000000000000 1.20000004768371582031 130.00000000000000000000 1745911.00000000000000000000 97.00000000000000000000
1.00000000000000000000 0.00000000000000000000 383.00000000000000000000 100.00000000000000000000 33.00000000000000000000 0.60000002384185791016 0.80000001192092895508 654200.00000000000000000000 182333.00000000000000000000 2.79999995231628417969 5679.00000000000000000000 1837142.00000000000000000000 96.00000000000000000000
7.00000000000000000000 2.00000000000000000000 1210.00000000000000000000 151.00000000000000000000 82.00000000000000000000 3.40000009536743208471 2.40000009536743208471 327843.00000000000000000000 26844.00000000000000000000 1.79999995231628417969 239.00000000000000000000 1020592.00000000000000000000 88.00000000000000000000
29.00000000000000000000 24.00000000000000000000 1681.00000000000000000000 145.00000000000000000000 91.00000000000000000000 4.00000000000000000000 4.40000009536743164062 86683.00000000000000000000 32474.00000000000000000000 3.00000000000000000000 172.00000000000000000000 999750.00000000000000000000 86.00000000000000000000
17.00000000000000000000 1.00000000000000000000 3603.00000000000000000000 148.00000000000000000000 123.00000000000000000000 13.36999988555908203125 35.52999877929687500000 63275.00000000000000000000 32649.00000000000000000000 1.00000000000000000000 263.00000000000000000000 1076239.00000000000000000000 62.00000000000000000000
3.00000000000000000000 2.00000000000000000000 1110.00000000000000000000 50.00000000000000000000 48.00000000000000000000 0.20000000298023221101 0.20000000298023221101 18645.00000000000000000000 61810.00000000000000000000 1.60000002384185791016 8417.00000000000000000000 1837398.00000000000000000000 96.00000000000000000000
3.00000000000000000000 0.00000000000000000000 1396.00000000000000000000 136.00000000000000000000 139.00000000000000000000 1.39999997615814208984 2.20000004768371582031 181842.00000000000000000000 63692.00000000000000000000 4.40000009536743164062 365.00000000000000000000 1052814.00000000000000000000 85.00000000000000000000
2.00000000000000000000 0.00000000000000000000 1560.00000000000000000000 111.00000000000000000000 143.00000000000000000000 0.80000001192092895508 1.20000004768371582031 143877.00000000000000000000 323124.00000000000000000000 2.79999995231628417969 238.00000000000000000000 1766866.00000000000000000000 84.00000000000000000000
12.00000000000000000000 9.00000000000000000000 6262.00000000000000000000 212.00000000000000000000 186.00000000000000000000 0.60000002384185791016 0.60000002384185791016 20505.00000000000000000000 27881.00000000000000000000 2.40000009536743208471 2463.00000000000000000000 975309.00000000000000000000 88.00000000000000000000
2.00000000000000000000 0.00000000000000000000 996.00000000000000000000 69.00000000000000000000 62.00000000000000000000 0.20000000298023221101 0.40000000596046447754 2317.00000000000000000000 30113.00000000000000000000 2.00000000000000000000 577.00000000000000000000 1527410.00000000000000000000 96.00000000000000000000
56.00000000000000000000 75.00000000000000000000 3232.00000000000000000000 252.00000000000000000000 185.00000000000000000000 1.79999995231628417969 6.00000000000000000000 66912.00000000000000000000 31808.00000000000000000000 2.00000000000000000000 485.00000000000000000000 1098818.00000000000000000000 88.00000000000000000000
14.00000000000000000000 12.00000000000000000000 3259.00000000000000000000 198.00000000000000000000 92.00000000000000000000 2.20000004768371582031 3.79999995231628417969 234635.00000000000000000000 300332.00000000000000000000 5.00000000000000000000 2677.00000000000000000000 1605075.00000000000000000000 83.00000000000000000000
9.00000000000000000000 6.00000000000000000000 1770.00000000000000000000 208.00000000000000000000 116.00000000000000000000 2.00000000000000000000 2.00000000000000000000 76625.00000000000000000000 27792.00000000000000000000 1.39999997615814208984 245.00000000000000000000 1067682.00000000000000000000 87.00000000000000000000
1.00000000000000000000 0.00000000000000000000 1547.00000000000000000000 115.00000000000000000000 86.00000000000000000000 1.20000004768371582031 3.40000009536743208471 53184.00000000000000000000 91654.00000000000000000000 3.59999990463256835938 458.00000000000000000000 1094496.00000000000000000000 86.00000000000000000000
6.00000000000000000000 2.00000000000000000000 3225.00000000000000000000 223.00000000000000000000 152.00000000000000000000 2.58999991416931152344 2.58999991416931152344 47285.00000000000000000000 46942.00000000000000000000 1.20000004768371582031 328.00000000000000000000 1097562.00000000000000000000 84.00000000000000000000
4.00000000000000000000 0.00000000000000000000 840.00000000000000000000 52.00000000000000000000 39.00000000000000000000 0.80000001192092895508 1.60000002384185791016 16329.00000000000000000000 16867.00000000000000000000 1.20000004768371582031 367.00000000000000000000 1014170.00000000000000000000 94.00000000000000000000
26.00000000000000000000 1.00000000000000000000 5901.00000000000000000000 754.00000000000000000000 581.00000000000000000000 10.22000026702880859375 2.80999994277954101562 975989.00000000000000000000 30641.00000000000000000000 3.00000000000000000000 191.00000000000000000000 1081557.00000000000000000000 67.00000000000000000000
31.00000000000000000000 43.00000000000000000000 1604.00000000000000000000 108.00000000000000000000 91.00000000000000000000 0.80000001192092895508 0.80000001192092895508 4370.00000000000000000000 21249.00000000000000000000 2.50000000000000000000 728.00000000000000000000 1096389.00000000000000000000 91.00000000000000000000
8.00000000000000000000 6.00000000000000000000 3296.00000000000000000000 326.00000000000000000000 204.00000000000000000000 1.00000000000000000000 1.79999995231628417969 296167.00000000000000000000 47802.00000000000000000000 2.00000000000000000000 374.00000000000000000000 994989.00000000000000000000 80.00000000000000000000
2.00000000000000000000 0.00000000000000000000 1719.00000000000000000000 278.00000000000000000000 121.00000000000000000000 0.40000000596046447754 0.60000002384185791016 677064.00000000000000000000 53972.00000000000000000000 1.20000004768371582031 206.00000000000000000000 1125093.00000000000000000000 87.00000000000000000000
1.00000000000000000000 1.00000000000000000000 1913.00000000000000000000 104.00000000000000000000 108.00000000000000000000 0.20000000298023221101 0.20000000298023221101 5303.00000000000000000000 37591.00000000000000000000 2.00000000000000000000 1069.00000000000000000000 1057396.00000000000000000000 96.00000000000000000000
2.00000000000000000000 0.00000000000000000000 306.00000000000000000000 43.00000000000000000000 38.00000000000000000000 0.40000000596046447754 1.39999997615814208984 845.00000000000000000000 10232.00000000000000000000 2.00000000000000000000 6381.00000000000000000000 1711666.00000000000000000000 97.00000000000000000000
25.00000000000000000000 35.00000000000000000000 389.00000000000000000000 28.00000000000000000000 18.00000000000000000000 2.00000000000000000000 2.00000000000000000000 59592.00000000000000000000 51764.00000000000000000000 1.00000000000000000000 5996.00000000000000000000 1848283.00000000000000000000 90.00000000000000000000
21.00000000000000000000 1.00000000000000000000 4547.00000000000000000000 1070.00000000000000000000 707.00000000000000000000 9.00000000000000000000 6.00000000000000000000 461040.00000000000000000000 51939.00000000000000000000 5.40000009536743164062 2182.00000000000000000000 1727709.00000000000000000000 66.00000000000000000000
8.00000000000000000000 1.00000000000000000000 1895.00000000000000000000 175.00000000000000000000 159.00000000000000000000 1.79999995231628417969 0.80000001192092895508 92383.00000000000000000000 108629.00000000000000000000 2.20000004768371582031 5123.00000000000000000000 1674083.00000000000000000000 93.00000000000000000000
47.00000000000000000000 55.00000000000000000000 891.00000000000000000000 72.00000000000000000000 57.00000000000000000000 2.00000000000000000000 4.59000015258789062500 161768.00000000000000000000 38142.00000000000000000000 1.00000000000000000000 309.00000000000000000000 1068905.00000000000000000000 90.00000000000000000000
2.00000000000000000000 1.00000000000000000000 200.00000000000000000000 13.00000000000000000000 15.00000000000000000000 0.40000000596046447754 1.20000004768371582031 7798.00000000000000000000 8207.00000000000000000000 1.00000000000000000000 7917.00000000000000000000 1880896.00000000000000000000 98.00000000000000000000
4.00000000000000000000 3.00000000000000000000 2774.00000000000000000000 65.00000000000000000000 68.00000000000000000000 0.60000002384185791016 2.00000000000000000000 22464.00000000000000000000 3437.00000000000000000000 2.40000009536743208471 632.00000000000000000000 1446296.00000000000000000000 94.00000000000000000000
3.00000000000000000000 2.00000000000000000000 1710.00000000000000000000 131.00000000000000000000 122.00000000000000000000 0.60000002384185791016 1.00000000000000000000 68306.00000000000000000000 103547.00000000000000000000 3.20000004768371582031 493.00000000000000000000 1063110.00000000000000000000 91.00000000000000000000
1.00000000000000000000 0.00000000000000000000 2912.00000000000000000000 247.00000000000000000000 145.00000000000000000000 0.20000000298023221101 0.20000000298023221101 259647.00000000000000000000 152073.00000000000000000000 1.00000000000000000000 326.00000000000000000000 1015325.00000000000000000000 86.00000000000000000000
44.00000000000000000000 22.00000000000000000000 4240.00000000000000000000 653.00000000000000000000 500.00000000000000000000 9.39999961853027166114 4.00000000000000000000 282144.00000000000000000000 34164.00000000000000000000 1.50000000000000000000 197.00000000000000000000 969099.00000000000000000000 70.00000000000000000000
50.00000000000000000000 3.00000000000000000000 4572.00000000000000000000 219.00000000000000000000 101.00000000000000000000 9.18000030517577947364 21.76000022888183949021 505063.00000000000000000000 27195.00000000000000000000 3.00000000000000000000 165.00000000000000000000 1086970.00000000000000000000 69.00000000000000000000
2.00000000000000000000 2.00000000000000000000 175.00000000000000000000 16.00000000000000000000 14.00000000000000000000 0.20000000298023221101 0.20000000298023221101 7570.00000000000000000000 3624.00000000000000000000 1.00000000000000000000 5059.00000000000000000000 1828909.00000000000000000000 98.00000000000000000000
2.00000000000000000000 0.00000000000000000000 3348.00000000000000000000 222.00000000000000000000 148.00000000000000000000 0.20000000298023221101 0.20000000298023221101 316936.00000000000000000000 441152.00000000000000000000 5.40000009536743164062 623.00000000000000000000 1006553.00000000000000000000 86.00000000000000000000
7.00000000000000000000 0.00000000000000000000 1147.00000000000000000000 132.00000000000000000000 97.00000000000000000000 1.39999997615814208984 1.60000002384185791016 39079.00000000000000000000 19112.00000000000000000000 1.70000004768371582031 165.00000000000000000000 1087467.00000000000000000000 93.00000000000000000000
7.00000000000000000000 4.00000000000000000000 3676.00000000000000000000 307.00000000000000000000 178.00000000000000000000 0.40000000596046447754 0.80000001192092895508 979176.00000000000000000000 51971.00000000000000000000 1.00000000000000000000 116.00000000000000000000 985454.00000000000000000000 77.00000000000000000000
15.00000000000000000000 14.00000000000000000000 2060.00000000000000000000 534.00000000000000000000 207.00000000000000000000 0.20000000298023221101 0.20000000298023221101 638967.00000000000000000000 667864.00000000000000000000 1.70000004768371582031 351.00000000000000000000 1044085.00000000000000000000 91.00000000000000000000
1.00000000000000000000 0.00000000000000000000 2747.00000000000000000000 322.00000000000000000000 244.00000000000000000000 0.20000000298023221101 0.20000000298023221101 8792.00000000000000000000 97754.00000000000000000000 1.00000000000000000000 376.00000000000000000000 1072536.00000000000000000000 91.00000000000000000000
2.00000000000000000000 1.00000000000000000000 210.00000000000000000000 25.00000000000000000000 32.00000000000000000000 0.20000000298023221101 0.20000000298023221101 11974.00000000000000000000 22876.00000000000000000000 1.20000004768371582031 6169.00000000000000000000 1855749.00000000000000000000 98.00000000000000000000
2.00000000000000000000 0.00000000000000000000 2486.00000000000000000000 284.00000000000000000000 256.00000000000000000000 2.59999990463256835938 4.80000019073486328125 134314.00000000000000000000 55197.00000000000000000000 4.00000000000000000000 245.00000000000000000000 1055248.00000000000000000000 88.00000000000000000000
0.00000000000000000000 0.00000000000000000000 135.00000000000000000000 8.00000000000000000000 10.00000000000000000000 0.00000000000000000000 0.00000000000000000000 981.00000000000000000000 8307.00000000000000000000 1.00000000000000000000 12012.00000000000000000000 1892571.00000000000000000000 99.00000000000000000000
65.00000000000000000000 60.00000000000000000000 2116.00000000000000000000 279.00000000000000000000 191.00000000000000000000 4.59000015258789062500 2.78999996185302778784 138385.00000000000000000000 54700.00000000000000000000 2.00000000000000000000 384.00000000000000000000 963949.00000000000000000000 82.00000000000000000000
32.00000000000000000000 0.00000000000000000000 6059.00000000000000000000 1491.00000000000000000000 433.00000000000000000000 5.40000009536743164062 3.59999990463256835938 873154.00000000000000000000 797327.00000000000000000000 6.40000009536743164062 113.00000000000000000000 1320912.00000000000000000000 72.00000000000000000000
16.00000000000000000000 13.00000000000000000000 1163.00000000000000000000 85.00000000000000000000 103.00000000000000000000 0.60000002384185791016 0.40000000596046447754 206377.00000000000000000000 154758.00000000000000000000 2.59999990463256835938 475.00000000000000000000 1513082.00000000000000000000 91.00000000000000000000
159.00000000000000000000 40.00000000000000000000 2443.00000000000000000000 299.00000000000000000000 262.00000000000000000000 1.00000000000000000000 1.00000000000000000000 240375.00000000000000000000 209450.00000000000000000000 2.79999995231628417969 536.00000000000000000000 1069565.00000000000000000000 87.00000000000000000000
25.00000000000000000000 24.00000000000000000000 1839.00000000000000000000 234.00000000000000000000 175.00000000000000000000 0.40000000596046447754 0.40000000596046447754 102099.00000000000000000000 31838.00000000000000000000 2.00000000000000000000 522.00000000000000000000 985510.00000000000000000000 92.00000000000000000000
2.00000000000000000000 1.00000000000000000000 2695.00000000000000000000 252.00000000000000000000 200.00000000000000000000 0.40000000596046447754 0.40000000596046447754 118741.00000000000000000000 87008.00000000000000000000 2.00000000000000000000 233.00000000000000000000 1018211.00000000000000000000 89.00000000000000000000
2.00000000000000000000 0.00000000000000000000 5836.00000000000000000000 294.00000000000000000000 277.00000000000000000000 0.40000000596046447754 2.00000000000000000000 7776.00000000000000000000 98384.00000000000000000000 1.70000004768371582031 327.00000000000000000000 1067952.00000000000000000000 88.00000000000000000000
14.00000000000000000000 11.00000000000000000000 5552.00000000000000000000 321.00000000000000000000 158.00000000000000000000 2.20000004768371582031 7.40000009536743164062 866968.00000000000000000000 48363.00000000000000000000 1.00000000000000000000 425.00000000000000000000 1009667.00000000000000000000 86.00000000000000000000
14.00000000000000000000 10.00000000000000000000 3387.00000000000000000000 211.00000000000000000000 117.00000000000000000000 3.41000008583068847656 21.23999977111816406250 167882.00000000000000000000 36052.00000000000000000000 1.50000000000000000000 165.00000000000000000000 1020268.00000000000000000000 81.00000000000000000000
14.00000000000000000000 9.00000000000000000000 3013.00000000000000000000 271.00000000000000000000 138.00000000000000000000 3.79999995231628417969 4.59999990463256835938 595449.00000000000000000000 504034.00000000000000000000 5.00000000000000000000 3141.00000000000000000000 1040317.00000000000000000000 81.00000000000000000000
3.00000000000000000000 0.00000000000000000000 3195.00000000000000000000 239.00000000000000000000 212.00000000000000000000 2.40000009536743208471 0.80000001192092895508 69373.00000000000000000000 51394.00000000000000000000 2.00000000000000000000 448.00000000000000000000 1013560.00000000000000000000 88.00000000000000000000
0.00000000000000000000 0.00000000000000000000 1961.00000000000000000000 142.00000000000000000000 84.00000000000000000000 0.20000000298023221101 0.20000000298023221101 126634.00000000000000000000 19519.00000000000000000000 3.00000000000000000000 494.00000000000000000000 1027525.00000000000000000000 94.00000000000000000000
0.00000000000000000000 0.00000000000000000000 1333.00000000000000000000 131.00000000000000000000 63.00000000000000000000 0.40000000596046447754 0.40000000596046447754 360558.00000000000000000000 21855.00000000000000000000 2.00000000000000000000 1862.00000000000000000000 1039313.00000000000000000000 91.00000000000000000000
2.00000000000000000000 1.00000000000000000000 243.00000000000000000000 13.00000000000000000000 15.00000000000000000000 0.60000002384185791016 0.60000002384185791016 19519.00000000000000000000 8189.00000000000000000000 1.20000004768371582031 8393.00000000000000000000 1864787.00000000000000000000 97.00000000000000000000
1.00000000000000000000 0.00000000000000000000 3171.00000000000000000000 288.00000000000000000000 154.00000000000000000000 0.20000000298023221101 0.20000000298023221101 27450.00000000000000000000 52947.00000000000000000000 2.59999990463256835938 2588.00000000000000000000 1442398.00000000000000000000 88.00000000000000000000
5.00000000000000000000 0.00000000000000000000 1888.00000000000000000000 248.00000000000000000000 215.00000000000000000000 6.19999980926513671875 1.79999995231628417969 216420.00000000000000000000 39346.00000000000000000000 4.59999990463256835938 1628.00000000000000000000 1757696.00000000000000000000 80.00000000000000000000
11.00000000000000000000 3.00000000000000000000 5178.00000000000000000000 216.00000000000000000000 154.00000000000000000000 7.40000009536743164062 18.79999923706054687500 41410.00000000000000000000 36739.00000000000000000000 3.00000000000000000000 372.00000000000000000000 1100992.00000000000000000000 74.00000000000000000000
69.00000000000000000000 80.00000000000000000000 4765.00000000000000000000 867.00000000000000000000 732.00000000000000000000 0.20000000298023221101 0.20000000298023221101 683248.00000000000000000000 614527.00000000000000000000 4.00000000000000000000 146.00000000000000000000 1397720.00000000000000000000 86.00000000000000000000
6.00000000000000000000 3.00000000000000000000 4453.00000000000000000000 294.00000000000000000000 224.00000000000000000000 2.59999990463256835938 0.80000001192092895508 92293.00000000000000000000 49961.00000000000000000000 2.20000004768371582031 368.00000000000000000000 1016914.00000000000000000000 86.00000000000000000000
13.00000000000000000000 2.00000000000000000000 4011.00000000000000000000 235.00000000000000000000 173.00000000000000000000 6.98999977111816406250 20.55999946594238281250 51314.00000000000000000000 87285.00000000000000000000 2.70000004768371582031 206.00000000000000000000 1089043.00000000000000000000 72.00000000000000000000
8.00000000000000000000 0.00000000000000000000 1853.00000000000000000000 111.00000000000000000000 82.00000000000000000000 6.80999994277954101562 20.63999938964844105271 33097.00000000000000000000 18311.00000000000000000000 1.00000000000000000000 137.00000000000000000000 1091089.00000000000000000000 80.00000000000000000000
7.00000000000000000000 6.00000000000000000000 3970.00000000000000000000 367.00000000000000000000 169.00000000000000000000 1.39999997615814208984 3.20000004768371582031 580469.00000000000000000000 69074.00000000000000000000 3.40000009536743208471 415.00000000000000000000 1095523.00000000000000000000 82.00000000000000000000
1.00000000000000000000 0.00000000000000000000 1817.00000000000000000000 128.00000000000000000000 103.00000000000000000000 0.40000000596046447754 1.79999995231628417969 26502.00000000000000000000 27641.00000000000000000000 1.00000000000000000000 201.00000000000000000000 1028013.00000000000000000000 94.00000000000000000000
13.00000000000000000000 11.00000000000000000000 709.00000000000000000000 126.00000000000000000000 58.00000000000000000000 0.20000000298023221101 0.20000000298023221101 356875.00000000000000000000 135170.00000000000000000000 3.79999995231628417969 1392.00000000000000000000 1756062.00000000000000000000 95.00000000000000000000
12.00000000000000000000 3.00000000000000000000 1615.00000000000000000000 168.00000000000000000000 101.00000000000000000000 1.39999997615814208984 1.60000002384185791016 140349.00000000000000000000 81304.00000000000000000000 2.40000009536743208471 362.00000000000000000000 1530742.00000000000000000000 92.00000000000000000000
20.00000000000000000000 27.00000000000000000000 1101.00000000000000000000 107.00000000000000000000 32.00000000000000000000 0.80000001192092895508 1.20000004768371582031 44885.00000000000000000000 12600.00000000000000000000 1.00000000000000000000 8246.00000000000000000000 1859824.00000000000000000000 95.00000000000000000000
8.00000000000000000000 7.00000000000000000000 3288.00000000000000000000 257.00000000000000000000 175.00000000000000000000 0.20000000298023221101 0.20000000298023221101 34842.00000000000000000000 45553.00000000000000000000 2.59999990463256835938 259.00000000000000000000 968504.00000000000000000000 87.00000000000000000000
14.00000000000000000000 7.00000000000000000000 1495.00000000000000000000 197.00000000000000000000 169.00000000000000000000 0.80000001192092895508 1.00000000000000000000 10304.00000000000000000000 24435.00000000000000000000 2.40000009536743208471 186.00000000000000000000 974392.00000000000000000000 91.00000000000000000000
34.00000000000000000000 43.00000000000000000000 793.00000000000000000000 55.00000000000000000000 50.00000000000000000000 1.00000000000000000000 0.40000000596046447754 34368.00000000000000000000 22420.00000000000000000000 2.00000000000000000000 5398.00000000000000000000 1680534.00000000000000000000 95.00000000000000000000
20.00000000000000000000 14.00000000000000000000 4276.00000000000000000000 270.00000000000000000000 167.00000000000000000000 2.59999990463256835938 9.00000000000000000000 259286.00000000000000000000 33552.00000000000000000000 5.00000000000000000000 1330.00000000000000000000 1640848.00000000000000000000 78.00000000000000000000
18.00000000000000000000 8.00000000000000000000 901.00000000000000000000 78.00000000000000000000 58.00000000000000000000 0.60000002384185791016 0.60000002384185791016 128052.00000000000000000000 21829.00000000000000000000 1.60000002384185791016 631.00000000000000000000 968121.00000000000000000000 94.00000000000000000000
1.00000000000000000000 1.00000000000000000000 893.00000000000000000000 70.00000000000000000000 73.00000000000000000000 0.20000000298023221101 0.20000000298023221101 18669.00000000000000000000 49639.00000000000000000000 1.00000000000000000000 707.00000000000000000000 1058507.00000000000000000000 96.00000000000000000000
93.00000000000000000000 123.00000000000000000000 3393.00000000000000000000 430.00000000000000000000 325.00000000000000000000 3.00000000000000000000 1.20000004768371582031 485834.00000000000000000000 161780.00000000000000000000 6.19999980926513671875 222.00000000000000000000 1292978.00000000000000000000 73.00000000000000000000
55.00000000000000000000 68.00000000000000000000 4924.00000000000000000000 611.00000000000000000000 348.00000000000000000000 4.59999990463256835938 1.39999997615814208984 130709.00000000000000000000 32755.00000000000000000000 1.00000000000000000000 237.00000000000000000000 1074595.00000000000000000000 78.00000000000000000000
5.00000000000000000000 0.00000000000000000000 3511.00000000000000000000 228.00000000000000000000 205.00000000000000000000 5.80000019073486328125 2.00000000000000000000 137255.00000000000000000000 41885.00000000000000000000 2.40000009536743208471 433.00000000000000000000 1758200.00000000000000000000 83.00000000000000000000
1.00000000000000000000 0.00000000000000000000 993.00000000000000000000 51.00000000000000000000 39.00000000000000000000 0.60000002384185791016 0.60000002384185791016 7421.00000000000000000000 6898.00000000000000000000 3.00000000000000000000 162.00000000000000000000 1709936.00000000000000000000 96.00000000000000000000
47.00000000000000000000 66.00000000000000000000 2379.00000000000000000000 174.00000000000000000000 103.00000000000000000000 0.20000000298023221101 0.20000000298023221101 316190.00000000000000000000 53327.00000000000000000000 1.50000000000000000000 163.00000000000000000000 1114024.00000000000000000000 89.00000000000000000000
5.00000000000000000000 0.00000000000000000000 4134.00000000000000000000 284.00000000000000000000 165.00000000000000000000 1.39999997615814208984 2.00000000000000000000 240249.00000000000000000000 178420.00000000000000000000 3.20000004768371582031 3327.00000000000000000000 1337281.00000000000000000000 89.00000000000000000000
1.00000000000000000000 0.00000000000000000000 1538.00000000000000000000 155.00000000000000000000 106.00000000000000000000 1.00000000000000000000 1.60000002384185791016 15336.00000000000000000000 20631.00000000000000000000 3.00000000000000000000 223.00000000000000000000 1118258.00000000000000000000 92.00000000000000000000
208.00000000000000000000 223.00000000000000000000 4083.00000000000000000000 309.00000000000000000000 198.00000000000000000000 5.59999990463256835938 17.20000076293945312500 783601.00000000000000000000 139522.00000000000000000000 3.20000004768371582031 172.00000000000000000000 1095856.00000000000000000000 66.00000000000000000000
0.00000000000000000000 0.00000000000000000000 2281.00000000000000000000 102.00000000000000000000 142.00000000000000000000 0.20000000298023221101 0.20000000298023221101 5975.00000000000000000000 20690.00000000000000000000 2.00000000000000000000 843.00000000000000000000 1721008.00000000000000000000 95.00000000000000000000
55.00000000000000000000 64.00000000000000000000 2240.00000000000000000000 212.00000000000000000000 121.00000000000000000000 7.00000000000000000000 22.00000000000000000000 162659.00000000000000000000 30126.00000000000000000000 1.60000002384185791016 181.00000000000000000000 1105998.00000000000000000000 75.00000000000000000000
3.00000000000000000000 0.00000000000000000000 2484.00000000000000000000 181.00000000000000000000 82.00000000000000000000 1.60000002384185791016 3.60999989509582519531 127530.00000000000000000000 49770.00000000000000000000 2.00000000000000000000 536.00000000000000000000 1068205.00000000000000000000 90.00000000000000000000
0.00000000000000000000 0.00000000000000000000 138.00000000000000000000 9.00000000000000000000 13.00000000000000000000 0.20000000298023221101 0.20000000298023221101 439.00000000000000000000 6989.00000000000000000000 1.00000000000000000000 8524.00000000000000000000 1870132.00000000000000000000 99.00000000000000000000
4.00000000000000000000 2.00000000000000000000 2129.00000000000000000000 169.00000000000000000000 184.00000000000000000000 1.20000004768371582031 2.59999990463256835938 220260.00000000000000000000 280690.00000000000000000000 5.00000000000000000000 1332.00000000000000000000 1613035.00000000000000000000 87.00000000000000000000
101.00000000000000000000 2.00000000000000000000 5227.00000000000000000000 208.00000000000000000000 110.00000000000000000000 0.80000001192092895508 0.80000001192092895508 821072.00000000000000000000 74087.00000000000000000000 3.59999990463256835938 2557.00000000000000000000 1632006.00000000000000000000 85.00000000000000000000
0.00000000000000000000 0.00000000000000000000 188.00000000000000000000 11.00000000000000000000 33.00000000000000000000 0.20000000298023221101 0.20000000298023221101 2439.00000000000000000000 6947.00000000000000000000 1.20000004768371582031 7725.00000000000000000000 1882294.00000000000000000000 98.00000000000000000000
5.00000000000000000000 0.00000000000000000000 1917.00000000000000000000 276.00000000000000000000 225.00000000000000000000 4.80000019073486328125 1.39999997615814208984 225592.00000000000000000000 9647.00000000000000000000 1.20000004768371582031 6776.00000000000000000000 1840662.00000000000000000000 86.00000000000000000000
1.00000000000000000000 0.00000000000000000000 297.00000000000000000000 35.00000000000000000000 28.00000000000000000000 0.20000000298023221101 0.20000000298023221101 938.00000000000000000000 5213.00000000000000000000 2.00000000000000000000 160.00000000000000000000 1710048.00000000000000000000 97.00000000000000000000
1.00000000000000000000 1.00000000000000000000 242.00000000000000000000 35.00000000000000000000 34.00000000000000000000 0.20000000298023221101 0.20000000298023221101 9342.00000000000000000000 13762.00000000000000000000 1.00000000000000000000 633.00000000000000000000 1752147.00000000000000000000 96.00000000000000000000
10.00000000000000000000 1.00000000000000000000 3819.00000000000000000000 367.00000000000000000000 252.00000000000000000000 3.39000010490417480469 2.58999991416931152344 142268.00000000000000000000 83109.00000000000000000000 2.20000004768371582031 664.00000000000000000000 1525033.00000000000000000000 85.00000000000000000000
6.00000000000000000000 2.00000000000000000000 3626.00000000000000000000 212.00000000000000000000 182.00000000000000000000 1.00000000000000000000 0.80000001192092895508 37579.00000000000000000000 53591.00000000000000000000 3.00000000000000000000 2002.00000000000000000000 1532208.00000000000000000000 89.00000000000000000000
1.00000000000000000000 1.00000000000000000000 1437.00000000000000000000 108.00000000000000000000 68.00000000000000000000 0.40000000596046447754 0.40000000596046447754 5340.00000000000000000000 15274.00000000000000000000 3.50000000000000000000 1162.00000000000000000000 1133342.00000000000000000000 94.00000000000000000000
1.00000000000000000000 1.00000000000000000000 218.00000000000000000000 15.00000000000000000000 36.00000000000000000000 0.20000000298023221101 0.20000000298023221101 11913.00000000000000000000 29452.00000000000000000000 1.00000000000000000000 7451.00000000000000000000 1876208.00000000000000000000 99.00000000000000000000
9.00000000000000000000 8.00000000000000000000 1824.00000000000000000000 134.00000000000000000000 112.00000000000000000000 1.00000000000000000000 2.20000004768371582031 47048.00000000000000000000 50902.00000000000000000000 1.29999995231628417969 213.00000000000000000000 1019315.00000000000000000000 93.00000000000000000000
3.00000000000000000000 1.00000000000000000000 428.00000000000000000000 47.00000000000000000000 13.00000000000000000000 2.40000009536743208471 2.40000009536743208471 114325.00000000000000000000 23268.00000000000000000000 1.00000000000000000000 11591.00000000000000000000 1886331.00000000000000000000 87.00000000000000000000
4.00000000000000000000 1.00000000000000000000 638.00000000000000000000 112.00000000000000000000 46.00000000000000000000 2.00000000000000000000 2.00000000000000000000 326272.00000000000000000000 92143.00000000000000000000 1.79999995231628417969 8024.00000000000000000000 1864548.00000000000000000000 81.00000000000000000000
15.00000000000000000000 15.00000000000000000000 419.00000000000000000000 189.00000000000000000000 62.00000000000000000000 0.20000000298023221101 0.20000000298023221101 322341.00000000000000000000 310319.00000000000000000000 2.40000009536743208471 5333.00000000000000000000 1825789.00000000000000000000 97.00000000000000000000
16.00000000000000000000 0.00000000000000000000 4559.00000000000000000000 783.00000000000000000000 805.00000000000000000000 12.80000019073486328125 15.39999961853027166114 84463.00000000000000000000 35268.00000000000000000000 1.39999997615814208984 156.00000000000000000000 1088915.00000000000000000000 69.00000000000000000000
22.00000000000000000000 6.00000000000000000000 6243.00000000000000000000 410.00000000000000000000 347.00000000000000000000 1.20000004768371582031 1.60000002384185791016 248374.00000000000000000000 39425.00000000000000000000 4.19999980926513671875 131.00000000000000000000 1393301.00000000000000000000 77.00000000000000000000
70.00000000000000000000 78.00000000000000000000 3840.00000000000000000000 447.00000000000000000000 172.00000000000000000000 8.19999980926513671875 12.00000000000000000000 376602.00000000000000000000 61600.00000000000000000000 1.79999995231628417969 936.00000000000000000000 1021230.00000000000000000000 68.00000000000000000000
17.00000000000000000000 9.00000000000000000000 2787.00000000000000000000 268.00000000000000000000 116.00000000000000000000 0.60000002384185791016 2.20000004768371582031 754629.00000000000000000000 62263.00000000000000000000 8.19999980926513671875 340.00000000000000000000 1297729.00000000000000000000 81.00000000000000000000
26.00000000000000000000 35.00000000000000000000 2728.00000000000000000000 135.00000000000000000000 138.00000000000000000000 0.20000000298023221101 0.20000000298023221101 5321.00000000000000000000 17760.00000000000000000000 2.00000000000000000000 281.00000000000000000000 1709264.00000000000000000000 96.00000000000000000000
8.00000000000000000000 5.00000000000000000000 1250.00000000000000000000 169.00000000000000000000 100.00000000000000000000 0.20000000298023221101 0.20000000298023221101 203156.00000000000000000000 26983.00000000000000000000 1.70000004768371582031 700.00000000000000000000 988717.00000000000000000000 93.00000000000000000000
825.00000000000000000000 15.00000000000000000000 4132.00000000000000000000 182.00000000000000000000 164.00000000000000000000 1.60000002384185791016 2.99000000953674316406 79557.00000000000000000000 167314.00000000000000000000 1.00000000000000000000 200.00000000000000000000 1061000.00000000000000000000 68.00000000000000000000
156.00000000000000000000 164.00000000000000000000 5119.00000000000000000000 328.00000000000000000000 242.00000000000000000000 2.59999990463256835938 1.39999997615814208984 270639.00000000000000000000 219650.00000000000000000000 3.79999995231628417969 178.00000000000000000000 1328544.00000000000000000000 77.00000000000000000000
31.00000000000000000000 10.00000000000000000000 2096.00000000000000000000 252.00000000000000000000 197.00000000000000000000 1.60000002384185791016 3.79999995231628417969 320289.00000000000000000000 105215.00000000000000000000 4.59999990463256835938 722.00000000000000000000 1033245.00000000000000000000 83.00000000000000000000
2.00000000000000000000 1.00000000000000000000 3058.00000000000000000000 263.00000000000000000000 209.00000000000000000000 0.40000000596046447754 1.79999995231628417969 70206.00000000000000000000 261401.00000000000000000000 1.00000000000000000000 128.00000000000000000000 1000492.00000000000000000000 86.00000000000000000000
0.00000000000000000000 0.00000000000000000000 812.00000000000000000000 132.00000000000000000000 81.00000000000000000000 0.20000000298023221101 0.20000000298023221101 15160.00000000000000000000 17977.00000000000000000000 2.00000000000000000000 1875.00000000000000000000 1074955.00000000000000000000 97.00000000000000000000
6.00000000000000000000 0.00000000000000000000 1714.00000000000000000000 211.00000000000000000000 163.00000000000000000000 5.19000005722045898438 2.78999996185302778784 175386.00000000000000000000 22819.00000000000000000000 2.00000000000000000000 6440.00000000000000000000 1845649.00000000000000000000 81.00000000000000000000
10.00000000000000000000 9.00000000000000000000 782.00000000000000000000 119.00000000000000000000 90.00000000000000000000 0.80000001192092895508 1.60000002384185791016 12478.00000000000000000000 24791.00000000000000000000 2.29999995231628417969 1048.00000000000000000000 1017725.00000000000000000000 94.00000000000000000000
0.00000000000000000000 0.00000000000000000000 1499.00000000000000000000 77.00000000000000000000 46.00000000000000000000 0.20000000298023221101 0.20000000298023221101 10497.00000000000000000000 10210.00000000000000000000 1.00000000000000000000 307.00000000000000000000 1752248.00000000000000000000 96.00000000000000000000
25.00000000000000000000 35.00000000000000000000 926.00000000000000000000 82.00000000000000000000 48.00000000000000000000 0.20000000298023221101 0.20000000298023221101 424352.00000000000000000000 236380.00000000000000000000 2.40000009536743208471 1016.00000000000000000000 1758643.00000000000000000000 95.00000000000000000000
34.00000000000000000000 1.00000000000000000000 3060.00000000000000000000 162.00000000000000000000 85.00000000000000000000 7.40999984741210937500 23.25000000000000000000 47325.00000000000000000000 22144.00000000000000000000 3.40000009536743208471 193.00000000000000000000 1113364.00000000000000000000 72.00000000000000000000
10.00000000000000000000 6.00000000000000000000 2502.00000000000000000000 226.00000000000000000000 83.00000000000000000000 0.80000001192092895508 1.60000002384185791016 319639.00000000000000000000 286931.00000000000000000000 3.20000004768371582031 3079.00000000000000000000 1345570.00000000000000000000 95.00000000000000000000
5.00000000000000000000 5.00000000000000000000 1282.00000000000000000000 121.00000000000000000000 82.00000000000000000000 0.40000000596046447754 0.20000000298023221101 110743.00000000000000000000 33071.00000000000000000000 1.00000000000000000000 175.00000000000000000000 1101082.00000000000000000000 93.00000000000000000000
27.00000000000000000000 19.00000000000000000000 2989.00000000000000000000 268.00000000000000000000 204.00000000000000000000 3.60999989509582519531 10.02000045776367187500 448136.00000000000000000000 389807.00000000000000000000 1.79999995231628417969 577.00000000000000000000 1084218.00000000000000000000 78.00000000000000000000
2.00000000000000000000 0.00000000000000000000 467.00000000000000000000 44.00000000000000000000 21.00000000000000000000 2.20000004768371582031 2.00000000000000000000 95990.00000000000000000000 64953.00000000000000000000 1.00000000000000000000 7532.00000000000000000000 1865549.00000000000000000000 89.00000000000000000000
65.00000000000000000000 90.00000000000000000000 5402.00000000000000000000 250.00000000000000000000 194.00000000000000000000 0.20000000298023221101 0.20000000298023221101 26968.00000000000000000000 61675.00000000000000000000 1.50000000000000000000 370.00000000000000000000 1108394.00000000000000000000 84.00000000000000000000
6.00000000000000000000 2.00000000000000000000 1036.00000000000000000000 103.00000000000000000000 114.00000000000000000000 1.00000000000000000000 1.00000000000000000000 172076.00000000000000000000 355965.00000000000000000000 2.00000000000000000000 6527.00000000000000000000 1851864.00000000000000000000 90.00000000000000000000
1.00000000000000000000 0.00000000000000000000 3017.00000000000000000000 351.00000000000000000000 206.00000000000000000000 0.40000000596046447754 0.60000002384185791016 90084.00000000000000000000 116978.00000000000000000000 1.60000002384185791016 140.00000000000000000000 1119339.00000000000000000000 84.00000000000000000000
10.00000000000000000000 2.00000000000000000000 3723.00000000000000000000 305.00000000000000000000 244.00000000000000000000 0.80000001192092895508 1.38999998569488525391 328181.00000000000000000000 401702.00000000000000000000 2.70000004768371582031 1124.00000000000000000000 1005014.00000000000000000000 77.00000000000000000000
14.00000000000000000000 18.00000000000000000000 282.00000000000000000000 23.00000000000000000000 29.00000000000000000000 0.40000000596046447754 0.40000000596046447754 7368.00000000000000000000 11958.00000000000000000000 1.20000004768371582031 7665.00000000000000000000 1871163.00000000000000000000 95.00000000000000000000
1.00000000000000000000 0.00000000000000000000 1372.00000000000000000000 66.00000000000000000000 41.00000000000000000000 0.20000000298023221101 0.20000000298023221101 17950.00000000000000000000 17530.00000000000000000000 1.39999997615814208984 986.00000000000000000000 1066130.00000000000000000000 94.00000000000000000000
2.00000000000000000000 0.00000000000000000000 385.00000000000000000000 35.00000000000000000000 25.00000000000000000000 1.79999995231628417969 1.79999995231628417969 125918.00000000000000000000 34085.00000000000000000000 1.60000002384185791016 8201.00000000000000000000 1868654.00000000000000000000 92.00000000000000000000
60.00000000000000000000 60.00000000000000000000 942.00000000000000000000 110.00000000000000000000 70.00000000000000000000 0.20000000298023221101 0.20000000298023221101 36442.00000000000000000000 28807.00000000000000000000 1.79999995231628417969 3834.00000000000000000000 1774080.00000000000000000000 89.00000000000000000000
73.00000000000000000000 94.00000000000000000000 2073.00000000000000000000 188.00000000000000000000 208.00000000000000000000 1.00000000000000000000 1.39999997615814208984 27350.00000000000000000000 111966.00000000000000000000 1.39999997615814208984 1126.00000000000000000000 1052686.00000000000000000000 90.00000000000000000000
2.00000000000000000000 0.00000000000000000000 3454.00000000000000000000 243.00000000000000000000 217.00000000000000000000 2.40000009536743208471 0.80000001192092895508 61663.00000000000000000000 43911.00000000000000000000 1.00000000000000000000 571.00000000000000000000 1014162.00000000000000000000 88.00000000000000000000
7.00000000000000000000 0.00000000000000000000 963.00000000000000000000 105.00000000000000000000 66.00000000000000000000 1.20000004768371582031 1.60000002384185791016 119224.00000000000000000000 19633.00000000000000000000 1.50000000000000000000 1351.00000000000000000000 976717.00000000000000000000 93.00000000000000000000
0.00000000000000000000 0.00000000000000000000 303.00000000000000000000 116.00000000000000000000 30.00000000000000000000 0.20000000298023221101 0.20000000298023221101 22296.00000000000000000000 10299.00000000000000000000 1.00000000000000000000 5245.00000000000000000000 1856600.00000000000000000000 98.00000000000000000000
15.00000000000000000000 6.00000000000000000000 1771.00000000000000000000 231.00000000000000000000 173.00000000000000000000 2.78999996185302778784 1.20000004768371582031 287828.00000000000000000000 37280.00000000000000000000 2.40000009536743208471 723.00000000000000000000 968551.00000000000000000000 89.00000000000000000000
0.00000000000000000000 0.00000000000000000000 1146.00000000000000000000 86.00000000000000000000 88.00000000000000000000 0.20000000298023221101 0.20000000298023221101 45974.00000000000000000000 74323.00000000000000000000 3.00000000000000000000 310.00000000000000000000 1711723.00000000000000000000 94.00000000000000000000
25.00000000000000000000 1.00000000000000000000 5077.00000000000000000000 284.00000000000000000000 227.00000000000000000000 5.80000019073486328125 16.39999961853027343750 157608.00000000000000000000 68914.00000000000000000000 4.00000000000000000000 273.00000000000000000000 1102235.00000000000000000000 74.00000000000000000000
49.00000000000000000000 74.00000000000000000000 2478.00000000000000000000 212.00000000000000000000 116.00000000000000000000 1.00000000000000000000 3.19000005722045898438 452496.00000000000000000000 51666.00000000000000000000 3.20000004768371582031 2479.00000000000000000000 1038937.00000000000000000000 89.00000000000000000000
1.00000000000000000000 1.00000000000000000000 166.00000000000000000000 10.00000000000000000000 12.00000000000000000000 0.20000000298023221101 0.20000000298023221101 6990.00000000000000000000 5747.00000000000000000000 1.20000004768371582031 5264.00000000000000000000 1856536.00000000000000000000 99.00000000000000000000
19.00000000000000000000 13.00000000000000000000 1121.00000000000000000000 322.00000000000000000000 121.00000000000000000000 1.20000004768371582031 1.20000004768371582031 889484.00000000000000000000 380111.00000000000000000000 471.00000000000000000000 89.00000000000000000000 11.00000000000000000000 0.00000000000000000000
0.00000000000000000000 0.00000000000000000000 770.00000000000000000000 204.00000000000000000000 56.00000000000000000000 0.20000000298023221101 0.20000000298023221101 1299349.00000000000000000000 304151.00000000000000000000 3.20000004768371582031 3516.00000000000000000000 1810597.00000000000000000000 88.00000000000000000000
14.00000000000000000000 6.00000000000000000000 4229.00000000000000000000 148.00000000000000000000 75.00000000000000000000 1.79999995231628417969 7.00000000000000000000 40707.00000000000000000000 8863.00000000000000000000 2.40000009536743208471 10833.00000000000000000000 1382525.00000000000000000000 84.00000000000000000000
8.00000000000000000000 0.00000000000000000000 1646.00000000000000000000 162.00000000000000000000 129.00000000000000000000 1.20000004768371582031 1.20000004768371582031 29000.00000000000000000000 67970.00000000000000000000 1.70000004768371582031 200.00000000000000000000 1073063.00000000000000000000 90.00000000000000000000
16.00000000000000000000 7.00000000000000000000 5260.00000000000000000000 356.00000000000000000000 340.00000000000000000000 2.20000004768371582031 7.80000019073486328125 30065.00000000000000000000 28222.00000000000000000000 2.59999990463256835938 2224.00000000000000000000 1551408.00000000000000000000 83.00000000000000000000
37.00000000000000000000 55.00000000000000000000 956.00000000000000000000 81.00000000000000000000 40.00000000000000000000 0.40000000596046447754 0.80000001192092895508 296870.00000000000000000000 22289.00000000000000000000 1.50000000000000000000 1729.00000000000000000000 1009814.00000000000000000000 94.00000000000000000000
2.00000000000000000000 0.00000000000000000000 1240.00000000000000000000 87.00000000000000000000 83.00000000000000000000 0.40000000596046447754 0.60000002384185791016 21455.00000000000000000000 50048.00000000000000000000 679.00000000000000000000 93.00000000000000000000 7.00000000000000000000 0.00000000000000000000
3.00000000000000000000 2.00000000000000000000 3764.00000000000000000000 192.00000000000000000000 172.00000000000000000000 1.00000000000000000000 2.58999991416931152344 9224.00000000000000000000 37656.00000000000000000000 2.40000009536743208471 358.00000000000000000000 1382413.00000000000000000000 88.00000000000000000000
14.00000000000000000000 4.00000000000000000000 1954.00000000000000000000 130.00000000000000000000 114.00000000000000000000 6.19000005722045898438 17.76000022888183593750 80423.00000000000000000000 44906.00000000000000000000 3.00000000000000000000 148.00000000000000000000 1088251.00000000000000000000 78.00000000000000000000
8.00000000000000000000 4.00000000000000000000 2971.00000000000000000000 360.00000000000000000000 365.00000000000000000000 0.80000001192092895508 0.80000001192092895508 219101.00000000000000000000 101997.00000000000000000000 2.70000004768371582031 158.00000000000000000000 1025470.00000000000000000000 86.00000000000000000000
0.00000000000000000000 0.00000000000000000000 2514.00000000000000000000 129.00000000000000000000 73.00000000000000000000 0.20000000298023221101 0.20000000298023221101 7689.00000000000000000000 24957.00000000000000000000 1.60000002384185791016 1406.00000000000000000000 1753992.00000000000000000000 89.00000000000000000000
35.00000000000000000000 10.00000000000000000000 6454.00000000000000000000 468.00000000000000000000 156.00000000000000000000 6.19999980926513671875 14.19999980926513671875 169118.00000000000000000000 55350.00000000000000000000 8.39999961853027343750 161.00000000000000000000 1301640.00000000000000000000 63.00000000000000000000
8.00000000000000000000 2.00000000000000000000 1659.00000000000000000000 168.00000000000000000000 101.00000000000000000000 1.20000004768371582031 6.00000000000000000000 228233.00000000000000000000 112080.00000000000000000000 2.40000009536743208471 753.00000000000000000000 1528994.00000000000000000000 90.00000000000000000000
47.00000000000000000000 64.00000000000000000000 1364.00000000000000000000 432.00000000000000000000 273.00000000000000000000 0.60000002384185791016 0.60000002384185791016 965273.00000000000000000000 950976.00000000000000000000 52.00000000000000000000 75.00000000000000000000 25.00000000000000000000 0.00000000000000000000
57.00000000000000000000 76.00000000000000000000 3219.00000000000000000000 328.00000000000000000000 182.00000000000000000000 1.79999995231628417969 1.39999997615814208984 247623.00000000000000000000 202180.00000000000000000000 1.29999995231628417969 668.00000000000000000000 1063253.00000000000000000000 80.00000000000000000000
