117.00000000000000000000 0.50427347421646118164 0.00000000000000000000 0.22222219407558441162 0.08620689809322350239 0.90598291158676158563 0.00000000000000000000 0.79166668653488159180 0.00000000000000000000 0.02083330042660230114 0.09433960169553749775 0.00000000000000000000 0.95833331346511840820 0.28301888704299921207 0.09090910106897349963 0.00000000000000000000 14999.00000000000000000000
17767.00000000000000000000 0.48477509617805480957 0.00478419987484809961 0.12495079636573790116 0.08892290294170379639 0.78617662191390991211 0.02020600065588950070 0.61927241086959838867 0.00277699995785950010 0.07747849822044369783 0.07310169935226440430 0.00444319983944289985 0.99389058351516723633 0.34298580884933471680 0.04693879932165140323 0.54545450210571289062 40200.00000000000000000000
4363.00000000000000000000 0.47283980250358581543 0.00137519999407230008 0.22392849624156949129 0.16043479740619659424 0.81366032361984252930 0.04744439944624900124 0.68358707427978515625 0.00169199996162199993 0.02030459977686399978 0.04626139998435969958 0.00000000000000000000 0.98928368091583240851 0.24583110213279721346 0.05387929826974859754 0.76470589637756347656 35100.00000000000000000000
166.00000000000000000000 0.46385538578033447266 0.00000000000000000000 0.09036140143871300434 0.08988759666681289673 0.86746990680694580078 0.00000000000000000000 0.70769232511520385742 0.01538459956645960025 0.03076919913291930112 0.26136359572410577945 0.00000000000000000000 1.00000000000000000000 0.30681818723678588867 0.18750000000000000000 0.50000000000000000000 14999.00000000000000000000
1507.00000000000000000000 0.46516260504722589664 0.00530860014259810012 0.34372928738594049625 0.12903229892253870181 0.81353682279586791992 0.00000000000000000000 0.68679779767990112305 0.00842699967324729918 0.06460669636726379395 0.57669442892074584961 0.00140449998434630003 0.99016851186752319336 0.39001190662384027652 0.09090910106897349963 0.35294118523597717285 64100.00000000000000000000
4547.00000000000000000000 0.47657799720764160156 0.01363539975136509978 0.23729929327964779939 0.19411760568618768863 0.64921927452087402344 0.11260169744491570210 0.52608209848403930664 0.00166479998733840007 0.07991120219230650468 0.10258959978818890657 0.00388460000976919998 0.99500548839569080695 0.33914339542388910465 0.04421329870820039920 0.78125000000000000000 25900.00000000000000000000
591.00000000000000000000 0.48392549157142639160 0.00000000000000000000 0.10490690171718590473 0.03278689831495280177 0.91708970069885242804 0.00000000000000000000 0.83653849363327026367 0.00961539987474679947 0.04807690158486360027 0.02347419969737520040 0.00000000000000000000 0.98557692766189575195 0.22535209357738489322 0.03846149891614909777 0.00000000000000000000 94400.00000000000000000000
1652.00000000000000000000 0.39285710453987121582 0.96912831068038940430 0.13559320569038391113 0.13160519301891321353 0.87530267238616943359 0.00242129992693659998 0.69565218687057495117 0.00322060007601970020 0.01449280045926570025 0.05335370078682889761 0.97423511743545521124 0.99838972091674804688 0.46189019083976740054 0.11598750203847879581 0.00000000000000000000 26200.00000000000000000000
372242.00000000000000000000 0.48039719462394708804 0.43878710269927978516 0.12049960345029829545 0.09637679904699320010 0.76994270086288452148 0.02114479988813399922 0.58000570535659790039 0.00359810004010789998 0.08804950118064880371 0.06602170318365090107 0.43154969811439508609 0.90404850244522094727 0.55165219306945800781 0.11378719657659530640 0.42148759961128229312 106700.00000000000000000000
855.00000000000000000000 0.45847949385642999820 0.00818710029125209980 0.19649119675159448795 0.14470839500427240543 0.81520467996597290039 0.03391810134053230286 0.67352938652038574219 0.00882350001484149930 0.03823529928922649729 0.07356949895620340518 0.00882350001484149930 1.00000000000000000000 0.28610348701477050781 0.02985070087015620141 1.00000000000000000000 55700.00000000000000000000
335.00000000000000000000 0.49552240967750549316 0.00000000000000000000 0.31343281269073480777 0.17751480638980859927 0.83582091331481933594 0.00000000000000000000 0.64473682641983032227 0.00000000000000000000 0.00657889991998669970 0.09523809701204299927 0.00000000000000000000 0.99342107772827159540 0.25000000000000000000 0.10416670143604270238 0.75000000000000000000 14999.00000000000000000000
8567.00000000000000000000 0.47624608874320978336 0.00980510003864759963 0.14287379384040829744 0.10340990126132959537 0.85187351703643798828 0.00081709999358279997 0.69127708673477172852 0.00171039998531339991 0.04446979984641070277 0.02420029975473880074 0.01083240006119010057 0.99173319339752197266 0.27176630496978759766 0.03726710006594650265 0.20689660310745239258 96400.00000000000000000000
2107.00000000000000000000 0.47555771470069879703 0.01613670028746120103 0.08827719837427129568 0.09140270203351970324 0.91409587860107421875 0.00000000000000000000 0.78482758998870849609 0.00137930002529169991 0.02758619934320449829 0.04100529849529260112 0.01517239958047860056 0.99862068891525279657 0.18783070147037500552 0.05839420109987249891 0.35714289546012878418 51400.00000000000000000000
704.00000000000000000000 0.46448859572410577945 0.46164768934249877930 0.09375000000000000000 0.09018570184707640214 0.89630681276321411133 0.00000000000000000000 0.72941178083419799805 0.00000000000000000000 0.01568629965186110059 0.16938109695911399144 0.41960778832435607910 0.99607837200164794922 0.36807820200920099429 0.09210529923439020328 1.00000000000000000000 20700.00000000000000000000
605.00000000000000000000 0.47603309154510498047 0.00000000000000000000 0.20330579578876489810 0.17665620148181909732 0.86446279287338256836 0.00000000000000000000 0.70161288976669311523 0.00403229985386129985 0.02822580002248279915 0.08823529630899429321 0.00000000000000000000 0.99596768617630004883 0.27205881476402282715 0.20370370149612421207 1.00000000000000000000 30600.00000000000000000000
10005.00000000000000000000 0.47046479582786560059 0.38460770249366760254 0.20079959928989410400 0.15704040229320520572 0.78780609369277954102 0.05107450112700460260 0.63668972253799438477 0.00486809993162749984 0.03971299901604650323 0.13150869309902191162 0.32897770404815668277 0.98770177364349365234 0.37605699896812438965 0.11833629757165900487 0.48148149251937860660 26100.00000000000000000000
5062.00000000000000000000 0.48380088806152338199 0.00355589995160690000 0.10726989805698390612 0.07615769654512399844 0.86586332321166992188 0.02252070046961299893 0.73757678270339965820 0.00390839995816349983 0.04355109855532639934 0.06572770327329630069 0.00279169995337720002 0.89949750900268554688 0.34689620137214660645 0.08095949888229370117 0.36842110753059381656 56500.00000000000000000000
116.00000000000000000000 0.47413790225982660465 0.00000000000000000000 0.24137930572032920140 0.24590159952640530672 0.81896549463272094727 0.00000000000000000000 0.60377359390258789062 0.00000000000000000000 0.00000000000000000000 0.23188410699367520418 0.00000000000000000000 1.00000000000000000000 0.30434781312942499332 0.00000000000000000000 0.00000000000000000000 14999.00000000000000000000
811.00000000000000000000 0.51048088073730468750 0.00123299995902920005 0.07768189907073970446 0.05037780106067649838 0.92601728439331043585 0.00000000000000000000 0.81720429658889770508 0.00716850021854039971 0.01792109943926329871 0.04778160154819480199 0.00000000000000000000 0.99283152818679798468 0.19453920423984519261 0.12280700355768199572 1.00000000000000000000 28700.00000000000000000000
1551.00000000000000000000 0.48226949572563171387 0.00064470001962029996 0.18375240266323089600 0.12204229831695549702 0.88845908641815185547 0.00000000000000000000 0.73926872014999389648 0.00317970011383289985 0.00953899975866069963 0.15229110419750210847 0.00158979999832799994 0.97297298908233642578 0.27628031373023981265 0.12264149636030190205 0.87500000000000000000 26900.00000000000000000000
2013.00000000000000000000 0.45702931284904479980 0.00000000000000000000 0.12319920212030409379 0.08966150134801860461 0.89617490768432617188 0.00000000000000000000 0.76158040761947631836 0.00953679997473949950 0.02861040085554120149 0.08592779934406280518 0.00000000000000000000 0.99455040693283081055 0.30012449622154230289 0.13286709785461420230 0.47058820724487299136 19500.00000000000000000000
499.00000000000000000000 0.47494989633560180664 0.00000000000000000000 0.21442890167236319798 0.11450380086898799548 0.84168338775634765625 0.01001999992877239919 0.68159198760986328125 0.00995020009577269986 0.02985070087015620141 0.11453740298748009419 0.00000000000000000000 0.96517407894134521484 0.47136560082435607910 0.28571429848670959473 0.50000000000000000000 33500.00000000000000000000
14325.00000000000000000000 0.48328098654747009277 0.00342059996910389985 0.09954620152711859959 0.09456899762153619937 0.92509597539901722296 0.01186740025877949974 0.83960610628128051758 0.00284460000693789999 0.02757110074162480093 0.02141330018639560004 0.00262579997070130000 0.97308528423309315070 0.16231259703636169434 0.11310339719057080354 0.44117650389671320132 137300.00000000000000000000
2581.00000000000000000000 0.49050760269165039062 0.20340949296951291170 0.11390929669141769409 0.09201519936323160342 0.88415342569351196289 0.00000000000000000000 0.73319762945175170898 0.00203670002520080001 0.03360490128397940202 0.08989810198545450382 0.15580449998378750887 0.99490839242935180664 0.27618160843849182129 0.07924529910087579898 0.33333331346511840820 47500.00000000000000000000
1511.00000000000000000000 0.48841831088066101074 0.00066179997520520004 0.17538049817085260562 0.09831819683313369751 0.85506290197372436523 0.00000000000000000000 0.67747157812118530273 0.00324149988591669993 0.02917340025305740006 0.04489159956574440002 0.00000000000000000000 0.97244727611541759149 0.41021668910980219058 0.08695650100707999486 0.66666668653488159180 27300.00000000000000000000
88.00000000000000000000 0.46590909361839288882 0.00000000000000000000 0.26136359572410577945 0.17021280527114859837 0.81818181276321411133 0.00000000000000000000 0.65853661298751831055 0.00000000000000000000 0.02439020015299319874 0.24074070155620569400 0.00000000000000000000 1.00000000000000000000 0.40740740299224847965 0.06666669994592659687 1.00000000000000000000 14999.00000000000000000000
1298.00000000000000000000 0.48767331242561340332 0.00077039998723190002 0.19106319546699521150 0.14285710453987118806 0.85285049676895141602 0.03543910011649129693 0.70806097984313964844 0.00000000000000000000 0.02396509982645509892 0.04175369814038269733 0.00000000000000000000 1.00000000000000000000 0.24843420088291159886 0.04166670143604270238 0.33333331346511840820 39600.00000000000000000000
45.00000000000000000000 0.46666669845581049136 0.00000000000000000000 0.15555560588836669922 0.12500000000000000000 0.95555561780929565430 0.00000000000000000000 0.88235288858413696289 0.00000000000000000000 0.00000000000000000000 0.10526320338249199604 0.00000000000000000000 1.00000000000000000000 0.42105260491371149234 0.00000000000000000000 0.00000000000000000000 16300.00000000000000000000
5106.00000000000000000000 0.44966709613800048828 0.88875830173492431641 0.12318839877843849873 0.10996440052986139468 0.88777911663055419922 0.02408929914236060052 0.78105497360229492188 0.00340329995378849982 0.02665909938514229860 0.03661200031638139896 0.86727172136306762695 0.99489510059356678351 0.19562840461730948705 0.11111109703779220581 0.67647057771682739258 41700.00000000000000000000
14148.00000000000000000000 0.50197911262512207031 0.04785130172967910073 0.07704269886016840152 0.04655120149254789869 0.87659031152725219727 0.00084819999756290002 0.76619207859039306641 0.01203129999339580015 0.08261480182409279560 0.18566299974918359927 0.04050530120730400085 0.91538000106811523438 0.43615278601646417789 0.11354120075702660297 0.10000000149011610551 67000.00000000000000000000
451.00000000000000000000 0.47893568873405450992 0.43015518784523010254 0.19733920693397519197 0.14893619716167449951 0.90465629100799560547 0.00000000000000000000 0.75144511461257934570 0.00000000000000000000 0.00000000000000000000 0.08465609699487680606 0.42774569988250732422 1.00000000000000000000 0.19576719403266901187 0.10869570076465599751 0.00000000000000000000 20100.00000000000000000000
140.00000000000000000000 0.41428568959236139468 0.00000000000000000000 0.17142860591411590576 0.20731709897518149632 0.82857137918472290039 0.00000000000000000000 0.62068969011306762695 0.00000000000000000000 0.03448279947042459659 0.15942029654979700259 0.00000000000000000000 1.00000000000000000000 0.14492750167846679688 0.25000000000000000000 0.00000000000000000000 14999.00000000000000000000
4593.00000000000000000000 0.48377969861030578613 0.01088610012084239957 0.16655780375003809146 0.09827080368995659565 0.89331591129302978516 0.01654689945280549829 0.79423868656158447266 0.00235159997828299997 0.02763080038130279886 0.06073990091681479714 0.00940619967877859980 0.99353319406509399414 0.06570959836244580354 0.10344830155372619629 0.62500000000000000000 88900.00000000000000000000
2431.00000000000000000000 0.46030440926551818848 0.29329490661621088199 0.17688189446926108617 0.16310979425907129459 0.85972851514816284180 0.00000000000000000000 0.68923079967498779297 0.00717950006946919961 0.02769229933619489839 0.07407409697771069612 0.26358970999717712402 0.98769229650497436523 0.34472930431365961246 0.10344830155372619629 0.25000000000000000000 24600.00000000000000000000
902.00000000000000000000 0.47782710194587707520 0.00000000000000000000 0.18957869708538049869 0.15498940646648398656 0.84922391176223754883 0.00000000000000000000 0.66576820611953735352 0.00808630045503369935 0.02425879985094070088 0.06075949966907499833 0.00000000000000000000 0.99730461835861194952 0.25569620728492731265 0.07777780294418329410 0.66666668653488159180 27300.00000000000000000000
1656.00000000000000000000 0.52415460348129272461 0.01268120016902679961 0.27717390656471252441 0.15101520717144009676 0.74094200134277343750 0.07910630106925960192 0.64161068201065063477 0.00134229997638609993 0.04026849940419190144 0.38378828763961791992 0.00134229997638609993 0.97986578941345203742 0.61952030658721923828 0.05116280168294899677 0.53846150636672973633 75600.00000000000000000000
2863.00000000000000000000 0.52637088298797607422 0.00593779981136320027 0.03562700003385539660 0.02433630079030989907 0.89416700601577758789 0.07998599857091899523 0.91137367486953735352 0.00590839982032769981 0.01033969968557349982 0.02729889936745159840 0.00147709995508190002 0.98227471113204956055 0.08045980334281919999 0.11940299719572060322 0.44444438815116882324 68600.00000000000000000000
1391.00000000000000000000 0.44356578588485717773 0.00071890000253909997 0.27893599867820739746 0.19767439365386960115 0.79726821184158325195 0.06613949686288829455 0.67830878496170043945 0.00367649993859229998 0.02389710023999210009 0.10819669812917709351 0.00183820002712299993 0.99080878496170043945 0.27704921364784240723 0.06870230287313459916 0.63636362552642822266 15000.00000000000000000000
260.00000000000000000000 0.47307690978050231934 0.00384619995020320021 0.04615379869937889790 0.04379560053348539872 0.98846149444580078125 0.00000000000000000000 0.94736838340759277344 0.00000000000000000000 0.00000000000000000000 0.25000000000000000000 0.01754390075802799917 1.00000000000000000000 0.61842107772827148438 0.25000000000000000000 0.00000000000000000000 20600.00000000000000000000
3102.00000000000000000000 0.47292068600654602051 0.01225019991397850033 0.17923919856548309326 0.11987770348787299413 0.81044489145278930664 0.00386850000359110005 0.63765937089920043945 0.00825210008770219973 0.05476370081305499682 0.05393899977207179675 0.01200299989432090063 0.96999251842498779297 0.32363379001617431641 0.05451130121946329982 0.37500000000000000000 43300.00000000000000000000
161.00000000000000000000 0.47204971313476562500 0.00000000000000000000 0.15527950227260589600 0.12941180169582358617 0.86956518888473510742 0.00000000000000000000 0.74626868963241577148 0.01492539979517449981 0.01492539979517449981 0.12987010180950159244 0.00000000000000000000 1.00000000000000000000 0.20779219269752499666 0.10000000149011610551 1.00000000000000000000 28100.00000000000000000000
763.00000000000000000000 0.50720840692520141602 0.02228049933910369873 0.30930539965629577637 0.11170209944248199463 0.80471819639205932617 0.00524249998852609981 0.63428568840026855469 0.00285709998570379993 0.04285709932446479797 0.39655169844627380371 0.00857140030711880073 0.92285710573196400031 0.71034479141235351562 0.10989010334014889803 0.82926827669143676758 31000.00000000000000000000
1157.00000000000000000000 0.52895420789718627930 0.00000000000000000000 0.13396720588207239322 0.09724769741296759862 0.87294727563858032227 0.03543649986386290113 0.76420450210571289062 0.00568180019035930024 0.03409089893102640323 0.11779449880123130101 0.00000000000000000000 0.35511359572410577945 0.55889719724655151367 0.26829269528388971500 0.20000000298023221101 84200.00000000000000000000
449.00000000000000000000 0.46547880768775939941 0.03118040040135380137 0.12917590141296381168 0.08749999850988379735 0.90423160791397094727 0.00000000000000000000 0.77575761079788208008 0.00606059981510040022 0.02424239926040170148 0.21052630245685569066 0.03030299954116339942 0.98181819915771484375 0.32057419419288629703 0.11428570002317420262 1.00000000000000000000 37700.00000000000000000000
95732.00000000000000000000 0.46294859051704401187 0.38113689422607421875 0.18246769905090329256 0.13938109576702109593 0.82903307676315307617 0.02450590021908280111 0.66997867822647094727 0.00283499993383880006 0.03477599844336509705 0.09227489680051799426 0.34965029358863830566 0.96924698352813720703 0.23261110484600058812 0.11139939725399010395 0.62037038803100585938 20400.00000000000000000000
1457.00000000000000000000 0.45161288976669311523 0.76321208477020263672 0.13658200204372400455 0.14392989873886100072 0.91008919477462757452 0.00000000000000000000 0.74428272247314453125 0.00000000000000000000 0.01663199998438349980 0.08901520073413840550 0.71725571155548095703 1.00000000000000000000 0.32196968793869018555 0.20945949852466580476 1.00000000000000000000 20000.00000000000000000000
63909.00000000000000000000 0.48836630582809448242 0.02724190056323999923 0.14602009952068328857 0.10288090258836740665 0.81979060173034667969 0.02483220025897020164 0.66215598583221435547 0.00618840008974070026 0.04983700066804880313 0.10866370052099219579 0.02665130048990239919 0.90832960605621337891 0.42667499184608459473 0.09876789897680279817 0.61584448814392089844 41200.00000000000000000000
125.00000000000000000000 0.47200000286102289371 0.00000000000000000000 0.15199999511241910066 0.18181820213794699925 0.88800001144409179688 0.00000000000000000000 0.70833331346511840820 0.00000000000000000000 0.00000000000000000000 0.11111109703779220581 0.00000000000000000000 1.00000000000000000000 0.38888889551162719727 0.18181820213794699925 0.00000000000000000000 14999.00000000000000000000
3503.00000000000000000000 0.49157860875129699707 0.02569230087101450136 0.10162720084190360326 0.04154970124363890210 0.59777331352233886719 0.33342850208282470703 0.79126209020614624023 0.00485440017655490007 0.05582519993185990070 0.04959629848599429736 0.01577669940888879949 0.92597091197967518195 0.40599769353866571597 0.14360310137271881104 0.42857140302658081055 132600.00000000000000000000
165.00000000000000000000 0.43636360764503479004 0.89696967601776123047 0.10303030163049689549 0.13978490233421320132 0.92121207714080799445 0.00000000000000000000 0.76086962223052978516 0.00000000000000000000 0.04347829893231389825 0.07999999821186060123 0.80434781312942504883 0.95652168989181518555 0.51999998092651367188 0.44444438815116882324 0.00000000000000000000 14999.00000000000000000000
699.00000000000000000000 0.43204578757286071777 0.00000000000000000000 0.25035768747329711914 0.20654909312725058812 0.80829757452011108398 0.00000000000000000000 0.61562502384185791016 0.00937500037252900036 0.02187499962747090076 0.10863509774208060521 0.00000000000000000000 0.98437500000000000000 0.30083569884300231934 0.05681819841265670079 1.00000000000000000000 14999.00000000000000000000
66.00000000000000000000 0.50000000000000000000 0.00000000000000000000 0.12121210247278209338 0.06060609966516489894 0.83333331346511840820 0.00000000000000000000 0.59259259700775146484 0.00000000000000000000 0.00000000000000000000 0.06896550208330150256 0.00000000000000000000 1.00000000000000000000 0.24137930572032920140 0.00000000000000000000 0.00000000000000000000 14999.00000000000000000000
177.00000000000000000000 0.49717509746551508121 0.00000000000000000000 0.27118641138076782227 0.23595510423183441162 0.79096049070358276367 0.00000000000000000000 0.57647061347961425781 0.00000000000000000000 0.01176469959318630042 0.28571429848670959473 0.00000000000000000000 1.00000000000000000000 0.26890760660171508789 0.14285710453987118806 1.00000000000000000000 14999.00000000000000000000
953.00000000000000000000 0.48268631100654602051 0.00104929995723059997 0.16474290192127219457 0.12576059997081751041 0.86253929138183593750 0.00000000000000000000 0.69230771064758300781 0.00000000000000000000 0.03978779911994929919 0.07823959738016120213 0.00000000000000000000 1.00000000000000000000 0.26650369167327880859 0.12295079976320259785 0.66666668653488159180 49600.00000000000000000000
1093.00000000000000000000 0.44098809361457819156 0.59652328491210937500 0.12076850235462180394 0.12602290511131281070 0.89935958385467529297 0.00000000000000000000 0.73157888650894165039 0.00263160001486529996 0.01315790042281149951 0.15742790699005118626 0.53684210777282714844 0.99210530519485484735 0.32150781154632568359 0.22972969710826871004 0.83333331346511840820 14999.00000000000000000000
1066.00000000000000000000 0.51876169443130493164 0.00000000000000000000 0.05816140025854110024 0.03703700006008139867 0.95778608322143554688 0.00000000000000000000 0.88753801584243774414 0.00000000000000000000 0.02431610040366639913 0.03519060090184210343 0.00000000000000000000 0.98784190416336059570 0.10263930261135099931 0.13333329558372489232 0.00000000000000000000 103100.00000000000000000000
448.00000000000000000000 0.48214289546012878418 0.26339289546012878418 0.12500000000000000000 0.11206900328397749467 0.89508932828903198242 0.00000000000000000000 0.73939388990402221680 0.00000000000000000000 0.02424239926040170148 0.10326089709997170185 0.21212120354175559300 1.00000000000000000000 0.29347831010818481445 0.10526320338249199604 0.00000000000000000000 33300.00000000000000000000
9188.00000000000000000000 0.47300830483436578922 0.00522419996559610016 0.12451019883155819978 0.08199089765548700504 0.79081410169601440430 0.00206790002994230006 0.63374602794647216797 0.00618949998170130033 0.10226050019264219804 0.05324840173125260090 0.00403659977018830038 0.94806241989135742188 0.39796179533004760742 0.08231990039348599519 0.28571429848670959473 214100.00000000000000000000
1890.00000000000000000000 0.48730158805847167969 0.00052910001249980004 0.09576719999313350329 0.05056760087609289689 0.94021159410476684570 0.00000000000000000000 0.85801529884338378906 0.00152669998351480005 0.02290079928934569964 0.02674590051174160002 0.00000000000000000000 0.99694657325744640008 0.06835070252418509740 0.14634150266647338867 0.22222219407558441162 125500.00000000000000000000
3014.00000000000000000000 0.48739218711853027344 0.05441270023584360294 0.15262110531330108643 0.10032360255718229813 0.92800271511077880859 0.00000000000000000000 0.82697951793670654297 0.00097749999258660010 0.03128049895167350075 0.01823420077562330072 0.04105570167303079776 0.96578687429428100586 0.09021110087633130159 0.07476639747619620580 0.37500000000000000000 154900.00000000000000000000
15512.00000000000000000000 0.46086901426315307617 0.04925220087170600197 0.22646979987621299046 0.14982660114765158910 0.75283652544021606445 0.01005669962614770020 0.57972860336303710938 0.00325129996053869982 0.07591179758310309666 0.62531781196594238281 0.03661290183663359898 0.99137687683105479852 0.26011648774147028140 0.05224559828639029763 0.77405858039855957031 130600.00000000000000000000
1548.00000000000000000000 0.48837208747863769531 0.11692509800195689806 0.17958660423755640201 0.17424240708351129703 0.87919902801513671875 0.00904390029609200043 0.72742760181427001953 0.00170360004995010004 0.01873940043151369958 0.07704400271177290482 0.11413969844579689716 0.99829638004302978516 0.38522011041641229800 0.18620690703392028809 0.62500000000000000000 15400.00000000000000000000
1192.00000000000000000000 0.48909398913383478336 0.00000000000000000000 0.17365770041942590884 0.12807880342006680574 0.89010071754455566406 0.00000000000000000000 0.73478257656097412109 0.00217389990575609987 0.01521740015596149964 0.05154639855027189771 0.00000000000000000000 1.00000000000000000000 0.10721649974584579468 0.13461540639400479402 0.16666670143604270238 24200.00000000000000000000
853.00000000000000000000 0.47010549902915949039 0.01641269959509369936 0.21688160300254819002 0.17035399377346038818 0.87104338407516479492 0.00000000000000000000 0.70760232210159301758 0.00000000000000000000 0.02923979982733719910 0.07065220177173610339 0.01461989991366859955 0.99415200948715198859 0.33152168989181518555 0.06837610155344009399 1.00000000000000000000 18600.00000000000000000000
314.00000000000000000000 0.47770699858665460757 0.01592360064387320084 0.18152870237827301025 0.18292680382728571109 0.81847131252288818359 0.00000000000000000000 0.64393937587738037109 0.01515149977058169971 0.04545449838042250196 0.11409399658441539416 0.01515149977058169971 1.00000000000000000000 0.13422819972038269043 0.05714289844036100213 1.00000000000000000000 19000.00000000000000000000
15333.00000000000000000000 0.48281478881835937500 0.00671749981120220007 0.09867610037326809969 0.07553590089082709569 0.86597532033920288086 0.00697840005159369985 0.73541480302810668945 0.00588760012760749987 0.06351470202207559757 0.01976219937205310126 0.00535239977762099958 0.99304187297821044922 0.28261628746986389160 0.07393790036439890079 0.33333331346511840820 63300.00000000000000000000
244.00000000000000000000 0.48360660672187799625 0.00000000000000000000 0.23360660672187799625 0.11111109703779220581 0.82786887884140014648 0.00000000000000000000 0.66055047512054443359 0.00000000000000000000 0.04587160050868979710 0.12800000607967371158 0.00000000000000000000 0.95412838459014881476 0.44800001382827758789 0.09677419811487189549 0.33333331346511840820 32500.00000000000000000000
1113.00000000000000000000 0.47978439927101129703 0.00449240021407599967 0.16891279816627499666 0.11917100101709360294 0.89757412672042846680 0.00000000000000000000 0.74186050891876220703 0.00232560001313679996 0.00697669992223380001 0.09663870185613629427 0.00232560001313679996 1.00000000000000000000 0.27941179275512689761 0.13186809420585629549 0.60000002384185791016 25300.00000000000000000000
2087.00000000000000000000 0.46094870567321777344 0.04504070058464999804 0.19837090373039240054 0.18488889932632440738 0.77958792448043823242 0.04551989957690229932 0.63572269678115844727 0.00705049978569149971 0.04817859828472129818 0.10232070088386530093 0.04582839831709859674 0.99177438020706176758 0.41983118653297418765 0.04230770096182819712 0.50000000000000000000 18700.00000000000000000000
1242.00000000000000000000 0.47181960940361017398 0.00000000000000000000 0.21175520122051239014 0.16615849733352661133 0.83333331346511840820 0.00000000000000000000 0.65175098180770874023 0.00972760003060100034 0.04085600003600119851 0.07220219820737830418 0.00000000000000000000 0.99805450439453125000 0.25090250372886657715 0.07482989877462380146 0.46153849363327020816 33200.00000000000000000000
78.00000000000000000000 0.44871789216995239258 0.02564099989831439969 0.11538460105657570576 0.04651160165667529711 0.88461542129516601562 0.00000000000000000000 0.73333328962326049805 0.00000000000000000000 0.03333330154418939761 0.09090910106897349963 0.00000000000000000000 1.00000000000000000000 0.36363640427589410953 0.14285710453987118806 0.00000000000000000000 14999.00000000000000000000
167.00000000000000000000 0.44311380386352539062 0.01197599992156020074 0.25748500227928161621 0.22580650448799130525 0.83832341432571411133 0.00000000000000000000 0.64383560419082641602 0.00000000000000000000 0.01369860023260109985 0.13095240294933319092 0.01369860023260109985 1.00000000000000000000 0.23809519410133359041 0.15384620428085318822 1.00000000000000000000 21800.00000000000000000000
149.00000000000000000000 0.53020131587982177734 0.00671140011399980023 0.12080539762973779849 0.07142859697341910619 0.84563761949539184570 0.00000000000000000000 0.68333327770233154297 0.00000000000000000000 0.06666669994592659687 0.10447759926319119539 0.01666669920086859963 1.00000000000000000000 0.13432839512825009431 0.18181820213794699925 0.00000000000000000000 14999.00000000000000000000
2096.00000000000000000000 0.45944660902023309879 0.02146949991583819994 0.13835880160331720523 0.08561339974403379960 0.84828239679336547852 0.00381679995916779993 0.70184051990509033203 0.00245400005951520008 0.06012269854545589792 0.04117650166153900143 0.01963189989328379889 0.98895710706710815430 0.14235289394855499268 0.05652169883251190186 0.42857140302658081055 55400.00000000000000000000
247.00000000000000000000 0.48987850546836847476 0.00000000000000000000 0.14170040190219879150 0.11904759705066679520 0.89878541231155395508 0.00000000000000000000 0.73563218116760253906 0.00000000000000000000 0.02298850007355210043 0.11224489659070960301 0.00000000000000000000 1.00000000000000000000 0.14285710453987118806 0.09090910106897349963 1.00000000000000000000 18400.00000000000000000000
66270.00000000000000000000 0.47968921065330499820 0.09530709683895109696 0.08131880313158029727 0.06861750036478039827 0.64016902446746826172 0.10467779636383049702 0.52949178218841552734 0.00311050005257119998 0.14530110359191888980 0.10670000314712520251 0.08293479681015010485 0.93518412113189697266 0.51919001340866088867 0.05765920132398599796 0.57093429565429687500 58000.00000000000000000000
259.00000000000000000000 0.48262551426887512207 0.00000000000000000000 0.28185328841209411621 0.16417910158634180240 0.88416987657546997070 0.00000000000000000000 0.73873871564865112305 0.00000000000000000000 0.00900899991393079927 0.03478259965777390217 0.00000000000000000000 1.00000000000000000000 0.10434780269861219926 0.06250000000000000000 1.00000000000000000000 14999.00000000000000000000
507.00000000000000000000 0.42998030781745910645 0.00197239988483480016 0.32347139716148370914 0.29757788777351379395 0.68244582414627075195 0.13609470427036279849 0.59113299846649169922 0.00492609990760680024 0.03940889984369270321 0.16803279519081110172 0.00000000000000000000 0.99507391452789317743 0.54098361730575561523 0.04040399938821789827 0.66666668653488159180 48300.00000000000000000000
4677.00000000000000000000 0.49796879291534418277 0.04703870043158529801 0.08809070289134969534 0.06814309954643249512 0.80735510587692260742 0.00000000000000000000 0.61196321249008178711 0.00255619990639380018 0.06799589842557900166 0.11693000048398970170 0.05061350017786019756 0.89161550998687744141 0.64695262908935546875 0.04535150155425070329 0.20930230617523190584 80300.00000000000000000000
180650.00000000000000000000 0.49440351128578180484 0.08872409909963599461 0.05518959835171689809 0.05166640132665629992 0.89518958330154418945 0.00252419989556069979 0.76910418272018432617 0.00566519983112809961 0.04666659981012340197 0.09198939800262449784 0.07822070270776740331 0.91899418830871582031 0.28111210465431207828 0.13117370009422299471 0.43335610628128051758 58200.00000000000000000000
1771.00000000000000000000 0.46301519870758051090 0.01863349974155420127 0.15189160406589499730 0.13144059479236600008 0.88311690092086791992 0.00000000000000000000 0.73720610141754150391 0.00414940016344180016 0.02212999947369089990 0.05859379842877379674 0.01659750007092949953 0.99723368883132923468 0.34375000000000000000 0.09216590225696559557 0.60000002384185791016 30700.00000000000000000000
791.00000000000000000000 0.47408339381217950992 0.00252839992754160013 0.23514540493488308992 0.22596150636672970857 0.80783820152282714844 0.09102399647235870361 0.72426468133926391602 0.00367649993859229998 0.01470590010285370043 0.08108109980821609497 0.00367649993859229998 0.99632352590560924188 0.39527028799057001285 0.17460319399833679199 0.75000000000000000000 14999.00000000000000000000
1289.00000000000000000000 0.46858030557632440738 0.32738560438156127930 0.11481770128011699328 0.12262769788503639912 0.88828551769256591797 0.00000000000000000000 0.73434132337570190430 0.00863930024206630010 0.03023760020732869924 0.17907799780368799381 0.29805618524551391602 0.98488122224807739258 0.43439719080924987793 0.12878790497779840640 0.68000000715255737305 25800.00000000000000000000
2599.00000000000000000000 0.48172369599342340640 0.47479799389839172363 0.08964990079402919421 0.09576839953660959415 0.87995380163192749023 0.02424010075628749844 0.75764441490173339844 0.00566249992698429974 0.02718009985983370000 0.13090549409389490298 0.42808610200881958008 0.98641002178192138672 0.34645670652389520816 0.15725809335708609837 0.85714292526245117188 49000.00000000000000000000
81.00000000000000000000 0.48148149251937860660 0.00000000000000000000 0.38271600008010858707 0.26190480589866638184 0.80246907472610473633 0.00000000000000000000 0.60975611209869384766 0.00000000000000000000 0.00000000000000000000 0.22641509771347040347 0.00000000000000000000 1.00000000000000000000 0.24528299272060388736 0.00000000000000000000 1.00000000000000000000 14999.00000000000000000000
1429.00000000000000000000 0.44856539368629450015 0.50174951553344726562 0.20923720300197601318 0.20558379590511319246 0.83624911308288574219 0.05878239870071409745 0.72509962320327758789 0.00199200003407890014 0.01992030069231980061 0.10357140004634850239 0.46613550186157221011 0.99402391910552978516 0.36785709857940668277 0.16883119940757748689 0.75000000000000000000 16300.00000000000000000000
6447.00000000000000000000 0.48208469152450561523 0.31534048914909357242 0.10252829641103740343 0.09673549979925150089 0.91592991352081298828 0.03024660050868980057 0.84795641899108886719 0.00217980006709690005 0.02833789959549900053 0.02393620088696470083 0.26757490634918207340 0.93188011646270763055 0.19361700117588040437 0.13941019773483270816 0.54545450210571289062 167300.00000000000000000000
6558.00000000000000000000 0.46508079767227167300 0.37450438737869262695 0.13586460053920740298 0.11659059673547740588 0.73437017202377319336 0.00000000000000000000 0.51759827136993408203 0.00172529998235400003 0.09316769987344740434 0.04230010136961930012 0.28191858530044550113 0.96100759506225597040 0.57633841037750244141 0.06557379662990570068 0.69999998807907104492 159600.00000000000000000000
4694.00000000000000000000 0.45568808913230890445 0.00063909997697910001 0.22837670147418970279 0.18630139529705039281 0.86727738380432128906 0.00000000000000000000 0.69868069887161254883 0.00263849995099000017 0.02216359972953790142 0.05202599987387650227 0.00052770000183949999 0.99419528245925903320 0.18059030175209039859 0.06597939878702159533 0.87500000000000000000 36800.00000000000000000000
464.00000000000000000000 0.45258620381355280093 0.56896549463272094727 0.15732760727405539769 0.19685040414333340730 0.90732759237289439813 0.00000000000000000000 0.74050629138946533203 0.00000000000000000000 0.01265820022672409922 0.17708329856395718660 0.51898729801177978516 0.99367088079452514648 0.16145829856395718660 0.21621620655059808902 0.66666668653488159180 23800.00000000000000000000
4543.00000000000000000000 0.49438700079917907715 0.01298699993640180066 0.16662999987602231111 0.09447100013494490189 0.91503411531448364258 0.00000000000000000000 0.78618228435516357422 0.00119119998998939991 0.01250739954411980021 0.03837339952588079972 0.01369860023260109985 0.99463969469070434570 0.05612830072641369905 0.02790700085461129965 0.12121210247278209338 123200.00000000000000000000
1895.00000000000000000000 0.44802111387252807617 0.01372030004858969948 0.24432720243930811099 0.20841300487518310547 0.79525071382522583008 0.03588389977812760090 0.62199747562408447266 0.00505689997225990031 0.01517069991677989955 0.15581640601158139314 0.01011379994451989950 0.99115037918090820312 0.38100320100784301758 0.10452959686517709903 0.81818181276321411133 14999.00000000000000000000
853.00000000000000000000 0.45017579197883600406 0.00000000000000000000 0.26025789976119989566 0.20895519852638239078 0.77608442306518554688 0.00820630043745040026 0.58333331346511840820 0.01010099984705439997 0.03535350039601319744 0.06823530048131939973 0.00000000000000000000 0.99747467041015625000 0.47294119000434869937 0.04032260179519649851 0.50000000000000000000 19200.00000000000000000000
614.00000000000000000000 0.47068399190902709961 0.00325730000622569994 0.26058629155158991031 0.23076920211315149478 0.79804557561874389648 0.07980459928512570467 0.68936169147491455078 0.00000000000000000000 0.00851059984415760036 0.04858300089836119912 0.00425529992207880018 1.00000000000000000000 0.21862350404262539949 0.08474580198526379671 1.00000000000000000000 20200.00000000000000000000
115.00000000000000000000 0.55652171373367309570 0.00000000000000000000 0.09565220028161999788 0.09803920239210120458 0.83478260040283203125 0.00000000000000000000 0.64285707473754882812 0.02380950003862379941 0.04761900007724759881 0.00000000000000000000 0.00000000000000000000 1.00000000000000000000 0.26190480589866638184 0.12500000000000000000 0.00000000000000000000 14999.00000000000000000000
8658.00000000000000000000 0.48856550455093378238 0.00438900012522929969 0.12866710126399991121 0.10659439861774440417 0.85239088535308837891 0.01674750074744220038 0.70243752002716064453 0.00316559989005319982 0.04241849854588500279 0.09742859750986089529 0.00411520013585680005 0.95061731338500976562 0.39314290881156921387 0.09889090061187739977 0.20000000298023221101 43100.00000000000000000000
167.00000000000000000000 0.50299400091171264648 0.00000000000000000000 0.14371259510517120361 0.12048190087080000443 0.91017961502075195312 0.00000000000000000000 0.76190477609634399414 0.00000000000000000000 0.00000000000000000000 0.08695650100707999486 0.00000000000000000000 1.00000000000000000000 0.20289860665798178929 0.00000000000000000000 0.00000000000000000000 14999.00000000000000000000
1253.00000000000000000000 0.49960100650787347965 0.01835590042173860029 0.19712689518928519505 0.13078150153160089664 0.70470869541168212891 0.16041499376296988744 0.64908260107040405273 0.00458720000460740001 0.02522940002381799871 0.09917359799146649446 0.00688070012256499983 0.99082571268081676141 0.30578508973121637515 0.08196719735860820422 0.63636362552642822266 23000.00000000000000000000
1922.00000000000000000000 0.46982309222221368961 0.00000000000000000000 0.21748180687427520752 0.18449459969997400455 0.80124872922897338867 0.00000000000000000000 0.58823531866073608398 0.00230680010281499991 0.02306810021400449925 0.14833010733127591219 0.00000000000000000000 0.99653977155685424805 0.35658150911331171207 0.06498190015554419774 0.47999998927116388492 20800.00000000000000000000
1596.00000000000000000000 0.46553879976272577457 0.00438599986955520021 0.17857140302658081055 0.14185230433940879124 0.84586471319198608398 0.00563909998163580027 0.67921692132949829102 0.00451810006052249993 0.03012049943208689948 0.02209129929542540116 0.00451810006052249993 0.99548190832138061523 0.26656851172447199039 0.07253889739513390278 0.50000000000000000000 44600.00000000000000000000
187.00000000000000000000 0.48663100600242609195 0.00000000000000000000 0.14438499510288230199 0.10416670143604270238 0.90374332666397094727 0.00000000000000000000 0.77142858505249023438 0.00000000000000000000 0.02857140079140660024 0.10256409645080559467 0.00000000000000000000 1.00000000000000000000 0.25641030073165888004 0.38461539149284357242 1.00000000000000000000 14999.00000000000000000000
9926.00000000000000000000 0.49707838892936700992 0.18033449351787558812 0.03848480060696599786 0.04427079856395720048 0.94307881593704223633 0.00302239996381100003 0.86892181634902954102 0.00986609980463980067 0.03417899832129470128 0.05336889997124669854 0.16948559880256650056 0.92389011383056640625 0.10106740146875380082 0.23688660562038418855 0.30434781312942499332 43300.00000000000000000000
95.00000000000000000000 0.49473679065704340152 0.01052630040794609936 0.11578950285911560059 0.16666670143604270238 0.86315792798995971680 0.00000000000000000000 0.68571430444717407227 0.00000000000000000000 0.05714289844036100213 0.20454549789428710938 0.02857140079140660024 0.97142857313156116827 0.27272731065750122070 0.22222219407558441162 0.00000000000000000000 16300.00000000000000000000
494.00000000000000000000 0.47368419170379638672 0.01821859925985330059 0.11336030066013330631 0.08846150338649749756 0.89473682641983032227 0.00000000000000000000 0.74456518888473510742 0.00543479993939390005 0.01630429923534389841 0.03664920106530179800 0.01630429923534389841 0.98369568586349476202 0.21989530324935910310 0.09803920239210120458 1.00000000000000000000 26600.00000000000000000000
700.00000000000000000000 0.49142861366271972656 0.00000000000000000000 0.04142859950661650220 0.07022470235824579410 0.95142859220504760742 0.01571430079638949998 0.90163928270339954718 0.00000000000000000000 0.02185790054500099874 0.21794870495796200838 0.00000000000000000000 0.98360657691955555304 0.76068377494812011719 0.33333331346511840820 0.33333331346511840820 14999.00000000000000000000
18698.00000000000000000000 0.48935720324516290836 0.01149860024452199932 0.06498020142316809911 0.04943440109491339940 0.89549678564071655273 0.01567010022699830141 0.79551857709884643555 0.00689439987763759959 0.04261989891529079783 0.04944889992475499929 0.01410220004618160071 0.98605448007583618164 0.26198989152908319644 0.09993430227041240343 0.22727270424365988988 59900.00000000000000000000
9178.00000000000000000000 0.49803879857063287906 0.00806280039250849984 0.12965789437294000797 0.06642069667577739367 0.94922637939453125000 0.00512089999392619996 0.87693858146667480469 0.00134860002435739992 0.01213760022073979983 0.04691519960761070251 0.00708020012825720003 0.97741067409515380859 0.03309769928455350008 0.15322579443454739656 0.38888889551162719727 348000.00000000000000000000
1453.00000000000000000000 0.49759119749069208316 0.00206470000557600021 0.15485200285911560059 0.09041099995374679565 0.86235380172729492188 0.00068820000160479998 0.72361809015274047852 0.00167499994859089999 0.04690119996666899937 0.30175438523292541504 0.00000000000000000000 0.99832499027252197266 0.19883039593696588687 0.03030299954116339942 0.54545450210571289062 82700.00000000000000000000
543.00000000000000000000 0.47145488858222961426 0.00000000000000000000 0.24677720665931698885 0.13937279582023620605 0.83425408601760864258 0.00000000000000000000 0.63934427499771118164 0.00409840000793330016 0.00409840000793330016 0.15570929646491998843 0.00000000000000000000 1.00000000000000000000 0.30449831485748291016 0.03278689831495280177 0.44444438815116882324 16400.00000000000000000000
255.00000000000000000000 0.40392160415649408511 0.20392160117626190186 0.15686270594596860017 0.21710529923439020328 0.88235288858413696289 0.00000000000000000000 0.69696968793869018555 0.00000000000000000000 0.00000000000000000000 0.04807690158486360027 0.17171719670295709781 1.00000000000000000000 0.34615379571914667300 0.13636359572410580721 0.00000000000000000000 14999.00000000000000000000
615.00000000000000000000 0.50243902206420898438 0.00000000000000000000 0.16260160505771628636 0.08823529630899429321 0.86178857088088989258 0.00000000000000000000 0.70564520359039306641 0.01209679991006849982 0.03225810080766670224 0.06060609966516489894 0.00000000000000000000 0.99596768617630004883 0.22727270424365988988 0.11999999731779090184 0.75000000000000000000 24900.00000000000000000000
502.00000000000000000000 0.48007971048355102539 0.00199200003407890014 0.14940239489078518953 0.10344830155372619629 0.89442229270935058594 0.00000000000000000000 0.76111108064651489258 0.00555559992790220000 0.03888890147209159848 0.08629439771175380358 0.00000000000000000000 0.99444437026977539062 0.25888320803642267398 0.05084750056266779811 0.00000000000000000000 32600.00000000000000000000
215.00000000000000000000 0.51162791252136230469 0.00000000000000000000 0.16279070079326629639 0.19047619402408599854 0.86511629819869995117 0.00000000000000000000 0.73170727491378784180 0.01219510007649659937 0.03658540174365040171 0.07865169644355769762 0.00000000000000000000 1.00000000000000000000 0.23595510423183441162 0.14285710453987118806 0.00000000000000000000 29700.00000000000000000000
1191.00000000000000000000 0.45675900578498840332 0.00083959999028589995 0.20654909312725058812 0.17001549899578088931 0.83711171150207519531 0.00000000000000000000 0.65708810091018676758 0.00383140007033940010 0.02107279933989040024 0.11224489659070960301 0.00000000000000000000 0.99808430671691894531 0.41836729645729059390 0.07216490060091010350 0.83333331346511840820 16700.00000000000000000000
439.00000000000000000000 0.45330300927162170410 0.00000000000000000000 0.13439640402793878726 0.07916670292615890503 0.92938500642776478156 0.00000000000000000000 0.80952382087707519531 0.00000000000000000000 0.02040820010006420132 0.03921569883823389918 0.00000000000000000000 1.00000000000000000000 0.05882349982857699999 0.07142859697341910619 0.66666668653488159180 34400.00000000000000000000
3618.00000000000000000000 0.49032610654830932617 0.14179100096225730199 0.06882259994745250353 0.03687639907002440015 0.93477058410644520148 0.00000000000000000000 0.86108642816543579102 0.00623330008238550011 0.04719499871134749669 0.24630869925022119693 0.12110420316457740086 0.80676758289337158203 0.24765099585056299381 0.18848170340061179417 0.27868849039077758789 62800.00000000000000000000
342.00000000000000000000 0.49707600474357599429 0.70175439119338989258 0.17251460254192349519 0.05813949927687640101 0.91228067874908436163 0.00000000000000000000 0.72222220897674560547 0.00000000000000000000 0.00000000000000000000 0.10743799805641170153 0.71296298503875732422 1.00000000000000000000 0.30578508973121637515 0.10000000149011610551 0.00000000000000000000 14999.00000000000000000000
103.00000000000000000000 0.52427178621292114258 0.03883500024676320161 0.23300969600677490234 0.18367350101470938939 0.85436892509460449219 0.00000000000000000000 0.65116280317306518555 0.00000000000000000000 0.00000000000000000000 0.21818180382251739502 0.06976740062236780338 1.00000000000000000000 0.32727271318435668945 0.00000000000000000000 1.00000000000000000000 14999.00000000000000000000
744.00000000000000000000 0.51881718635559082031 0.00134409999009219992 0.06854840368032449893 0.06424579769372940063 0.88306450843811035156 0.00000000000000000000 0.73282438516616821289 0.00381679995916779993 0.04961830005049699954 0.02962959930300710157 0.00000000000000000000 0.99618321657180797235 0.15555560588836669922 0.05405410006642340226 1.00000000000000000000 61500.00000000000000000000
334.00000000000000000000 0.46706590056419372559 0.00000000000000000000 0.23053890466690060701 0.14606739580631250552 0.88023948669433593750 0.00000000000000000000 0.71942448616027832031 0.00000000000000000000 0.00719420006498689996 0.06711409986019130358 0.00000000000000000000 0.99280577898025523798 0.21476510167121878880 0.07407409697771069612 0.50000000000000000000 14999.00000000000000000000
3373.00000000000000000000 0.51200711727142333984 0.01363770011812440001 0.11532759666442869706 0.06682869791984549779 0.95434331893920898438 0.00266820006072519995 0.88112747669219970703 0.00980389956384889946 0.04044120013713829731 0.02741359919309609844 0.01593139953911299964 0.93504899740219116211 0.61740171909332275391 0.36595740914344787598 0.80000001192092895508 138300.00000000000000000000
445.00000000000000000000 0.47191008925437927246 0.30561798810958862305 0.20898880064487448949 0.19574469327926630191 0.86292129755020141602 0.00000000000000000000 0.69398909807205200195 0.00000000000000000000 0.02732240036129950089 0.13679249584674829654 0.31693989038467407227 0.99453550577163696289 0.41509428620338439941 0.10714290291070929784 1.00000000000000000000 14999.00000000000000000000
314.00000000000000000000 0.47133758664131159000 0.01592360064387320084 0.13375799357891079988 0.09638550132513039326 0.93630570173263560907 0.00000000000000000000 0.82456141710281372070 0.00000000000000000000 0.00000000000000000000 0.11627910286188120059 0.02631580084562299901 0.96491229534149158820 0.38759690523147577457 0.09090910106897349963 0.00000000000000000000 23800.00000000000000000000
1122.00000000000000000000 0.45721930265426630191 0.00000000000000000000 0.17557929456233969945 0.13300490379333490543 0.81729060411453247070 0.00000000000000000000 0.63771188259124755859 0.00847459957003589975 0.04661019891500470247 0.11278200149536130037 0.00000000000000000000 0.99788141250610362665 0.37593978643417358398 0.04932739958167069866 0.66666668653488159180 50900.00000000000000000000
389.00000000000000000000 0.46786630153656000308 0.00000000000000000000 0.22107970714569089021 0.14975850284099578857 0.91259640455245960577 0.00000000000000000000 0.78846150636672973633 0.00000000000000000000 0.00641029980033630022 0.10344830155372619629 0.00000000000000000000 1.00000000000000000000 0.20114940404891959447 0.04444440081715580332 1.00000000000000000000 33900.00000000000000000000
143.00000000000000000000 0.48951050639152521304 0.00000000000000000000 0.32867130637168878726 0.17808219790458679199 0.85314691066741943359 0.00000000000000000000 0.68181818723678588867 0.00000000000000000000 0.00000000000000000000 0.05714289844036100213 0.00000000000000000000 0.98484849929809559210 0.18571430444717398900 0.00000000000000000000 1.00000000000000000000 22900.00000000000000000000
447.00000000000000000000 0.48098430037498468570 0.01118570007383819925 0.21252800524234768953 0.18103450536727899722 0.85234898328781127930 0.00000000000000000000 0.65945947170257568359 0.00000000000000000000 0.01621619984507560036 0.09313730150461189961 0.00000000000000000000 0.99459457397460937500 0.18627449870109549779 0.07894740253686899356 0.00000000000000000000 21000.00000000000000000000
37.00000000000000000000 0.48648649454116821289 0.00000000000000000000 0.27027028799057001285 0.10526320338249199604 0.78378379344940185547 0.00000000000000000000 0.55555558204650878906 0.00000000000000000000 0.00000000000000000000 0.21739129722118369359 0.00000000000000000000 1.00000000000000000000 0.26086959242820739746 0.00000000000000000000 0.50000000000000000000 14999.00000000000000000000
883.00000000000000000000 0.45979610085487360172 0.29671570658683771304 0.24575309455394739322 0.21383650600910181216 0.82785958051681518555 0.04077009856700890278 0.69230771064758300781 0.00284900004044169987 0.01424499973654740070 0.11809050291776650166 0.25925931334495538882 0.99715101718902598993 0.35175880789756769351 0.06451609730720520020 0.57142859697341918945 23400.00000000000000000000
461.00000000000000000000 0.50976139307022094727 0.00216919998638329982 0.04338390007615079702 0.02654870040714740059 0.96963119506835937500 0.00000000000000000000 0.88118809461593627930 0.00000000000000000000 0.01980200037360189957 0.07339449971914289994 0.00000000000000000000 1.00000000000000000000 0.85321098566055297852 0.31818181276321411133 0.00000000000000000000 19100.00000000000000000000
7197.00000000000000000000 0.45699599385261530093 0.00166740000713609996 0.20744749903678891267 0.14892530441284179688 0.80380707979202270508 0.03015149943530550172 0.64478510618209838867 0.00199929997324939986 0.03198929876089089824 0.06452620029449460115 0.00066640001023180004 0.99333560466766357422 0.28210720419883728027 0.04343630000948899700 0.56756758689880371094 40400.00000000000000000000
1043.00000000000000000000 0.48130390048027038574 0.00000000000000000000 0.13902209699153900146 0.11829940229654309358 0.82742089033126831055 0.00000000000000000000 0.64772731065750122070 0.00909090042114250006 0.03863640129566189851 0.10386969894170759721 0.00000000000000000000 0.99090909957885742188 0.39103868603706359863 0.09638550132513039326 0.72727268934249877930 32700.00000000000000000000
30705.00000000000000000000 0.48597949743270868472 0.01384139992296689985 0.10216580331325529618 0.08610530197620390458 0.92444229125976562500 0.00478750001639120012 0.80010569095611572266 0.00200739991851149992 0.02187000028789039957 0.11467590183019629735 0.01859479956328859845 0.32002109289169311523 0.45094001293182367496 0.21442280709743499756 0.58333331346511840820 27200.00000000000000000000
510.00000000000000000000 0.46274510025978088379 0.00000000000000000000 0.18627449870109549779 0.13138690590858459473 0.87450981140136718750 0.00000000000000000000 0.71065992116928100586 0.01015229988843199989 0.01522840000689019979 0.03902440145611760225 0.00000000000000000000 0.99492388963699340820 0.20487800240516659822 0.14634150266647338867 1.00000000000000000000 28300.00000000000000000000
2111.00000000000000000000 0.48223590850830078125 0.02368550002574919960 0.14258649945259088687 0.08142729848623270206 0.82235908508300781250 0.05873990058898920230 0.75162547826766967773 0.00130040000658479993 0.06762029975652690539 0.07125599682331079654 0.00650200014933940019 0.99089729785919200555 0.16545890271663660220 0.03982299938797950051 0.72727268934249877930 237000.00000000000000000000
272.00000000000000000000 0.46691179275512689761 0.00000000000000000000 0.31250000000000000000 0.22758619487285611238 0.77205878496170043945 0.00000000000000000000 0.54961830377578735352 0.00000000000000000000 0.01526719983667130034 0.15483869612216949463 0.00000000000000000000 1.00000000000000000000 0.36129030585289001465 0.05714289844036100213 1.00000000000000000000 14999.00000000000000000000
1335.00000000000000000000 0.47116100788116449527 0.20000000298023221101 0.17453180253505701236 0.13031159341335291080 0.85543072223663330078 0.00000000000000000000 0.71374762058258056641 0.00564969982951869960 0.04143130034208290097 0.10000000149011610551 0.15442560613155359439 0.98681730031967163086 0.24915249645709988680 0.13513509929180139713 0.33333331346511840820 53300.00000000000000000000
3896.00000000000000000000 0.45585221052169799805 0.06545169651508329911 0.24743330478668210115 0.21132080256938928775 0.77412730455398559570 0.05210470035672180172 0.62447762489318847656 0.00358209991827599999 0.02388060092926019840 0.11562830209732050113 0.06268659979104990176 0.99462687969207763672 0.36747619509696960449 0.07393000274896620316 0.62500000000000000000 14999.00000000000000000000
8034.00000000000000000000 0.48842421174049377441 0.00236489996314040007 0.09596709907054899735 0.06763990223407739810 0.92195671796798717157 0.01107790041714899927 0.82628768682479858398 0.00177620002068570003 0.01527529954910269994 0.06602519750595089998 0.00106569996569299999 0.97939610481262195929 0.26775050163269037418 0.11144579946994780106 0.64999997615814208984 37800.00000000000000000000
757.00000000000000000000 0.47820338606834411621 0.00000000000000000000 0.15587849915027610082 0.09620250016450880570 0.90885072946548461914 0.00000000000000000000 0.77622377872467041016 0.00000000000000000000 0.01748250052332870133 0.03378380089998239688 0.00000000000000000000 1.00000000000000000000 0.16891889274120330811 0.12765960395336151123 0.33333331346511840820 25500.00000000000000000000
115.00000000000000000000 0.50434780120849609375 0.00000000000000000000 0.26086959242820739746 0.12280700355768199572 0.86086958646774291992 0.00000000000000000000 0.68750000000000000000 0.00000000000000000000 0.02083330042660230114 0.18644070625305170230 0.00000000000000000000 1.00000000000000000000 0.28813558816909790039 0.14285710453987118806 0.00000000000000000000 14999.00000000000000000000
301.00000000000000000000 0.49501660466194147281 0.04651160165667529711 0.13953490555286399144 0.11842110008001320576 0.90697669982910156250 0.00000000000000000000 0.76106190681457519531 0.00000000000000000000 0.00884960032999509982 0.17518250644207000732 0.04424779862165449662 1.00000000000000000000 0.30656930804252618961 0.14285710453987118806 0.50000000000000000000 27900.00000000000000000000
43.00000000000000000000 0.65116280317306518555 0.00000000000000000000 0.16279070079326629639 0.13333329558372489232 0.81395351886749267578 0.00000000000000000000 0.50000000000000000000 0.00000000000000000000 0.00000000000000000000 0.84313732385635375977 0.00000000000000000000 1.00000000000000000000 0.64705878496170043945 0.00000000000000000000 0.33333331346511840820 26300.00000000000000000000
7017.00000000000000000000 0.55550807714462280273 0.11586149781942360615 0.00099760002922260000 0.00288549996912469990 0.83924752473831176758 0.15063419938087460603 0.96519577503204356805 0.00062150001758699998 0.00807959958910939996 0.14232410490512839574 0.11995030194520950317 0.95525169372558604852 0.17164179682731620091 0.23335449397563928775 0.00000000000000000000 17500.00000000000000000000
2064.00000000000000000000 0.52034878730773925781 0.00387599994428450018 0.04990309849381439899 0.03232320025563240051 0.79457360506057739258 0.00532949995249500010 0.65555560588836669922 0.00617279997095460022 0.13333329558372489232 0.09799549728631970491 0.00123459997121240007 0.96666669845581043585 0.31514480710029602051 0.03125000000000000000 0.41666668653488159180 204600.00000000000000000000
893.00000000000000000000 0.50167971849441528320 0.00000000000000000000 0.14781630039215079564 0.08764039725065229935 0.89697647094726562500 0.00000000000000000000 0.77409642934799194336 0.00301199988462030020 0.03614459931850429880 0.05413110181689260308 0.00000000000000000000 0.98795181512832641602 0.32193729281425470523 0.05970149859786030161 0.71428567171096801758 38800.00000000000000000000
4176.00000000000000000000 0.45258620381355280093 0.09386970102787009496 0.20330460369586939029 0.17891509830951690674 0.83908051252365112305 0.05052680149674410037 0.72676229476928710938 0.00062379997689269995 0.01372430007904760010 0.09588269889354700259 0.09357450157403940372 0.99812847375869762079 0.25549921393394470215 0.05122489854693410005 0.61904758214950561523 35600.00000000000000000000
72.00000000000000000000 0.61111110448837280273 0.00000000000000000000 0.22222219407558441162 0.07142859697341910619 0.69444441795349121094 0.00000000000000000000 0.58064520359039306641 0.00000000000000000000 0.09677419811487189549 0.11428570002317420262 0.00000000000000000000 1.00000000000000000000 0.40000000596046447754 0.20000000298023221101 1.00000000000000000000 14999.00000000000000000000
768.00000000000000000000 0.49088540673255920410 0.00000000000000000000 0.19791670143604270238 0.15856780111789700594 0.85286462306976318359 0.00000000000000000000 0.66355139017105102539 0.00311530008912079982 0.01246109977364539927 0.07225430011749260639 0.00000000000000000000 1.00000000000000000000 0.18786129355430600252 0.04761900007724759881 0.80000001192092895508 14999.00000000000000000000
7878.00000000000000000000 0.49149531126022338867 0.00279260007664560014 0.12376239895820609349 0.08512230217456810688 0.88169592618942260742 0.00000000000000000000 0.74115651845932006836 0.00612240005284540000 0.04387760162353510074 0.04823569953441619873 0.00306120002642270000 0.99319732189178477899 0.24959529936313629150 0.04352809861302370242 0.25000000000000000000 101800.00000000000000000000
21732.00000000000000000000 0.46553468704223627261 0.04256400093436239762 0.19933739304542538728 0.14068019390106201172 0.85178542137145996094 0.01536899991333479966 0.70129150152206420898 0.00300600007176389994 0.01625470072031020077 0.13642920553684229068 0.03607210144400589680 0.98029392957687377930 0.30343240499496459961 0.09539470076560969958 0.71246010065078735352 24400.00000000000000000000
3768.00000000000000000000 0.50318467617034912109 0.00318469991907470006 0.05254780128598209726 0.02243589982390399931 0.96284502744674682617 0.00000000000000000000 0.89177942276000976562 0.00208120001479979990 0.02601459994912139889 0.02436549961566919845 0.00416229991242280002 0.99271589517593383789 0.12487310171127319336 0.22395829856395718660 0.44444438815116882324 66400.00000000000000000000
1458.00000000000000000000 0.44513028860092157535 0.00274350005201989995 0.27297669649124139957 0.20519159734249109439 0.77297669649124145508 0.04526749998331069946 0.62103509902954101562 0.00834720022976389968 0.04340570047497740308 0.08689019829034799747 0.00166940002236509993 0.99666112661361683234 0.24847559630870819092 0.05357139930129049821 0.83333331346511840820 29000.00000000000000000000
11199.00000000000000000000 0.46879190206527709961 0.05759439989924430153 0.15188859403133389558 0.13498069345951080322 0.78444498777389526367 0.05911239981651299907 0.65079009532928466797 0.00293450010940429990 0.03408579900860780193 0.04422869905829419912 0.05214450135827059657 0.99706548452377319336 0.33937430381774902344 0.06096950173377990029 0.43999999761581420898 42700.00000000000000000000
517.00000000000000000000 0.48936170339584350586 0.00000000000000000000 0.11411990225315089831 0.07575760036706920275 0.88201159238815307617 0.00000000000000000000 0.73056989908218383789 0.00000000000000000000 0.04145079851150509920 0.04926110059022899973 0.00000000000000000000 1.00000000000000000000 0.18226599693298339844 0.02564099989831439969 0.00000000000000000000 47200.00000000000000000000
380.00000000000000000000 0.46315789222717279605 0.00000000000000000000 0.18947370350360870361 0.16666670143604270238 0.90789467096328735352 0.00000000000000000000 0.76870751380920410156 0.00680269999429579993 0.00680269999429579993 0.14035089313983908910 0.00000000000000000000 1.00000000000000000000 0.17543859779834738988 0.11111109703779220581 1.00000000000000000000 24300.00000000000000000000
1916.00000000000000000000 0.44102299213409418277 0.00052190001588310001 0.22181630134582519531 0.19981330633163449373 0.81837159395217895508 0.01565760001540179858 0.64009380340576171875 0.00000000000000000000 0.01289569959044450063 0.07181719690561290392 0.00000000000000000000 0.99765527248382557257 0.39934709668159479312 0.03235289826989169726 0.71428567171096801758 28300.00000000000000000000
11290.00000000000000000000 0.46519041061401361636 0.09397699683904639500 0.22232060134410849828 0.15799930691719049625 0.81514608860015869141 0.04357840120792379895 0.68184787034988403320 0.00305079994723200017 0.02353449910879129928 0.08585660159587860107 0.08956199884414670076 0.99673128128051757812 0.31035861372947687320 0.08598510175943370470 0.41860470175743097476 25900.00000000000000000000
312.00000000000000000000 0.50961542129516601562 0.00000000000000000000 0.13141030073165890779 0.03267969936132430336 0.87179487943649291992 0.00000000000000000000 0.75609761476516723633 0.00813009962439529936 0.07317069917917250199 0.06106869876384730250 0.00000000000000000000 0.99186992645263682977 0.27480921149253839664 0.13333329558372489232 1.00000000000000000000 14999.00000000000000000000
3603.00000000000000000000 0.46960869431495660953 0.02442410029470919869 0.25645300745964050293 0.18942959606647488680 0.79350537061691284180 0.03996669873595230099 0.64152199029922485352 0.00333780003711580016 0.02670229971408839831 0.07701790332794189453 0.02536720037460319863 0.98798400163650523798 0.27479979395866388492 0.07157059758901590518 0.70270270109176635742 23600.00000000000000000000
1504.00000000000000000000 0.46210110187530517578 0.32380318641662597656 0.13297869265079489964 0.12731769680976859349 0.87500000000000000000 0.00000000000000000000 0.70680630207061767578 0.00174520001746709995 0.02617800049483769848 0.08025679737329480257 0.30890050530433649234 0.99476438760757435187 0.39165329933166498355 0.11440680176019660252 0.62500000000000000000 19600.00000000000000000000
89.00000000000000000000 0.55056178569793701172 0.01123599987477059969 0.13483150303363800049 0.10000000149011610551 0.91011238098144520148 0.00000000000000000000 0.77419352531433105469 0.00000000000000000000 0.03225810080766670224 0.18421049416065210513 0.03225810080766670224 1.00000000000000000000 0.28947371244430541992 0.00000000000000000000 0.00000000000000000000 14999.00000000000000000000
911.00000000000000000000 0.48298570513725280762 0.00000000000000000000 0.16794730722904199771 0.15711249411106109619 0.85181117057800292969 0.00000000000000000000 0.68848168849945068359 0.00785339996218679948 0.02356019988656039843 0.05679009854793540257 0.00000000000000000000 0.99738222360610961914 0.25925931334495538882 0.09677419811487189549 0.50000000000000000000 29000.00000000000000000000
1055.00000000000000000000 0.50426542758941650391 0.00379150011576710006 0.13649289309978479556 0.12237089872360229492 0.82085311412811279297 0.00000000000000000000 0.66588789224624633789 0.00467289984226220041 0.08878500014543530550 0.06140350177884099786 0.00000000000000000000 0.99766361713409423828 0.35087719559669489078 0.04761900007724759881 0.85714292526245117188 76600.00000000000000000000
1329.00000000000000000000 0.49285179376602167300 0.01354399975389239917 0.07373970001935950536 0.06824930012226100573 0.92475551366806041376 0.01203909981995819958 0.83221477270126342773 0.00000000000000000000 0.02013419941067690067 0.08024690300226210160 0.00894850026816119970 0.99552571773529041632 0.24485599994659421053 0.08333329856395720048 0.66666668653488159180 53700.00000000000000000000
1835.00000000000000000000 0.47792920470237731934 0.00217980006709690005 0.13242509961128229312 0.07933189719915390015 0.91989099979400634766 0.00000000000000000000 0.80775719881057739258 0.01180440001189700036 0.02866780012845989919 0.15285709500312799625 0.00674539990723129965 0.17875209450721740723 0.40142861008644098453 0.17261900007724759187 0.76470589637756347656 25100.00000000000000000000
749.00000000000000000000 0.50333780050277709961 0.01335109956562510053 0.11615490168333049426 0.06451609730720520020 0.89853137731552124023 0.00000000000000000000 0.78651690483093261719 0.00000000000000000000 0.05243450030684469743 0.01838240027427669870 0.00374529999680810015 0.98501867055892944336 0.01102939993143079930 0.09523809701204299927 0.33333331346511840820 303600.00000000000000000000
13279.00000000000000000000 0.47993069887161249332 0.08494620025157920140 0.13336850702762600984 0.09904430061578750610 0.76195502281188964844 0.00000000000000000000 0.57518601417541503906 0.00173040002118789995 0.09690260142087929462 0.05355390161275860178 0.07077349722385399555 0.95691299438476562500 0.47789061069488519840 0.03734200075268739871 0.75949370861053466797 144300.00000000000000000000
180.00000000000000000000 0.48333328962326049805 0.00000000000000000000 0.18333329260349270906 0.12903229892253870181 0.89444440603256225586 0.00000000000000000000 0.75000000000000000000 0.00000000000000000000 0.01388890016823999922 0.08860760182142249364 0.00000000000000000000 1.00000000000000000000 0.31645569205284118652 0.07142859697341910619 0.00000000000000000000 17900.00000000000000000000
106.00000000000000000000 0.55660378932952880859 0.00000000000000000000 0.11320749670267099551 0.19148939847946158666 0.81132078170776367188 0.00000000000000000000 0.63414627313613891602 0.02439020015299319874 0.07317069917917250199 0.10869570076465599751 0.00000000000000000000 0.87804877758026123047 0.39130431413650512695 0.09090910106897349963 0.00000000000000000000 23300.00000000000000000000
2447.00000000000000000000 0.53126281499862670898 0.07642009854316710038 0.05312630161643019933 0.05056669935584059972 0.93543112277984619141 0.00000000000000000000 0.80416667461395263672 0.00000000000000000000 0.02083330042660230114 0.11980439722537990221 0.06666669994592659687 0.96527779102325439453 0.50122249126434326172 0.22012579441070551090 0.55555558204650878906 22900.00000000000000000000
4535.00000000000000000000 0.48665928840637201480 0.00529220001772040018 0.12326350063085550479 0.07646050304174420442 0.74310922622680664062 0.00396909983828660010 0.55370372533798217773 0.00462959986180060037 0.07175929844379419498 0.14421549439430231265 0.00601849984377620002 0.96851849555969238281 0.48177498579025268555 0.02615690045058719979 0.71111112833023071289 68300.00000000000000000000
475.00000000000000000000 0.47789469361305231265 0.00000000000000000000 0.25052630901336669922 0.16129030287265769261 0.83999997377395629883 0.00000000000000000000 0.67647057771682739258 0.00980389956384889946 0.02450980059802530114 0.05555560067296019811 0.00000000000000000000 1.00000000000000000000 0.33333331346511840820 0.03921569883823389918 0.83333331346511840820 31000.00000000000000000000
1896.00000000000000000000 0.48786920309066772461 0.11919829994440070409 0.08386079967021939363 0.06179200112819670243 0.92141348123550415039 0.00052739999955520001 0.79456192255020141602 0.00302110007032749999 0.01208459958434100062 0.10901749879121780396 0.12537759542465209961 0.99848937988281238898 0.36339169740676879883 0.14925369620323181152 0.27272731065750122070 34400.00000000000000000000
1248.00000000000000000000 0.44631409645080560855 0.00080129998968909999 0.24599359929561609439 0.18234440684318539705 0.83253210783004760742 0.00000000000000000000 0.64351010322570800781 0.00182819995097810006 0.02193780057132239947 0.13312199711799618806 0.00182819995097810006 0.99085921049118041992 0.30744850635528558902 0.07692310214042659411 0.57142859697341918945 15500.00000000000000000000
1938.00000000000000000000 0.45975229144096368961 0.00258000008761880006 0.56965941190719604492 0.17478510737419120091 0.78689372539520263672 0.00000000000000000000 0.64611011743545532227 0.00000000000000000000 0.03605309873819349809 0.11129850149154660310 0.00379509991034860002 0.96110057830810557977 0.19814500212669369783 0.01704549975693219963 0.23076920211315149478 114200.00000000000000000000
2581.00000000000000000000 0.49438199400901788882 0.00038740001036780003 0.10538549721240990376 0.07662840187549589677 0.91514921188354481085 0.00000000000000000000 0.80021482706069946289 0.00429649977013459982 0.03007519990205759913 0.02308499999344339887 0.00107410002965480002 0.99462938308715820312 0.21930749714374539461 0.04516129940748209864 0.00000000000000000000 66900.00000000000000000000
1791.00000000000000000000 0.47738689184188842773 0.00223340000957249988 0.17197099328041071109 0.13141030073165890779 0.86320489645004272461 0.02233389951288700104 0.70514822006225585938 0.00156010000500820005 0.02184090018272399902 0.05037039890885350313 0.00156010000500820005 0.98595941066741943359 0.30962958931922912598 0.10344830155372619629 0.00000000000000000000 36000.00000000000000000000
300.00000000000000000000 0.46333330869674682617 0.00000000000000000000 0.18333329260349270906 0.11801239848136900468 0.90666669607162475586 0.00000000000000000000 0.76363641023635864258 0.00000000000000000000 0.01818180084228510074 0.16666670143604270238 0.00000000000000000000 0.95454549789428722040 0.24242420494556418675 0.09523809701204299927 0.00000000000000000000 27500.00000000000000000000
294.00000000000000000000 0.56462591886520385742 0.00000000000000000000 0.06122450157999990289 0.04687500000000000000 0.97959178686141956671 0.00000000000000000000 0.89999997615814208984 0.00000000000000000000 0.00000000000000000000 0.10447759926319119539 0.00000000000000000000 0.98333328962326038702 0.77611941099166870117 0.00000000000000000000 0.00000000000000000000 14999.00000000000000000000
1465.00000000000000000000 0.47781568765640258789 0.01979519985616199837 0.14129689335823059082 0.13594770431518549136 0.88941979408264160156 0.00000000000000000000 0.74165201187133789062 0.00175749999470999996 0.01933220028877249974 0.09105429798364629568 0.01230229996144770015 0.99472761154174804688 0.27635779976844787598 0.11827959865331649780 0.69230771064758300781 31100.00000000000000000000
3042.00000000000000000000 0.43491119146347040347 0.00032869999995450001 0.23570020496845239810 0.17975570261478421297 0.77646291255950927734 0.04043389856815329808 0.61224490404129028320 0.00302339997142549990 0.02645500004291529914 0.05567450076341620008 0.00000000000000000000 0.99848830699920643195 0.34689509868621820621 0.04629629850387569773 0.50000000000000000000 33200.00000000000000000000
2599.00000000000000000000 0.48980379104614257812 0.00577150005847210015 0.20161600410938260164 0.14705879986286160555 0.76914197206497192383 0.05617550015449519762 0.66849821805953979492 0.00824179966002699937 0.06959710270166390156 0.63294118642807006836 0.00549450004473320004 0.99908417463302601202 0.58722692728042602539 0.06528189778327940507 0.75000000000000000000 62000.00000000000000000000
3478.00000000000000000000 0.48159858584403991699 0.00172509998083110005 0.16072459518909448795 0.10482530295848839497 0.87406557798385620117 0.00603799987584349978 0.74252372980117797852 0.00437639979645599968 0.03501090034842489762 0.02903679944574830141 0.00072940002428360004 0.99708241224288940430 0.18484419584274289217 0.06766919791698450259 0.54545450210571289062 64900.00000000000000000000
529.00000000000000000000 0.47826090455055231265 0.00000000000000000000 0.12287329882383339619 0.07608699798583980212 0.91115307807922363281 0.00000000000000000000 0.78125000000000000000 0.00520829996094099995 0.01562500000000000000 0.05882349982857699999 0.00000000000000000000 0.96875000000000000000 0.08333329856395720048 0.12121210247278209338 1.00000000000000000000 39200.00000000000000000000
38719.00000000000000000000 0.45701080560684198550 0.12533900141716000642 0.08600430190563200517 0.05574579909443849735 0.50342208147048950195 0.22379189729690548982 0.49100148677825927734 0.00195940001867709983 0.18084180355072018709 0.07205390185117720170 0.11277209967374800248 0.98577648401260375977 0.49595960974693298340 0.03293079882860180246 0.38589209318161010742 98900.00000000000000000000
1360.00000000000000000000 0.48897060751914978027 0.00000000000000000000 0.31397059559822082520 0.09352520108222960038 0.87573528289794921875 0.00000000000000000000 0.76323992013931274414 0.00000000000000000000 0.02336449921131129870 0.58365762233734130859 0.00000000000000000000 0.99688470363616943359 0.19325549900531768799 0.02678569965064520053 0.37500000000000000000 112200.00000000000000000000
29344.00000000000000000000 0.48047301173210138492 0.00736099993810050007 0.11433339864015569509 0.07851749658584590563 0.82262128591537475586 0.00449839979410170034 0.66752380132675170898 0.00431359978392719962 0.07233510166406630082 0.04317799955606459877 0.00671919994056219966 0.98282867670059204102 0.34780541062355041504 0.04008650034666060014 0.12307690083980560303 74700.00000000000000000000
655.00000000000000000000 0.49618318676948547363 0.00000000000000000000 0.09923660010099409623 0.08181820064783089375 0.86564892530441284180 0.00000000000000000000 0.73015868663787841797 0.01190480031073089945 0.05952379852533339760 0.03816790133714669658 0.00000000000000000000 0.99206352233886718750 0.25572520494461059570 0.01960779912769789954 0.33333331346511840820 28700.00000000000000000000
1319.00000000000000000000 0.50265347957611083984 0.00303260004147879987 0.11448069661855690693 0.10060980170965190539 0.91584527492523204462 0.00000000000000000000 0.80341881513595581055 0.00854699965566389948 0.01923079974949359894 0.02904560044407840033 0.00213679997250430017 0.99358969926834117548 0.09958510100841519441 0.06250000000000000000 0.25000000000000000000 43300.00000000000000000000
437.00000000000000000000 0.48512589931488031558 0.02059499919414519917 0.08237989991903299503 0.06666669994592659687 0.84210532903671264648 0.04347829893231389825 0.75816988945007324219 0.01307190023362629974 0.04575160145759579744 0.08928570151329040527 0.00000000000000000000 0.98692810535430919305 0.20833329856395718660 0.13157890737056729402 1.00000000000000000000 61200.00000000000000000000
509.00000000000000000000 0.51473480463027954102 0.01964640058577060006 0.09037330001592630557 0.06882590055465689916 0.92141449451446522101 0.00000000000000000000 0.79885059595108032227 0.00000000000000000000 0.02873560041189189909 0.03867400065064430237 0.03448279947042459659 0.98850572109222401007 0.29281771183013910465 0.12765960395336151123 1.00000000000000000000 25800.00000000000000000000
11162.00000000000000000000 0.46747890114784240723 0.26957529783248901367 0.14092460274696350098 0.13660830259323120117 0.87224507331848144531 0.01908260025084010034 0.72674858570098876953 0.00401100004091850017 0.02055650018155569941 0.09320300072431560168 0.22612179815769190006 0.99247932434082042352 0.38281428813934320621 0.17173139750957489014 0.47619050741195678711 24500.00000000000000000000
5094.00000000000000000000 0.45386728644371032715 0.00353359989821909991 0.22948570549488059300 0.17181879281997680664 0.71967017650604248047 0.13015310466289520264 0.63965880870819091797 0.00213219993747770006 0.03997870162129400079 0.03794870153069489910 0.00159909995272750007 0.99733477830886840820 0.44666668772697448730 0.04221640154719349947 0.63636362552642822266 54800.00000000000000000000
9452.00000000000000000000 0.47651290893554687500 0.00179859995841970006 0.14092260599136349764 0.10266769677400580663 0.82532799243927001953 0.00370289990678420019 0.66046869754791259766 0.00433010002598159961 0.05654609948396679964 0.03466929867863650233 0.00076409999746820001 0.99847167730331420898 0.25129088759422302246 0.04500000178813930163 0.48484849929809570312 65500.00000000000000000000
2636.00000000000000000000 0.44347500801086420230 0.29097118973731989078 0.25493168830871582031 0.23244720697402951326 0.78717750310897827148 0.07928679883480070634 0.66086071729660034180 0.00512300012633200037 0.01741800084710120114 0.10948909819126119436 0.21926230192184439916 0.99282789230346679688 0.32208031415939331055 0.12054789811372750019 0.44999998807907098941 31000.00000000000000000000
2340.00000000000000000000 0.47393161058425897769 0.00128209998365490002 0.14145299792289731111 0.11129160225391379613 0.82521367073059082031 0.00000000000000000000 0.65248227119445800781 0.00405270000919690041 0.05471120029687880082 0.02949850074946879994 0.00202629994601010019 0.99696052074432361945 0.28220260143280029297 0.04132229834794989842 0.62500000000000000000 74000.00000000000000000000
3069.00000000000000000000 0.48093840479850769043 0.00130340002942829999 0.05083090066909790039 0.04331450164318079860 0.98305642604827880859 0.00000000000000000000 0.93370938301086436883 0.00000000000000000000 0.00423130020499219977 0.09102559834718700060 0.00141040002927180007 0.04513400048017499749 0.54871791601181030273 0.37410068511962890625 0.50000000000000000000 14999.00000000000000000000
1452.00000000000000000000 0.44077131152153009586 0.38705229759216308594 0.09848479926586149735 0.10591129958629599828 0.92286497354507435187 0.01033059973269699963 0.80962342023849487305 0.00209209998138239987 0.01046030037105079996 0.07543519884347910098 0.35355651378631591797 0.99581587314605723993 0.30174079537391662598 0.12574850022792810611 0.66666668653488159180 36100.00000000000000000000
3357.00000000000000000000 0.45695561170577997379 0.00029789999825870000 0.20673219859600058812 0.17169499397277829256 0.83050340414047241211 0.01280909962952130055 0.66116297245025634766 0.00430729985237120021 0.02799710072576989950 0.12058079987764350194 0.00000000000000000000 0.99856418371200561523 0.36174240708351129703 0.10055869817733760485 0.55555558204650878906 14999.00000000000000000000
15155.00000000000000000000 0.46294951438903808594 0.00230950000695880021 0.16806329786777490787 0.13097429275512689761 0.73203557729721069336 0.05054439976811399976 0.59126091003417968750 0.00483709992840879958 0.08755239844322200427 0.05414060130715370178 0.00145109998993570000 0.99596899747848521844 0.29388439655303949527 0.04667789861559860226 0.46428570151329040527 49800.00000000000000000000
43207.00000000000000000000 0.48045459389686578922 0.04110449925065039894 0.10822319984436029605 0.08967389911413189973 0.85004740953445434570 0.01432640012353650003 0.71096521615982055664 0.00579490000382059962 0.06445170193910590428 0.03594040125608440051 0.04024209827184670185 0.80284589529037475586 0.38032281398773187808 0.11012130230665199970 0.22471910715103149414 168900.00000000000000000000
10013.00000000000000000000 0.50594228506088256836 0.06601420044898979878 0.02936179935932150056 0.02546999976038930025 0.96594429016113281250 0.01368219964206210046 0.93775618076324462891 0.00111820001620790001 0.01118149980902670079 0.03105809912085530020 0.06634359806776039814 0.96459192037582397461 0.23221379518508911133 0.29678559303283691406 0.73333328962326049805 120700.00000000000000000000
4299.00000000000000000000 0.48034429550170898438 0.00000000000000000000 0.15515239536762229222 0.12175469845533369584 0.85182601213455200195 0.01209579966962330035 0.69796651601791381836 0.00299039995297779989 0.03887559846043579792 0.05053950101137159867 0.00000000000000000000 0.99222487211227416992 0.20102210342884060945 0.10344830155372619629 0.33333331346511840820 27000.00000000000000000000
2645.00000000000000000000 0.44007560610771179199 0.00340260006487359996 0.26654058694839477539 0.22552329301834100894 0.77126652002334594727 0.06162570044398300168 0.61983472108840942383 0.00183650001417840002 0.02295679971575730061 0.13708400726318359375 0.00367309991270299997 0.98806238174438476562 0.30665609240531921387 0.06115109845995900240 0.75000000000000000000 14999.00000000000000000000
2395.00000000000000000000 0.47223380208015441895 0.00125259999185800010 0.22421710193157190494 0.17325949668884269017 0.79665970802307128906 0.07139869779348370638 0.69713658094406127930 0.00660789990797629959 0.03414100036025039669 0.04118270054459569757 0.00000000000000000000 0.99779742956161499023 0.30517420172691339664 0.08050850033760069413 0.42857140302658081055 26700.00000000000000000000
374.00000000000000000000 0.48930481076240539551 0.00000000000000000000 0.21657750010490409154 0.18324610590934750642 0.79411762952804565430 0.00000000000000000000 0.57309937477111816406 0.00000000000000000000 0.02339180000126360112 0.26293098926544189453 0.00000000000000000000 0.99415200948715198859 0.46120691299438471011 0.09433960169553749775 0.71428567171096801758 29100.00000000000000000000
856.00000000000000000000 0.50934582948684692383 0.00116820004768659999 0.08411210030317299580 0.06190479919314380297 0.94275701045990001337 0.00000000000000000000 0.84192442893981933594 0.00000000000000000000 0.01030930038541550027 0.04901960119605060229 0.00000000000000000000 0.99312710762023914679 0.14705879986286160555 0.11111109703779220581 1.00000000000000000000 46800.00000000000000000000
4796.00000000000000000000 0.49165970087051391602 0.00020850000146310001 0.19954130053520199861 0.10869570076465599751 0.85779821872711181641 0.00500420015305279992 0.71428567171096801758 0.00307220011018210018 0.04096259921789160291 0.06778039783239360461 0.00000000000000000000 0.98719918727874755859 0.39140808582305908203 0.11265429854392999820 0.42857140302658081055 42700.00000000000000000000
170.00000000000000000000 0.48235291242599487305 0.00000000000000000000 0.23529410362243649568 0.18181820213794699925 0.75294119119644165039 0.00000000000000000000 0.50000000000000000000 0.00000000000000000000 0.03846149891614909777 0.07142859697341910619 0.00000000000000000000 1.00000000000000000000 0.40476191043853759766 0.07999999821186060123 0.00000000000000000000 14999.00000000000000000000
310.00000000000000000000 0.46451610326766967773 0.00000000000000000000 0.19032259285449978914 0.15060240030288690738 0.82903230190277099609 0.00000000000000000000 0.61538457870483398438 0.00000000000000000000 0.02307689934968940038 0.04411759972572319721 0.00000000000000000000 1.00000000000000000000 0.30147060751914978027 0.03571429848670949758 0.00000000000000000000 14999.00000000000000000000
1033.00000000000000000000 0.49564379453659057617 0.07647629827260969682 0.14133590459823600072 0.12284070253372189607 0.75217807292938232422 0.18586640059947959203 0.82565790414810180664 0.00328950001858169987 0.02960529923439019981 0.06748469918966290559 0.05592110008001319882 0.99671047925949096680 0.19325150549411770906 0.06521739810705179385 0.20000000298023221101 47200.00000000000000000000
665.00000000000000000000 0.48421049118041992188 0.00000000000000000000 0.07669170200824730610 0.06413990259170529451 0.88421052694320678711 0.00000000000000000000 0.75847458839416503906 0.00000000000000000000 0.08050850033760069413 0.08880309760570520572 0.00000000000000000000 0.99152541160583496094 0.13127410411834711246 0.09090910106897349963 0.50000000000000000000 83700.00000000000000000000
1912.00000000000000000000 0.48169460892677301578 0.00104600004851809997 0.12343099713325500488 0.08678100258111949572 0.92207109928131103516 0.00000000000000000000 0.81014490127563476562 0.00144929997622960001 0.02028989978134630029 0.01287550013512370022 0.00000000000000000000 0.99565219879150401727 0.19885550439357749242 0.07079649716615669941 0.00000000000000000000 48200.00000000000000000000
3385.00000000000000000000 0.46292468905448908023 0.01831609942018979850 0.22629250586032859105 0.18096810579299921207 0.82806497812271118164 0.02156569994986049996 0.66760170459747314453 0.00140249996911730006 0.02103790082037439862 0.08823529630899429321 0.01612900011241430107 0.99859750270843516962 0.29092070460319519043 0.06697460263967509875 0.64705878496170043945 27500.00000000000000000000
595.00000000000000000000 0.47058820724487299136 0.00504200020804999958 0.25882351398468017578 0.20000000298023221101 0.86218488216400146484 0.00000000000000000000 0.69884169101715087891 0.00000000000000000000 0.01544400025159120039 0.06159419938921920079 0.00772200012579560020 0.99613898992538441046 0.22463770210742950439 0.02857140079140660024 1.00000000000000000000 25600.00000000000000000000
563.00000000000000000000 0.47957369685173029117 0.00177620002068570003 0.11367669701576230135 0.06825940310955040669 0.90586149692535400391 0.00000000000000000000 0.79342722892761230469 0.00469479989260429987 0.03286379948258399963 0.05333330109715460343 0.00000000000000000000 1.00000000000000000000 0.28888890147209167480 0.10666669905185699463 0.00000000000000000000 48500.00000000000000000000
7509.00000000000000000000 0.48475161194801330566 0.00079899997217580004 0.14116390049457550049 0.08322560042142859715 0.88134241104125976562 0.01131969969719640035 0.77007299661636352539 0.00693430006504049991 0.04416060075163839860 0.03214409947395319850 0.00000000000000000000 0.98248177766799915656 0.28364539146423339844 0.11442189663648599796 0.10714290291070929784 53600.00000000000000000000
528.00000000000000000000 0.47537881135940551758 0.00568180019035930024 0.14204549789428710938 0.11913359910249710083 0.86363637447357177734 0.00000000000000000000 0.71428567171096801758 0.01970439963042730155 0.04926110059022899973 0.11353710293769829487 0.00985219981521360047 0.99507391452789317743 0.28384280204772949219 0.13333329558372489232 0.66666668653488159180 22100.00000000000000000000
3780.00000000000000000000 0.50476187467575073242 0.00185190001502629994 0.15238100290298459139 0.08920940011739729447 0.96534389257431041376 0.00000000000000000000 0.88802659511566162109 0.00221730000339439995 0.01884699985384940060 0.03940359875559799885 0.00221730000339439995 0.90133041143417358398 0.53354632854461669922 0.35048231482505798340 0.00000000000000000000 86000.00000000000000000000
1897.00000000000000000000 0.47970479726791381836 0.07063779979944219412 0.15181869268417350072 0.11752790212631220035 0.86399579048156738281 0.00000000000000000000 0.70798897743225097656 0.00964189972728489962 0.04407709836959829847 0.06201549991965289721 0.07162529975175850605 0.99449038505554199219 0.26744189858436578922 0.11020410060882560033 0.50000000000000000000 22600.00000000000000000000
686.00000000000000000000 0.47521871328353881836 0.52769678831100463867 0.13994170725345608797 0.12222220003604880589 0.88483971357345581055 0.00000000000000000000 0.69599997997283935547 0.00400000018998980002 0.00800000037997960003 0.10714290291070929784 0.46399998664855951480 1.00000000000000000000 0.23214289546012870091 0.24137930572032920140 0.50000000000000000000 15800.00000000000000000000
3600.00000000000000000000 0.48083329200744628906 0.01638890057802199970 0.18611109256744379215 0.12787589430809020996 0.84722220897674560547 0.00055559998145320001 0.68945688009262084961 0.00511180004104969977 0.03194890171289439806 0.03035940043628209892 0.01533550024032589998 0.99424922466278076172 0.28438660502433771304 0.02821319922804830030 0.20000000298023221101 57500.00000000000000000000
419.00000000000000000000 0.48926010727882379703 0.00000000000000000000 0.12171839922666549683 0.12616820633411399144 0.90692120790481556281 0.00000000000000000000 0.76821190118789672852 0.00000000000000000000 0.02649009972810740035 0.03821659833192819766 0.00000000000000000000 1.00000000000000000000 0.15286619961261749268 0.16666670143604270238 0.00000000000000000000 35100.00000000000000000000
596.00000000000000000000 0.47818788886070251465 0.53020131587982177734 0.11577180027961729569 0.13183279335498809814 0.90100669860839843750 0.00000000000000000000 0.73786407709121704102 0.00485440017655490007 0.02427179925143710046 0.07207210361957550049 0.43689319491386408023 1.00000000000000000000 0.45945951342582702637 0.17821779847145080566 0.33333331346511840820 23800.00000000000000000000
98.00000000000000000000 0.46938779950141901187 0.00000000000000000000 0.19387759268283841219 0.13461540639400479402 0.82653057575225830078 0.00000000000000000000 0.58536589145660400391 0.00000000000000000000 0.00000000000000000000 0.10869570076465599751 0.00000000000000000000 1.00000000000000000000 0.43478259444236749820 0.00000000000000000000 0.00000000000000000000 14999.00000000000000000000
41535.00000000000000000000 0.46775010228157037906 0.04364990070462219929 0.33444079756736749820 0.15904459357261649388 0.84950041770935058594 0.00433370005339380002 0.71466290950775146484 0.00423499988391989966 0.03822460025548930079 0.15349879860877990723 0.03470470011234279978 0.97299528121948242188 0.27240559458732599429 0.09830950200557700414 0.31932771205902099609 53100.00000000000000000000
4937.00000000000000000000 0.45472958683967590332 0.18634800612926480379 0.20478020608425140381 0.15304610133171078767 0.84403479099273681641 0.03220580145716660236 0.70954138040542602539 0.00316289998590939996 0.02424879930913440007 0.10813350230455390233 0.14707429707050320711 0.98682129383087158203 0.34884810447692871094 0.11844079941511150011 0.54545450210571289062 40400.00000000000000000000
9898.00000000000000000000 0.46736711263656610660 0.00707209995016450012 0.25399070978164667300 0.12500000000000000000 0.76379072666168212891 0.00868859980255359994 0.62071901559829711914 0.00319080008193849997 0.08636459708213800601 0.18569199740886679906 0.00574349984526629966 0.98319512605667125360 0.43911311030387878418 0.01834320090711109852 0.47337278723716730289 68500.00000000000000000000
2388.00000000000000000000 0.48450589179992670230 0.00000000000000000000 0.12437190115451809969 0.09585700184106819843 0.86264657974243164062 0.00586260017007579973 0.72266072034835815430 0.01014660019427529938 0.06087940186262130043 0.04930330067872999711 0.00000000000000000000 0.99661779403686523438 0.37727761268615722656 0.07272730022668830174 0.50000000000000000000 60300.00000000000000000000
119363.00000000000000000000 0.49904909729957580566 0.00973500031977890014 0.07658989727497099442 0.07127690315246580643 0.87571531534194946289 0.00723000010475509988 0.73411190509796142578 0.00639809994027009960 0.04942439869046209855 0.11558929830789560489 0.00868139974772929972 0.78417849540710449219 0.42703890800476068668 0.14152559638023370914 0.53068590164184570312 36100.00000000000000000000
1764.00000000000000000000 0.45464849472045898438 0.00170070002786810006 0.25736960768699640445 0.15176719427108759097 0.85260772705078125000 0.00340140005573629986 0.71784782409667968750 0.00524930004030460008 0.04068240150809279698 0.01423029974102969948 0.00000000000000000000 0.99212598800659179688 0.19404919445514678955 0.05785119906067839879 0.12500000000000000000 60600.00000000000000000000
8732.00000000000000000000 0.48018780350685119629 0.00515350000932810002 0.16090239584445950594 0.12447679787874220414 0.84757208824157714844 0.00423729978501789957 0.67358267307281494141 0.00672119995579120028 0.03915840014815329811 0.08965150266885750507 0.00263000000268219991 0.99444770812988281250 0.32242619991302490234 0.07836730033159250430 0.73076921701431274414 76900.00000000000000000000
294.00000000000000000000 0.49319729208946228027 0.00000000000000000000 0.21088440716266629305 0.06040269881486889925 0.89795917272567749023 0.00000000000000000000 0.78151261806488037109 0.00000000000000000000 0.03361339867115020058 0.09160310029983520508 0.00000000000000000000 0.99159657955169677734 0.19083969295024869051 0.18518519401550290193 0.00000000000000000000 51300.00000000000000000000
42696.00000000000000000000 0.50121790170669555664 0.02531849965453139908 0.05555560067296019811 0.03620399907231330178 0.91912591457366943359 0.00199080002494149986 0.82338547706604003906 0.00559129985049360012 0.04438079893589019775 0.03173850104212760231 0.02271459996700279926 0.97861337661743164062 0.17310689389705649632 0.14490209519863128662 0.36190479993820190430 97800.00000000000000000000
5817.00000000000000000000 0.46037480235099792480 0.00532920006662599994 0.34192880988121032715 0.16374640166759490967 0.84063947200775146484 0.00997080001980060054 0.69349849224090576172 0.00116099999286229999 0.02476779930293560028 0.01674279943108549981 0.00309600005857640003 0.99690401554107677118 0.38470318913459777832 0.03464420139789579911 0.54545450210571289062 80400.00000000000000000000
19987.00000000000000000000 0.48476511240005487613 0.01245809998363250036 0.16455699503421780672 0.10749659687280649356 0.89248007535934448242 0.00000000000000000000 0.76706171035766601562 0.00367800006642929984 0.04468059912323950333 0.01740060001611699880 0.00980789959430690070 0.87549382448196411133 0.16624279320240020752 0.14932130277156829834 0.19230769574642178621 164600.00000000000000000000
115.00000000000000000000 0.52173912525177001953 0.00000000000000000000 0.26086959242820739746 0.16363640129566189851 0.81739127635955810547 0.00000000000000000000 0.64814811944961547852 0.01851850003004069933 0.01851850003004069933 0.16923080384731289949 0.00000000000000000000 1.00000000000000000000 0.38461539149284357242 0.00000000000000000000 0.00000000000000000000 15700.00000000000000000000
4577.00000000000000000000 0.48219358921051019840 0.00218480010516939986 0.15818220376968381014 0.08860760182142249364 0.92637097835540760382 0.00218480010516939986 0.83033567667007446289 0.00119900004938240006 0.02338130027055740010 0.01997650042176240051 0.00119900004938240006 0.99520379304885864258 0.04700350016355509669 0.05434779822826379947 0.00000000000000000000 81400.00000000000000000000
1734.00000000000000000000 0.47520178556442260742 0.00000000000000000000 0.15397919714450830631 0.11318679898977279663 0.91810840368270885126 0.00000000000000000000 0.79838711023330688477 0.00483869994059200025 0.01612900011241430107 0.03726710006594650265 0.00000000000000000000 1.00000000000000000000 0.14285710453987118806 0.05714289844036100213 1.00000000000000000000 41100.00000000000000000000
1142.00000000000000000000 0.46059539914131159000 0.00175129994750020004 0.13747809827327719945 0.11038959771394729614 0.83887922763824462891 0.00000000000000000000 0.66956520080566406250 0.00869570020586249957 0.04782610014080999894 0.05737699940800659870 0.00217389990575609987 0.99565219879150401727 0.40573769807815551758 0.07432430237531660600 0.80000001192092895508 33300.00000000000000000000
4765.00000000000000000000 0.44931790232658380679 0.11626440286636349764 0.21049320697784421053 0.18711890280246729068 0.81909757852554321289 0.00986360013484949977 0.63797229528427124023 0.00239120004698629984 0.02152080088853830162 0.07313829660415649414 0.10043039917945860429 0.99473941326141357422 0.40425530076026910953 0.06832300126552580399 0.61764711141586303711 24600.00000000000000000000
1216.00000000000000000000 0.47039470076560968570 0.00082239997573190003 0.15707239508628839664 0.13354040682315820865 0.89555919170379638672 0.00000000000000000000 0.73390561342239379883 0.00000000000000000000 0.00643779989331959984 0.10556620359420769428 0.00000000000000000000 0.99141627550125122070 0.29174658656120300293 0.09090910106897349963 0.66666668653488159180 24300.00000000000000000000
280.00000000000000000000 0.46428570151329040527 0.00000000000000000000 0.32857140898704528809 0.24666669964790338687 0.81428569555282592773 0.00000000000000000000 0.59375000000000000000 0.00000000000000000000 0.00000000000000000000 0.20496889948844909668 0.00000000000000000000 1.00000000000000000000 0.30434781312942499332 0.04347829893231389825 1.00000000000000000000 14999.00000000000000000000
705.00000000000000000000 0.47943261265754699707 0.03120570071041579852 0.37163120508193969727 0.13079020380973810367 0.85531908273696899414 0.00851059984415760036 0.74598067998886108398 0.00643090019002550035 0.04180059954524040222 0.60831230878829956055 0.01286169979721299948 0.93890678882598876953 0.46221658587455749512 0.15151520073413848877 0.07142859697341910619 51400.00000000000000000000
746.00000000000000000000 0.53753352165222167969 0.00000000000000000000 0.07238610088825220279 0.04347829893231389825 0.88337802886962890625 0.00000000000000000000 0.76838237047195434570 0.00735290022566909961 0.06250000000000000000 0.15789470076560971346 0.00000000000000000000 0.98897057771682739258 0.29721361398696899414 0.16666670143604270238 0.93750000000000000000 21300.00000000000000000000
774.00000000000000000000 0.46770030260086059570 0.00000000000000000000 0.18217049539089200105 0.12621359527111050691 0.87467700242996215820 0.00000000000000000000 0.71698111295700073242 0.00314470008015629984 0.01572329923510550065 0.05637979879975309888 0.00000000000000000000 0.99685531854629516602 0.24332340061664581299 0.07317069917917250199 0.75000000000000000000 21600.00000000000000000000
714.00000000000000000000 0.49719890952110290527 0.00140059995464979995 0.18207280337810510806 0.10027860105037679495 0.92577028274536121710 0.00000000000000000000 0.83038872480392456055 0.00000000000000000000 0.01766780018806449887 0.02413789927959440057 0.00353359989821909991 0.99293291568756103516 0.01724139973521229829 0.00000000000000000000 0.20000000298023221101 61800.00000000000000000000
616.00000000000000000000 0.46428570151329040527 0.00162340002134440009 0.04870130121707910015 0.06666669994592659687 0.95292210578918457031 0.00000000000000000000 0.81944441795349121094 0.00000000000000000000 0.02083330042660230114 0.26530608534812927246 0.00694439979270099986 1.00000000000000000000 0.77040821313858032227 0.26923081278800958804 0.00000000000000000000 14999.00000000000000000000
1556.00000000000000000000 0.47365039587020868472 0.00000000000000000000 0.17030850052833548802 0.14285710453987118806 0.88496142625808715820 0.00000000000000000000 0.73505651950836181641 0.00161549996118990008 0.02100159972906109895 0.07196400314569470491 0.00000000000000000000 0.99676901102066040039 0.29535230994224548340 0.09174309670925140381 1.00000000000000000000 19700.00000000000000000000
1806.00000000000000000000 0.51605761051177978516 0.00110740005038669994 0.10022149980068199848 0.06521739810705179385 0.91085267066955555304 0.02270209975540629990 0.79704797267913818359 0.00368999992497260005 0.01476010028272859917 0.19465079903602600098 0.00000000000000000000 0.91328412294387817383 0.31500738859176630191 0.18333329260349270906 0.85714292526245117188 36900.00000000000000000000
5900.00000000000000000000 0.48305079340934747867 0.00440680002793659986 0.11508470028638839722 0.09639339894056320190 0.91016948223114002570 0.03237289935350409764 0.86229157447814941406 0.00161379994824519999 0.03173749893903730218 0.02924280054867259976 0.00322750001214439997 0.98547607660293579102 0.05117490142583840107 0.08415839821100229434 0.28000000119209289551 244700.00000000000000000000
209.00000000000000000000 0.46889948844909667969 0.00000000000000000000 0.19138759374618530273 0.18018020689487448949 0.80861240625381469727 0.00000000000000000000 0.58888888359069824219 0.00000000000000000000 0.03333330154418939761 0.08163270354270929507 0.00000000000000000000 1.00000000000000000000 0.19387759268283841219 0.13636359572410580721 0.50000000000000000000 17500.00000000000000000000
873.00000000000000000000 0.45017179846763610840 0.00000000000000000000 0.23482249677181241121 0.23333330452442169189 0.80068731307983398438 0.03780069947242729878 0.63218390941619873047 0.00000000000000000000 0.02586209960281839887 0.15738500654697409886 0.00000000000000000000 0.98563218116760242804 0.31477001309394830875 0.11650490015745160188 0.00000000000000000000 24100.00000000000000000000
1585.00000000000000000000 0.45741319656372070312 0.00000000000000000000 0.15772870182991019505 0.15000000596046439427 0.85110408067703247070 0.00000000000000000000 0.66244059801101684570 0.00633910018950699979 0.02060220018029209829 0.05538919940590850133 0.00000000000000000000 0.99366092681884754523 0.28293409943580627441 0.13170729577541351318 0.50000000000000000000 23600.00000000000000000000
1244.00000000000000000000 0.45659160614013671875 0.00000000000000000000 0.22588419914245599918 0.17455619573593139648 0.84646302461624145508 0.00000000000000000000 0.65981310606002807617 0.00000000000000000000 0.01682239957153789864 0.07599309831857679887 0.00000000000000000000 0.99813079833984375000 0.24006910622119900789 0.04615379869937889790 0.50000000000000000000 21300.00000000000000000000
505.00000000000000000000 0.42376241087913507632 0.00000000000000000000 0.29108908772468561343 0.24054980278015131168 0.80198019742965698242 0.00000000000000000000 0.60569107532501220703 0.00000000000000000000 0.01219510007649659937 0.14878889918327328767 0.00000000000000000000 1.00000000000000000000 0.39446368813514709473 0.07246380299329749364 0.50000000000000000000 20400.00000000000000000000
402.00000000000000000000 0.45522388815879821777 0.63681590557098388672 0.12686569988727569580 0.12785390019416809082 0.90547257661819458008 0.00000000000000000000 0.74820137023925781250 0.00000000000000000000 0.02158270031213760029 0.12578620016574859619 0.58273380994796752930 1.00000000000000000000 0.28930819034576410465 0.23076920211315149478 0.00000000000000000000 17400.00000000000000000000
1243.00000000000000000000 0.49396619200706481934 0.00080450001405550002 0.19147220253944388646 0.09856919944286339497 0.91874498128891002313 0.00000000000000000000 0.80000001192092895508 0.00740739982575169993 0.03950620070099829934 0.02877699956297869940 0.00000000000000000000 0.93333327770233165399 0.32613909244537347965 0.25892859697341918945 0.40000000596046447754 55200.00000000000000000000
19386.00000000000000000000 0.48792940378189081363 0.06463430076837539673 0.07613740116357800569 0.06295959651470180163 0.91143089532852161749 0.00113480002619320000 0.79979628324508666992 0.00363739999011150009 0.03710170090198509907 0.08041209727525709672 0.05557980015873899976 0.98137640953063964844 0.23468020558357238770 0.11532469838857649369 0.39370080828666681461 48100.00000000000000000000
152.00000000000000000000 0.50000000000000000000 0.03289470076560969958 0.06578949838876720080 0.06578949838876720080 0.88815790414810180664 0.03947370126843449678 0.77551019191741943359 0.00000000000000000000 0.00000000000000000000 0.05769230052828779737 0.04081629961729049683 0.28571429848670959473 0.67307692766189575195 0.20454549789428710938 0.00000000000000000000 112500.00000000000000000000
203.00000000000000000000 0.52216750383377075195 0.00000000000000000000 0.15763549506664270572 0.08247420191764830155 0.93103450536727905273 0.00000000000000000000 0.81944441795349121094 0.00000000000000000000 0.01388890016823999922 0.15294119715690610017 0.00000000000000000000 1.00000000000000000000 0.21176469326019278783 0.10000000149011610551 1.00000000000000000000 14999.00000000000000000000
9962.00000000000000000000 0.48112830519676208496 0.14304359257221219148 0.12226460129022589940 0.10969240218400949649 0.71150368452072143555 0.00000000000000000000 0.48546269536018371582 0.00409500021487470018 0.06633909791707989778 0.10088369995355600528 0.15090090036392209139 0.98751020431518554688 0.57363772392272949219 0.02124590054154390159 0.36842110753059381656 41600.00000000000000000000
714.00000000000000000000 0.45658260583877557925 0.00140059995464979995 0.31932771205902099609 0.23453609645366668701 0.77871149778366088867 0.05882349982857699999 0.63987141847610473633 0.00000000000000000000 0.01286169979721299948 0.08797650039196010241 0.00000000000000000000 1.00000000000000000000 0.21700879931449890137 0.06896550208330150256 0.81818181276321411133 14999.00000000000000000000
1277.00000000000000000000 0.50117462873458862305 0.00078310002572830003 0.14330460131168359927 0.10989010334014889803 0.85512918233871459961 0.02584180049598210072 0.72967028617858886719 0.00879119988530869916 0.03516479954123490070 0.09362550079822540283 0.00000000000000000000 0.98241758346557617188 0.31872510910034179688 0.08148150146007529515 0.00000000000000000000 50800.00000000000000000000
4587.00000000000000000000 0.45999559760093688965 0.06104210019111629831 0.21582730114459988680 0.17924909293651580811 0.81796377897262573242 0.04338350147008890323 0.69122427701950073242 0.00270859990268940013 0.03141929954290390015 0.08296079933643339677 0.04929580166935920021 0.99783319234848022461 0.24937899410724639893 0.05017919838428489682 0.47826090455055231265 49600.00000000000000000000
319.00000000000000000000 0.50783699750900268555 0.01880880072712889928 0.19122259318828579988 0.16560509800910949707 0.88087767362594604492 0.00000000000000000000 0.70866137742996215820 0.00000000000000000000 0.00787399988621470016 0.07299269735813139481 0.01574799977242940033 0.95275592803955078125 0.24817520380020138826 0.24137930572032920140 0.66666668653488159180 19000.00000000000000000000
115.00000000000000000000 0.46086961030960077457 0.00000000000000000000 0.20869569480419158936 0.19354839622974390201 0.80000001192092895508 0.00000000000000000000 0.61538457870483398438 0.01923079974949359894 0.01923079974949359894 0.07142859697341910619 0.00000000000000000000 1.00000000000000000000 0.21428570151329040527 0.00000000000000000000 1.00000000000000000000 14999.00000000000000000000
169.00000000000000000000 0.53846150636672973633 0.00000000000000000000 0.13609470427036279849 0.12820510566234588623 0.84023672342300415039 0.00000000000000000000 0.66666668653488159180 0.00000000000000000000 0.07575760036706920275 0.19512200355529779605 0.00000000000000000000 0.98484849929809559210 0.37804880738258361816 0.04761900007724759881 0.50000000000000000000 14999.00000000000000000000
748.00000000000000000000 0.47593578696250909976 0.02139040082693099976 0.15374329686164850406 0.13520410656929010562 0.89705878496170043945 0.00000000000000000000 0.75503361225128173828 0.00000000000000000000 0.01342280022799960046 0.07739940285682669896 0.01006709970533840003 0.99664431810379039423 0.34674918651580810547 0.06666669994592659687 0.66666668653488159180 17900.00000000000000000000
41.00000000000000000000 0.56097561120986938477 0.00000000000000000000 0.12195120006799689549 0.11111109703779220581 0.97560977935791015625 0.00000000000000000000 0.93333327770233165399 0.00000000000000000000 0.00000000000000000000 0.42307689785957330875 0.00000000000000000000 1.00000000000000000000 0.30769228935241699219 0.00000000000000000000 1.00000000000000000000 14999.00000000000000000000
887.00000000000000000000 0.46899661421775817871 0.00000000000000000000 0.19052989780902859773 0.14012740552425378970 0.85682070255279541016 0.00000000000000000000 0.66301369667053222656 0.00000000000000000000 0.01095889974385499954 0.09203980118036270142 0.00000000000000000000 0.99452048540115356445 0.25124379992485040836 0.13636359572410580721 0.33333331346511840820 17800.00000000000000000000
249.00000000000000000000 0.48995980620384210757 0.00000000000000000000 0.10843370109796519885 0.04724410176277159951 0.94779121875762939453 0.00000000000000000000 0.88505750894546508789 0.01149430032819499965 0.02298850007355210043 0.11224489659070960301 0.00000000000000000000 0.96551722288131724969 0.15306119620800009984 0.00000000000000000000 0.50000000000000000000 31700.00000000000000000000
28.00000000000000000000 0.42857140302658081055 0.00000000000000000000 0.00000000000000000000 0.00000000000000000000 0.89285707473754882812 0.00000000000000000000 0.76923078298568725586 0.00000000000000000000 0.00000000000000000000 0.86170208454132080078 0.00000000000000000000 1.00000000000000000000 0.89361697435379028320 0.00000000000000000000 1.00000000000000000000 26300.00000000000000000000
485.00000000000000000000 0.51546388864517211914 0.00824739970266809980 0.09484539926052089343 0.09361699968576429887 0.93608248233795154913 0.00000000000000000000 0.83529412746429443359 0.00000000000000000000 0.01764710061252109871 0.06077349931001659739 0.00588240008801220026 0.89999997615814208984 0.36464089155197138004 0.22499999403953549471 0.50000000000000000000 25400.00000000000000000000
609.00000000000000000000 0.38587850332260131836 0.07881770282983779907 0.77668309211730957031 0.30213901400566101074 0.66995072364807128906 0.23973730206489560213 0.77777779102325439453 0.00000000000000000000 0.01282049994915719984 0.02500000037252899862 0.07264959812164299702 1.00000000000000000000 0.52083331346511840820 0.01183430012315509969 0.00000000000000000000 35900.00000000000000000000
682.00000000000000000000 0.48680350184440607242 0.00733140017837280011 0.18768329918384549226 0.15714290738105771150 0.88709682226181030273 0.00000000000000000000 0.74015748500823974609 0.00393699994310729978 0.03149610012769690076 0.05223879963159559769 0.01181100029498330026 0.99606299400329600946 0.29104480147361749820 0.15000000596046439427 0.33333331346511840820 22200.00000000000000000000
9114.00000000000000000000 0.49648889899253839664 0.01810400001704690065 0.06330920010805130005 0.04750489816069600191 0.90969938039779663086 0.00833879970014089929 0.81544262170791625977 0.00031390000367530001 0.04488389939069740292 0.04093920066952699832 0.01726300083100789848 0.99340867996215820312 0.10114389657974240389 0.06267809867858879780 0.20000000298023221101 133500.00000000000000000000
63.00000000000000000000 0.53968250751495361328 0.00000000000000000000 0.12698410451412200928 0.10344830155372619629 0.92063492536544799805 0.00000000000000000000 0.76190477609634399414 0.00000000000000000000 0.00000000000000000000 0.19230769574642178621 0.00000000000000000000 1.00000000000000000000 0.26923081278800958804 0.33333331346511840820 1.00000000000000000000 24400.00000000000000000000
7037.00000000000000000000 0.48145520687103271484 0.00071049999678499999 0.24484869837760919742 0.09619069844484319509 0.88404148817062377930 0.00085259997285899996 0.76530969142913818359 0.00424779998138540005 0.03787609934806820261 0.11718750000000000000 0.00070799997774879996 0.96318578720092762335 0.32499998807907098941 0.11483249813318249788 0.33613449335098261050 62500.00000000000000000000
888.00000000000000000000 0.47860360145568847656 0.00000000000000000000 0.27590090036392211914 0.17926569283008569888 0.84797298908233642578 0.00000000000000000000 0.66917288303375244141 0.00000000000000000000 0.00751879997551439978 0.15106379985809320621 0.00000000000000000000 1.00000000000000000000 0.28510639071464538574 0.10227269679307930683 0.70588237047195434570 14999.00000000000000000000
3362.00000000000000000000 0.48988699913024902344 0.02825699932873240033 0.14069010317325589265 0.10379009693860999364 0.80755501985549926758 0.00327189988456660008 0.67705172300338745117 0.00607899995520709991 0.10714290291070929784 0.02446259930729860130 0.02051669918000690110 0.92933130264282237665 0.21423280239105219058 0.09036140143871300434 0.21428570151329040527 222800.00000000000000000000
4458.00000000000000000000 0.46971741318702697754 0.01166439987719049970 0.16038580238819119539 0.12182740122079839529 0.82122027873992919922 0.00000000000000000000 0.62772172689437866211 0.00212429999373849997 0.04407859966158859943 0.03038110025227069855 0.01062129996716969921 0.99468928575515758173 0.37487131357192987613 0.02761800028383730107 0.25000000000000000000 78800.00000000000000000000
1765.00000000000000000000 0.50311607122421264648 0.00226629991084329992 0.11841359734535210346 0.06613449752330780029 0.94560909271240245477 0.00000000000000000000 0.87166672945022583008 0.00333329988643520005 0.01499999966472380028 0.02755269967019549973 0.00333329988643520005 0.98833328485488880499 0.10372769832611079821 0.15517239272594449129 0.00000000000000000000 51500.00000000000000000000
442.00000000000000000000 0.51809948682785034180 0.00226239999756210021 0.16063350439071649722 0.08450700342655180497 0.87556558847427368164 0.00000000000000000000 0.72674417495727539062 0.00581400003284210029 0.03488370031118390169 0.08021389693021770129 0.00581400003284210029 1.00000000000000000000 0.27272731065750122070 0.05405410006642340226 1.00000000000000000000 20900.00000000000000000000
1772.00000000000000000000 0.47065460681915277652 0.00507899979129429989 0.20541760325431820955 0.12046910077333450317 0.82054179906845092773 0.00000000000000000000 0.65677422285079956055 0.00000000000000000000 0.05419350042939179851 0.03486920148134230180 0.00387099990621199994 0.96645158529281616211 0.07098379731178279528 0.08421050012111659655 0.30000001192092889957 64900.00000000000000000000
270.00000000000000000000 0.44074070453643798828 0.75185191631317138672 0.12962959706783289127 0.07947020232677459717 0.94814807176589954718 0.00000000000000000000 0.82499998807907104492 0.00000000000000000000 0.00000000000000000000 0.03614459931850429880 0.71249997615814208984 1.00000000000000000000 0.22891570627689358797 0.21739129722118369359 0.00000000000000000000 20300.00000000000000000000
2101.00000000000000000000 0.51308900117874145508 0.01237509958446019950 0.10899569839239120483 0.08993159979581830110 0.86006659269332885742 0.00142790004611010007 0.71019899845123291016 0.00497510004788629962 0.05223879963159559769 0.14194239675998679417 0.00995020009577269986 0.94402992725372314453 0.53468519449234008789 0.12465369701385489720 0.50000000000000000000 38100.00000000000000000000
34439.00000000000000000000 0.49240690469741821289 0.10970120131969450517 0.06649439781904220581 0.05943600088357919864 0.89337670803070068359 0.00464589986950149966 0.77122908830642700195 0.00768750021234150017 0.05717059969902030248 0.09910839796066280016 0.10647699981927870316 0.82115399837493896484 0.39173701405525207520 0.18561379611492148656 0.23091979324817649144 78600.00000000000000000000
5909.00000000000000000000 0.46522250771522521973 0.01489249989390369934 0.19394139945507049561 0.16993670165538779515 0.64122521877288818359 0.20121850073337549381 0.60644257068634033203 0.00280110002495339997 0.03127919882535930285 0.12820510566234588623 0.00793650001287459980 0.99766570329666137695 0.32437929511070251465 0.05355060100555419922 0.65432101488113403320 37400.00000000000000000000
1281.00000000000000000000 0.49180328845977777652 0.00468380004167549997 0.14441840350627899170 0.08755759894847869873 0.88056212663650512695 0.00312260002829129997 0.74220371246337890625 0.00623700022697439970 0.03742200136184690301 0.05314959958195680095 0.00415799999609580036 0.98752599954605102539 0.26771649718284601382 0.11811020225286479601 0.33333331346511840820 36000.00000000000000000000
4740.00000000000000000000 0.49978899955749511719 0.17025320231914520264 0.05295360088348380345 0.05693800002336499994 0.84493672847747802734 0.00147679995279749996 0.70309168100357055664 0.00692960014566770029 0.07356079667806619815 0.14533029496669769287 0.17270790040493008699 0.96801710128784179688 0.49977219104766840152 0.04425530135631559892 0.40000000596046447754 97300.00000000000000000000
177.00000000000000000000 0.49717509746551508121 0.00000000000000000000 0.16949149966239929199 0.12359549850225440282 0.87005650997161865234 0.00000000000000000000 0.73972600698471069336 0.00000000000000000000 0.02739729918539519915 0.08749999850988379735 0.00000000000000000000 1.00000000000000000000 0.17499999701976770572 0.00000000000000000000 0.00000000000000000000 14999.00000000000000000000
12967.00000000000000000000 0.45669779181480407715 0.20027759671211239900 0.28827020525932312012 0.16352020204067230225 0.81530040502548217773 0.02814839966595170107 0.67622202634811401367 0.00496139982715240041 0.03767000138759610262 0.13865150511264801025 0.15784640610218039769 0.98695331811904918329 0.40614119172096252441 0.08414240181446069888 0.40522879362106317691 46000.00000000000000000000
306.00000000000000000000 0.50980389118194580078 0.00000000000000000000 0.15032680332660669498 0.11333329975605009599 0.90522879362106323242 0.00000000000000000000 0.77876108884811401367 0.00884960032999509982 0.02654870040714740059 0.08870969712734219637 0.00000000000000000000 1.00000000000000000000 0.28225809335708618164 0.09090910106897349963 0.00000000000000000000 17200.00000000000000000000
142.00000000000000000000 0.44366198778152460269 0.00000000000000000000 0.40845069289207458496 0.27848100662231439761 0.80985921621322631836 0.00000000000000000000 0.62318837642669677734 0.00000000000000000000 0.01449280045926570025 0.26595738530158991031 0.00000000000000000000 0.91304349899292003290 0.34042549133300781250 0.07692310214042659411 0.66666668653488159180 14999.00000000000000000000
441.00000000000000000000 0.47165530920028680972 0.00000000000000000000 0.08843539655208579320 0.08154509961605070634 0.91609978675842285156 0.00000000000000000000 0.78807950019836425781 0.00662249978631729991 0.01324499957263459982 0.16111110150814050845 0.00000000000000000000 1.00000000000000000000 0.17777779698371878880 0.14285710453987118806 0.72222220897674560547 20200.00000000000000000000
242.00000000000000000000 0.48347109556198120117 0.00000000000000000000 0.10743799805641170153 0.09600000083446499910 0.90495872497558604852 0.00000000000000000000 0.75294119119644165039 0.01176469959318630042 0.01176469959318630042 0.29166668653488159180 0.00000000000000000000 1.00000000000000000000 0.27500000596046447754 0.19230769574642178621 1.00000000000000000000 22500.00000000000000000000
1562.00000000000000000000 0.46286809444427490234 0.44302180409431457520 0.14532649517059320621 0.16328960657119750977 0.88540327548980712891 0.00000000000000000000 0.70194000005722045898 0.00176370004191990005 0.01587300002574919960 0.13960550725460049715 0.40388008952140808105 0.98941802978515625000 0.37481030821800231934 0.14285710453987118806 0.92307692766189575195 14999.00000000000000000000
2231.00000000000000000000 0.47870910167694091797 0.00224109995178869981 0.12998659908771509341 0.09888219833374020662 0.89376962184906005859 0.00000000000000000000 0.74695861339569091797 0.00243310001678760006 0.02554740011692039833 0.04084010049700730061 0.00121649994980539992 0.97201949357986439093 0.20886810123920440674 0.12290500104427329320 1.00000000000000000000 36300.00000000000000000000
2165.00000000000000000000 0.48822170495986938477 0.52055430412292480469 0.07066970318555830521 0.05956679955124850184 0.92101621627807617188 0.00000000000000000000 0.81024932861328125000 0.00969529990106820019 0.03462599962949750032 0.15357559919357299805 0.46121880412101740054 0.99861502647399902344 0.34466591477394098453 0.10256409645080559467 0.54545450210571289062 34300.00000000000000000000
9007.00000000000000000000 0.46752530336379999332 0.02764520049095149992 0.12823359668254849519 0.11363639682531349873 0.85433548688888549805 0.04185630008578299782 0.75363278388977050781 0.00429330021142949967 0.04524439945816990244 0.03934010118246070165 0.02476879954338069914 0.96631437540054321289 0.30678930878639221191 0.08711429685354230013 0.52380949258804321289 183000.00000000000000000000
1429.00000000000000000000 0.44996500015258789062 0.21343599259853360262 0.24492649734020230379 0.22900760173797599095 0.75297409296035766602 0.11546540260314940018 0.67061138153076171875 0.00197239988483480016 0.03353060036897650281 0.11208409816026680683 0.20710060000419611148 0.99605518579483043329 0.35726800560951227359 0.10493829846382139726 0.66666668653488159180 23800.00000000000000000000
2482.00000000000000000000 0.45769539475440979004 0.00644640019163479974 0.22360999882221219148 0.12555719912052148990 0.85938757658004760742 0.00000000000000000000 0.71624088287353515625 0.00091240002075209997 0.03010950051248070108 0.32009929418563842773 0.00456199981272220004 0.99726277589797962531 0.29590570926666259766 0.04761900007724759881 0.36363640427589410953 58200.00000000000000000000
1219.00000000000000000000 0.51681709289550781250 0.00246100011281659989 0.07793270051479339600 0.04244479909539219942 0.93109112977981556281 0.00000000000000000000 0.83964371681213378906 0.00222719996236259979 0.02004450000822539935 0.10557769984006880326 0.00445429980754850040 0.99777281284332275391 0.11354579776525490498 0.02702699974179259904 0.55555558204650878906 85100.00000000000000000000
191.00000000000000000000 0.48691099882125848941 0.00000000000000000000 0.36649209260940551758 0.23469389975070950594 0.81675392389297485352 0.00000000000000000000 0.61956518888473510742 0.00000000000000000000 0.00000000000000000000 0.25203248858451837711 0.00000000000000000000 1.00000000000000000000 0.38211381435394281558 0.00000000000000000000 1.00000000000000000000 14999.00000000000000000000
319.00000000000000000000 0.50470221042633056641 0.00000000000000000000 0.12852659821510309390 0.05696199834346769852 0.89028209447860717773 0.00000000000000000000 0.73636358976364135742 0.00909090042114250006 0.04545449838042250196 0.05172409862279889886 0.00000000000000000000 0.99090909957885742188 0.13793100416660308838 0.07999999821186060123 0.66666668653488159180 44500.00000000000000000000
18567.00000000000000000000 0.48877039551734918765 0.00156190001871430004 0.11762800067663189973 0.08322799950838080663 0.94754129648208618164 0.00129259994719170004 0.87007939815521240234 0.00067580002360040001 0.02162530086934559906 0.01464959979057309930 0.00101370003540059996 0.98327422142028797492 0.06159479916095730173 0.07616709917783730244 0.59259259700775146484 173500.00000000000000000000
1742.00000000000000000000 0.49483349919319147281 0.03386909887194630014 0.13260619342327109593 0.08749999850988379735 0.88920778036117553711 0.00000000000000000000 0.74362820386886596680 0.00149930000770830000 0.02698650024831290156 0.03751799836754789869 0.03598200157284729694 0.98950517177581798212 0.25685429573059082031 0.06930690258741370458 0.40000000596046447754 39100.00000000000000000000
211.00000000000000000000 0.42654028534889221191 0.00000000000000000000 0.27962088584899902344 0.19834710657596579808 0.84834122657775878906 0.00000000000000000000 0.67021280527114868164 0.00000000000000000000 0.01063830032944670066 0.12962959706783289127 0.00000000000000000000 1.00000000000000000000 0.31481480598449701480 0.28571429848670959473 0.33333331346511840820 15700.00000000000000000000
287.00000000000000000000 0.50522649288177490234 0.02787460014224050001 0.02787460014224050001 0.02816900052130219892 0.87804877758026123047 0.00000000000000000000 0.75824177265167236328 0.03296700119972219983 0.08791209757328030672 0.45508980751037597656 0.02197800017893309851 0.92307692766189575195 0.45508980751037597656 0.17391300201416010074 0.50000000000000000000 212500.00000000000000000000
77.00000000000000000000 0.51948052644729614258 0.00000000000000000000 0.19480520486831659488 0.10810810327529900288 0.85714292526245117188 0.00000000000000000000 0.72413790225982666016 0.00000000000000000000 0.06896550208330150256 0.17142860591411590576 0.00000000000000000000 1.00000000000000000000 0.31428569555282592773 0.00000000000000000000 0.00000000000000000000 20800.00000000000000000000
850.00000000000000000000 0.46941179037094110660 0.00000000000000000000 0.28588241338729858398 0.18847009539604178685 0.80117648839950561523 0.06352940201759330052 0.68842732906341552734 0.00296740001067509994 0.02373890019953249844 0.10372339934110640092 0.00000000000000000000 1.00000000000000000000 0.27127659320831298828 0.03529410064220420140 0.69999998807907104492 21200.00000000000000000000
252.00000000000000000000 0.47222220897674560547 0.00000000000000000000 0.19047619402408599854 0.11278200149536130037 0.92460322380065917969 0.00000000000000000000 0.81318682432174682617 0.01098900008946650068 0.01098900008946650068 0.02150540053844450170 0.00000000000000000000 0.97802197933197021484 0.10752689838409419665 0.05263160169124599802 0.00000000000000000000 34300.00000000000000000000
244.00000000000000000000 0.50819671154022216797 0.00000000000000000000 0.15983609855175009984 0.10833329707384109497 0.89754098653793334961 0.00000000000000000000 0.76041668653488159180 0.00000000000000000000 0.02083330042660230114 0.24409450590610501375 0.00000000000000000000 0.97916668653488159180 0.36220470070838928223 0.05882349982857699999 0.71428567171096801758 14999.00000000000000000000
39802.00000000000000000000 0.48922160267829889468 0.01256220042705529991 0.11220540106296539307 0.08332510292530059814 0.85686647891998291016 0.01919499970972530015 0.73137062788009643555 0.00711369980126609971 0.05923369899392119664 0.04184100031852720086 0.01232570037245750080 0.79278767108917236328 0.40471050143241882324 0.12750899791717529297 0.11363639682531349873 101200.00000000000000000000
5450.00000000000000000000 0.49486240744590759277 0.00678899977356189985 0.02293580025434489855 0.01961500011384479866 0.90623849630355834961 0.00000000000000000000 0.80394190549850463867 0.00311199994757770017 0.05446060001850119847 0.07971359789371490479 0.00622410001233220014 0.97147297859191894531 0.16372320055961608887 0.07492800056934349751 0.55357140302658081055 67800.00000000000000000000
808.00000000000000000000 0.48019799590110778809 0.00123759999405589991 0.23019799590110778809 0.14285710453987118806 0.80321782827377319336 0.00000000000000000000 0.63186812400817871094 0.01098900008946650068 0.04120879992842670092 0.06905370205640790071 0.00274730008095499991 1.00000000000000000000 0.23017899692058560457 0.06956519931554790148 0.71428567171096801758 14999.00000000000000000000
2278.00000000000000000000 0.47848990559577941895 0.01799819990992539837 0.12247589975595470080 0.11026939749717709627 0.87489032745361328125 0.00000000000000000000 0.71670430898666381836 0.00112869997974479998 0.03047399967908849885 0.04319649934768669819 0.01467270031571379918 0.99887132644653320312 0.35097190737724298648 0.08974359929561609439 0.50000000000000000000 48000.00000000000000000000
628.00000000000000000000 0.47611460089683532715 0.00000000000000000000 0.26751589775085449219 0.22188450396060940828 0.78662419319152832031 0.06210190057754509663 0.64478760957717895508 0.00000000000000000000 0.01158300042152399928 0.18037970364093780518 0.00000000000000000000 1.00000000000000000000 0.36708858609199518375 0.07792209833860390400 1.00000000000000000000 14999.00000000000000000000
5044.00000000000000000000 0.44409200549125671387 0.43061059713363647461 0.17763680219650260228 0.16084170341491699219 0.86934971809387207031 0.03191909939050670275 0.73737949132919311523 0.00226889993064100003 0.01531479973345989919 0.09357330203056329898 0.36415201425552368164 0.98525238037109375000 0.33676090836524957828 0.17862169444560999088 0.67647057771682739258 22400.00000000000000000000
564.00000000000000000000 0.50000000000000000000 0.08687940239906309647 0.12588649988174430150 0.11702129989862440629 0.89361697435379028320 0.00000000000000000000 0.74093258380889892578 0.01036269962787620021 0.02590670064091680005 0.07655499875545500321 0.06735750287771219424 0.91709840297698963507 0.35406699776649469547 0.22499999403953549471 0.75000000000000000000 23300.00000000000000000000
3172.00000000000000000000 0.46721309423446649722 0.00472889980301259994 0.16235810518264770508 0.12366860359907150269 0.88524591922760009766 0.00000000000000000000 0.72601628303527832031 0.00081300002057100001 0.01869920082390300053 0.02380950003862379941 0.00162600004114209998 0.96260160207748401984 0.22301590442657470703 0.09056600183248519897 0.25000000000000000000 40000.00000000000000000000
446.00000000000000000000 0.46188339591026300601 0.32959640026092529297 0.14798210561275479402 0.11666669696569439973 0.91255611181259155273 0.00000000000000000000 0.76729559898376464844 0.00628930004313579989 0.00628930004313579989 0.06470590084791179308 0.26415088772773742676 0.96855348348617564813 0.18823529779911041260 0.30769228935241699219 0.60000002384185791016 43500.00000000000000000000
175.00000000000000000000 0.43428570032119750977 0.00000000000000000000 0.21142859756946560945 0.19191919267177579012 0.85714292526245117188 0.00000000000000000000 0.68354427814483642578 0.00000000000000000000 0.00000000000000000000 0.16842110455036160555 0.00000000000000000000 1.00000000000000000000 0.30526319146156311035 0.09090910106897349963 0.00000000000000000000 14999.00000000000000000000
1767.00000000000000000000 0.46406340599060058594 0.00113190000411120002 0.24221840500831601228 0.20380149781703948975 0.82116580009460449219 0.03735139966011039730 0.66714698076248168945 0.00432279985398049960 0.01873200014233580152 0.03342619910836219788 0.00144090002868320008 0.99855911731719959601 0.32451251149177551270 0.03977270051836959835 1.00000000000000000000 25300.00000000000000000000
308.00000000000000000000 0.48051950335502618961 0.00000000000000000000 0.15584419667720789127 0.19374999403953549471 0.86038959026336669922 0.00000000000000000000 0.66935479640960693359 0.00000000000000000000 0.00806450005620710023 0.04615379869937889790 0.00000000000000000000 1.00000000000000000000 0.18461540341377249974 0.18181820213794699925 0.00000000000000000000 21900.00000000000000000000
165.00000000000000000000 0.44848480820655822754 0.00000000000000000000 0.16969700157642358951 0.20879119634628290347 0.88484847545623779297 0.00000000000000000000 0.70312500000000000000 0.00000000000000000000 0.00000000000000000000 0.16883119940757748689 0.00000000000000000000 1.00000000000000000000 0.28571429848670959473 0.18181820213794699925 0.80000001192092895508 14999.00000000000000000000
1037.00000000000000000000 0.46576660871505737305 0.00192860001698129998 0.19286400079727170076 0.12093859910964960269 0.86306649446487426758 0.00000000000000000000 0.69909501075744628906 0.00452490011230109995 0.02036200091242789875 0.10162600129842749852 0.00000000000000000000 1.00000000000000000000 0.28048780560493469238 0.05607480183243750138 0.88888889551162719727 21100.00000000000000000000
4070.00000000000000000000 0.48009830713272089175 0.09705159813165660510 0.08845210075378409642 0.07230620086193080553 0.92555278539657603876 0.00000000000000000000 0.80932497978210449219 0.00139180000405750011 0.01739739999175069982 0.08296109735965720433 0.09672930091619490189 0.96868479251861561163 0.29036378860473627261 0.10826209932565679372 0.36666670441627502441 52500.00000000000000000000
372.00000000000000000000 0.47311830520629877261 0.00000000000000000000 0.26075270771980280093 0.21938779950141901187 0.80913978815078735352 0.00000000000000000000 0.60119050741195678711 0.00000000000000000000 0.02380950003862379941 0.18446600437164301090 0.00000000000000000000 1.00000000000000000000 0.24271839857101440430 0.05000000074505799724 0.85714292526245117188 14999.00000000000000000000
48997.00000000000000000000 0.45294609665870660953 0.49588748812675470523 0.13104879856109619141 0.12490669637918469514 0.85980772972106933594 0.00712289987131950030 0.70070481300354003906 0.00429229997098439994 0.03539820015430449746 0.06454169750213620271 0.44613429903984069824 0.99544268846511840820 0.36241510510444641113 0.11244130134582519531 0.37368419766426080875 42000.00000000000000000000
1557.00000000000000000000 0.46371230483055109195 0.00000000000000000000 0.27938339114189147949 0.19520959258079528809 0.78741168975830078125 0.03275530040264119924 0.59910577535629272461 0.00000000000000000000 0.01639340072870250006 0.12970170378684989232 0.00000000000000000000 1.00000000000000000000 0.36964979767799377441 0.09595959633588789506 0.57142859697341918945 34000.00000000000000000000
196.00000000000000000000 0.47448980808258051090 0.00000000000000000000 0.19387759268283841219 0.13592229783535000887 0.89285707473754882812 0.00000000000000000000 0.75675678253173828125 0.01351349987089629952 0.01351349987089629952 0.07500000298023219714 0.00000000000000000000 1.00000000000000000000 0.18750000000000000000 0.00000000000000000000 0.00000000000000000000 14999.00000000000000000000
102.00000000000000000000 0.50000000000000000000 0.00000000000000000000 0.02941180020570750148 0.09803920239210120458 0.86274510622024536133 0.00000000000000000000 0.73529410362243652344 0.02941180020570750148 0.08823529630899429321 0.19047619402408599854 0.00000000000000000000 0.97058820724487304688 0.23809519410133359041 0.00000000000000000000 0.00000000000000000000 67500.00000000000000000000
21877.00000000000000000000 0.46862000226974487305 0.00173699995502820011 0.16414499282836911287 0.10417199879884719849 0.91351652145385742188 0.01787270046770569887 0.79077529907226562500 0.00121380004566160006 0.01426190044730899983 0.25533840060234069824 0.00166890001855790008 0.32862991094589227847 0.61981701850891113281 0.24574209749698638916 0.30136990547180170230 22600.00000000000000000000
211.00000000000000000000 0.50710898637771606445 0.26066350936889648438 0.15165880322456359863 0.10576920211315149478 0.92891001701354980469 0.00000000000000000000 0.81927710771560668945 0.00000000000000000000 0.00000000000000000000 0.17821779847145080566 0.20481930673122400455 1.00000000000000000000 0.30693069100379938297 0.10000000149011610551 1.00000000000000000000 14999.00000000000000000000
768.00000000000000000000 0.46614581346511840820 0.00000000000000000000 0.23046870529651639070 0.15121950209140769261 0.85546869039535522461 0.00000000000000000000 0.68944102525711059570 0.00310559989884490011 0.02795029990375039880 0.04166670143604270238 0.00000000000000000000 0.99689441919326782227 0.20833329856395718660 0.05333330109715460343 0.75000000000000000000 32900.00000000000000000000
13371.00000000000000000000 0.49555009603500360660 0.00927380006760349963 0.12744000554084769505 0.08554480224847789416 0.86485677957534790039 0.00777800008654589998 0.72025519609451293945 0.00308770011179140000 0.05640180036425589821 0.07501900196075439453 0.00741050019860260006 0.87999182939529418945 0.30540749430656427554 0.14995220303535458650 0.30065360665321350098 168000.00000000000000000000
139.00000000000000000000 0.47482010722160339355 0.00000000000000000000 0.14388489723205560855 0.12328770011663429951 0.89208632707595825195 0.00000000000000000000 0.73333328962326049805 0.00000000000000000000 0.06666669994592659687 0.11764709651470180163 0.00000000000000000000 1.00000000000000000000 0.45098039507865900211 0.28571429848670959473 1.00000000000000000000 14999.00000000000000000000
538.00000000000000000000 0.46654281020164489746 0.09107810258865349506 0.18215610086917868871 0.16376310586929321289 0.86245352029800415039 0.00000000000000000000 0.68544602394104003906 0.00938970036804669984 0.02816900052130219892 0.17441859841346740723 0.09389670193195340242 0.98591548204421997070 0.25581398606300348453 0.09090910106897349963 0.33333331346511840820 21800.00000000000000000000
6028.00000000000000000000 0.45603850483894348145 0.00729929981753230008 0.15925680100917810611 0.10094539821147910374 0.82067018747329711914 0.04860650002956389687 0.68910539150238037109 0.00044289999641470001 0.02745790034532540058 0.05562530085444449685 0.00265719997696570003 0.98228520154953002930 0.25177749991416931152 0.04526749998331069946 0.54285711050033569336 441300.00000000000000000000
9004.00000000000000000000 0.47056859731674188785 0.43525099754333490543 0.13316300511360160130 0.12104050070047370213 0.87527769804000854492 0.02787650004029270170 0.74771237373352050781 0.00261439988389609987 0.02647059969604010146 0.09063889831304550171 0.36307188868522638492 0.98888891935348521844 0.36760771274566650391 0.18047879636287689209 0.56818181276321411133 34300.00000000000000000000
385.00000000000000000000 0.52987009286880493164 0.00000000000000000000 0.04415579885244359792 0.03867400065064430237 0.97142857313156116827 0.00000000000000000000 0.88888889551162719727 0.00000000000000000000 0.01111110020428890052 0.15887850522994989566 0.00000000000000000000 1.00000000000000000000 0.62616819143295288086 0.30434781312942499332 0.00000000000000000000 24200.00000000000000000000
125738.00000000000000000000 0.48340991139411920718 0.00580570008605710026 0.11905709654092780370 0.08174890279769890522 0.79659289121627807617 0.02088470011949530164 0.64575630426406860352 0.00489659979939459974 0.07643750309944150056 0.04540929943323129825 0.00530949980020520036 0.97764098644256602899 0.35578459501266479492 0.05573929846286770212 0.24482110142707819156 53100.00000000000000000000
249.00000000000000000000 0.48995980620384210757 0.01204819977283469977 0.28514060378074640445 0.20472440123558038882 0.79116469621658325195 0.00000000000000000000 0.59649121761322021484 0.00877190008759489923 0.03508770093321800232 0.07317069917917250199 0.00000000000000000000 1.00000000000000000000 0.27642279863357538394 0.00000000000000000000 0.50000000000000000000 16600.00000000000000000000
189.00000000000000000000 0.44444438815116882324 0.00000000000000000000 0.29629629850387567691 0.25714290142059320621 0.74603170156478881836 0.00000000000000000000 0.52631580829620361328 0.00000000000000000000 0.03157889842987059853 0.20168070495128628816 0.00000000000000000000 1.00000000000000000000 0.31092441082000732422 0.07500000298023219714 1.00000000000000000000 14999.00000000000000000000
92.00000000000000000000 0.44565218687057489566 0.00000000000000000000 0.31521740555763239078 0.21568630635738370027 0.84782612323760986328 0.00000000000000000000 0.67441862821578979492 0.00000000000000000000 0.00000000000000000000 0.18867920339107510652 0.00000000000000000000 1.00000000000000000000 0.15094339847564688939 0.14285710453987118806 1.00000000000000000000 14999.00000000000000000000
273.00000000000000000000 0.46886450052261352539 0.00000000000000000000 0.12820510566234588623 0.13793100416660308838 0.87545788288116455078 0.00000000000000000000 0.71844661235809326172 0.00970869977027170004 0.03883500024676320161 0.09649120271205899324 0.00000000000000000000 1.00000000000000000000 0.29824560880661010742 0.13636359572410580721 0.66666668653488159180 14999.00000000000000000000
3567.00000000000000000000 0.50238299369812011719 0.15699470043182370271 0.10625179857015609741 0.07830990105867380313 0.89935517311096191406 0.00000000000000000000 0.76096820831298828125 0.00453859986737369971 0.02571859955787650018 0.05028739944100379944 0.14826020598411560059 0.99470502138137817383 0.23563219606876370515 0.09915009886026379671 0.25806450843811029605 61200.00000000000000000000
3781.00000000000000000000 0.44115310907363891602 0.01533989980816840085 0.24094149470329279117 0.19876949489116668701 0.77730762958526611328 0.00211580004543059997 0.57604992389678955078 0.00000000000000000000 0.04086270183324809679 0.05472100153565399860 0.01759359985589980038 0.98354142904281616211 0.46244639158248901367 0.02500000037252899862 0.61538457870483398438 30000.00000000000000000000
72388.00000000000000000000 0.48921090364456171207 0.20354199409484860506 0.06624030321836470170 0.05841780081391329676 0.92069131135940562860 0.00093939999351270000 0.80322480201721191406 0.00771939987316720005 0.03946470096707339892 0.08151540160179129857 0.19773440062999719791 0.76042568683624267578 0.30781170725822448730 0.21707320213317871094 0.24893620610237118806 100700.00000000000000000000
958.00000000000000000000 0.47181630134582519531 0.00000000000000000000 0.15553240478038779515 0.09881419688463209672 0.88100212812423706055 0.00000000000000000000 0.73369568586349487305 0.01086959987878790071 0.03260869905352589693 0.05641030147671689809 0.00000000000000000000 0.97826087474822998047 0.24102559685707089510 0.07000000029802319612 0.66666668653488159180 30100.00000000000000000000
414.00000000000000000000 0.50241547822952270508 0.00000000000000000000 0.19565220177173608951 0.13106800615787500552 0.85748791694641113281 0.00000000000000000000 0.68518519401550292969 0.00617279997095460022 0.04320989921689030039 0.15183250606060019749 0.00000000000000000000 0.98765432834625244141 0.17277489602565759830 0.13953490555286399144 0.66666668653488159180 14999.00000000000000000000
1805.00000000000000000000 0.48975071310997009277 0.00277010002173479989 0.20055399835109710693 0.15309450030326840486 0.87202221155166625977 0.00000000000000000000 0.71328669786453247070 0.00139860005583609991 0.03076919913291930112 0.06290960311889640111 0.00139860005583609991 0.99300700426101684570 0.19659240543842310123 0.12500000000000000000 0.28571429848670959473 58300.00000000000000000000
35.00000000000000000000 0.62857139110565185547 0.00000000000000000000 0.11428570002317420262 0.15384620428085318822 0.71428567171096801758 0.00000000000000000000 0.50000000000000000000 0.00000000000000000000 0.00000000000000000000 0.44444438815116882324 0.00000000000000000000 1.00000000000000000000 0.97222220897674560547 0.00000000000000000000 0.00000000000000000000 14999.00000000000000000000
2161.00000000000000000000 0.49884310364723200015 0.01758450083434580022 0.17723280191421508789 0.06740540266036980366 0.91716802120208740234 0.00000000000000000000 0.81430357694625854492 0.00125470000784839997 0.03262230008840560219 0.14484980702400199193 0.01631120033562179911 0.92471772432327281610 0.33047211170196527652 0.20183490216732019595 0.47058820724487299136 79100.00000000000000000000
1738.00000000000000000000 0.47928649187088012695 0.00057540001580490003 0.17836590111255640201 0.13149170577526089754 0.85615652799606323242 0.02186420001089570131 0.69923657178878784180 0.00305339996702960010 0.01832059957087039948 0.13815790414810180664 0.00152669998351480005 0.88091599941253662109 0.34342110157012939453 0.17187500000000000000 0.69999998807907104492 23900.00000000000000000000
561.00000000000000000000 0.50980389118194580078 0.00000000000000000000 0.14260250329971310701 0.13090910017490378636 0.88770049810409545898 0.00000000000000000000 0.72815531492233276367 0.00485440017655490007 0.01941750012338160081 0.20769229531288138646 0.00000000000000000000 1.00000000000000000000 0.41538459062576288394 0.21276600658893579654 0.86666667461395263672 14999.00000000000000000000
6614.00000000000000000000 0.49879041314125061035 0.00468700006604189957 0.07211969792842859439 0.05822020024061200227 0.93740552663803100586 0.00000000000000000000 0.84779381752014160156 0.00198310008272520018 0.03916709870100019975 0.01465560030192129999 0.00446210009977220014 0.99454641342163074835 0.10014659911394109548 0.13450290262699118871 0.40000000596046447754 134600.00000000000000000000
4368.00000000000000000000 0.49244511127471918277 0.00068679999094450005 0.16300369799137109927 0.12404149770736690173 0.76923078298568725586 0.03731679916381829692 0.62185788154602050781 0.00382509990595279997 0.07158470153808589587 0.18990699946880340576 0.00163930002599950008 0.98907101154327403680 0.48738381266593927554 0.06516289710998529605 0.25000000000000000000 44200.00000000000000000000
193.00000000000000000000 0.47668391466140741519 0.00000000000000000000 0.30569949746131891422 0.14851489663124078922 0.83937817811965942383 0.00000000000000000000 0.63095241785049438477 0.00000000000000000000 0.00000000000000000000 0.26315790414810180664 0.00000000000000000000 1.00000000000000000000 0.34210529923439020328 0.26315790414810180664 0.80000001192092895508 14999.00000000000000000000
1230.00000000000000000000 0.46422758698463439941 0.00243899994529779996 0.19918699562549591064 0.14719270169734949283 0.81463408470153808594 0.00000000000000000000 0.63585948944091796875 0.00184839998837560003 0.04805909842252729935 0.05087719857692710179 0.00554529996588820021 0.99815160036087036133 0.37543860077857971191 0.04324319958686820287 0.66666668653488159180 47900.00000000000000000000
853.00000000000000000000 0.46893319487571710757 0.06330599635839459505 0.11957799643278120560 0.10375279933214180683 0.91324740648269642218 0.00000000000000000000 0.77491962909698486328 0.00321540003642429998 0.00964630022644990051 0.07715129852294920487 0.05144689977169029926 0.99035370349884044305 0.28189909458160400391 0.18367350101470938939 1.00000000000000000000 24200.00000000000000000000
17654.00000000000000000000 0.50254899263381958008 0.00441829999908800036 0.09165059775114059448 0.07059899717569349809 0.94193947315216064453 0.00000000000000000000 0.85590779781341552734 0.00198130006901909997 0.03007929958403110157 0.02029290050268170095 0.00342219998128710009 0.99675792455673217773 0.08205399662256239457 0.11330050230026239566 0.32499998807907098941 151500.00000000000000000000
172.00000000000000000000 0.54069769382476806641 0.00000000000000000000 0.13953490555286399144 0.15189869701862329654 0.87209302186965942383 0.00000000000000000000 0.67647057771682739258 0.00000000000000000000 0.00000000000000000000 0.09333329647779460558 0.00000000000000000000 0.97058820724487304688 0.38666668534278869629 0.10000000149011610551 0.50000000000000000000 14999.00000000000000000000
507.00000000000000000000 0.48520711064338678531 0.00000000000000000000 0.12031559646129599828 0.10727970302104949951 0.90927022695541381836 0.00000000000000000000 0.76243090629577636719 0.00000000000000000000 0.01657460071146479863 0.05235600098967550103 0.00000000000000000000 1.00000000000000000000 0.20418849587440490723 0.10000000149011610551 1.00000000000000000000 40000.00000000000000000000
2949.00000000000000000000 0.44591391086578369141 0.01966769993305200054 0.27806040644645690918 0.22705020010471341219 0.77110892534255981445 0.08647000044584270129 0.66723400354385375977 0.00170210003852840010 0.02042550034821030008 0.11119519919157019872 0.01191489957273000021 0.98553192615509044305 0.33812409639358520508 0.10863509774208060521 0.62500000000000000000 36700.00000000000000000000
2959.00000000000000000000 0.45150390267372131348 0.00033800001256160001 0.26360261440277099609 0.20825630426406860352 0.78134500980377197266 0.05812770128250119989 0.63886570930480957031 0.00250210007652639996 0.02418679930269709843 0.03306449949741360056 0.00000000000000000000 1.00000000000000000000 0.30322578549385070801 0.03166230022907250141 0.11111109703779220581 42800.00000000000000000000
35.00000000000000000000 0.51428568363189697266 0.00000000000000000000 0.37142860889434808902 0.41176471114158630371 0.60000002384185791016 0.00000000000000000000 0.39130431413650512695 0.00000000000000000000 0.00000000000000000000 0.20689660310745239258 0.00000000000000000000 1.00000000000000000000 0.37931030988693237305 0.00000000000000000000 0.66666668653488159180 15000.00000000000000000000
89.00000000000000000000 0.52808988094329833984 0.00000000000000000000 0.29213479161262512207 0.09523809701204299927 0.86516851186752319336 0.00000000000000000000 0.71428567171096801758 0.00000000000000000000 0.05714289844036100213 0.56790119409561157227 0.00000000000000000000 1.00000000000000000000 0.01234569959342469991 0.33333331346511840820 0.00000000000000000000 500001.00000000000000000000
141.00000000000000000000 0.49645391106605529785 0.00000000000000000000 0.23404259979724881258 0.16901409626007080078 0.78723400831222534180 0.00000000000000000000 0.53968250751495361328 0.00000000000000000000 0.01587300002574919960 0.13698630034923550691 0.00000000000000000000 1.00000000000000000000 0.34246578812599182129 0.00000000000000000000 0.00000000000000000000 14999.00000000000000000000
2841.00000000000000000000 0.49208030104637140445 0.00739180017262690021 0.17881029844284049291 0.07623010128736490421 0.93769800662994384766 0.00000000000000000000 0.85753422975540161133 0.00091320002684360001 0.01369860023260109985 0.01881719939410679901 0.00547950016334650038 0.93881279230117797852 0.02150540053844450170 0.17543859779834738988 0.25000000000000000000 102400.00000000000000000000
3790.00000000000000000000 0.50079160928726196289 0.03482849895954129998 0.08496040105819699373 0.05866809934377670288 0.30712398886680597476 0.45857518911361688785 0.47235581278800958804 0.00240379991009829997 0.24158650636672970857 0.04257769882678980045 0.01562500000000000000 0.99158650636672962531 0.27617949247360229492 0.07108999788761130589 0.50000000000000000000 67000.00000000000000000000
16023.00000000000000000000 0.47881171107292169742 0.13792669773101801090 0.15028400719165799226 0.10274220257997510042 0.85988891124725341797 0.01959680020809170115 0.75049209594726562500 0.00492129987105719997 0.05232939869165419838 0.06689120084047310566 0.11269690096378319477 0.98047900199890136719 0.20327569544315329808 0.08222220093011850528 0.23684209585189819336 61700.00000000000000000000
1713.00000000000000000000 0.45359021425247192383 0.04203150048851959919 0.24518389999866480045 0.26388889551162719727 0.59953302145004272461 0.11150030046701429887 0.45083010196685791016 0.00127709994558240000 0.07279690355062480578 0.08741260319948189472 0.03320559859275810238 0.99489140510559082031 0.70046621561050415039 0.01222489960491649971 0.38461539149284357242 35300.00000000000000000000
133.00000000000000000000 0.51127821207046508789 0.00000000000000000000 0.23308269679546350650 0.12307690083980560303 0.90225559473037719727 0.00000000000000000000 0.76363641023635864258 0.00000000000000000000 0.00000000000000000000 0.16666670143604270238 0.00000000000000000000 1.00000000000000000000 0.30303031206130981445 0.12500000000000000000 1.00000000000000000000 16900.00000000000000000000
1795.00000000000000000000 0.48857939243316650391 0.02172699943184850171 0.08579389750957480687 0.06100219860672950051 0.91866302490234375000 0.00000000000000000000 0.79901152849197387695 0.00823719985783099955 0.03130149841308590281 0.08446460217237469759 0.02141680009663100154 0.84019768238067626953 0.26395168900489801578 0.11409399658441539416 0.72222220897674560547 59100.00000000000000000000
1462.00000000000000000000 0.50273597240447998047 0.02188779972493639855 0.09097129851579660587 0.06877580285072319721 0.87004101276397705078 0.00000000000000000000 0.72370767593383789062 0.00178249995224170009 0.05525850132107729823 0.06499999761581419511 0.01782529987394800008 0.97504460811615001337 0.41666668653488159180 0.03018870018422600138 0.85714292526245117188 122800.00000000000000000000
336.00000000000000000000 0.50297617912292480469 0.00000000000000000000 0.08630950003862379594 0.04790420085191719746 0.93154758214950561523 0.00000000000000000000 0.83035707473754882812 0.00000000000000000000 0.03571429848670949758 0.05882349982857699999 0.00000000000000000000 1.00000000000000000000 0.12605039775371548738 0.14285710453987118806 0.00000000000000000000 35700.00000000000000000000
2497.00000000000000000000 0.46776130795478820801 0.13536240160465240479 0.20664800703525540437 0.16553799808025360107 0.85502600669860839844 0.00680819991976020032 0.69471621513366699219 0.00097850000020109997 0.02935419976711270071 0.08912660181522369385 0.11643839627504340428 0.99902147054672241211 0.35918000340461730957 0.08467739820480339741 0.53846150636672973633 19300.00000000000000000000
6910.00000000000000000000 0.46266278624534601382 0.16468890011310569066 0.22793050110340110082 0.15378400683403009586 0.82879877090454101562 0.02836469933390610085 0.68944537639617919922 0.00250450009480109991 0.03577819839119909806 0.08330599963665000218 0.12808589637279510498 0.98640429973602294922 0.37717279791831970215 0.08633089810609810566 0.38461539149284357242 53200.00000000000000000000
367.00000000000000000000 0.50681197643280029297 0.00000000000000000000 0.11171659827232359452 0.06629829853773110127 0.94005447626113880499 0.00000000000000000000 0.83333331346511840820 0.00000000000000000000 0.00793650001287459980 0.13103449344635009766 0.00000000000000000000 1.00000000000000000000 0.33103451132774347476 0.00000000000000000000 1.00000000000000000000 23800.00000000000000000000
385.00000000000000000000 0.47272729873657221011 0.00000000000000000000 0.11948049813508980488 0.06896550208330150256 0.94285708665847778320 0.00000000000000000000 0.81818181276321411133 0.00000000000000000000 0.00000000000000000000 0.07633589953184119481 0.00000000000000000000 0.97520661354064941406 0.17557249963283538818 0.16666670143604270238 0.00000000000000000000 27700.00000000000000000000
23302.00000000000000000000 0.49369150400161737613 0.01184449996799230055 0.07741820067167279329 0.06348530203104009451 0.90361338853836059570 0.00000000000000000000 0.79085129499435424805 0.00076239998452359999 0.05781450122594829905 0.02284579910337920100 0.01359589956700799941 0.98869121074676524774 0.19927990436553949527 0.05000000074505799724 0.46428570151329040527 166100.00000000000000000000
595.00000000000000000000 0.45714288949966430664 0.00000000000000000000 0.14117650687694549561 0.11455109715461729569 0.87563031911849975586 0.00000000000000000000 0.69124418497085571289 0.00000000000000000000 0.02764979936182489911 0.12145750224590300126 0.00000000000000000000 1.00000000000000000000 0.27125510573387140445 0.14754100143909448795 0.80000001192092895508 24700.00000000000000000000
1109.00000000000000000000 0.50676280260086059570 0.00180339999496929989 0.11541929841041559390 0.06032909825444220109 0.78358882665634155273 0.00000000000000000000 0.60991382598876953125 0.01077590044587850050 0.10991380363702769885 0.08118809759616850419 0.00000000000000000000 0.97844827175140380859 0.54455447196960449219 0.05988020077347749881 0.00000000000000000000 73200.00000000000000000000
24097.00000000000000000000 0.50147318840026855469 0.01680709980428210168 0.09013570100069040469 0.06942480057477949662 0.86869728565216064453 0.01780300028622150074 0.73922199010848999023 0.00693760020658370016 0.04806739836931220311 0.05953630059957500109 0.01474229991435999955 0.81355297565460205078 0.34440168738365167789 0.16518269479274749756 0.48684209585189819336 39600.00000000000000000000
38961.00000000000000000000 0.50758451223373413086 0.04078439995646469807 0.10472010076045989990 0.07865519821643829346 0.80557477474212646484 0.03062039986252779872 0.65710377693176269531 0.00389340007677670000 0.07315570116043089433 0.03544599935412399982 0.02575140073895449896 0.85894811153411865234 0.45934909582138061523 0.09854280203580849384 0.23728810250759119205 249300.00000000000000000000
2091.00000000000000000000 0.46102339029312128238 0.00000000000000000000 0.19368720054626459293 0.14640639722347259521 0.84505021572113037109 0.00000000000000000000 0.67816090583801269531 0.00804600026458500081 0.03448279947042459659 0.06552089750766749987 0.00000000000000000000 0.99540227651596080438 0.28034371137619018555 0.08562690019607539782 0.80000001192092895508 25800.00000000000000000000
493.00000000000000000000 0.51926982402801513672 0.00000000000000000000 0.05476669967174530029 0.04641349986195560107 0.90263688564300537109 0.00000000000000000000 0.74545449018478393555 0.00000000000000000000 0.03636360168457029862 0.23963129520416259766 0.00000000000000000000 0.98181819915771484375 0.35483869910240167789 0.17499999701976770572 0.88235288858413696289 39100.00000000000000000000
4910.00000000000000000000 0.47678211331367492676 0.00081469997530800005 0.13828919827938079834 0.11366289854049679842 0.88513237237930297852 0.01018329989165060040 0.74248218536376953125 0.00218699988909059999 0.01913609914481639862 0.08320800215005870470 0.00054669997189189996 0.99125212430953979492 0.30375939607620239258 0.10386969894170759721 0.54545450210571289062 32000.00000000000000000000
1592.00000000000000000000 0.48492461442947387695 0.01256280019879340085 0.12939700484275809544 0.08170729875564569644 0.90326631069183360712 0.00000000000000000000 0.77857142686843872070 0.00000000000000000000 0.04642859846353530190 0.01754390075802799917 0.01607139967381950030 0.98750001192092895508 0.17192980647087088841 0.05454549938440320100 0.00000000000000000000 66300.00000000000000000000
693.00000000000000000000 0.50505048036575317383 0.01875899918377390077 0.11544010043144220523 0.08163270354270929507 0.92784988880157481805 0.00000000000000000000 0.80816328525543212891 0.00000000000000000000 0.01224489975720640007 0.17785230278968811035 0.01632650010287759954 0.82040822505950927734 0.40939599275588989258 0.25000000000000000000 0.77777779102325439453 17600.00000000000000000000
461.00000000000000000000 0.49674621224403381348 0.74403470754623413086 0.10195229947566980533 0.12068969756364819612 0.92407810688018798828 0.00000000000000000000 0.78911560773849487305 0.00680269999429579993 0.01360539998859159987 0.15028899908065790347 0.70068031549453735352 1.00000000000000000000 0.27167630195617670230 0.12500000000000000000 1.00000000000000000000 27700.00000000000000000000
3175.00000000000000000000 0.49952760338783258609 0.04850390180945390178 0.08094490319490429964 0.03083699941635130101 0.94204717874526977539 0.02519690059125419962 0.90709292888641357422 0.00000000000000000000 0.00599400000646709962 0.02436649985611430078 0.04095900058746330258 0.99300700426101684570 0.01949319988489149960 0.24137930572032920140 0.35294118523597717285 108400.00000000000000000000
564.00000000000000000000 0.46985819935798639468 0.00000000000000000000 0.23581559956073760986 0.17056860029697409886 0.83333331346511840820 0.00000000000000000000 0.63888889551162719727 0.00000000000000000000 0.01190480031073089945 0.20253160595893859863 0.00000000000000000000 0.99206352233886718750 0.29430380463600158691 0.08620689809322350239 0.75000000000000000000 21000.00000000000000000000
18794.00000000000000000000 0.47743961215019220523 0.19123120605945578832 0.13935300707817069310 0.12809289991855621338 0.85463452339172363281 0.02937109954655170094 0.73192942142486572266 0.00441090017557140002 0.03229939937591549959 0.07950229942798610339 0.17344909906387329102 0.99615818262100219727 0.32573670148849487305 0.10047850012779230289 0.41584160923957819156 46200.00000000000000000000
2205.00000000000000000000 0.44852611422538757324 0.00045349998981690000 0.27482989430427551270 0.20970390737056729402 0.80997729301452636719 0.03809519857168189999 0.65572029352188110352 0.00000000000000000000 0.01059320010244839926 0.13473880290985099095 0.00000000000000000000 1.00000000000000000000 0.30614119768142700195 0.04926110059022899973 0.53571432828903198242 20400.00000000000000000000
436.00000000000000000000 0.46788990497589111328 0.00000000000000000000 0.05045869946479789730 0.06034480035305019724 0.80045872926712036133 0.14449539780616760254 0.78409087657928466797 0.00000000000000000000 0.02272729948163030103 0.04347829893231389825 0.00000000000000000000 1.00000000000000000000 0.36956518888473510742 0.46774190664291381836 0.00000000000000000000 14999.00000000000000000000
18945.00000000000000000000 0.48714700341224670410 0.11306410282850259952 0.07912380248308180375 0.08254429697990410542 0.81404060125350952148 0.01504349987953900077 0.67787259817123413086 0.00932370033115140044 0.07852920144796370072 0.08131259679794310136 0.10610640048980710115 0.97150361537933360712 0.46628060936927789859 0.05766529962420460093 0.46666669845581049136 59200.00000000000000000000
2051.00000000000000000000 0.50170648097991943359 0.05070700123906130008 0.10433930158615109529 0.08708409965038299561 0.92150169610977161749 0.00000000000000000000 0.81392240524291992188 0.00535479979589580015 0.02141899988055220166 0.05800760164856910012 0.05354750156402580258 0.99732261896133422852 0.24968470633029929417 0.08904109895229339600 0.88888889551162719727 61200.00000000000000000000
201.00000000000000000000 0.44278609752655029297 0.00000000000000000000 0.27363181114196777344 0.17857140302658081055 0.87064677476882934570 0.00000000000000000000 0.71428567171096801758 0.00000000000000000000 0.00000000000000000000 0.13333329558372489232 0.00000000000000000000 1.00000000000000000000 0.28571429848670959473 0.00000000000000000000 0.16666670143604270238 14999.00000000000000000000
1037.00000000000000000000 0.44648021459579467773 0.00482159992679950019 0.21600769460201260652 0.18466900289058679752 0.67020249366760253906 0.08486019819974889578 0.53811657428741455078 0.00448430003598329976 0.08744390308856959948 0.26036480069160461426 0.00224220007657999990 0.99551570415496837274 0.33665010333061218262 0.03004289977252479898 0.14285710453987118806 105300.00000000000000000000
7259.00000000000000000000 0.48463979363441467285 0.00234190002083770011 0.17509299516677850894 0.11333870142698279637 0.89847087860107421875 0.00123980001080780007 0.77041548490524291992 0.00107450003270050001 0.02614610083401200033 0.04350810125470160050 0.00250719999894490021 0.98818051815032958984 0.19561490416526788882 0.04464289918541899937 0.41666668653488159180 104700.00000000000000000000
1354.00000000000000000000 0.49704578518867492676 0.00000000000000000000 0.10930579900741570210 0.09838470071554179797 0.90546530485153198242 0.00000000000000000000 0.74487471580505371094 0.00227789999917140003 0.03189070150256149982 0.02227170020341870046 0.00000000000000000000 0.99316632747650157587 0.16926500201225280762 0.14117650687694549561 0.00000000000000000000 36100.00000000000000000000
1001.00000000000000000000 0.46053948998451227359 0.00999000016599889927 0.18481519818305969238 0.13888889551162719727 0.87212789058685302734 0.00000000000000000000 0.70975607633590698242 0.00487799989059559992 0.01219510007649659937 0.10087720304727550158 0.00487799989059559992 0.98048782348632801398 0.24780699610710141267 0.07142859697341910619 0.00000000000000000000 27200.00000000000000000000
12113.00000000000000000000 0.48798811435699457340 0.00833810027688739949 0.13712540268898010254 0.09351819753646850586 0.94683402776718139648 0.00000000000000000000 0.86337959766387939453 0.00102720002178100000 0.02028759941458700006 0.02185380086302749977 0.00693369982764120013 0.97971242666244517938 0.06681740283966060290 0.14671809971332550049 0.64999997615814208984 172300.00000000000000000000
16987.00000000000000000000 0.48902100324630737305 0.02242890000343319978 0.11602990329265590319 0.06163590028882019733 0.95578968524932861328 0.00194270000793029998 0.88425147533416748047 0.00055649998830629998 0.01335559971630569977 0.03404410183429709691 0.01131519954651589999 0.98701542615890502930 0.04766169935464849988 0.15116280317306510228 0.36619719862937927246 423300.00000000000000000000
4222.00000000000000000000 0.48507818579673761539 0.00378970010206099986 0.12932260334491729736 0.09521619975566859850 0.88417810201644897461 0.00000000000000000000 0.74734210968017578125 0.00875550042837850047 0.03752350062131880326 0.02141980081796639873 0.00312700006179509986 0.99624770879745483398 0.19828639924526209048 0.03990609943866729736 0.40000000596046447754 60800.00000000000000000000
4906.00000000000000000000 0.50958007574081420898 0.03159400075674050068 0.08275579661130899600 0.06359100341796869449 0.94048100709915161133 0.00000000000000000000 0.86114490032196044922 0.00182699994184069999 0.02679659985005850009 0.02840239927172660134 0.02923260070383540063 0.98721069097518920898 0.04615379869937889790 0.16216219961643218994 0.52631580829620361328 132600.00000000000000000000
622.00000000000000000000 0.48874598741531372070 0.00000000000000000000 0.11093249917030330309 0.09119500219821929932 0.89228302240371704102 0.00000000000000000000 0.73949581384658813477 0.00000000000000000000 0.02100840024650089954 0.04032260179519649851 0.00000000000000000000 0.99579828977584838867 0.29435479640960687808 0.02272729948163030103 0.20000000298023221101 31800.00000000000000000000
153.00000000000000000000 0.45098039507865900211 0.00000000000000000000 0.26797389984130859375 0.17857140302658081055 0.78431367874145507812 0.00000000000000000000 0.54929578304290771484 0.00000000000000000000 0.01408450026065109946 0.54487180709838867188 0.00000000000000000000 0.98591548204421997070 0.49358969926834100894 0.10000000149011610551 0.66666668653488159180 21600.00000000000000000000
859.00000000000000000000 0.49359720945358270816 0.00465659983456130026 0.14086149632930750064 0.11264369636774060335 0.89639121294021606445 0.00000000000000000000 0.74440890550613403320 0.00319489999674260009 0.02236419916152949938 0.05438069999217980122 0.00638979999348520018 0.99680507183074962274 0.15709969401359549779 0.11111109703779220581 1.00000000000000000000 28900.00000000000000000000
7592.00000000000000000000 0.47220760583877557925 0.00513699976727360029 0.18150679767131799869 0.13975539803504941072 0.82744991779327392578 0.02239199914038179917 0.66863709688186645508 0.00131359999068079991 0.03908050060272209858 0.03394670039415349783 0.00525450007990000030 0.99474549293518077508 0.32011419534683227539 0.01833179965615270093 0.50000000000000000000 95900.00000000000000000000
4352.00000000000000000000 0.44898900389671320132 0.00045960000716140000 0.22931990027427670564 0.17556299269199371338 0.81364887952804565430 0.04733460023999210009 0.68129330873489379883 0.00635100016370409963 0.02424939908087250101 0.05510089918971060319 0.00057739997282619995 0.99364900588989257812 0.29296240210533142090 0.04263570159673690102 0.53333330154418945312 33000.00000000000000000000
568.00000000000000000000 0.52464789152145385742 0.00000000000000000000 0.08978869765996930208 0.09259259700775139545 0.90140849351882923468 0.02464790083467960011 0.78735631704330444336 0.00574709987267850008 0.02873560041189189909 0.10309279710054390644 0.00000000000000000000 0.32183909416198730469 0.49484539031982421875 0.22499999403953549471 0.33333331346511840820 19000.00000000000000000000
5110.00000000000000000000 0.48375728726387018375 0.00900200009345999974 0.13561640679836270418 0.06368459761142729325 0.90998041629791259766 0.02426609955728049883 0.85086709260940551758 0.00231210002675649989 0.03294799849390980112 0.03567450121045109834 0.00635839998722069998 0.98728317022323597296 0.04793760180473320004 0.08196719735860820422 0.35714289546012878418 276300.00000000000000000000
116.00000000000000000000 0.44827589392662048340 0.00000000000000000000 0.16379310190677640047 0.21875000000000000000 0.87068969011306762695 0.00000000000000000000 0.65116280317306518555 0.00000000000000000000 0.00000000000000000000 0.15686270594596860017 0.00000000000000000000 1.00000000000000000000 0.31372550129890441895 0.00000000000000000000 0.00000000000000000000 14999.00000000000000000000
480.00000000000000000000 0.48541671037673950195 0.00000000000000000000 0.20000000298023221101 0.14574900269508359041 0.85000002384185791016 0.00000000000000000000 0.66666668653488159180 0.00505049992352719999 0.02525250054895869858 0.13537119328975669164 0.00000000000000000000 0.99494951963424682617 0.36244541406631469727 0.07812500000000000000 1.00000000000000000000 27400.00000000000000000000
4604.00000000000000000000 0.47784540057182312012 0.05299739912152290344 0.10295400023460379857 0.07404329627752299914 0.79105132818222045898 0.08101650327444069599 0.73161977529525756836 0.00119550002273169993 0.06575009971857069535 0.07415609806776039814 0.04961150139570229961 0.99222952127456676141 0.23519650101661679353 0.05000000074505799724 0.26086959242820739746 67000.00000000000000000000
710.00000000000000000000 0.48732390999794000797 0.00000000000000000000 0.24225349724292749576 0.16208790242671961002 0.84647887945175170898 0.00000000000000000000 0.65686267614364624023 0.00326799997128539993 0.00653589982539409982 0.13802820444107050113 0.00000000000000000000 0.99019610881805419922 0.25633800029754638672 0.21428570151329040527 0.66666668653488159180 19700.00000000000000000000
294.00000000000000000000 0.47959178686141967773 0.03401359915733329770 0.17346939444541931152 0.16339869797229761295 0.86734688282012939453 0.00000000000000000000 0.67826092243194580078 0.00000000000000000000 0.01739129982888689904 0.07999999821186060123 0.03478259965777390217 1.00000000000000000000 0.31999999284744262695 0.23809519410133359041 0.50000000000000000000 14999.00000000000000000000
109.00000000000000000000 0.56880730390548706055 0.00000000000000000000 0.00917430035769930055 0.00000000000000000000 0.84403669834136962891 0.00000000000000000000 0.67346942424774169922 0.00000000000000000000 0.02040820010006420132 0.95224171876907359735 0.00000000000000000000 0.97959178686141956671 0.84210532903671264648 0.08571430295705789737 1.00000000000000000000 103100.00000000000000000000
370.00000000000000000000 0.49189189076423639468 0.00000000000000000000 0.24594590067863458804 0.13829790055751800537 0.88108110427856445312 0.00000000000000000000 0.72435897588729858398 0.00000000000000000000 0.00641029980033630022 0.23529410362243649568 0.00000000000000000000 0.98717951774597156867 0.41666668653488159180 0.14814810454845420140 0.83333331346511840820 14999.00000000000000000000
3294.00000000000000000000 0.34395870566368097476 0.00971459969878189951 0.08621740341186520662 0.03007869981229300063 0.48573160171508789062 0.33788710832595819644 0.66085791587829589844 0.00536190019920460004 0.17158180475234979800 0.01712780073285100069 0.00134049996267999994 0.99463808536529541016 0.26482209563255310059 0.23423419892787930574 0.50000000000000000000 51100.00000000000000000000
395.00000000000000000000 0.47341769933700561523 0.00000000000000000000 0.21012659370899200439 0.15384620428085318822 0.83291137218475341797 0.00000000000000000000 0.63313609361648559570 0.00000000000000000000 0.02366860024631019938 0.06629829853773110127 0.00000000000000000000 1.00000000000000000000 0.28729280829429620914 0.07407409697771069612 0.00000000000000000000 16400.00000000000000000000
507.00000000000000000000 0.44773179292678827457 0.00000000000000000000 0.26232740283012390137 0.17142860591411590576 0.82051277160644531250 0.00000000000000000000 0.60633480548858642578 0.00000000000000000000 0.01809949986636629968 0.08298759907484050402 0.00000000000000000000 0.99547511339187622070 0.33195018768310541324 0.08620689809322350239 1.00000000000000000000 14999.00000000000000000000
25399.00000000000000000000 0.46919170022010797672 0.00657510012388220003 0.16228990256786340884 0.11229790002107620239 0.63238710165023803711 0.13185560703277579564 0.56674522161483764648 0.00417830003425470001 0.11067070066928859362 0.03594300150871269917 0.00342829991132019996 0.99603599309921264648 0.38173928856849670410 0.06297820061445230655 0.34146338701248168945 37300.00000000000000000000
6308.00000000000000000000 0.47178190946578979492 0.01252380013465879960 0.15995560586452481355 0.08943580090999600496 0.69990491867065429688 0.14410269260406491365 0.64494967460632324219 0.00524700013920660017 0.05902929976582520222 0.05962169915437690038 0.00918230041861529955 0.92566680908203125000 0.43708878755569458008 0.08888889849185939440 0.30434781312942499332 42500.00000000000000000000
1447.00000000000000000000 0.45196959376335138492 0.00000000000000000000 0.21838289499282831363 0.18537199497222900391 0.82515549659729003906 0.01451279968023299997 0.65024632215499877930 0.00656809983775010018 0.02463050000369540124 0.06880729645490639423 0.00000000000000000000 0.99835801124572765008 0.38990831375122070312 0.07555560022592540392 0.33333331346511840820 16600.00000000000000000000
12215.00000000000000000000 0.50413429737091064453 0.08849769830703729800 0.09553830325603479556 0.06785540282726279515 0.87220627069473266602 0.00818669982254499953 0.74040579795837402344 0.00708869984373450019 0.06550969928503029560 0.04638690128922459688 0.10290879756212230334 0.79589337110519409180 0.48461538553237909488 0.20566500723361968994 0.12195120006799689549 194000.00000000000000000000
86.00000000000000000000 0.53488367795944213867 0.00000000000000000000 0.22093020379543298892 0.25000000000000000000 0.72093021869659423828 0.00000000000000000000 0.50000000000000000000 0.02500000037252899862 0.05000000074505799724 0.29824560880661010742 0.00000000000000000000 1.00000000000000000000 0.22807019948959350586 0.00000000000000000000 1.00000000000000000000 14999.00000000000000000000
686.00000000000000000000 0.45481050014495849609 0.00000000000000000000 0.18221570551395410709 0.16577540338039389867 0.76239067316055297852 0.00874639954417939965 0.57516342401504516602 0.00980389956384889946 0.07189539819955820255 0.31390130519866937808 0.00000000000000000000 0.99346411228179920538 0.32286998629570007324 0.04040399938821789827 0.60000002384185791016 37700.00000000000000000000
89.00000000000000000000 0.47191008925437927246 0.00000000000000000000 0.32584270834922790527 0.17021280527114859837 0.89887642860412597656 0.00000000000000000000 0.76923078298568725586 0.00000000000000000000 0.00000000000000000000 0.07142859697341910619 0.00000000000000000000 1.00000000000000000000 0.16666670143604270238 0.00000000000000000000 1.00000000000000000000 14999.00000000000000000000
598.00000000000000000000 0.46822738647460937500 0.00000000000000000000 0.21070230007171630859 0.15094339847564688939 0.85953181982040405273 0.00000000000000000000 0.68852460384368896484 0.00409840000793330016 0.02459019981324669923 0.03937010094523429871 0.00000000000000000000 0.99590158462524402960 0.11811020225286479601 0.11627910286188120059 0.00000000000000000000 20200.00000000000000000000
124.00000000000000000000 0.45967739820480341129 0.00000000000000000000 0.39516130089759821109 0.19402989745140070132 0.86290317773818969727 0.00000000000000000000 0.69090908765792846680 0.00000000000000000000 0.00000000000000000000 0.06779660284519190006 0.00000000000000000000 1.00000000000000000000 0.27118641138076782227 0.00000000000000000000 0.00000000000000000000 20300.00000000000000000000
1291.00000000000000000000 0.45701009035110468082 0.30209138989448547363 0.20681640505790710449 0.18830239772796630859 0.81022459268569946289 0.09837339818477630615 0.75170838832855224609 0.00000000000000000000 0.02050109952688209877 0.11313129961490629716 0.25512531399726867676 0.99772208929061878546 0.28484851121902460269 0.07368420064449310303 0.33333331346511840820 25600.00000000000000000000
168.00000000000000000000 0.45238101482391357422 0.00000000000000000000 0.20238099992275229710 0.13043479621410369873 0.83333331346511840820 0.00000000000000000000 0.63999998569488525391 0.00000000000000000000 0.01333330012857909981 0.09638550132513039326 0.00000000000000000000 1.00000000000000000000 0.32530120015144348145 0.05000000074505799724 0.50000000000000000000 24000.00000000000000000000
1549.00000000000000000000 0.54422211647033691406 0.07811489701271050190 0.11620400100946419453 0.14022660255432128906 0.78566819429397583008 0.11943189799785609850 0.73512482643127441406 0.00000000000000000000 0.01727450080215929898 0.10327020287513730135 0.00383879989385600001 1.00000000000000000000 0.38726329803466791324 0.09000000357627860326 0.63636362552642822266 18000.00000000000000000000
1487.00000000000000000000 0.49831879138946527652 0.22326830029487609863 0.09616679698228830508 0.09249330312013620548 0.87491589784622192383 0.03833220154047010247 0.77727270126342773438 0.00227269995957609999 0.05227269977331160111 0.06183369830250740051 0.21363639831542968750 0.75227272510528564453 0.19616200029850000552 0.22727270424365988988 0.85714292526245117188 54100.00000000000000000000
3273.00000000000000000000 0.49495878815650939941 0.02352580055594440112 0.07118850201368330521 0.06715060025453560566 0.94775438308715820312 0.00305530009791250010 0.86263740062713623047 0.00549450004473320004 0.02637360058724879872 0.23011839389801019840 0.02857140079140660024 0.98351651430130004883 0.47631129622459411621 0.30386739969253540039 0.80000001192092895508 17300.00000000000000000000
4252.00000000000000000000 0.46613359451293939761 0.03151459991931909732 0.19896520674228659886 0.15770930051803588867 0.84783631563186645508 0.03480710089206690006 0.71562498807907104492 0.00374999991618090020 0.01750000007450579903 0.09909909963607779759 0.02999999932944770117 0.91187500953674316406 0.36430180072784418277 0.11854679882526389378 0.63999998569488525391 33800.00000000000000000000
1434.00000000000000000000 0.48117148876190179996 0.01394699979573480082 0.03347279876470560245 0.03763439878821370210 0.27824270725250238590 0.66945612430572509766 0.67597770690917968750 0.00000000000000000000 0.05027930065989490160 0.16355140507221219148 0.00000000000000000000 1.00000000000000000000 0.22429910302162170410 0.08888889849185939440 0.80000001192092895508 30000.00000000000000000000
5474.00000000000000000000 0.49324080348014831543 0.00036539998836810001 0.09408109635114669800 0.07714489847421640567 0.90336132049560557977 0.01297040004283180059 0.78652292490005493164 0.00431270012632010025 0.02479780092835420086 0.06265790015459060669 0.00053909997222939998 0.81347709894180297852 0.32036378979682922363 0.16187049448490140047 0.52631580829620361328 39200.00000000000000000000
2998.00000000000000000000 0.49066039919853210449 0.00000000000000000000 0.10340230166912070531 0.07465620338916770238 0.91961312294006358758 0.01534359995275729957 0.79275202751159667969 0.00000000000000000000 0.01358999963849779995 0.12747040390968319978 0.00000000000000000000 0.98074752092361439093 0.30138340592384338379 0.11194030195474620470 0.94444441795349121094 39300.00000000000000000000
2457.00000000000000000000 0.49857550859451288394 0.05209609866142270174 0.09808710217475889726 0.08522730320692059602 0.92429792881011962891 0.00569800008088350036 0.81056702136993408203 0.00257729995064430017 0.02061860077083110115 0.04901960119605060229 0.05541240051388739846 0.70360821485519409180 0.41666668653488159180 0.19047619402408599854 0.00000000000000000000 40100.00000000000000000000
128.00000000000000000000 0.52343750000000000000 0.00000000000000000000 0.16406250000000000000 0.06557379662990570068 0.91406250000000000000 0.00000000000000000000 0.76086962223052978516 0.00000000000000000000 0.00000000000000000000 0.07999999821186060123 0.00000000000000000000 1.00000000000000000000 0.31999999284744262695 0.28571429848670959473 1.00000000000000000000 14999.00000000000000000000
512.00000000000000000000 0.43554690480232238770 0.93945312500000000000 0.10937500000000000000 0.14878889918327328767 0.89648437500000000000 0.00000000000000000000 0.73118281364440917969 0.00000000000000000000 0.01612900011241430107 0.09268289804458609837 0.93548387289047241211 0.98924732208251964227 0.27804881334304809570 0.21428570151329040527 0.00000000000000000000 15700.00000000000000000000
4349.00000000000000000000 0.47735109925270080566 0.00413889996707429968 0.16394570469856259431 0.12626479566097259521 0.80478268861770629883 0.01655549928545950109 0.63522011041641235352 0.00514579983428120006 0.06403660029172890400 0.03689429908990859985 0.00457399990409609967 0.93196111917495716437 0.43226870894432067871 0.07757580280303949527 0.30769228935241699219 51200.00000000000000000000
428.00000000000000000000 0.50934582948684692383 0.00000000000000000000 0.22196260094642639160 0.15238100290298459139 0.86448597908020019531 0.00000000000000000000 0.70949721336364746094 0.00000000000000000000 0.03351959958672520029 0.10945270210504530473 0.00000000000000000000 1.00000000000000000000 0.50248759984970092773 0.04347829893231389825 0.87500000000000000000 14999.00000000000000000000
20337.00000000000000000000 0.51187491416931152344 0.05639969930052750324 0.11240600049495690083 0.08965449780225749621 0.84983038902282714844 0.02065199986100189899 0.69672608375549316406 0.00760009977966539987 0.05246999859809869937 0.11119770258665080676 0.05831630155444140345 0.71952652931213378906 0.54078978300094604492 0.21077479422092429417 0.45360821485519409180 33900.00000000000000000000
161.00000000000000000000 0.44720500707626342773 0.00000000000000000000 0.42236021161079401187 0.29213479161262512207 0.78260868787765502930 0.00000000000000000000 0.59302330017089843750 0.00000000000000000000 0.00000000000000000000 0.38571429252624511719 0.00000000000000000000 1.00000000000000000000 0.26428571343421930484 0.00000000000000000000 0.92307692766189575195 14999.00000000000000000000
79.00000000000000000000 0.51898729801177978516 0.00000000000000000000 0.34177219867706298828 0.21052630245685569066 0.78481012582778930664 0.00000000000000000000 0.60000002384185791016 0.00000000000000000000 0.02500000037252899862 0.28571429848670959473 0.00000000000000000000 1.00000000000000000000 0.23214289546012870091 0.00000000000000000000 1.00000000000000000000 14999.00000000000000000000
210.00000000000000000000 0.44761899113655090332 0.00000000000000000000 0.11904759705066679520 0.11206900328397749467 0.91904759407043457031 0.00000000000000000000 0.78666669130325317383 0.00000000000000000000 0.01333330012857909981 0.12790699303150168675 0.00000000000000000000 0.98666667938232421875 0.38372090458869928531 0.22222219407558441162 1.00000000000000000000 16000.00000000000000000000
2828.00000000000000000000 0.46994340419769281558 0.00176799995824689993 0.19519090652465820312 0.21280850470066070557 0.77545970678329467773 0.09759549796581259984 0.70503598451614379883 0.00411099987104529985 0.04624870046973220128 0.05625610053539269878 0.00000000000000000000 0.97430628538131724969 0.34044620394706720523 0.14799149334430689029 0.36363640427589410953 63000.00000000000000000000
6632.00000000000000000000 0.49050059914588928223 0.01296740025281900056 0.10524729639291760530 0.08819179981946939639 0.90395051240921020508 0.01145960018038739980 0.79059642553329467773 0.00435349997133009994 0.02612099982798090150 0.06435850262641899799 0.00914239976555100003 0.95298218727111816406 0.29531571269035339355 0.15131579339504239168 0.67441862821578979492 35800.00000000000000000000
583.00000000000000000000 0.49571180343627929688 0.00000000000000000000 0.12006860226392740421 0.08503399789333339343 0.91423672437667835577 0.00000000000000000000 0.78082191944122314453 0.00000000000000000000 0.00913240015506740048 0.06808509677648540148 0.00000000000000000000 0.99543380737304676398 0.16595740616321560945 0.03999999910593030061 0.33333331346511840820 36600.00000000000000000000
2972.00000000000000000000 0.47207269072532648257 0.00201880000531670005 0.21399730443954459447 0.16188660264015189427 0.82907128334045410156 0.00403770012781019989 0.65266561508178710938 0.00242329994216560016 0.04119550064206119883 0.04401540011167520000 0.00161549996118990008 0.99192249774932861328 0.24864859879016870670 0.07286430150270460648 0.33333331346511840820 48200.00000000000000000000
86835.00000000000000000000 0.48496571183204650879 0.00263720005750650013 0.06504289805889129639 0.03942039981484409678 0.67539590597152709961 0.08901940286159509830 0.69229149818420410156 0.00323459994979200015 0.17929010093212119359 0.03145090118050569705 0.00243650004267690007 0.96551138162612915039 0.46207991242408752441 0.18057890236377710513 0.38095238804817199707 54600.00000000000000000000
1415.00000000000000000000 0.45088338851928710938 0.77597171068191528320 0.14911660552024841309 0.15186619758605948705 0.86501771211624145508 0.00000000000000000000 0.68819189071655273438 0.00553510012105100022 0.03136530146002759756 0.09515859931707379427 0.72693729400634765625 0.99446487426757801398 0.29549250006675720215 0.11650490015745160188 0.81818181276321411133 17900.00000000000000000000
282.00000000000000000000 0.50000000000000000000 0.00000000000000000000 0.17021280527114859837 0.10638300329446789827 0.85460990667343139648 0.00000000000000000000 0.65094339847564697266 0.00943399965763089959 0.02830190025269979995 0.18461540341377249974 0.00000000000000000000 1.00000000000000000000 0.33076921105384821109 0.13793100416660308838 0.75000000000000000000 25800.00000000000000000000
53310.00000000000000000000 0.47859689593315118961 0.00999809987843030060 0.09122119843959800023 0.07155709713697429308 0.79285311698913574219 0.00840369984507560036 0.62642532587051391602 0.00457009999081489995 0.08665160089731209492 0.08234020322561259875 0.00909500010311600077 0.97601807117462158203 0.43678110837936401367 0.04668429866433140146 0.06206899881362910182 73500.00000000000000000000
5341.00000000000000000000 0.49035760760307312012 0.02209319919347759939 0.14154650270938870515 0.07825130224227899722 0.84310048818588256836 0.00000000000000000000 0.71121948957443237305 0.00048779998905950001 0.08487799763679500231 0.05442800000309939989 0.01658540032804009870 0.96731710433959960938 0.13745389878749839085 0.08443269878625869751 0.55000001192092895508 264400.00000000000000000000
9532.00000000000000000000 0.47408729791641229800 0.00262270006351170018 0.18652960658073419742 0.14781570434570309724 0.78336131572723388672 0.05329420045018189861 0.64883029460906982422 0.00564670003950589958 0.05646679922938339924 0.06440249830484390259 0.00215109996497629989 0.99515998363494884149 0.38062891364097589664 0.05763339996337889931 0.51428568363189697266 66600.00000000000000000000
1871.00000000000000000000 0.45750939846038818359 0.00000000000000000000 0.22340990602970120515 0.16847290098667139224 0.82896852493286132812 0.01977550052106380116 0.67938929796218872070 0.00381679995916779993 0.03180659934878340284 0.05072459951043119947 0.00000000000000000000 0.99491089582443237305 0.23429949581623069066 0.04736839979887000340 1.00000000000000000000 35400.00000000000000000000
1083.00000000000000000000 0.45244690775871271304 0.00000000000000000000 0.36657428741455078125 0.24114669859409329500 0.78947371244430541992 0.03970450162887569773 0.63104838132858276367 0.00000000000000000000 0.00403229985386129985 0.12829530239105219058 0.00000000000000000000 1.00000000000000000000 0.29701229929924011230 0.05263160169124599802 1.00000000000000000000 14999.00000000000000000000
27208.00000000000000000000 0.46879589557647699527 0.04480300098657599706 0.17274330556392669678 0.13146060705184930972 0.82622760534286499023 0.01848720014095300151 0.66684871912002563477 0.00473329983651629965 0.03959580138325689835 0.06716480106115339799 0.03468050062656399812 0.99080651998519897461 0.31688889861106872559 0.07305389642715449938 0.53225809335708618164 28000.00000000000000000000
602.00000000000000000000 0.46677741408348077945 0.52325582504272460938 0.09468439966440199418 0.09968850016593930330 0.94352161884307861328 0.00000000000000000000 0.82456141710281372070 0.00000000000000000000 0.02339180000126360112 0.07567570358514780215 0.47368419170379638672 1.00000000000000000000 0.23243239521980280093 0.28571429848670959473 1.00000000000000000000 26900.00000000000000000000
1289.00000000000000000000 0.49107840657234191895 0.00077580002835020000 0.12257560342550269383 0.07774390280246730456 0.90224981307983398438 0.00000000000000000000 0.77924942970275878906 0.00882999971508970083 0.03532009944319720179 0.03821659833192819766 0.00000000000000000000 0.96909487247467041016 0.30360931158065790347 0.21999999880790710449 0.20000000298023221101 37200.00000000000000000000
26301.00000000000000000000 0.47367021441459650211 0.06862860172986980090 0.11615529656410210346 0.09152639657258980488 0.77403897047042846680 0.05034029856324190311 0.66218662261962890625 0.00343149993568649982 0.08187969774007790302 0.08199159801006310200 0.05947960168123239688 0.98188918828964244501 0.37985649704933160953 0.04606239870190619728 0.33463039994239801578 55000.00000000000000000000
372.00000000000000000000 0.51075267791748046875 0.00000000000000000000 0.16397850215435019749 0.12087909877300259676 0.86559140682220458984 0.00000000000000000000 0.71523177623748779297 0.00662249978631729991 0.03973510116338729858 0.02580649964511389990 0.00000000000000000000 1.00000000000000000000 0.25806450843811029605 0.10714290291070929784 1.00000000000000000000 30300.00000000000000000000
2305.00000000000000000000 0.47852489352226257324 0.00433839997276659964 0.14750540256500241365 0.11647249758243559403 0.83297181129455566406 0.00954450014978639946 0.65683060884475708008 0.00109290005639190000 0.04699449986219399883 0.02763020060956470139 0.00437160022556780034 0.99234968423843383789 0.25504779815673828125 0.03424660116434089657 0.50000000000000000000 135700.00000000000000000000
541.00000000000000000000 0.46395561099052429199 0.00739370007067910017 0.16081330180168149080 0.09655170142650600085 0.76709800958633422852 0.13123840093612670898 0.74175822734832763672 0.00549450004473320004 0.02747249975800510058 0.13333329558372489232 0.00549450004473320004 0.99450552463531483038 0.27142861485481262207 0.07500000298023219714 1.00000000000000000000 18300.00000000000000000000
1196.00000000000000000000 0.45652168989181518555 0.00083610002184280002 0.22658860683441159334 0.14153850078582760896 0.89715719223022460938 0.00000000000000000000 0.75890988111495971680 0.00209639989770939996 0.00838570017367600007 0.04600000008940689777 0.00000000000000000000 1.00000000000000000000 0.20600000023841849583 0.09615380316972729768 1.00000000000000000000 27400.00000000000000000000
831.00000000000000000000 0.47412759065628051758 0.00120339996647080005 0.12755720317363739014 0.10755150020122519749 0.87364619970321655273 0.00000000000000000000 0.71884977817535400391 0.01277959998697040037 0.03194890171289439806 0.04863220080733290235 0.00319489999674260009 0.99041527509689319952 0.21276600658893579654 0.12500000000000000000 0.66666668653488159180 26600.00000000000000000000
113.00000000000000000000 0.53097349405288696289 0.00000000000000000000 0.14159290492534629124 0.07547169923782340306 0.91150438785552978516 0.00000000000000000000 0.79069769382476806641 0.00000000000000000000 0.02325580082833759998 0.06521739810705179385 0.00000000000000000000 1.00000000000000000000 0.19565220177173608951 0.00000000000000000000 0.00000000000000000000 31300.00000000000000000000
406.00000000000000000000 0.48275861144065851382 0.00000000000000000000 0.20197039842605590820 0.15238100290298459139 0.85960590839385986328 0.00000000000000000000 0.68263471126556396484 0.00598799996078010037 0.01796410046517839948 0.10215049982070920076 0.00000000000000000000 1.00000000000000000000 0.23655909299850461092 0.07500000298023219714 0.40000000596046447754 24200.00000000000000000000
203.00000000000000000000 0.50246310234069824219 0.00492609990760680024 0.15270939469337460603 0.07920789718627929688 0.91132998466491699219 0.00000000000000000000 0.80000001192092895508 0.00000000000000000000 0.03999999910593030061 0.10714290291070929784 0.00000000000000000000 1.00000000000000000000 0.09523809701204299927 0.05000000074505799724 0.00000000000000000000 31000.00000000000000000000
2024.00000000000000000000 0.47233200073242187500 0.00049409997882320002 0.21541500091552728824 0.16853930056095120515 0.83596837520599365234 0.04298419877886770074 0.72156858444213867188 0.00392160005867480017 0.03137249872088430230 0.02298850007355210043 0.00000000000000000000 0.99738562107086181641 0.23243929445743560791 0.03365379944443699922 0.50000000000000000000 33000.00000000000000000000
87.00000000000000000000 0.48275861144065851382 0.00000000000000000000 0.09195400029420849886 0.06666669994592659687 0.97701150178909301758 0.00000000000000000000 0.92857140302658081055 0.00000000000000000000 0.00000000000000000000 0.15151520073413848877 0.00000000000000000000 1.00000000000000000000 0.33333331346511840820 0.00000000000000000000 1.00000000000000000000 14999.00000000000000000000
5093.00000000000000000000 0.45611619949340820312 0.49656391143798828125 0.16041630506515500154 0.15523469448089599609 0.85784411430358886719 0.03259380161762229916 0.71890687942504882812 0.00334629998542359999 0.02119350060820570161 0.09077080339193339953 0.42777469754219049625 0.99163407087326038702 0.32555779814720148257 0.15772360563278189916 0.52499997615814208984 26300.00000000000000000000
1708.00000000000000000000 0.49355968832969659976 0.00761120021343229987 0.13056209683418271150 0.07861270010471339831 0.94613581895828235968 0.00000000000000000000 0.86677628755569458008 0.00164469995070239995 0.01809209957718840162 0.02564099989831439969 0.00493420008569950014 0.91611838340759277344 0.02083330042660230114 0.33333331346511840820 0.57142859697341918945 141300.00000000000000000000
521.00000000000000000000 0.48176580667495727539 0.00383879989385600001 0.16890600323677060213 0.13703699409961700439 0.86372357606887817383 0.00000000000000000000 0.68020302057266235352 0.00507610011845819990 0.03045690059661860030 0.15811969339847559146 0.00507610011845819990 0.93908631801605224609 0.41880339384078979492 0.22033900022506711092 1.00000000000000000000 22700.00000000000000000000
303.00000000000000000000 0.50495052337646484375 0.00000000000000000000 0.09570959955453869905 0.09333329647779460558 0.86138612031936645508 0.00000000000000000000 0.73873871564865112305 0.01801799982786169915 0.06306309998035429520 0.05932199954986570184 0.00000000000000000000 1.00000000000000000000 0.19491529464721679688 0.03846149891614909777 0.00000000000000000000 38600.00000000000000000000
1664.00000000000000000000 0.44170668721199030093 0.00600960012525319966 0.18810099363327020816 0.16361680626869198885 0.80168271064758300781 0.07031250000000000000 0.69075632095336914062 0.00840339995920649958 0.02857140079140660024 0.07894740253686899356 0.00336130009964100010 0.99831932783126842157 0.27554181218147277832 0.05128210037946699662 0.50000000000000000000 50600.00000000000000000000
68.00000000000000000000 0.50000000000000000000 0.00000000000000000000 0.26470589637756347656 0.11764709651470180163 0.72058820724487304688 0.00000000000000000000 0.45454549789428710938 0.00000000000000000000 0.03030299954116339942 0.36538460850715631656 0.00000000000000000000 1.00000000000000000000 0.21153849363327020816 0.25000000000000000000 0.66666668653488159180 14999.00000000000000000000
13713.00000000000000000000 0.50324511528015136719 0.02851309999823569905 0.06548529863357539782 0.05651789903640740131 0.93480640649795521124 0.00167719996534279993 0.85291790962219238281 0.00844999961554999957 0.04832319915294640278 0.01941999979317179936 0.02614209987223140019 0.64325320720672607422 0.25660279393196100406 0.36602869629859918765 0.36000001430511469058 135000.00000000000000000000
2339.00000000000000000000 0.48781529068946838379 0.00940569955855600007 0.11671649664640419697 0.08848080039024350252 0.90765279531478881836 0.00000000000000000000 0.80044591426849365234 0.00668899994343510017 0.03121520020067690068 0.04675880074501029965 0.00557410018518559973 0.99554067850112915039 0.21360260248184201326 0.11382109671831129594 0.72727268934249877930 41300.00000000000000000000
94.00000000000000000000 0.47872340679168701172 0.00000000000000000000 0.13829790055751800537 0.10204079747200009431 0.90425527095794677734 0.00000000000000000000 0.74193549156188964844 0.00000000000000000000 0.03225810080766670224 0.24390240013599390201 0.00000000000000000000 1.00000000000000000000 0.21951219439506530762 0.50000000000000000000 0.00000000000000000000 14999.00000000000000000000
2092.00000000000000000000 0.48757168650627130679 0.00000000000000000000 0.17017209529876708984 0.11287309974431990189 0.90678781270980834961 0.00764819979667660018 0.75862067937850952148 0.00143679999746380003 0.01580459997057909877 0.15018320083618161287 0.00000000000000000000 0.98275858163833618164 0.25396829843521118164 0.17808219790458679199 0.76666671037673950195 32200.00000000000000000000
413.00000000000000000000 0.49394670128822321109 0.00000000000000000000 0.13317190110683441162 0.02870810031890860120 0.93946731090545643195 0.00000000000000000000 0.86231881380081176758 0.00000000000000000000 0.03623190149664869825 0.04166670143604270238 0.00000000000000000000 1.00000000000000000000 0.01388890016823999922 0.00000000000000000000 0.00000000000000000000 228800.00000000000000000000
54555.00000000000000000000 0.48791131377220148257 0.02788010053336619984 0.09900099784135810155 0.08100370317697519473 0.81053978204727172852 0.02533219940960399971 0.66146749258041381836 0.00452239997684949959 0.06294420361518859863 0.06779660284519190006 0.02487310022115700112 0.99160128831863403320 0.40041300654411310367 0.03595560044050209736 0.38860100507736200504 64000.00000000000000000000
222.00000000000000000000 0.45945951342582702637 0.00000000000000000000 0.12612609565258020572 0.13333329558372489232 0.90990990400314319952 0.00000000000000000000 0.75641030073165893555 0.00000000000000000000 0.01282049994915719984 0.07142859697341910619 0.00000000000000000000 0.97435897588729858398 0.25000000000000000000 0.40000000596046447754 0.50000000000000000000 28400.00000000000000000000
679.00000000000000000000 0.41237109899520868472 0.11340209841728210449 0.30927839875221252441 0.26566419005393981934 0.70986747741699218750 0.16789400577545160465 0.67234039306640625000 0.00000000000000000000 0.02553189918398849831 0.15770609676837921143 0.07234039902687069978 1.00000000000000000000 0.29749101400375360660 0.11627910286188120059 0.00000000000000000000 17400.00000000000000000000
86.00000000000000000000 0.51162791252136230469 0.02325580082833759998 0.20930230617523190584 0.09523809701204299927 0.86046510934829711914 0.00000000000000000000 0.72413790225982666016 0.03448279947042459659 0.06896550208330150256 0.12121210247278209338 0.00000000000000000000 0.96551722288131724969 0.09090910106897349963 0.00000000000000000000 1.00000000000000000000 14999.00000000000000000000
487.00000000000000000000 0.47022590041160577945 0.00000000000000000000 0.18275150656700128726 0.15503880381584159154 0.88090348243713378906 0.00000000000000000000 0.71052628755569458008 0.00526320002973069967 0.01052630040794609936 0.04522610083222380201 0.00000000000000000000 0.99473679065704356805 0.22613069415092459935 0.11538460105657570576 0.00000000000000000000 24400.00000000000000000000
1803.00000000000000000000 0.46589019894599909000 0.00000000000000000000 0.22684410214424130525 0.18483899533748621158 0.81530779600143432617 0.02440379932522769926 0.63710778951644897461 0.00136430002748959994 0.03001360036432739950 0.19005520641803738680 0.00000000000000000000 0.99045020341873157843 0.38563540577888488770 0.17777779698371878880 0.50000000000000000000 20600.00000000000000000000
37.00000000000000000000 0.59459459781646728516 0.00000000000000000000 0.16216219961643218994 0.00000000000000000000 0.70270270109176635742 0.00000000000000000000 0.46666669845581049136 0.00000000000000000000 0.20000000298023221101 0.57142859697341918945 0.00000000000000000000 1.00000000000000000000 0.74285709857940673828 0.33333331346511840820 0.50000000000000000000 21300.00000000000000000000
321.00000000000000000000 0.47040501236915588379 0.00000000000000000000 0.11526480317115779528 0.10000000149011610551 0.91900312900543201788 0.00000000000000000000 0.80434781312942504883 0.03260869905352589693 0.03260869905352589693 0.11538460105657570576 0.00000000000000000000 0.98913037776947021484 0.18269230425357810277 0.19047619402408599854 0.00000000000000000000 14999.00000000000000000000
17567.00000000000000000000 0.44765749573707580566 0.35748851299285888672 0.18705530464649200439 0.16025969386100769043 0.82097107172012329102 0.01690669916570180023 0.65495562553405761719 0.00314419995993370010 0.03472319990396489919 0.07592219859361640233 0.29760769009590148926 0.99302798509597778320 0.35472458600997919254 0.08918750286102289371 0.59740257263183593750 36300.00000000000000000000
588.00000000000000000000 0.50170069932937622070 0.02891159988939760034 0.20918369293212890625 0.14675770699977869205 0.87414968013763427734 0.00000000000000000000 0.70416671037673950195 0.00000000000000000000 0.01250000018626449931 0.18088740110397338867 0.03333330154418939761 0.89583331346511840820 0.29692828655242919922 0.12280700355768199572 0.60000002384185791016 15700.00000000000000000000
976.00000000000000000000 0.49180328845977777652 0.20184430480003351382 0.17622950673103329744 0.15725809335708609837 0.79200822114944458008 0.06557379662990570068 0.66843497753143310547 0.01061009988188739948 0.03183019906282420070 0.13926939666271209717 0.16976130008697509766 0.99469500780105601923 0.17579910159111020174 0.06730770319700239701 1.00000000000000000000 37700.00000000000000000000
496.00000000000000000000 0.44354841113090509586 0.00201610010117290019 0.23991939425468439273 0.13768120110034939851 0.87701612710952758789 0.00000000000000000000 0.73303169012069702148 0.00000000000000000000 0.00904980022460219989 0.03070179931819429914 0.00000000000000000000 1.00000000000000000000 0.02631580084562299901 0.00000000000000000000 0.00000000000000000000 61600.00000000000000000000
663.00000000000000000000 0.46606329083442687988 0.00000000000000000000 0.32277530431747430972 0.19774009287357330322 0.79034692049026489258 0.00000000000000000000 0.59316772222518920898 0.00310559989884490011 0.02173909917473789907 0.11780820041894909944 0.00000000000000000000 0.99689441919326782227 0.34246578812599182129 0.02752289921045299875 0.66666668653488159180 14999.00000000000000000000
3119.00000000000000000000 0.48573258519172668457 0.24879769980907440186 0.09073419868946069888 0.10099750012159340595 0.87848669290542602539 0.01859569922089570129 0.75499999523162841797 0.00600000005215399999 0.05700000002980230157 0.06279289722442620014 0.23000000417232510652 0.96399998664855957031 0.38144329190254211426 0.16339869797229761295 0.81818181276321411133 36500.00000000000000000000
7419.00000000000000000000 0.51785951852798461914 0.00673949997872110018 0.11241409927606579866 0.09057869762182230167 0.90173882246017456055 0.01698339916765689850 0.77636528015136718750 0.00282489997334769982 0.03342749923467629863 0.05767520144581789882 0.00988699961453669979 0.53860640525817871094 0.51508432626724243164 0.30527499318122858218 0.60000002384185791016 27700.00000000000000000000
153.00000000000000000000 0.47058820724487299136 0.06535950303077689427 0.08496730029582970356 0.09876540303230280093 0.89542478322982788086 0.00000000000000000000 0.76785707473754882812 0.00000000000000000000 0.01785710081458090001 0.03448279947042459659 0.03571429848670949758 0.98214292526245117188 0.10344830155372619629 0.28571429848670959473 0.00000000000000000000 63000.00000000000000000000
586.00000000000000000000 0.45392489433288568668 0.00511950021609659973 0.19112630188465110082 0.14374999701976770572 0.82764512300491333008 0.00000000000000000000 0.63265311717987060547 0.00000000000000000000 0.04081629961729049683 0.06130269914865490305 0.00408159988000980026 0.99591839313507080078 0.36781609058380121402 0.13684210181236258763 0.00000000000000000000 35800.00000000000000000000
1181.00000000000000000000 0.50719732046127319336 0.00000000000000000000 0.06604570150375360660 0.06701029837131500244 0.87722271680831909180 0.02794240042567249990 0.74769228696823120117 0.00923079997301099950 0.06769230216741560502 0.07407409697771069612 0.00000000000000000000 0.92000001668930042609 0.38176640868186950684 0.10000000149011610551 0.00000000000000000000 81300.00000000000000000000
5671.00000000000000000000 0.46799510717391967773 0.00052900001173829996 0.19520370662212369051 0.14252570271491998843 0.82225358486175537109 0.02257099933922290108 0.66341257095336914062 0.00381999998353419997 0.02631580084562299901 0.06730010360479349307 0.00042440000106580002 0.99405771493911743164 0.30839270353317260742 0.05970149859786030161 0.52173912525177001953 28500.00000000000000000000
84770.00000000000000000000 0.49223780632019037418 0.21442730724811551180 0.09412530064582820544 0.07757359743118280582 0.62680190801620483398 0.11343640089035030016 0.54482519626617431641 0.00338299991562960017 0.15524369478225699681 0.07755430042743680086 0.18622350692749020662 0.96137702465057361945 0.44720870256423950195 0.05032860115170469800 0.39047619700431818179 47800.00000000000000000000
892.00000000000000000000 0.46412560343742370605 0.48878920078277587891 0.13789239525794980135 0.14016740024089810457 0.87443947792053222656 0.00000000000000000000 0.69452452659606933594 0.00000000000000000000 0.01729110069572920017 0.11704830080270760273 0.45244958996772760562 0.99135452508926402704 0.36132320761680597476 0.10000000149011610551 0.50000000000000000000 25200.00000000000000000000
8816.00000000000000000000 0.46551719307899469547 0.43920150399208068848 0.10934659838676449861 0.08404070138931270251 0.85004538297653198242 0.00000000000000000000 0.67813539505004882812 0.00305219995789219982 0.03856829926371570239 0.03867699950933450176 0.40871250629425048828 0.99195337295532237665 0.29954650998115539551 0.05045279860496520302 0.18750000000000000000 47300.00000000000000000000
7831.00000000000000000000 0.45434808731079101562 0.00114930002018799994 0.24977649748325339574 0.16990399360656729955 0.81981867551803588867 0.01123739965260019992 0.65239870548248291016 0.00143639999441800008 0.02901469916105270039 0.03009190037846560042 0.00086179998470469995 0.99626541137695323602 0.18500980734825128726 0.02407000027596949837 0.30769228935241699219 77400.00000000000000000000
1201.00000000000000000000 0.50374692678451538086 0.18651120364665979556 0.10074940323829649491 0.08221480250358580155 0.91673612594604481085 0.00000000000000000000 0.79404467344284057617 0.00248140003532169992 0.03473950177431100322 0.09029349684715269608 0.15136480331420890111 0.99007439613342285156 0.34085780382156372070 0.14953270554542538728 0.33333331346511840820 39300.00000000000000000000
2087.00000000000000000000 0.45903208851814270020 0.00047920001088640001 0.22568279504776000977 0.17183350026607510652 0.85769051313400268555 0.00000000000000000000 0.67873299121856689453 0.00113119999878100001 0.01131219975650309996 0.09979630261659619417 0.00113119999878100001 0.99660629034042358398 0.38594698905944818668 0.12068969756364819612 0.70370370149612426758 17800.00000000000000000000
908.00000000000000000000 0.47136560082435607910 0.00110130000393829993 0.23127749562263488770 0.15833330154418939761 0.82488989830017089844 0.00000000000000000000 0.63390660285949707031 0.00245700008235870014 0.02456999942660329991 0.10352420061826700382 0.00245700008235870014 0.99262899160385120734 0.31938329339027399234 0.06918240338563909353 0.66666668653488159180 26900.00000000000000000000
970.00000000000000000000 0.49381440877914428711 0.01649479940533630021 0.08247420191764830155 0.08553969860076900134 0.93608248233795154913 0.00000000000000000000 0.83430230617523193359 0.00000000000000000000 0.01453489996492859926 0.04444440081715580332 0.02034880034625529896 0.99709302186965942383 0.16666670143604270238 0.07692310214042659411 0.25000000000000000000 46300.00000000000000000000
2060.00000000000000000000 0.49854370951652521304 0.00194170000031590006 0.14174759387969970703 0.12487900257110590152 0.87912619113922119141 0.02038829959928980043 0.74285709857940673828 0.00272110011428589992 0.01904759928584090142 0.10909090191125869751 0.00408159988000980026 0.91428571939468383789 0.31515151262283319644 0.13023260235786429662 0.80000001192092895508 34500.00000000000000000000
645.00000000000000000000 0.51162791252136230469 0.00000000000000000000 0.06821709871292110094 0.03492059931159009756 0.92248058319091796875 0.00000000000000000000 0.84792631864547729492 0.01843320019543169888 0.04147469997406000308 0.12145750224590300126 0.00000000000000000000 0.94470047950744640008 0.20242910087108609285 0.05882349982857699999 0.62500000000000000000 52100.00000000000000000000
291.00000000000000000000 0.49140891432762140445 0.01374570000916710069 0.07903780043125149812 0.05405410006642340226 0.92439860105514515265 0.00000000000000000000 0.78431367874145507812 0.00000000000000000000 0.00000000000000000000 0.08108109980821609497 0.00980389956384889946 1.00000000000000000000 0.17117120325565329808 0.35714289546012878418 1.00000000000000000000 38100.00000000000000000000
560.00000000000000000000 0.47142860293388361148 0.00000000000000000000 0.19642859697341918945 0.13851350545883178711 0.89464288949966430664 0.00000000000000000000 0.73660707473754882812 0.00000000000000000000 0.00000000000000000000 0.16104869544506070222 0.00000000000000000000 1.00000000000000000000 0.18352060019969940186 0.05555560067296019811 0.80000001192092895508 19600.00000000000000000000
12249.00000000000000000000 0.47954940795898437500 0.02890029922127719877 0.12907180190086359195 0.10196080058813089542 0.87501019239425659180 0.01632790081202980040 0.75321400165557861328 0.00344350002706050005 0.04522499814629549891 0.03968250006437300248 0.02226809971034519886 0.97176307439804077148 0.23302470147609710693 0.06532180309295650134 0.38181820511817932129 148200.00000000000000000000
2840.00000000000000000000 0.49330988526344299316 0.00176060001831500009 0.11725349724292749576 0.07088260352611540360 0.90457749366760242804 0.00246479990892110000 0.76774847507476806641 0.00507100019603960034 0.02535500004887579831 0.20866769552230829410 0.00202840007841579998 0.41683569550514221191 0.26966288685798639468 0.22164049744606009740 0.75999999046325683594 22000.00000000000000000000
19692.00000000000000000000 0.49202719330787658691 0.00614459998905649962 0.10420480370521539859 0.05938220024108879780 0.94916719198226917609 0.00477349990978829988 0.87594330310821533203 0.00045280001359060000 0.01116809993982310033 0.02644729986786839918 0.00528219994157550030 0.99532151222229003906 0.04951509833335870220 0.06828189641237250584 0.22222219407558441162 100900.00000000000000000000
2207.00000000000000000000 0.47439959645271301270 0.00045309998677109999 0.20570909976959220189 0.12413790076971049914 0.86089712381362915039 0.00000000000000000000 0.68992251157760620117 0.00553710013627999997 0.02214840054512020109 0.09609609842300409488 0.00110740005038669994 0.99778521060943603516 0.20420420169830319490 0.07920789718627929688 0.60000002384185791016 35400.00000000000000000000
1616.00000000000000000000 0.48700499534606928043 0.97957921028137195929 0.04269799962639800328 0.04704460129141799923 0.93935638666152965204 0.00000000000000000000 0.79759037494659423828 0.00240959995426229994 0.02409639954566950015 0.02810299955308430062 0.97831332683563243524 0.97349399328231800421 0.59718972444534301758 0.37621361017227167300 0.00000000000000000000 53800.00000000000000000000
7579.00000000000000000000 0.47156620025634760074 0.00277079991064960000 0.11281169950962059711 0.08539330214262000340 0.84351497888565063477 0.00000000000000000000 0.67517167329788208008 0.00556100020185110004 0.04874059930443760263 0.03503790125250810100 0.00196269992738960005 0.98855090141296397821 0.31912881135940551758 0.04114490002393719759 0.42105260491371149234 48900.00000000000000000000
11598.00000000000000000000 0.54362821578979492188 0.07828939706087109651 0.18261769413948059082 0.16890229284763330631 0.65416449308395385742 0.23029829561710349339 0.67271268367767333984 0.00426780013367530041 0.02427309937775129836 0.09181199967861169986 0.00693520018830889960 0.99573218822479236945 0.36312979459762567691 0.07630520313978189639 0.34666669368743890933 37400.00000000000000000000
2075.00000000000000000000 0.48048189282417297363 0.00000000000000000000 0.13204820454120630435 0.09740260243415829744 0.90168672800064075812 0.00000000000000000000 0.77530860900878906250 0.00246910005807869995 0.02345680072903629995 0.04255320131778710102 0.00000000000000000000 0.99753087759017944336 0.24349880218505859375 0.02061860077083110115 0.00000000000000000000 42200.00000000000000000000
1359.00000000000000000000 0.48565119504928588867 0.00220749992877240005 0.19205300509929648656 0.13304719328880310059 0.87932300567626953125 0.00000000000000000000 0.73056060075759887695 0.00000000000000000000 0.02712479978799819946 0.04655170068144789952 0.00361660006456069986 0.99276667833328235968 0.20689660310745239258 0.02409639954566950015 1.00000000000000000000 39900.00000000000000000000
333.00000000000000000000 0.50750750303268432617 0.00000000000000000000 0.14714710414409629124 0.05487800016999239833 0.91891890764236439093 0.00000000000000000000 0.78151261806488037109 0.00000000000000000000 0.00840339995920649958 0.07751940190792079577 0.00000000000000000000 0.97478991746902476923 0.24031010270118710603 0.11111109703779220581 0.50000000000000000000 33600.00000000000000000000
341.00000000000000000000 0.43401759862899780273 0.00293259997852139990 0.17888559401035308838 0.12953369319438928775 0.86803519725799560547 0.00000000000000000000 0.72535210847854614258 0.00704229995608319972 0.03521129861474030232 0.08387099951505659623 0.00704229995608319972 1.00000000000000000000 0.15483869612216949463 0.11111109703779220581 0.66666668653488159180 17600.00000000000000000000
1230.00000000000000000000 0.44715449213981628418 0.00325200008228419997 0.26991870999336242676 0.20588240027427670564 0.80569112300872802734 0.05121950060129160098 0.67729079723358154297 0.00199200003407890014 0.02390439994633190152 0.08892919868230819702 0.00000000000000000000 1.00000000000000000000 0.19600729644298550691 0.07920789718627929688 0.62500000000000000000 23400.00000000000000000000
460.00000000000000000000 0.46956521272659301758 0.11086960136890409989 0.13695649802684781160 0.10245899856090540103 0.85217392444610595703 0.00000000000000000000 0.70391058921813964844 0.00000000000000000000 0.07262569665908809313 0.15165880322456359863 0.10055869817733760485 0.98882681131362915039 0.41706159710884088687 0.07692310214042659411 1.00000000000000000000 78400.00000000000000000000
1449.00000000000000000000 0.53140097856521606445 0.00345070008188479984 0.05175980180501930233 0.01472750026732680059 0.62318837642669677734 0.00828159973025320052 0.48099419474601740054 0.00438599986955520021 0.19883039593696588687 0.70440798997879028320 0.00146199995651839993 0.99122810363769520148 0.57000857591629028320 0.01197599992156020074 0.50000000000000000000 349200.00000000000000000000
6509.00000000000000000000 0.47641730308532709293 0.25195878744125360660 0.09325549751520149921 0.08890850096940990099 0.90551537275314319952 0.01167610008269539916 0.79216730594635009766 0.00267020007595409996 0.02358699962496749875 0.08323130011558529939 0.22296400368213650789 0.99732977151870716437 0.30885350704193109683 0.14081999659538269043 0.50000000000000000000 35200.00000000000000000000
4196.00000000000000000000 0.45066729187965387515 0.00023829999554430000 0.26906579732894897461 0.21171370148658749666 0.79694950580596923828 0.04504289850592609751 0.64306277036666870117 0.00172709999606010002 0.02072539925575250103 0.03820599988102910127 0.00000000000000000000 0.99827289581298839227 0.31007748842239379883 0.05633800104260439784 0.40909090638160700015 30200.00000000000000000000
1698.00000000000000000000 0.49234390258789062500 0.00412249984219670036 0.05477029830217360062 0.04524359852075569843 0.94699651002883922235 0.00000000000000000000 0.85765117406845092773 0.00177940004505210006 0.01423489954322569931 0.03602059930562970247 0.00355869997292750009 0.99822062253952037469 0.11492279917001720080 0.06382980197668070010 0.12500000000000000000 43800.00000000000000000000
575.00000000000000000000 0.50260871648788452148 0.00000000000000000000 0.20000000298023221101 0.10139860212802880024 0.78956520557403564453 0.09391299635171890259 0.71627908945083618164 0.00930230040103189985 0.01395350042730559952 0.08510640263557429919 0.00000000000000000000 0.99069768190383922235 0.14468090236186981201 0.13157890737056729402 1.00000000000000000000 14999.00000000000000000000
991.00000000000000000000 0.48536831140518188477 0.01210900023579590014 0.07164479792118069734 0.06274510174989700317 0.89707368612289428711 0.00000000000000000000 0.77844309806823730469 0.00598799996078010037 0.05688619986176490090 0.06442580372095099706 0.00598799996078010037 0.98802399635314941406 0.33893561363220209293 0.23595510423183441162 0.40000000596046447754 44600.00000000000000000000
2342.00000000000000000000 0.47480788826942438297 0.00341590004973109981 0.15883859992027279939 0.12764230370521539859 0.85866779088973999023 0.00000000000000000000 0.67405760288238525391 0.00221730000339439995 0.02549890056252469839 0.06818179786205290360 0.00221730000339439995 0.98337030410766601562 0.28305789828300470523 0.13945579528808590974 0.30000001192092889957 23100.00000000000000000000
1307.00000000000000000000 0.48737570643424987793 0.00000000000000000000 0.16832439601421350650 0.12835820019245139378 0.85386377573013305664 0.00306040002033110010 0.69097888469696044922 0.00383879989385600001 0.04030710086226459848 0.05786620080471029798 0.00000000000000000000 0.99808061122894276007 0.28209760785102838687 0.04511279985308640217 1.00000000000000000000 42700.00000000000000000000
1453.00000000000000000000 0.49759119749069208316 0.00757050001993769990 0.16724020242691040039 0.07397259771823880281 0.83275979757308959961 0.01514109969139089927 0.68909090757369995117 0.00727269984781740014 0.06363639980554580688 0.07094590365886679906 0.00545450020581480025 0.95999997854232799188 0.57432430982589721680 0.09708739817142479633 0.50000000000000000000 137500.00000000000000000000
768.00000000000000000000 0.47526040673255920410 0.00130210001952940006 0.17187500000000000000 0.16873450577259060945 0.86718750000000000000 0.00000000000000000000 0.69155842065811157227 0.00000000000000000000 0.02272729948163030103 0.08605340123176570544 0.00000000000000000000 0.99350649118423461914 0.16320469975471491031 0.01694919914007179951 1.00000000000000000000 27300.00000000000000000000
16433.00000000000000000000 0.45299088954925531558 0.58236479759216308594 0.15882679820060729980 0.15441089868545529451 0.82693362236022949219 0.03371270000934600136 0.67797440290451049805 0.00422010011970990005 0.03668240085244169751 0.10723079741001119436 0.52686250209808349609 0.99318289756774902344 0.36443990468978881836 0.11603990197181700272 0.50793647766113281250 30600.00000000000000000000
765.00000000000000000000 0.48104581236839288882 0.00915030017495149957 0.10849670320749280061 0.07808560132980339741 0.86274510622024536133 0.02614380046725270010 0.74339622259140014648 0.00377360009588300011 0.05660380050539969704 0.08304499834775920519 0.00377360009588300011 0.98867917060852039679 0.13840830326080319490 0.12244900315999980578 0.00000000000000000000 71600.00000000000000000000
1576.00000000000000000000 0.47715741395950317383 0.00380710000172250007 0.11421319842338560624 0.08737859874963760376 0.83819800615310668945 0.00000000000000000000 0.69158881902694702148 0.00778819993138309997 0.06853579729795450382 0.07359310239553450150 0.00311530008912079982 0.99844241142272960321 0.33333331346511840820 0.03370790183544149915 0.53846150636672973633 85400.00000000000000000000
11432.00000000000000000000 0.47848150134086608887 0.01618259958922859884 0.14179499447345730867 0.11187519878149029817 0.86668998003005981445 0.01040939986705780029 0.72200000286102294922 0.00244439998641610015 0.02822219952940940163 0.02723740041255949887 0.01333330012857909981 0.99511110782623279913 0.21076519787311551180 0.03230889886617659829 0.23809519410133359041 66800.00000000000000000000
40552.00000000000000000000 0.46821370720863342285 0.17219869792461389713 0.17335769534111020174 0.12511010468006131258 0.76773029565811157227 0.05272239819169040331 0.62485367059707641602 0.00412590010091659978 0.04944889992475499929 0.09284400194883339619 0.14440539479255670718 0.97419792413711558954 0.34411489963531488590 0.08094079792499539461 0.62655597925186157227 31900.00000000000000000000
6474.00000000000000000000 0.49258568882942199707 0.00169910001568490004 0.06919989734888069843 0.04048709943890570206 0.92199569940567016602 0.00000000000000000000 0.79679918289184570312 0.00387970008887349995 0.03297770023345940327 0.06144740059971799673 0.00096989999292410002 0.97866147756576538086 0.37824308872222900391 0.11925289779901500353 0.32352939248085021973 64800.00000000000000000000
634.00000000000000000000 0.50000000000000000000 0.00000000000000000000 0.11987379938364020604 0.03470030054450030238 0.91009461879730224609 0.00000000000000000000 0.78666669130325317383 0.01333330012857909981 0.03111110068857669830 0.06250000000000000000 0.00000000000000000000 1.00000000000000000000 0.30416670441627502441 0.03846149891614909777 0.50000000000000000000 23600.00000000000000000000
54732.00000000000000000000 0.46574220061302179507 0.24879409372806549072 0.14426660537719721011 0.12749220430850979890 0.85487467050552368164 0.01986039988696569961 0.71891528367996215820 0.00490870000794520027 0.03574319928884499981 0.05464949831366529981 0.21955870091915130615 0.99547249078750599249 0.36826458573341369629 0.09527610242366789384 0.38378378748893737793 40300.00000000000000000000
3230.00000000000000000000 0.50990712642669677734 0.05232200026512139751 0.14241489768028259277 0.08717619627714150166 0.81547987461090087891 0.10092879831790919909 0.79473680257797241211 0.00526320002973069967 0.02192980051040640047 0.05079099908471099850 0.03245609998703000154 0.99649119377136241571 0.16403000056743619051 0.05597009882330890307 0.04347829893231389825 55200.00000000000000000000
361.00000000000000000000 0.50138497352600097656 0.00000000000000000000 0.11911360174417490176 0.08333329856395720048 0.88919669389724731445 0.00000000000000000000 0.73529410362243652344 0.00000000000000000000 0.02941180020570750148 0.06206899881362910182 0.00000000000000000000 1.00000000000000000000 0.10344830155372619629 0.09677419811487189549 1.00000000000000000000 49800.00000000000000000000
280.00000000000000000000 0.47857138514518737793 0.00000000000000000000 0.22857140004634848851 0.13698630034923550691 0.82142859697341918945 0.00000000000000000000 0.68103450536727905273 0.01724139973521229829 0.06034480035305019724 0.12781949341297149658 0.00000000000000000000 1.00000000000000000000 0.15037590265274039525 0.12500000000000000000 0.00000000000000000000 14999.00000000000000000000
1168.00000000000000000000 0.49743148684501647949 0.00000000000000000000 0.10273969918489450626 0.08688250184059140291 0.90753418207168579102 0.00000000000000000000 0.79950499534606933594 0.00495050009340040030 0.04950499907135959970 0.06912440061569209704 0.00000000000000000000 0.88366341590881347656 0.30414751172065729312 0.27848100662231439761 0.36363640427589410953 40400.00000000000000000000
1317.00000000000000000000 0.46393319964408868961 0.00000000000000000000 0.22930899262428280916 0.19263459742069238834 0.83295369148254394531 0.00000000000000000000 0.64075988531112670898 0.00345419999212020004 0.01727120019495479927 0.22902800142765039615 0.00000000000000000000 0.99481868743896484375 0.37017309665679931641 0.10067109763622279772 0.64285707473754882812 14999.00000000000000000000
1568.00000000000000000000 0.50829082727432250977 0.00063780002528799999 0.08801019936800000276 0.07263290137052530460 0.89604592323303222656 0.00000000000000000000 0.76245212554931640625 0.01149430032819499965 0.05172409862279889886 0.12416110187768930606 0.00000000000000000000 0.89272028207778930664 0.41610738635063171387 0.18333329260349270906 0.33333331346511840820 27800.00000000000000000000
562.00000000000000000000 0.51957297325134277344 0.00000000000000000000 0.17437720298767089844 0.16666670143604270238 0.87544482946395874023 0.00000000000000000000 0.68720382452011108398 0.00473929988220329976 0.01421799976378670081 0.35276070237159729004 0.00000000000000000000 0.98104268312454223633 0.28527608513832092285 0.21739129722118369359 0.66666668653488159180 17300.00000000000000000000
1619.00000000000000000000 0.46571961045265197754 0.07782579958438870515 0.23224210739135739412 0.17919079959392539281 0.80790609121322631836 0.04879559949040410127 0.66250002384185791016 0.00156250002328299996 0.02031249925494189867 0.14780290424823760986 0.07656250149011610551 0.94531250000000000000 0.38082560896873468570 0.10416670143604270238 0.80000001192092895508 14999.00000000000000000000
4720.00000000000000000000 0.47499999403953552246 0.00021189999824849999 0.15911020338535308838 0.12711860239505759496 0.84343218803405761719 0.03559320047497740308 0.70455861091613769531 0.00230809999629849995 0.02769760042428969990 0.06222939863800999727 0.00000000000000000000 0.99596077203750599249 0.29166668653488159180 0.04424779862165449662 0.50000000000000000000 50100.00000000000000000000
439.00000000000000000000 0.48519361019134521484 0.00000000000000000000 0.11161729693412779374 0.07079649716615669941 0.89293849468231201172 0.00000000000000000000 0.75595241785049438477 0.00000000000000000000 0.03571429848670949758 0.03999999910593030061 0.00000000000000000000 0.97619050741195678711 0.30285710096359247379 0.11428570002317420262 0.00000000000000000000 30900.00000000000000000000
1775.00000000000000000000 0.47887319326400751285 0.00056339998263859996 0.26760560274124139957 0.19783779978752130679 0.77521127462387084961 0.05859149992465970125 0.62176871299743652344 0.00000000000000000000 0.02040820010006420132 0.11338959634304039692 0.00136049999855449998 1.00000000000000000000 0.34499400854110717773 0.04761900007724759881 0.78947371244430541992 22300.00000000000000000000
159.00000000000000000000 0.50943398475646972656 0.00000000000000000000 0.18867920339107510652 0.15384620428085318822 0.81761008501052856445 0.00000000000000000000 0.60563379526138305664 0.00000000000000000000 0.01408450026065109946 0.33644860982894897461 0.00000000000000000000 1.00000000000000000000 0.53271031379699707031 0.00000000000000000000 1.00000000000000000000 14999.00000000000000000000
952.00000000000000000000 0.47373950481414789371 0.00000000000000000000 0.30882349610328668765 0.20159679651260370425 0.78571432828903198242 0.02626050077378749847 0.61722487211227416992 0.00239229993894689991 0.03827749937772750161 0.13457560539245599918 0.00000000000000000000 0.98803830146789561883 0.34368529915809631348 0.08695650100707999486 0.80000001192092895508 22400.00000000000000000000
2906.00000000000000000000 0.46042668819427490234 0.00068820000160479998 0.18203720450401300601 0.15051020681858059969 0.84033042192459106445 0.00378530006855719997 0.66666668653488159180 0.00506330002099270038 0.03797470033168789949 0.03814940154552459717 0.00000000000000000000 0.99662452936172485352 0.30194810032844537906 0.05450240150094030206 0.25000000000000000000 52400.00000000000000000000
28176.00000000000000000000 0.49943208694458007812 0.03226149827241889950 0.06977570056915280428 0.05374360084533690018 0.80504679679870605469 0.00362009997479610006 0.65842998027801513672 0.00258699990808960003 0.11025869846343989977 0.04571380093693729746 0.03175739943981169960 0.95352357625961303711 0.34834429621696472168 0.04317669942975040087 0.14788730442523950748 329500.00000000000000000000
1043.00000000000000000000 0.46308720111846918277 0.00191750004887580004 0.17162029445171350650 0.14107139408588409424 0.87344199419021606445 0.00000000000000000000 0.70167058706283569336 0.00477330014109610037 0.01193320006132119956 0.06263980269432059544 0.00000000000000000000 1.00000000000000000000 0.21252800524234768953 0.07619050145149229569 0.40000000596046447754 34500.00000000000000000000
10084.00000000000000000000 0.47243160009384149722 0.20388729870319360904 0.16332800686359399966 0.11710529774427409777 0.81059098243713378906 0.05236019939184179822 0.69484591484069824219 0.00245429994538419981 0.05617669969797130236 0.06406330317258830676 0.13880559802055358887 0.89419138431549072266 0.22409389913082120027 0.10999999940395349673 0.33653849363327020816 80900.00000000000000000000
436.00000000000000000000 0.45871558785438537598 0.00000000000000000000 0.10779819637536999788 0.07627119868993749441 0.89449542760848999023 0.00000000000000000000 0.76646709442138671875 0.00000000000000000000 0.03592810034751890008 0.09729730337858200073 0.00000000000000000000 0.98802399635314941406 0.34594589471817011050 0.04347829893231389825 0.00000000000000000000 32000.00000000000000000000
685.00000000000000000000 0.46423360705375671387 0.00000000000000000000 0.22043800354003900699 0.14713899791240689363 0.88759118318557739258 0.00000000000000000000 0.73703700304031372070 0.00370369991287580009 0.00740739982575169993 0.12621359527111050691 0.00000000000000000000 0.99629628658294677734 0.39158579707145690918 0.14925369620323181152 0.50000000000000000000 14999.00000000000000000000
51.00000000000000000000 0.49019610881805419922 0.00000000000000000000 0.03921569883823389918 0.07692310214042659411 0.80392158031463623047 0.00000000000000000000 0.63157892227172851562 0.00000000000000000000 0.15789470076560971346 0.29629629850387567691 0.00000000000000000000 1.00000000000000000000 0.92592591047286998407 0.14285710453987118806 0.00000000000000000000 14999.00000000000000000000
213.00000000000000000000 0.47417840361595148257 0.00000000000000000000 0.27230051159858698062 0.17857140302658081055 0.84037560224533081055 0.00000000000000000000 0.64893621206283569336 0.00000000000000000000 0.01063830032944670066 0.20338979363441458958 0.00000000000000000000 1.00000000000000000000 0.27966099977493280582 0.19047619402408599854 1.00000000000000000000 14999.00000000000000000000
1146.00000000000000000000 0.47033160924911499023 0.00000000000000000000 0.23036649823188778963 0.18121910095214840974 0.79057592153549194336 0.05322860181331629664 0.65442758798599243164 0.00431969994679089978 0.02591790072619910151 0.12806029617786399144 0.00000000000000000000 0.99352049827575683594 0.38041430711746210269 0.06299210339784619417 0.00000000000000000000 22800.00000000000000000000
2166.00000000000000000000 0.47922441363334650211 0.00092339998809620001 0.21837489306926718968 0.17907799780368799381 0.77516162395477294922 0.03231760114431379838 0.60526317358016967773 0.00328950001858169987 0.04714909940958020296 0.05979380011558529939 0.00109649996738880005 0.99890351295471202508 0.37113401293754577637 0.05000000074505799724 0.33333331346511840820 32900.00000000000000000000
2049.00000000000000000000 0.46071249246597290039 0.00292830006219439980 0.18936069309711450748 0.15475110709667200259 0.83455342054367065430 0.00000000000000000000 0.65873020887374877930 0.00907029956579200047 0.03174600005149839921 0.04442039877176279933 0.00113380001857869991 0.99773240089416503906 0.26868909597396850586 0.05067570134997360226 0.50000000000000000000 40200.00000000000000000000
651.00000000000000000000 0.45929339528083801270 0.40092170238494867496 0.17511519789695739746 0.17613640427589410953 0.84024578332901000977 0.00000000000000000000 0.62845849990844726562 0.00395260006189339982 0.03162059932947149793 0.06642069667577739367 0.37944659590721130371 1.00000000000000000000 0.33579340577125549316 0.12500000000000000000 1.00000000000000000000 19400.00000000000000000000
251.00000000000000000000 0.44621509313583368472 0.00000000000000000000 0.19920319318771359529 0.14388489723205560855 0.88047808408737182617 0.00000000000000000000 0.72164952754974365234 0.01030930038541550027 0.02061860077083110115 0.20491799712181091309 0.00000000000000000000 1.00000000000000000000 0.33606559038162231445 0.25000000000000000000 1.00000000000000000000 14999.00000000000000000000
86.00000000000000000000 0.51162791252136230469 0.00000000000000000000 0.00000000000000000000 0.02380950003862379941 0.93023258447647094727 0.00000000000000000000 0.83999997377395629883 0.00000000000000000000 0.07999999821186060123 0.13793100416660308838 0.00000000000000000000 1.00000000000000000000 0.72413790225982666016 0.00000000000000000000 1.00000000000000000000 14999.00000000000000000000
1985.00000000000000000000 0.49219140410423278809 0.00000000000000000000 0.01763219945132729963 0.03273810073733329773 0.97078090906143199579 0.00000000000000000000 0.87980771064758300781 0.00000000000000000000 0.01923079974949359894 0.29251700639724731445 0.00000000000000000000 0.99278849363327037469 0.64625847339630126953 0.52435529232025146484 0.00000000000000000000 14999.00000000000000000000
28583.00000000000000000000 0.46541649103164667300 0.20599660277366629857 0.15050899982452389803 0.13265709578990930728 0.84585237503051757812 0.02200610004365440020 0.70657670497894287109 0.00426020007580509962 0.03070919960737220067 0.07206390053033820409 0.19428420066833490543 0.99476349353790283203 0.33223518729209899902 0.07612930238246909398 0.39583331346511840820 42900.00000000000000000000
6405.00000000000000000000 0.45542541146278381348 0.34504291415214538574 0.13395780324935910310 0.11525230109691619873 0.83606559038162231445 0.00000000000000000000 0.67060619592666625977 0.00457490002736439961 0.05642389878630629796 0.04963770136237140307 0.30308809876441950015 0.99351888895034801141 0.29166668653488159180 0.06225679814815519852 0.69999998807907104492 47600.00000000000000000000
2349.00000000000000000000 0.44274160265922540836 0.83865469694137573242 0.13537679612636560611 0.12223070114850989598 0.91783738136291503906 0.00000000000000000000 0.75273221731185913086 0.00136610004119569993 0.01502730045467609923 0.05304009839892379757 0.77459019422531127930 0.99453550577163696289 0.33764550089836120605 0.24475519359111780338 0.66666668653488159180 15800.00000000000000000000
161.00000000000000000000 0.55900621414184570312 0.00000000000000000000 0.07453420013189310245 0.05633800104260439784 0.92546582221984863281 0.00000000000000000000 0.77551019191741943359 0.00000000000000000000 0.02040820010006420132 0.25757580995559692383 0.00000000000000000000 1.00000000000000000000 0.95454549789428722040 0.22727270424365988988 0.00000000000000000000 14999.00000000000000000000
2469.00000000000000000000 0.46010529994964599609 0.01822599954903119865 0.21061159670352930240 0.16354089975357050113 0.85135680437088012695 0.01377080008387560062 0.67692309617996215820 0.00205129990354179989 0.00923079997301099950 0.17232599854469299316 0.01128210034221410057 0.91076922416687000617 0.39303898811340332031 0.16363640129566189851 0.65517240762710571289 19600.00000000000000000000
100.00000000000000000000 0.50000000000000000000 0.00000000000000000000 0.07000000029802319612 0.01999999955296510173 0.91000002622604359015 0.00000000000000000000 0.80000001192092895508 0.00000000000000000000 0.02500000037252899862 0.00000000000000000000 0.00000000000000000000 1.00000000000000000000 0.05000000074505799724 0.00000000000000000000 0.00000000000000000000 101600.00000000000000000000
116.00000000000000000000 0.50000000000000000000 0.00000000000000000000 0.18103450536727899722 0.15517239272594449129 0.86206901073455810547 0.00000000000000000000 0.71698111295700073242 0.00000000000000000000 0.01886790059506890035 0.13114750385284421053 0.00000000000000000000 0.98113209009170521124 0.37704920768737787418 0.00000000000000000000 1.00000000000000000000 15000.00000000000000000000
42099.00000000000000000000 0.49951308965682977847 0.03753060102462760228 0.09665309637784949559 0.07949689775705330586 0.66633409261703491211 0.09287630021572110262 0.55729842185974121094 0.00420270022004839983 0.12039779871702190051 0.10305280238389960545 0.03172719851136199948 0.98899018764495838507 0.50937092304229736328 0.04195880144834510106 0.30645158886909479312 48200.00000000000000000000
2935.00000000000000000000 0.48517888784408569336 0.00238499999977640018 0.15298129618167868871 0.14162810146808618716 0.85247021913528442383 0.02112440019845960096 0.69267362356185913086 0.00380589999258509979 0.03330159932374950060 0.04714420065283769778 0.00095150002744039998 0.84395807981491088867 0.32638260722160339355 0.12383899837732309512 0.66666668653488159180 39700.00000000000000000000
1881.00000000000000000000 0.45826691389083862305 0.04518869891762729990 0.20946310460567468814 0.14720310270786279849 0.85167461633682250977 0.00000000000000000000 0.66030532121658325195 0.00127230002544820005 0.01145039964467279951 0.11286679655313490434 0.05089059844613069705 0.99872767925262440070 0.28329569101333618164 0.08823529630899429321 0.70588237047195434570 17400.00000000000000000000
1907.00000000000000000000 0.51494491100311279297 0.00052439997671169995 0.12323019653558729691 0.04972970113158219768 0.91033041477203358038 0.00000000000000000000 0.80000001192092895508 0.00567380012944340012 0.03120570071041579852 0.03159340098500249688 0.00000000000000000000 0.95460987091064442023 0.20467029511928550023 0.11111109703779220581 1.00000000000000000000 78800.00000000000000000000
262.00000000000000000000 0.44274809956550598145 0.00000000000000000000 0.17938929796218869295 0.17808219790458679199 0.85877859592437744141 0.06488549709320060033 0.79166668653488159180 0.00000000000000000000 0.00000000000000000000 0.09433960169553749775 0.00000000000000000000 0.98958331346511840820 0.18867920339107510652 0.08695650100707999486 1.00000000000000000000 41300.00000000000000000000
53540.00000000000000000000 0.46981701254844659976 0.16537170112133020572 0.14413520693778988924 0.10924399644136420506 0.81806129217147827148 0.01613749936223030090 0.65563690662384033203 0.00615180004388089959 0.05149830132722849757 0.07719770073890680484 0.15556690096855160799 0.98667097091674804688 0.31485459208488458804 0.07610200345516200671 0.48826289176940917969 26100.00000000000000000000
26540.00000000000000000000 0.65730971097946166992 0.06853809952735899491 0.13018089532852170076 0.10621219873428340563 0.49770158529281610660 0.37155240774154657535 0.63245528936386108398 0.00122830003965640000 0.08311720192432399401 0.19879719614982599429 0.00696060014888639968 0.95032072067260742188 0.41432479023933410645 0.06845559924840920185 0.25984248518943781070 337500.00000000000000000000
22605.00000000000000000000 0.47750499844551080875 0.00371599989011880006 0.15766419470310211182 0.12259759753942489624 0.82977217435836791992 0.01990710012614720081 0.66508287191390991211 0.00309389992617069981 0.03259669989347450253 0.07906790077686309814 0.00298339989967640008 0.95624309778213500977 0.33662360906600952148 0.07626079767942420262 0.43678158521652221680 28300.00000000000000000000
2370.00000000000000000000 0.48607590794563287906 0.00675110006704919986 0.11856540292501449585 0.09359610080718989977 0.88987338542938232422 0.00000000000000000000 0.76374268531799316406 0.00584799982607359971 0.05614040046930310335 0.01949539966881269973 0.00467839976772659993 0.98245608806610118524 0.19380730390548700504 0.06521739810705179385 0.55555558204650878906 153600.00000000000000000000
1467.00000000000000000000 0.44376280903816217593 0.94887530803680419922 0.11383780092000959916 0.13112750649452209473 0.90320378541946400031 0.00000000000000000000 0.71728968620300292969 0.00233640009537330016 0.03738319873809810290 0.04677059873938559792 0.93224298954009998663 0.98831778764724720343 0.44988858699798578433 0.31428569555282592773 0.25000000000000000000 14999.00000000000000000000
326.00000000000000000000 0.48159509897232050113 0.00000000000000000000 0.34969329833984369449 0.11834319680929179797 0.79754602909088134766 0.00000000000000000000 0.64024388790130615234 0.00000000000000000000 0.03658540174365040171 0.92061960697174083368 0.00000000000000000000 0.99390238523483276367 0.10309779644012449784 0.07692310214042659411 0.60869568586349487305 118100.00000000000000000000
704.00000000000000000000 0.45738640427589410953 0.00000000000000000000 0.26704549789428710938 0.20418849587440490723 0.78125000000000000000 0.08522730320692059602 0.67399269342422485352 0.00000000000000000000 0.01831500045955180081 0.10784310102462760228 0.00000000000000000000 1.00000000000000000000 0.36274510622024530582 0.06172839924693099972 1.00000000000000000000 14999.00000000000000000000
9634.00000000000000000000 0.51183307170867919922 0.00477480003610250038 0.08044429868459700150 0.06612800061702719945 0.85208642482757568359 0.00000000000000000000 0.70377361774444580078 0.00404309993609779962 0.07493259757757179951 0.06431269645690909642 0.00458220019936560023 0.99541777372360240594 0.26809579133987421207 0.07242990285158150410 0.62903231382369995117 69800.00000000000000000000
151.00000000000000000000 0.50331127643585205078 0.00000000000000000000 0.14569540321826929263 0.13333329558372489232 0.96026492118835438117 0.00000000000000000000 0.87999999523162841797 0.00000000000000000000 0.00000000000000000000 0.13793100416660308838 0.00000000000000000000 1.00000000000000000000 0.18965519964694971256 0.20000000298023221101 0.00000000000000000000 14999.00000000000000000000
1775.00000000000000000000 0.48619720339775079898 0.00732389977201809966 0.12225349992513649677 0.11184210330247869314 0.82760560512542724609 0.00000000000000000000 0.65288037061691284180 0.01033969968557349982 0.07680950313806529650 0.08882910013198849764 0.00443129986524580001 0.99261450767517078742 0.33781969547271728516 0.06986899673938749833 0.62500000000000000000 52000.00000000000000000000
726.00000000000000000000 0.45316800475120538882 0.00000000000000000000 0.26033058762550348453 0.18387910723686209935 0.82782369852066040039 0.00000000000000000000 0.63580250740051269531 0.00308639998547730011 0.01851850003004069933 0.14736840128898620605 0.00000000000000000000 1.00000000000000000000 0.35263159871101379395 0.05555560067296019811 0.84210532903671264648 14999.00000000000000000000
1200.00000000000000000000 0.46833330392837518863 0.05916669964790340075 0.19666670262813559789 0.16144199669361108951 0.87916672229766845703 0.00000000000000000000 0.73189818859100341797 0.00000000000000000000 0.01565559953451150024 0.05194810032844539988 0.05088059976696959752 0.99021530151367198602 0.23376619815826410465 0.07142859697341910619 1.00000000000000000000 49200.00000000000000000000
3915.00000000000000000000 0.46385699510574340820 0.01021710038185109914 0.17266920208930969238 0.14101949334144589510 0.79438060522079467773 0.00434229988604780022 0.60543411970138549805 0.00472529977560040039 0.05965739861130710253 0.06360620260238640522 0.01063199993222949981 0.98523330688476562500 0.43307518959045410156 0.03652970120310779917 0.45454549789428710938 77100.00000000000000000000
1128.00000000000000000000 0.46542549133300781250 0.00265959999524050016 0.25975179672241210938 0.17247100174427029695 0.86524820327758789062 0.00000000000000000000 0.69311058521270751953 0.00000000000000000000 0.00835070013999929944 0.09962409734725949373 0.00417539989575740032 1.00000000000000000000 0.37781950831413269043 0.07643309980630870470 0.83333331346511840820 25400.00000000000000000000
670.00000000000000000000 0.52089548110961914062 0.00000000000000000000 0.04626870155334469881 0.03738319873809810290 0.92388057708740245477 0.00000000000000000000 0.81463408470153808594 0.00000000000000000000 0.05853660032153119863 0.01442310027778139978 0.00000000000000000000 0.98048782348632801398 0.30288460850715631656 0.25000000000000000000 0.00000000000000000000 74700.00000000000000000000
564.00000000000000000000 0.45744681358337402344 0.05851060152053830232 0.29964539408683771304 0.23856210708618161287 0.76418441534042358398 0.01063830032944670066 0.56727272272109985352 0.00363639998249699978 0.01454550027847290039 0.14062500000000000000 0.05454549938440320100 0.99636358022689819336 0.38124999403953552246 0.05617979913949960186 1.00000000000000000000 14999.00000000000000000000
4108.00000000000000000000 0.44279450178146362305 0.15214219689369198885 0.21032130718231201172 0.19659240543842310123 0.83179157972335815430 0.04065240174531929707 0.69579082727432250977 0.00318880006670949978 0.02104590088129040110 0.09048719704151149401 0.13010199368000030518 0.99489802122116077765 0.31844550371170038394 0.11198429763317099828 0.65217387676239013672 32500.00000000000000000000
225.00000000000000000000 0.49777778983116149902 0.00888890027999869950 0.23111109435558319092 0.18584069609642028809 0.80888891220092773438 0.01777780055999749961 0.62000000476837158203 0.00000000000000000000 0.00999999977648250056 0.23664119839668271150 0.00000000000000000000 0.97000002861022960321 0.28244268894195551090 0.21739129722118369359 0.57142859697341918945 18100.00000000000000000000
354.00000000000000000000 0.50282490253448486328 0.00000000000000000000 0.22598870098590850830 0.17045450210571289062 0.88418078422546386719 0.00000000000000000000 0.73287671804428100586 0.00000000000000000000 0.01369860023260109985 0.16091950237750998753 0.00000000000000000000 0.96575337648391723633 0.39655169844627380371 0.14285710453987118806 0.33333331346511840820 22400.00000000000000000000
5330.00000000000000000000 0.46622890233993530273 0.00037520000478249998 0.20262660086154929417 0.16168719530105590820 0.80487799644470214844 0.02795499935746190157 0.63777369260787963867 0.00273719988763329982 0.03604010120034210202 0.07039859890937799625 0.00045620001037600000 0.99452549219131480829 0.40627649426460260562 0.06469299644231789326 0.52631580829620361328 35200.00000000000000000000
1925.00000000000000000000 0.45610389113426208496 0.00103899999521669993 0.16883119940757748689 0.12989489734172821045 0.83064937591552734375 0.00000000000000000000 0.65169900655746459961 0.00000000000000000000 0.04368929937481880188 0.02253860048949710149 0.00000000000000000000 1.00000000000000000000 0.32384338974952697754 0.04093569889664649963 0.16666670143604270238 60800.00000000000000000000
21624.00000000000000000000 0.46785980463027948550 0.27155008912086481265 0.08777280151844020495 0.07812640070915219392 0.79869592189788818359 0.09836290031671519885 0.74891287088394165039 0.00476930011063810000 0.04657030105590820312 0.09045670181512829866 0.25543549656867980957 0.98442977666854858398 0.29943859577178949527 0.15818379819393149632 0.54838711023330688477 35400.00000000000000000000
589.00000000000000000000 0.50424450635910034180 0.00000000000000000000 0.19185060262680050935 0.13356159627437588777 0.87775892019271850586 0.00000000000000000000 0.72294372320175170898 0.00432900013402100041 0.02164500020444390035 0.07599999755620949482 0.00000000000000000000 1.00000000000000000000 0.13600000739097589664 0.21666669845581049136 0.50000000000000000000 24400.00000000000000000000
5011.00000000000000000000 0.48134100437164301090 0.00000000000000000000 0.16124530136585230045 0.13466720283031460847 0.85491919517517089844 0.05028939992189399716 0.76512038707733154297 0.00058719998924059997 0.03581909835338589754 0.09846480190753929829 0.00000000000000000000 0.99471521377563476562 0.32503971457481378726 0.07213109731674190173 0.58333331346511840820 102700.00000000000000000000
800.00000000000000000000 0.49625000357627868652 0.00000000000000000000 0.12999999523162839021 0.09181140363216400146 0.88875001668930053711 0.00000000000000000000 0.74666672945022583008 0.00999999977648250056 0.02666670083999629973 0.05660380050539969704 0.00000000000000000000 1.00000000000000000000 0.17610059678554529361 0.11111109703779220581 0.33333331346511840820 27300.00000000000000000000
1260.00000000000000000000 0.47380951046943659000 0.00158729997929179991 0.11507940292358390111 0.08295629918575279926 0.88412702083587646484 0.00000000000000000000 0.74380171298980712891 0.00000000000000000000 0.04132229834794989842 0.03006009943783280111 0.00206610001623630003 0.99793392419815063477 0.26653310656547540836 0.08411210030317299580 0.00000000000000000000 48000.00000000000000000000
350.00000000000000000000 0.49428570270538330078 0.00000000000000000000 0.11142860352993010087 0.06214689835906019727 0.92000001668930042609 0.00000000000000000000 0.79661017656326293945 0.00847459957003589975 0.00847459957003589975 0.03278689831495280177 0.00000000000000000000 1.00000000000000000000 0.18032790720462799072 0.20000000298023221101 0.50000000000000000000 17800.00000000000000000000
22865.00000000000000000000 0.49341788887977600098 0.01395149994641540006 0.09766019880771630024 0.09039109945297239823 0.92044609785079956055 0.00695390021428460032 0.81715661287307739258 0.00291429995559150000 0.02179419994354240067 0.01791940070688720008 0.01482510007917879971 0.98720222711563121454 0.12556000053882598877 0.09114810079336159443 0.29032260179519647769 63200.00000000000000000000
2654.00000000000000000000 0.50188392400741577148 0.32856070995330810547 0.08025620132684699315 0.08245079964399329442 0.90994721651077281610 0.00000000000000000000 0.76744192838668823242 0.00465120002627369966 0.03023260086774820152 0.12155260145664209537 0.29767438769340509586 0.99302327632904041632 0.41266599297523498535 0.13253009319305419922 0.76190477609634399414 25400.00000000000000000000
5635.00000000000000000000 0.46583849191665649414 0.00124220002908250002 0.18899729847908020020 0.12956809997558590974 0.83833187818527221680 0.02023069933056829972 0.68588840961456298828 0.00703229987993829984 0.04031879827380179665 0.04134830087423319728 0.00046879998990330000 0.96577590703964244501 0.33033710718154907227 0.12939700484275809544 0.76923078298568725586 42400.00000000000000000000
789.00000000000000000000 0.51204061508178710938 0.00253490009345109981 0.12420789897441859850 0.10649350285530090332 0.88339668512344360352 0.00000000000000000000 0.74193549156188964844 0.01792109943926329871 0.04301080107688900339 0.01760560087859629891 0.00000000000000000000 0.99641579389572143555 0.18661969900131220035 0.04838709905743589917 1.00000000000000000000 42200.00000000000000000000
1081.00000000000000000000 0.45605918765068048648 0.00000000000000000000 0.32932469248771667480 0.23979589343070981111 0.79370951652526855469 0.04625349864363669655 0.64194917678833007812 0.00211860006675120005 0.00635589985176920023 0.06903350353240959858 0.00000000000000000000 0.99576270580291759149 0.21696250140666958894 0.08045980334281919999 0.33333331346511840820 16100.00000000000000000000
574.00000000000000000000 0.48606270551681518555 0.00000000000000000000 0.36933800578117370605 0.23728810250759119205 0.75783967971801757812 0.08536589890718460083 0.62068969011306762695 0.00000000000000000000 0.00862069986760610057 0.12781949341297149658 0.00000000000000000000 1.00000000000000000000 0.27067670226097101382 0.03921569883823389918 0.80000001192092895508 14999.00000000000000000000
522.00000000000000000000 0.48658999800682067871 0.00000000000000000000 0.06704980134963979543 0.04104480147361749820 0.95402300357818603516 0.00000000000000000000 0.88387101888656616211 0.00645160023123019996 0.02580649964511389990 0.20103089511394500732 0.00000000000000000000 0.98709678649902343750 0.22680410742759699039 0.11999999731779090184 0.66666668653488159180 56300.00000000000000000000
191.00000000000000000000 0.45026180148124689273 0.00000000000000000000 0.23560209572315210513 0.15238100290298459139 0.90052360296249389648 0.00000000000000000000 0.75324678421020507812 0.00000000000000000000 0.00000000000000000000 0.17204299569129941072 0.00000000000000000000 1.00000000000000000000 0.20430110394954678621 0.05000000074505799724 1.00000000000000000000 14999.00000000000000000000
1170.00000000000000000000 0.47606840729713439941 0.00170939997769890004 0.11965809762477870593 0.15171289443969721011 0.84444439411163330078 0.05384619906544679813 0.72117960453033447266 0.00000000000000000000 0.04021450132131570293 0.11401429772377009997 0.00536190019920460004 0.99731898307800281867 0.58907359838485717773 0.13013699650764459781 0.60000002384185791016 21200.00000000000000000000
2986.00000000000000000000 0.45445409417152399234 0.18754190206527709961 0.19557939469814300537 0.18845920264720911197 0.84963160753250122070 0.03951770067214960269 0.72192031145095825195 0.00090580002870409998 0.01449280045926570025 0.10895880311727519640 0.17391300201416010074 0.96557968854904163702 0.28813558816909790039 0.12962959706783289127 0.61290317773818969727 31100.00000000000000000000
2546.00000000000000000000 0.46857818961143488101 0.01335429958999150013 0.09701489657163619995 0.08130080252885810155 0.81264728307723999023 0.07894740253686899356 0.71800428628921508789 0.00108459999319160004 0.01626900024712080173 0.02433859929442400150 0.00325380009599030018 0.99783080816268920898 0.12063489854335779361 0.06666669994592659687 0.00000000000000000000 85800.00000000000000000000
1470.00000000000000000000 0.48707479238510131836 0.00476189982146020020 0.14897960424423209447 0.08355440199375149812 0.94421768188476562500 0.00000000000000000000 0.86496347188949584961 0.00182480004150419994 0.01277370005846019917 0.03521129861474030232 0.00364960008300839987 0.99817520380020141602 0.12147890031337729710 0.05405410006642340226 1.00000000000000000000 46000.00000000000000000000
257.00000000000000000000 0.49027240276336669922 0.00389109994284800005 0.12062259763479230013 0.15267179906368250064 0.87159532308578491211 0.00000000000000000000 0.71287131309509277344 0.00000000000000000000 0.03960400074720379915 0.05607480183243750138 0.00000000000000000000 0.99009901285171519891 0.22429910302162170410 0.07999999821186060123 1.00000000000000000000 30600.00000000000000000000
37352.00000000000000000000 0.48291930556297302246 0.00297169992700210004 0.12987260520458218660 0.08625870198011389989 0.86726278066635131836 0.01279720012098549929 0.73613780736923217773 0.00491139991208909988 0.04484299942851060344 0.04500029981136319940 0.00192179996520279992 0.94924908876419078485 0.27163350582122802734 0.09047990292310710558 0.38541668653488159180 61800.00000000000000000000
1575.00000000000000000000 0.46349209547042841129 0.02349209971725940010 0.22984130680561060123 0.12189350277185440063 0.79873019456863403320 0.09650789946317669954 0.76182430982589721680 0.00000000000000000000 0.03378380089998239688 0.12812960147857660465 0.01013510022312399950 0.98141890764236439093 0.27393230795860290527 0.09183669835329050235 0.50000000000000000000 47400.00000000000000000000
1294.00000000000000000000 0.45131379365921020508 0.00077280000550670005 0.34157648682594299316 0.25774648785591119937 0.78284388780593872070 0.05177740007638929887 0.63506257534027099609 0.00000000000000000000 0.01610019989311689895 0.07603310048580169678 0.00000000000000000000 1.00000000000000000000 0.24793389439582819156 0.06153849884867659825 0.71428567171096801758 20200.00000000000000000000
4477.00000000000000000000 0.49274069070816040039 0.00022339999850369999 0.03194100037217140198 0.02421839907765380162 0.97051602602005004883 0.00000000000000000000 0.89736598730087280273 0.00181649997830389998 0.01362400036305179939 0.02046260051429269963 0.00000000000000000000 0.98819261789321899414 0.13434159755706778783 0.22807019948959350586 0.50000000000000000000 65400.00000000000000000000
290.00000000000000000000 0.52758622169494628906 0.02068969979882239948 0.14482760429382318668 0.08759120106697079744 0.88965517282485961914 0.00000000000000000000 0.75925928354263305664 0.00000000000000000000 0.03703700006008139867 0.05263160169124599802 0.00925930030643939972 1.00000000000000000000 0.07894740253686899356 0.18181820213794699925 1.00000000000000000000 30700.00000000000000000000
143.00000000000000000000 0.46853148937225341797 0.00000000000000000000 0.12587410211563110352 0.15789470076560971346 0.85314691066741943359 0.00000000000000000000 0.64912277460098266602 0.00000000000000000000 0.01754390075802799917 0.10937500000000000000 0.00000000000000000000 0.98245608806610118524 0.42187500000000000000 0.05555560067296019811 0.00000000000000000000 14999.00000000000000000000
2455.00000000000000000000 0.45580449700355529785 0.18900200724601740054 0.24725049734115600586 0.21032929420471188631 0.80122202634811401367 0.03828920051455490109 0.63781088590621948242 0.00099500000942490010 0.02388060092926019840 0.13585549592971798982 0.16318410634994501285 0.94427859783172596320 0.31212380528450012207 0.08860760182142249364 0.66666668653488159180 29400.00000000000000000000
757.00000000000000000000 0.49933949112892150879 0.01188900042325249928 0.12153240293264379324 0.08179420232772820210 0.91149270534515380859 0.00000000000000000000 0.79704797267913818359 0.00368999992497260005 0.03690040111541739720 0.14779870212078088931 0.00738009996712199988 0.99630999565124522821 0.38993710279464721680 0.19318179786205288972 0.57142859697341918945 33800.00000000000000000000
1358.00000000000000000000 0.49926361441612238101 0.00662739994004360022 0.05007360130548470234 0.04411759972572319721 0.93225330114364624023 0.00000000000000000000 0.82857137918472290039 0.00476189982146020020 0.03571429848670949758 0.07692310214042659411 0.00714290002360939980 0.76428568363189697266 0.22417579591274258699 0.12790699303150168675 0.61904758214950561523 56900.00000000000000000000
10941.00000000000000000000 0.45370620489120477847 0.10638879984617230501 0.17036829888820639867 0.15409070253372189607 0.84334158897399902344 0.01837130077183240021 0.68579852581024169922 0.00453720008954399973 0.02019060030579560017 0.05791839957237240183 0.08098910003900519627 0.99614340066909801141 0.36695879697799682617 0.10882350057363510132 0.61363637447357177734 23000.00000000000000000000
4488.00000000000000000000 0.48418000340461730957 0.00289659993723030001 0.16377009451389309969 0.10496760159730909867 0.90931367874145518915 0.00289659993723030001 0.79962307214736938477 0.00062810000963499997 0.04020100086927409777 0.03573590144515029904 0.00188440002966669992 0.97361809015274036749 0.10478500276803970337 0.08968610316514960545 0.52631580829620361328 219500.00000000000000000000
3919.00000000000000000000 0.46644550561904907227 0.00484819989651440013 0.22454710304737091064 0.14347200095653531160 0.85021692514419555664 0.03164070099592199842 0.72422677278518676758 0.00064430001657450001 0.02061860077083110115 0.04197530075907700275 0.00579900015145539977 0.99548971652984619141 0.18703700602054590396 0.04814809933304779743 0.61538457870483398438 54500.00000000000000000000
2518.00000000000000000000 0.45631450414657592773 0.00079429999459530005 0.23709289729595178775 0.18115410208702079076 0.81453531980514526367 0.06155680119991299715 0.69583332538604736328 0.00208329991437489984 0.01875000074505800071 0.09262759983539579911 0.00104170001577579994 0.99687498807907104492 0.26275989413261408023 0.05647839978337280270 0.46153849363327020816 25600.00000000000000000000
6720.00000000000000000000 0.47336310148239130191 0.00252979993820189996 0.20327380299568170718 0.15767170488834381104 0.78839290142059326172 0.04895830154418939761 0.65300041437149047852 0.00521800015121689966 0.04994409903883929858 0.07705540210008619828 0.00074539997149250005 0.99590009450912475586 0.27726179361343378238 0.05626599863171569821 0.70588237047195434570 16900.00000000000000000000
22242.00000000000000000000 0.45342150330543518066 0.13434040546417230777 0.22704790532588958740 0.14872090518474578857 0.72880142927169799805 0.08151250332593909520 0.61771082878112792969 0.00173420005012299991 0.06232390180230139992 0.08262900263071060181 0.11229140311479560155 0.98092347383499156610 0.31629711389541620425 0.05562829971313470317 0.24444440007209769505 91300.00000000000000000000
760.00000000000000000000 0.47236838936805719547 0.16184209287166589908 0.11578950285911560059 0.11720699816942209415 0.90657889842987060547 0.00000000000000000000 0.77735847234725952148 0.00377360009588300011 0.04150940105319019663 0.15335460007190698795 0.14716979861259460449 0.99622637033462524414 0.43769970536231989078 0.14457829296588889378 0.00000000000000000000 18100.00000000000000000000
593.00000000000000000000 0.45531201362609857730 0.00000000000000000000 0.15008430182933799046 0.11764709651470180163 0.82462060451507568359 0.02192240022122859955 0.64573991298675537109 0.00448430003598329976 0.04932739958167069866 0.22837370634078979492 0.00000000000000000000 0.99551570415496837274 0.26989620923995971680 0.10909090191125869751 1.00000000000000000000 36100.00000000000000000000
1347.00000000000000000000 0.48700821399688720703 0.00445429980754850040 0.10393469780683510517 0.05933430045843120226 0.95174461603164683954 0.00668150000274179978 0.87804877758026123047 0.00000000000000000000 0.01463409978896369930 0.01913879998028270024 0.00000000000000000000 0.99268287420272838251 0.00956939999014129981 0.18181820213794699925 0.33333331346511840820 500001.00000000000000000000
7180.00000000000000000000 0.49317550659179687500 0.00139280001167199998 0.09512530267238610004 0.07749380171298979325 0.93231201171875000000 0.01963789947330949956 0.86987841129302978516 0.00135070004034780001 0.01710939966142169949 0.04143289849162099664 0.00045019999379290000 0.98964428901672363281 0.08631850033998489380 0.04832709953188889934 0.34375000000000000000 122800.00000000000000000000
123.00000000000000000000 0.46341460943222040347 0.00000000000000000000 0.20325200259685510806 0.18181820213794699925 0.88617891073226928711 0.00000000000000000000 0.75510197877883911133 0.02040820010006420132 0.02040820010006420132 0.14035089313983908910 0.00000000000000000000 0.97959178686141956671 0.19298249483108520508 0.11111109703779220581 0.00000000000000000000 14999.00000000000000000000
493.00000000000000000000 0.51521301269531250000 0.00000000000000000000 0.16835699975490570068 0.11297070235013960404 0.84381341934204101562 0.00000000000000000000 0.67500001192092895508 0.00000000000000000000 0.05499999970197669980 0.24242420494556418675 0.00000000000000000000 0.98000001907348643915 0.59848481416702270508 0.13043479621410369873 0.50000000000000000000 38300.00000000000000000000
961.00000000000000000000 0.48803329467773437500 0.00208120001479979990 0.11342349648475640034 0.08333329856395720048 0.91363161802291881219 0.00000000000000000000 0.78637772798538208008 0.00928790029138320053 0.03095979988574979955 0.17179490625858301334 0.00309600005857640003 0.47987619042396539859 0.36923080682754511050 0.17821779847145080566 0.66666668653488159180 15200.00000000000000000000
10380.00000000000000000000 0.46175339818000787906 0.23651249706745139378 0.19479769468307489566 0.16395199298858639803 0.85712909698486328125 0.00125239999033509991 0.68562179803848266602 0.00092459999723350000 0.02149789966642850006 0.08133359998464580187 0.20688860118389129639 0.99583911895751964227 0.28180080652236938477 0.10188929736614220356 0.43137249350547790527 32000.00000000000000000000
761.00000000000000000000 0.46649149060249328613 0.14586070179939270020 0.24441519379615780916 0.19950740039348599519 0.80946117639541625977 0.06438899785280219334 0.67247390747070312500 0.00000000000000000000 0.00696860020980229981 0.17291070520877829808 0.13937279582023620605 1.00000000000000000000 0.43515849113464349918 0.10377360135316840428 0.50000000000000000000 15000.00000000000000000000
8411.00000000000000000000 0.47116869688034057617 0.01545600034296510002 0.18499580025672909822 0.15017989277839660645 0.83878248929977416992 0.02033049985766410134 0.67581927776336669922 0.00295250001363450004 0.02007680013775819949 0.09776239842176430439 0.01476230006664989991 0.94626510143280040399 0.30154499411582941226 0.08712489902973169498 0.60256409645080566406 25700.00000000000000000000
198.00000000000000000000 0.48989900946617120914 0.11616159975528710102 0.09090910106897349963 0.10891090333461760087 0.88383841514587402344 0.00000000000000000000 0.75342470407485961914 0.02739729918539519915 0.02739729918539519915 0.17977529764175409488 0.10958900302648540148 0.98630142211914062500 0.29213479161262512207 0.14285710453987118806 0.00000000000000000000 20800.00000000000000000000
9214.00000000000000000000 0.46906879544258117676 0.00054269999964159997 0.13837639987468719482 0.11181519925594329834 0.86411982774734497070 0.01258950028568499996 0.71359908580780029297 0.00424089981243009999 0.02714160084724420025 0.03307820111513130185 0.00028269999893380002 0.99547642469406116827 0.27966099977493280582 0.06972300261259070653 0.26923081278800958804 40400.00000000000000000000
4831.00000000000000000000 0.45953220129013061523 0.05795900151133529660 0.20637549459934229068 0.16009190678596491031 0.73607951402664184570 0.08052159845829010010 0.60119938850402832031 0.00399800017476080027 0.03748130053281779894 0.08379119634628290347 0.05147429928183550052 0.99100452661514282227 0.34157508611679071597 0.08041960000991819901 0.72727268934249877930 33200.00000000000000000000
11743.00000000000000000000 0.47125950455665588379 0.00817510019987820018 0.12850210070610040836 0.07811240106821060181 0.75253337621688842773 0.00655709998682140003 0.59571152925491333008 0.00487329997122280031 0.11559449881315229935 0.03752350062131880326 0.00701749976724379970 0.96471732854843139648 0.32345220446586608887 0.02548130042850969834 0.26530608534812927246 266500.00000000000000000000
1287.00000000000000000000 0.47474750876426691226 0.01320900022983549985 0.19269619882106781006 0.17307689785957330875 0.83916079998016357422 0.07070709764957419652 0.76404488086700439453 0.00224720011465250015 0.01573030091822140084 0.00890870019793509917 0.01123599987477059969 0.99550557136535644531 0.15144769847393030338 0.05882349982857699999 1.00000000000000000000 47400.00000000000000000000
23706.00000000000000000000 0.50261539220809936523 0.06597489863634109497 0.09115839749574659867 0.06810279935598370638 0.86037290096282958984 0.00109679996967309993 0.72924017906188964844 0.00411670003086320006 0.07492350041866299715 0.03276449814438819885 0.06210299953818319840 0.94589507579803477899 0.20671220123767850008 0.14752650260925290193 0.25510200858116149902 153900.00000000000000000000
849.00000000000000000000 0.48763251304626459293 0.00000000000000000000 0.10954059660434720125 0.06436780095100400056 0.89517080783843994141 0.00000000000000000000 0.76357829570770263672 0.00638979999348520018 0.02875399962067599902 0.03987729921936979810 0.00000000000000000000 1.00000000000000000000 0.19938650727272030916 0.14814810454845420140 1.00000000000000000000 22700.00000000000000000000
890.00000000000000000000 0.49887639284133911133 0.00000000000000000000 0.14606739580631250552 0.10089690238237379594 0.89550560712814331055 0.00000000000000000000 0.76576578617095947266 0.00300300004892050006 0.02702699974179259904 0.10242590308189389314 0.00000000000000000000 0.97897899150848399774 0.28571429848670959473 0.15625000000000000000 0.50000000000000000000 31900.00000000000000000000
3085.00000000000000000000 0.45478120446205139160 0.00097240001196040001 0.22820100188255310059 0.17776459455490109529 0.80745542049407958984 0.03630470111966130342 0.65791571140289306641 0.00318220001645380017 0.03739060088992109815 0.02558140084147449839 0.00079550000373270000 0.99681782722473144531 0.30542638897895807437 0.04347829893231389825 0.42857140302658081055 34800.00000000000000000000
12267.00000000000000000000 0.45487889647483820132 0.00163039995823049998 0.24398790299892419986 0.21354870498180389404 0.82090157270431518555 0.01345069985836739972 0.63990032672882080078 0.00114990002475670009 0.02318900078535079956 0.07400179654359810566 0.00057490001199760000 0.99597549438476562500 0.26228928565978998355 0.05965080112218849873 0.63888889551162719727 30900.00000000000000000000
1074.00000000000000000000 0.42737430334091180972 0.13314710557460779361 0.29981380701065057925 0.22601629793643948640 0.75605207681655883789 0.04748599976301189768 0.58958327770233154297 0.00416669994592660034 0.02291670069098470167 0.15044249594211570042 0.13124999403953549471 1.00000000000000000000 0.37345129251480102539 0.07058820128440849995 0.93750000000000000000 14999.00000000000000000000
247.00000000000000000000 0.48178139328956598453 0.00000000000000000000 0.11336030066013330631 0.10156250000000000000 0.86639678478240966797 0.00000000000000000000 0.68478262424468994141 0.00000000000000000000 0.04347829893231389825 0.24590159952640530672 0.00000000000000000000 0.98913037776947021484 0.31967210769653320312 0.20000000298023221101 1.00000000000000000000 14999.00000000000000000000
751.00000000000000000000 0.49667111039161682129 0.00266309990547589992 0.11850869655609129472 0.06084660068154330165 0.92143809795379638672 0.00000000000000000000 0.79629629850387573242 0.00000000000000000000 0.01481479965150350048 0.03914590179920190288 0.00000000000000000000 1.00000000000000000000 0.11387900263071060181 0.10000000149011610551 0.33333331346511840820 36800.00000000000000000000
640.00000000000000000000 0.50937497615814208984 0.01093749981373540008 0.13281250000000000000 0.12420380115509030428 0.89843750000000000000 0.00000000000000000000 0.76987451314926147461 0.00836819969117640061 0.02928869985044000104 0.06274510174989700317 0.00836819969117640061 1.00000000000000000000 0.33725491166114801578 0.17021280527114859837 1.00000000000000000000 23800.00000000000000000000
261721.00000000000000000000 0.50111758708953857422 0.08409339934587470311 0.04971709847450250103 0.04442900046706189932 0.83443820476531982422 0.00773339997977010030 0.68000322580337524414 0.00537500018253920034 0.07201120257377620348 0.10744280368089670352 0.08231409639120100541 0.93214178085327159540 0.40608510375022888184 0.07008600234985350175 0.45968589186668390445 64100.00000000000000000000
3763.00000000000000000000 0.47329258918762201480 0.00983260013163080038 0.12304010242223739624 0.07114029675722119417 0.85968637466430664062 0.04969440028071400034 0.77816587686538696289 0.00349340005777769996 0.05065499991178509798 0.09342829883098599519 0.00262010004371400007 0.82707422971725463867 0.34837689995765680484 0.15868259966373440828 0.46666669845581049136 48400.00000000000000000000
46.00000000000000000000 0.50000000000000000000 0.00000000000000000000 0.04347829893231389825 0.00000000000000000000 0.84782612323760986328 0.15217390656471249666 1.00000000000000000000 0.00000000000000000000 0.00000000000000000000 0.30769228935241699219 0.00000000000000000000 0.88888889551162719727 0.69230771064758300781 0.44444438815116882324 0.00000000000000000000 0.00000000000000000000
6496.00000000000000000000 0.47536951303482050113 0.00354059995152050016 0.17318350076675409488 0.12294600158929820666 0.86330050230026245117 0.00000000000000000000 0.70883691310882568359 0.00528699997812499996 0.03474320098757739672 0.03074670024216169875 0.00264349998906249998 0.99735647439956676141 0.21303069591522211246 0.05590850114822380063 0.55555558204650878906 38200.00000000000000000000
307.00000000000000000000 0.48208469152450561523 0.01954399980604639916 0.24429969489574429597 0.13207550346851348877 0.87296420335769653320 0.00000000000000000000 0.72000002861022949219 0.00000000000000000000 0.02400000020861620120 0.14965990185737609863 0.01600000075995920007 1.00000000000000000000 0.21088440716266629305 0.17241379618644708804 1.00000000000000000000 25900.00000000000000000000
3968.00000000000000000000 0.44153231382369989566 0.00075599999399849997 0.37726810574531549625 0.18772560358047479800 0.81426411867141723633 0.00000000000000000000 0.65094822645187377930 0.00051260000327600001 0.02614039927721020090 0.14654420316219329834 0.00051260000327600001 0.98974877595901478156 0.29046368598937988281 0.02215190045535559912 0.47826090455055231265 96800.00000000000000000000
1017.00000000000000000000 0.46116030216217041016 0.22615540027618399876 0.17305800318717950992 0.14051090180873870850 0.83775812387466430664 0.00000000000000000000 0.66906470060348510742 0.00719420006498689996 0.04796160012483589863 0.15071280300617209691 0.19904080033302298802 0.99760192632675159796 0.38900199532508850098 0.14912280440330499820 0.53846150636672973633 27000.00000000000000000000
822.00000000000000000000 0.48661801218986511230 0.00000000000000000000 0.13990269601345059480 0.09952609986066809911 0.86496347188949584961 0.00000000000000000000 0.71779137849807739258 0.00920249987393609997 0.03987729921936979810 0.04956270009279249711 0.00000000000000000000 0.99079751968383800165 0.30029150843620300293 0.06896550208330150256 0.42857140302658081055 28500.00000000000000000000
2399.00000000000000000000 0.45685699582099909000 0.05168820172548289904 0.19299709796905509251 0.16960859298706049136 0.76990407705307006836 0.09170489758253090595 0.69762420654296875000 0.00539960013702509966 0.04319649934768669819 0.07307309657335279984 0.04967600107192989695 0.99676030874252319336 0.28528529405593872070 0.04453440010547630307 0.28571429848670959473 41200.00000000000000000000
47409.00000000000000000000 0.49566540122032159976 0.02410930022597310152 0.02083989977836599866 0.01580929942429060153 0.85658842325210571289 0.00113900005817409991 0.72215527296066284180 0.00418889988213769996 0.08802430331706999345 0.05544719845056530344 0.02301030047237869955 0.99018758535385120734 0.26981028914451599121 0.04640030115842810193 0.28875380754470819644 83800.00000000000000000000
68.00000000000000000000 0.50000000000000000000 0.00000000000000000000 0.00000000000000000000 0.00000000000000000000 1.00000000000000000000 0.00000000000000000000 1.00000000000000000000 0.00000000000000000000 0.00000000000000000000 0.00000000000000000000 0.00000000000000000000 1.00000000000000000000 0.00000000000000000000 0.00000000000000000000 0.00000000000000000000 78800.00000000000000000000
25178.00000000000000000000 0.48458969593048090152 0.01004850026220079941 0.18412899971008300781 0.12352620065212249756 0.79668760299682617188 0.05012309923768040049 0.66803687810897827148 0.00441149994730940034 0.04140770062804220025 0.06171210110187529824 0.00862240046262740048 0.99238020181655883789 0.30376291275024408511 0.06068269908428190057 0.66887420415878295898 29500.00000000000000000000
13176.00000000000000000000 0.45453861355781549625 0.69937771558761596680 0.13046449422836300935 0.10825099796056740498 0.84464180469512939453 0.00607160013169050043 0.67012202739715576172 0.00386180006898929982 0.05060980096459379712 0.07916899770498270206 0.63475608825683593750 0.97967481613159179688 0.36889389157295221500 0.13893969357013699617 0.60000002384185791016 17800.00000000000000000000
1092.00000000000000000000 0.43864470720291137695 0.00091579998843370003 0.24816849827766410130 0.24796080589294430818 0.73351651430130004883 0.12637360394000998753 0.65931367874145507812 0.00245100003667170002 0.02941180020570750148 0.03999999910593030061 0.00000000000000000000 0.99019610881805419922 0.23999999463558188695 0.04794520139694209704 0.00000000000000000000 51200.00000000000000000000
676.00000000000000000000 0.50887572765350341797 0.00000000000000000000 0.16124260425567618626 0.09036140143871300434 0.89349108934402465820 0.00000000000000000000 0.75806450843811035156 0.00403229985386129985 0.03225810080766670224 0.05343509837985029737 0.00000000000000000000 1.00000000000000000000 0.21755729615688321199 0.10447759926319119539 1.00000000000000000000 40000.00000000000000000000
33.00000000000000000000 0.57575762271881103516 0.00000000000000000000 0.03030299954116339942 0.07142859697341910619 0.81818181276321411133 0.00000000000000000000 0.53846150636672973633 0.00000000000000000000 0.00000000000000000000 0.18750000000000000000 0.00000000000000000000 0.92307692766189575195 0.50000000000000000000 0.00000000000000000000 0.00000000000000000000 65000.00000000000000000000
454.00000000000000000000 0.46035239100456237793 0.00000000000000000000 0.18502199649810791016 0.07755099982023229421 0.93171811103820800781 0.00000000000000000000 0.82080918550491333008 0.00000000000000000000 0.00000000000000000000 0.01142860017716879929 0.00000000000000000000 1.00000000000000000000 0.01714289933443060091 0.20000000298023221101 0.00000000000000000000 67800.00000000000000000000
1166.00000000000000000000 0.49142369627952570132 0.00600339984521259997 0.18610629439353940096 0.17200669646263119783 0.83447682857513427734 0.00000000000000000000 0.65524631738662719727 0.01070659980177869966 0.04496790096163749695 0.09143970161676399921 0.00428269989788530002 0.99785870313644398077 0.27431911230087280273 0.11979170143604270238 0.66666668653488159180 28900.00000000000000000000
5270.00000000000000000000 0.47703981399536127261 0.00018980000459120001 0.17722959816455841064 0.14187230169773099031 0.82884252071380615234 0.02258059941232199927 0.67715781927108764648 0.00810679979622360054 0.03767289966344829905 0.07864669710397720337 0.00000000000000000000 0.99713879823684681281 0.30448150634765619449 0.08363640308380120014 0.57142859697341918945 18200.00000000000000000000
418.00000000000000000000 0.44976079463958740234 0.04784689843654629793 0.17703349888324729222 0.13478259742259979248 0.88038277626037597656 0.00000000000000000000 0.73006129264831542969 0.00000000000000000000 0.03680979833006849805 0.08426970243453979492 0.03067480027675619988 0.98159509897232055664 0.21348309516906729955 0.08771929889917369494 0.12500000000000000000 47300.00000000000000000000
4921.00000000000000000000 0.49908560514450067691 0.00040640000952399998 0.06462100148200980443 0.05436110123991960003 0.95935791730880737305 0.00000000000000000000 0.89580601453781127930 0.00131059996783730007 0.01638269983232019944 0.02616460062563409975 0.00000000000000000000 0.98361730575561523438 0.06828329712152479691 0.12903229892253870181 0.42857140302658081055 88700.00000000000000000000
8102.00000000000000000000 0.49123668670654291324 0.00678840000182390040 0.10923229902982710404 0.08442500233650200581 0.89706248044967651367 0.00000000000000000000 0.77531540393829345703 0.00102279998827719989 0.04500510171055790293 0.04244209825992580065 0.00715989992022510006 0.97920221090316761359 0.19262160360813140869 0.04938270151615140047 0.56896549463272094727 212800.00000000000000000000
1401.00000000000000000000 0.42755168676376342773 0.00000000000000000000 0.33690220117568969727 0.24812969565391540527 0.78372591733932495117 0.03640260174870490334 0.61806660890579223633 0.00316959992051120019 0.01584790088236329858 0.10369320213794699925 0.00000000000000000000 0.99524557590484619141 0.34090909361839288882 0.04232800006866450221 0.93333327770233165399 16600.00000000000000000000
329.00000000000000000000 0.44072949886322021484 0.86930090188980102539 0.13069909811019889134 0.15217390656471249666 0.87234038114547729492 0.00000000000000000000 0.69026547670364379883 0.01769910007715220016 0.01769910007715220016 0.05833330005407329905 0.85840708017349243164 1.00000000000000000000 0.46666669845581049136 0.10344830155372619629 0.00000000000000000000 22500.00000000000000000000
1444.00000000000000000000 0.45983380079269409180 0.00346260005608199986 0.23961220681667319554 0.17435899376869198885 0.80055397748947143555 0.05193910002708430201 0.66961127519607543945 0.00706710014492270035 0.03003530018031589852 0.05033560097217559814 0.00176679994910950008 0.99823319911956798212 0.28355699777603149414 0.03546100109815589901 0.75000000000000000000 33800.00000000000000000000
21044.00000000000000000000 0.47837859392166137695 0.40762209892272949219 0.11827600002288810033 0.09437920153141020341 0.91118609905242919922 0.00009500000305706636 0.78561389446258544922 0.00210730009712269996 0.03680809959769239942 0.03340579941868779962 0.36330428719520568848 0.88746839761734008789 0.21333509683609008789 0.09836070239543910632 0.52307689189910888672 112300.00000000000000000000
576.00000000000000000000 0.48958331346511840820 0.03472220152616500161 0.05555560067296019811 0.07823129743337629838 0.90798610448837280273 0.00000000000000000000 0.79885059595108032227 0.01724139973521229829 0.07471259683370590210 0.12121210247278209338 0.04022990167140959999 0.68390798568725585938 0.33333331346511840820 0.18181820213794699925 0.25000000000000000000 49200.00000000000000000000
2099.00000000000000000000 0.45212009549140930176 0.44116249680519098453 0.17579799890518180150 0.15999999642372131348 0.85707479715347290039 0.02858499996364110077 0.70611178874969482422 0.00260080001316959986 0.01690509915351860043 0.11912939697504039416 0.40702208876609802246 0.99219769239425659180 0.32760599255561828613 0.15808820724487299136 0.68750000000000000000 25600.00000000000000000000
2694.00000000000000000000 0.48329618573188781738 0.17780250310897818822 0.09094280004501339998 0.07686779648065560078 0.91128432750701904297 0.00000000000000000000 0.79144388437271118164 0.00320859998464580014 0.04064169898629180211 0.04979670047760009766 0.15614970028400421143 0.99572187662124644891 0.33841460943222040347 0.18061670660972589664 0.27272731065750122070 45400.00000000000000000000
312.00000000000000000000 0.45833331346511840820 0.00000000000000000000 0.01602559909224509846 0.04733730107545849886 0.98076921701431285516 0.00000000000000000000 0.91549301147460937500 0.00000000000000000000 0.00000000000000000000 0.18390800058841699771 0.00000000000000000000 1.00000000000000000000 0.36781609058380121402 0.50000000000000000000 1.00000000000000000000 14999.00000000000000000000
973.00000000000000000000 0.49845838546752929688 0.00000000000000000000 0.15724560618400570955 0.09221310168504709415 0.91880780458450317383 0.00000000000000000000 0.77743899822235107422 0.00000000000000000000 0.01219510007649659937 0.13456459343433380127 0.00000000000000000000 0.97256100177764881476 0.27968341112136840820 0.23999999463558188695 0.78571432828903198242 30100.00000000000000000000
1262.00000000000000000000 0.49049130082130432129 0.00000000000000000000 0.18462759256362909488 0.14930020272731781006 0.84944528341293334961 0.02614899910986420023 0.70781892538070678711 0.00411520013585680005 0.02674899995326989952 0.17487269639968869295 0.00000000000000000000 0.39917701482772821597 0.39049240946769708804 0.13740460574626919832 0.73333328962326049805 23900.00000000000000000000
14120.00000000000000000000 0.48045331239700317383 0.31189799308776849918 0.13958920538425440006 0.09691929817199700092 0.89426350593566894531 0.00233709998428820002 0.75677210092544555664 0.00473569985479110021 0.02614130079746240093 0.11172810196876520328 0.27599918842315668277 0.91778749227523803711 0.30540129542350769043 0.13464240729808799046 0.63333332538604736328 35500.00000000000000000000
1046.00000000000000000000 0.48470360040664667300 0.36806881427764892578 0.08986619859933850374 0.08163270354270929507 0.90344172716140758173 0.00000000000000000000 0.75862067937850952148 0.00530500011518589970 0.01591509953141210035 0.05037780106067649838 0.31830239295959472656 0.99734747409820556641 0.35264480113983148746 0.15723270177841180972 1.00000000000000000000 34000.00000000000000000000
685.00000000000000000000 0.45839419960975641422 0.00000000000000000000 0.14014600217342371158 0.11051210016012190385 0.88029199838638305664 0.00000000000000000000 0.72348481416702270508 0.00378790008835490008 0.02651520073413839856 0.11705689877271649446 0.00000000000000000000 0.99242419004440318719 0.31103679537773132324 0.08749999850988379735 1.00000000000000000000 25900.00000000000000000000
1463.00000000000000000000 0.43472319841384887695 0.00000000000000000000 0.25768971443176269531 0.17412330210208890047 0.84415578842163085938 0.03964459896087640239 0.71754390001296997070 0.00000000000000000000 0.01578949950635430075 0.04040399938821789827 0.00000000000000000000 0.99473679065704356805 0.17508420348167419434 0.10833329707384109497 0.33333331346511840820 32400.00000000000000000000
1171.00000000000000000000 0.46968400478363031558 0.00000000000000000000 0.23911190032958978824 0.21417069435119628906 0.73953890800476074219 0.05465409904718390027 0.57450979948043823242 0.00196080002933740009 0.03529410064220420140 0.25000000000000000000 0.00000000000000000000 0.99607837200164794922 0.48676469922065729312 0.05056180059909819863 1.00000000000000000000 40500.00000000000000000000
10828.00000000000000000000 0.47478759288787841797 0.02705949917435640159 0.17011450231075281314 0.12924210727214810457 0.79940891265869140625 0.00000000000000000000 0.61612701416015625000 0.00193010002840310010 0.06219169870018950025 0.04309460148215289721 0.02830800041556350011 0.96332830190658558234 0.55284219980239868164 0.03813710063695899960 0.44827589392662048340 164800.00000000000000000000
120.00000000000000000000 0.49166670441627502441 0.00000000000000000000 0.14166669547557830811 0.09836070239543910632 0.87500000000000000000 0.00000000000000000000 0.70833331346511840820 0.00000000000000000000 0.02083330042660230114 0.05882349982857699999 0.00000000000000000000 1.00000000000000000000 0.23529410362243649568 0.06666669994592659687 0.00000000000000000000 15000.00000000000000000000
329.00000000000000000000 0.44376900792121881656 0.68693011999130249023 0.13677810132503509521 0.14754100143909448795 0.89057749509811401367 0.00000000000000000000 0.69999998807907104492 0.00000000000000000000 0.02727269940078249841 0.10569109767675399780 0.56363642215728759766 1.00000000000000000000 0.28455281257629388980 0.21428570151329040527 0.00000000000000000000 14999.00000000000000000000
332.00000000000000000000 0.42469879984855651855 0.29819279909133911133 0.13554219901561728734 0.19371730089187619295 0.88855421543121337891 0.00000000000000000000 0.71093750000000000000 0.00000000000000000000 0.00000000000000000000 0.07913669943809499563 0.21875000000000000000 1.00000000000000000000 0.31654679775238031558 0.16666670143604270238 0.33333331346511840820 21400.00000000000000000000
54827.00000000000000000000 0.48169699311256408691 0.02398449927568430118 0.16398850083351129703 0.12186370044946670532 0.79887652397155761719 0.02730409987270829980 0.63581222295761108398 0.00666789989918470036 0.05727909877896299878 0.05973529815673819798 0.02060570009052749979 0.90521389245986938477 0.43760880827903747559 0.10964609682559960102 0.30246910452842712402 40900.00000000000000000000
61.00000000000000000000 0.52459019422531127930 0.00000000000000000000 0.31147539615631097965 0.03448279947042459659 0.93442618846893321649 0.00000000000000000000 0.85185188055038452148 0.00000000000000000000 0.00000000000000000000 0.58461540937423706055 0.00000000000000000000 1.00000000000000000000 0.20000000298023221101 0.00000000000000000000 0.00000000000000000000 42500.00000000000000000000
13233.00000000000000000000 0.48462179303169250488 0.27575001120567321777 0.07632429897785179829 0.07360699772834769505 0.90825968980789184570 0.02138590067625039878 0.81897538900375366211 0.00390539993532000021 0.02572939917445180025 0.08048159629106520219 0.24879390001296988744 0.98897308111190795898 0.22729189693927759341 0.15979810059070578832 0.61363637447357177734 43900.00000000000000000000
604.00000000000000000000 0.46026489138603210449 0.05794699862599370088 0.17384110391139981355 0.18404909968376159668 0.84271520376205444336 0.00000000000000000000 0.66399997472763061523 0.00400000018998980002 0.02400000020861620120 0.08088240027427670564 0.05999999865889540235 0.99199998378753662109 0.23897059261798858643 0.01886790059506890035 0.50000000000000000000 32900.00000000000000000000
1054.00000000000000000000 0.48861479759216308594 0.00284629990346719998 0.25806450843811029605 0.13172540068626401033 0.76944971084594726562 0.00000000000000000000 0.59882581233978271484 0.00391389988362779960 0.06849320232868190417 0.18240000307559958714 0.00391389988362779960 0.98825830221176158563 0.52960002422332763672 0.03521129861474030232 0.40000000596046447754 55300.00000000000000000000
1220.00000000000000000000 0.54016387462615966797 0.01393439993262289914 0.18442620337009429932 0.12477719783782950658 0.66311478614807128906 0.01393439993262289914 0.49380800127983087711 0.00154800002928820002 0.09597519785165779804 0.33126288652420038394 0.01083589997142550033 0.95046442747116077765 0.69254660606384277344 0.00793650001287459980 0.37500000000000000000 83500.00000000000000000000
51.00000000000000000000 0.50980389118194580078 0.00000000000000000000 0.45098039507865900211 0.23999999463558188695 0.76470589637756347656 0.00000000000000000000 0.57692307233810424805 0.00000000000000000000 0.03846149891614909777 0.43478259444236749820 0.00000000000000000000 1.00000000000000000000 0.39130431413650512695 0.00000000000000000000 1.00000000000000000000 14999.00000000000000000000
187106.00000000000000000000 0.46543139219284057617 0.42338028550148010254 0.11696039885282509541 0.10931699723005290636 0.83275789022445678711 0.03045869991183279904 0.68582779169082641602 0.00242969999089830005 0.04040420055389400134 0.08700869977474209871 0.36842560768127441406 0.99339699745178222656 0.29508331418037409000 0.11047860234975810656 0.38485479354858398438 44100.00000000000000000000
131.00000000000000000000 0.47328239679336547852 0.00000000000000000000 0.16793890297412869539 0.13043479621410369873 0.83969467878341674805 0.00000000000000000000 0.63636362552642822266 0.00000000000000000000 0.01818180084228510074 0.21428570151329040527 0.00000000000000000000 1.00000000000000000000 0.37142860889434808902 0.14285710453987118806 1.00000000000000000000 14999.00000000000000000000
316.00000000000000000000 0.50000000000000000000 0.00000000000000000000 0.11708860099315640535 0.06329110264778130268 0.88924050331115722656 0.00000000000000000000 0.73275858163833618164 0.00000000000000000000 0.03448279947042459659 0.03333330154418939761 0.00000000000000000000 1.00000000000000000000 0.20833329856395718660 0.25925931334495538882 0.00000000000000000000 23800.00000000000000000000
188.00000000000000000000 0.48936170339584350586 0.48936170339584350586 0.14361700415611258763 0.10416670143604270238 0.84042549133300781250 0.00000000000000000000 0.69230771064758300781 0.01538459956645960025 0.09230770170688619436 0.01515149977058169971 0.41538459062576288394 0.95384621620178222656 0.16666670143604270238 0.20000000298023221101 0.00000000000000000000 40000.00000000000000000000
453.00000000000000000000 0.48565119504928588867 0.00000000000000000000 0.21854299306869501285 0.17167380452156061343 0.84105962514877319336 0.05298009887337679774 0.74545449018478393555 0.00606059981510040022 0.03030299954116339942 0.04069770127534860088 0.00000000000000000000 1.00000000000000000000 0.18604649603366849031 0.11111109703779220581 0.00000000000000000000 16900.00000000000000000000
1565.00000000000000000000 0.45750799775123590640 0.00383389997296029999 0.18019169569015500154 0.12720850110054010562 0.83833867311477661133 0.02555909939110270063 0.69387757778167724609 0.00510200019925829973 0.04591840133070940189 0.07547169923782340306 0.00170070002786810006 0.99659860134124755859 0.22798739373683929443 0.07906980067491529984 1.00000000000000000000 40400.00000000000000000000
2354.00000000000000000000 0.48428210616111749820 0.00042480000411159998 0.09770599752664560489 0.09060960263013839722 0.90526759624481201172 0.00000000000000000000 0.77536231279373168945 0.00362320011481639991 0.03623190149664869825 0.04498270153999320287 0.00000000000000000000 0.97946858406066894531 0.22260670363903040103 0.12195120006799689549 0.72727268934249877930 55200.00000000000000000000
843.00000000000000000000 0.45907470583915710449 0.00355869997292750009 0.32740211486816400699 0.26096490025520319156 0.72716492414474487305 0.08778169751167290424 0.57617729902267456055 0.00000000000000000000 0.00831019971519699960 0.11735939979553219881 0.00000000000000000000 0.99722987413406360968 0.42298290133476257324 0.04098359867930410211 0.00000000000000000000 21000.00000000000000000000
1677.00000000000000000000 0.47763860225677490234 0.00238520000129930016 0.13237920403480529785 0.10616440325975409764 0.87477642297744750977 0.00000000000000000000 0.71294850111007690430 0.00156010000500820005 0.03588140010833740234 0.06695780158042899388 0.00000000000000000000 0.97971922159194957391 0.22416299581527709961 0.09774439781904220581 0.00000000000000000000 27500.00000000000000000000
3243.00000000000000000000 0.45390069484710687808 0.00863400008529419984 0.19673140347003931216 0.16261999309062949437 0.82115328311920166016 0.04656179994344709916 0.69266772270202636719 0.00390019989572459999 0.02106080017983909952 0.06491609662771219424 0.00858030002564190084 0.99609982967376720087 0.29686358571052551270 0.04279280081391329676 0.80952382087707519531 41700.00000000000000000000
104.00000000000000000000 0.48076918721199030093 0.00000000000000000000 0.33653849363327020816 0.20370370149612421207 0.83653849363327026367 0.00000000000000000000 0.65957450866699218750 0.00000000000000000000 0.02127660065889349847 0.17543859779834738988 0.00000000000000000000 1.00000000000000000000 0.28070178627967828922 0.00000000000000000000 1.00000000000000000000 14999.00000000000000000000
154.00000000000000000000 0.46753248572349548340 0.03246749937534330194 0.22727270424365988988 0.15853659808635708894 0.83766227960586547852 0.00000000000000000000 0.70967739820480346680 0.01612900011241430107 0.04838709905743589917 0.17333330214023590088 0.03225810080766670224 1.00000000000000000000 0.22666670382022849339 0.00000000000000000000 1.00000000000000000000 16600.00000000000000000000
5824.00000000000000000000 0.50291901826858520508 0.00463599991053339957 0.15109890699386591129 0.15785840153694150056 0.67307692766189575195 0.13169640302658081055 0.57304388284683227539 0.00678429985418910024 0.05879690125584600274 0.09681370109319679951 0.00497510004788629962 0.99276351928710937500 0.42973861098289489746 0.05215650051832190076 0.34375000000000000000 41200.00000000000000000000
926.00000000000000000000 0.49028080701827997379 0.00000000000000000000 0.13066950440406799316 0.09110169857740399446 0.92008638381957996710 0.00000000000000000000 0.77258569002151489258 0.00000000000000000000 0.00311530008912079982 0.03021150082349769936 0.00000000000000000000 1.00000000000000000000 0.26586100459098810367 0.14179100096225730199 0.00000000000000000000 31800.00000000000000000000
32886.00000000000000000000 0.48838409781455988101 0.05430879816412920169 0.15350000560283660889 0.10044579952955240421 0.85069632530212402344 0.00340569997206329996 0.71150970458984375000 0.00388640002347520001 0.05650220066308969669 0.07237940281629559602 0.04521669819951049801 0.97638267278671264648 0.25734889507293701172 0.06582140177488320087 0.32377049326896667480 68100.00000000000000000000
2108.00000000000000000000 0.50237190723419189453 0.00901329983025780067 0.08681210130453109741 0.04099139943718910217 0.95161288976669322626 0.00000000000000000000 0.88308119773864746094 0.00275099999271330008 0.01925720088183879852 0.09125000238418569387 0.00687760021537540001 0.98074281215667724609 0.06374999880790710449 0.12195120006799689549 0.65714287757873535156 91600.00000000000000000000
53240.00000000000000000000 0.49295639991760248355 0.07438019663095470080 0.05725020170211789911 0.05175029858946800232 0.95578509569168079718 0.00199100002646439983 0.89664578437805175781 0.00246239989064629987 0.02941570058465000151 0.02199950069189069921 0.07739920169115059589 0.89058959484100341797 0.23073419928550720215 0.25552430748939508609 0.27388539910316467285 256400.00000000000000000000
1143.00000000000000000000 0.46281710267066950015 0.00000000000000000000 0.19947509467601770572 0.18566779792308799046 0.83289587497711181641 0.03937010094523429871 0.68721461296081542969 0.00456620007753370024 0.01598170027136799898 0.06410259753465649690 0.00000000000000000000 0.99543380737304676398 0.23931619524955749512 0.11999999731779090184 0.71428567171096801758 24400.00000000000000000000
29809.00000000000000000000 0.45895528793334960938 0.29001310467720031738 0.15153139829635620117 0.13299849629402160645 0.83001780509948730469 0.04223560169339179993 0.70382392406463623047 0.00377129996195430016 0.02911769971251480099 0.06815949827432629671 0.25820028781890869141 0.99359762668609619141 0.34749919176101679019 0.10164269804954520482 0.45255470275878900699 31100.00000000000000000000
403.00000000000000000000 0.48387101292610168457 0.00000000000000000000 0.13399499654769889134 0.18750000000000000000 0.85607939958572387695 0.00000000000000000000 0.67484658956527709961 0.00613499991595739969 0.02453989908099169989 0.10928960144519800357 0.00000000000000000000 0.98773008584976196289 0.41530048847198480777 0.08823529630899429321 0.75000000000000000000 14999.00000000000000000000
537.00000000000000000000 0.49720668792724609375 0.00744879990816110001 0.07262569665908809313 0.08518519997596739335 0.86033517122268676758 0.00000000000000000000 0.68367350101470947266 0.00000000000000000000 0.06122450157999990289 0.06666669994592659687 0.01530610024929040039 0.98469388484954845087 0.35238099098205560855 0.04545449838042250196 0.20000000298023221101 24200.00000000000000000000
2780.00000000000000000000 0.46618708968162531070 0.09352520108222960038 0.18453240394592279605 0.16172510385513300113 0.80035972595214843750 0.00000000000000000000 0.61365532875061035156 0.00166529999114570009 0.05911739915609359741 0.36421391367912292480 0.07826810330152510209 0.97085762023925781250 0.32451030611991882324 0.04832709953188889934 0.34285709261894220523 143500.00000000000000000000
4996.00000000000000000000 0.44615688920021051578 0.01641310006380080136 0.18214569985866541080 0.15684859454631799869 0.84627699851989746094 0.00300240004435180013 0.66805171966552734375 0.00046169999404810000 0.01523550041019909942 0.11229509860277170352 0.01338869985193009982 0.99630659818649280890 0.32622951269149780273 0.05896510183811180111 0.78461539745330810547 37200.00000000000000000000
4638.00000000000000000000 0.49525660276412958316 0.00323419994674620020 0.09120310097932810001 0.07090990245342250475 0.88917642831802368164 0.01207420043647280082 0.75781250000000000000 0.00455729989334940043 0.03255210071802130262 0.06169819831848139674 0.00260420003905889987 0.63085937500000000000 0.39340260624885559082 0.17027859389781949129 0.37500000000000000000 38900.00000000000000000000
130.00000000000000000000 0.42307689785957330875 0.00000000000000000000 0.30000001192092889957 0.22666670382022849339 0.76923078298568725586 0.00000000000000000000 0.50909090042114257812 0.01818180084228510074 0.03636360168457029862 0.22535209357738489322 0.00000000000000000000 0.98181819915771484375 0.39436620473861688785 0.00000000000000000000 0.66666668653488159180 14999.00000000000000000000
5343.00000000000000000000 0.46771478652954101562 0.16432720422744750977 0.18809659779071799535 0.14767929911613458804 0.86599290370941162109 0.01572149991989129844 0.71675729751586914062 0.00148289999924599994 0.02026689983904359990 0.11232999712228769473 0.17202170193195340242 0.79090458154678344727 0.39139971137046808414 0.13928009569644919652 0.76666671037673950195 23800.00000000000000000000
980.00000000000000000000 0.48673468828201288394 0.01122449990361919919 0.14897960424423209447 0.13717690110206601228 0.86326527595520019531 0.00000000000000000000 0.71890550851821899414 0.00497510004788629962 0.03980100154876699964 0.05854799970984449903 0.00746269989758719960 0.99751240015029918329 0.31147539615631097965 0.05263160169124599802 0.50000000000000000000 42800.00000000000000000000
384.00000000000000000000 0.50000000000000000000 0.16927079856395718660 0.14322920143604270238 0.16666670143604270238 0.90364581346511840820 0.00000000000000000000 0.75539571046829223633 0.00000000000000000000 0.02158270031213760029 0.07947020232677459717 0.15107910335063928775 1.00000000000000000000 0.25165560841560358218 0.06666669994592659687 1.00000000000000000000 17300.00000000000000000000
7972.00000000000000000000 0.46399900317192077637 0.00275969994254410007 0.17486199736595151033 0.13456590473651880435 0.78800797462463378906 0.02270450070500370024 0.62323200702667236328 0.00752330012619490014 0.06229310110211370294 0.10648020356893539429 0.00270839990116650015 0.99608790874481201172 0.40844309329986572266 0.07239820063114159321 0.64102560281753540039 55700.00000000000000000000
