1.12402915954589843750 1.51487195491790749280 -0.22058293223381039705 0.86065512895584106445 -1.63794529438018798828 -0.83791917562484741211 -0.91121619939804077148 0.75840365886688232422 -0.20218257606029510498 -0.52075469493865966797 0.85610967874526977539 -0.16869041323661798648 1.07387948036193847656 1.50246989727020263672 1.31767034530639648438 -1.13900101184844970703 -0.60362988710403442383 -0.97772794961929321289 1.49428761005401589124 -1.65049195289611816406 -1.53243076801300048828 0.67832231521606445312 -1.61247825622558593750 0.06641542166471479935 0.79346847534179687500 -0.41593083739280700684
0.46846008300781250000 1.15759336948394775391 -1.30295240879058837891 1.47763013839721679688 1.42171299457550048828 0.62003672122955322266 0.97060751914978038446 1.72092854976654030530 -0.15137632191181180086 -0.16590476036071769017 0.64502215385437011719 1.55208694934844970703 -0.78405237197875976562 1.60612094402313232422 1.37408113479614257812 0.92320311069488525391 1.20901238918304443359 -0.80685174465179443359 -0.79007303714752197266 -1.14004325866699218750 -1.46008455753326416016 -1.13556790351867675781 0.30701008439064020328 1.39464080333709716797 -0.46052876114845270328 -0.83420503139495849609
-0.96138548851013183594 -0.04534193873405450298 -1.42030894756317138672 1.39467346668243408203 0.41475677490234369449 1.42090165615081809314 0.28584581613540649414 1.34677076339721679688 -0.85109007358551025391 0.08848454058170310277 -0.73035430908203125000 -0.81092381477355957031 -0.68694704771041870117 1.20103597640991210938 1.33889091014862060547 -0.21743561327457419652 1.00523054599761962891 1.41678655147552490234 1.07680022716522216797 0.63008457422256469727 -1.15209364891052246094 -1.24441528320312500000 1.32831037044525168689 -0.67611914873123168945 -1.45427572727203369141 1.89386975765228271484
-1.01841580867767311780 -1.04502367973327636719 0.20811961591243741121 -0.64058393239974975586 -1.24969029426574707031 1.37903261184692382812 0.35777252912521362305 0.09168000519275659732 -1.17185699939727783203 -0.81058073043823242188 -1.32497990131378151624 0.29541102051734918765 1.10615360736846923828 0.74348109960556030273 0.80537390708923339844 -1.11902379989624023438 -1.36674451828002929688 -0.01762500219047059835 1.03371167182922363281 1.40285730361938476562 0.90336763858795154913 0.04530025273561470028 -0.37567806243896478824 -0.62643337249755859375 -0.89775919914245605469 -0.42448237538337707520
-1.51888608932495117188 -1.62021911144256591797 -0.20938637852668759431 0.68472683429718017578 -0.90881228446960438117 1.35658347606658935547 1.08853340148925781250 -1.23624074459075927734 -1.05273473262786887439 -0.00106699974276120010 -1.03071081638336181641 -0.09764266759157179398 -0.14797210693359369449 -0.52544885873794555664 1.07176375389099121094 1.68925774097442649158 0.49767926335334777832 -0.52794146537780761719 0.79622864723205566406 0.27364099025726318359 -0.84719651937484741211 1.07386136054992675781 0.15020987391471860017 -0.52158540487289428711 0.91131144762039184570 -0.70475971698760986328
-0.37834760546684259586 -0.21744434535503379124 0.01031938940286629934 0.48333796858787531070 0.87083977460861206055 -1.25050985813140869141 -1.20110225677490234375 0.55203181505203247070 0.63713091611862182617 -1.29297614097595192639 1.21105718612670898438 1.37861335277557350842 -0.80222815275192260742 0.02589440718293190002 0.66608732938766479492 -0.20222842693328849095 -1.02507197856903076172 0.86537796258926391602 -0.45624274015426630191 -0.89764058589935302734 0.37913337349891662598 -1.60631787776947021484 1.15594768524169921875 0.22803445160388940982 -0.63154590129852294922 1.20860004425048850329
-1.10120093822479248047 -0.33461263775825500488 -1.66756188869476318359 1.29665184020996093750 1.67981457710266113281 -1.54082834720611550061 1.00616395473480224609 -0.65020591020584106445 1.22812557220458984375 -0.09612276405096049914 -0.55981397628784179688 0.52751904726028442383 0.48897266387939447574 1.19235730171203591077 -0.73275196552276611328 -0.03670831769704809705 0.19469566643238059300 1.50376284122467041016 1.26041555404663085938 1.66638183593750000000 0.82413601875305175781 -0.57090610265731811523 -0.83456742763519287109 1.69616818428039550781 0.54215478897094726562 1.90062677860260009766
-0.13105410337448120117 -0.52778351306915283203 0.93176239728927601202 1.22308635711669921875 -0.21719762682914731111 1.62145745754241943359 0.01749634183943269902 1.13330531120300292969 -0.30214875936508178711 0.76472508907318115234 0.03735911473631849805 -1.37420988082885742188 1.23235237598419189453 0.10837093740701669864 0.35669872164726257324 0.56508058309555053711 -1.43459355831146240234 -0.66403555870056152344 -1.52029824256896950452 -1.40370512008666992188 -0.03371567279100409764 0.22903952002525329590 1.49693334102630615234 -0.87394988536834716797 -0.56644433736801147461 1.66791892051696777344
0.41872566938400268555 0.09159867465496060457 1.22982513904571510999 0.35649955272674560547 -0.28148254752159118652 1.02399778366088889392 -0.09714439511299130525 -0.19579765200614929199 -0.83220601081848144531 -1.68703591823577880859 0.39779388904571527652 -1.31823682785034179688 1.45783293247222900391 -1.62600886821746848376 0.25071382522583007812 -1.14183545112609863281 0.57482844591140747070 1.62053322792053222656 -0.71918451786041259766 0.50343978404998779297 1.46324801445007324219 1.21543610095977783203 -1.33565282821655273438 -1.66847705841064430921 -0.93087047338485717773 0.25310650467872619629
0.04887023568153379960 -0.38557773828506469727 1.00711989402770996094 0.12208542227745050601 -0.71094846725463867188 -1.18569552898406982422 -0.93531274795532237665 -0.13619485497474670410 -1.67742156982421875000 0.34476372599601740054 0.73960673809051513672 -0.43426659703254699707 0.07285124063491819901 -1.14499497413635231702 -0.09652826935052870316 -1.51771914958953857422 0.71725946664810180664 -1.64451837539672829358 0.13880710303783411197 1.27628564834594726562 -0.54034221172332763672 0.94796627759933482782 0.29476150870323181152 0.36424753069877618961 -1.31959426403045632092 0.68075257539749145508
0.10991536825895309448 0.08073972165584560046 -0.40093520283699030093 0.58347982168197631836 -1.34934139251708984375 -1.48743486404418967517 -1.11228704452514648438 -0.32342284917831420898 0.10737807303667060155 -1.18264091014862060547 0.90330994129180919305 -0.95469325780868519171 1.39615809917449951172 -1.71994292736053489001 0.52641665935516357422 -0.88565033674240112305 0.65281611680984497070 1.55946886539459250720 -0.73815107345581054688 0.64857655763626098633 0.47737243771553039551 -1.55600106716156005859 1.08255708217620849609 -0.78607636690139770508 -0.95729953050613403320 0.56137675046920776367
0.01561595313251010024 -0.16611124575138089265 -0.32062712311744689941 -1.03061115741729736328 -1.06316566467285156250 -0.61526358127593994141 0.43524152040481567383 0.13201077282428738680 -1.11603367328643798828 0.86573767662048339844 0.96780025959014881476 -1.50322210788726806641 1.17874705791473410876 -0.25541797280311578922 -0.74284851551055908203 -0.41793739795684808902 -1.20425057411193847656 -1.23624479770660400391 -0.56422853469848632812 0.99476230144500721320 -1.33656167984008789062 -0.67743527889251708984 1.32418036460876464844 -1.06107735633850097656 1.60214948654174804688 0.11457969993352890015
0.11924497783184050126 -0.71648645401000976562 1.65496230125427246094 0.47494846582412719727 0.31685411930084228516 1.45890176296234130859 -0.37424930930137628726 0.31209063529968261719 -0.47165843844413757324 0.35973414778709411621 -0.95615994930267322882 1.50799071788787841797 1.39700555801391601562 -0.73347043991088867188 -0.76025432348251342773 -0.19024063646793359927 1.49446284770965576172 -1.38925182819366455078 1.48083055019378662109 0.10308363288640970401 1.41498959064483642578 1.66530466079711914062 -0.88113427162170410156 1.49567294120788552014 0.95832455158233642578 1.97970890998840354236
-0.54215830564498901367 -0.68085670471191406250 0.38344368338584899902 -0.56197738647460937500 -0.32147487998008728027 -1.31468129158020019531 -0.63206762075424194336 -0.68609577417373657227 0.81343883275985717773 0.04801502078771589799 1.43304800987243630139 0.77344912290573120117 -1.14147961139678955078 -1.18093061447143554688 -0.94524276256561279297 -1.56406128406524658203 0.67711049318313598633 1.28609800338745117188 -1.04611384868621848376 0.26117926836013788394 -0.31814676523208618164 1.48937964439392089844 -0.70982629060745239258 0.82334101200103759766 1.21198284626007080078 0.10051801800727840075
-0.91724550724029541016 -0.69750714302062988281 -0.25810870528221130371 -0.13557693362236020174 0.40416476130485529117 0.10201129317283630371 -1.26038694381713889392 -1.55266225337982177734 0.41806080937385559082 1.17989408969879150391 -0.80536150932312011719 0.13857287168502799291 -1.03587520122528076172 0.02752149663865560009 0.59015029668807983398 -1.28564476966857910156 -0.82890659570693969727 1.32755804061889648438 0.65039068460464477539 0.63960152864456176758 -1.23633325099945090564 -0.19415464997291559390 -1.37458097934722900391 -0.40314835309982299805 1.44003582000732421875 0.48216497898101801090
1.13375544548034690173 1.70701634883880615234 -1.00417494773864768298 0.82225918769836425781 -1.26718604564666770251 0.83499598503112792969 -1.70294570922851562500 -0.76542240381240844727 1.51523232460021950452 -0.78650188446044921875 -0.12281101942062369603 1.05266392230987571033 0.82998788356781005859 0.54102337360382080078 -1.02021992206573486328 1.63695693016052246094 -0.36492589116096491031 -0.22229267656803131104 0.20817102491855621338 -0.85666370391845703125 1.53524541854858398438 -0.10146485269069670243 1.38612234592437744141 -0.43283084034919738770 -1.35532736778259277344 0.35023766756057739258
-2.00171613693237304688 -1.44517970085144042969 -1.13863217830657958984 0.18200078606605529785 -0.71846812963485717773 -1.29954719543457031250 0.44193357229232788086 0.42227429151535028629 -0.20180678367614740543 0.72851407527923583984 0.17201897501945490054 0.19612270593643180150 0.10147804021835320210 0.55014646053314208984 -1.11880373954772949219 -1.29455697536468505859 1.36414670944213889392 1.62037003040313720703 -1.56493878364563010486 0.72225970029830932617 1.71348965167999289783 -0.65419870615005493164 1.73978805541992209704 1.25875139236450195312 1.37967085838317871094 -0.14562776684761039037
-0.54469823837280273438 -0.80976253747940063477 0.06576139479875560412 -0.11894596368074410175 1.07956552505493164062 -0.60432243347167968750 1.45635807514190673828 0.01284160371869800046 1.12421345710754394531 0.31854420900344848633 0.95569580793380737305 -1.63654232025146484375 1.18014967441558837891 -0.39327573776245111636 1.57656204700469970703 1.25600206851959250720 -0.88768732547760009766 -1.61304736137390136719 0.02986218221485609919 1.30356240272521950452 -0.91923081874847401007 -1.14877045154571510999 0.10502316802740090107 0.72684574127197265625 -0.52468413114547729492 0.60444325208663940430
-0.90113335847854603156 -0.27167969942092889957 -0.73817116022109985352 1.24338841438293457031 0.40115770697593688965 1.02629661560058593750 -1.15308642387390136719 -0.94626480340957641602 0.40183049440383911133 -1.77608740329742431641 1.22381949424743630139 0.36317881941795349121 1.23146295547485351562 -0.22221927344799038972 0.32137137651443481445 1.03641760349273681641 0.67816954851150512695 1.06971871852874755859 -0.78219389915466308594 0.34502649307250971011 1.58609986305236816406 -1.14245390892028808594 -0.93177407979965198859 -1.23291850090026855469 -1.30276083946228049548 1.54557728767395019531
-0.33301609754562377930 -0.67192369699478149414 0.56435036659240722656 -0.26491692662239069156 -1.15256273746490478516 -0.78237998485565185547 -1.63977205753326416016 -1.01341331005096435547 -1.59453392028808593750 -1.54122507572174072266 -1.11909770965576149671 -0.42669618129730219058 -0.28694716095924377441 1.26531565189361550061 0.28796452283859247379 -1.23024487495422363281 -0.77611821889877319336 0.10560204088687889790 0.65095102787017822266 -1.61944174766540527344 1.21515655517578125000 0.22423891723155969791 -1.55482375621795632092 0.37416207790374750308 -0.26465061306953430176 0.42151764035224909000
0.20677413046360010318 -0.67832386493682861328 1.67887973785400390625 -0.70498567819595336914 0.63708484172821044922 1.32478964328765869141 -1.23134684562683105469 -0.19000816345214840974 -1.33535456657409690173 1.09369969367980957031 -0.46728736162185668945 0.20191967487335199527 -0.53555232286453247070 -1.35084462165832519531 1.17591273784637428967 -0.27263343334197998047 -0.76372390985488891602 1.64244627952575683594 0.89792960882186889648 1.04744625091552712171 1.46535921096801757812 -0.62944751977920532227 -1.66728305816650390625 0.48964926600456237793 -1.50796186923980712891 1.40628170967102050781
-1.46729946136474609375 -1.45022475719451904297 -0.53350436687469482422 -1.16685128211975097656 0.42355063557624811343 -0.64918613433837890625 -1.39588356018066406250 -1.24300265312194824219 0.91473972797393798828 0.58351159095764160156 -1.13647627830505371094 0.35078802704811090640 -0.68330609798431396484 0.71967774629592895508 -1.48448657989501953125 -0.87928819656372070312 -1.54189622402191162109 -1.17760694026947021484 0.51458162069320678711 -0.25087109208106989078 -1.55026078224182128906 -0.11258403956890100650 -1.34647774696350097656 1.20370233058929443359 0.81918972730636596680 -0.77458983659744262695
0.96360230445861816406 0.84699803590774536133 0.24881467223167419434 -1.62006461620330810547 1.47957921028137207031 1.44508326053619384766 -0.14010320603847500887 -0.76982176303863525391 1.61066305637359619141 -0.98067623376846324579 -1.31939756870269775391 0.61893057823181152344 1.50325977802276589124 1.15540075302124023438 -1.46959924697875976562 -1.66686940193176269531 0.77352535724639892578 -1.17556250095367431641 -1.21389234066009521484 0.02029743045568459942 -1.06947410106658935547 0.94154757261276245117 1.62804114818572998047 0.66872316598892211914 -0.24092262983322140779 -2.33501529693603515625
0.44905766844749450684 -0.08956897258758539371 0.71013402938842773438 -1.58061432838439941406 -1.23592090606689430921 0.56677019596099853516 0.29380261898040771484 1.01007294654846191406 0.98270660638809204102 -0.17668743431568140201 -1.75578224658966064453 0.97479712963104236945 0.50887805223464965820 0.12636688351631159000 -0.99202179908752441406 -0.13633456826210019197 0.97991496324539184570 0.69642716646194458008 0.01773407310247419877 -0.76130974292755126953 -0.86706393957138061523 1.13072025775909423828 -0.62037473917007446289 0.79378384351730346680 1.20572984218597389905 -0.54341310262680053711
1.41673088073730490954 1.07199311256408691406 0.86067640781402587891 0.53134763240814208984 1.28440344333648681641 -1.26791822910308837891 0.90905839204788196906 1.08317434787750244141 1.61516082286834716797 0.65584158897399902344 1.35984373092651367188 1.17135214805603049548 0.05040824785828589699 0.44915094971656799316 0.65245097875595092773 1.46217334270477294922 1.61037087440490722656 -0.26724171638488769531 1.22544217109680175781 -1.22514009475708007812 -1.51494097709655761719 1.52153003215789794922 0.91460716724395763055 -0.01144333928823470029 -0.02903154864907259852 -0.38800081610679620914
-0.84679436683654785156 -0.16077406704425808992 -1.13457310199737571033 0.28404894471168518066 0.84405070543289184570 -0.65171998739242553711 -1.54409956932067871094 -0.19902567565441128816 -0.37027943134307861328 -0.77544224262237548828 -1.30482614040374755859 1.34340918064117431641 0.78087973594665527344 1.47345352172851562500 -1.36621844768524169922 -0.00467400811612599977 0.10665185749530789461 0.97010171413421641962 1.41022539138793967517 0.95306354761123657227 -1.38991904258728049548 1.70583939552307128906 0.75193983316421508789 1.11450183391571044922 1.10257208347320556641 1.20170307159423850329
-0.67382621765136718750 -0.87555742263793945312 0.20563779771327969637 0.68003273010253906250 0.55975294113159179688 0.09945862740278239855 -0.48040533065795898438 -0.68025624752044677734 1.65637040138244628906 -1.68299162387847900391 -0.56781035661697387695 -0.70236265659332275391 -1.67767703533172607422 -1.30574762821197509766 0.62335413694381713867 -0.00776092521846289980 0.59828621149063110352 1.12820005416870117188 -0.34344157576560968570 -0.55817949771881103516 1.40600025653839111328 -0.56631135940551757812 -0.83493840694427490234 -0.73685067892074584961 -0.24520581960678100586 0.53032124042510986328
-0.61914062500000000000 -0.09211084246635430073 -1.35346674919128417969 0.00639678630977860013 0.93715250492095958368 1.06669175624847389905 0.13697938621044158936 0.68497568368911743164 0.60512685775756835938 0.40650904178619379215 -1.57136201858520507812 0.26070833206176757812 0.51602286100387573242 -0.36151972413063049316 -0.34085929393768310547 1.49010086059570312500 0.29883176088333129883 -1.20371174812316894531 -1.29879260063171408923 -0.67334151268005371094 -1.58157384395599365234 -1.37964379787445090564 -1.51415312290191650391 -0.88723242282867431641 0.83918869495391845703 1.64138972759246848376
-1.54344058036804199219 -1.25280785560607910156 -0.50336325168609619141 -0.62280482053756713867 0.28747725486755371094 -1.57259082794189430921 0.73807066679000854492 -0.55932682752609252930 -1.39149045944213889392 -1.62969207763671875000 0.05435471236705780029 -0.80210089683532714844 -1.43467223644256591797 0.28160122036933898926 -1.12976634502410888672 -1.24584794044494628906 -1.40751075744628906250 -0.72852075099945068359 -0.78811740875244140625 0.94668161869049083368 -1.26200354099273681641 -1.49972939491271950452 -0.29242342710494989566 1.11771166324615478516 1.61323916912078857422 -0.65787905454635620117
-1.16776323318481445312 -1.14964103698730490954 -0.28630948066711420230 -1.31240880489349365234 0.98191249370574962274 0.09259320050477980180 1.50884485244750976562 1.03165960311889648438 0.11537166684865950150 0.90901172161102294922 1.25854241847991943359 -0.38618192076683038882 0.48245218396186828613 1.17304170131683349609 1.34142327308654807361 0.08122522383928290624 -1.57838129997253417969 0.37227794528007507324 0.36354485154151910953 0.30716222524642938785 -0.18248251080513000488 -0.10445406287908549914 0.67682176828384399414 0.39942443370819091797 -0.58143252134323120117 -0.57474851608276367188
-0.74047124385833740234 0.13590441644191739168 -1.41550910472869873047 0.77788621187210083008 -0.30710032582283020020 -1.05209004878997802734 0.32143759727478027344 0.70074248313903808594 -0.52011227607727050781 -0.44883292913436889648 1.53639483451843261719 -0.82800203561782836914 0.70406091213226318359 1.64059042930603049548 -1.38782668113708496094 1.10872268676757790296 1.07811176776886008533 -1.24555468559265136719 0.91330951452255237921 0.18748365342617029361 -1.45081508159637428967 -0.45667627453804010562 -0.81582325696945190430 -1.09639918804168701172 -0.23044104874134060945 1.32573235034942649158
-1.35128235816955566406 -1.26037776470184326172 -0.43955093622207641602 0.86389756202697753906 0.61706125736236572266 0.80439740419387817383 -0.40329563617706298828 -1.71337723731994628906 0.07085224986076349429 0.86024427413940429688 0.78189128637313842773 -0.25275677442550659180 1.08391821384429909436 0.25488153100013727359 -0.93286919593811035156 -0.02671352215111250095 1.34122395515441894531 -1.50681626796722389905 1.41037654876708984375 1.58165550231933593750 0.22182728350162500552 -0.19341814517974850740 -1.43645751476287841797 0.20755368471145629883 -1.37106883525848410876 0.08611191064119330663
-0.23377697169780731201 0.27624467015266418457 -0.84614640474319458008 -1.12117791175842285156 -1.02093935012817382812 0.89736902713775634766 -0.19837112724781030826 -0.03464354947209349889 -1.52743542194366455078 1.12213444709777832031 -0.03486055508255950230 -1.62983930110931396484 -0.18869671225547790527 -0.96593290567398082391 -1.71940791606903076172 1.42289817333221435547 1.25226771831512428967 0.34017258882522577457 1.56455481052398681641 0.25759422779083251953 -0.97064852714538563117 1.70071685314178489001 -0.10122124850749969482 1.67995119094848632812 -0.75248700380325317383 -0.04995554685592649979
1.12109780311584472656 1.06101953983306884766 0.61200243234634399414 1.34959793090820312500 1.47503805160522460938 1.29983520507812500000 -1.68307411670684792249 -0.55305796861648559570 1.70546662807464599609 0.80962073802947998047 -1.11407434940338112561 -1.05958473682403564453 1.41877281665802001953 -1.62199676036834716797 -0.31450700759887689761 1.46729207038879394531 1.02536821365356445312 -0.84978723526000976562 -0.76481419801712036133 -1.57035136222839355469 1.36482906341552712171 -0.46312081813812250308 0.09977907687425610628 -0.03621133789420120236 1.58601355552673339844 -0.76831698417663574219
0.97338181734085083008 0.78013592958450317383 0.07973069697618480334 0.52223372459411621094 1.51625704765319824219 1.43309307098388671875 -1.29702425003051757812 0.21709999442100519351 -1.24866008758544921875 0.61118853092193603516 0.63960319757461547852 0.81599521636962890625 1.56779277324676513672 0.09799720346927640047 0.06092767417430870053 1.27934753894805908203 -1.11105906963348410876 1.06738638877868630139 -1.32837581634521484375 -0.56893551349639892578 -0.41560244560241699219 -1.62400031089782714844 1.27361857891082763672 1.72822594642639160156 0.58616447448730468750 -1.49175357818603515625
1.01755511760711669922 1.68745303153991699219 -1.28658533096313476562 0.87619948387145996094 -0.36617031693458551578 1.07960391044616699219 -0.68636387586593627930 -1.58990120887756369861 -1.19931185245513916016 -1.06837344169616699219 -1.72259259223938010486 0.92233258485794078485 -1.36029744148254394531 -1.33090090751647949219 0.38128975033760070801 1.04889905452728271484 -1.67165434360504150391 -1.05604386329650878906 0.67157971858978271484 1.46587014198303222656 0.80152219533920288086 0.12491902709007260408 0.77816557884216308594 1.54076731204986550061 -1.00319051742553710938 0.42979007959365839175
1.87938630580902099609 1.45437037944793701172 1.59410750865936279297 -0.00553311267867680028 1.16259825229644775391 -1.36830520629882790296 0.29768505692481989078 -1.44455015659332275391 0.94466888904571522101 0.41243925690650939941 -1.17265844345092751233 -1.16861855983734130859 -1.20444309711456298828 1.32826280593872070312 -0.22438982129096979312 1.56970655918121337891 0.48693531751632690430 -0.32531374692916870117 1.24786961078643798828 -1.54343354701995849609 0.27575716376304620914 -0.83136665821075439453 0.83057606220245361328 0.27799320220947260074 0.79353916645050048828 1.70691800117492675781
0.87029623985290527344 0.72616070508956909180 0.27016252279281610660 -1.55649507045745849609 0.66419416666030883789 0.43641534447669977359 -1.27834844589233398438 0.88794988393783569336 -1.13473272323608398438 -0.94683587551116943359 0.82134532928466796875 0.19524441659450531006 -1.18833398818969726562 0.85560834407806396484 0.49169677495956420898 -1.16550540924072287829 0.43278729915618890933 1.22688698768615722656 -0.48535674810409540347 -0.81383436918258666992 -0.73938912153244018555 1.55980384349822998047 -0.23649707436561578922 1.44742619991302490234 -0.53180271387100219727 -2.37545180320739701685
-0.02022982574999329999 0.00018583927885619999 0.29802760481834411621 1.53945660591125488281 0.25277733802795410156 -0.79450631141662597656 0.53596580028533935547 -1.53141844272613525391 0.32389858365058898926 0.79822534322738647461 -0.32885587215423578433 1.52860808372497558594 -0.45176190137863159180 1.07254695892333984375 1.10059869289398193359 -0.13113343715667719058 -1.43087542057037353516 -0.08928095549345009541 -0.04205420985817900220 -0.60988432168960571289 -0.57301962375640869141 1.53321075439453125000 -0.22789525985717770662 1.65175569057464599609 -1.44858109951019287109 0.99692022800445556641
-1.04876959323883056641 -1.18048131465911887439 -0.54284816980361938477 -1.01393830776214599609 0.54437828063964843750 0.05654620379209510106 -1.41148734092712402344 1.64444625377655029297 -1.43261194229125976562 -0.77194416522979736328 -0.41906523704528808594 0.49075222015380859375 1.18603587150573730469 1.46477496623992919922 0.79792892932891845703 1.60313105583190917969 1.22612619400024391858 -0.86291426420211791992 -1.61442208290100097656 -1.35989797115325927734 -0.47897255420684808902 1.05558216571807861328 0.89458328485488891602 1.15263581275939941406 1.56160545349121093750 -0.36758580803871149234
0.73775088787078857422 0.10199300199747080020 0.81626486778259277344 -1.18866515159606911389 0.82913231849670410156 1.14115905761718750000 -1.64564156532287597656 -0.19771359860897058658 0.48323279619216918945 -0.56273770332336425781 -0.11793694645166390156 -0.63932430744171142578 -0.60251021385192871094 -1.36444532871246337891 -1.10857057571411110608 0.28080758452415460757 1.62999033927917480469 0.66688936948776245117 1.02223455905914306641 1.24606263637542724609 -0.34453451633453369141 1.21141958236694335938 -0.60236716270446777344 -1.41490960121154807361 0.59914815425872802734 -0.50604325532913208008
-0.30942651629447931461 -0.21891282498836509007 -0.61670655012130737305 0.46575376391410827637 -0.26058831810951227359 -0.23034842312335959691 -0.12895949184894558992 -1.13454139232635498047 0.57009124755859375000 -0.98746138811111439093 -0.63839942216873168945 0.80762463808059692383 1.66086089611053489001 -0.46448877453804010562 -1.21863281726837158203 -0.58965772390365600586 -0.60517787933349609375 1.35391128063201904297 0.99626296758651722296 -1.11619555950164794922 -0.93602544069290161133 1.16579568386077880859 0.22189512848854059390 0.51682674884796142578 1.58540034294128417969 1.14667570590972900391
-0.62041610479354858398 -0.35860803723335260562 -0.61526012420654296875 0.16961073875427240543 0.62722581624984741211 -1.19542002677917480469 1.27338194847106911389 -1.08157312870025634766 1.70331621170043967517 -0.81006830930709838867 -1.72716128826141357422 0.56510424613952636719 0.39063057303428649902 -0.55533730983734130859 -0.11099021881818769975 1.01708364486694335938 -1.45532393455505371094 -0.83956295251846313477 0.70613431930541992188 -1.00134968757629394531 0.33616968989372247867 -1.43520045280456542969 -0.91079807281494140625 1.60118579864501953125 -1.39205098152160644531 1.15889048576354980469
-0.85596460103988647461 -0.51429551839828491211 -0.45539581775665277652 1.25818765163421630859 1.46696710586547829358 -1.40431928634643554688 0.79587280750274658203 -0.78542512655258178711 1.00579464435577392578 0.03054957278072829852 -0.96778130531311035156 -1.57178688049316406250 -1.01998305320739768298 1.32425093650817871094 -1.27079963684082031250 -1.39997124671936035156 0.66884386539459228516 -0.35715478658676147461 1.59524071216583229749 0.66720485687255859375 0.73215591907501220703 1.52596330642700195312 -1.19069051742553710938 1.39675652980804443359 -1.31584227085113525391 1.18667805194854736328
-0.22774328291416159886 0.26046234369277948550 -0.86039811372756958008 -1.39729404449462890625 0.16264614462852469701 -0.27801513671875000000 1.35076189041137695312 -0.46215927600860590152 0.57835286855697631836 -0.42235049605369567871 0.67780107259750366211 -0.98953807353973399774 -1.10766017436981201172 -0.95230460166931163446 -1.38040232658386230469 -0.02969428338110439991 -0.61734765768051147461 1.49083232879638671875 0.18066425621509549226 1.40711057186126708984 -1.59717202186584472656 0.53500461578369140625 -0.02465314790606490045 0.11329804360866539692 -1.40937948226928710938 0.13654330372810360994
-1.22173702716827392578 -0.83838295936584472656 -0.37919807434082031250 0.00825582817196839937 1.48957431316375710217 -0.72484701871871948242 -1.27535355091094970703 -1.12398326396942138672 0.10771101713180540604 -0.34187600016593927554 -1.23477709293365478516 -0.50844901800155639648 1.28570008277893088611 0.99512392282485961914 1.23555195331573486328 0.76936572790145874023 0.31747320294380187988 0.69411283731460571289 0.27430725097656250000 -1.35391211509704589844 -0.42040625214576721191 1.09668719768524169922 -0.67177093029022216797 -0.85405278205871582031 0.70530426502227783203 0.47202968597412109375
0.14321747422218319978 0.14517083764076230135 0.05527450889348980295 0.34129369258880609683 0.45784360170364379883 -1.20866608619689941406 -0.38334733247756958008 0.69368380308151245117 -0.62358027696609497070 0.93354767560958862305 -1.47417485713958740234 -1.10590696334838889392 0.34533593058586120605 -1.55625593662261962891 1.70811474323272705078 -0.52862745523452758789 0.49151864647865289859 0.09461850672960279984 0.60979336500167846680 0.42039027810096740723 -0.60481268167495727539 -1.44200754165649391858 -0.10356625169515609741 -1.30573236942291259766 -0.10394511371850960468 0.42512157559394830875
1.57399690151214599609 1.60272848606109619141 -0.32118186354637140445 -1.25965201854705810547 -0.28746077418327331543 -0.57402372360229492188 0.40815606713294977359 0.01345433387905350074 -0.26029455661773681641 -1.69551694393157958984 0.44561815261840820312 1.08037424087524391858 -1.73995697498321510999 -1.52769136428833007812 1.49412560462951660156 -0.74365359544754028320 1.40451049804687500000 -1.29927575588226318359 -0.44402337074279779605 -0.82970041036605834961 1.36468434333801269531 -1.29535269737243630139 -0.53331661224365234375 -0.38233968615531921387 0.00269020022824399989 -0.21920394897460929173
-0.53755336999893188477 -0.62559425830841064453 0.15804553031921381168 0.96342873573303222656 -1.63813924789428710938 -1.01186311244964599609 -1.42175734043121337891 -1.49170267581939697266 0.46060949563980102539 -1.31440806388854980469 -0.68464374542236328125 0.11736252158880229601 1.42750072479248046875 -1.71308517456054687500 1.60084378719329833984 1.01849627494811989514 -0.53336673974990844727 1.25890254974365234375 0.19989739358425140381 -0.34965798258781427554 0.31061986088752741031 1.32635569572448730469 0.36330312490463251285 0.75222945213317871094 0.15265822410583490543 0.46382209658622741699
1.21941363811492919922 1.30376219749450683594 0.48766615986824030093 1.03056573867797829358 1.44445896148681640625 1.74880015850067138672 -0.27235773205757141113 -1.31343173980712890625 -0.44809389114379877261 0.86828291416168212891 0.56030982732772827148 0.79836910963058471680 0.39841336011886591129 -0.02004131115972989860 -1.33471143245697021484 0.28829634189605707340 -0.69169878959655761719 -0.81454581022262573242 -1.45665311813354492188 0.59064507484436035156 -0.46571934223175048828 -0.53365981578826904297 0.95308983325958240851 -0.86265909671783447266 0.39416009187698358707 -0.21486823260784149170
-1.42907643318176269531 -1.17047679424285888672 -0.79885041713714599609 -0.67881125211715698242 1.06655144691467285156 -0.94172489643096923828 0.13403965532779690828 -0.89570206403732299805 -0.49537059664726257324 -1.09398937225341796875 1.27424657344818115234 -0.01696826331317419917 -1.03847479820251464844 -0.86838728189468383789 1.75467324256896950452 -0.67484331130981445312 1.27796912193298339844 1.54071557521820090564 1.34359884262084960938 0.07395113259553899587 1.59178435802459716797 -1.25741314888000488281 0.49669647216796869449 -0.32448539137840270996 -0.64642119407653808594 -0.22133913636207580566
2.10519862174987792969 1.73988723754882790296 1.05642473697662353516 0.56915390491485595703 -1.11808001995086669922 -1.29142534732818603516 0.11234825849533079667 -0.17703512310981750488 0.25431662797927850894 -0.09395988285541530260 -0.26932486891746520996 1.36564254760742209704 -1.47597229480743408203 1.47983384132385231702 -0.12358827888965599751 -1.71063435077667236328 -0.74213892221450805664 1.60884463787078857422 -1.62250125408172607422 0.15708307921886441316 1.45333492755889892578 -0.71968781948089599609 -0.62907767295837402344 -0.26320466399192810059 1.68034064769744873047 0.48347520828247070312
1.74153435230255126953 0.96035605669021595343 1.66439545154571510999 -1.23325073719024658203 -1.58070576190948486328 0.30061802268028259277 -1.26331067085266113281 0.90696507692337036133 -0.18705371022224420718 -0.57139611244201660156 0.58684468269348144531 1.03051960468292236328 -1.65782785415649391858 0.45997431874275207520 -0.16169719398021689671 -0.52359670400619506836 -1.15579426288604736328 -0.21161307394504538792 0.88792198896408081055 1.31319653987884521484 1.67768728733062744141 -0.11358060687780380249 1.05034959316253662109 0.98623806238174438477 0.65519112348556518555 -0.96426212787628162726
-1.26600718498229980469 -1.24199962615966796875 -0.57449156045913696289 -0.61521416902542114258 0.83263474702835083008 0.29100519418716430664 -1.16019558906555175781 1.24999523162841796875 -0.00061701901722690004 -1.02479374408721923828 -1.54604363441467285156 0.09552274644374840473 -1.08270704746246337891 -1.11410415172576904297 0.04145219549536700160 -1.35400629043579101562 -0.69080024957656860352 0.94341987371444702148 -1.12480998039245605469 0.71786421537399291992 -1.73000216484069824219 1.05065453052520751953 -0.91880124807357799188 1.67981898784637428967 0.81428724527359008789 -0.06215783953666680073
-0.59378904104232788086 -0.29692694544792169742 -0.35523688793182367496 1.59802746772766113281 -0.25889647006988519840 -1.15725517272949218750 -1.53401374816894509046 0.06808904558420179887 -1.29722142219543457031 -0.23812428116798400879 0.79633283615112304688 -0.47148087620735168457 0.88545471429824829102 -1.09944331645965576172 1.49407029151916503906 1.37195241451263449939 0.49683928489685058594 1.17519795894622802734 -0.81490087509155273438 1.12344884872436523438 0.40287789702415460757 0.94558215141296397821 0.68775033950805664062 -0.80630332231521606445 0.09337931871414180407 1.25731515884399391858
0.23362892866134640779 0.95644676685333240851 -1.44207477569580078125 -0.64346462488174438477 1.03597295284271240234 0.21233640611171719637 -1.07882285118103049548 1.09389543533325195312 1.30053186416625976562 1.10821783542633056641 0.22250768542289731111 -1.03282785415649391858 -1.13639116287231445312 0.23563633859157559480 -0.32654243707656860352 -0.84732925891876220703 -0.64629197120666503906 -1.15538954734802246094 0.24119630455970761385 -1.37775754928588889392 -0.44435766339302057437 -1.51908266544342041016 -1.45127081871032714844 -0.04388772696256629940 -1.03783273696899391858 -0.95527875423431396484
1.01884114742279030530 1.66859602928161621094 -1.11911451816558837891 -1.74971199035644509046 1.66913974285125710217 -1.14527165889739990234 -1.12535595893859863281 1.79383087158203125000 -1.68609356880188010486 0.72027105093002319336 0.21076659858226770572 1.14702057838439941406 -1.54264235496520996094 -0.56086909770965576172 0.62277358770370483398 1.65757107734680175781 -0.42451551556587219238 -1.23427069187164306641 -0.87777465581893920898 1.07676792144775390625 0.41674804687500000000 -1.17875242233276367188 -0.71890997886657714844 0.06195854023098940067 -0.37653464078903198242 -0.53747761249542236328
1.78745579719543457031 1.73419857025146484375 0.47087240219116210938 0.14101454615592950992 -1.52953314781188964844 -1.46482217311859130859 1.24179458618164062500 1.19121444225311279297 -0.09369529783725730199 -0.86436402797698974609 -1.05468404293060302734 -1.48431384563446044922 1.45443654060363769531 1.53768730163574218750 -0.84955137968063354492 -0.41742184758186340332 -1.16258335113525390625 -1.45571005344390869141 -1.54055535793304443359 0.69433641433715820312 -0.27626132965087890625 1.23477435111999511719 -1.37519729137420632092 -1.03338766098022460938 1.37321674823761008533 0.51689785718917846680
-0.75014358758926391602 -1.60282385349273681641 1.51011586189270019531 -1.28025424480438232422 0.40083277225494379215 -0.26808983087539667300 0.20715260505676269531 1.10274875164031982422 0.89210289716720581055 0.51545405387878417969 -0.60935103893280029297 1.30135393142700195312 -1.23434412479400634766 1.04274404048919677734 -0.88843446969985961914 0.29121708869934082031 0.45956662297248840332 0.49706432223320007324 0.00933395046740769993 0.40182775259017938785 -0.93526279926300037726 -0.00377513491548590006 -1.01567542552947998047 1.47186374664306640625 -1.02665710449218750000 -0.35772410035133361816
0.12819230556488028783 -0.46372342109680170230 1.36182057857513449939 -0.79579567909240722656 -1.56302225589752197266 0.19153392314910888672 1.45782554149627685547 -1.00881910324096679688 1.00432980060577392578 -0.01610456779599180044 0.52797561883926391602 1.52316987514495849609 1.23270046710968017578 -0.03917272016406050245 0.40759822726249689273 -0.38437741994857788086 -1.61508119106292724609 0.42277538776397699527 -0.87891912460327148438 -0.19771647453308099918 -1.17445504665374755859 -1.62164521217346191406 1.53932106494903564453 -0.51763671636581420898 0.64058852195739746094 0.86943548917770385742
1.52307510375976562500 1.43299412727355957031 0.28497508168220520020 -1.70229220390319824219 -0.74155312776565551758 0.17509648203849789705 1.50200164318084716797 -0.17631287872791290283 -0.03615476936101909983 -0.43326297402381891422 -0.00114045070949940009 -1.14807915687561035156 -0.32888674736022949219 0.05253979936242100107 0.45249480009078979492 -0.88603544235229492188 -0.34328275918960571289 -0.68492305278778076172 0.87595844268798828125 0.20418609678745269775 -1.27029681205749511719 1.66597104072570800781 0.32560572028160089664 0.10144338756799689549 0.46129393577575678043 -0.73075556755065917969
-0.21630485355854028873 -1.24928545951843261719 1.69598782062530517578 -1.70896673202514648438 -1.06768345832824707031 -0.15414178371429440584 0.76567840576171875000 0.82746368646621704102 -0.44448792934417719058 0.20259125530719748753 -1.41824483871459960938 1.05318737030029296875 -1.09691965579986550061 -0.68484234809875488281 -1.37713766098022460938 1.11949288845062255859 -1.02244949340820312500 1.37622404098510742188 1.22794628143310569079 -1.46771693229675292969 0.80366390943527221680 0.33852300047874450684 0.14591363072395319156 0.91529864072799682617 -1.34130454063415527344 -0.22137746214866629857
1.48892045021057128906 1.21837699413299560547 0.68567591905593872070 -0.43464490771293640137 -1.65260195732116699219 0.46207216382026672363 0.91884177923202514648 -1.06722176074981689453 -0.10624901205301280627 1.26014184951782248767 -0.83336687088012695312 -0.49323517084121698550 0.35836493968963617496 -0.76613277196884155273 0.47278800606727600098 -0.03964724764227860188 -1.18201208114624023438 -1.40106034278869628906 0.16960909962654110994 -1.46959543228149391858 -1.15973067283630371094 -0.34167224168777460269 1.78295385837554909436 1.15145134925842285156 -0.37804159522056579590 -0.78333127498626708984
-0.40845832228660577945 -0.32592102885246271304 -0.17712876200675958804 1.67582213878631591797 -0.28280666470527648926 0.48266074061393737793 -1.63558816909790039062 -1.22996854782104492188 -0.62855917215347290039 -1.20620965957641601562 0.71472877264022827148 -0.69908243417739868164 -1.51748335361480712891 1.42849338054656982422 -0.33197462558746337891 1.05821704864501953125 -1.23549675941467285156 0.06654243171215050434 -0.78586244583129882812 0.33801716566085809879 0.61976140737533569336 1.48806059360504150391 0.12649126350879669189 -0.96755683422088623047 -1.55503010749816894531 1.44231164455413818359
-0.32911315560340881348 0.11288423836231230302 -0.57774615287780761719 0.51472008228302001953 -1.39521896839141845703 1.17762947082519509046 1.00705349445343017578 1.16209244728088378906 1.50931644439697287829 -0.01922298409044740156 1.65562510490417480469 -0.82656824588775634766 -0.96447443962097156867 -0.80938905477523803711 0.54547685384750366211 -0.48685681819915771484 -1.70684444904327392578 -0.50129199028015136719 1.29446876049041770251 -0.76756829023361206055 0.69569009542465209961 0.27548196911811828613 -0.73635256290435791016 -1.00339925289154030530 -1.30001556873321510999 0.69574940204620361328
1.36916685104370117188 1.04044961929321289062 1.38885295391082763672 -1.10742914676666259766 1.25051152706146240234 0.08771165460348119558 -1.19328284263610839844 0.58763593435287475586 -0.82446330785751342773 -1.21968734264373779297 -1.27081131935119628906 0.86532026529312133789 -1.15913033485412597656 -1.69077575206756591797 -0.30312791466712951660 -0.86705678701400756836 -1.26582348346710205078 -1.58069169521331809314 0.01421348098665469947 -0.20331391692161560059 -0.46595376729965209961 -1.49952471256256103516 0.81390160322189331055 -0.70850121974945068359 -0.56529015302658081055 -0.97888255119323719367
0.87564492225646972656 0.39506581425666809082 0.47653609514236450195 -0.26887360215187072754 1.24843406677246093750 -0.32610183954238891602 -1.71143996715545632092 -0.14842449128627768773 1.30206155776977539062 0.05473568290472029946 1.07645952701568603516 -0.41640070080757141113 -0.20602476596832269840 0.83427351713180541992 0.13067027926444998998 -0.49614912271499628238 -0.74153488874435424805 -0.44888374209403991699 1.53335976600646950452 1.48366045951843261719 -1.05225634574890136719 -0.78341686725616455078 1.74132835865020751953 0.30861729383468627930 1.24772620201110839844 -1.39801847934722900391
-1.29646778106689430921 -1.43223357200622558594 0.53803837299346923828 -0.29234549403190607242 0.49403125047683710269 0.59575253725051879883 0.45498836040496820621 0.45595613121986389160 1.63684320449829101562 1.39726984500885009766 0.67038124799728393555 1.00640654563903808594 -0.53678423166275024414 0.00659037148579949984 0.55703526735305786133 0.41901460289955139160 -1.63176035881042480469 0.98714804649353038446 1.50261032581329367908 1.47073400020599365234 1.33192753791809082031 -0.44222536683082580566 0.73436665534973144531 1.11884844303131103516 1.33827507495880126953 -0.19853866100311279297
-1.31017088890075683594 -0.92532682418823242188 -0.98765403032302856445 -0.46553215384483337402 1.39226949214935302734 0.83680683374404907227 1.02051651477813720703 -0.80743223428726196289 0.88936918973922729492 0.35177555680274957828 0.79945886135101318359 0.09665117412805550312 -1.05741035938262939453 0.97824329137802124023 -1.16948425769805908203 -1.30606293678283691406 -1.15770518779754638672 0.61114412546157836914 0.01198949106037609964 0.57589644193649291992 -0.52229303121566772461 -0.50496667623519897461 1.09915900230407714844 -1.03229784965515136719 -1.51202607154846191406 0.32753500342369079590
0.83302712440490722656 0.47333976626396179199 1.15104079246520996094 -1.70756518840789794922 -0.32940623164176940918 0.87070262432098388672 -1.11957216262817382812 -1.55092322826385498047 1.59787499904632568359 0.36503577232360839844 0.89224916696548461914 0.05307688936591140050 0.74842828512191772461 -0.50231957435607910156 -0.61851143836975097656 1.75506007671356201172 -0.26555714011192321777 -1.59799277782440207751 -0.11752147972583769364 -0.56770092248916625977 0.53754085302352905273 0.72145640850067138672 -1.38357830047607421875 -1.72285878658294677734 -0.29596185684204101562 -2.06512451171875000000
-1.56689989566802978516 -1.26096582412719726562 -0.96418768167495716437 -0.23572917282581329346 -1.32613277435302712171 1.66286766529083229749 -0.14385798573493949193 -0.54389619827270507812 0.25894197821617120914 0.82566273212432861328 -0.43058449029922479800 1.21488332748413085938 -0.41402810811996459961 1.44545590877532958984 1.32361721992492675781 1.22162771224975608142 1.63353037834167480469 0.65098935365676879883 -0.78192859888076782227 1.44429564476013183594 -1.40562844276428222656 -1.20897400379180908203 1.73974823951721191406 1.00596153736114501953 1.59381043910980224609 -0.67258346080780029297
-1.02587735652923583984 -1.11812102794647216797 -0.27102118730545038394 1.29270029067993164062 -0.45505309104919428043 1.01736366748809792249 -0.66515189409255981445 0.85030519962310791016 0.65158265829086303711 -0.77457642555236816406 1.29614698886871337891 -0.02549956552684300159 -1.65759408473968505859 0.70927381515502929688 -0.49943789839744567871 -0.57971233129501342773 -0.51316571235656738281 1.16874659061431884766 0.85740864276885986328 0.56876981258392333984 -1.14512431621551513672 1.40208876132965087891 1.43190705776214599609 -1.42809498310089111328 -1.41205573081970192639 0.41573932766914367676
1.12442493438720703125 1.09015977382659912109 0.49314218759536737613 -1.22898924350738525391 -0.73138809204101562500 1.21760559082031250000 0.40358430147171020508 0.61652129888534545898 1.41186213493347167969 -1.62377953529357910156 -0.74965029954910278320 -0.47904196381568908691 1.16513371467590309827 -1.49224519729614257812 0.84753036499023437500 -1.11877846717834472656 -0.62878400087356567383 1.23399782180786110608 0.65412753820419311523 0.99223649501800537109 -0.09976901113986960667 0.00116708164568989992 0.28382435441017150879 0.46666279435157770328 0.25405967235565179996 -2.15127205848693847656
0.52305954694747924805 1.10478127002716064453 -1.30596613883972167969 -0.78862702846527099609 0.74819284677505493164 1.31080055236816406250 0.76822650432586669922 0.72770172357559204102 1.73202013969421408923 1.05095922946929909436 1.52462708950042724609 -0.26723295450210571289 -1.53441786766052246094 -1.56876313686370849609 -1.09378457069396950452 -0.86745095252990722656 -1.27177667617797829358 1.05344712734222389905 -0.13333472609519950169 0.08068499714136119494 1.47881877422332763672 1.15227925777435302734 1.21714925765991210938 0.26754182577133178711 1.69579231739044189453 -1.48251461982727050781
-0.21160286664962760228 0.45650675892829889468 -1.18482041358947753906 -1.25559937953948952405 0.18716955184936520662 0.95982348918914794922 -1.06480336189270019531 0.34115219116210937500 1.59363949298858642578 -0.94191324710845958368 -0.55717527866363525391 -1.02009618282318115234 -1.15720796585083007812 0.98499482870101917609 -0.60981386899948120117 -1.31713545322418190686 -0.03028558567166320104 -0.59107059240341186523 -1.03376483917236328125 -1.03372454643249511719 -1.45023691654205322266 -0.00387612404301759979 -0.80015915632247924805 -1.71547758579254150391 -0.90866696834564197882 0.09783456474542609471
-1.35557484626770019531 -0.80990529060363769531 -1.46710932254791259766 0.74235153198242187500 1.21817278861999511719 -1.41842257976531982422 -1.19644343852996848376 0.14703369140625000000 0.44475400447845458984 0.77166324853897094727 1.42785418033599831311 -1.43152761459350608142 -0.40058270096778869629 1.52449512481689430921 0.85712957382202148438 0.55469626188278198242 0.52406644821166992188 0.83897709846496582031 1.26648175716400168689 -0.40147155523300170898 1.24162125587463378906 -1.21467614173889160156 -0.45093536376953119449 0.97601956129074096680 -1.16710186004638671875 1.19530785083770751953
1.03999972343444824219 0.91239315271377563477 0.11254175752401350541 0.86953723430633544922 -1.46669924259185791016 -0.16778883337974540013 -1.74252140522003151624 -0.93603342771530162469 1.19691145420074462891 0.94756013154983520508 1.53911697864532470703 1.70148587226867675781 0.67177957296371459961 -0.62300068140029907227 1.35036826133728049548 -1.37334954738616943359 1.47873079776763916016 1.40575349330902099609 1.16018450260162353516 1.24322807788848876953 1.02201294898986816406 -1.43936300277709960938 -1.21931254863738991467 -0.14014481008052820377 -0.31562384963035577945 -1.98514139652252197266
-0.36670288443565368652 -1.03848254680633544922 1.28505158424377441406 0.01767543144524090157 0.65114086866378784180 1.73501789569854736328 1.62201941013336181641 -0.24272489547729489412 -1.32643735408782958984 0.81810766458511352539 -1.43000316619873046875 -1.01235818862915039062 -0.90665799379348754883 -1.05798184871673583984 -0.56000381708145141602 0.12512609362602231111 1.68860495090484619141 0.86112016439437866211 -0.13810749351978299226 -1.56713664531707763672 0.92467021942138682977 1.01964914798736550061 0.34385579824447631836 0.56959968805313110352 1.62952005863189697266 0.94237738847732543945
-1.80223309993743896484 -1.33879613876342751233 -1.57918024063110351562 -1.49230265617370605469 -0.88085919618606567383 -0.49682030081748962402 -0.64403241872787475586 1.39640116691589355469 -0.66410952806472778320 0.99336135387420643195 0.06171937286853790283 0.39150488376617431641 0.45141553878784179688 1.18495512008666992188 -0.44176414608955377750 0.54228389263153076172 1.24371790885925292969 0.70969551801681518555 1.02801024913787841797 0.43785604834556579590 -0.57053434848785400391 -0.11532547324895850438 -1.19756901264190673828 -1.70600938796997070312 1.39707374572753906250 -0.82139295339584350586
1.98554551601409912109 1.48505866527557350842 1.38075685501098632812 1.70830070972442649158 1.36237394809722900391 1.69820070266723632812 -1.54904150962829589844 -0.20929996669292449951 0.02840504609048359955 -0.29422298073768610172 -0.02488354779779910000 -0.68084555864334106445 -1.11003661155700683594 -0.22499543428421020508 1.28832399845123291016 -0.84978812932968139648 -0.79336655139923095703 -1.40147972106933593750 -0.68498259782791137695 -0.62645798921585083008 0.88268619775772094727 0.52460747957229614258 -1.02724909782409690173 1.16482830047607421875 0.18175992369651788882 2.16794800758361816406
0.39089381694793701172 0.20944392681121820621 0.50547409057617187500 1.55199229717254638672 1.26268672943115234375 -0.86056280136108398438 -0.63325077295303344727 -0.94013345241546641962 1.15283262729644775391 -0.63959991931915283203 1.38019084930419921875 -1.14666020870208740234 1.09926414489746093750 0.54145663976669311523 -0.07061640173196789827 -0.60251551866531372070 -1.11889493465423583984 1.54086768627166770251 0.09807647019624710083 0.85170620679855346680 0.40082031488418579102 -1.32598781585693359375 0.31651303172111511230 1.58866739273071289062 0.02988474071025840062 0.64944112300872802734
-1.35237860679626464844 -0.69452142715454101562 -0.98320871591568004266 -1.73073661327362060547 -1.51750707626342751233 -0.09330497682094569811 1.02180349826812744141 1.32797145843505859375 0.25217288732528680972 1.42553639411926269531 0.52217036485671997070 -1.45206713676452636719 -1.08083820343017578125 1.13353455066680908203 1.47242581844329833984 -0.83922135829925537109 0.42808216810226440430 0.73820656538009643555 -1.35449290275573730469 -1.59405422210693359375 0.13064904510974881258 -1.05482256412506103516 -0.50984048843383789062 -0.25378078222274780273 -0.92498409748077403680 -0.71997338533401489258
0.43187990784645080566 0.73199254274368286133 -1.14555919170379638672 1.11111962795257568359 -0.27868992090225219727 1.38464784622192382812 0.38255387544631958008 1.47512793540954589844 -1.44625270366668701172 0.75468921661376953125 -1.01545464992523193359 -1.61581659317016601562 -1.65711593627929687500 -0.75951153039932250977 0.33615162968635559082 -0.86812287569046020508 -0.53337895870208740234 -0.60255146026611328125 -0.81554067134857177734 -0.41931286454200739078 -1.10437095165252685547 -0.40938666462898248843 0.61497181653976440430 0.51471465826034545898 -0.72714203596115112305 -0.61028635501861572266
1.64383816719055175781 1.21521902084350608142 1.33226215839386008533 1.55091023445129394531 1.61518120765686035156 -0.95660746097564697266 -1.30430650711059570312 -1.47493863105773925781 1.51708459854125976562 0.39634764194488519840 -0.66909301280975341797 -1.22755265235900878906 -1.02045369148254394531 0.57719624042510986328 0.10179779678583139590 1.33421218395233154297 -0.70830512046813964844 -0.69085484743118286133 -1.67648530006408691406 -0.04717737436294550113 0.99580889940261840820 1.08013176918029807361 -0.57237029075622558594 0.59433406591415405273 0.06935781985521309589 1.17021179199218750000
0.11128920316696160053 0.87892353534698486328 -1.37200367450714111328 1.06859314441680908203 -1.35696864128112792969 -1.18034350872039794922 -0.59226346015930175781 1.73943853378295898438 1.25655364990234375000 0.56885445117950439453 1.52742433547973632812 -0.84957855939865112305 -0.65241873264312744141 1.37961208820343017578 0.55816560983657836914 -0.16375717520713800601 -0.38794827461242670230 -0.24639466404914850406 -1.15620195865631103516 0.93222790956497203485 0.40019044280052179507 -0.74167382717132568359 1.31226289272308349609 -0.22872282564640039615 -1.47168266773223876953 -0.50808483362197875977
-0.45398974418640131168 -0.58405607938766479492 -0.44168967008590698242 -0.07643603533506390657 1.27230250835418701172 1.01391494274139404297 0.02709455415606490045 -0.14863166213035580721 -0.55518901348114013672 -1.18017864227294921875 1.45018804073333740234 0.42937162518501281738 0.80032801628112792969 -1.07164645195007324219 0.87230330705642700195 -0.79501003026962280273 -1.49002206325531005859 1.54471325874328591077 -1.35555624961853049548 1.66285204887390136719 0.17625817656517028809 0.34292578697204589844 0.30710524320602411441 -0.31932416558265680484 1.30283629894256591797 0.88354152441024780273
-0.74561715126037597656 -1.43284523487091064453 1.29676032066345192639 1.66227340698242209704 0.63971376419067382812 -1.07266867160797119141 0.51871299743652343750 -0.62872827053070068359 -0.21032768487930289525 -1.48750841617584250720 0.03828662633895869860 0.67219501733779907227 1.14408040046691894531 0.41493901610374450684 -1.38188958168029807361 -0.77895826101303100586 0.96389871835708618164 -1.21674454212188720703 0.83154791593551635742 -1.04026126861572287829 0.15550121665000909976 0.28335028886795038394 0.83659446239471435547 0.86602199077606201172 0.12580735981464380435 1.11486709117889404297
-0.31204566359519958496 0.45322540402412409000 -1.38937294483184792249 -1.44080340862274169922 1.47010636329650878906 -0.30101728439331049136 -0.02778013236820690152 1.62300455570220969470 1.10144197940826416016 0.07249142229557030415 -0.71885621547698974609 1.33796751499176047595 1.39071536064147949219 0.71118092536926269531 -0.07254347950220099706 0.38178968429565429688 1.69801998138427712171 0.08243903517723079333 1.54519283771514892578 -1.04586970806121848376 0.91992402076721202508 -1.48258352279663085938 -0.98113089799880981445 1.47153615951538085938 -0.15288470685482019595 0.58343034982681274414
-1.66388285160064697266 -1.33234119415283203125 -1.01834344863891601562 0.78548705577850341797 0.23753747344017028809 1.23690390586853049548 1.00105535984039306641 1.44545984268188476562 1.05518114566802978516 0.75524264574050903320 0.63568669557571411133 1.32679271697998046875 0.26533976197242731265 0.81214904785156250000 1.23552870750427246094 1.43762946128845192639 -0.02849053591489790135 -0.29972445964813232422 -1.49198150634765625000 -0.77857118844985961914 0.60818397998809814453 -0.24128900468349451236 0.99391061067581176758 -0.25743475556373590640 1.11567604541778564453 0.17154236137866971101
-2.04339909553527832031 -1.51571786403656005859 -1.58975446224212646484 0.32054114341735839844 -0.08466675132513039326 0.00533267948776479980 0.45444908738136291504 -0.65233558416366577148 -1.03022325038909912109 -0.49267667531967157535 1.55944073200225830078 0.13963602483272549715 0.74992370605468750000 1.19874763488769509046 -0.29662203788757318668 -0.76621049642562866211 -1.58025145530700683594 0.32892447710037231445 0.42363598942756647281 -0.04579151421785349757 0.28223627805709838867 0.34198638796806329898 -1.60459351539611816406 -1.11324787139892578125 -0.31222540140151977539 0.03824500367045399751
-1.00879704952239990234 -0.59392023086547851562 -0.75383692979812622070 0.08520972728729239720 -0.74267065525054931641 1.48843276500701904297 1.36602282524108886719 -0.30752214789390558414 0.73777270317077636719 0.19624260067939749974 1.13929772377014160156 0.08256063610315320100 0.56521600484848022461 0.58759969472885131836 0.01219058874994509954 -1.52695274353027343750 0.46227493882179260254 0.61252957582473754883 -0.34943059086799621582 0.82866692543029785156 0.26869168877601617984 0.80854487419128417969 -1.47890973091125488281 0.26094520092010498047 -0.76727688312530517578 0.37260535359382629395
1.61045825481414794922 1.55799496173858642578 0.42336791753768920898 0.67013502120971679688 -1.32862818241119384766 0.68910682201385498047 1.03565049171447753906 0.66119241714477539062 1.18059909343719482422 0.17015853524208068848 0.09110178798437110204 -0.27658092975616449527 -0.00288001005537800005 0.08665382117033000597 -0.73809957504272460938 0.89963889122009277344 1.08268296718597389905 0.61942833662033081055 -0.35041302442550659180 -1.28706669807434082031 1.55600714683532714844 -0.40784969925880432129 -1.18559169769287109375 -1.00798094272613525391 -0.92542082071304321289 0.56601810455322265625
2.00070858001708984375 1.35236406326293967517 1.62320816516876220703 0.83513164520263671875 -1.01632988452911376953 -0.45423322916030878238 -1.12191033363342285156 1.71178293228149391858 -0.27638784050941467285 1.51124799251556396484 -0.41122180223464960269 0.60337454080581665039 -1.18489551544189430921 0.41362023353576660156 1.41368401050567649158 1.56480515003204367908 0.38358893990516662598 0.32293653488159179688 1.43038845062255859375 1.18186676502227783203 1.22964596748352050781 -0.08903396874666209826 1.59516370296478271484 0.88238847255706787109 -1.28138804435729980469 1.39726352691650390625
0.69780910015106201172 1.20140635967254638672 -1.08621716499328591077 -0.64337861537933349609 -0.47601744532585138492 -1.02964413166046142578 1.46727764606475830078 -0.84206116199493408203 0.81473237276077270508 0.23574246466159820557 -0.17964248359203338623 0.71506690979003906250 -1.45713186264038085938 -1.37621521949768088611 1.76506555080413818359 -0.48674458265304559879 -1.29981696605682350842 0.11600161343812939729 0.85966819524765014648 -0.85235732793807983398 0.17690341174602500218 0.10158828645944589786 -0.11333897709846489643 1.60753035545349121094 -1.47972083091735839844 -1.76457786560058593750
1.84264397621154807361 1.43107044696807861328 1.56161713600158691406 -0.20789177715778350830 -0.86409747600555419922 -1.26552200317382790296 0.23650707304477688875 -0.33730298280715942383 -0.93647587299346923828 0.84485489130020141602 1.17667472362518310547 -1.42763864994049072266 -1.16968500614166259766 1.10160422325134277344 -0.20450523495674130525 0.74387639760971069336 -0.91641813516616821289 -1.08299839496612571033 -1.03510105609893798828 1.58795666694641113281 0.96793347597122203485 0.00772126624360679973 -1.70171892642974831311 1.59010684490203857422 -1.13751649856567382812 0.92752605676651000977
-1.06356704235076904297 -1.45129764080047607422 0.08371379971504210038 1.32736754417419433594 0.34869268536567687988 -1.52641057968139648438 0.54614096879959106445 1.36198878288269042969 -0.68161696195602416992 1.18485236167907714844 0.15651585161685940828 0.19334861636161798648 1.48182451725006103516 -1.44472157955169677734 -1.11748719215393088611 -1.20620381832122802734 0.39202097058296198062 -0.73020535707473754883 -1.49652838706970192639 1.15475928783416770251 1.20948004722595192639 1.74732494354248046875 1.69114315509796142578 -0.11015368252992630005 0.82899177074432373047 0.42109262943267822266
-0.73153614997863769531 -0.16993035376071929932 -1.03988695144653320312 0.59328061342239379883 -1.31082963943481445312 -0.80780953168869018555 1.59112906455993630139 1.62078666687011718750 0.76285260915756225586 0.62830454111099243164 -1.71801269054412841797 -1.20437431335449218750 -1.47495329380035400391 1.63354051113128662109 -0.89639765024185180664 1.08759236335754394531 -1.32753217220306396484 1.63586735725402832031 0.49138617515563959293 -0.40226107835769647769 -1.58726024627685569079 -1.27435219287872314453 0.11153967678546899966 -1.69835233688354492188 -0.75063055753707885742 1.13788914680480957031
0.41869544982910150699 -0.10311532765626900410 1.33046758174896240234 -0.59448593854904174805 -1.49411535263061523438 0.56991988420486450195 1.17091810703277610095 0.13185782730579370670 1.65415537357330322266 -1.43460965156555175781 -0.76232796907424926758 -1.04817974567413330078 1.35278904438018798828 -1.36708247661590576172 0.30122965574264520816 0.98601227998733520508 -1.09575545787811279297 -1.56222832202911376953 -1.64195144176483154297 -1.68078196048736550061 1.07465040683746337891 1.44273865222930908203 1.71480786800384521484 -1.66775345802307128906 1.76351320743560791016 0.16125570237636560611
-1.00047945976257324219 -0.99844938516616821289 0.03485958278179159681 1.35417878627777099609 1.52782440185546875000 -1.34735620021820090564 -1.03669226169586181641 -1.22992777824401855469 -1.14297366142272949219 -1.33930611610412597656 -0.16589573025703430176 -0.57840764522552490234 0.20687621831893920898 -1.23937535285949707031 1.75240755081176757812 1.18774199485778808594 0.82010191679000854492 -0.28311339020729059390 0.74396747350692749023 0.23786069452762600984 -0.81935900449752807617 -1.32798361778259277344 1.52313375473022460938 -0.56103438138961791992 1.62762975692749023438 0.96631443500518798828
0.48811206221580499820 -0.35151413083076471500 1.70794630050659179688 -0.29905524849891662598 -0.67734366655349731445 0.91310310363769520148 1.30560982227325439453 -0.94798123836517322882 -0.14789958298206329346 -0.27847701311111450195 1.41282773017883300781 -0.79722195863723754883 0.96957582235336303711 0.97413611412048339844 -0.51071357727050781250 -0.30478343367576599121 1.21156275272369384766 0.23077692091464990787 -1.40097510814666770251 -1.12452685832977294922 -0.05848348885774610345 -0.37400853633880609683 -1.48051488399505615234 1.12934875488281250000 -0.80922681093215942383 0.96394175291061401367
1.65662646293640136719 1.54122495651245117188 0.62576442956924438477 0.87241649627685546875 -1.49500262737274169922 0.12639650702476498689 1.57536005973815917969 -0.20402936637401580811 1.74747347831726074219 0.64199799299240112305 1.58512592315673850329 -1.53905987739563010486 0.36168938875198358707 0.00348830549046390010 -0.26097276806831359863 -0.91048222780227661133 0.27651607990264892578 1.43921554088592529297 -0.90958034992218017578 -0.03719000518321990273 0.98417037725448597296 0.01163345109671349957 0.89589709043502807617 -1.20118057727813720703 -0.55872958898544311523 0.82457500696182250977
-0.98264855146408081055 -1.20947253704071044922 0.42459294199943542480 1.54269754886627197266 -1.11690175533294677734 -0.84551125764846801758 1.16061425209045410156 -0.49782505631446838379 0.61523598432540893555 -1.44794416427612304688 1.25069606304168701172 0.25093740224838251285 -1.15361237525939941406 0.41287434101104730777 0.97854375839233398438 1.13046324253082275391 0.81477308273315429688 -0.18512964248657221011 0.90613305568695079462 0.77590447664260864258 -1.58720386028289794922 -1.33556783199310302734 1.60490858554840087891 0.25978559255599970035 -0.16364891827106470279 0.46687212586402887515
-1.38273894786834716797 -1.44293415546417236328 -0.17286889255046838931 -1.28078877925872802734 1.01260042190551757812 1.78778910636901855469 -1.36409115791320800781 0.86217492818832397461 0.29952490329742431641 1.30363857746124289783 -0.13444502651691431216 -1.61925542354583740234 -1.33097648620605490954 1.25609898567199707031 0.20124706625938409976 -0.47969603538513178043 0.67119121551513671875 1.09878742694854736328 1.23906636238098144531 0.76083642244338989258 -1.57446134090423583984 -0.61295336484909057617 1.02056741714477539062 -0.26823198795318597965 -0.37268859148025512695 -0.76447045803070068359
0.04943595454096789965 -0.27989995479583740234 0.78809678554534912109 -0.50448942184448242188 -0.48150128126144409180 0.38272324204444879703 0.78042161464691162109 -1.09904742240905761719 -1.65481245517730712891 -0.54486364126205444336 -0.57809400558471679688 -1.20336174964904807361 -1.11487531661987304688 -0.67458754777908325195 -0.73062372207641601562 1.16939735412597656250 0.23011861741542810611 0.19664219021797180176 0.41928368806838989258 -1.05396509170532248767 -0.09657531976699819387 -1.62103438377380371094 0.00976103078573939929 1.40937817096710205078 -0.06346285343170160465 0.58726859092712402344
-0.71971237659454345703 -0.22326576709747308902 -1.13183844089508056641 -0.08382777124643320255 0.71074366569519042969 0.57807999849319458008 0.76104748249053955078 -0.81849217414855957031 1.39359188079833984375 0.79094052314758300781 1.31944572925567649158 0.24662402272224420718 0.79661768674850463867 -1.27761745452880859375 -1.48583972454071044922 0.78208041191101074219 0.88126403093338012695 1.07740676403045632092 -0.24563166499137870091 -0.81754624843597412109 1.40031218528747558594 0.47544211149215698242 0.12261586636304849796 -0.08695089071989059448 -0.04252453148365020058 1.37865698337554909436
-0.28096181154251098633 -0.55341595411300659180 0.66707164049148559570 0.37669080495834350586 1.35252916812896728516 -0.02641114965081210048 -0.06318458169698709659 -0.04252022132277479688 0.15933284163475031070 0.78142219781875610352 -0.25899490714073181152 -1.44211924076080322266 0.65334308147430419922 0.08707437664270399613 0.62549924850463867188 -0.15494611859321588687 -0.30163484811782831363 -1.32222545146942138672 -0.83144366741180419922 -0.83275216817855834961 -0.02449616417288779865 1.55834925174713112561 0.31426632404327392578 0.68629789352416992188 1.05343306064605712891 1.24039304256439208984
1.68789684772491455078 1.28944456577301047595 1.15695488452911376953 0.28081306815147399902 1.27024161815643310547 0.58348321914672851562 -1.16030740737915039062 -1.44239985942840576172 1.41849350929260231702 0.86342507600784301758 -1.23989725112915039062 1.35963356494903564453 0.53982675075531005859 -1.22868013381958007812 -0.90443438291549682617 -0.99571561813354481085 0.63669872283935546875 -1.12374770641326904297 -1.23089873790740966797 -1.55044233798980712891 -1.04616904258728049548 -0.65394294261932373047 -0.15892489254474639893 -1.58737945556640625000 -0.87407743930816650391 0.97377991676330555304
-0.74947077035903930664 -0.43671947717666620425 -1.13651454448699951172 0.03691181167960159992 0.11123464256525039673 0.09532722085714340210 1.40008258819580078125 -1.43070888519287109375 -1.11609768867492675781 -0.46175575256347650699 -1.00297772884368896484 -0.88950914144515991211 -0.34399986267089838199 0.30042132735252380371 -0.09074635803699490633 0.49913138151168817691 0.83673155307769775391 0.21303385496139520816 1.07191455364227294922 -1.14814519882202170642 -0.86055427789688110352 1.26300597190856911389 -0.42950171232223510742 1.01342189311981201172 -0.32082593441009521484 1.17998492717742919922
-1.00044965744018554688 -0.40364667773246759586 -0.56481218338012695312 1.55507779121398925781 -0.83471417427062988281 -0.78356111049652099609 0.91841733455657958984 -0.68134129047393798828 -0.91906481981277476923 1.22136580944061279297 0.27111566066741937808 0.53887879848480224609 -1.30355262756347656250 1.35298776626586914062 1.55114102363586447986 -0.53044468164443969727 -0.29086771607398981265 0.48906335234642028809 1.17721259593963623047 -1.28383851051330566406 0.08589746803045270052 -0.44758826494216918945 1.20516216754913330078 0.73411417007446289062 -1.42916524410247802734 0.94351416826248157843
1.44621479511261008533 1.34246456623077392578 0.81501650810241699219 -0.56847280263900756836 1.15874803066253662109 -0.66308242082595825195 0.71943068504333496094 1.30322778224945090564 -1.39304304122924804688 0.25836846232414240054 -0.16045010089874259251 -1.27337765693664550781 -1.45035529136657714844 0.19676491618156430330 1.19020128250122070312 -0.38881054520606989078 -0.35565355420112609863 -0.88302731513977050781 -0.40313109755516052246 -1.31746447086334250720 -0.81137251853942871094 -1.50872302055358886719 0.59075522422790527344 -1.62616574764251708984 0.66418993473052978516 0.06494454294443130493
0.94501298666000355109 1.23312437534332275391 -0.02493412420153609879 -0.90811592340469360352 -0.52935385704040527344 1.54122424125671408923 1.02022361755371093750 -1.28727924823761008533 -0.30130726099014282227 0.75935101509094238281 -1.69844186305999755859 -0.79948824644088745117 -1.41246986389160156250 -0.88364756107330322266 -0.34609749913215631656 -1.26822996139526367188 0.26413339376449579410 -0.66973036527633666992 1.66103482246398925781 1.53657937049865722656 0.01698432862758629883 -0.22966848313808441162 -0.51520115137100219727 1.73056292533874511719 -0.27065524458885187320 -1.88540577888488791736
0.02016050368547429861 -0.52099937200546264648 0.86845159530639648438 -0.90504062175750721320 -0.99518847465515136719 1.49709415435791015625 -1.31908440589904807361 0.44359070062637329102 -1.59203541278839111328 0.16098459064960479736 1.65296530723571777344 0.69875043630599975586 0.46416172385215759277 -0.18245914578437799625 0.01103181205689899962 0.91887599229812622070 1.29100739955902099609 -0.83478522300720214844 -0.75337469577789306641 0.33641049265861511230 0.59121763706207275391 -1.26110386848449707031 0.67948150634765625000 1.00055515766143798828 1.30155992507934570312 0.51833385229110717773
-1.14250159263610839844 -1.60077631473541259766 0.49247413873672479800 1.09426414966583229749 0.94193834066391002313 0.53630161285400390625 1.41844391822814941406 -0.73730391263961791992 -0.97915863990783680304 -0.49915453791618341617 -0.65039277076721191406 -1.29362928867340087891 1.67054665088653564453 1.01320719718933105469 1.71305143833160400391 0.00764911994338030032 -0.00356394448317580003 -0.08982162177562709460 -1.68443977832794189453 0.26216685771942138672 -1.15072631835937500000 -0.51213228702545166016 -1.11624515056610107422 -1.29266774654388449939 -0.80623608827590942383 -0.21992793679237360172
0.57371759414672851562 1.09088754653930664062 -0.48654702305793762207 0.94263035058975219727 0.31978920102119440250 0.70464396476745605469 -0.37212604284286499023 0.60178303718566894531 1.57014310359954833984 -1.78885328769683837891 0.56862968206405639648 -0.81565231084823608398 -0.56744241714477539062 0.11750175803899759464 1.60392653942108154297 -0.62763351202011108398 0.23863385617732998933 1.30348694324493408203 1.62178277969360351562 0.91934794187545776367 1.39264130592346191406 0.74308282136917114258 1.30992245674133300781 -0.69373512268066406250 -0.57664561271667480469 -1.39161992073059082031
-0.78921347856521606445 -0.30265933275222778320 -1.43712055683136008533 1.50972819328308105469 -0.25510057806968688965 -1.18266785144805908203 1.49663138389587402344 -0.72030860185623168945 -0.16009590029716488924 -0.21012370288372039795 -1.15734577178955078125 -0.26390334963798517398 0.84225350618362426758 -1.08585095405578591077 0.09280754625797270341 1.38399255275726318359 1.60462737083435058594 -1.63243508338928222656 -1.41984593868255615234 0.02792919613420960165 -0.02923179045319549904 -1.66460788249969482422 0.67280095815658569336 -0.54657173156738281250 -1.47526955604553222656 1.63354289531707763672
0.82226210832595825195 1.56550192832946777344 -1.45426106452941894531 1.56901574134826660156 0.61505806446075439453 0.58998930454254150391 0.52666324377059936523 1.15378761291503906250 -0.68156754970550537109 -0.95101553201675415039 0.41582205891609191895 0.62364417314529418945 0.28819349408149719238 0.89309751987457275391 1.78857398033142089844 0.58320111036300659180 1.31798255443572998047 1.25171840190887428967 -0.00923865474760529951 0.15037749707698819246 -0.65866124629974365234 -0.48302850127220148257 -0.84488654136657714844 -0.58976429700851440430 0.76116895675659179688 0.10665430873632429642
-1.04245042800903320312 -1.61919748783111550061 1.66072750091552712171 0.51905047893524169922 0.88931995630264282227 1.06328308582305908203 -1.69159686565399169922 0.13523301482200619783 -1.12192332744598410876 -1.59825181961059570312 -1.30112719535827636719 1.44359779357910156250 0.49529159069061279297 0.87523931264877319336 1.32221114635467529297 -0.07135473191738120335 -1.21706628799438476562 -0.46819660067558288574 1.62434542179107688220 -0.50939309597015380859 -1.16321384906768798828 0.24227826297283169832 -1.28200340270996093750 0.37190747261047357730 0.03475696966052049808 0.37492904067039489746
-1.71337044239044189453 -1.30417573451995849609 -1.24535953998565673828 -1.27613258361816406250 -1.18776345252990722656 -0.55444264411926269531 -1.29325544834136962891 0.24454714357852930240 1.57817089557647705078 0.94293230772018443719 -1.13770151138305664062 -0.25723969936370849609 -0.69158732891082763672 0.43582245707511901855 -0.90257543325424205438 -0.84531205892562866211 0.50032633543014526367 1.60062503814697287829 -1.15145254135131835938 -1.41843461990356445312 1.39162158966064430921 -0.79807788133621215820 1.15719902515411376953 -1.07300734519958496094 -0.96735954284667957648 -0.74588131904602050781
-1.84827113151550292969 -1.59791839122772216797 -0.79542785882949829102 1.73781883716583229749 0.08161489665508270264 1.71089971065521240234 0.96340864896774280890 1.27024364471435569079 -1.31014966964721679688 -1.64263474941253662109 -0.01234157569706439972 1.27038443088531494141 -0.72914171218872070312 -1.47277927398681640625 0.96072083711624156610 0.07412879168987270007 1.25501191616058349609 -1.45576143264770507812 0.39750391244888300113 -1.16747510433197021484 1.21481859683990478516 1.28082692623138449939 0.65793949365615844727 -0.95312279462814319952 -1.48365104198455810547 0.36125284433364868164
-0.74655067920684814453 -0.49211537837982177734 -0.41510134935379028320 1.74907588958740234375 0.47203502058982849121 -1.54885935783386230469 0.78729587793350219727 -1.41810965538024902344 -0.19951854646205899324 0.61926519870758056641 1.09235799312591552734 0.39075878262519830875 0.26930665969848627261 -0.14282837510108939427 -0.12807136774063110352 0.49795407056808471680 0.00279350206255910005 0.81414341926574707031 0.83620923757553100586 -1.24939918518066406250 -0.65775942802429199219 -0.43911975622177118472 0.86135476827621459961 0.87849289178848266602 -0.20476895570754999332 1.56739211082458496094
1.57449293136596679688 0.58690619468688964844 1.69992458820343017578 -0.52650427818298339844 0.91413784027099598273 -0.95268130302429199219 -0.54786431789398193359 -0.54969978332519531250 -0.06462912261486050691 0.41542220115661621094 -0.28178709745407098941 0.10327743738889690051 1.37290191650390625000 -0.95057392120361317023 -1.18504667282104492188 1.50700414180755615234 0.26820701360702509097 0.50912010669708251953 1.58285534381866455078 1.59147977828979492188 1.48195004463195800781 -0.49818444252014160156 1.72152268886566162109 -0.56121492385864257812 -1.49275326728820800781 -1.21440541744232177734
-1.29501545429229736328 -0.57958561182022094727 -1.55576598644256591797 0.96311962604522705078 1.04659891128540039062 1.10798990726470969470 1.54649674892425537109 0.64533847570419311523 0.67846202850341796875 -0.37978503108024591617 0.45462045073509210757 -0.91289764642715442999 -1.39733600616455078125 0.70053398609161376953 1.15219354629516601562 0.27456945180892938785 -0.47215792536735529117 0.06162594631314270016 0.50762790441513061523 -1.10630369186401367188 0.19496770203113550357 1.10013294219970703125 -0.51729387044906616211 0.34032931923866271973 -1.16330718994140625000 1.47857129573822021484
0.53569102287292480469 0.19898137450218200684 0.57584553956985473633 -0.44547826051712030582 -0.02053488232195370064 1.57115840911865234375 -1.13555228710174560547 -0.63211584091186523438 -1.03748655319213889392 1.29937493801116943359 1.18048918247222900391 1.67308640480041503906 -1.28691244125366210938 -1.55155289173126220703 -1.33721184730529807361 -1.17122054100036621094 -0.40632328391075128726 0.91182088851928722040 -1.67226827144622802734 0.64690941572189331055 -0.47007572650909418277 0.14779579639434808902 -0.18328095972537988834 -0.20895737409591669254 -1.33459591865539550781 -0.65957337617874145508
-0.08630115538835519962 0.41875603795051569156 -1.52661395072936989514 1.61971640586853049548 -0.46212601661682128906 -0.60804009437561035156 1.34037625789642311780 0.65370285511016845703 -0.65442997217178344727 0.73703217506408691406 -0.25719785690307611636 0.96006143093109119757 1.39198338985443115234 -1.62029159069061279297 0.74594259262084960938 -1.73514735698699951172 0.16648426651954650879 -0.31169927120208740234 0.64360690116882324219 -0.49697017669677728824 0.21455551683902740479 -0.84290415048599243164 -1.12136745452880859375 -1.09683430194854736328 1.40604150295257568359 1.10064077377319335938
0.07912063598632809724 -0.70647990703582763672 1.31409883499145507812 -1.70332849025726318359 -0.93678897619247436523 0.66207343339920043945 -0.53150552511215209961 -0.99018305540084838867 0.87425792217254638672 0.85117292404174804688 1.45423686504363991467 -0.36909380555152887515 0.65161150693893432617 -0.16328804194927210025 1.71869766712188720703 -1.72983121871948242188 1.62100815773010231702 -1.47777915000915527344 0.36514794826507568359 -1.47071588039398193359 -1.00926971435546875000 1.01735544204711914062 -1.24666416645050048828 1.38444924354553222656 -1.56299209594726562500 0.14324058592319480199
-2.20845890045166015625 -1.64323079586029030530 -1.19936513900756835938 -0.73654466867446899414 0.63588261604309082031 0.82902401685714721680 0.61089032888412475586 -0.88349378108978271484 1.18558335304260231702 -0.49659645557403558902 1.32831013202667236328 -0.93187648057937622070 -0.71992176771163940430 0.98633503913879394531 -1.08544945716857910156 -1.70785784721374511719 0.30632230639457702637 0.45539602637290949039 -0.18924753367900840062 -0.45402920246124267578 -0.42742741107940668277 0.08941365033388129491 1.27419817447662353516 0.83823430538177490234 0.72665077447891235352 -0.37894085049629211426
-1.26461386680603049548 -1.53348493576049804688 -0.70938104391098022461 -1.30102932453155517578 -1.28897857666015625000 0.77173990011215209961 1.41158390045166015625 -1.16206502914428710938 -0.52900868654251098633 -0.28149169683456420898 0.75393998622894287109 -0.39326918125152587891 1.51427209377288818359 -1.06771814823150634766 -0.19049523770809170808 -0.81148964166641235352 -0.09618929028511040424 -1.26421248912811279297 0.13050702214241019505 0.42837184667587280273 -0.89560294151306152344 1.51568806171417236328 1.77613258361816406250 0.44904896616935729980 -0.09209293127059929585 -1.08201766014099121094
0.04535863548517220234 0.66066241264343261719 -1.02715110778808593750 -1.56268382072448730469 1.28215086460113525391 -0.57294875383377075195 1.24624705314636230469 -0.15699143707752219457 0.34431281685829162598 1.18278324604034423828 0.79367882013320922852 -0.81337636709213256836 1.33755826950073242188 1.51436400413513183594 0.71180438995361328125 -1.64432001113891601562 0.74674648046493530273 -0.81131583452224731445 -0.99445098638534557001 -0.74794691801071166992 1.00224304199218750000 -1.05858755111694335938 -0.70164114236831665039 1.17342948913574218750 1.18070590496063232422 -0.69368922710418701172
0.34021925926208490543 0.31646931171417230777 0.06480248272418970279 1.11279261112213112561 -0.03900266438722609780 -1.23985183238983154297 1.60828745365142822266 0.82945019006729125977 -0.70191222429275512695 0.13365292549133300781 -0.59412264823913574219 1.52143728733062744141 -0.79471367597579956055 -1.67962586879730224609 -1.12528872489929199219 -1.72157645225524902344 0.50248450040817260742 -1.25482118129730224609 -0.66992717981338500977 -1.03587782382965087891 -0.88645714521408081055 1.77040803432464599609 0.87356662750244140625 0.40336257219314569644 1.22771108150482177734 -0.07157703489065170288
-0.12021534889936440205 -0.07856113463640210237 0.11884483695030209627 -1.38593971729278564453 -0.67602324485778808594 -1.45289266109466552734 -0.64903575181961059570 0.25043082237243652344 -0.22065983712673178929 1.11649179458618164062 1.03361260890960693359 -0.32385656237602228336 -1.42696654796600341797 -1.13817703723907470703 -1.56426143646240234375 -0.23737211525440210513 0.14825393259525299072 -1.23394334316253662109 -0.73896050453186035156 0.40783932805061340332 1.41403114795684792249 -1.19732809066772460938 -0.21861436963081359863 1.50349688529968261719 -0.22460508346557608861 -0.02764595486223690030
-0.30044394731521600894 -0.97162824869155883789 0.84069383144378662109 -1.30452859401702880859 1.42914080619811989514 -1.36222720146179199219 -1.72827196121215820312 -0.21115432679653159398 -0.11837705224752420596 1.49289405345916770251 -0.82378089427947998047 0.29755580425262451172 -0.19356215000152579564 1.61199700832366943359 -1.43530416488647460938 1.50121283531188964844 0.35549160838127130679 1.25113439559936523438 0.92983108758926402704 -1.08340847492218017578 -0.93453252315521240234 1.58014976978302001953 -0.03194927424192420262 1.00181913375854492188 0.13246992230415338687 0.25276079773902887515
2.17330837249755859375 1.62827444076538085938 0.97939860820770263672 1.26090073585510231702 -0.28621894121170038394 -0.58284646272659301758 -1.12302923202514648438 0.78331089019775390625 -1.49626445770263671875 1.29944014549255371094 0.49649536609649658203 -0.61942058801651000977 -0.03830976411700239698 1.01102113723754882812 0.18996396660804740208 0.77824544906616210938 0.86974394321441650391 0.34278827905654907227 -0.87015312910079956055 1.20048081874847389905 -0.04651770368218419854 1.45753645896911621094 1.00407886505126953125 -0.77151626348495483398 0.13677962124347681216 0.90340256690979003906
1.18822646141052246094 0.44901564717292780093 1.62033700942993164062 -1.38620400428771950452 -1.44166862964630126953 -0.60080879926681518555 1.14826965332031250000 1.39236545562744140625 -0.63121432065963745117 1.14328455924987792969 -0.92423337697982799188 0.24441294372081751041 1.31075656414031982422 -1.60649251937866210938 -1.17101335525512695312 -1.54747855663299560547 0.19706918299198150635 1.27586436271667480469 0.59385305643081665039 -1.41389262676238991467 -1.46932542324066162109 1.62641036510467529297 -0.93522137403488159180 1.17481362819671630859 0.34976887702941888980 -2.18078970909118652344
-0.93038654327392578125 -1.44983696937561035156 0.95028096437454223633 1.49997174739837646484 -0.27507418394088739566 1.38223338127136230469 0.30077689886093139648 -0.88223099708557128906 -0.93497174978256236688 1.02919745445251464844 -1.70966482162475608142 -1.14718294143676757812 0.16900993883609768953 -1.52316391468048095703 0.61027413606643676758 -1.40178918838500976562 1.29057085514068603516 -1.45222723484039306641 0.17159189283847808838 -0.91457670927047718390 -1.23483824729919433594 -1.42827951908111550061 -0.19935214519500729646 0.42843863368034357242 0.29209750890731811523 0.19855655729770660400
-0.83751416206359863281 -0.54719185829162597656 -0.62296485900878906250 0.28226998448371881656 -0.05700509250164029901 -0.05131248384714120342 -0.78757941722869873047 1.45526576042175292969 0.21449145674705499820 0.71301764249801635742 -0.32537034153938287906 -0.68971556425094604492 1.29137802124023437500 0.05535772070288649815 0.35769817233085632324 -0.13231681287288660220 0.54635882377624511719 1.53133344650268554688 0.96068727970123279913 0.67937159538269042969 1.68254125118255615234 -0.24013423919677728824 -0.49817672371864318848 -0.65900081396102905273 -0.92492711544036876337 0.68511372804641723633
0.24332517385482779759 0.45309773087501520328 -0.00550312688574189964 -0.97112375497818004266 -0.63835245370864868164 1.46043264865875244141 -0.37958416342735290527 -1.64170205593109130859 0.37416502833366388492 1.43928754329681396484 0.22876325249671930484 1.75408518314361550061 -0.79153335094451904297 -0.32608401775360107422 0.99577659368515003546 0.22818085551261899080 1.36638736724853515625 0.70952987670898437500 0.65486007928848266602 0.77942693233489990234 1.18179607391357421875 -0.00109315605368460003 0.24855877459049219302 -0.15340720117092129793 -0.18821822106838220767 -0.82108139991760253906
1.14894771575927712171 1.58551454544067382812 -0.01806572265923020101 -1.74200344085693359375 -0.36764040589332580566 0.90043979883193969727 -0.64784073829650878906 1.67500472068786621094 1.07348525524139404297 1.22483968734741210938 0.74674260616302490234 0.99082404375076282843 0.93329077959060680048 0.32036674022674560547 -0.04857914149761199951 -1.45095121860504150391 0.26583814620971679688 1.36936879158020019531 0.63326895236968994141 -0.45157948136329650879 -0.17927843332290649414 -0.98799967765808105469 0.93999224901199340820 -0.05083700641989700314 1.36234760284423850329 -0.88355803489685058594
-1.29315972328186035156 -0.85298538208007812500 -1.03758168220520019531 -0.58535397052764892578 1.40512979030609130859 1.46618258953094482422 1.52158892154693603516 -0.66150504350662231445 0.34321209788322448730 -1.44808602333068847656 -1.19477796554565429688 1.24654364585876464844 -0.67506599426269531250 0.31318339705467218570 0.15163600444793701172 0.49436157941818237305 -0.08719851821660989932 0.54587566852569580078 -0.97903656959533680304 -0.55119389295578002930 -0.89737212657928466797 -0.76515465974807739258 1.61469423770904541016 -0.31797704100608820132 0.94673383235931396484 0.31457784771919250488
1.31354331970214843750 1.02320384979248046875 0.93651634454727161749 -1.51020634174346923828 -1.61984133720397949219 0.73481148481369018555 1.08926439285278320312 0.27751731872558588199 -0.13985538482666010074 0.54513436555862426758 -1.05770015716552712171 -1.16935408115386962891 -0.80486160516738891602 1.13947904109954833984 -0.05309249088168140063 1.71534729003906250000 0.27829664945602411441 -1.48973703384399391858 -1.28663039207458496094 -0.75094962120056152344 0.42805910110473627261 -1.23137998580932617188 0.22198401391506189517 0.80255430936813354492 1.45856595039367675781 -2.47292137145996093750
1.76123774051666259766 1.27810180187225341797 1.39268720149993896484 -0.40306648612022399902 -0.07307068258523939652 0.60284268856048583984 1.04162156581878662109 0.11806526035070419312 1.38934612274169921875 -1.06282830238342285156 0.88583558797836303711 -0.53476750850677490234 1.27184104919433593750 0.27766284346580499820 0.55228024721145629883 0.80318707227706909180 -0.94660842418670643195 0.83660799264907836914 0.77067589759826660156 1.37956178188323952405 -0.76160377264022827148 -0.19862203299999228734 0.40064123272895807437 -1.65273737907409690173 -0.31171020865440368652 0.71370595693588256836
0.23559443652629849519 0.09935339540243140477 0.00302907964214680020 1.26030194759368896484 -0.31743887066841119937 1.14762055873870849609 -1.46369445323944091797 1.27839958667755126953 -0.45611429214477539062 1.59878897666931152344 -0.99165803194046020508 0.48904395103454589844 -1.57614266872406005859 0.69980698823928833008 1.08260822296142578125 1.59931945800781250000 0.84653180837631225586 1.07749927043914794922 -1.44706499576568603516 -1.58134543895721435547 -0.44883406162261957340 1.56078243255615234375 1.78753972053527832031 -0.31928375363349909000 -0.81289184093475341797 0.40414464473724359683
-0.07294309139251700658 -0.39972323179244989566 1.20158600807189941406 -0.72023785114288330078 -0.55128157138824462891 0.89508110284805297852 -0.52155113220214843750 -0.92973989248275756836 -1.22836339473724365234 0.51141017675399780273 0.71291381120681762695 -0.92486482858657836914 -0.79031735658645629883 -1.09740531444549560547 1.63742482662200927734 -1.61135375499725341797 -0.21322788298130029849 -0.44608345627784729004 0.95273417234420776367 -1.39487993717193603516 -1.09701597690582275391 0.35623967647552490234 0.40089172124862670898 -0.00296952109783880014 -0.92711561918258678094 0.71527194976806640625
1.97591865062713600842 1.50189983844757080078 1.55525231361389160156 0.57109802961349487305 0.04976592585444449685 -0.51725274324417114258 0.61228513717651367188 -1.41405797004699707031 0.73685574531555175781 -0.96892517805099476202 -1.04493999481201149671 -0.49329316616058349609 0.75011527538299560547 -0.63093042373657226562 -1.00459408760070800781 1.76727604866027832031 1.09948194026947021484 0.83022707700729370117 0.87578564882278442383 0.49569666385650629215 -0.62400519847869873047 1.05568921566009521484 0.07675120234489439530 -1.59603595733642578125 0.35754093527793878726 1.50557577610015869141
2.07706117630004882812 1.50875937938690207751 1.02577972412109375000 0.69831871986389160156 1.56886792182922363281 0.42668268084526062012 -1.51926958560943603516 0.94094938039779663086 -0.88552463054656982422 0.71053719520568847656 0.56625324487686157227 -0.86153924465179443359 0.65241479873657226562 0.55215185880661010742 -0.59382599592208862305 0.85204952955245971680 0.04727849736809729836 1.28430545330047607422 -1.30961740016937255859 1.29364514350891113281 -0.79934763908386230469 -0.91820424795150756836 -1.04608309268951416016 1.54734301567077636719 1.08651995658874511719 1.41061615943908691406
1.11285281181335449219 1.65839016437530517578 -0.96446698904037475586 -0.70864444971084594727 0.70133805274963378906 -1.17878723144531250000 -1.09513044357299804688 0.00991634465754030053 1.16581034660339355469 1.27414107322692871094 -0.13027031719684600830 -0.66842412948608398438 -1.56752395629882790296 -1.00823450088500976562 -0.13205483555793759431 0.33137324452400207520 -1.64001834392547607422 -1.63797390460968017578 -0.70572328567504882812 1.15419697761535644531 -0.00978907570242880040 0.88825106620788574219 0.31144216656684869937 0.09247919172048560399 1.51619863510131835938 -0.35552638769149780273
-1.53860664367675781250 -0.77442687749862670898 -1.43245983123779296875 -0.78962779045104980469 -0.72025913000106811523 -0.45038440823554992676 1.07938802242279030530 -0.37657171487808227539 1.35742962360382080078 -1.22651731967926047595 1.55923068523406982422 -0.02230332978069779828 1.34810125827789306641 -1.32044172286987304688 -1.66981804370880126953 1.53130435943603515625 0.78384560346603393555 0.59989428520202636719 -0.48705074191093439273 -0.64394497871398925781 -1.31623136997222900391 1.28139650821685791016 -0.91538786888122558594 1.30119025707244873047 -0.34039846062660217285 -0.02365803159773340048
0.24379256367683410645 0.07696838676929469714 0.56587177515029907227 -1.38746619224548339844 -0.35570305585861200504 -0.35288903117179870605 1.04814875125885009766 -1.49260568618774391858 -1.06423544883728049548 -0.30767613649368280582 -0.93144690990447998047 1.03295898437500000000 0.53576618432998657227 0.24938374757766720857 -0.05242407694458960099 -0.37521785497665399722 0.59857070446014404297 -0.33403429388999938965 1.20714974403381369861 -1.58602285385131835938 -0.22569723427295679263 0.10179307311773300171 -1.20018863677978515625 0.58063799142837524414 -0.90639662742614757196 -0.53750693798065185547
0.59281170368194580078 0.21674962341785430908 0.30496254563331598453 0.08487183600664130467 -0.50178062915802001953 0.23483926057815548982 0.38946178555488580875 -0.85967439413070678711 0.70118701457977294922 1.32838261127471923828 0.15025849640369409732 0.28222635388374328613 1.48867964744567871094 0.97894483804702758789 1.46223580837249755859 0.26475709676742548160 0.55773669481277465820 0.96278995275497436523 -1.72472405433654807361 -1.13106644153594970703 -0.62651032209396362305 -1.37743413448333740234 -0.93890649080276478156 -0.50952064990997314453 -0.25158479809761047363 -0.57198739051818847656
0.41122210025787347965 1.14632892608642578125 -1.15269792079925537109 -0.95882928371429443359 -1.11858975887298583984 -0.53961157798767089844 -0.91612368822097778320 1.46877384185791015625 -0.75727766752243041992 0.91440391540527343750 0.77570587396621704102 1.61078882217407248767 0.52716839313507080078 -1.07889366149902343750 -1.03692817687988281250 -0.47598215937614440918 0.65590399503707885742 -1.49447107315063476562 0.46237754821777338199 1.38294088840484619141 -0.58620607852935791016 -1.33695864677429199219 1.69598555564880371094 -0.31380799412727350406 -1.29563391208648681641 -2.49990987777710005346
1.31055736541748046875 1.44152760505676269531 1.08423829078674316406 -1.75394225120544433594 1.48700463771820090564 -0.27539595961570739746 -0.91347163915634155273 -0.10132720321416849307 -0.33330240845680231265 1.65632319450378417969 -0.21498976647853851318 -0.99331581592559803351 -0.77859383821487426758 0.69716876745223999023 1.02805793285369873047 1.50032532215118408203 1.39879655838012695312 -0.34874153137207031250 -0.64629006385803222656 -1.26378655433654807361 1.61262941360473632812 1.45789408683776855469 -1.32614624500274658203 -1.73294186592102050781 -1.33025443553924560547 -0.22832968831062311343
0.82938623428344726562 0.97170245647430419922 -0.27977454662322998047 -0.51884770393371582031 -0.62085247039794921875 -1.36985671520233154297 -1.17745542526245117188 0.09257364273071279348 -0.60903662443161010742 0.96281427145004283563 0.43963083624839782715 0.58597278594970703125 1.13829398155212402344 1.45528411865234375000 -0.96914136409759521484 0.34910148382186889648 -1.73812663555145263672 -0.33780941367149347476 -0.48907616734504699707 0.72747421264648437500 0.91453444957733165399 -0.97531938552856445312 0.84283316135406494141 1.07366061210632324219 -1.33191275596618630139 -2.63236188888549804688
0.31195551156997680664 1.06462967395782470703 -0.69218075275421142578 -1.43602454662322998047 -0.49224242568016052246 -0.84546208381652832031 -0.46878001093864440918 0.44497159123420709781 -0.79427617788314819336 -0.30070868134498590640 1.23251771926879882812 0.77225661277770996094 1.12041580677032470703 1.19198942184448242188 1.06712543964386008533 0.14596526324748990144 -0.63319510221481323242 0.06303274631500239977 -0.92715388536453235968 0.33423662185668939761 -1.73079395294189430921 -1.14981675148010231702 1.52207827568054199219 -1.59722995758056640625 0.32708048820495599918 -2.29782319068908691406
0.18532356619834899902 -0.18823386728763580322 1.44931972026824951172 0.79802238941192626953 -1.63104188442230224609 1.28416001796722389905 0.98136687278747558594 0.69783151149749755859 1.53015422821044921875 1.50462806224822998047 -1.55251944065093994141 -1.30866611003875710217 0.05174462124705309779 -0.02022575587034219913 -1.27770900726318359375 -0.28908067941665649414 -0.29506221413612360172 -1.34675669670104980469 -0.20859484374523160066 1.46207654476165749280 0.82238066196441650391 0.70151150226593017578 0.65652221441268920898 1.60343718528747558594 1.19897592067718505859 0.94058799743652343750
0.91435670852661121710 1.68405008316040039062 -0.70015484094619750977 1.19568407535552978516 -0.89726638793945312500 1.34585011005401589124 -0.73711597919464111328 1.58836340904235839844 0.14055150747299188785 0.08825029432773590088 -0.74189877510070800781 1.59633803367614768298 -0.05986942350864409707 -0.76968550682067871094 1.19880914688110351562 -1.17548871040344238281 -0.77199625968933105469 1.21271300315856911389 -0.27372547984123229980 0.49823153018951410465 1.51777160167694091797 -1.65383911132812500000 -0.61053705215454101562 -0.26692590117454528809 -0.13142946362495419588 -0.02653780207037920169
0.26604151725769037418 -0.23016892373561859131 0.78428578376770019531 0.76218360662460327148 1.19165074825286887439 -1.08954036235809326172 0.20685586333274841309 1.29780972003936767578 -1.66702842712402343750 -0.93239349126815795898 -1.43479204177856445312 0.61825233697891235352 -0.30108487606048578433 -1.06669604778289794922 -1.45268857479095458984 1.69331610202789306641 0.35268387198448181152 0.06661844998598090428 1.60040640830993630139 -1.62041234970092751233 -1.02288103103637695312 -0.86137551069259643555 -0.87264555692672729492 1.24096035957336447986 0.94648462533950794562 0.94866693019866943359
-0.88703793287277221680 -1.64449656009674072266 1.69039654731750488281 -0.86137855052947998047 1.18518245220184326172 0.64686411619186401367 0.68052339553833007812 -0.69012981653213500977 0.96997135877609241827 -0.53063541650772094727 0.67225635051727294922 1.30640685558319091797 1.10230028629302978516 -1.58159625530242919922 0.47907027602195739746 -0.00252218381501730007 -0.76320922374725341797 1.64972889423370361328 0.15975676476955411043 -0.46837368607521051578 -1.36504375934600830078 -0.63472342491149902344 -0.44452953338623041324 -1.69101405143737792969 -1.15923714637756369861 0.09032458811998360371
2.08558320999145507812 1.69561529159545898438 1.07536494731903076172 -0.93915879726409923212 -1.13192844390869140625 1.63313138484954833984 -1.40365767478942871094 0.77212756872177124023 -1.64534735679626464844 0.23730078339576721191 0.51613450050354003906 1.61415064334869384766 0.35514926910400390625 0.71799832582473754883 0.37779128551483148746 1.19228768348693847656 -0.96718651056289683954 -1.50858438014984130859 -0.67897641658782958984 -0.95079112052917480469 0.26642584800720209293 1.05721664428710937500 -0.39556911587715148926 -1.74560785293579101562 1.58021759986877441406 -0.39889043569564819336
-1.04840230941772460938 -0.59918844699859619141 -0.18661195039749139957 -1.21177709102630615234 -0.97240799665451038702 0.80341947078704833984 0.71018320322036743164 -0.10527285933494559544 -1.05275964736938476562 -1.33192384243011474609 0.99984502792358398438 -0.16897766292095178775 -0.52313184738159179688 0.84111005067825317383 -0.29147517681121820621 -0.48018011450767511539 0.44585534930229181461 0.16005691885948181152 -0.58393096923828125000 -1.40290224552154541016 -1.62008774280548095703 0.88915526866912841797 -0.16908857226371759586 1.56787955760955810547 0.65521532297134399414 -0.51515054702758789062
0.75292217731475830078 0.62579017877578735352 0.27102932333946228027 0.02514615468680849938 0.19660098850727081299 1.48908233642578125000 0.49662396311759948730 1.37600731849670410156 1.64051938056945800781 -0.60315400362014770508 0.44430890679359430484 1.52799689769744873047 1.17930948734283447266 -1.45783305168151855469 1.44010496139526367188 1.03834009170532248767 -0.04724183306097980151 -0.60500758886337280273 -0.06418062746524809403 0.59040802717208862305 -1.02019441127777099609 -1.12725806236267089844 -0.66303896903991699219 1.51642787456512428967 0.84233605861663818359 -1.66670370101928710938
0.34119701385498041324 -0.17878170311450949925 1.10612475872039794922 -1.02342844009399391858 -0.24417425692081448640 1.42337584495544433594 -1.37741637229919433594 0.97638696432113636359 -0.35261663794517511539 -0.85874015092849731445 0.14282011985778800267 -1.21198785305023193359 0.81648182868957519531 0.89474380016326904297 -0.84083241224288940430 -1.09156143665313720703 -0.98586130142211925165 -1.61740624904632568359 0.88960707187652587891 -0.77810019254684448242 -1.62635183334350608142 -0.50283354520797729492 0.60218793153762817383 -0.36552745103836059570 0.57592344284057617188 0.41502463817596429996
-0.48041456937789911441 -1.18275654315948486328 1.17617583274841308594 0.03541960567235939716 1.01963126659393310547 0.06933861225843429565 -0.25702127814292907715 -1.40779888629913330078 0.55351787805557250977 -1.83938765525817871094 1.03240251541137695312 -0.31485074758529657535 -1.55061447620391845703 -0.05110731720924369809 -1.25512516498565673828 -0.12866103649139398746 -0.05035874620079990038 1.14502894878387428967 -0.81443363428115844727 1.36766874790191650391 0.41865533590316772461 0.50170993804931640625 0.90202999114990245477 -0.41470009088516229800 1.02469730377197287829 0.66069358587265014648
-0.67533767223358154297 -0.79242885112762451172 0.44886606931686401367 0.11173193901777260517 0.76835972070693969727 0.67846047878265380859 0.93577831983566284180 0.83284908533096313477 -0.01813958212733260064 -1.39569389820098876953 -1.16020047664642311780 -0.38503384590148920230 -0.02995208837091919984 -1.09448707103729248047 -0.88887441158294677734 -1.03469240665435791016 -0.91004174947738636359 1.40346562862396240234 0.47345015406608581543 -0.06053717434406279824 -0.53908807039260864258 -1.61843287944793701172 -0.78555333614349365234 0.00020943717390760000 0.75643736124038696289 0.89603412151336669922
-0.46756401658058160953 -0.87547451257705688477 0.15027008950710291080 0.35009598731994628906 -1.29261732101440429688 -0.09878972172737120194 -1.73943865299224831311 -0.32799255847930908203 -0.94266003370285045282 -0.37734606862068170718 1.22084629535675048828 1.37059831619262695312 -1.38002526760101318359 1.07071280479431152344 0.09890868514776229858 -0.64256066083908081055 -1.16620564460754394531 -0.20292909443378440160 1.21608507633209250720 -0.09071414917707440462 0.43081814050674438477 1.43542098999023437500 1.08013379573822021484 -1.65405905246734619141 -0.69241911172866821289 0.22178080677986139468
0.36419934034347528629 0.97823959589004516602 -1.11723756790161110608 -0.10403133183717719334 1.22789013385772705078 -0.05806706473231310062 -1.60935688018798850329 -0.89810752868652343750 0.50028747320175170898 -0.10481774806976310033 0.20399080216884610262 -0.55823796987533569336 -0.96726989746093761102 -1.40906059741973876953 -0.29013875126838678531 -0.07578211277723309602 1.52007949352264404297 0.62572920322418212891 0.97146868705749522821 0.26733523607254028320 -0.50858539342880249023 0.03074896521866319829 0.55382812023162841797 1.69810581207275390625 -1.49175822734832763672 -1.28154754638671875000
-0.70285958051681518555 0.20131704211235040836 -1.51876139640808105469 0.61212396621704101562 0.08233883231878280640 -1.47050821781158447266 1.50638043880462646484 -0.81675243377685546875 -1.34004783630371093750 -0.56979924440383911133 -0.05034119635820379773 1.53004086017608642578 -0.58618766069412231445 -0.73787975311279296875 0.48389068245887750797 1.36213326454162597656 0.41783845424652099609 -0.25597104430198669434 0.08889713138341899523 -0.40450027585029602051 -0.31629207730293268375 1.42158055305480957031 1.33426940441131591797 -0.55214655399322509766 1.12700355052947998047 1.63929259777069091797
0.93369185924530040399 0.78149229288101196289 0.19834926724433898926 1.61477220058441162109 1.70096337795257568359 -1.21275281906127929688 1.54334247112274169922 0.03204301744699469823 -0.81788766384124755859 0.46396285295486450195 1.64355194568634033203 0.93228358030319202765 1.12046110630035400391 0.61583799123764038086 -1.66770589351654030530 -1.63422775268554687500 0.26204082369804382324 -0.33102598786354059390 0.83991426229476928711 1.03525066375732421875 0.33377036452293390445 -0.36990386247634887695 1.21995735168457031250 -0.64950323104858398438 0.64806622266769409180 -1.04721510410308837891
-1.29546439647674560547 -1.57176232337951660156 0.18224744498729700259 1.47349154949188232422 0.87559443712234497070 -0.07379460334777830643 0.61580306291580200195 1.15933966636657714844 1.22936487197875976562 0.38886362314224237613 -0.66565376520156860352 1.50717794895172119141 -0.74826908111572265625 -0.77305275201797485352 0.12273769825696939639 1.35498201847076416016 1.54116868972778320312 -1.52141797542572021484 0.58079409599304199219 0.98307502269744884149 -0.17857421934604639224 -1.09268772602081298828 1.05885517597198486328 0.56446611881256103516 1.13869476318359375000 0.28411376476287841797
0.14214122295379638672 0.03257574141025539743 0.05888765305280679874 1.01661813259124755859 -0.58453905582427978516 -0.21762502193450919408 -0.32196006178855890445 1.72187924385070800781 1.68818330764770507812 1.52397429943084716797 -1.42982375621795632092 0.86251670122146606445 1.69122934341430664062 1.38418817520141601562 -0.03210382908582679745 0.80139917135238647461 -0.33700463175773620605 0.11666455119848249955 0.20041497051715850830 -0.07704472541809080643 -0.94520717859268199579 -1.10649919509887695312 -0.86942809820175170898 0.84772509336471557617 0.15643927454948419742 0.39081710577011108398
0.38734692335128778629 0.42820295691490167789 0.01882976479828350064 0.88627773523330688477 0.65780806541442871094 -1.49191081523895263672 0.12334295362234110049 1.47717726230621337891 0.71202987432479858398 -1.61163914203643798828 -0.76709687709808349609 -0.60927283763885498047 -1.31272625923156738281 0.73238170146942138672 -0.24474716186523429173 -0.89174669981002807617 1.52979886531829833984 -1.24963641166686989514 -1.68665111064910888672 0.01942809671163549939 1.28399193286895751953 -0.92079246044158935547 0.83646363019943237305 -0.86335742473602294922 1.40763974189758300781 -0.36494407057762140445
-0.56503933668136596680 -0.43040502071380609683 -0.71909493207931518555 0.60028570890426635742 0.35943433642387390137 0.54749149084091186523 -1.56810104846954367908 1.54992842674255371094 0.12130595743656150121 -1.39568161964416503906 -1.15973019599914550781 1.52546823024749755859 -1.20305037498474121094 0.05533104389905919851 1.43682837486267089844 -0.68310874700546264648 -0.60380697250366210938 0.50749367475509643555 0.67194986343383789062 1.00610435009002685547 0.42893210053443908691 -0.68328988552093505859 1.02069354057311989514 1.29038512706756591797 -0.62651795148849487305 1.01904344558715820312
0.38594329357147211246 1.11814165115356445312 -0.49175423383712768555 1.67536604404449462891 1.35213553905487060547 -1.17945039272308349609 -0.42180714011192321777 0.80113208293914794922 0.81802296638488769531 0.41907921433448791504 -1.00738143920898437500 0.18418495357036590576 0.36552071571350097656 -0.93538886308670043945 0.43815693259239191226 -0.06703310459852210301 0.06108726561069480199 0.94782143831253040656 1.21656024456024169922 0.10645283758640289307 -0.40289717912673950195 1.38875901699066162109 -0.12902161478996271304 0.17733751237392419986 -1.10992968082427978516 -0.83668041229248046875
1.81765568256378151624 1.63537800312042236328 0.90053212642669677734 -1.42936730384826660156 -1.41110539436340309827 -0.90385556221008300781 -0.68500614166259765625 -0.79410952329635620117 0.33171129226684570312 -1.34312582015991210938 -1.03247106075286887439 -0.46857556700706481934 1.48182237148284912109 -0.95258039236068714484 0.96955662965774536133 -0.51137942075729370117 1.09094715118408203125 0.18745620548725119847 -0.72135955095291137695 -0.26562768220901489258 -1.02428650856018088611 0.39342951774597167969 -0.10896599292755120014 -1.04179167747497558594 0.49335744976997369937 0.01840345188975330004
-0.87450391054153442383 -1.09820580482482910156 0.19316944479942319002 1.03279030323028564453 -0.43496507406234741211 0.86274772882461547852 0.37824416160583490543 1.56596708297729492188 1.31757032871246337891 0.35629722476005548648 -1.77743864059448242188 -0.52033549547195434570 0.16044850647449490633 -0.41331866383552551270 1.27886891365051269531 0.39243122935295099429 -1.56299674510955810547 0.40822404623031610660 -0.49044314026832580566 0.18501077592372888736 -0.74861502647399902344 0.01750158518552780151 -0.83332610130310058594 0.90914249420166015625 -0.48505103588104248047 0.36224213242530822754
-1.98828625679016091077 -1.65509665012359619141 -1.64635944366455078125 1.60718357563018798828 -0.16189229488372799959 0.30223894119262689761 0.30986481904983520508 -1.33878135681152343750 -1.48474144935607910156 0.77343255281448364258 -1.58738958835601806641 0.39639788866043090820 -1.50677144527435302734 1.20976614952087402344 -0.27168181538581848145 0.85976952314376831055 -1.65312016010284423828 -0.94147139787673961298 0.70176041126251220703 0.42842420935630798340 0.97549241781234741211 1.38300776481628417969 -0.22873240709304809570 0.47413298487663269043 1.35557651519775390625 0.45585328340530389957
0.23017978668212890625 -0.22960835695266720857 1.64486086368560791016 0.70633214712142944336 1.61289584636688232422 -0.65462338924407958984 0.40985029935836791992 -1.37689018249511718750 -0.48110327124595642090 -0.46683093905448908023 -1.35525822639465309827 0.80789631605148315430 0.90227389335632324219 1.55842590332031250000 1.77265727519988991467 -0.35469532012939447574 1.52621138095855712891 -1.68817269802093505859 -0.10538712888956069946 1.47948539257049560547 -0.55687665939331054688 -0.85006839036941528320 0.82597249746322631836 -0.69911408424377441406 -1.43387961387634277344 1.86053013801574707031
-0.00814237631857389968 -0.49809777736663818359 0.79414594173431396484 -0.63545173406600952148 0.36329787969589227847 1.66869258880615234375 -0.39813134074211120605 0.49417743086814880371 0.11892110109329219469 0.24434047937393180150 1.64537000656127929688 -1.03839218616485595703 1.21921551227569580078 0.77842617034912109375 -1.04169857501983642578 -0.16873520612716669254 -1.71583771705627441406 1.40886962413787841797 1.29398226737976074219 -1.16018712520599365234 0.97302502393722523077 1.02926421165466308594 -0.34527423977851867676 0.27358019351959228516 -0.35419580340385431461 0.59393173456192016602
-1.52577221393585205078 -1.05057215690612792969 -1.21527600288391113281 -0.07313527911901469836 0.51838052272796630859 0.92899554967880237921 1.00875103473663330078 0.81871956586837768555 0.18011191487312311343 -1.69847190380096435547 -1.39658784866333007812 -0.07275830209255210179 -1.72547864913940429688 -1.26427400112152099609 -1.28608369827270507812 -1.51315927505493164062 0.60663497447967529297 -0.15143045783042899388 0.76923757791519165039 0.78548115491867065430 -1.29793858528137207031 0.75660598278045654297 -1.61441171169281005859 -1.37394034862518310547 -0.98480534553527843133 0.18239773809909820557
-0.32640802860260009766 -1.18900966644287109375 1.65604186058044433594 0.88000321388244628906 -0.53959441184997558594 -1.24722707271575927734 0.23033060133457181062 -0.42765811085700988770 0.19907544553279871158 -1.29317986965179443359 0.07702849060297009554 1.31136405467987060547 0.70873332023620605469 0.25842958688735961914 1.56428825855255126953 -0.58439385890960693359 0.24096184968948358707 0.24869419634342190828 0.03693974390625950205 -0.76565963029861450195 0.36528989672660827637 -0.10523643344640730424 -0.08539684861898419466 0.87786662578582763672 -0.81565970182418823242 0.93844240903854359015
0.53228241205215454102 -0.06069715693593019656 1.44765663146972656250 0.82197403907775878906 1.49435126781463623047 -0.00384500715881580003 0.34377297759056091309 -0.94979512691497802734 -0.22567762434482568912 1.25036954879760742188 -0.40707880258560180664 1.48045039176940917969 -1.10511755943298339844 -1.19564890861511230469 1.28659963607788085938 1.23450911045074462891 1.08937025070190429688 -0.59845262765884399414 -1.00828850269317649158 -0.16751076281070709229 0.25723055005073547363 1.04155194759368896484 -0.29515114426612848453 -0.12606520950794219971 -1.21051907539367675781 1.18510746955871582031
0.16993190348148340396 -0.60694462060928344727 1.49624752998352050781 0.87467336654663085938 1.41423940658569335938 0.54021799564361572266 0.34480777382850641422 -1.10982954502105712891 -0.85185295343399047852 -1.72782826423645019531 -0.19378277659416198730 1.00809419155120849609 -0.14798867702484130859 1.59458100795745849609 0.63444805145263671875 -1.40663075447082519531 -1.29425644874572753906 -0.14479888975620269775 0.28045287728309631348 0.76635307073593139648 -0.83850675821304321289 1.44984602928161621094 -1.07557106018066406250 -1.41321945190429687500 1.42317211627960205078 1.90552020072936989514
-0.20344279706478118896 0.36649212241172790527 -1.29854476451873779297 0.19874010980129239168 -1.30911266803741455078 0.40524142980575561523 -1.27265071868896484375 0.55182063579559326172 -0.76564735174179077148 0.58415681123733520508 -0.55901741981506347656 0.16534778475761410799 -0.53223454952239990234 -0.70343828201293945312 -1.40180492401123046875 -1.42961931228637695312 0.08962878584861749820 -0.87874484062194824219 0.60247939825057983398 1.34664762020111083984 -0.45458784699440002441 1.04419982433319091797 0.33040547370910638980 -0.96899527311325084344 1.25344681739807128906 0.44149953126907348633
1.28652131557464599609 1.36413156986236550061 0.37908145785331720523 -1.24360525608062744141 1.35897171497344970703 -1.31293714046478271484 0.46489956974983209781 0.78755307197570800781 0.07407280057668680362 1.50114119052886962891 -0.16401128470897669009 0.54819059371948242188 0.59983426332473754883 -0.90676522254943836554 -1.47439575195312500000 1.01517975330352783203 -1.27174687385559082031 -0.38559579849243158511 -0.58494538068771362305 -1.29799568653106689453 -0.82373636960983276367 -1.62323415279388449939 -0.25431028008460998535 1.23016130924224831311 0.62033170461654663086 -0.75482463836669921875
-0.82015395164489746094 -1.19182538986206032483 -0.00718989502638570002 0.73525506258010864258 -0.53604984283447265625 -0.81354200839996337891 0.24874891340732568912 -0.92432266473770141602 1.12672531604766845703 -1.67458498477935791016 -1.51575005054473876953 1.38179540634155273438 -1.72679817676544189453 0.35600134730339050293 -1.65814614295959472656 1.38829874992370605469 -0.55535852909088134766 1.54544866085052490234 0.47093820571899408511 -0.02798960916697969953 1.51019012928009033203 -0.42171940207481378726 0.20085580646991729736 -1.15428483486175537109 0.59304517507553100586 0.20959311723709100894
-0.34379637241363519840 -0.13763563334941861238 -0.54576462507247924805 0.88834100961685180664 1.65053224563598632812 -1.53178858757019042969 0.30487176775932312012 -0.34058618545532221011 -1.00255215167999289783 1.59712016582488991467 0.48314920067787170410 1.57248055934906005859 1.35488295555114768298 -1.17888212203979492188 -1.38190877437591552734 1.70950937271118164062 1.59688532352447509766 0.78158837556838989258 0.18814241886138910465 -0.35775768756866449527 -1.66980016231536887439 0.23960639536380759496 -0.57729750871658325195 0.90321600437164317743 -1.10677754878997802734 1.39604651927947998047
0.74894779920578002930 1.24931013584136962891 -0.85643202066421508789 -0.94199180603027343750 -0.68141436576843261719 0.57227391004562377930 -0.25945192575454711914 1.77432096004486083984 0.53235268592834472656 0.78673481941223144531 1.17065250873565673828 -0.88476485013961791992 -0.31593120098114008121 -1.57294702529907248767 0.93397718667983997687 -0.51220858097076416016 -1.17120850086212158203 1.45237505435943603516 1.15785014629363991467 -0.53952801227569580078 1.07925605773925781250 0.43280786275863647461 -1.06183135509490966797 -1.55902135372161887439 0.97020047903060924188 -2.20954418182373046875
0.11857386678457260132 0.09691578149795529451 0.26687744259834289551 -0.00518833287060259992 0.75866889953613281250 -0.51462769508361816406 -1.47917544841766357422 -0.24863143265247339420 0.06101858988404269823 -1.61006867885589599609 0.85011929273605346680 0.02654754742979999887 -1.20481419563293457031 -1.00958395004272460938 -0.93566226959228515625 1.59570586681365966797 0.60130286216735839844 0.98666375875473022461 -0.48916795849800109863 0.62511348724365234375 1.49429523944854736328 -0.35705357789993280582 0.23328605294227600098 -1.64687991142272949219 -1.32790219783782958984 0.38698837161064147949
-0.50346255302429199219 0.04773886129260059702 -0.50836050510406494141 0.92353683710098277704 -0.51376175880432128906 0.75966513156890869141 -0.36021247506141662598 -0.97635281085968017578 0.92645686864852905273 -0.88135123252868652344 1.60507750511169433594 0.58803421258926391602 1.58959484100341796875 -0.36338487267494201660 -1.45404529571533203125 -0.03985461592674249820 0.73105192184448242188 1.13353276252746582031 -0.17765079438686370850 1.62584888935089111328 -0.86614954471588134766 -0.21178533136844629459 -0.81756502389907836914 0.45357531309127807617 -1.05900812149047829358 1.04064762592315673828
-2.18566584587097212378 -1.56456708908081032483 -1.39748251438140869141 -1.13070464134216308594 -1.54043662548065207751 0.49291515350341791324 0.59682023525238037109 0.69399243593215942383 -1.48951935768127441406 -1.36315548419952392578 -0.36620357632637018375 0.78460043668746948242 0.71420633792877197266 0.89186865091323852539 0.40290886163711547852 -0.82269209623336791992 -1.18172895908355712891 -0.30047601461410522461 1.29314291477203369141 1.45138204097747802734 -1.27006304264068603516 -1.20248758792877197266 0.22106808423995968904 0.77419567108154296875 0.71633672714233398438 -1.06034874916076660156
0.31009113788604730777 0.39590600132942199707 0.09922362864017479633 -0.51798176765441894531 -0.07024507969617839465 0.00813324283808460058 0.15801499783992759007 -0.71499997377395629883 -0.68764275312423706055 -0.40907144546508789062 0.83044445514678955078 0.55374437570571899414 0.20323292911052701082 0.77343618869781494141 1.37828242778778076172 0.84121137857437133789 1.30979144573211669922 0.25637927651405328922 -1.03136301040649391858 -0.15538638830184930972 -0.59025967121124267578 1.56467175483703591077 -1.53960871696472167969 1.02664995193481445312 -1.10330665111541770251 -0.72803962230682373047
0.39459455013275140933 1.00946414470672607422 -1.07994735240936279297 -0.72354739904403686523 1.53737235069274902344 -1.02200293540954589844 -1.20078825950622558594 -1.43325054645538330078 -1.35690295696258544922 -0.00126676890067749996 -0.05267205089330669748 -1.16571640968322753906 0.15396399796009060945 1.58006513118743896484 -0.96121180057525634766 -1.71472728252410888672 1.56806707382202170642 1.22432231903076149671 0.68972665071487426758 1.04070174694061279297 0.76012390851974487305 0.87024718523025512695 -1.40738892555236816406 -0.31382092833518981934 0.69140470027923583984 -1.54274201393127441406
0.31998085975646972656 0.65373086929321289062 -0.54930025339126586914 0.15804961323738089818 0.29659369587898248843 0.28859001398086547852 -1.63873040676116943359 1.17801058292388916016 0.07772207260131830386 -1.62960636615753151624 0.57797378301620483398 -1.37139225006103515625 -1.46365094184875488281 1.28912425041198730469 -0.32110825181007379703 1.49210977554321289062 1.33053231239318847656 -1.54441797733306884766 0.86918824911117553711 0.11519414931535719437 1.30979275703430175781 0.24688796699047088623 0.04175088554620740022 0.60606336593627929688 0.95916229486465442999 -1.09920525550842285156
-0.42698723077774047852 -1.14240992069244384766 1.27093768119811989514 -1.40413212776184082031 -0.61651128530502319336 -0.44646671414375299625 1.62704014778137207031 -0.73218220472335815430 0.04601674526929849796 -0.06963843107223509354 1.04596340656280517578 1.17906498908996582031 -1.59336531162261962891 0.41698172688484191895 1.51723849773406982422 1.08241534233093261719 -0.05077280849218360204 0.91087585687637317999 1.19873213768005371094 1.28829932212829589844 0.08601351082324980302 -1.61000704765319824219 -0.72946876287460327148 -1.62800490856170632092 1.54042971134185791016 -0.10262998938560480289
0.41329663991928100586 0.23122335970401761140 0.22981366515159601382 0.38572746515274047852 0.87454181909561157227 -0.51708817481994628906 1.33892548084259033203 -0.62417578697204589844 1.67336893081665039062 0.91743701696395885126 1.65322220325469970703 -1.37803184986114501953 -1.05114567279815673828 1.28243422508239768298 0.54286915063858032227 0.52538061141967773438 -0.95978742837905883789 0.85517340898513793945 -0.70771944522857666016 -1.60284852981567382812 -1.48395407199859619141 -0.00805876031517980054 0.57666432857513427734 -1.26365125179290749280 0.44102337956428527832 -0.17899678647518149632
-0.32850381731986999512 -0.10192576050758360429 -0.13503037393093109131 0.59042555093765258789 -0.30383628606796259097 -0.42755499482154840640 -1.11117351055145263672 -0.64165729284286499023 -1.04876744747161887439 -1.46605455875396728516 0.67501407861709594727 0.53111279010772705078 0.15597853064537040013 1.00851702690124511719 -1.03517162799835205078 -1.28807461261749289783 -1.11746895313262939453 -0.20616960525512689761 -1.63167190551757790296 -1.40366399288177490234 -0.39048609137535089664 0.75356328487396240234 0.63616675138473510742 0.87770408391952514648 -1.49866306781768798828 1.11732482910156250000
-1.84465312957763671875 -1.48568308353424072266 -1.28391623497009277344 0.62601083517074584961 1.48899447917938232422 0.81730723381042480469 0.39511436223983759097 0.31230345368385309390 -0.62703859806060791016 -1.36422920227050781250 1.34815716743469238281 0.19530628621578211002 -1.72887814044952392578 -1.07111930847167968750 -0.28866890072822570801 0.08522730320692059602 -1.29426276683807350842 -0.03577158972620959887 1.32207047939300537109 0.04258190095424650018 1.10494518280029296875 -0.87720894813537597656 1.59690761566162109375 0.03382895141839979691 1.00115633010864257812 0.44687604904174799136
-0.45952999591827392578 -0.32877349853515619449 -0.35137957334518432617 0.07079396396875380082 0.24116222560405731201 -1.49254071712493896484 -0.30164790153503417969 1.10682559013366699219 0.05510709434747689678 -0.66913181543350219727 1.07044148445129394531 0.86179518699645996094 -0.15661132335662839021 -0.92058330774307239874 -0.15626886487007141113 -1.48729264736175537109 1.13595283031463623047 -1.57179725170135498047 1.64505445957183837891 -0.02353874035179610164 1.64439952373504638672 -1.47896718978881835938 -0.33976018428802490234 1.16478145122528076172 1.61628484725952170642 0.81907671689987182617
-0.69333010911941528320 0.14040945470333099365 -1.61657536029815673828 0.60991311073303222656 1.54328906536102294922 -0.79986375570297241211 1.61176323890686035156 -0.54777354001998901367 1.60291194915771484375 0.44998162984848022461 0.12664741277694699373 1.14749562740325927734 0.31858715415000909976 0.57025712728500366211 0.51525139808654785156 -1.67279255390167236328 -1.53646969795227050781 -1.39238190650939941406 -0.50991111993789672852 -1.28132569789886474609 -0.92912316322326660156 -1.39286565780639648438 0.71602040529251098633 1.72989284992218017578 0.01316635217517610028 2.09065628051757812500
0.54706579446792602539 1.22740423679351806641 -1.34444129467010498047 0.03874587640166279878 1.61553049087524391858 -0.82710343599319458008 0.60622817277908325195 1.76846754550933837891 -1.18833971023559570312 1.60337948799133300781 0.86863583326339721680 0.74888283014297485352 0.99239122867584239618 1.27266168594360351562 0.31554153561592102051 1.78127193450927712171 -1.04845750331878662109 1.38085877895355224609 0.44907397031784057617 1.21053338050842285156 0.24962818622589111328 0.68240606784820556641 0.03226543217897410304 1.49295377731323242188 0.68618226051330566406 -1.36155498027801513672
1.47538638114929199219 0.87717646360397338867 1.21210837364196777344 1.77241265773773193359 -0.47222632169723510742 -0.15331020951271048802 1.23697662353515625000 -0.47829243540763849429 -1.37611329555511474609 1.20493578910827636719 -0.13848885893821710757 -1.24626123905181884766 0.31487110257148742676 0.78413903713226318359 0.36501139402389520816 0.15180619060993189029 -1.26593124866485595703 0.88569486141204833984 1.08258724212646484375 0.58036273717880249023 -1.38011014461517311780 -1.55149054527282714844 0.97381162643432617188 1.72655594348907470703 -0.01799956522881979853 -0.66337203979492187500
-1.11353325843811035156 -1.17941200733184792249 -0.55110478401184082031 1.59667181968688964844 -0.76346737146377563477 0.45496872067451471500 -0.42349892854690551758 0.45407620072364801578 1.26680469512939430921 -0.97882384061813354492 -1.71846616268157958984 1.38717281818389892578 0.50662183761596679688 0.49420213699340820312 -0.93327444791793823242 -0.33120483160018920898 -1.64943671226501464844 -0.10655260086059570312 1.16129004955291770251 0.75057584047317504883 -0.05199350416660299817 -0.16968272626399991121 0.58384597301483154297 0.14233876764774319734 0.60769689083099365234 0.36626952886581420898
-0.57343024015426635742 -0.86945319175720214844 0.15152569115161890201 -0.45708084106445312500 0.31070134043693542480 -0.92001575231552124023 -0.87639594078063964844 0.71492117643356323242 0.54081463813781738281 -0.68837934732437133789 -1.60507154464721679688 0.78690528869628906250 1.22221326828002929688 -0.25491183996200561523 0.90766799449920643195 -1.27885818481445312500 0.30759620666503900699 0.08503536134958260273 1.14231264591217041016 -1.09716176986694335938 1.12275755405426047595 1.60855817794799804688 -1.57025682926177978516 -1.29140329360961914062 -0.08984331041574469823 0.21041074395179740208
0.42471712827682489566 0.28408357501029968262 0.20672930777072900943 -0.45271220803260797672 0.88138133287429809570 -1.08338844776153564453 1.49486231803894042969 -1.43439221382141113281 -1.52598869800567649158 -0.02358856983482830044 -0.39065319299697870425 0.20128759741783139314 -1.35375475883483886719 -0.41880509257316589355 0.17695802450180050935 -0.25226652622222900391 0.88796561956405639648 -0.35924112796783447266 -0.81258970499038696289 0.12658360600471491031 -1.58078718185424804688 -0.30728319287300109863 -1.04953646659851074219 -1.19235372543334960938 -1.06163239479064941406 -0.57814979553222656250
1.18995487689971923828 1.42648160457611083984 -0.00967756193131199920 -0.93453341722488403320 -1.32072603702545166016 0.50504851341247558594 -0.79175543785095214844 -1.04414331912994384766 0.19931650161743161287 -1.65144491195678710938 0.17054167389869689941 -0.60518902540206909180 -1.17689275741577170642 1.43964791297912597656 1.29447495937347389905 -0.52430021762847900391 1.00977754592895507812 0.74859493970870971680 -0.22068759799003601074 -0.92066574096679676398 -1.58768105506896950452 -0.20592947304248809814 1.19807589054107688220 0.92911326885223399774 -0.53978639841079711914 -1.14818000793457031250
-1.80722069740295410156 -1.47517728805541992188 -0.93144309520721435547 1.61450970172882080078 -1.38907980918884277344 1.06123900413513183594 -0.72179597616195678711 -0.86849117279052734375 -0.87781530618667602539 1.10332548618316650391 -1.32180500030517578125 0.48578822612762451172 -0.09005609154701230135 0.81976282596588134766 -1.37494146823883056641 -0.70379179716110229492 -0.03509603440761559917 -0.16689251363277429752 -0.63179707527160644531 0.51815110445022583008 -1.22535896301269509046 -0.20521420240402218904 -1.56231904029846191406 -1.14321386814117431641 0.92832034826278675421 0.20704241096973419189
0.36215510964393610172 0.37646314501762390137 0.55312240123748779297 0.33816483616828918457 0.18801030516624450684 0.54872506856918334961 -1.73163127899169921875 -0.37689232826232910156 1.15942764282226562500 1.41110670566558837891 1.30086994171142578125 -0.79837322235107421875 -1.07082533836364768298 -0.67229181528091430664 1.20124709606170632092 0.00993366166949270074 -0.41675484180450439453 0.41183710098266601562 -0.27150866389274591617 -1.34376335144042968750 -0.02424238622188560136 1.69601905345916770251 0.51228070259094238281 0.80097258090972900391 0.78496909141540527344 -0.30285364389419550113
-0.10380634665489189838 -0.21946716308593750000 0.61921626329421997070 -0.81898659467697143555 1.03800034523010231702 -1.02600467205047607422 1.45441150665283203125 0.11091517657041549683 -1.51801002025604248047 1.05481004714965820312 -0.95517653226852416992 -0.66183018684387207031 0.57107281684875488281 0.49605986475944519043 0.80646985769271850586 0.01765042729675760091 0.43438634276390070132 0.35878461599349970035 0.81353241205215454102 0.42895126342773437500 -0.57724422216415405273 -1.19560706615447998047 0.30804330110549921207 -0.41566455364227289371 0.11040049046277999878 0.60475289821624755859
-0.32706782221794128418 -0.65964907407760620117 0.53349351882934570312 -0.98576468229293823242 -1.62879943847656250000 0.19310334324836730957 -0.08575410395860670609 -0.69660764932632446289 -0.74104499816894531250 0.10201971977949139680 1.63823843002319335938 0.75829720497131347656 -0.45678627490997308902 0.69313305616378784180 1.03843080997467041016 -0.72373700141906738281 0.38538241386413568668 1.19732344150543190686 -1.45307731628417968750 -0.88689899444580078125 1.68816769123077392578 -0.04380163550376890008 -1.46220970153808593750 1.04045891761779807361 1.28595829010009765625 -0.03109569847583770058
0.53716623783111572266 1.10017955303192138672 -0.82663881778717041016 -0.90775352716445922852 1.45253515243530273438 -0.17605309188365930728 1.61889255046844482422 -0.81001251935958862305 -1.63537502288818359375 0.67932915687561035156 -0.35094085335731500797 -0.59099298715591430664 -1.38713479042053222656 -1.26075029373168967517 1.13666498661041259766 -1.16287922859191894531 -0.31130063533782958984 -0.95441716909408558234 -0.98298889398574840204 -1.51467704772949218750 0.57810229063034057617 0.74123054742813110352 1.15419340133666992188 -0.80781894922256469727 0.38107860088348388672 -2.08802652359008789062
-0.10625854134559629960 0.22096735239028930664 -0.34184610843658447266 -0.91637575626373279913 0.89656889438629150391 0.05902684479951850194 0.73024952411651611328 -0.78425550460815429688 0.52397471666336059570 -0.81137204170227050781 1.55127072334289550781 -1.19127249717712402344 -0.17419844865798950195 -1.18944525718688964844 0.91512292623519897461 0.14498721063137048892 -0.15657748281955718994 -0.65440845489501953125 1.17369365692138671875 0.58935308456420898438 -1.13815414905548095703 1.15360569953918457031 -0.43317514657974237613 -0.62578946352005004883 0.61265969276428222656 0.09797035157680510087
0.48930832743644708804 0.18375982344150540437 0.58389580249786376953 0.76844280958175659180 0.47716200351715087891 -0.96450752019882202148 1.23925364017486550061 -1.21139764785766601562 -1.20148825645446777344 1.48524904251098632812 0.42090034484863281250 -0.86335259675979614258 -1.21854555606842041016 1.35532975196838378906 0.82462668418884277344 0.81411910057067871094 1.11979138851165749280 0.17793957889080039281 -1.42820644378662109375 -0.49402773380279541016 0.36722761392593378238 1.48587536811828591077 1.57134664058685302734 0.39708346128463739566 -1.38053035736083984375 0.04539086297154420330
-0.00442299293354149990 -0.49740654230117797852 0.87040311098098754883 -0.93041396141052234992 0.31271314620971679688 -1.54787528514862060547 -0.37712305784225458316 -0.94244188070297241211 -1.60984086990356445312 0.47418507933616638184 -0.93451237678527843133 0.54625213146209716797 -0.17741748690605160799 -1.27359461784362792969 0.29542815685272211246 0.58531165122985839844 0.90669912099838256836 0.35967680811882019043 -1.35065650939941406250 -1.56392824649810791016 0.02101558074355119876 0.35331276059150690250 0.42984551191329950504 0.34168446063995361328 1.27623021602630615234 0.79170960187911987305
-1.06310939788818359375 -1.37248718738555908203 0.57711511850357055664 -1.31136775016784690173 -0.31228581070899957828 -1.48686969280242919922 -0.88514429330825805664 1.18514454364776589124 -0.33591663837432861328 -0.69472891092300415039 -0.38170057535171508789 -0.62453824281692504883 0.35927060246467590332 0.02207181975245469871 -1.70045888423919677734 1.54743731021881103516 1.09415364265441894531 -0.48076128959655761719 -1.58111441135406494141 -0.15807846188545218724 1.59683680534362792969 -1.24528825283050537109 -0.33676058053970331363 -1.36745488643646240234 -0.85229647159576416016 -0.91075086593627918585
1.64991462230682350842 1.05585575103759765625 1.36611425876617431641 -0.31317520141601562500 -1.01619744300842285156 -1.20284545421600341797 0.78979271650314331055 -0.78529065847396850586 1.11894798278808593750 0.23010744154453269261 1.39875638484954833984 0.73665702342987060547 -0.92076504230499278680 0.34055531024932861328 1.59294903278350830078 1.25278639793395996094 -0.01530448719859119934 0.18967749178409570865 0.33615294098854059390 -1.61848425865173339844 -1.53038215637207031250 -1.55199182033538818359 -0.15941555798053738680 1.64266347885131835938 -1.46589887142181396484 -0.71885889768600463867
-0.26208928227424621582 0.08536514639854429765 -0.70948457717895507812 0.35954055190086359195 -1.10679423809051513672 1.01616954803466796875 0.99145984649658203125 0.86053872108459472656 1.22266471385955810547 0.10796286910772319445 -0.64778542518615722656 0.50690740346908569336 -0.51178580522537231445 -1.06322085857391357422 1.32587289810180664062 1.52080273628234863281 -0.63550090789794921875 -1.48140859603881835938 1.34283554553985595703 -1.06683862209320090564 -1.01364886760711669922 -0.84017795324325561523 1.24170470237731911389 0.86860698461532592773 0.45759162306785577945 0.64019721746444702148
-1.12498784065246582031 -0.88307380676269531250 -0.67826914787292480469 -1.32279169559478759766 -0.92705923318862915039 -1.57191169261932350842 0.17519327998161310367 -0.90687578916549682617 1.13774430751800537109 0.91931998729705799445 0.36744645237922668457 -0.97946280241012562140 0.24327352643013000488 0.12991736829280850496 0.66316789388656616211 1.39216840267181396484 -0.78708165884017944336 -0.02380946092307559964 0.77820646762847900391 1.30274653434753417969 1.71835148334503151624 -0.91893237829208362921 -1.09811723232269287109 -0.88485735654830932617 -1.24031269550323486328 -0.73478221893310546875
-0.37149250507354730777 0.13013632595539090242 -1.14951848983764648438 0.29261693358421320132 -1.23594951629638671875 -0.55042922496795654297 0.78484803438186645508 0.46157512068748468570 -1.51903665065765380859 0.67270910739898681641 -0.22028122842311859131 -0.48476764559745788574 -0.74161821603775024414 0.48933503031730651855 1.67407751083374023438 -0.12733907997608179263 -0.92442625761032104492 -1.63570213317871093750 1.25634658336639404297 0.41130006313323969058 1.50605225563049316406 1.42476141452789306641 -0.70313829183578491211 -0.19701543450355529785 -0.71015602350234985352 0.90762168169021595343
0.10697680711746210269 0.02324943058192729950 0.18938131630420679263 0.72190040349960327148 -0.78665655851364135742 -0.38976329565048217773 -0.49680867791175842285 1.72310519218444824219 0.93613433837890625000 0.52939236164093017578 0.00710928160697220021 1.16650450229644775391 1.59414947032928489001 1.61744165420532248767 0.07113043963909139455 1.57567453384399391858 -1.43896293640136718750 1.58931481838226318359 -1.52031195163726806641 1.51118588447570800781 1.06741106510162353516 -0.67551410198211669922 -1.57590675354003906250 1.40394318103790283203 0.51527982950210571289 0.56921207904815673828
1.05830132961273193359 1.16073775291442871094 -0.20938563346862790193 0.05795310437679290078 1.67544555664062500000 1.08408725261688232422 1.07629585266113281250 -1.08516883850097656250 -0.42489129304885858707 0.80094790458679199219 1.29953646659851074219 1.43028843402862571033 -1.01302158832550048828 -0.62535679340362548828 -1.18808019161224365234 0.40359833836555480957 1.07072305679321289062 0.41781410574913019351 -1.39543902873992919922 -1.52824568748474121094 0.63699382543563842773 -0.23784255981445309724 -0.95729595422744762079 -0.73576527833938598633 -1.27605414390563964844 -1.26728415489196777344
0.10832194238901129979 -0.27004832029342651367 1.40109038352966308594 0.66571569442749023438 -1.42374908924102783203 -1.48716211318969726562 1.34578704833984375000 0.11697921156883239746 -0.79326921701431274414 1.35831081867218017578 0.18444596230983731355 0.95850110054016124383 0.24660754203796381168 0.85004037618637084961 1.32451164722442649158 -0.19155299663543701172 -1.34551775455474831311 -0.63889664411544799805 1.09772825241088889392 -0.27669963240623468570 -0.83391153812408447266 -1.46962308883666992188 1.02982699871063232422 -1.45372354984283447266 1.66792726516723632812 1.11909139156341552734
-1.47851848602294921875 -0.98796826601028442383 -1.23571991920471191406 -1.54572534561157248767 0.07342496514320369372 1.63178610801696777344 -0.10850947350263590030 0.08287921547889709473 -0.05404987186193459942 -1.60035204887390136719 -1.42728924751281738281 0.35215908288955688477 -1.26226437091827392578 -0.31765687465667719058 -0.86544901132583618164 -0.71857434511184692383 1.10805451869964599609 -0.10174146294593809647 -0.26757651567459100894 0.45331954956054687500 -1.22505104541778564453 -0.97157329320907603876 -1.70637214183807350842 0.66389113664627075195 -0.85903400182723999023 -0.32682597637176508121
2.26069521903991699219 1.53114795684814430921 1.64122855663299560547 0.65894585847854614258 -0.41512861847877502441 0.32598033547401428223 0.31414204835891718082 -1.42936956882476806641 0.51387387514114379883 -0.08133595436811440205 0.64609277248382568359 -0.09675354510545730591 0.75994050502777099609 1.16442847251892089844 -1.04972684383392311780 0.62659704685211181641 0.40177425742149347476 0.61897057294845581055 1.38601279258728049548 0.19384731352329251375 -1.52740514278411887439 -0.41287922859191888980 0.36448752880096429996 0.84232175350189208984 1.61941969394683837891 1.26990699768066406250
-0.43929046392440790347 -0.35590890049934381656 0.03732006996870040200 -1.21496641635894775391 -0.77376770973205566406 -0.26051700115203857422 -0.47291326522827148438 0.87312489748001098633 0.11448424309492109818 1.28433060646057128906 -0.53294372558593750000 -0.57238185405731201172 -1.53477561473846435547 -0.63580906391143798828 -0.82288628816604614258 -0.86752921342849731445 1.20211338996887207031 -0.13237462937831878662 1.06043159961700439453 0.33265846967697138004 -0.23052477836608881168 1.17035484313964843750 -1.35065519809722900391 -0.47914272546768188477 -1.06301474571228049548 0.17871184647083279695
-0.52224814891815185547 -1.23732197284698486328 1.02992725372314430921 1.48596775531768798828 0.55369812250137329102 1.47028410434722900391 -1.54689800739288330078 0.80039948225021362305 1.03980445861816406250 -1.11906325817108154297 -1.06489181518554687500 1.75686180591583229749 0.91602766513824462891 -1.09428608417511008533 -0.84024220705032348633 -0.80499887466430664062 -0.41963663697242731265 -0.87746739387512207031 -0.56369084119796752930 -0.54500943422317504883 0.40451359748840332031 -1.50755918025970458984 -0.33351147174835199527 -0.16817462444305419922 -1.40190541744232177734 1.02862048149108886719
-1.48986411094665527344 -0.93126195669174205438 -1.33820474147796630859 -0.30456238985061639957 -0.79912763833999633789 1.01966166496276855469 0.08112316578626629915 -1.00083076953887939453 -1.00221157073974609375 0.73321145772933959961 1.43493986129760742188 -0.39853721857070917300 -1.26697325706481911389 -1.23199963569641113281 -0.20424781739711758699 0.60593676567077636719 -1.72490239143371582031 -0.60565197467803955078 0.45546445250511169434 1.55607986450195312500 0.99459034204483043329 0.85596126317977905273 -1.70031678676605224609 1.53950417041778564453 1.08009481430053710938 -0.26420050859451288394
-0.74723595380783081055 -0.15654811263084408846 -1.47875344753265380859 1.15689754486083984375 -0.17643016576766959447 0.63031524419784545898 0.15103286504745480623 -0.87140160799026489258 -1.52231502532958984375 -1.40909147262573242188 -1.03234767913818359375 -0.73634010553359985352 -0.30388706922531127930 1.29735553264617919922 1.14710569381713889392 -1.05759155750274658203 0.41238313913345331363 1.37771725654602050781 -1.51722931861877441406 0.58233636617660522461 1.14902174472808837891 1.58720350265502929688 -1.19317495822906494141 -0.88031941652297973633 0.36581370234489440918 1.68639338016510009766
-0.41691002249717712402 -1.21560156345367431641 1.23360705375671408923 -1.08986544609069824219 -0.01750904135406010018 0.90890461206436157227 -1.51545405387878417969 0.98235720396041881219 1.74154198169708229749 0.51042562723159790039 0.78443920612335205078 0.94464576244354236945 -0.81494402885437011719 1.52178966999053955078 0.25044107437133789062 -1.59120690822601318359 0.84932935237884521484 -1.28912758827209472656 -0.17820206284523010254 -1.70078945159912109375 1.59333956241607688220 1.24335372447967529297 1.10963189601898193359 -1.14250957965850830078 -1.16615104675292968750 -0.10978455096483230591
-0.72936773300170898438 -0.27751550078392028809 -1.20805418491363525391 -0.59004592895507812500 0.55780738592147827148 0.62127351760864257812 -0.79619538784027099609 -0.25228184461593627930 -0.12084306776523590088 1.43950402736663818359 0.86608457565307617188 -0.63089102506637573242 0.73038601875305175781 -0.91272777318954478876 -1.27147185802459716797 0.18039663136005398836 1.06388413906097389905 -1.31128525733947753906 -0.40645065903663629703 0.17436777055263519287 0.47665148973464960269 -1.62022650241851806641 -0.19026662409305569734 1.01504385471343994141 -0.86357843875885009766 0.93552953004837036133
0.69876176118850708008 1.15666222572326660156 -0.44678413867950439453 -1.38771343231201149671 -0.00967198889702550017 0.20797467231750479955 1.18022215366363525391 -1.62273991107940673828 -0.31945022940635681152 -1.33657741546630859375 -0.24342323839664459229 1.00660324096679687500 1.31578445434570312500 -1.37177205085754394531 0.34575977921485900879 -1.22552824020385742188 -0.36170589923858642578 -0.81409990787506103516 -0.60439157485961914062 -1.12173855304718017578 -1.15205824375152610095 0.65030783414840698242 1.62829542160034179688 0.57784795761108398438 0.91598945856094360352 -2.39128232002258300781
-0.87495219707489013672 -0.86668509244918823242 -0.03118646144866939890 1.33287942409515380859 -0.79096549749374389648 0.77745735645294189453 1.15232384204864501953 -1.40836429595947287829 -1.02256369590759277344 -0.68200713396072387695 -0.20117607712745660953 -0.64847409725189208984 -0.60068649053573608398 -1.60104930400848410876 -1.32558834552764892578 0.87774616479873657227 -0.10741411149501800537 -1.45190560817718505859 -0.90486985445022583008 1.37520122528076149671 -1.13153898715972900391 0.13160586357116699219 1.73215794563293457031 0.80416935682296752930 1.43364167213439941406 0.47359389066696161441
-0.22713752090930938721 -0.82493615150451660156 0.96429222822189319952 0.27079498767852777652 -0.35047301650047302246 -1.10756790637969970703 0.40863636136054992676 -1.64402270317077636719 0.20454330742359161377 1.31830215454101562500 -1.61782085895538330078 -1.46602165699005126953 1.55970442295074462891 -0.11754641681909559769 0.37761029601097101382 -0.60192328691482543945 0.42194724082946777344 1.45365893840789794922 -1.48893284797668457031 1.51207840442657470703 -1.11212325096130371094 0.23692907392978659886 -0.91615867614746082648 1.30357789993286110608 -0.98198372125625599249 0.93012994527816761359
1.31826555728912353516 0.86126232147216796875 1.67383325099945090564 0.66455858945846557617 1.36797595024108886719 0.63924366235733032227 -1.33915770053863525391 0.78253692388534545898 1.38918578624725341797 -1.10551536083221435547 1.41443383693695090564 -0.46342757344245910645 0.23976488411426538638 -1.05013585090637207031 0.63224041461944580078 -0.78233218193054199219 1.17765283584594726562 0.79346501827239990234 0.83130174875259399414 1.38326263427734375000 0.43215182423591608218 0.59933775663375854492 0.61112213134765625000 1.22621166706085205078 -0.44772323966026300601 -0.71647113561630249023
-0.10288420319557189941 -0.67051213979721069336 1.37936341762542724609 0.21041052043437949437 -0.85518836975097656250 1.26993715763092041016 -0.90994423627853404657 1.55658924579620361328 -1.35168278217315673828 0.69481670856475830078 0.05219519138336180253 -0.28886935114860529117 0.43199941515922540836 0.55359548330307006836 -0.23912551999092099275 -0.77213209867477416992 0.58095753192901611328 -0.94997113943099975586 0.83985221385955810547 -0.19322076439857480135 -0.75587666034698486328 1.24766004085540749280 1.23190331459045410156 0.08118307590484609426 -1.04610085487365722656 0.93243318796157836914
0.46400043368339538574 0.56012296676635742188 0.43626248836517328433 0.06491120159626000141 -1.27502465248107910156 -0.90270739793777476923 -0.17336265742778769749 -0.60996621847152709961 0.23027570545673370361 -0.12580506503582000732 -1.64697110652923583984 0.72423052787780761719 -1.01514828205108642578 -1.73393392562866210938 -0.89735162258148193359 0.93335217237472523077 -1.74870431423187255859 1.12655723094940207751 -1.36338686943054199219 -1.33244454860687255859 0.53008115291595458984 -0.44289061427116388492 -0.50351208448410034180 0.57761949300765991211 0.42873832583427429199 -1.66042399406433105469
0.72092080116271972656 1.07035124301910400391 -0.22482055425643920898 1.68877255916595458984 0.94954532384872436523 0.97322809696197520868 -1.12999010086059570312 0.77478492259979248047 -1.29125010967254638672 0.38657149672508239746 -0.90045386552810668945 1.51293730735778808594 -1.16657865047454833984 -0.84458053112030029297 0.82470709085464477539 0.44752299785614008121 1.15035653114318847656 -1.66166079044342041016 -0.37305918335914611816 -1.38672077655792236328 0.30421677231788629703 1.46408545970916770251 0.85899215936660766602 -1.62581503391265869141 -0.89864641427993774414 -1.22771215438842751233
1.74076998233795166016 1.54807305335998535156 0.62670147418975830078 0.39798492193222040347 1.19332885742187500000 1.05199456214904807361 -1.67285442352294921875 -0.81920552253723144531 -0.90054792165756225586 -0.58088618516921997070 -1.61052715778350830078 0.03084465488791459861 1.51784706115722656250 0.22788183391094199437 -1.05507504940032958984 -1.70255684852600097656 -1.17562961578369140625 -0.54905229806900024414 -0.61147648096084594727 -0.11329621821641920609 0.53070664405822753906 0.56445014476776123047 1.62780475616455078125 0.30413907766342157535 1.33582103252410888672 1.12210130691528320312
-0.20061780512332910709 0.21938234567642209139 -1.10843706130981445312 0.40061345696449279785 -1.48303425312042236328 -1.01451086997985839844 1.10260438919067382812 0.64427924156188964844 1.64787709712982177734 -1.57327544689178489001 1.50646471977233886719 1.71717011928558349609 -1.32721459865570090564 0.57487332820892333984 0.40358719229698181152 -1.53793096542358398438 -1.29604685306549072266 -1.51039409637451149671 -0.35647141933441162109 1.25004565715789794922 -1.18161535263061523438 0.15248075127601620760 -0.10427930951118459524 0.06675282120704649491 1.41614532470703125000 0.83897858858108520508
-0.14788003265857690982 -0.57850992679595947266 0.25441470742225641422 -0.54261481761932373047 1.11159348487854003906 -0.38949120044708251953 -0.25415882468223571777 -0.75196665525436401367 -1.23672425746917724609 1.03550255298614501953 0.27647623419761657715 -0.05411249399185179970 1.34894084930419921875 -0.48510399460792541504 -0.22342011332511899080 -0.25318112969398498535 1.54090368747711181641 1.22086763381958007812 1.62339270114898681641 0.41943001747131347656 -0.04850507900118820187 -0.59799736738204956055 -1.36387503147125244141 -1.59665143489837646484 -0.70760661363601684570 0.49908766150474548340
0.85127723217010498047 0.87095284461975097656 -0.33061641454696649722 1.17597925662994384766 1.20681977272033691406 -1.23449659347534179688 -0.94578069448471080438 0.22075268626213070955 1.33798038959503151624 0.25731477141380310059 -1.33959555625915527344 -0.47626209259033197574 -1.17412245273590087891 -0.77778321504592895508 -0.27472269535064697266 -0.25676652789115900211 -1.71465539932250976562 1.47421085834503151624 1.43790709972381591797 1.42453348636627197266 -0.35479745268821710757 0.30251333117485040836 0.18854922056198120117 -1.29569590091705322266 -1.21210825443267822266 -1.20136404037475608142
-1.58942008018493630139 -1.13793504238128662109 -1.26386785507202170642 0.84317648410797119141 -1.19600546360015869141 1.79361104965209960938 -0.61029672622680664062 0.88582479953765869141 0.88995826244354248047 0.80931657552719116211 1.67566823959350608142 1.46200370788574218750 -0.42260295152664179019 -0.11907663196325299348 1.03942263126373291016 -0.64619529247283935547 1.11740255355834960938 1.32530260086059570312 1.51253390312194824219 0.17954584956169120091 1.43739986419677712171 -1.04398357868194580078 -0.12388121336698529329 -1.66489994525909423828 -0.90996694564819335938 0.32764488458633417300
0.51781564950942993164 1.12816154956817649158 -1.59974169731140136719 1.49193334579467751233 -0.03758709877729410342 0.05389794334769239942 -0.92606091499328602179 -1.24574029445648193359 -1.41135346889495849609 0.82462847232818603516 -1.72233819961547829358 -1.26401126384735107422 0.44563785195350641422 -0.49205824732780450992 -0.10977631062269209428 -0.66471755504608154297 1.59414124488830566406 -1.18065845966339111328 1.50202083587646484375 0.77036261558532714844 0.61554807424545288086 0.90252447128295898438 -0.54827451705932617188 0.17531743645668029785 -1.22240984439849831311 -0.71875590085983276367
0.32104465365409851074 -0.23840120434761039037 0.79692858457565307617 -0.04171788692474359683 0.24418662488460540771 0.94440090656280517578 1.40180134773254394531 0.85600405931472778320 -0.51006090641021728516 -0.16681326925754538792 0.21865217387676239014 -0.90385699272155761719 0.65812116861343383789 0.22159840166568750552 -1.71580016613006591797 0.03267511352896689675 -1.30977725982666015625 -1.60730993747711181641 0.21172803640365600586 1.29577982425689697266 -0.53426450490951538086 -1.15078377723693847656 1.27577805519104003906 -1.45193588733673095703 -1.24221515655517578125 0.63792830705642700195
-1.70297944545745849609 -1.31378054618835449219 -1.35052895545959472656 1.68121457099914550781 -0.42274650931358337402 -0.41220641136169428043 -0.82575935125350952148 0.46354359388351440430 0.90193134546279918329 0.85671424865722656250 -1.42031991481781005859 1.36181831359863281250 0.85764598846435546875 0.49182608723640441895 -0.78432452678680419922 1.43358409404754638672 1.65238475799560569079 -0.18897773325443259496 -1.42836248874664306641 0.32257536053657531738 0.09015874564647670397 -1.31776201725006103516 1.24224615097045898438 1.40440297126770019531 -0.57587283849716186523 0.66607189178466796875
1.27053332328796408923 1.30792033672332763672 0.33311656117439270020 -0.78978490829467773438 1.11725854873657248767 1.12875533103942871094 0.98741668462753295898 -0.21083718538284298982 1.19683599472045898438 -0.79980945587158203125 -1.66526043415069580078 -0.86235028505325317383 0.58287507295608520508 1.16226935386657714844 -1.07136034965515136719 1.44383680820465087891 1.49928975105285644531 0.81345713138580322266 0.98767006397247314453 -0.59117424488067626953 1.07570445537567138672 0.90386420488357543945 0.25672477483749389648 1.31343567371368408203 -0.29079502820968627930 -0.60194367170333862305
0.73561811447143554688 0.62309074401855468750 0.40728181600570678711 -0.10212592780590050434 -1.18563890457153320312 1.79373347759246848376 -0.13127845525741568822 -0.43982443213462829590 1.70736634731292724609 -1.62705624103546142578 -0.81525528430938720703 -1.40433955192565917969 -1.54506421089172363281 -0.51132369041442871094 0.03837140277028080332 -1.49623858928680419922 1.20336377620697021484 -0.07760193198919289326 1.43367362022399902344 1.40472984313964843750 0.15749847888946530428 -0.97092008590698242188 -1.48243594169616699219 1.35408985614776589124 -1.34840106964111328125 -2.07010412216186479029
-1.68677544593811035156 -0.85910964012145996094 -1.38801133632659912109 1.13311195373535156250 0.19460250437259671297 0.38990741968154907227 -1.25597703456878662109 1.36202013492584250720 -1.01948142051696777344 -1.85291802883148193359 -0.53988766670227050781 0.34218761324882507324 0.88419777154922485352 1.34422206878662109375 0.77063924074172973633 0.68206036090850830078 0.47525629401206970215 -1.41412949562072753906 0.29891785979270929507 1.48900675773620605469 0.04235554113984100338 -1.22437715530395507812 0.06105609238147730045 -0.98379468917846679688 -0.37498244643211359195 0.70981419086456298828
1.04665291309356689453 1.06103980541229248047 0.56976097822189331055 -1.61473977565765380859 -0.63972729444503784180 1.12162733078002929688 1.48141920566558837891 -0.41121715307235717773 -1.13213765621185302734 1.13801527023315429688 1.29110944271087646484 -0.62640267610549926758 -0.36770275235176080875 -0.02397087402641770101 -1.35831534862518310547 0.64957088232040405273 0.53967511653900146484 1.48450756072998046875 -1.62483334541320800781 0.93539655208587635382 -0.95875054597854603156 1.22462320327758789062 0.86367297172546386719 0.41051694750785827637 1.01520812511444091797 -2.29297709465026899878
0.09224347025156019730 0.78783887624740600586 -1.55700910091400168689 1.26732838153839111328 0.81660693883895874023 -1.43382906913757324219 1.34593594074249289783 -0.50989055633544921875 0.76603287458419799805 1.30561780929565429688 1.52401959896087646484 0.04371231794357299805 -1.34758698940277099609 -1.22974765300750710217 -0.91878372430801402704 -0.91439789533615123407 1.34591090679168701172 -1.65812444686889648438 -0.75343489646911621094 0.06052182614803310046 0.36309796571731567383 -1.04324579238891601562 -0.84530848264694213867 1.64394569396972656250 0.69284045696258544922 0.32825544476509088687
0.20611417293548581209 0.89903068542480468750 -1.07817947864532470703 -0.77547383308410644531 0.67211139202117919922 1.50188791751861550061 -0.83647692203521728516 0.11730463802814479479 -1.45035183429718017578 1.00364625453948952405 -1.67026519775390625000 1.59385573863983154297 -0.47548466920852661133 0.12111961841583250565 0.01153969392180440035 0.47767174243927001953 0.64504283666610717773 0.08990572392940519852 -1.63793325424194335938 -0.20130868256092068758 -1.21286785602569580078 -0.43686926364898681641 0.56807351112365722656 -1.24308884143829367908 -1.21329021453857421875 -1.46359443664550781250
-0.47971212863922119141 -1.26579165458679199219 1.58267033100128151624 0.80768585205078125000 1.10679054260253906250 0.59291636943817138672 1.00810444355011008533 -1.03749394416809082031 1.57557058334350608142 -1.15492498874664306641 0.36130324006080627441 -1.25538694858551047595 -1.16733515262603759766 -0.59281700849533081055 0.05195015296339979688 0.12408933788537969412 0.29435887932777399234 -0.84700083732604980469 0.21625334024429321289 -1.01090502738952636719 1.31904280185699462891 -0.23545403778553009033 1.73839020729064941406 0.13773402571678158846 0.46835777163505548648 1.19941031932830810547
1.80562496185302756579 1.41997814178466796875 1.30000662803649902344 0.88428252935409545898 -1.33668029308319091797 -1.25284624099731445312 -0.37573593854904169254 1.04704976081848144531 -0.15219895541667929906 0.96955275535583496094 1.34218895435333229749 -1.47167575359344482422 -1.03038644790649391858 -1.35532486438751220703 -1.67079210281372070312 -1.02850854396820090564 -0.85419297218322753906 1.63783824443817138672 -1.43651354312896728516 0.27536612749099731445 1.53312587738037109375 0.13259254395961758699 1.18681895732879638672 -0.13488487899303430728 1.11407744884490966797 0.98228716850280761719
-0.82008695602416992188 -1.53241038322448730469 0.89426732063293457031 -0.18565337359905240144 -0.93006402254104603156 1.71536445617675781250 0.99290984869003295898 -1.44145762920379638672 0.60026204586029052734 -1.76998281478881835938 -1.53903448581695556641 0.45248419046401977539 -0.09546514600515360049 -1.14405405521392822266 1.03031039237976074219 -0.59281951189041137695 1.55867159366607688220 0.55288648605346679688 1.36016690731048583984 0.70440083742141723633 0.91338682174682617188 -0.42973408102989191226 -0.99115294218063354492 1.02701437473297119141 -0.90057957172393798828 -0.49732372164726257324
0.04246138781309120175 -0.48772120475769037418 0.31587341427803039551 -1.71302044391632080078 0.19960814714431759920 0.25669673085212707520 1.39418447017669677734 0.75544512271881103516 -1.50367951393127441406 0.54538357257843017578 -0.98981487751007080078 1.65303528308868408203 1.62979817390441894531 -0.48288774490356439761 -1.13689339160919189453 1.62126040458679199219 0.03200092539191239788 -1.37298822402954101562 0.00135825597681099998 -0.17513151466846460513 1.45364689826965309827 1.30016732215881369861 -0.65247666835784912109 0.36276406049728388004 0.90078699588775634766 -0.02077007293701170140
0.03034619428217410000 0.55190962553024291992 -1.01032161712646484375 -1.30046164989471435547 -1.05987942218780517578 -1.31442034244537353516 -0.57216024398803710938 0.11719246953725810656 -1.58280634880065917969 1.01784169673919677734 -1.40665411949157714844 0.82912784814834594727 -1.21187007427215576172 -0.67890059947967529297 0.86233592033386230469 0.84896951913833618164 1.34666085243225097656 0.15617167949676510896 -0.25672307610511779785 1.61765885353088378906 -0.60860592126846313477 0.36458745598793029785 0.73626351356506347656 -1.63505065441131591797 -1.43212306499481201172 -0.84367811679840087891
-0.08609768748283380679 0.61245256662368774414 -0.86518198251724243164 1.24364745616912841797 -0.04653817042708389973 1.60333061218261718750 0.98767900466918956415 0.01771623827517029848 -1.15106034278869628906 -0.25507488846778869629 0.85545402765274047852 -1.38235270977020263672 -0.78202164173126220703 -0.00656904606148599971 0.50202363729476928711 0.37199753522872919254 1.05749964714050292969 -0.13447928428649899568 1.42113626003265380859 0.95423775911331176758 -1.37482154369354248047 -1.23340296745300292969 1.28869748115539550781 0.27547201514244079590 -1.06180870532989501953 0.56307208538055419922
1.82494235038757279810 1.77144575119018554688 0.38277807831764221191 -1.08240902423858642578 0.78440111875534057617 1.26249778270721435547 0.96054649353027343750 1.17176759243011474609 -0.17182818055152890291 1.64843618869781494141 1.17659366130828857422 0.19580280780792230777 -0.69703167676925659180 0.84121346473693847656 1.13912558555603049548 1.72244369983673095703 0.64898872375488281250 0.60483545064926147461 -0.73412847518920898438 -1.42864084243774391858 -0.94940119981765758173 0.59630364179611206055 1.07107734680175781250 1.42587256431579589844 -0.39267015457153320312 0.23952420055866238680
0.05169354379177090036 -0.14444467425346368961 0.44758716225624078922 0.19409263134002679996 0.74775016307830810547 1.59493911266326904297 -1.36123108863830566406 -0.97500246763229359015 -0.98087078332901000977 -0.31947234272956848145 -1.35285484790802001953 -1.54078876972198486328 0.78568804264068603516 0.41482248902320861816 -1.33118665218353271484 -1.02934455871582031250 1.44524741172790527344 -1.13051056861877441406 -1.00355994701385498047 1.45019745826721191406 1.33215248584747314453 -1.04723119735717751233 0.07853231579065320100 0.00080147356493390004 -1.53284609317779541016 1.03991985321044921875
0.85685664415359497070 0.36405909061431879215 1.00840234756469726562 -1.73970878124237060547 0.05772329494357100049 -1.51465249061584472656 1.18940424919128417969 1.05247652530670166016 -0.17327104508876800537 -0.62556958198547363281 -1.25916874408721923828 1.44822168350219726562 1.35384666919708229749 0.04567695036530489833 0.64011639356613159180 -1.46443748474121093750 -1.14929234981536887439 -1.37343764305114768298 1.58100545406341552734 0.22922353446483609285 0.27362611889839172363 1.10694825649261474609 1.54467046260833740234 1.01738035678863525391 0.11368045955896370625 -1.72668135166168190686
-1.57725119590759277344 -1.44835591316223144531 -0.95464551448822021484 -0.69767189025878906250 -0.49554637074470520020 0.40549576282501220703 -0.73188591003417968750 -0.98113584518432617188 -0.27193316817283630371 0.33660471439361572266 -0.36480587720870971680 -0.92374014854431163446 -0.39176812767982477359 -0.60185313224792480469 0.95826882123947143555 -0.39216366410255432129 1.35810530185699462891 1.61544656753540039062 -0.01937027089297770066 -1.61704349517822287829 0.72789561748504638672 0.26888382434844970703 0.96021610498428344727 -0.84835958480834960938 -1.29718875885009765625 -0.61832171678543090820
-0.28885054588317871094 -1.61515212059020996094 1.69051766395568847656 0.11318559199571609497 0.28339728713035577945 1.16584384441375710217 -1.04590868949890136719 0.39344105124473571777 1.45423507690429687500 1.05221724510192871094 -1.55732214450836181641 1.56482660770416259766 -0.10543762892484659366 0.88436692953109741211 -1.22740137577056884766 -0.88349533081054687500 -0.19650350511074060611 0.10618768632411949848 -1.70007121562957763672 0.44128933548927301578 0.96399980783462524414 -0.61129826307296752930 0.10571739077568050036 -0.14044241607189170140 -0.29993298649787897281 0.23834891617298120670
-0.87732976675033569336 -1.26840746402740478516 0.35887020826339721680 -0.98650473356246959344 -0.97183620929718017578 -0.81193572282791137695 -0.82529366016387939453 -1.01074314117431640625 -1.33743786811828591077 0.59226775169372558594 -1.29520201683044433594 0.83209526538848876953 -1.12167298793792724609 1.26734924316406250000 -0.46256861090660089664 0.90169024467468261719 1.17567086219787597656 0.36292794346809381656 0.56136304140090942383 1.59554338455200195312 -0.75849294662475585938 -0.47723984718322748355 1.61390054225921630859 -0.15596626698970789127 0.46183717250823969058 -0.72911643981933593750
1.00869619846343994141 0.30848753452301019840 1.08774578571319580078 0.51828438043594360352 0.96632605791091918945 -0.55100911855697631836 -1.36698412895202636719 0.39229005575180048160 -0.33518511056900018863 0.87760925292968750000 1.01208353042602539062 -1.64202475547790527344 1.15908265113830566406 -0.60587120056152343750 1.16427934169769287109 0.28283378481864929199 1.19269192218780517578 -1.12588214874267578125 0.52299737930297851562 1.06112444400787353516 0.10779620707035060534 1.63827002048492431641 0.41329804062843322754 0.23309658467769620027 -0.27518779039382929019 -0.81499058008193969727
0.93197858333587635382 1.22192668914794921875 -0.84284508228302001953 -0.03432306647300720215 -0.20014667510986319798 0.95651382207870483398 0.62036406993865966797 -1.39894425868988037109 1.50037717819213889392 0.21400964260101310033 -0.78683251142501831055 1.36835181713104248047 0.92337542772293079718 1.09180116653442382812 -0.17611089348793029785 0.21670016646385190096 -0.74441188573837280273 -0.90179127454757679327 1.34625625610351562500 0.90900474786758422852 0.55757433176040649414 1.63672816753387428967 1.77499115467071510999 0.30169060826301569156 1.66784369945526123047 -1.12757921218872070312
1.17545938491821289062 0.52621549367904663086 0.96150320768356323242 -1.12481307983398437500 0.45903882384300231934 -1.01808118820190429688 -0.64380532503128051758 1.04909193515777610095 -1.38891315460205078125 -1.54254674911499023438 -1.16031551361083984375 -0.49546742439270019531 1.43590462207794189453 -1.32580387592315673828 -0.81127506494522094727 -0.46959745883941650391 -0.70248186588287353516 -1.44073724746704101562 0.44629073143005371094 0.69211745262145996094 -1.72936725616455078125 -0.65192162990570068359 0.09437646716833110461 -1.19868278503417968750 0.14253115653991699219 -2.19973373413085981909
0.91675448417663563117 0.33250287175178527832 1.07990479469299316406 1.70067167282104492188 -1.63512825965881369861 0.74849987030029296875 -1.16703999042511008533 -1.19743585586547829358 -1.40502524375915527344 -0.82509821653366088867 0.38382127881050109863 0.68320703506469726562 -0.88958251476287841797 0.83481633663177490234 0.04174735024571409742 -0.81476634740829467773 1.34752941131591796875 -0.49633452296257019043 0.38083121180534357242 -0.00718789733946320012 1.03725826740264892578 0.82386130094528198242 -1.34692823886871337891 -0.28967323899269098453 0.62858492136001586914 -0.73767530918121337891
-0.58563035726547241211 0.01514806598424909938 -0.95766180753707874640 -0.33247870206832880191 -0.90886664390563964844 1.52396380901336669922 0.14081090688705438785 -1.00289845466613769531 0.22984677553176879883 0.88456320762634277344 0.63861811161041259766 0.66793125867843627930 0.12946450710296630859 0.23194572329521179199 1.33431971073150634766 0.44991046190261840820 -1.22787475585937500000 1.29953455924987792969 1.28285765647888183594 -1.21412479877471923828 1.38106954097747802734 0.21286383271217340640 -0.15075811743736258763 1.33565533161163330078 0.47508165240287780762 0.58624869585037231445
-0.45401149988174438477 0.45891669392585748843 -1.25666189193725608142 1.00881135463714599609 0.65612375736236572266 -0.70297104120254516602 -1.36042737960815429688 1.52419507503509521484 1.68426775932311989514 0.81844961643218994141 1.60490179061889648438 1.03852939605712890625 0.53045088052749633789 -0.46087890863418579102 -1.03690612316131591797 1.20324635505676269531 0.82853281497955322266 -0.01595072261989110077 -1.55466520786285400391 0.59336805343627929688 0.22859354317188260164 0.21305358409881589021 0.82657521963119506836 1.18011772632598876953 -0.82398134469985961914 1.52480828762054443359
2.05295825004577636719 1.65417993068695090564 1.04343187808990478516 -1.34017801284790039062 -0.04185587167739859837 -0.15497557818889609593 1.19205534458160400391 -0.63653618097305297852 1.05274295806884765625 -0.00724999420344820018 0.00664154486730690000 -0.32961079478263849429 0.28369346261024469547 0.42031431198120111636 -1.06901443004608154297 -0.70260316133499145508 1.28677856922149658203 0.60334473848342895508 1.33585453033447287829 -0.18586859107017508763 0.62492984533309936523 -1.61482441425323486328 1.72061252593994140625 -0.53702437877655029297 0.17860071361064910889 0.16927602887153619937
-1.41126966476440429688 -0.87049925327301025391 -1.19627809524536110608 -1.74377346038818359375 -1.59746599197387695312 0.80624955892562866211 0.83371227979660034180 1.76883924007415749280 -0.28619420528411859683 0.09866163134574890137 -1.22974073886871337891 0.17323443293571469392 -0.31040021777153009586 0.81694990396499633789 0.15707704424858090486 0.58021861314773559570 -1.60655558109283447266 0.54563945531845092773 -0.76442539691925048828 -1.47100949287414550781 1.23117792606353759766 0.64241838455200195312 -1.42176806926727294922 0.44334381818771362305 -0.10416112840175620335 -0.81526064872741699219
-0.07955004274845120515 0.37553432583808898926 -0.66355741024017333984 -1.61693668365478515625 0.97020041942596435547 0.13805569708347320557 -0.30466908216476440430 1.06540799140930175781 0.26084855198860168457 -1.26997995376586914062 -0.43783298134803771973 1.61086225509643554688 -0.88440650701522827148 1.53071177005767822266 -0.39528080821037292480 -0.90261435508728038446 0.17734351754188529271 1.24900555610656738281 -1.06232726573944091797 1.03476870059967041016 0.12307120859622949771 -1.61783003807067871094 -0.73471343517303466797 1.06630861759185791016 0.10583571344614020604 -0.28658500313758850098
-0.72819817066192626953 -0.31661319732666010074 -1.46382927894592285156 -1.32095670700073242188 -1.26607441902160644531 -1.09275078773498535156 -0.38342311978340148926 -0.05399100109934799885 -1.59343910217285156250 -1.17504477500915527344 -1.30848634243011474609 -0.07676661014556880602 0.59524852037429809570 -0.23008841276168820467 -0.12124423682689659809 -0.32262346148490900211 0.49144956469535827637 -0.10773193836212149876 1.48553109169006369861 -0.79032653570175170898 0.06480132788419719347 0.50203299522399902344 -0.80409288406372070312 0.34840840101242059879 0.51982772350311279297 0.59822118282318115234
0.47806459665298461914 1.43987143039703369141 -1.56517744064331032483 1.15330433845520019531 0.89305233955383300781 0.43453887104988098145 -0.40495139360427850894 0.56800538301467895508 -1.60295665264129638672 -0.52522486448287963867 0.03858024999499320290 -0.17752240598201748933 -0.00929941423237319945 -1.46333563327789306641 -0.86840885877609252930 1.30138933658599831311 0.01660297065973280126 0.25228181481361389160 -0.25302514433860778809 -0.74353754520416259766 0.53029763698577880859 -0.24146285653114318848 -0.26882311701774591617 -0.02590026147663590170 0.79665112495422363281 -0.63146632909774780273
1.82718324661254882812 1.24066364765167236328 1.55826604366302490234 0.37452080845832819156 -0.35217475891113281250 0.06348668783903120560 1.46328425407409690173 0.84988266229629516602 1.53263449668884277344 1.27069902420043967517 -1.33311092853546142578 -0.31254744529724121094 0.09601353108882899889 -0.58636480569839477539 0.68093752861022949219 -1.20475149154663085938 0.92864185571670521124 0.98744988441467285156 1.04732048511505126953 -1.26512849330902099609 0.19683544337749481201 -1.15950286388397216797 0.86309874057769775391 -1.44823884963989257812 0.86408847570419311523 1.14496159553527832031
-0.23966324329376220703 0.05228831619024269795 -0.23792853951454159822 -0.86010652780532836914 1.67393553256988525391 -0.88281530141830444336 1.14741039276123046875 -0.63925915956497192383 0.23832909762859338931 -1.77913045883178710938 -0.43212220072746271304 0.25171008706092828922 1.63402152061462402344 -0.08367571979761119494 0.92780512571334838867 -1.02147996425628662109 -0.95681864023208618164 1.21907114982604980469 0.98059880733490001337 1.20882284641265869141 -0.28578376770019531250 -1.36254155635833740234 0.02205661684274669992 -0.29983732104301452637 0.42279303073883051090 0.54661548137664794922
-1.31382787227630615234 -0.61240643262863159180 -1.54341053962707519531 -0.91063964366912841797 -1.50850188732147216797 1.36574339866638183594 0.75111091136932373047 -0.52724730968475341797 -0.36633545160293579102 -1.00422525405883789062 -0.36773687601089477539 0.01935508847236629831 1.17252707481384277344 -1.41298055648803710938 -0.74241793155670166016 -0.05053495988249769727 -1.02514374256134033203 -0.26513129472732538394 -0.98486334085464477539 -0.71119028329849243164 -1.68123233318328857422 0.46178478002548217773 -1.25128555297851562500 0.24435923993587491121 0.40031835436820978336 0.10992182046175000276
0.81241279840469360352 0.90247678756713878290 -0.51341384649276733398 -0.20921999216079709139 0.27714082598686218262 -0.99999535083770763055 1.20435202121734619141 -0.72368925809860229492 -1.07634270191192649158 0.95626264810562122687 0.40164729952812189273 -1.63102114200592041016 -1.63379490375518798828 -1.41802775859832763672 0.81777125597000122070 0.66435867547988891602 -1.59214007854461669922 0.99404096603393554688 -1.03810048103332519531 1.18231153488159179688 -0.63955688476562500000 -0.75633913278579711914 0.61336314678192138672 0.86880689859390258789 -1.37740850448608398438 -1.99334383010864235608
0.95192009210586558954 0.33565291762351989746 1.57276833057403564453 -1.68635344505310058594 -0.64170038700103759766 1.33766984939575195312 -0.11878646910190579500 1.36990702152252197266 0.07552184164524070042 1.46179354190826416016 -1.77570354938507080078 -1.55745840072631835938 1.45584380626678489001 -0.58086740970611572266 1.37024390697479248047 0.50359016656875610352 1.54577219486236550061 0.10870795696973800659 -0.08972579985857009888 -1.16984486579895019531 -0.64092230796813964844 -0.47261753678321838379 0.38211730122566217593 -1.02658712863922119141 0.60088670253753662109 -1.64277374744415283203
-1.58303558826446510999 -1.49219167232513449939 -0.46872997283935541324 1.34688925743103049548 -0.97319364547729481085 -0.07678428292274469547 1.50420451164245605469 -1.60176277160644509046 -0.51869344711303710938 -0.36328458786010742188 0.00782767962664360044 1.43596863746643088611 1.31768810749053955078 1.53006029129028320312 1.22627794742584250720 -1.42585921287536621094 -0.27782940864562988281 -0.12574596703052520752 1.28628015518188476562 -0.54986387491226196289 -1.23978281021118164062 -1.05538392066955566406 -1.61723089218139648438 1.35943830013275168689 -1.49168097972869873047 -0.14893209934234619141
-1.04331219196319580078 -0.49923908710479730777 -1.27604115009307861328 0.21742582321166989412 1.27537024021148681641 1.53628051280975341797 -0.96549445390701282843 1.69291484355926513672 -1.62193763256072998047 -1.02919733524322509766 0.61591893434524536133 0.67553490400314331055 -0.45697432756423950195 0.79923361539840698242 -0.22363452613353729248 -0.47543174028396600894 -0.15991461277008051090 0.68136346340179443359 1.44869673252105712891 -1.68772375583648681641 0.26923415064811700992 -1.58055889606475830078 -1.18475842475891113281 1.14045512676238991467 -0.67273795604705810547 1.34159994125366210938
-0.17173385620117179173 -0.28443625569343561343 -0.36528787016868591309 1.60022020339965820312 -1.20082068443298339844 -1.07175898551940917969 -0.80276626348495483398 1.08414161205291770251 1.10770487785339355469 -0.98173427581787120477 -0.69462114572525024414 -0.18965741991996759586 -0.11809924989938730411 0.72632294893264770508 1.07728934288024902344 -0.07784330844879150391 1.66438758373260498047 -1.28045117855072021484 0.09537956118583669485 -1.44161856174468994141 -0.08561465144157409668 1.72667491436004638672 1.17749524116516113281 -1.50925302505493164062 -0.94995421171188354492 1.24740850925445556641
-0.01271832454949609927 -0.26086202263832092285 0.58371800184249877930 -1.14055979251861550061 -1.49016594886779807361 0.89565247297286987305 0.86751329898834228516 0.86585861444473266602 0.83164447546005249023 1.21051323413848876953 -1.70275580883026123047 -1.29702115058898925781 0.06883919239044189453 0.09711606800556180086 -0.10522264242172239823 0.89993578195571899414 -1.48363733291625976562 -1.43175745010375976562 -0.79813486337661743164 1.08254301548004150391 1.53860735893249511719 0.22534893453121179752 -0.27513137459754938297 -0.83218365907669067383 -0.83985531330108642578 0.36763358116149902344
-1.39274036884307861328 -1.53200471401214599609 -0.04194039478898040074 0.64738392829895019531 1.42233264446258544922 0.01958560943603510074 -1.26833629608154296875 -1.73142361640930175781 0.04667930305004119873 1.15087246894836447986 -0.82887607812881469727 -1.11898756027221679688 0.96446782350540161133 0.22895917296409601382 0.85724061727523803711 0.66376626491546630859 -0.52898561954498291016 -0.13299408555030819978 -0.81750994920730590820 -0.83092361688613891602 -0.87186807394027709961 0.61413419246673583984 0.63748210668563842773 -0.17387065291404721346 1.00435411930084250720 0.15883398056030270662
-1.67291080951690673828 -1.57402861118316650391 0.39964801073074340820 -0.85722017288208007812 -1.47210133075714111328 -0.98902428150177001953 0.69781816005706787109 -1.05511736869811989514 1.67678284645080566406 1.45002830028533935547 1.38054394721984863281 -1.14961719512939430921 0.18204639852046961002 1.53455996513366699219 -1.00787484645843505859 -1.48883998394012428967 -0.08411722630262369327 0.61439669132232666016 0.62025743722915649414 -0.63002753257751464844 0.45132288336753839664 1.26541054248809792249 -0.38890165090560907535 0.16596303880214691162 -1.55560266971588112561 -1.09679234027862571033
1.31824672222137428967 1.15732777118682861328 0.60726350545883178711 -0.77761691808700561523 -0.56632214784622192383 -1.45162510871887207031 -1.32373261451721191406 -0.89809805154800415039 -1.00520157814025878906 -0.10126078873872750019 0.48032608628273010254 0.66933286190032958984 1.27241063117980957031 1.29132616519927978516 1.01964271068572998047 -0.97230982780456542969 -0.55628901720046997070 -0.81275039911270141602 0.36253875494003290347 -1.65583610534667968750 -1.23473381996154807361 1.34202587604522705078 1.74518537521362304688 0.28132981061935419254 0.34967982769012451172 -1.56135153770446777344
-0.14793361723423001375 -0.05164902284741400285 -0.37541911005973810367 -0.83646118640899658203 -1.42388045787811279297 1.22693777084350608142 1.08702015876770019531 -0.30011066794395441226 -0.66184175014495849609 -1.71892976760864257812 1.28282630443572998047 -1.37171888351440429688 0.06629374623298639468 -0.70922607183456420898 1.60146963596343994141 -0.06875167787075039949 -1.45693957805633544922 0.08682218194007869372 -0.15703372657299038972 0.03708163648843759708 1.31020915508270263672 1.69554817676544189453 1.48934996128082275391 1.05616855621337890625 1.52534008026123046875 0.12449585646390909366
1.00289094448089599609 1.22836065292358398438 -0.40704727172851562500 0.48498392105102539062 -0.01224560104310509941 1.38313913345336914062 -0.77948462963104248047 0.64497125148773193359 -1.46229004859924316406 1.11094880104064941406 1.66163885593414306641 -0.53124159574508666992 1.29613256454467751233 -1.24526691436767578125 -0.45815673470497131348 0.33683010935783380679 -0.97431987524032603876 0.88804411888122558594 0.61411327123641967773 -0.76350140571594238281 0.30421477556228637695 1.52942848205566406250 0.90281087160110484735 -0.60019791126251220703 -1.54081535339355490954 -1.16307008266448952405
-0.06321540474891659822 0.70634204149246215820 -1.60095500946044921875 -0.24705277383327481355 -0.40350660681724548340 0.55664551258087158203 -1.68779492378234863281 -0.06789105385541910342 -1.11447966098785400391 0.23591996729373929109 0.60964989662170410156 -1.47406125068664550781 -0.03486902266740789930 1.18015098571777343750 1.77533447742462158203 -0.12515835464000699129 -1.46574926376342751233 1.63993275165557861328 0.56577444076538085938 -0.26920410990715021304 0.94569325447082519531 1.56742548942565917969 0.18924385309219360352 -1.68022501468658447266 0.91049784421920776367 -0.00938963145017620085
-1.48925578594207763672 -1.10015845298767089844 -0.54140931367874145508 -0.58312606811523437500 1.34989726543426513672 -0.66641628742218017578 -0.72047394514083862305 -0.30710703134536737613 0.23694247007369989566 0.41890367865562438965 -0.24965418875217429417 0.31900581717491149902 0.02566182427108279832 0.02231017313897599996 -0.32241550087928771973 0.78203219175338745117 -0.46034526824951171875 -1.37219464778900168689 1.48971450328826904297 -0.77867352962493896484 -0.30179458856582641602 0.46515709161758417300 -0.29185172915458679199 -0.56247895956039428711 1.05030858516693115234 -0.31072708964347839355
-0.47419652342796320132 -0.72154915332794189453 0.57367408275604248047 -0.28002211451530450992 -0.28376004099845880679 0.60881453752517700195 0.18363390862941739168 -0.67766040563583374023 0.63711357116699218750 1.11923801898956298828 0.62041372060775756836 -1.35310161113738991467 -1.35817778110504150391 1.37631833553314208984 -0.97741466760635375977 0.68051254749298095703 1.00877726078033447266 0.86048251390457153320 -1.63660204410552978516 1.33320474624633789062 -1.17567396163940429688 -1.18251216411590576172 0.58463066816329956055 0.75367635488510131836 0.52362823486328125000 0.61761343479156494141
0.72414404153823852539 0.98371219635009754523 -0.45801407098770141602 -0.54057919979095458984 -0.48325213789939880371 -0.94074565172195434570 -0.45425760746002197266 -1.68613815307617209704 0.28965988755226129703 0.26303613185882568359 1.30908167362213112561 -0.58640980720520019531 -0.15562328696250909976 -0.16025355458259579744 0.27624899148941040039 0.02641564235091200044 -0.40499812364578241519 -1.16251575946807861328 0.67908585071563720703 1.31798017024993896484 -0.42361870408058160953 0.53572946786880493164 -1.02887964248657248767 0.02849071659147730043 0.21394963562488550357 -2.36238598823547363281
-1.84685015678405761719 -0.83558636903762817383 -1.59022653102874755859 1.70098602771759033203 0.15718592703342429417 0.49297159910202020816 0.14338934421539301090 1.11251711845397949219 0.92317932844161998407 -0.29445996880531311035 -0.50807160139083862305 -0.75427418947219848633 0.71852451562881469727 0.28397476673126220703 -1.08613431453704833984 0.43325281143188471011 1.34297609329223632812 -1.23685491085052490234 0.96985834836959838867 -0.12075485289096829500 -1.20580565929412841797 -1.52278518676757790296 -0.77715420722961425781 1.26378679275512695312 -0.36828425526618957520 0.99206829071044921875
0.15122823417186728734 0.70692306756973266602 -1.43912220001220703125 -0.01771982759237280061 1.28123509883880615234 0.49861294031143188477 0.83723372220993041992 1.52139782905578591077 -0.71199226379394531250 -0.84218692779541015625 0.67997145652770996094 -1.10503578186035156250 -1.31434130668640136719 -1.36917245388031005859 -0.61933213472366333008 1.05615866184234619141 0.64624148607254028320 0.85505682229995727539 1.06800794601440429688 -0.76407361030578613281 -1.02949094772338889392 1.17889344692230224609 1.62085664272308349609 -0.00708050560206169993 1.23724114894866943359 -0.30870392918586730957
0.51942723989486694336 0.33125346899032592773 0.33108797669410700015 1.75190556049346923828 0.77533340454101562500 -1.02344310283660888672 -1.19369089603424072266 -0.77761083841323852539 1.57669067382812500000 -1.68202531337738037109 0.58706372976303100586 1.68863797187805175781 0.23734821379184720125 0.76220250129699707031 -0.27507477998733520508 -1.64008796215057350842 -0.40739747881889337711 0.21551759541034690160 1.35637044906616210938 0.36258676648139948062 -0.53758615255355834961 1.58243024349212646484 -0.48335933685302728824 -0.97039008140563964844 -0.13539768755435940828 0.04074138030409810152
0.45733419060707092285 1.44884431362152099609 -1.59759378433227539062 -0.68443709611892700195 -0.36942493915557861328 0.26158404350280761719 1.37145054340362571033 -0.12011531740427010273 0.79991173744201660156 -0.67972153425216674805 1.65545225143432617188 0.53966093063354492188 -0.06669085472822189331 -1.65355467796325683594 1.48719024658203125000 1.71172165870666503906 1.55258429050445556641 0.13016243278980249576 -0.81167811155319213867 0.85232567787170410156 0.11256849020719519872 0.28694319725036621094 -0.81953185796737670898 -0.43124666810035700015 1.31686806678771950452 -1.51644074916839599609
0.95035290718078602179 0.09994172304868689793 1.37492537498474121094 -0.84703660011291503906 1.64934360980987571033 1.59486770629882790296 -1.50532209873199462891 -1.34782826900482177734 -1.59807538986206032483 1.46578347682952880859 0.11604584008455269550 -1.42134606838226318359 -0.14017821848392481021 1.45107936859130859375 -1.69831955432891845703 1.13117671012878417969 -0.96344476938247680664 1.33047139644622802734 -1.55611658096313476562 1.24326884746551513672 0.46923696994781488590 -1.27292108535766601562 -1.32503533363342285156 -0.55847418308258056641 0.86366951465606689453 -0.53431642055511474609
-0.35476520657539367676 -1.26411426067352294922 1.21257388591766357422 0.07380200177431099628 0.43296885490417480469 -0.44474318623542780093 -1.00606942176818847656 0.23193688690662381258 -0.14797811210155478734 -1.85353958606719992908 -0.37611404061317438297 1.22509884834289550781 -1.29338538646697998047 0.88978576660156250000 -0.10475557297468179874 -0.49896001815795898438 0.50476473569869995117 -1.13884234428405761719 -1.32066774368286110608 -1.43095624446868896484 0.37422919273376459293 0.52157396078109741211 1.15351307392120361328 1.27709197998046875000 -1.56548094749450683594 0.34496858716011047363
1.90481531620025634766 1.54838371276855490954 1.55463111400604248047 -0.17640665173530578613 -0.32674899697303771973 -0.64224135875701904297 -1.03554034233093261719 0.73849898576736450195 0.52092736959457397461 0.56739205121994018555 0.26217508316040039062 -1.51924204826354980469 1.70766556262969970703 1.28656637668609619141 0.65813535451889038086 0.79389953613281250000 -1.18279445171356201172 1.51040709018707275391 -0.98668015003204356805 0.89456909894943237305 -1.38982164859771728516 1.23830306529998779297 -0.04783071205019950173 0.62328708171844482422 0.83821630477905273438 1.28859841823577880859
1.27837264537811279297 0.86032593250274658203 1.08268868923187255859 -0.96786093711853038446 -1.30102813243865966797 -0.62296843528747558594 -0.13113328814506530762 0.03327529132366179726 -1.59797728061676047595 1.02710306644439697266 -1.09904575347900390625 0.62815904617309570312 1.01816534996032714844 -0.54436421394348144531 -1.08071970939636230469 -0.91732943058013916016 1.46410393714904807361 0.81544202566146850586 -0.21836780011653900146 -0.87739038467407226562 -1.39917314052581809314 -0.38016459345817560367 0.46206271648406982422 0.93347060680389404297 -1.58199822902679443359 -2.24873471260070800781
0.41278380155563348941 0.62937730550765991211 -0.22935393452644339818 -0.77601599693298339844 0.60328811407089233398 1.36807000637054443359 1.26906263828277610095 0.77010983228683471680 -1.02536988258361816406 0.52967053651809692383 -0.32176277041435241699 -0.86460036039352416992 -1.52263796329498291016 -1.53615379333496093750 0.17848823964595789127 -1.48832476139068603516 -1.71091723442077636719 -1.19416379928588889392 0.74926507472991943359 1.62802481651306152344 0.18838694691658020020 0.15695029497146600894 -0.55982649326324462891 -1.43304395675659179688 -0.57345789670944213867 -1.59561657905578591077
1.94225156307220481189 1.67961788177490234375 1.22439634799957275391 -0.29188546538352960757 -0.61182081699371337891 -0.33557236194610590152 0.62721955776214599609 1.60141444206237792969 0.78710633516311645508 0.60413962602615356445 -1.44605648517608642578 1.20054674148559570312 -0.20541295409202570132 1.57751095294952392578 0.90295457839965820312 -0.22205327451229089908 0.42296451330184930972 0.72887361049652099609 -1.46037423610687255859 -0.50072503089904785156 0.31452524662017822266 -0.12548267841339111328 -1.07838344573974609375 -1.15006792545318603516 0.64291542768478393555 1.02340102195739768298
-1.57197439670562744141 -1.35394775867462158203 -1.02997314929962158203 -0.76565301418304443359 0.29947680234909057617 -1.05974447727203369141 0.67707037925720214844 -0.76933455467224121094 1.34352302551269509046 1.37859189510345458984 -0.32502639293670648746 1.62693715095520019531 -1.52875733375549316406 -1.39583885669708229749 -0.60813903808593750000 0.48994803428649902344 1.02556145191192649158 0.21159294247627249974 -1.69572150707244873047 0.67948925495147705078 0.44691023230552667789 0.94509810209274280890 0.77720779180526733398 -1.77973532676696777344 -0.87144958972930908203 -0.47369146347045898438
1.19279205799102783203 1.18878114223480224609 0.31330835819244379215 -0.56293958425521850586 -0.45091784000396728516 1.08321928977966308594 1.45375096797943115234 1.61577951908111550061 -0.21411278843879699707 0.09380718320608129324 0.03086576424539079835 -0.03391007706522940202 1.70094215869903564453 -0.46964555978775018863 -0.96937954425811756476 1.24893975257873535156 0.30638480186462402344 -0.21100065112113949861 1.26772618293762207031 -1.43185675144195556641 0.37022262811660761050 0.30734661221504211426 -0.62163758277893066406 -1.16120421886444091797 -1.56048965454101562500 -1.49459934234619140625
0.62986063957214355469 0.09412077814340590043 1.25930976867675781250 -0.78210192918777465820 0.61920601129531860352 0.48656830191612238101 -1.71841847896575927734 -0.68671280145645141602 -1.59562265872955322266 1.17544376850128151624 -0.71211886405944824219 -0.32711014151573181152 1.34158265590667724609 0.01875152066349980093 0.04975971579551689838 1.02200102806091308594 -0.62840956449508666992 0.07587295025587080521 -0.66721034049987792969 -0.26371049880981439761 0.90012305974960327148 0.56033521890640258789 -1.63180398941040039062 -0.20069292187690729312 -1.39970445632934570312 -0.19778399169445029515
1.54616248607635498047 1.31011581420898437500 0.77386367321014404297 -0.37717112898826599121 0.25919103622436517886 -0.97236484289169322626 0.19573701918125149812 -0.36939746141433710269 0.81888502836227416992 0.57517457008361816406 -0.00856927409768100043 -1.02471971511840820312 1.38517701625823952405 -1.49958884716033935547 -0.42719706892967218570 -0.60348391532897949219 0.79744130373001098633 -1.00323355197906494141 -1.18274009227752685547 -0.39407500624656677246 1.57021045684814430921 -1.45859169960021950452 -0.65726900100708007812 -1.37907695770263671875 1.70038354396820090564 -0.10998204350471489643
-0.65473777055740356445 -1.25327610969543457031 1.02245199680328369141 1.70339393615722656250 0.64912092685699462891 0.34260335564613342285 1.01593124866485595703 -1.20369875431060791016 -0.96294939517974842413 1.51897835731506369861 -1.59916102886199951172 1.60674953460693359375 0.63974386453628540039 -0.88689118623733520508 -1.47998523712158203125 -0.19599506258964530248 0.91253650188446044922 -0.06897804886102669453 -1.36855757236480712891 0.95216494798660278320 1.06960487365722656250 -0.78824704885482788086 0.09063535183668129658 0.64439874887466430664 -0.54779136180877685547 0.92452830076217640265
-0.49541893601417541504 0.19732496142387390137 -1.19623994827270507812 0.06052514538168900227 1.26419639587402343750 -0.57572919130325317383 0.85748523473739624023 0.54065358638763427734 0.56293344497680664062 0.39249280095100397281 -0.22058191895484918765 1.33934903144836447986 -0.01217386778444050008 0.47111964225769037418 1.44317197799682617188 1.39508342742919921875 -0.76744681596755981445 0.73650437593460083008 0.42070841789245599918 -0.34626731276512140445 -0.11120472848415370593 0.94911605119705200195 1.54530012607574462891 1.41109895706176757812 0.12190134078264229511 1.19805097579956032483
0.01177895721048109919 0.73723924160003662109 -1.34039592742919921875 1.10570204257965087891 0.71333271265029907227 -1.01521539688110351562 -0.13694401085376739502 0.52412611246109008789 1.75745034217834472656 -1.01171076297760009766 -1.32433879375457763672 0.10211739689111709595 -0.47625204920768737793 -0.63134938478469848633 0.41787189245223999023 -1.43602454662322998047 0.60521966218948364258 1.15227591991424560547 -1.60761225223541259766 -0.31381261348724359683 -1.73067069053649902344 0.43355065584182739258 0.60320091247558593750 1.07083535194396950452 -1.06818902492523193359 0.45650872588157648257
1.00007629394531250000 0.70394241809844970703 0.46254429221153259277 1.22432684898376464844 -1.50849771499633789062 -0.92159324884414683954 -0.35747981071472167969 -0.11996413022279739380 -0.58624804019927978516 -0.16378507018089288882 1.03516578674316406250 -1.09580028057098410876 -0.83987158536911010742 -0.07214367389678949527 -1.36916697025299072266 1.28363323211669921875 -0.97322666645050037726 -1.27632033824920632092 0.41622075438499450684 -1.40605223178863525391 0.35141918063163757324 -0.69182193279266357422 1.03259932994842529297 1.08725070953369140625 -1.54763936996459960938 -1.75415289402008056641
-1.31401729583740234375 -1.52280473709106445312 -0.07211615145206450028 -1.61096894741058349609 -1.02572882175445556641 -1.55714225769042968750 0.61560302972793579102 -1.01044285297393798828 1.69651722908020019531 -0.65388935804367065430 -1.17869234085083007812 1.46376895904541015625 0.62283289432525634766 -1.63927102088928222656 0.39164859056472778320 -1.73497164249420166016 1.66305994987487792969 -0.17108203470706939697 -0.52542072534561157227 0.59203696250915527344 -0.86368995904922485352 -0.48540845513343811035 -0.67361307144165039062 -0.66643238067626953125 -0.28047981858253479004 -1.33142697811126708984
-0.11896417289972299747 0.76542425155639648438 -1.58115875720977783203 -0.75711596012115478516 -0.84389686584472656250 -1.14914429187774658203 1.19658029079437255859 -0.82311284542083740234 0.13561505079269409180 -1.40146541595458984375 0.82456678152084350586 1.23764872550964355469 0.17162883281707760896 -0.01868346333503720022 1.52871978282928489001 -0.63307917118072509766 1.36093401908874511719 0.14523656666278839111 -0.34376883506774902344 1.41965103149414062500 -0.11094822734594339542 -1.09460735321044921875 -1.12461543083190917969 -0.95065206289291381836 -0.42229101061820978336 -0.38176083564758300781
0.34044915437698358707 0.70080769062042236328 -0.33377254009246820621 0.70527833700180053711 -0.97046059370040882452 0.93080753087997436523 -1.48684287071228049548 0.48921704292297357730 1.28522062301635742188 0.38487339019775390625 -0.85144293308258056641 -0.42769303917884821109 1.08065414428710937500 -0.37598821520805358887 -0.82193928956985473633 -0.13226254284381860904 1.19291496276855490954 -0.66464793682098388672 -1.71538305282592751233 -0.37334260344505310059 -0.69819462299346923828 0.74556958675384521484 -1.55910170078277610095 -0.15595051646232599429 1.27975201606750488281 -1.02707684040069580078
0.36445263028144830875 1.02263343334197998047 -1.11468565464019775391 -0.54012215137481689453 1.01317441463470458984 0.15575127303600311279 -0.71365153789520263672 0.89542865753173828125 0.04550945386290550232 -1.06338381767272949219 -1.00018668174743630139 1.56993675231933593750 -0.42057117819786071777 0.51502680778503417969 -0.72419989109039306641 -1.13578104972839355469 0.07348246127367019653 -0.60274219512939453125 -0.77216577529907226562 0.08700457960367199983 1.18449902534484863281 -0.59753495454788208008 -0.43026885390281677246 -1.15349578857421875000 -1.53158867359161376953 -1.34229326248168967517
-0.76564073562622070312 -1.03103899955749511719 0.41670083999633789062 -1.34204900264739990234 0.54253774881362915039 -0.64461624622344970703 0.88067358732223510742 0.59292888641357421875 -0.56823021173477172852 1.62389075756072998047 0.33622610569000238590 -1.55103886127471923828 0.58167785406112670898 -0.63063335418701171875 1.56149280071258544922 -1.22006022930145263672 0.35716557502746582031 -1.49797284603118896484 -0.62165057659149169922 1.45406270027160644531 0.97067648172378540039 0.55407959222793579102 -0.93874162435531616211 0.40653702616691589355 1.67248296737670898438 -0.18727965652942649144
-0.33211454749107360840 -0.60940551757812500000 0.19570313394069668855 -0.14842265844345089998 -0.93980354070663441046 -1.21207952499389648438 0.11975683271884909886 0.32132622599601740054 -1.65766656398773193359 -0.57697361707687377930 1.44619274139404296875 1.54056823253631591797 -1.32672560214996337891 0.10581687837839119648 -1.26052439212799072266 -1.64271163940429687500 -0.64818477630615234375 -1.03339517116546630859 -1.56511902809143088611 -1.45533168315887428967 1.26830863952636718750 -1.44361376762390136719 0.42418593168258661441 -1.09546065330505371094 -1.19676625728607177734 0.40678390860557550601
0.88380610942840576172 1.54422545433044433594 -0.89842867851257324219 -0.76882165670394897461 -0.85270971059799194336 -1.52548289299011230469 -0.26567569375038141422 -0.05693059042096129674 0.53115290403366088867 0.23877902328968039769 0.47927361726760858707 -0.20312230288982391357 -0.92348343133926402704 -0.70196741819381713867 1.73018944263458229749 -1.47412705421447753906 -1.43168234825134277344 0.42919623851776117496 -0.84895485639572143555 -1.05808603763580322266 -1.44286131858825683594 0.40561497211456298828 0.03537092730402940227 -0.21086044609546661377 0.43193486332893371582 -1.04750430583953857422
-0.58031010627746582031 -0.45330083370208740234 -0.59352755546569824219 0.60629522800445556641 1.03143203258514404297 -0.54951375722885131836 0.11600621044635769930 -0.34992244839668268375 -0.34179747104644769840 0.60243618488311767578 -1.67399334907531738281 -1.00823712348938010486 -0.64032906293869018555 0.59967643022537231445 -0.54453706741333007812 -1.28152334690093994141 0.39506900310516357422 0.95293420553207397461 0.79690462350845336914 0.28344857692718500308 -0.48670795559883117676 0.11632055044174190173 0.12175182998180389404 0.28752532601356500797 0.36145013570785522461 1.22745907306671142578
-0.83353221416473388672 -1.23879075050354003906 0.38858303427696228027 -1.25238502025604248047 -1.34038865566253662109 -0.74901139736175537109 -0.09296279400587080521 -0.80664253234863281250 -0.77505999803543090820 1.43492400646209716797 1.22760534286499023438 0.43219366669654840640 -0.95455449819564819336 -1.34549379348754882812 -1.47340917587280273438 -0.35673040151596069336 -1.71577394008636474609 -1.39626598358154296875 -0.55704230070114135742 -0.73254090547561645508 -1.43297719955444335938 1.35067200660705566406 0.78510195016860961914 0.93692475557327281610 1.56468021869659423828 -0.97079032659530639648
-1.59132337570190429688 -1.23328697681427001953 -1.11208558082580566406 -0.77390629053115844727 -1.47311401367187500000 -0.08420373499393460359 1.08594810962677001953 0.03534467518329619667 0.93386834859848022461 0.21755839884281150121 -1.63429903984069824219 0.95375579595565795898 1.58980548381805419922 -0.28679576516151428223 -0.91681307554244995117 0.35718625783920288086 0.62438660860061645508 -0.57749611139297485352 1.49203705787658691406 -1.08954071998596191406 1.64637124538421630859 0.52774214744567871094 0.43061354756355280093 0.71309608221054077148 -1.12720870971679687500 -0.72048270702362060547
0.33813560009002679996 -0.38016879558563232422 1.47489154338836669922 -1.27693164348602294922 -1.54822754859924316406 0.17302839457988739014 -0.33461949229240417480 -1.08227431774139404297 0.94382554292678844110 -1.04141914844512939453 1.01417005062103271484 -1.26522684097290039062 -0.85775327682495117188 0.65197587013244628906 -1.23733496665954589844 1.67780435085296630859 1.20199632644653320312 1.00284934043884277344 1.63974595069885231702 -0.40176051855087280273 -0.13559502363204950504 0.09323512017726889867 1.62893223762512207031 0.86396217346191406250 0.97953969240188598633 0.28938418626785278320
0.27613198757171630859 0.43597409129142761230 -0.58017385005950927734 1.35999929904937744141 -0.50150924921035766602 1.63685405254363991467 1.63987243175506591797 -1.40521454811096191406 1.10240864753723144531 0.41671624779701227359 0.02359018474817270103 -0.87269222736358642578 -0.12365987151861189408 -1.06969773769378662109 1.78855824470520019531 1.65673184394836447986 -0.29062384366989130191 -1.06003427505493164062 -1.42179846763610839844 -0.17553855478763580322 0.37706509232521051578 0.47011604905128479004 1.34972667694091796875 0.86089318990707397461 -1.14258015155792236328 0.00892378203570839967
-1.00231564044952392578 -1.03613436222076416016 -0.13778598606586450748 1.01670777797698952405 -1.06452834606170632092 -1.38589131832122802734 0.62110853195190429688 1.71530508995056152344 -0.82493829727172851562 -0.64476126432418823242 -0.41791099309921259097 0.70821827650070190430 0.87898588180541992188 -1.43139290809631369861 -0.96003997325897216797 1.25725615024566650391 0.23308160901069641113 -0.11000502854585640644 -1.48624336719512939453 -0.70213890075683593750 -0.49540776014327997379 -0.74457281827926635742 1.14259552955627441406 0.53023028373718261719 0.27902749180793762207 -0.09394417703151700105
0.35026362538337707520 0.12921853363513940982 0.64637225866317749023 -1.08805322647094726562 1.37307536602020263672 0.26696014404296869449 1.46390151977539062500 -1.36857223510742209704 1.09230446815490722656 0.96369749307632435187 -1.31637680530548095703 -0.72950369119644165039 0.68506598472595214844 1.23649835586547829358 0.59670466184616088867 1.49040102958679199219 0.14613145589828491211 -0.42848572134971618652 0.91787904500961303711 -0.93590354919433604852 -1.35438084602355957031 -0.16303899884223929662 0.75858753919601440430 -0.14239582419395441226 0.11482761800289149889 -0.13196124136447900943
0.52536088228225708008 1.27451097965240478516 -1.17354249954223632812 -1.35433471202850341797 1.28157711029052712171 -1.36878347396850608142 1.07170665264129638672 -1.41080725193023681641 1.09282279014587402344 0.97658056020736683234 0.43095901608467102051 -1.35565865039825439453 1.21035420894622802734 -0.86857950687408447266 -1.10728371143341064453 -0.81470137834548950195 0.93442523479461681024 1.49078762531280517578 0.14528389275073999576 0.08299025148153299503 1.64117217063903808594 -0.18525259196758270264 0.96458303928375244141 0.08970387279987329654 0.48131161928176879883 -2.17158436775207519531
0.86040526628494262695 1.19193804264068603516 -0.29105597734451288394 -0.32962521910667419434 1.55139935016632080078 -0.79243308305740356445 0.54252421855926513672 -1.01319265365600608142 0.82482331991195678711 -1.57541322708129882812 -0.37299615144729608707 -0.26159358024597167969 0.56970870494842529297 0.27266710996627807617 -0.88052552938461303711 -1.21348214149475097656 0.39337676763534540347 -0.77911251783370971680 0.30727079510688781738 -1.60747349262237571033 1.09768807888031005859 0.90130531787872314453 0.17987145483493799381 -0.91132616996765136719 1.53284275531768798828 -1.50404334068298339844
-0.26640433073043817691 -0.00218185246922069980 -1.12935209274291992188 1.14779138565063476562 -0.18457424640655509251 1.78669655323028564453 -1.43772614002227783203 0.03954687714576719804 -0.06771830469369879979 0.57640314102172851562 -1.26250195503234863281 1.40630722045898437500 -0.37174153327941888980 -0.15142118930816650391 0.79530942440032958984 0.04881257936358449762 -0.61786609888076782227 -1.59228825569152832031 -1.21746182441711447986 -0.39423665404319757632 -1.01221954822540283203 -0.45268017053604120425 -1.59977173805236816406 0.68785804510116577148 -1.54394066333770751953 1.66069746017456032483
1.98134362697601273950 1.58999454975128151624 1.45720613002777099609 -0.25979408621788019351 -1.48214566707611083984 -1.16059207916259765625 -1.54560375213623046875 -0.07118186354637140445 -0.95824354887008678094 -0.80702978372573852539 1.56194460391998291016 -1.13415622711181640625 -0.72116899490356445312 0.29204657673835748843 -1.64684700965881369861 -0.76902365684509277344 1.72008025646209716797 -0.33734422922134399414 -0.00139803788624700003 0.74409520626068115234 0.46059671044349670410 -1.03855013847351074219 1.50970554351806640625 -0.02545312047004689993 -1.16222679615020751953 1.00382554531097389905
0.61157858371734619141 0.18362233042716979980 1.06676995754241943359 0.39162737131118768863 -1.42782461643218994141 -0.54036629199981689453 0.68541270494461059570 1.39092743396759033203 -0.04456453025341029772 1.07930529117584250720 0.16151809692382809724 -0.66444009542465209961 -0.00856337975710630070 1.60345554351806640625 0.43351700901985168457 0.23675809800624839085 -0.23495587706565851382 0.93703442811965942383 1.14947736263275168689 0.30166569352149957828 0.49409022927284240723 1.23223626613616943359 -1.42252135276794433594 -1.65899705886840820312 -0.45814996957778930664 -0.40719920396804809570
1.85638546943664528577 1.31842780113220192639 1.54948318004608154297 -0.17394264042377469148 -1.17887628078460693359 -1.12301802635192871094 0.65600144863128662109 -1.48385155200958229749 0.12617182731628409642 -0.40654495358467102051 -1.44234693050384521484 -0.08661206066608420628 -1.42356765270233154297 -1.52062308788299560547 -0.59150129556655883789 -0.11676187813282010164 -0.34478762745857238770 0.48629862070083618164 -0.18478538095951080322 0.91569399833679199219 -1.43071115016937255859 0.87640172243118286133 1.58383631706237792969 -1.70314633846282958984 1.23035144805908203125 0.53980356454849243164
1.42818665504455566406 1.37608933448791503906 1.14244496822357177734 -0.04580484330654140124 -1.65288102626800537109 -0.24816383421421051025 1.22172117233276367188 -0.05915637686848639748 1.63591301441192649158 0.66911202669143676758 -0.72481739521026611328 -0.82681155204772949219 1.38363444805145263672 1.36080205440521240234 0.33896329998970031738 -0.46088245511054992676 -1.63659346103668190686 0.49654117226600641422 -0.97167664766311645508 0.17489910125732419099 -0.66270220279693603516 -0.38592034578323358707 1.64537858963012695312 -1.43440032005310058594 0.10599535703659050678 -0.33651116490364069156
-0.24146886169910430908 -1.06770491600036621094 1.15535044670104980469 0.43373620510101318359 0.07092202454805369982 0.97848999500274658203 -0.04922499135136600146 0.71676939725875854492 -0.64835929870605468750 0.98386067152023315430 -0.65418964624404907227 -0.13677674531936639957 -1.13473916053771950452 0.94832587242126464844 1.51573133468627929688 0.05619191750884049846 -0.43323001265525817871 -0.60629975795745849609 1.19033515453338623047 0.54948878288269042969 -1.63043498992919921875 -0.02746880985796449834 -1.60846924781799316406 1.18515086174011230469 1.28177630901336669922 0.84098058938980102539
0.24889773130416870117 0.10311882197856900301 0.28235048055648798160 -0.14766876399517059326 1.67851924896240234375 0.69894856214523315430 -1.66383314132690429688 -0.31579032540321350098 -1.38808310031890869141 -0.31725931167602539062 1.33563578128814697266 -1.37131464481353759766 1.54483878612518310547 -0.37831717729568481445 -0.81993979215621948242 -1.03097152709960937500 0.69315749406814575195 0.91312640905380237921 -1.31565248966217041016 0.23035185039043420963 -0.69300985336303710938 0.64681255817413330078 1.06634283065795898438 -0.85706430673599243164 1.05539023876190207751 0.50708919763565063477
-0.42195373773574829102 -1.23934864997863769531 1.18338465690612792969 1.59157609939575195312 -0.70951086282730102539 -0.98647409677505482062 -1.68130135536193847656 -1.06797730922698952405 0.29185405373573297672 -1.79961025714874289783 -0.36308747529983520508 1.45134699344635009766 0.05342206731438629841 -1.66860532760620117188 -1.69479918479919433594 0.10690969973802559589 -0.31171461939811700992 -1.49320888519287109375 0.09656525403261180529 1.66769397258758544922 0.91121006011962879523 -0.27376559376716608218 -0.62057757377624511719 0.88805723190307617188 -0.10159327089786529541 0.85952204465866088867
1.06996810436248779297 1.19955277442932128906 -0.11895062774419780383 1.36880612373352050781 1.67787075042724609375 -1.33958184719085693359 -0.43426480889320367984 1.79377317428588889392 -0.81340348720550537109 -1.00008332729339599609 1.27239191532135009766 0.17714141309261319246 -0.26717787981033319644 -1.42366659641265869141 1.76296472549438476562 1.37859678268432617188 -1.58483648300170898438 1.55365741252899169922 1.57456088066101074219 1.35757052898406982422 -0.82134318351745605469 -1.34007561206817649158 -1.62967932224273681641 1.25359594821929909436 1.57100868225097656250 -0.67003715038299560547
-0.99754512310028076172 -1.19802677631378151624 -0.01719986088573929872 0.28985410928726190738 0.10052496939897530293 1.72384297847747802734 -0.26817548274993890933 -1.32193946838378906250 -1.20313894748687744141 -0.22172886133193969727 0.01552623696625229921 1.61724877357482910156 0.41156777739524841309 -1.62229084968566894531 -0.36618337035179138184 -1.69958376884460449219 1.69435572624206542969 1.29923713207244873047 -0.73053127527236938477 0.87645912170410156250 1.47636616230011008533 0.65597295761108398438 -0.75732135772705078125 -1.48884069919586181641 1.01524531841278076172 -0.01458779629319899990
0.16543886065483090486 -0.46378156542778009586 1.34888386726379394531 1.43851101398468017578 0.20543472468852991275 -1.55898940563201904297 1.61745667457580566406 -0.00768507877364749993 -0.11220259219408029727 1.37374663352966308594 0.77316409349441528320 -1.40400397777557350842 -0.03247975185513490154 -0.49011647701263427734 0.52612054347991943359 -0.68881589174270629883 1.63817691802978515625 1.62678813934326149671 -0.14450000226497650146 1.39334344863891601562 0.01484898477792729980 -1.09679257869720458984 -0.97767788171768199579 0.19932125508785239476 -0.05091776698827740061 1.76426959037780761719
-0.60636013746261596680 0.14890122413635251131 -1.56211924552917480469 0.54492175579071044922 0.77864623069763183594 1.01304304599761962891 -1.47749817371368408203 -0.25152552127838129215 0.04692275449633590001 0.25452148914337158203 0.99640309810638438837 -0.09249299764633170384 0.56060594320297241211 0.47474965453147888184 -0.97348159551620483398 -1.16815829277038552014 -0.49531093239784240723 -0.97111028432846080438 1.32499527931213378906 -0.52241289615631103516 0.24762381613254538792 -0.73519015312194824219 -1.16173982620239257812 0.02833166904747479869 -1.40909600257873535156 2.00825238227844238281
0.75942236185073852539 1.66637039184570312500 -1.63493144512176513672 -1.07007622718811035156 -1.21826624870300292969 -1.05223929882049560547 -0.22574478387832638826 -1.71265184879302978516 1.28479969501495361328 -1.73987472057342529297 0.01448870729655019930 -1.11451637744903564453 1.68142187595367431641 -0.58159792423248291016 1.58684182167053222656 1.46232724189758300781 1.34606504440307617188 0.01059565227478739997 0.31575414538383478336 1.54082429409027099609 0.07455167174339290270 1.63611030578613281250 -0.62103217840194702148 0.02374418079853049882 0.71700990200042724609 -1.28696107864379882812
-0.67737245559692382812 0.13308510184288019351 -1.50315427780151367188 -1.73475027084350608142 -0.17353482544422149658 -0.64254337549209594727 -1.02520084381103515625 -1.16917884349822998047 -0.64033049345016479492 0.07251986116170880403 1.65210819244384765625 0.93355900049209594727 -1.47071731090545632092 -1.46037733554840087891 1.30381894111633300781 1.44792211055755615234 -1.16258764266967751233 -1.47222614288330078125 -0.65029859542846679688 0.18174636363983148746 0.24944405257701871004 1.04048514366149902344 -0.90198558568954478876 -1.17142260074615478516 1.08276462554931640625 0.58674639463424682617
0.30043891072273248843 0.74851310253143310547 -1.09572207927703857422 1.70936000347137428967 1.20010316371917724609 -1.02236926555633544922 0.47740784287452697754 0.24067598581314081363 -1.37481522560119628906 -1.61767160892486550061 1.27787423133850097656 -1.60416555404663085938 1.34803485870361328125 0.23132520914077758789 -1.18204498291015625000 -0.41885805130004877261 1.58072757720947287829 1.54865300655364990234 -1.24578297138214111328 -1.12756395339965820312 1.56113421916961669922 -0.91245049238204956055 1.69105398654937744141 0.42033839225769037418 0.12334220856428139423 -0.10484021902084350586
-1.25464558601379394531 -1.30582797527313232422 -0.24860784411430358887 0.12829571962356559056 1.00459325313568115234 -1.53814136981964111328 -1.04178619384765625000 1.05468857288360595703 -0.81041473150253295898 -0.64223843812942504883 -1.25406515598297119141 1.73040020465850830078 1.28640055656433105469 -1.72314083576202392578 -0.14931370317935940828 -1.14732015132904030530 0.19954466819763180818 -1.35556149482727050781 -1.48173606395721435547 1.15562915802001953125 0.68642383813858032227 -1.28599584102630615234 -0.15753971040248870850 -0.10970009863376610493 -0.46993699669837951660 0.25366860628128051758
0.29897922277450561523 1.07995820045471191406 -1.00676488876342751233 -0.72727167606353759766 1.57956814765930175781 -1.20601665973663330078 0.06645523011684409398 0.86211317777633666992 0.80088710784912109375 0.25638961791992187500 0.97447884082794200555 0.89012825489044189453 -1.72995913028717041016 -0.38907912373542780093 0.36572510004043579102 -1.57359635829925537109 0.00160940387286239990 0.93621641397476196289 -0.55978935956954956055 1.62300133705139160156 1.65980434417724609375 0.39331471920013427734 -0.60032284259796142578 -0.13238938152790069580 1.14321672916412353516 -1.66769361495971679688
0.40622675418853759766 0.99769771099090576172 -0.74565523862838745117 -0.12210463732481000032 0.88179838657379150391 0.55750268697738647461 -1.56344759464263916016 1.72320544719696044922 1.24403655529022216797 -1.32961380481719970703 -1.70582616329193115234 -0.18913157284259790591 -0.07979654520750040225 -0.24563270807266229800 0.43219026923179620914 0.99304413795471202508 -1.38134765625000000000 -0.10221979022026060624 -0.30455738306045532227 0.03151761740446090004 1.59114611148834250720 -0.22590298950672149658 -0.76551496982574462891 -1.74094510078430175781 -1.36699819564819335938 -1.38048946857452392578
0.22052690386772150211 0.81938588619232177734 -0.66779845952987670898 -0.23658132553100580386 1.08673894405364990234 -0.75955724716186523438 -0.08193558454513549805 -1.36821401119232177734 0.08617451786994929919 -1.01142477989196777344 -0.69451433420181274414 -0.30253824591636657715 -1.19391655921936035156 0.55606031417846679688 1.20438063144683837891 -0.78738415241241455078 -0.49548360705375671387 0.64281624555587768555 1.50608325004577636719 0.04825934395194050180 1.06896185874938964844 0.75076687335968017578 -0.84690421819686889648 -0.53656345605850219727 -0.95513260364532481805 -0.78616344928741455078
0.57667070627212524414 0.74115061759948730469 -0.08009177446365349506 -0.62009716033935546875 1.46013057231903076172 0.25155851244926452637 1.43508124351501464844 -1.14270746707916259766 -0.35299155116081237793 0.44984912872314447574 -0.71479707956314086914 -1.41129231452941894531 -0.79460173845291137695 -0.56842124462127685547 1.00727593898773193359 1.25861978530883789062 1.38002121448516845703 -0.27476921677589410953 0.58425641059875488281 -1.30747926235198952405 -0.71203309297561645508 -0.74852395057678222656 -1.54960358142852783203 -0.21372495591640469637 1.25801599025726318359 -1.35284817218780517578
-0.13056524097919461336 -0.31002902984619140625 0.20935583114624020662 1.40554964542388916016 -0.53118252754211425781 -1.44468677043914794922 0.33093139529228210449 0.91464036703109741211 -0.95178544521331798212 -1.86391210556030273438 0.79125052690505981445 -0.38969224691390991211 1.55131411552429199219 1.57620835304260231702 0.91179841756820678711 -0.14358520507812500000 -0.17108234763145441226 -0.71769827604293823242 1.47516334056854248047 -0.64046782255172729492 1.60884368419647216797 -0.75366413593292236328 1.40191292762756369861 -0.82762330770492553711 0.06844662129878989476 1.18861746788024902344
-0.99431687593460083008 -1.18243229389190673828 0.42878594994544977359 -0.78674662113189697266 -0.60087865591049194336 -0.86378788948059082031 -1.74586570262908935547 -0.70563954114913940430 1.52491390705108642578 1.31891334056854248047 -0.21089704334735870361 -0.69773864746093750000 0.89431911706924438477 0.01499010808765880061 1.23921656608581542969 -1.16217255592346191406 -1.53133535385131835938 -1.56266844272613525391 0.84599441289901733398 1.35811555385589599609 0.67041081190109252930 -1.23904967308044433594 -1.13722443580627441406 -1.45049035549163818359 -1.32978510856628417969 -0.21508038043975830078
1.36346423625946044922 0.69349193572998046875 1.04007649421691894531 1.24121904373168967517 -1.09738349914550781250 -1.18279337882995605469 0.82029587030410766602 1.71956384181976318359 1.34666466712951660156 0.75043493509292602539 -0.23638118803501129150 -0.13794636726379388980 -0.87141460180282592773 -1.25024402141571044922 -1.05887866020202636719 0.43265020847320551090 1.63896727561950683594 -0.84682506322860717773 0.85934358835220336914 1.51266014575958229749 0.16617296636104580965 0.54625105857849121094 -0.41603270173072809390 -1.61710822582244873047 -1.37067675590515136719 -1.38374745845794677734
1.15874791145324707031 0.51564228534698486328 1.41700005531311035156 -1.38638746738433837891 1.00823569297790527344 -1.42337155342102050781 -0.37827867269515991211 1.58680474758148193359 0.23714019358158108797 1.09695291519165039062 1.01110124588012695312 0.13109362125396720189 -1.63608634471893310547 0.48801401257514948062 1.00971615314483642578 -1.72997534275054909436 -0.82021802663803100586 -1.19038856029510498047 1.50795567035675048828 -1.03671360015869140625 0.51545220613479614258 0.66735386848449707031 -0.12498346716165539827 -1.37509953975677490234 0.09847296774387359619 -1.80160415172576904297
-0.16809740662574759740 0.26392641663551330566 -0.32777482271194458008 -1.36275255680084250720 -0.09720292687416069721 0.96179091930389404297 1.21448194980621337891 -1.15279006958007790296 -1.57546472549438476562 -0.57098150253295898438 0.48336666822433471680 -1.36138892173767089844 1.42184615135192871094 1.44793748855590820312 -0.93930637836456298828 0.27642589807510370425 -0.26967039704322809390 -0.56829893589019775391 -0.67861253023147583008 -0.53672391176223754883 -1.16226911544799804688 0.89878475666046142578 -0.90150672197341918945 0.47446763515472412109 1.24360835552215576172 -0.12206940352916710590
-0.37916484475135797672 -0.62640440464019775391 0.64794498682022094727 1.34077692031860351562 -0.81605941057205200195 0.63384902477264404297 1.01591932773590087891 0.64113062620162963867 -0.10821943730115890503 0.41519811749458307437 1.06407260894775390625 -0.70152044296264648438 1.52079892158508300781 -0.40814754366874689273 1.68893373012542724609 0.00248552346602079997 0.16479657590389248933 0.39784389734268188477 0.31853261590003967285 -1.67422604560852050781 -0.95132112503051757812 -1.58341741561889648438 -1.40163421630859375000 -1.08839845657348632812 0.16607432067394251041 1.06540238857269287109
0.20030371844768518619 -0.53518778085708618164 1.35005235671997070312 -1.75258612632751464844 -0.83017796277999877930 -0.32080695033073419742 0.62275254726409912109 1.35135221481323242188 -0.06543321162462230334 -0.40346124768257141113 -0.37388604879379272461 -0.73490649461746215820 -0.86196309328079223633 -1.59561324119567871094 -1.06327605247497558594 -0.25869855284690851382 0.81385564804077148438 0.14854344725608820132 1.65192008018493630139 -0.01041038893163200030 -1.67872154712677001953 -1.40239107608795166016 -0.93136560916900634766 0.99345040321350097656 -0.90244317054748535156 0.32702878117561340332
0.66815483570098876953 0.22239078581333160400 0.75847709178924560547 -0.23258291184902191162 -0.22683860361576080322 -0.85709744691848754883 0.57401144504547119141 0.39666220545768737793 1.72042894363403320312 0.04740834236145009817 0.96000808477401722296 -0.38656511902809137515 0.77088552713394165039 1.27614498138427712171 -1.52579247951507568359 -1.29221415519714355469 1.60646820068359375000 1.11994409561157248767 -1.18356573581695556641 -1.57728564739227294922 -1.20271384716033935547 0.82705825567245483398 0.95465791225433360712 -0.17364722490310668945 0.11195769906043999409 -0.68233966827392578125
1.62980437278747558594 0.92503416538238525391 1.55048024654388449939 -0.73558533191680908203 -1.15349936485290527344 1.20847344398498535156 0.46046844124794000797 1.26260352134704589844 -1.17442381381988525391 -1.64117932319641113281 0.22428692877292630281 0.07777044177055350560 0.16475945711135858707 1.03326976299285888672 1.55646109580993630139 1.45411038398742675781 0.58727681636810302734 -1.35446798801422119141 -0.29496648907661437988 -0.24640621244907379150 -0.86718422174453735352 -0.33450156450271600894 1.12268495559692382812 -0.70746785402297973633 0.41175806522369379215 -0.98284924030303955078
-1.46100187301635742188 -1.42096555233001708984 -0.17124004662036890201 1.21462535858154296875 0.77998572587966918945 0.12955260276794430818 0.63478118181228637695 1.52369165420532248767 -0.69888603687286376953 -0.47279021143913269043 0.10866577178239819612 -1.06138396263122558594 -1.38400554656982421875 -0.72766375541687011719 -0.34223094582557678223 -0.20291146636009210757 0.88945275545120239258 -1.43660485744476318359 1.12815618515014648438 -1.31807768344879150391 -0.04930753633379929973 -1.40719664096832275391 -1.08838498592376708984 -0.65461713075637817383 1.32349348068237304688 0.25982597470283508301
1.69148457050323486328 1.07825291156768798828 1.69536495208740234375 1.42866647243499755859 0.98686802387237559930 -0.27236357331275939941 0.00458007026463739999 -1.55505180358886718750 0.81708562374114990234 -1.32231700420379638672 1.59928834438323952405 0.36040794849395751953 -0.68859994411468505859 1.46024692058563232422 -0.41166788339614868164 0.74633502960205078125 0.18447977304458609837 -1.54319751262664794922 -1.37542223930358886719 1.17225348949432350842 -0.12688596546649930086 1.63679325580596923828 0.85095566511154174805 -0.64947068691253662109 -1.23608291149139404297 1.00195991992950439453
0.20107482373714438695 -0.37452271580696100406 1.06827104091644287109 -1.63429892063140869141 0.87609291076660156250 0.51553428173065185547 1.10031378269195556641 -0.53245091438293457031 0.47680023312568659000 -1.51201272010803222656 -0.93381118774414062500 -1.14213240146636962891 -0.91082185506820678711 -0.94323658943176280633 -0.99629086256027221680 1.73272407054901123047 0.42805284261703491211 -1.00378465652465820312 0.73332285881042480469 0.53636956214904785156 1.01671266555786110608 -1.38476252555847167969 1.33752179145813010486 -0.35310846567153930664 0.81634688377380371094 0.29801943898200988770
-0.51797074079513549805 0.27850875258445739746 -1.38860976696014404297 -0.51429283618927001953 -0.16608573496341699771 -0.60174542665481567383 -0.06971107423305510087 0.86425673961639404297 0.14521060883998870850 -1.11535978317260742188 -0.01502546761184929934 0.26464951038360590152 -1.51194858551025390625 0.25261151790618890933 0.17853590846061700992 -1.03903985023498535156 0.60223215818405151367 1.56152737140655517578 -1.62981164455413818359 -1.57668340206146240234 1.59181070327758789062 -0.50744527578353881836 -1.62843942642211914062 0.29101648926734918765 0.51771891117095947266 1.04276585578918457031
-1.21077394485473632812 -1.51982343196868896484 -0.07730962336063379459 0.04766751453280439893 -0.36931383609771728516 -1.35462200641632080078 -0.97856098413467396124 -1.58088076114654541016 -1.49729704856872558594 -1.43861722946166992188 -0.49495890736579889468 -1.26429116725921630859 0.79224884510040283203 1.10323011875152610095 -0.90863406658172596320 -0.57438027858734130859 0.62907224893569946289 0.97017055749893199579 0.33762916922569269351 0.24125543236732480135 -1.18864476680755615234 0.75985229015350341797 -1.49075436592102050781 0.16114480793476099185 -0.87535959482192993164 -0.73389714956283569336
0.73398578166961669922 0.28444594144821161441 0.93943256139755237921 -0.91040468215942382812 -1.32026684284210205078 -0.28918784856796259097 -0.45603579282760620117 0.75143355131149291992 -1.58651101589202880859 -0.25688827037811279297 -0.04390682280063620130 -1.09660708904266357422 -1.17926359176635742188 0.41972869634628290347 0.85097903013229370117 1.46748149394988991467 1.16347897052764892578 -1.07655155658721923828 -1.39545571804046630859 0.74125468730926513672 -0.98666012287139881476 -0.52330857515335083008 -1.29225420951843261719 0.66257131099700927734 1.33336496353149391858 -1.46306586265563964844
0.62993282079696655273 0.29450029134750360660 0.93084597587585438117 0.51940530538558959961 -0.58936858177185058594 -0.46403270959854120425 -0.39347463846206659488 0.18359617888927459717 -0.63586038351058959961 -1.14774513244628906250 0.16719381511211389713 -0.78296458721160888672 1.60899400711059570312 -1.08732628822326660156 -1.09789085388183593750 -1.68897354602813720703 1.34787106513977050781 -1.61858534812927246094 -0.24880881607532501221 1.33664512634277343750 1.08578884601593017578 0.45235183835029602051 -0.12314885854721069336 -0.28979393839836120605 0.48450928926467889957 -0.73535650968551635742
-0.39607587456703180484 -1.06632363796234130859 0.64455717802047729492 -0.18597936630249020662 0.67198646068572998047 -1.03067970275878906250 -1.56440579891204833984 1.58646035194396950452 -0.94860625267028797492 -0.33523875474929809570 0.23391412198543540257 1.22826504707336447986 -0.59937328100204467773 -0.67797625064849853516 0.18987004458904260806 1.43477368354797363281 0.38183271884918207340 -1.11466455459594726562 0.28338974714279169254 0.39771848917007440738 -1.44356155395507790296 0.70022916793823242188 0.88215959072113037109 0.22667948901653289795 -1.02386343479156494141 0.58593958616256713867
0.08275684714317320390 0.33084550499916071109 -0.51849776506423950195 0.92657226324081420898 0.30085942149162292480 1.73405253887176513672 -0.61667692661285400391 -0.23321482539176940918 -0.77987033128738403320 -0.75479799509048461914 -0.24210892617702481355 0.55158758163452148438 -0.51720720529556274414 -0.81855261325836181641 1.66141235828399658203 1.12172412872314430921 1.56836295127868630139 0.81645286083221435547 1.38703215122222900391 1.47121405601501464844 1.34005153179168701172 0.18286508321762079410 0.68679797649383544922 -1.36796438694000244141 1.08738660812377929688 0.61146646738052368164
-1.03662109375000000000 -0.72371661663055419922 -1.24705684185028076172 -0.99393653869628917352 1.56476855278015136719 -1.24530887603759765625 -0.14102467894554129857 1.08746123313903808594 -1.00551164150238037109 -0.31462380290031427554 1.26471948623657248767 0.58977031707763671875 -1.16214895248413085938 0.08240430802106850361 -0.55973392724990844727 1.63275408744811989514 0.56256115436553955078 -0.35183286666870111636 -1.03926229476928710938 -0.85966545343399047852 -0.94362330436706542969 0.16114513576030731201 0.07955750077962869815 -0.57721579074859619141 -0.47968137264251708984 0.68330073356628417969
-1.69008648395538330078 -1.06475853919982910156 -1.61435651779174804688 -1.57260739803314208984 -0.97211492061615001337 0.63535147905349731445 -1.10776865482330322266 -0.64736354351043701172 -0.64896613359451293945 -0.86334949731826782227 -1.15966165065765380859 1.09108984470367431641 0.05684420093893999965 0.45878723263740539551 -0.11158923059701919556 0.12911057472229001131 -0.43309623003005981445 1.61029314994811989514 0.52817946672439575195 -0.11991769075393669819 -1.03362405300140380859 1.49305784702301047595 -1.23105049133300781250 1.02584064006805419922 -0.92860835790634155273 -0.49285346269607538394
-0.66519039869308471680 -1.01879251003265380859 0.39806568622589111328 1.20420682430267311780 0.20566135644912719727 1.53631925582885742188 0.26372262835502618961 1.22779917716979980469 1.33880913257598876953 0.19971707463264459781 0.27057814598083490543 0.50832045078277587891 -1.61428391933441162109 -1.02400267124176047595 1.65909421443939208984 -1.62610185146331809314 0.57304781675338745117 0.96568894386291503906 0.83652675151824951172 0.60781949758529663086 -0.69387054443359375000 0.00182551110628989999 0.08870086818933480000 -0.51819866895675659180 -1.35341489315032958984 0.76585966348648071289
1.00952100753784179688 0.40416494011878967285 1.62231004238128662109 -1.45085144042968750000 -0.72182714939117431641 -1.12129807472229003906 -1.55497920513153076172 -0.20070400834083548802 0.70743995904922485352 0.21152330935001370515 -1.57325804233551047595 -0.31374740600585937500 0.41392147541046142578 0.01032109744846819964 -1.56493365764617919922 0.31834688782691950015 0.05297528579831119883 1.37292098999023437500 -0.89506548643112182617 0.13476489484310150146 1.25308334827423095703 -1.17269587516784690173 1.00878620147705078125 1.24600803852081298828 -0.12313312292098989309 -1.75145506858825683594
0.19511069357395169344 0.10921248793601989746 0.37304773926734918765 -0.85469639301300048828 1.68357288837432861328 -0.79969120025634765625 -0.33282175660133361816 1.58667659759521484375 0.91139441728591918945 1.09621858596801757812 0.71352219581604003906 -0.23344840109348288792 0.97680675983428955078 -1.01781654357910156250 1.30941009521484375000 1.38949716091156005859 -1.55273890495300292969 -1.45124614238738991467 1.18790531158447287829 -1.28871059417724609375 0.19238483905792230777 1.14764440059661887439 0.30434656143188471011 0.77288454771041870117 -1.35903108119964599609 0.15246656537055969238
0.39999234676361078433 0.53771549463272094727 0.28835546970367431641 -0.18216747045516959447 -0.67291033267974853516 0.96216559410095203742 0.60316199064254760742 0.55939334630966186523 0.69137787818908691406 0.41701567173004150391 0.90279245376586925165 1.35045647621154807361 0.39640820026397699527 0.14197279512882229890 -0.72190028429031372070 0.92563420534133922235 0.09377311170101160220 0.27635210752487182617 -0.72164064645767211914 -0.52914232015609741211 -1.15852534770965576172 -1.61056935787200927734 0.52513295412063598633 1.30831134319305419922 -0.52932131290435791016 -1.15455794334411621094
0.80066746473312377930 0.60675954818725585938 0.73954683542251586914 -1.14834725856781005859 1.55068755149841308594 -1.34236514568328857422 -0.76997029781341552734 -1.46649122238159179688 -1.02784585952758789062 -1.55974531173706032483 0.84648329019546508789 -1.56925833225250244141 -0.28279554843902587891 -1.36335968971252441406 -1.25163662433624289783 0.88325738906860351562 0.25057467818260187320 -0.87125658988952636719 -0.32273843884468078613 1.52778840065002441406 0.47664901614189147949 1.35643851757049560547 -1.28114140033721923828 1.42189478874206542969 1.05923545360565207751 -1.82159686088561989514
-0.86519861221313476562 -1.43746829032897949219 0.87339270114898681641 -0.61119097471237182617 -0.65434718132019042969 -0.86271196603775024414 0.50911003351211547852 1.11478447914123535156 -0.81461644172668457031 0.91378337144851684570 1.16165792942047119141 0.31765043735504150391 0.17703160643577570132 -0.76734757423400878906 -0.68951046466827392578 0.83511245250701904297 0.15528270602226248998 -0.54858577251434326172 1.24624037742614768298 0.10283292084932320332 1.11625611782073952405 1.30242991447448730469 0.33080911636352539062 -0.72844439744949340820 -0.49948784708976740054 -0.74562704563140869141
-0.38022154569625848941 -0.39000368118286127261 -0.08315485715866080541 -1.42392849922180175781 0.07610868662595740575 0.74707067012786865234 -1.61434495449066162109 1.11517882347106911389 -1.21859967708587646484 -1.02275884151458740234 0.62076324224472045898 0.52881664037704467773 -1.27899849414825439453 -1.07049477100372314453 -1.24845361709594726562 0.52030879259109497070 0.82504945993423461914 -0.57437318563461303711 -0.97149586677551280633 -1.02783739566802978516 0.26964321732521051578 -0.93692266941070556641 -0.02159333974123000058 -0.84208816289901733398 0.28132164478302001953 0.14904308319091791324
-1.70263338088989257812 -1.41954457759857177734 -0.80151164531707763672 0.24763110280036920718 0.67364346981048583984 -1.37277925014495849609 -1.06108009815216064453 -1.15689146518707275391 1.60341131687164306641 -0.53042703866958618164 0.05204306170344349947 -1.55772542953491210938 -0.40869399905204767398 1.41992175579071044922 -0.83876615762710571289 0.67925620079040527344 1.64852070808410644531 0.55122196674346923828 -1.58081889152526855469 0.31628113985061639957 0.78543817996978759766 1.69499254226684570312 -0.22698828577995300293 0.98828732967376720087 0.47889742255210870914 -0.09620974212884900179
-0.12195526063442230225 0.17984870076179498843 -0.94117784500122081415 0.53141224384307861328 0.70562779903411865234 -1.09171950817108154297 -0.35335636138916010074 1.32495725154876708984 0.62576758861541748047 -0.87762826681137084961 0.65319687128067016602 0.57105988264083862305 -1.44830274581909179688 1.23179185390472389905 1.16123640537261962891 -0.31043171882629388980 -1.27729415893554687500 0.53832089900970458984 -1.01646828651428222656 1.12665855884552001953 0.22266685962676999178 -0.29627403616905212402 -0.66975378990173339844 -0.92396986484527598993 0.27422460913658142090 0.63252645730972290039
0.12809193134307861328 -0.31346815824508661441 1.14828872680664062500 0.18349887430667868871 0.54901313781738281250 -0.35268393158912658691 -0.43808397650718688965 1.23257935047149658203 -0.15052399039268490877 -1.68981981277465820312 -0.95063334703445434570 1.49374699592590309827 0.21847315132617950439 0.14973326027393341064 0.04371641203761100075 -0.14287088811397549715 0.64744740724563598633 -1.07680761814117431641 -1.33483409881591796875 -1.47787284851074218750 -0.69885611534118652344 -0.89205449819564819336 -1.22334945201873779297 -1.15910482406616210938 -0.39611473679542541504 1.19705092906951904297
0.03358073905110350171 -0.12317586690187450060 -0.04394461959600440282 0.93650954961776722296 1.18175303936004638672 -1.42580854892730712891 1.05853366851806640625 -1.15364956855773925781 0.74092704057693481445 0.00156851031351830004 -0.80314415693283081055 -0.57362735271453857422 0.06896779686212539673 -1.51017355918884277344 -0.79383432865142822266 0.96037161350250244141 -0.78117370605468750000 -1.20821785926818847656 0.85046362876892089844 1.27883994579315207751 0.21085542440414428711 -0.44832846522331237793 0.76863968372344970703 -0.83302545547485351562 -1.47518813610076904297 1.22856497764587402344
-0.66964828968048095703 -1.59182989597320556641 1.34713494777679443359 -1.32271385192871093750 -0.29071652889251708984 1.60184800624847389905 -0.15416887402534479312 -1.20186948776245117188 -0.12743286788463589754 -0.19918723404407501221 1.62067687511444091797 -0.85363280773162841797 -1.67172837257385231702 0.77807539701461791992 1.24917459487915039062 -0.47821983695030212402 0.82986927032470703125 -1.01422131061553955078 0.08534631878137580174 1.66079330444335937500 -1.18536221981048583984 0.69111025333404541016 -0.37227311730384821109 -1.27762115001678489001 1.07449221611022949219 -0.66384345293045043945
