0.41095322370529169254 -1.45587825775146484375 -0.67662632465362548828 0.54643541574478149414 -1.39768207073211669922 1.39244365692138671875 -0.70681273937225341797 -0.20336578786373130101 -1.51081740856170632092 -1.72181940078735351562 -1.15454113483428955078
1.39734554290771484375 -0.41521358489990228824 -1.42208993434906005859 -0.69216227531433105469 -1.16297233104705810547 1.31015813350677490234 0.39920175075531000308 0.47038391232490539551 -0.14498859643936148900 0.55802810192108154297 0.33904823660850519351
0.26808416843414301090 0.37675929069519037418 -1.75461661815643310547 -1.56151044368743896484 1.42122149467468261719 -1.26400578022003151624 0.46989849209785461426 -0.72305971384048461914 -0.79141253232955932617 1.60163998603820800781 1.12429535388946510999
-0.88825756311416625977 0.66078549623489379883 1.01272654533386230469 1.14113128185272216797 -0.24941143393516540527 0.28006356954574579410 -0.17653028666973111238 -1.56828951835632324219 -0.94740825891494762079 -1.00708484649658203125 0.42105546593666071109
-1.42058205604553222656 1.49317204952239990234 0.14389248192310330476 0.33090820908546447754 1.10332453250885009766 -1.63116252422332763672 -0.62746840715408325195 0.94465768337249755859 1.03040719032287597656 1.11552894115447998047 -0.31297332048416137695
0.75335663557052612305 0.19785158336162558812 0.99418628215789794922 0.93327057361602783203 0.00972749572247260004 -0.95175486803054798468 1.27021634578704833984 -0.23379282653331751041 -0.82869863510131835938 1.54912567138671875000 1.85987544059753440173
0.20173926651477810945 -0.07506960630416870117 -1.40272605419158935547 -1.14758896827697753906 0.80890655517578125000 -0.65318095684051513672 -1.06294310092926047595 -0.49548265337944030762 -0.34735637903213500977 -1.43073284626007080078 0.63213038444519042969
-0.69837725162506103516 1.49108552932739257812 -0.24536223709583279695 1.60786664485931396484 -1.21538138389587402344 0.88996309041976928711 -1.32718455791473410876 0.57271033525466918945 -0.92801767587661743164 1.38669693470001220703 0.47752991318702697754
-1.16340804100036621094 -0.11405982077121730456 0.14484587311744689941 0.77287113666534423828 1.48329603672027610095 1.65261971950531005859 -0.68062460422515869141 0.94635230302810680048 -0.51176720857620239258 0.10721889138221739335 0.17281556129455560855
-0.54366815090179443359 1.23071634769439697266 0.77971160411834716797 0.53185296058654785156 -0.38644871115684509277 -1.56746995449066162109 1.74381184577941894531 1.58106124401092529297 -0.96487283706665039062 0.48374915122985839844 0.31768700480461120605
-1.38133895397186279297 -1.74052083492279030530 -1.72026336193084716797 0.26696822047233581543 0.78210109472274780273 -0.34362339973449701480 -1.61421060562133789062 0.37647819519042968750 0.60851997137069702148 0.69788521528244018555 0.01004235912114380055
1.33688986301422119141 -0.27915120124816888980 -1.45404458045959472656 -0.43226149678230280093 -0.24355143308639520816 -1.53425967693328857422 1.18125987052917480469 0.11170236021280280370 -1.15696752071380615234 0.33371651172637939453 0.94936960935592640265
-1.69963753223419189453 0.78034180402755737305 1.21246242523193359375 1.52780985832214355469 -0.51913338899612426758 -1.61769235134124755859 0.86322098970413208008 -0.85358428955078125000 -1.11405575275421142578 -1.14775919914245605469 -0.08663634210824959492
0.20086632668972009830 1.35931885242462158203 0.41585624217987060547 -1.75549805164337158203 0.00191754556726659990 1.60529506206512428967 0.22549088299274439029 1.48708379268646240234 -0.31087031960487360172 -1.36390221118927001953 -0.39789909124374389648
-0.40630638599395751953 0.81980729103088378906 0.38175597786903381348 -1.09950113296508789062 1.19340288639068603516 0.31333467364311218262 1.10780811309814430921 -0.70167386531829833984 0.09657604992389670628 -1.01140952110290527344 -0.40937569737434381656
0.29408538341522211246 0.09434147179126739502 1.57178878784179687500 0.15535478293895718660 0.76168292760848999023 1.09042084217071510999 0.84393036365509033203 0.67159771919250488281 -0.08796754479408259997 1.61269485950469970703 1.23011016845703125000
0.22398355603218078613 -0.33458191156387329102 1.13381624221801757812 -0.88135766983032226562 -0.65684390068054199219 -0.78056263923645019531 0.12189961969852440571 0.75153988599777221680 -0.56689375638961791992 1.09051144123077392578 0.11333992332220070576
1.26876640319824218750 -1.70516991615295410156 -1.33866727352142311780 0.23298068344593039769 0.60627526044845581055 -0.95454847812652598993 -1.45989239215850830078 0.66362321376800537109 -0.79535591602325439453 -0.82598525285720825195 -0.61930036544799804688
-1.77568602561950683594 0.31935292482376098633 0.84198307991027832031 -0.88257169723510742188 -0.67122578620910644531 0.75667607784271240234 -0.51980972290039062500 1.60885524749755859375 -1.44028449058532714844 0.18213604390621179752 -1.65788352489471435547
1.37913799285888671875 -0.81464087963104248047 1.44607090950012207031 -0.44429510831832880191 0.20712982118129730225 -0.68746030330657958984 0.06542031466960900044 0.66613543033599853516 -0.45264583826065057925 -1.12121367454528808594 0.21644996106624600496
1.15016889572143554688 0.16253347694873809814 -1.13255476951599121094 1.07100069522857688220 1.23103713989257790296 -1.61281847953796408923 -0.76596647500991821289 -1.73595976829528808594 1.64451563358306884766 0.54115515947341918945 1.90304148197174072266
-1.44330060482025168689 -0.76058709621429443359 1.46980965137481689453 0.98328965902328480109 0.88965040445327758789 -0.85736578702926635742 0.09576080739498130101 1.17360103130340576172 -0.85979664325714111328 0.22647210955619809236 0.26023626327514648438
0.38539195060729980469 -0.95303225517272960321 1.54716324806213378906 0.75083214044570922852 -0.86474514007568359375 -1.09557974338531494141 0.64534884691238403320 -1.26175391674041770251 1.27937698364257790296 -0.66010934114456176758 0.32365685701370239258
-1.69095778465270996094 -0.24437840282917019930 0.32661819458007812500 -1.01409983634948730469 1.52668666839599609375 0.96792072057723999023 -1.37080359458923339844 0.35242268443107599429 0.49030318856239318848 1.52628910541534423828 -1.41245973110198952405
-0.28574776649475097656 -1.70164573192596435547 1.56951093673706032483 0.96016681194305419922 -1.18245697021484375000 -1.66900718212127685547 0.85152649879455566406 -0.49064561724662780762 -0.15418305993080139160 -0.06008856743574139680 -0.19545988738536829166
0.33713930845260620117 -1.40012526512145996094 -0.43599116802215570621 -0.87239265441894531250 0.10069572180509560322 -1.11665070056915283203 0.60343694686889648438 0.15904650092124938965 1.64994204044342041016 -1.52328264713287353516 -1.53648674488067649158
-1.11185598373413085938 1.66541445255279541016 -0.93450492620468139648 -0.76880866289138793945 -1.57756531238555908203 0.82307279109954833984 0.35496437549591058902 -0.95435148477554321289 0.45357257127761840820 -0.80135899782180786133 -1.25132298469543457031
-0.94003283977508544922 0.06247629225254049817 -0.64454019069671630859 -0.44896453619003290347 -1.69943213462829589844 -1.20268154144287109375 1.21596980094909690173 -0.88553565740585327148 0.17460490763187400121 -0.13313695788383481111 -1.48485684394836447986
-0.81298005580902099609 -1.07607710361480712891 1.17674219608306884766 0.57875573635101318359 -0.44482111930847167969 0.93973827362060557977 1.19896185398101806641 1.23053622245788552014 -0.87792307138442993164 1.27420520782470703125 -0.82848048210144042969
0.16140994429588309544 -0.72665411233901977539 1.47089111804962158203 0.40306597948074340820 1.07439064979553222656 1.57319724559783935547 0.16801285743713378906 1.46729159355163552014 1.66006684303283691406 -0.89190894365310668945 1.02333056926727294922
0.60054093599319458008 1.33494913578033447266 0.45457309484481811523 -0.03788809850811949986 0.02907717041671269848 0.65757596492767333984 -1.19379866123199462891 0.31069207191467279605 -1.07975339889526367188 -0.99555891752243041992 0.26795205473899841309
-0.71583229303359985352 1.24827229976654030530 -1.48836112022399902344 -1.53277671337127685547 -0.11148657649755469579 1.38267493247985839844 -1.62152719497680664062 -1.56805145740509033203 0.06364819407463069567 -0.52376842498779296875 -0.08938448876142500443
0.47059863805770868472 -0.91449767351150523798 0.65636897087097167969 0.37210261821746820621 -0.28295275568962091617 1.46772325038909912109 1.11770129203796408923 -0.81121873855590820312 1.04320049285888671875 -0.85514849424362182617 -0.43440797924995422363
0.90255910158157359735 -1.71373915672302246094 1.22410988807678222656 -0.08205380290746680516 1.23200130462646484375 -1.46596133708953857422 -1.00971305370330810547 1.58424282073974609375 1.07096540927886962891 -0.42912980914115900211 -0.60317158699035644531
0.50375723838806152344 -0.60068506002426147461 -0.37911388278007507324 -1.43222069740295410156 -1.23454749584197998047 0.96562469005584716797 1.16506314277648925781 1.17718732357025168689 -1.10938489437103271484 -1.20739948749542236328 -1.23734319210052490234
0.63295787572860717773 -1.72465217113494873047 -0.78573101758956909180 0.80034822225570678711 1.64221560955047607422 1.09754359722137428967 1.27719008922576904297 0.76463717222213745117 -0.45947071909904479980 0.74194639921188354492 -0.09028206020593640413
-0.58047157526016235352 1.19281995296478271484 -0.28053393959999078922 0.84071075916290283203 1.38579678535461447986 -1.50601160526275634766 -0.08417226374149319734 0.48517620563507080078 -1.16892683506011962891 -1.02099132537841796875 0.85113644599914550781
-0.04541691392660140297 0.49890103936195367984 -0.20735146105289459229 0.64123082160949707031 -0.93893086910247802734 0.75871717929840087891 0.95871019363403320312 -0.98951500654220581055 0.46088743209838861636 -0.71741628646850585938 0.13185092806816101074
-0.44437339901924127750 0.81581902503967285156 -1.15231394767761230469 0.96120631694793701172 1.03003299236297607422 0.76053798198699951172 -1.59751105308532714844 0.36001119017601007632 1.69366538524627685547 -1.72924757003784179688 1.45064055919647216797
0.30814221501350397281 -0.36496484279632568359 -0.37145525217056268863 -0.28954130411148071289 -0.10459999740123740453 -0.53377777338027954102 0.89035475254058837891 0.48699659109115600586 1.50373804569244384766 -1.47956347465515136719 -0.38380852341651910953
1.06603097915649391858 -1.05595326423645019531 -0.46169102191925048828 0.85886973142623901367 -0.03726566955447190022 1.11975634098052978516 0.66901314258575439453 -1.66267955303192138672 0.34744474291801452637 -1.41220998764038085938 0.21227081120014190674
-1.17024898529052712171 0.18317970633506769351 0.97123169898986816406 1.55551588535308837891 0.20810818672180170230 -0.19832967221736899632 -0.03039121069014069990 1.19949817657470703125 0.92882508039474476202 1.56730234622955322266 0.44086664915084838867
0.03928991407155989907 1.04866230487823486328 0.50580108165740966797 -0.21270562708377829808 -0.35363939404487609863 0.66731667518615722656 0.93452817201614379883 0.90261995792388916016 0.68544209003448486328 -1.66939127445220969470 1.00391900539398193359
0.79020220041275024414 1.23397052288055419922 -0.95192337036132801398 -1.02765810489654541016 1.08085119724273681641 -1.28057384490966796875 0.50234419107437133789 1.56391072273254394531 1.27904939651489257812 0.31504979729652399234 0.47921657562255859375
-1.61729145050048850329 0.30688205361366271973 -0.58764737844467163086 0.29070243239402770996 0.81915718317031860352 0.02192990109324450057 1.56562912464141845703 0.49524593353271478824 0.62856328487396240234 1.51848375797271728516 -1.00549662113189697266
1.06570363044738769531 -0.78578054904937744141 1.63562667369842529297 -0.41084870696067810059 -0.07839989662170410156 1.32919144630432128906 1.42578744888305664062 1.61337864398956298828 -0.90082126855850219727 0.66169589757919311523 0.55061024427413940430
-1.31354868412017822266 1.50347006320953369141 -1.33021605014801047595 0.06523954868316650391 1.66284024715423583984 1.56696665287017822266 0.99379754066467285156 -0.58739793300628662109 1.66804695129394509046 0.64890033006668090820 0.37349209189414978027
1.03343081474304199219 -0.33350756764411920718 -0.47618699073791498355 -0.22497141361236569490 -0.22216129302978510074 -0.13332000374794000797 -1.72962415218353271484 -0.66322451829910278320 0.53044605255126953125 -1.29733753204345703125 0.25297889113426208496
-1.55170154571533203125 1.67733395099639892578 -1.51348030567169189453 0.55254596471786499023 -1.49761521816253662109 -0.00384279806166879997 1.52461123466491699219 0.93516725301742564813 1.11658084392547607422 1.19616639614105224609 -0.32288908958435058594
0.55888485908508300781 0.19486467540264129639 0.91522234678268443719 0.94701325893402099609 -1.13704395294189430921 -1.21757614612579367908 -0.03979799523949620332 1.11969816684722900391 -0.91574770212173461914 0.18998022377490988988 0.74985826015472412109
-1.61601805686950683594 0.64146947860717773438 0.01695554517209529877 -0.91684794425964355469 -0.00723475916311139972 -1.31651985645294189453 -0.26532477140426630191 0.30612131953239440918 -0.37471935153007507324 0.08613813668489450626 -1.59512412548065207751
-1.66311538219451904297 -1.64882445335388183594 0.48207530379295349121 -1.39149332046508789062 -0.10510320216417309847 -1.61108016967773437500 -0.88051575422286987305 -0.91740143299102783203 -1.46453273296356201172 -1.45693981647491455078 -2.24796652793884277344
-1.37706387042999289783 -1.17342233657836914062 0.17125931382179260254 -1.33501338958740234375 0.85019022226333618164 -0.70185756683349609375 0.89616608619689941406 -0.98640733957290638312 1.06487309932708740234 1.48153626918792724609 -1.72021794319152832031
-0.75593775510787963867 -0.03947767242789260167 0.29331135749816888980 0.06772523373365399446 1.11297571659088112561 -0.43160900473594659976 -0.11243823915719980411 -0.49542811512947082520 1.24135255813598632812 -1.44007217884063720703 0.12530815601348868626
0.18966929614543909244 0.87711089849472045898 0.67617803812026977539 1.08203077316284179688 0.47186592221260070801 0.04051207378506659768 -0.11201514303684230456 -0.73514294624328613281 1.57848930358886718750 -0.60170048475265502930 1.47604882717132568359
-1.13085997104644775391 0.82129293680191040039 -1.39422440528869628906 -0.29998669028282159976 -1.01264846324920632092 1.39884841442108154297 -1.62391638755798339844 -1.28546595573425292969 -1.57768285274505615234 0.51472753286361694336 -0.58116179704666137695
-0.96511358022689819336 -0.24783836305141448975 1.13978004455566406250 0.21366633474826809969 -0.16212609410285949707 1.05395340919494628906 -1.01793742179870605469 1.46559584140777610095 1.65019595623016357422 -1.41330814361572287829 -0.34136992692947387695
-0.50137269496917724609 -0.58544582128524780273 0.33257344365119928531 0.66745805740356445312 0.12827278673648828677 0.38590893149375909976 -1.06478774547576904297 0.00030068817432030002 0.35011750459671020508 -1.01677536964416503906 0.02755070105195039920
0.39417564868927001953 -0.38507503271102899722 -0.42841932177543640137 -0.79733967781066894531 0.64800363779067993164 0.32634744048118591309 -0.02879654988646499977 -1.36882519721984863281 -0.74071103334426879883 -1.36655640602111816406 -0.50621324777603149414
0.93721270561218261719 -1.74357092380523681641 0.89726436138153076172 0.79432541131973266602 0.03980338573455809853 0.16274875402450558748 -0.65914136171340942383 -0.76239764690399169922 1.32610571384429909436 -1.70640969276428222656 -0.64338660240173339844
1.18613874912261962891 0.32536944746971130371 0.38081976771354669742 -1.20021343231201149671 0.21119989454746240787 0.50222939252853393555 1.33437848091125488281 1.36541318893432617188 0.51969033479690551758 -0.83967053890228271484 0.27425295114517211914
-1.59695029258728049548 1.22799909114837646484 1.34962105751037597656 1.60103404521942138672 -0.29315969347953790836 1.56119954586029030530 0.60091739892959594727 1.50012600421905517578 0.83617573976516723633 0.65181404352188110352 0.24193586409091949463
-1.29663825035095192639 -0.83858048915863037109 -0.82812905311584472656 -0.16599857807159421053 -0.92405277490615844727 1.38434123992919921875 1.05298674106597900391 -1.32066941261291503906 -1.70683455467224121094 1.19666290283203125000 -1.28531765937805175781
-0.26160886883735651187 -0.77530360221862792969 -0.90124177932739257812 1.42688560485839843750 -0.27944886684417719058 1.22262454032897949219 0.29109683632850641422 0.33200594782829279117 -1.64511549472808837891 1.43216371536254882812 0.20206467807292929906
1.17470395565032958984 -1.37644469738006591797 -0.59046781063079833984 0.79023188352584838867 -1.04817044734954833984 1.47138237953186035156 -0.00898948870599259979 -0.32981595396995538882 0.88803714513778686523 0.56396555900573730469 -0.12794110178947448730
-1.37650561332702636719 1.16771626472473144531 -0.34769898653030389957 -0.78702127933502197266 1.32868957519531250000 0.25438621640205377750 -1.08434092998504638672 -1.42724764347076416016 1.10225403308868408203 1.65354466438293457031 -0.88908457756042480469
-1.36956632137298583984 0.34540686011314392090 0.06144545599818229675 0.66786158084869384766 -0.23227764666080469302 -1.07615625858306884766 -1.13312876224517822266 1.05533051490783691406 -1.23773622512817382812 -0.36038780212402338199 -0.78447276353836059570
0.24542225897312158756 1.47399282455444335938 1.13236856460571289062 -1.44180691242218017578 -0.10958606749773019962 0.65991467237472534180 -0.92505389451980601923 0.74174267053604125977 1.36650764942169189453 -1.72815048694610595703 -0.17572076618671408910
1.20398843288421630859 1.77878725528717041016 1.52790927886962890625 0.36120226979255670718 0.39908948540687561035 -1.74542188644409179688 -0.01207883656024930086 0.58556139469146728516 -0.26989963650703430176 0.24361431598663330078 0.70666044950485229492
-0.55120575428009033203 0.48265841603279108218 -0.65915828943252563477 -0.62916636466979980469 0.96930563449859619141 -0.82539659738540649414 -1.31916773319244384766 1.51211726665496848376 -0.95620983839035045282 0.42424812912940979004 -0.11840122193098059911
-0.97751313447952281610 -1.23644244670867919922 -0.49899631738662719727 0.77704447507858276367 -1.49358451366424560547 -1.18159008026123046875 1.21159541606903076172 1.57691252231597900391 -1.46142065525054909436 0.42248609662055969238 -1.37829494476318359375
1.01746058464050292969 -0.01106081064790480004 -1.46444880962371848376 0.67817568778991699219 0.59318047761917114258 0.02779079042375080105 0.77393490076065063477 -0.83305490016937255859 -1.60612618923187255859 0.54730141162872314453 1.70293223857879638672
-0.16974741220474240389 0.89902675151824951172 1.49487233161926269531 -0.76131087541580200195 -1.37701845169067382812 -0.30973657965660089664 0.17066711187362670898 -0.05316881462931630220 0.94921183586120605469 -1.15978431701660156250 0.37554547190666198730
-0.63199687004089355469 0.34315964579582208804 -1.09613060951232910156 -1.17136144638061523438 -0.51466614007949829102 -0.27977102994918817691 1.73792529106140136719 0.32678490877151489258 -0.10022225975990289859 -1.14264094829559326172 -0.56459212303161621094
-0.06337155401706690006 1.48461735248565673828 1.49272954463958740234 -0.22580260038375848941 -1.03571999073028564453 -1.48465096950531005859 -1.63368463516235351562 -1.44378578662872314453 0.42352843284606928043 0.26537942886352539062 0.88221853971481323242
-0.05300697311758990199 1.04446637630462646484 1.43277394771575927734 -0.40189480781555170230 -1.19389545917511008533 -0.21910105645656580142 -0.21590259671211239900 0.96273005008697520868 1.51302456855773925781 -1.52305042743682861328 0.36901599168777460269
-1.62868642807006835938 -0.90155488252639759406 -0.78811597824096679688 0.90381956100463878290 -1.38295280933380126953 -1.38582003116607688220 1.24206209182739257812 1.62331998348236083984 -0.87493300437927246094 1.18610668182373046875 -0.86913853883743286133
1.46886646747589111328 1.32228589057922363281 -0.16970588266849509496 0.27618244290351867676 -1.66169571876525878906 1.04047799110412597656 0.66853004693984985352 -0.61323469877243041992 -0.32715144753456110172 -0.62226992845535278320 -0.30383151769638061523
0.79760664701461791992 -0.29399392008781427554 -1.16096961498260498047 0.13581587374210349339 -0.09836489707231520219 -1.05763709545135498047 0.18496708571910849828 0.24647383391857138890 -0.86473149061203002930 0.50115615129470825195 0.61325716972351074219
0.22166571021080008763 0.56744956970214843750 0.23166730999946588687 1.16966104507446289062 0.16178041696548459139 -1.61097264289855957031 1.26599645614624023438 1.43205595016479492188 -1.22614741325378417969 1.56927216053009033203 1.23674094676971435547
0.38680493831634521484 -0.22593329846858969945 0.02947006188333030005 1.53632104396820090564 0.61571788787841796875 -0.85346603393554687500 0.67725777626037597656 -0.11051969230175009984 -0.56856948137283325195 0.61758553981781005859 1.04469347000122070312
0.06739179044961929321 1.43033170700073242188 -0.62989538908004760742 1.47162938117980957031 1.65004897117614768298 1.08846414089202880859 0.87256300449371337891 -1.60653758049011230469 1.47860467433929443359 -1.12864685058593750000 2.05109858512878417969
-0.37312474846839899234 -0.23099298775196069888 1.66125404834747314453 0.55214285850524902344 0.51430284976959228516 1.47806835174560569079 1.11508905887603759766 1.21272742748260498047 -0.37651994824409479312 1.23513162136077880859 0.86048001050949096680
0.19209983944892880525 0.37846782803535461426 1.31173014640808105469 1.52183675765991210938 -1.38761425018310569079 1.14661169052124023438 1.40074872970581032483 1.55098068714141845703 0.43336138129234308414 0.95692437887191761359 1.25244200229644775391
-0.73794186115264892578 -1.73753559589386008533 1.58322834968566894531 -0.61475455760955810547 0.57801055908203125000 -0.71628302335739135742 -1.44583380222320556641 -0.93420493602752685547 1.48353004455566406250 -0.66064417362213134766 -0.56605613231658935547
0.57581233978271484375 0.34735643863677978516 1.31862795352935791016 -0.94439083337783802374 1.40579330921173095703 1.15588271617889404297 -0.27896425127983087711 1.62205350399017311780 1.44273531436920166016 0.26545926928520202637 0.79539108276367187500
0.38527515530586242676 1.53871190547943115234 -0.58473199605941772461 1.44087195396423339844 -0.50018388032913208008 0.21979510784149169922 0.39435073733329767398 0.61815249919891357422 -0.87475478649139404297 -0.06220527738332740086 1.57906734943389892578
-0.76556938886642456055 0.29634484648704528809 -1.65982925891876220703 0.41177546977996820621 -1.25093674659729003906 1.29744434356689430921 -1.09056782722473144531 -1.01761746406555175781 1.43915104866027832031 1.63951969146728515625 -0.00699602905660859972
0.25141334533691400699 -1.49305689334869384766 0.73697119951248168945 0.56995934247970581055 0.04180904850363729996 -1.24714565277099609375 -0.90650838613510120734 0.94401538372039794922 -1.05303084850311279297 1.36782622337341308594 -0.72368264198303222656
-0.32655277848243707828 0.21415407955646509341 -0.38010245561599731445 -1.50542485713958740234 -0.28655174374580377750 1.04723954200744628906 -0.69496738910675048828 1.27722072601318359375 1.55038166046142578125 0.54132014513015747070 -0.93637448549270640985
-0.81641560792922973633 -1.01056337356567382812 0.01038061641156669962 0.62986576557159423828 0.88123083114624023438 -1.69815564155578591077 1.22408258914947509766 -0.72271239757537841797 0.10229127109050749345 -1.12518477439880371094 -0.58572173118591308594
1.40920865535736083984 1.18409740924835205078 -0.55672723054885864258 1.62355494499206542969 -1.03274893760681152344 0.17141178250312799625 0.55566811561584472656 -0.94584971666336059570 0.48099339008331298828 0.84383350610733032227 0.79582345485687255859
1.26373803615570090564 -0.22993423044681549072 -1.29328405857086181641 0.01929630152881139926 -0.80601918697357177734 -0.71123725175857543945 0.81343591213226318359 0.50740534067153930664 0.99765437841415405273 -0.60850858688354492188 0.72404885292053222656
0.25454732775688171387 -0.40307477116584777832 1.22248876094818115234 -1.06693339347839355469 -0.47740593552589410953 -0.50385075807571411133 1.69602763652801513672 0.23924648761749259251 1.32276844978332519531 -1.40205240249633789062 -0.27127692103385919742
0.17523582279682159424 -0.63307219743728637695 0.39179012179374689273 0.22969421744346618652 1.34299981594085693359 -1.43463814258575439453 -1.69692087173461914062 -0.40788391232490539551 -1.57899546623229980469 0.21853223443031311035 0.46877822279930109195
1.38750314712524391858 0.03217512369155880320 0.49575832486152648926 0.72627663612365722656 0.77141553163528442383 0.65003925561904907227 0.24727077782154080476 -0.98700398206710815430 -0.50880050659179687500 -1.25369417667388916016 1.37108111381530761719
-0.67770552635192871094 -0.52193397283554077148 -1.13229954242706298828 -0.19693146646022791080 1.16233360767364501953 0.01164719928055999928 0.06208077073097219983 -1.65618491172790527344 -0.48207330703735351562 -1.69458806514739990234 0.14162059128284448795
0.39460673928260797672 -0.39287450909614557437 0.11543195694684979524 1.05027425289154030530 -0.49847435951232910156 0.88485819101333618164 0.25157418847084039859 1.57011055946350097656 0.01555013004690400033 -0.98878657817840576172 0.24257226288318631258
-1.06883287429809570312 1.06466639041900634766 0.49868747591972351074 -1.42548835277557350842 -1.28242278099060058594 -0.06156222894787780064 1.02695894241333007812 0.18647469580173489656 -0.84602636098861694336 -0.36087405681610107422 -1.52017545700073242188
-1.32646584510803222656 -0.56316399574279785156 0.56873172521591186523 1.16449928283691406250 1.29214835166931152344 -1.37995219230651855469 0.68171846866607666016 -1.09869360923767089844 -0.46230646967887878418 0.16318097710609430484 -0.05383403226733200070
-1.04747545719146728516 -0.25641065835952758789 1.30257201194763183594 1.28625166416168190686 -1.24853515625000000000 -0.66735345125198364258 1.56392943859100341797 -0.16229197382926940918 0.26666617393493652344 -0.80357426404953002930 0.08909565210342400288
-0.93814837932586681024 1.62093114852905273438 0.04956647381186479739 -0.67466819286346435547 1.08152461051940917969 0.36467647552490228824 -0.98594564199447642938 -0.02753171883523460040 1.24743235111236550061 1.57731485366821289062 -0.10302507877349849352
1.46168875694274902344 -1.53293538093566894531 0.47555926442146301270 1.08327543735504150391 -1.25443708896636962891 1.07020449638366699219 0.56430411338806152344 -0.30966305732727050781 -1.53457307815551757812 -0.28249678015708917789 -0.78491371870040893555
-0.72947651147842407227 -1.15456485748291015625 -0.73568117618560791016 0.44759505987167358398 0.85757517814636230469 0.86420381069183349609 0.46311506628990167789 -0.91167747974395763055 0.55481052398681640625 -0.39254072308540338687 -0.50385981798171997070
-0.48660624027252197266 0.19647322595119470767 0.27062001824378967285 -0.50672608613967895508 0.24581038951873779297 0.56216031312942504883 1.04161608219146728516 0.37363603711128229312 -1.00602245330810569079 0.92231196165084838867 -0.50222766399383544922
-0.68352347612380981445 -1.10369384288787841797 0.03780629485845560245 1.27609217166900634766 0.81003320217132568359 -0.78610360622406005859 -0.45523205399513239078 -0.15048259496688839998 1.06393885612487792969 1.57755184173583984375 -0.34533515572547912598
1.41386294364929199219 0.38131734728813171387 -1.06245458126068115234 0.47967678308486938477 0.86948460340499877930 -0.27318367362022399902 -0.10122607648372650146 1.44740378856658935547 -1.61097419261932350842 -1.39765834808349609375 1.84442675113678000720
0.07643959671258919453 -0.28813600540161127261 -0.36853739619255060367 0.58993393182754516602 -0.32572451233863830566 1.64644396305084250720 -1.05217492580413818359 -1.16963994503021240234 0.35605961084365839175 1.32271194458007790296 0.04079949855804439890
-0.26854738593101501465 1.27001070976257324219 -1.38345265388488769531 -0.86169737577438354492 0.62378209829330444336 0.68843972682952880859 -0.28093764185905450992 -0.56560677289962768555 -1.55311048030853271484 -1.71245265007019042969 0.83394259214401245117
1.28476035594940207751 -1.59808564186096191406 -0.93658590316772460938 -1.11445343494415283203 0.41093027591705322266 -0.07214549928903579712 0.58323508501052856445 -0.77724188566207885742 0.86402010917663574219 0.94976460933685302734 -1.01967620849609375000
0.46379438042640680484 0.00738668674603099994 -1.36116492748260498047 -1.24272549152374289783 -1.65436553955078125000 0.01405862066894759954 1.45450854301452636719 -0.84435880184173583984 1.20984089374542236328 1.46984934806823730469 -0.13622470200061789769
-1.13721668720245361328 -0.60694807767868041992 -0.14121352136135101318 0.56499123573303222656 -0.44475248456001281738 -0.20982697606086730957 -0.26448369026184082031 -1.45401966571807861328 1.50071501731872558594 -0.47631239891052240543 -0.68750041723251342773
-0.49856296181678771973 0.35618653893470758609 -0.62424933910369873047 1.47466504573822021484 -0.03444127738475789846 1.29345095157623291016 -0.73397457599639892578 -0.08733859658241270585 -0.91863125562667835577 0.86945831775665283203 1.07566392421722389905
0.45929771661758417300 0.84178984165191650391 0.91964048147201538086 -1.67424464225769042969 0.23229004442691800203 -0.69984531402587890625 -0.14477504789829251375 1.21101725101470969470 0.60634100437164306641 -1.35082054138183593750 -0.16423833370208740234
0.64392453432083129883 1.19047760963439941406 -1.71887075901031494141 0.26403129100799560547 0.73613840341567993164 -0.06421387195587149876 -0.78710436820983886719 -1.74481785297393798828 -1.23636639118194580078 -0.71407234668731689453 1.90287160873413085938
-1.53189074993133544922 1.57817971706390380859 1.34395694732666015625 0.87423121929168701172 0.93860679864883422852 0.25281894207000732422 0.02196167036890980112 1.19206714630126953125 -1.10127615928649902344 1.40500366687774658203 0.16679547727107998933
0.29505497217178339175 1.29738390445709250720 0.55546838045120239258 0.32616922259330749512 -0.88297247886657714844 0.42720353603363031558 -1.60743284225463889392 -1.01467239856719970703 1.03320837020874023438 0.04653324559330940247 0.57156234979629516602
1.61188507080078125000 0.32702523469924921207 -1.43770384788513183594 0.48283365368843078613 1.63040554523468017578 0.08810554444789879536 -0.30806308984756469727 0.04859101027250289917 0.19677443802356719971 -0.36689722537994379215 1.81815254688262917249
-1.20955693721771240234 -0.76142543554306030273 -0.23833632469177240543 -1.62527704238891601562 -0.29271444678306579590 0.61837238073348999023 -0.61544388532638549805 0.71800106763839721680 -0.22824850678443908691 1.63573467731475830078 -2.22385954856872558594
-1.39790260791778564453 -0.84793955087661743164 -0.14107777178287500552 -0.66261970996856689453 -0.67707562446594238281 0.32379528880119318179 0.37255862355232238770 -0.73821067810058593750 0.16748385131359100342 -1.07844781875610351562 -1.64139389991760231702
1.00847935676574707031 1.67063570022583007812 -1.53350174427032470703 1.06443011760711669922 -0.87939083576202392578 1.16679024696350097656 1.16651368141174316406 1.42584776878356911389 1.45368289947509765625 1.51431858539581298828 0.81530946493148803711
-0.59097176790237426758 1.68193185329437255859 1.38703525066375710217 0.57562243938446044922 1.58679044246673583984 -1.28368127346038818359 0.05411178618669509888 0.86631560325622558594 1.47530806064605712891 0.98168748617172241211 1.64202511310577392578
1.12103343009948730469 -1.48353528976440429688 1.33125865459442138672 0.61840397119522094727 -1.31078195571899391858 1.29177844524383544922 -1.48987805843353271484 -0.76951503753662109375 -0.38426476716995239258 -0.43813645839691162109 -0.49767294526100158691
0.89885520935058593750 0.75372159481048583984 0.17303279042243949193 -1.05479621887207031250 -0.80071961879730224609 0.66843479871749877930 -1.20222544670104980469 -0.77570152282714843750 0.76719844341278076172 -0.86800682544708251953 0.08021347969770430131
-1.60674929618835449219 1.29285562038421630859 -1.37409448623657248767 0.44113528728485107422 1.24225521087646484375 -1.39655828475952170642 -0.60715734958648681641 0.42724990844726562500 -1.57819223403930664062 -0.21313868463039389867 0.03067740239202969982
-1.35245585441589355469 -0.64846849441528320312 -1.16415131092071510999 -1.71138024330139160156 -0.51410633325576782227 -0.41050359606742858887 -1.51797854900360107422 0.55882006883621215820 0.16372309625148770418 0.18512155115604400635 -1.89923799037933327405
-0.60281336307525634766 -1.55814695358276367188 -0.42528060078620910645 -0.91682201623916637079 0.33500975370407098941 1.39515244960784912109 -1.40134191513061523438 -0.18233196437358850650 0.20374050736427298802 -0.51401978731155395508 -1.83537447452545210425
-0.53370749950408935547 -1.71165394783020019531 -1.68644249439239501953 1.18200206756591796875 0.90814000368118275031 -1.43628907203674316406 -0.65294671058654785156 -0.81086367368698120117 -1.28071296215057350842 -1.44885051250457763672 0.23410835862159729004
-0.20661170780658719148 0.63522785902023315430 1.50307714939117431641 -0.40641224384307861328 1.28786158561706542969 0.19221009314060211182 1.69943964481353759766 1.01574754714965820312 -1.33452367782592751233 -0.05794680118560790322 1.38818860054016113281
-0.18368007242679590396 0.22490496933460230045 -0.41493132710456848145 0.80909639596939086914 0.65187287330627441406 -0.54666095972061157227 -1.19466710090637207031 1.39065027236938476562 -1.73664367198944091797 1.15166735649108886719 0.76682370901107788086
0.12634119391441339664 -1.36776506900787353516 0.87010717391967773438 0.88484752178192138672 0.84074318408966064453 0.07541317492723459415 -0.42176067829132080078 -0.87870460748672485352 0.06481620669364919485 -1.63103961944580078125 -0.04218050837516779811
0.11315468698739999942 -0.10382253676652899999 -1.61457169055938720703 -1.46232008934020996094 -0.75540500879287719727 1.19841706752777099609 1.17949080467224121094 -0.96996641159057617188 -0.13715465366840359773 1.42422175407409690173 -0.07847703248262399844
1.69730639457702636719 1.22015786170959472656 -0.15998218953609461002 -0.71958851814270019531 1.65844964981079101562 -1.03082716464996337891 -0.41918510198593139648 0.73459929227828979492 1.09022569656372070312 1.01906824111938476562 -0.32179072499275207520
-0.99485361576080322266 -1.34511780738830566406 -1.06458783149719238281 -1.37383806705474831311 -0.30051741003990167789 1.02279412746429443359 1.55901908874511718750 0.14988416433334350586 -1.25186324119567871094 1.37614262104034423828 -1.68487226963043190686
-1.12988841533660888672 -0.57507264614105224609 0.23007117211818689517 -0.10326732695102690263 1.08672463893890380859 1.22540295124053955078 0.94355356693267822266 -0.53181225061416625977 0.85058647394180297852 -1.40005171298980712891 -0.73128414154052734375
-0.45724648237228388004 -1.03475618362426757812 -1.39976429939270019531 -0.93143707513809204102 -0.44505086541175842285 0.97163635492324840204 1.18000936508178710938 -1.06433105468750000000 -0.54440909624099731445 0.59359848499298095703 -1.27635908126831032483
-0.11360798776149749756 0.04179356247186660073 0.28547352552413940430 1.12546706199645996094 1.36351168155670166016 -0.30923500657081598453 -0.68794941902160644531 0.17664854228496548738 1.48570835590362571033 -0.48315107822418207340 0.93722444772720336914
0.19745245575904840640 -0.08508571982383719701 1.33449661731719970703 -0.49179580807685852051 -0.23251788318157190494 1.23864495754241943359 0.92745471000671397821 -1.42876768112182617188 0.96779614686965942383 1.54080104827880859375 0.39913728833198547363
-0.23830035328865051270 0.01616199314594260125 -1.55160319805145263672 1.06938827037811279297 -0.82709509134292602539 -1.31573772430419921875 0.96486943960189819336 -0.58603298664093017578 1.54881715774536110608 1.07759845256805419922 0.48278173804283142090
-1.20425367355346679688 1.36724174022674560547 -1.29172110557556152344 -1.11676168441772460938 -1.73385226726531982422 -0.05164431780576699688 1.02403628826141357422 0.59394270181655883789 0.03268691152334209787 -0.73791754245758056641 -0.92949855327606201172
-0.00192312139552080000 1.55665981769561767578 1.24375295639038085938 -1.54165983200073242188 0.30587580800056457520 -1.19980418682098410876 -1.02574682235717751233 -0.66231495141983032227 -1.33358979225158691406 -0.08000652492046350650 0.44386956095695490054
-0.20743061602115631104 0.68914312124252319336 0.17933857440948480777 0.56659722328186035156 -1.12083375453948952405 1.57244765758514404297 1.02971565723419189453 1.16876935958862304688 -0.68326050043106079102 -0.64165055751800537109 0.19230753183364859837
1.38565695285797119141 -0.77151727676391601562 -0.67377507686614990234 1.00017154216766357422 -1.71831810474395751953 -1.23366725444793701172 -0.76260358095169067383 -1.30960571765899658203 -0.62457495927810668945 0.37977057695388788394 0.19017365574836730957
-0.40719315409660339355 1.46913790702819824219 1.24667167663574218750 1.13811373710632324219 0.47852537035942077637 -1.66923844814300537109 -1.30556774139404296875 0.92254894971847523077 -1.17981469631195090564 0.19426974654197690096 2.05544734001159667969
1.54741835594177246094 -1.46360146999359130859 1.41213154792785644531 0.38973787426948547363 -0.74365538358688354492 -1.13366568088531494141 0.65433484315872192383 -0.07546408474445340242 -0.98761552572250355109 -1.69669318199157714844 -0.51823127269744873047
0.92749619483947765008 0.59437298774719238281 -1.59434890747070312500 -0.18786278367042538728 -1.18357515335083007812 -1.18452227115631103516 -0.42162349820137018375 1.49537622928619384766 -0.88501584529876708984 0.70483314990997314453 1.38271987438201904297
1.35777986049652099609 -0.25940561294555658511 1.68295347690582275391 -0.92473733425140380859 -1.23625135421752929688 -0.33082082867622369937 0.18914254009723660555 1.30887365341186523438 1.70011305809020996094 -0.92991232872009277344 0.32612934708595270328
0.82543760538101196289 0.92929881811141956671 -0.31231173872947687320 -1.21829485893249511719 -0.25919958949089050293 0.36080515384674072266 0.39857849478721618652 0.70816773176193237305 0.92819148302078235968 -0.27035677433013910465 -0.11512085795402519917
-0.79394870996475219727 -1.43522763252258300781 -1.49269521236419677734 -1.22212672233581542969 -0.76588386297225952148 0.47015798091888427734 0.33161735534667968750 1.40756261348724365234 1.12429833412170410156 1.24815869331359863281 -1.43569195270538330078
0.93412607908248901367 -1.73617911338806152344 -0.08435494452714920044 -0.15935781598091119937 0.93091189861297596320 -1.11547815799713112561 1.21534609794616699219 -1.35566914081573486328 0.12061768025159830264 0.85624533891677856445 -1.21318912506103515625
0.62821596860885620117 0.91315090656280517578 0.62413030862808227539 -0.44282975792884821109 0.78718572854995727539 0.13782981038093561343 0.94728153944015502930 0.87150198221206665039 -0.64119672775268554688 -0.19043256342411041260 0.81077677011489868164
-0.37408667802810668945 1.68098688125610351562 -1.33553194999694824219 -0.38343009352684020996 -1.52071034908294677734 -0.65298950672149658203 0.01227421406656500034 0.50383853912353515625 1.38891744613647460938 0.66521674394607543945 0.64120721817016601562
-1.39830327033996582031 1.31185305118560791016 0.82650965452194213867 1.04544472694396950452 -1.27514374256134033203 0.16820372641086570042 0.03526033088564869966 1.63831043243408203125 0.84270828962326049805 -1.55564093589782714844 -0.54208248853683471680
-1.05106544494628906250 1.57667100429534912109 1.31730294227600097656 -0.13981187343597409334 -0.60228353738784790039 -1.41414403915405273438 -0.52089607715606689453 1.29605424404144287109 1.38214421272277832031 -0.33165147900581359863 0.51814168691635131836
-1.54135394096374511719 0.80414235591888427734 0.59458476305007934570 1.11793923377990722656 0.55359810590744018555 -1.73519730567932128906 -1.15674114227294921875 -1.59603285789489768298 -1.41630685329437255859 -1.59234237670898437500 0.21619552373886100072
0.29303309321403497867 -1.31190598011016845703 1.23342978954315207751 -1.68618154525756835938 -0.73546147346496582031 1.37189567089080810547 -0.49316713213920587711 -1.68764543533325195312 1.26090025901794433594 1.42124378681182861328 -1.72594082355499289783
0.68448740243911743164 -0.28863161802291870117 1.30693483352661110608 -0.83033043146133422852 0.93126016855239879266 0.32482481002807611636 -0.56035238504409790039 -1.13209187984466552734 -0.85237795114517211914 -1.25280451774597167969 0.43586888909339899234
1.15563833713531494141 -0.79897862672805786133 0.07802045345306389545 0.03541317954659459893 0.26863914728164667300 0.98380362987518321649 1.38049936294555664062 1.02201044559478759766 -0.97729885578155517578 0.97516679763793956415 -0.26640027761459350586
0.67265546321868896484 1.58414256572723410876 -0.15829944610595700349 -1.62962079048156738281 0.82559895515441894531 -1.67543733119964599609 1.22695982456207275391 -1.36754512786865234375 -0.05899027362465850133 -0.20207537710666650943 -0.39867195487022399902
-0.13380755484104150943 0.06623093038797370213 1.56889998912811279297 -0.04376540333032599706 -0.73225009441375732422 0.81425058841705322266 -1.08602023124694824219 0.51718783378601074219 0.82240694761276245117 0.70410215854644775391 0.52444702386856079102
0.43216156959533691406 0.02208743430674069835 0.45466080307960510254 0.86456900835037231445 1.56218123435974121094 0.13082313537597650699 -1.45221734046936035156 -0.46123489737510681152 0.85601055622100830078 -0.58555275201797485352 1.14621782302856445312
-0.36563599109649658203 1.23921501636505126953 0.70052111148834228516 0.22568385303020468968 -1.59142863750457763672 1.65773642063140869141 -0.68212628364562988281 -1.30967998504638671875 -0.34342649579048151187 1.54459321498870849609 0.28523373603820800781
0.22938594222068781070 -1.06606388092041015625 -0.71051460504531860352 -0.14486449956893920898 -0.36447525024414062500 0.37058016657829279117 1.50421154499053955078 -1.41071760654449462891 -0.31695261597633361816 -0.77479922771453857422 -1.18842256069183349609
-0.55864709615707397461 -0.73084509372711181641 0.47314265370368957520 0.98551583290100097656 1.22756314277648925781 1.54217875003814697266 -0.83115649223327636719 -1.19568908214569091797 -0.55378872156143188477 -0.60799545049667358398 0.34864979982376098633
-1.31109869480133056641 -0.95494759082794200555 -0.94470417499542236328 -0.19126199185848230533 1.53017044067382790296 1.08397269248962402344 -0.38225147128105158023 0.47844842076301569156 -0.29934847354888910465 1.60134518146514892578 -0.42161574959754938297
1.49810421466827392578 -0.80354899168014526367 1.59630095958709716797 0.79967713356018066406 1.38120102882385231702 1.11616504192352294922 1.39798963069915749280 -1.41161155700683593750 0.56423568725585937500 -1.64815258979797363281 1.73654139041900634766
-0.79597556591033935547 0.02745041437447070035 -0.29687431454658508301 -0.14651830494403839111 1.16981458663940429688 -0.40758979320526117496 -1.30765032768249511719 -1.08058464527130126953 0.88666063547134399414 -0.95776212215423583984 -0.39532238245010370425
-0.11681248992681500520 0.51210623979568481445 -1.06290555000305175781 0.24848258495330810547 -0.60749906301498413086 -0.97803497314453125000 1.73771393299102783203 1.32550692558288552014 -0.16021515429019919652 -0.83225852251052856445 0.62184923887252807617
0.49917629361152648926 0.78300273418426513672 -0.04278088733553880169 -1.74021255970001220703 -1.19043648242950439453 -1.15716457366943359375 -0.54062634706497192383 -0.80850028991699218750 -0.67195588350296020508 0.26646411418914789371 -0.70614504814147949219
0.85639923810958862305 -1.19665336608886718750 -0.00297633372247209978 -1.54236829280853271484 0.85469806194305419922 -0.62502551078796386719 -0.41980388760566711426 1.04122817516326904297 -1.38473916053771950452 0.63042414188385009766 -1.31338071823120117188
1.31424367427825927734 -0.07394351065158839831 0.17750328779220581055 0.68229514360427856445 0.25667279958724970035 -0.67666512727737426758 -1.67598462104797363281 0.58441197872161865234 1.03557026386261008533 1.50210535526275634766 0.69519054889678955078
0.17810404300689688939 0.27392718195915222168 0.24988406896591180972 0.76622021198272705078 -1.01055812835693359375 -1.60661554336547829358 -0.05359110608696929928 1.52844071388244628906 1.29943251609802246094 -1.35301864147186279297 0.80055379867553710938
0.48269566893577570132 0.39271637797355651855 -0.09570229798555369982 -1.66751885414123535156 -1.64424765110015869141 1.33066976070404030530 -1.19961977005004882812 -0.76321429014205932617 1.27447545528411887439 1.02671575546264648438 -0.61027300357818603516
-0.29615101218223571777 1.51934862136840820312 0.52142375707626342773 1.12473785877227783203 -1.29937505722045898438 1.17287385463714599609 0.59354948997497558594 0.76004981994628906250 -0.54229122400283813477 0.21011190116405478734 1.00254333019256591797
0.54911553859710693359 -0.15673376619815820865 -0.50558787584304809570 -0.86633145809173583984 -1.04854476451873779297 1.15905845165252685547 0.62956529855728149414 -0.30350846052169799805 -0.53673028945922851562 -1.12334084510803222656 -0.57076054811477661133
-1.52379763126373291016 0.64609003067016601562 0.49860247969627380371 -1.73683047294616699219 -1.62554049491882324219 -0.17864054441452020816 1.73908329010009765625 -0.38540476560592651367 -0.95121872425079356805 -1.48284447193145751953 -2.27394700050354003906
-0.29523855447769159488 0.89571863412857055664 -1.49604821205139160156 0.80630201101303100586 1.12691342830657958984 -1.39032530784606911389 -0.10848414152860640092 -0.49390572309494018555 -0.57302886247634887695 -1.41633164882659912109 2.12579059600830078125
1.10234355926513671875 -1.10950994491577170642 -0.22600163519382471256 0.69642233848571777344 1.45377206802368164062 -0.24737477302551269531 -1.59718465805053710938 -0.11188656091690059313 -0.57054376602172851562 -1.09872233867645263672 0.21636947989463800601
-1.74841594696044921875 -0.08778770267963409424 -1.03700959682464599609 0.05362680181860920298 0.78363883495330810547 1.10833215713500976562 -0.69853955507278442383 -0.13857509195804590396 -1.59468090534210205078 -1.57528614997863769531 -1.30005717277526855469
0.06432834267616270585 1.16762661933898925781 0.08273050934076299490 0.90299856662750244141 -0.93573439121246337891 -0.18534870445728299226 -0.83787155151367187500 -1.59331870079040527344 -1.70272457599639892578 -1.37166261672973632812 0.59925097227096557617
-1.12935197353363037109 1.80801630020141601562 -0.00709617789834729971 -0.45346567034721368961 -0.80271327495574951172 0.07912391424179070210 0.95850795507431041376 0.77797526121139526367 -0.44893935322761530093 0.78317469358444213867 -0.63631898164749145508
1.60970342159271240234 1.41924357414245605469 -1.25116825103759765625 -0.09718792885541910342 -1.12395381927490234375 -1.13153624534606911389 -1.00980150699615478516 0.63862264156341552734 0.56211912631988525391 -0.82161581516265869141 -0.54101109504699707031
1.50414991378784179688 -0.02141078934073439854 0.72878450155258178711 1.22340810298919677734 0.71463209390640258789 0.26968014240264892578 1.59566307067871093750 1.47754967212677001953 1.69186186790466308594 -0.09262025356292720446 1.92097139358520507812
1.20396363735198952405 0.78475594520568847656 1.40755903720855712891 1.55206680297851562500 -1.71326124668121337891 -0.56852483749389648438 -0.87976819276809692383 0.51047515869140625000 -1.30671525001525878906 -0.89119017124176025391 1.64255297183990478516
-0.72333467006683349609 -0.84999620914459228516 0.22615568339824670963 -0.20736783742904660310 1.37600791454315207751 0.31279990077018737793 0.23829695582389828767 -0.75216442346572875977 -1.46069288253784179688 -0.92772436141967762335 -0.57939296960830688477
-0.37201273441314697266 1.04457342624664306641 -1.58314836025238037109 0.15683062374591819066 -0.98360764980316162109 0.51986747980117797852 -1.61778128147125244141 1.55756044387817382812 1.38246834278106689453 -1.23363745212554909436 0.98991233110427856445
-0.08330091834068290013 -1.35148453712463378906 1.66825377941131591797 -1.63538300991058349609 -1.57669353485107421875 -0.21078966557979580965 1.19864284992218017578 1.16896402835845969470 -0.92783778905868519171 -1.11699175834655761719 -1.58844959735870361328
0.19069886207580560855 1.62441861629486083984 -1.67617201805114768298 -1.18814098834991455078 0.42558342218399047852 -1.23440682888031005859 1.52459132671356201172 0.03454369306564329667 -1.05328488349914550781 -0.17626440525054928865 0.37647032737731928043
-1.30607044696807861328 0.71822977066040039062 -0.32476142048835748843 -1.48401033878326416016 -1.50315904617309570312 -0.39993354678153991699 -0.66035556793212890625 1.63875269889831542969 -0.14242030680179590396 -1.60965526103973410876 -2.57510638236999511719
-1.17574727535247802734 -1.54308545589447021484 -0.13225415349006650056 0.32067382335662841797 0.13369855284690851382 1.07592535018920898438 -0.79410099983215332031 0.62254720926284790039 0.61579024791717529297 -0.48938494920730590820 -1.03149235248565673828
1.10596120357513449939 1.33213424682617209704 -0.21494956314563751221 -0.37429779767990112305 -0.38851609826087951660 -1.05013775825500488281 1.40469563007354736328 -0.32045701146125787906 1.37811422348022460938 -1.67694056034088112561 -0.26164916157722467593
0.53710049390792846680 1.76814424991607688220 0.89132785797119140625 -0.00609592767432329957 0.87181323766708374023 -0.03537614643573760292 1.38511288166046142578 -1.73959362506866455078 -1.40852785110473632812 -1.20626866817474365234 0.77391332387924194336
1.56932222843170166016 -0.56964325904846191406 1.40347540378570556641 0.14779855310916900635 0.26005378365516662598 1.11805057525634765625 1.69132983684539794922 0.51716512441635131836 1.66462314128875710217 -1.10615170001983642578 1.11589336395263671875
0.19611412286758420076 0.41939854621887201480 0.65617156028747558594 -1.77042627334594726562 0.23082804679870599918 -0.63889789581298828125 0.07779910415410989932 0.24731165170669550113 0.13581745326519009676 1.43832182884216308594 -0.35188287496566772461
1.29862654209136962891 -1.39864099025726318359 -1.58695757389068603516 0.19621902704238888826 -1.39772260189056396484 -0.19104222953319549561 1.12799465656280517578 0.67245995998382568359 0.92515611648559559210 -1.09426808357238769531 -0.37082695960998529605
-0.65228408575057983398 1.45241439342498779297 0.38615548610687250308 0.53737193346023559570 1.56639516353607177734 0.68016678094863891602 -0.67355030775070190430 -0.33533698320388788394 0.75881487131118774414 1.08179557323455810547 0.86221462488174438477
0.29203188419342041016 -0.27599835395812988281 -0.19111646711826318912 -0.84791362285614013672 -0.75040876865386962891 -1.25366485118865966797 -1.28937065601348876953 0.28749284148216247559 1.31346106529235839844 0.36122289299964899234 -0.82851487398147583008
-1.18711292743682861328 -1.39751899242401123047 1.29422235488891601562 -1.37006235122680664062 1.58360469341278076172 0.32450890541076660156 -0.95109325647354114874 0.72727608680725097656 0.30673226714134210757 -0.76656836271286010742 -1.37869954109191894531
0.52697044610977172852 1.51201534271240234375 1.66780436038970969470 0.08538237959146499634 -1.58176195621490478516 -0.91680949926376342773 -1.28401494026184082031 1.62646698951721191406 -0.46433916687965387515 1.49934005737304687500 1.01672279834747314453
1.57962453365325927734 1.01157164573669433594 0.88425284624099731445 -1.14306557178497314453 0.28181818127632141113 1.49027752876281738281 0.15462495386600488834 -1.59058523178100608142 -0.20895716547966000642 -1.10105633735656738281 -0.42468810081481928043
-0.55833500623703002930 1.07488489151000976562 0.96818655729293823242 -1.61450481414794921875 -0.39767980575561517886 -1.38754963874816894531 -0.74246048927307128906 1.14887964725494384766 0.34264692664146417789 1.01914465427398681641 -0.47030138969421381168
-0.88160973787307739258 -0.52163410186767578125 1.38041162490844726562 0.26813757419586181641 -0.12928710877895349673 1.20381414890289306641 1.24227035045623779297 -1.16234111785888671875 -0.35661602020263671875 0.57741451263427734375 -0.09489750117063519563
1.58988845348358154297 -0.97594100236892700195 0.60482192039489746094 -0.51467847824096679688 1.02953124046325683594 -1.22159254550933837891 1.30292427539825439453 0.75284022092819213867 1.25501084327697753906 -1.57628321647644042969 0.16047495603561401367
-1.18053841590881369861 0.82522052526473999023 -0.98897522687911998407 0.32966464757919311523 -0.99298870563507080078 -0.98237770795822143555 -0.45480453968048090152 -1.03472352027893088611 1.11526834964752197266 1.03239405155181884766 -0.49363300204277038574
1.28564453125000000000 0.85996091365814208984 -0.37963175773620599918 -0.09435168653726569432 -1.23289406299591064453 -0.88147169351577758789 1.22879421710968017578 -0.18687021732330319490 -0.16904124617576599121 0.51337790489196777344 0.07046739012002939395
-0.73424738645553588867 -0.70724338293075561523 -1.09568107128143310547 1.62195074558258056641 0.57324779033660888672 -0.36753234267234802246 0.88493371009826660156 1.12416684627532958984 -0.07269343733787529682 -0.21382774412631980199 0.55052268505096435547
-0.95176321268081676141 0.35779252648353571109 0.01393456943333139936 -1.62084615230560302734 1.05454468727111816406 -0.47553864121437072754 1.23396205902099609375 0.16048948466777798738 -1.60111832618713378906 0.16124491393566128816 -1.16994667053222656250
-1.26212751865386962891 0.32399225234985351562 0.49949276447296142578 -0.64208477735519409180 -0.16313518583774561099 1.31551325321197509766 -1.71545934677124023438 -0.69755405187606811523 1.37726116180419921875 -1.40397310256958007812 -1.28468430042266845703
1.53639125823974609375 -0.47882327437400817871 -1.23483979701995849609 -0.23516224324703211002 0.35409834980964660645 0.22854645550250998753 -0.09695742279291150179 1.42979228496551513672 -0.77141433954238891602 0.64789611101150512695 0.83953964710235595703
-0.35136911273002618961 -1.75007295608520507812 1.54255032539367675781 0.11020109802484509554 -0.93915295600891124383 0.01342095900326959954 -1.70932805538177490234 -0.12271513044834130024 -1.18217980861663818359 1.29683995246887207031 -0.66486716270446777344
-0.37701842188835138492 -1.26100397109985351562 0.49789616465568542480 -0.95105540752410877570 -1.59321796894073486328 -1.51315534114837646484 -1.34614229202270507812 0.75930637121200561523 -1.73217689990997314453 -0.97982603311538696289 -2.08945941925048828125
0.10535886138677590107 -1.42349410057067871094 0.42631468176841730289 1.32181894779205322266 0.93617928028106678351 -0.27191841602325439453 -1.49542438983917236328 1.07921314239501953125 0.43751105666160577945 0.36204719543457031250 0.39047613739967340640
-0.10412620007991789384 -1.34421694278717041016 -0.32369762659072870425 -1.66828107833862304688 1.47382152080535888672 0.97517699003219604492 -1.52475428581237792969 0.51155829429626464844 -1.69345903396606445312 -1.10044455528259277344 -1.88006055355071999280
-0.32424446940422058105 -0.85065197944641113281 -0.92229431867599476202 -0.18101547658443450928 1.21209645271301269531 -0.85954654216766357422 -0.04931070283055299930 -0.20026850700378409642 -1.57330298423767089844 -1.27196288108825683594 -0.14395865797996520996
1.51844644546508789062 -0.20715828239917749576 1.03642845153808593750 -0.22289553284645080566 -1.12934398651123046875 1.57647883892059326172 -1.70905435085296630859 0.97061681747436523438 -0.84491574764251708984 1.22462511062622070312 0.48704406619071960449
1.51726770401000976562 0.37527668476104730777 -1.23331761360168457031 -0.27493909001350397281 -0.21130770444869989566 -1.04103100299835205078 -0.94140815734863281250 1.39716935157775878906 -0.08890643715858459473 -1.33027172088623046875 0.77949297428131103516
0.21551629900932309236 0.11399538069963449649 1.48895084857940673828 -1.62680280208587646484 0.60712957382202148438 -1.75002121925354003906 0.42116725444793701172 -1.69400060176849365234 0.49417448043823242188 -0.91537302732467640265 0.13054890930652610082
-1.10673570632934570312 -1.29318881034851074219 -1.04174137115478515625 0.56976217031478881836 -1.02435326576232910156 1.56863641738891601562 0.98349010944366455078 0.86885738372802734375 1.19444096088409423828 -0.79717642068862915039 -0.82793146371841430664
0.81529498100280761719 -1.50846791267395019531 1.31292414665222167969 1.51415884494781494141 0.21741536259651181306 1.39865243434906005859 -0.45758885145187377930 0.66970568895339965820 -1.24352955818176269531 1.00607085227966308594 0.98606449365615844727
0.76652967929840087891 0.04536645486950870165 0.73096996545791625977 -0.45562583208084100894 0.18945969641208648682 0.32595661282539367676 -1.70733237266540527344 0.66236901283264160156 0.69041913747787475586 0.67238026857376098633 0.68252766132354736328
0.06666649132966989688 -1.55927157402038552014 1.11472213268280029297 -0.50508850812911987305 -0.05394757539033889771 1.57970976829528808594 1.41118717193603515625 -0.25343438982963562012 0.10207322984933850374 1.51199173927307128906 -1.09410429000854492188
1.29855215549468994141 0.13617868721485129613 -0.74321997165679931641 1.60259330272674560547 0.01487477589398620084 0.36672022938728332520 1.00077044963836669922 -1.15313184261322021484 -0.27053269743919372559 1.10761070251464843750 1.74342346191406250000
-0.00108515610918400005 -1.10976171493530273438 0.93244934082031238898 1.25279474258422829358 0.86936044692993164062 1.53801512718200683594 -1.38924646377563476562 -1.32427024841308593750 0.16530531644821158666 -1.21610796451568603516 0.33877235651016229800
-0.45916774868965148926 1.29374468326568603516 -0.05699699372053140117 0.09924970567226409912 0.22731511294841760806 -0.44422510266304010562 0.32232207059860229492 -1.65843117237091064453 -0.99863314628601085321 -1.51065385341644287109 0.36093342304229730777
1.46981537342071510999 -0.12886700034141540527 1.53517174720764160156 1.15596890449523925781 -1.22978603839874289783 1.59105265140533447266 -0.34301209449768060855 -1.35639441013336181641 1.37517225742340087891 1.03582727909088112561 1.73762285709381103516
0.01757904328405850147 -0.14763362705707550049 -1.20444703102111816406 -1.62392985820770263672 0.78311496973037719727 -0.65189933776855468750 -1.33988499641418457031 -1.07833659648895263672 -1.64174735546112060547 0.14344327151775360107 -0.44320121407508850098
1.48284363746643088611 -0.77058863639831542969 1.43879771232604980469 -1.66263425350189208984 1.52353012561798095703 -0.13576242327690118961 1.12990844249725341797 0.18516181409358969945 0.80794203281402587891 0.95675528049469005243 0.24467808008193969727
0.78816163539886474609 -0.14260447025299069490 0.71973550319671630859 1.10272657871246337891 -1.09400641918182350842 1.06423854827880859375 0.77947419881820678711 1.36683666706085205078 1.69092905521392822266 -1.57428979873657248767 0.71475917100906372070
0.07810247689485549927 -1.04507780075073242188 0.34436762332916259766 -0.71151167154312133789 0.51264649629592895508 -0.44727930426597589664 0.03257205709815019778 0.71656894683837890625 1.16525626182556152344 1.34567058086395263672 -0.72472691535949707031
1.20850920677185058594 1.37561428546905517578 -1.36816644668579101562 -0.34492704272270202637 -0.28544181585311889648 0.65075182914733886719 0.19251258671283719148 -1.20592212677001953125 0.73290181159973144531 0.65962123870849609375 0.47586667537689208984
0.07120907306671139803 0.71426397562026977539 0.00199041469022629997 0.94234955310821522101 -0.17891010642051691226 1.53279089927673339844 -0.32680210471153259277 0.10315106064081190629 0.72401779890060424805 1.61235845088958740234 0.97727733850479114874
-0.97898191213607799188 0.04267072305083269984 0.37116974592208862305 -1.29402899742126464844 0.39789929986000061035 -1.28059828281402610095 0.34412190318107599429 1.45530104637145996094 -0.92807626724243164062 -1.25743114948272705078 -1.08099424839019775391
0.24465145170688629150 1.75176608562469482422 0.17862737178802490234 0.14462432265281668919 1.50306677818298339844 -0.57955634593963623047 -0.70185214281082153320 0.69803941249847412109 -0.84251797199249267578 1.14394974708557128906 0.86310952901840209961
-0.07565952837467189440 -0.68860459327697753906 0.21142375469207760896 -1.53267729282379150391 0.93438881635665882452 0.37625059485435480289 -1.07193994522094726562 1.31885075569152832031 -0.08074086904525749897 -1.71527016162872314453 -1.11568677425384521484
1.31098973751068115234 0.18955765664577481355 0.95416927337646484375 -0.03466804698109619831 0.92637282609939575195 0.09024660289287560200 1.61356377601623535156 -1.36404740810394287109 -1.38370323181152343750 0.08489587157964699482 1.14097607135772705078
0.33070117235183710269 0.19608406722545621004 0.06902261823415750674 -0.12121851742267600316 -1.56795048713684082031 0.90637165307998657227 1.11722195148468017578 -1.09479999542236328125 1.37768733501434326172 -0.67560368776321411133 -0.35321027040481567383
-0.26377758383750909976 -0.18037113547325128726 -0.60120093822479248047 -1.12026751041412353516 0.48114699125289911441 -1.13849771022796630859 1.54798734188079833984 1.62727642059326149671 1.57703304290771484375 -1.01053500175476074219 -0.58238971233367919922
-0.92516952753067016602 -1.36564815044403076172 -0.01846562884747979943 -0.98640280961990356445 1.65795481204986550061 -1.50870907306671142578 0.98018211126327514648 -0.68484061956405639648 -0.07337328791618340229 1.25847434997558593750 -1.38266360759735107422
-0.25025314092636108398 -0.67199051380157470703 0.97219324111938476562 -1.71147465705871582031 -1.07413125038146950452 -0.94259160757064819336 0.48802784085273742676 1.28603148460388183594 1.08177745342254638672 -1.34977364540100097656 -1.31275904178619384766
-1.65670764446258544922 -0.85598826408386230469 -0.81470900774002075195 1.09891045093536376953 1.16363024711608886719 -0.86386615037918090820 1.26069235801696777344 0.55497372150421142578 0.20314401388168329410 -0.24137881398200988770 -0.04047099873423570110
0.64466065168380737305 -1.34875965118408203125 -1.01138508319854736328 -0.34457525610923761539 0.49514627456665039062 1.08951735496520996094 -0.91442221403121959344 -0.74688953161239624023 0.98324775695800781250 0.62906605005264282227 -0.75218874216079711914
1.19022572040557861328 -0.74381983280181884766 0.00528205744922159975 0.24814845621585840396 0.80530881881713867188 1.16069495677947998047 0.02911866828799240109 -0.26872119307517999820 0.08465400338172909822 0.14833310246467590332 0.48052656650543207340
0.79767972230911254883 -0.75139397382736206055 -0.03855361789464949868 1.58471572399139404297 -1.45428788661956809314 -1.04196774959564208984 -0.04404357820749280061 -0.63575989007949829102 -0.13467319309711450748 -1.07503175735473632812 0.39332190155982971191
1.13516259193420410156 -0.22620497643947601318 1.50618100166320800781 -1.37791192531585693359 -1.50012445449829101562 -1.27609860897064208984 -0.91770696640014637335 -0.62851148843765258789 -0.72732895612716674805 0.39931765198707580566 -0.17537620663642880525
1.61259853839874289783 0.92766892910003662109 1.63944745063781738281 -0.02729082107543940108 0.69985860586166381836 0.66942059993743896484 1.59869968891143798828 0.39638698101043701172 -1.52315390110015869141 1.25740134716033935547 1.17097449302673339844
0.45516338944435119629 -0.51738142967224121094 0.71149063110351562500 -0.72556799650192260742 1.23056936264038085938 0.99281889200210560187 -1.33700215816497802734 -0.08266201615333550190 -0.30572962760925287418 1.55537605285644509046 0.24855065345764160156
-0.57055872678756713867 -1.01520085334777832031 0.51176768541336059570 -0.33668354153633117676 0.29793825745582580566 -0.16883882880210870914 0.18695758283138269595 0.35154771804809570312 0.15471045672893518619 -1.09775185585021950452 -0.81866556406021118164
-1.18425655364990234375 -0.06728310883045189594 0.52526217699050903320 -1.70932435989379882812 1.17339015007019042969 -0.69485437870025634766 -1.48495888710021950452 0.41458633542060852051 -0.13986431062221518773 -1.51763272285461447986 -1.94394361972808837891
-0.30833047628402709961 -0.46142315864562988281 0.64745140075683593750 -1.44940173625946044922 1.18560636043548583984 -0.62554925680160522461 0.19446972012519830875 0.62462621927261352539 1.72216570377349831311 -0.65378034114837646484 -0.99023663997650157587
0.00737629691138860007 -0.34913215041160577945 -0.84095758199691772461 0.06207865476608270122 -0.72393888235092163086 1.51244139671325683594 -0.19088548421859741211 1.02974629402160644531 -0.85490286350250244141 -0.02739311754703519994 -0.31778281927108759097
0.34932616353034967593 0.15996721386909479312 1.30330586433410644531 1.43427324295043967517 -0.21970599889755249023 -1.03631556034088112561 -0.75002527236938476562 -1.40824961662292480469 1.43582928180694580078 0.93495899438858043329 1.57985007762908935547
1.68236684799194335938 -0.66830825805664062500 -0.05845483765006059818 0.72874605655670166016 -0.62345647811889648438 0.28337529301643371582 -1.70563352108001708984 -1.35335433483123779297 0.23214688897132870760 0.86384737491607666016 0.37953698635101318359
-0.86461812257766723633 0.71651107072830200195 0.20021800696849820222 -1.12616014480590820312 -1.54955816268920898438 -0.88316500186920166016 0.80137282609939575195 -0.44379773736000061035 -1.67536222934722900391 -0.27278462052345270328 -1.25202214717864990234
-0.37235009670257568359 -1.18345558643341064453 -1.75673580169677712171 0.96095263957977294922 -0.05104962736368170301 -1.59787344932556152344 -0.63993638753890991211 1.45993959903717041016 -0.22203485667705530338 1.16119968891143798828 0.43508177995681762695
0.26630344986915588379 -1.07967269420623779297 1.45662534236907958984 -1.57961237430572509766 -0.84762603044509887695 -1.11871969699859619141 -1.48817694187164306641 0.32468605041503900699 0.22737891972064969148 1.21298396587371848376 -1.27117586135864257812
1.05243468284606911389 0.20580327510833740234 -0.31203001737594598941 0.36620157957077020816 -1.07608342170715309827 -1.13914334774017311780 -0.71147024631500244141 0.47273457050323480777 -1.25503742694854736328 -1.69962370395660400391 0.17845447361469268799
-1.37336730957031250000 1.56726336479186989514 -0.72731894254684448242 -0.29018431901931762695 -0.97871267795562744141 -0.97566723823547363281 -1.65155994892120361328 -0.89997822046279907227 1.65940618515014648438 -0.15461099147796630859 -1.14914155006408691406
0.83370119333267211914 1.31983149051666259766 -1.15352392196655273438 0.17976789176464080811 0.92897480726242076532 -1.10084939002990722656 1.73906898498535156250 0.17939849197864529695 -0.65348106622695922852 -0.47817125916481018066 1.41397857666015625000
1.21124732494354248047 0.01917277835309499912 0.68039613962173461914 -1.39968478679656982422 1.02042245864868164062 -1.50040817260742209704 1.57762026786804199219 0.35718455910682678223 -0.30938753485679620914 0.67112481594085693359 0.29691797494888300113
1.36765205860137939453 0.79628944396972656250 -0.50790148973464965820 0.65865880250930786133 -0.78308928012847900391 -1.42409265041351318359 0.89962172508239746094 -0.30505874752998352051 1.18042635917663552014 0.83689421415328979492 0.84204035997390747070
-0.28037512302398681641 -1.53666830062866210938 0.54907566308975219727 -0.99848067760467518195 -0.11780016124248500475 0.54186916351318359375 -1.24834704399108886719 0.61410385370254516602 1.13501405715942382812 -0.50526583194732666016 -1.65865957736968994141
-1.27544295787811279297 1.66827249526977539062 1.00266253948211669922 -0.47999569773674011230 1.23820495605468750000 -1.49109721183776855469 0.66433727741241455078 0.36165177822113031558 -1.48746204376220703125 -1.46240699291229248047 -0.10619822889566420121
-0.75121825933456420898 0.87833416461944580078 1.50723183155059792249 0.86098504066467285156 -0.39124998450279230289 -1.69872856140136718750 -1.51791477203369140625 0.43102222681045532227 -1.05200135707855224609 1.61901783943176269531 1.20785629749298095703
1.11171519756317138672 -0.06703032553195950594 0.38987380266189569644 -1.55213046073913552014 0.07443930953741069445 -0.24805970489978790283 -1.39486289024353049548 -0.27587735652923578433 -0.92935442924499522821 0.19444963335990900211 -0.41304731369018549136
1.27441465854644775391 -1.32997417449951149671 -1.41212034225463889392 0.45117783546447748355 0.78905522823333740234 -0.83842593431472778320 0.08154182136058800434 1.45413565635681152344 -0.07537139952182769775 -0.18492205440998069066 0.16787959635257720947
-0.75718867778778076172 -0.45698991417884821109 0.56827849149703979492 0.64178550243377685547 0.72886705398559570312 -0.44454303383827209473 0.65879702568054199219 0.09704669564962380146 0.10977918654680250687 1.61489355564117431641 -0.19816215336322778873
-1.13506948947906494141 -0.88582491874694824219 -0.83886474370956420898 0.87771314382553100586 -1.30968785285949707031 0.95083290338516235352 -1.08675754070281982422 1.29527091979980490954 0.78043824434280395508 1.34705734252929687500 -0.81187534332275390625
-1.31002688407897949219 -0.59967881441116333008 0.36789363622665399722 0.37697386741638178043 0.41797766089439392090 -0.93537443876266479492 -1.08183276653289794922 -0.41783070564270019531 -1.08243858814239501953 -0.24531248211860651187 -0.90142017602920521124
-1.39907455444335937500 -1.30050265789031982422 0.02474232763051980102 0.28111326694488519840 -0.60927885770797729492 -1.59927082061767578125 -0.96335524320602416992 1.12428975105285644531 0.34053376317024230957 0.43298438191413879395 -1.55897235870361328125
0.07856117933988569779 1.82130610942840553967 1.56908702850341796875 1.01606500148773193359 -1.34161186218261718750 -1.28605747222900390625 -0.25912261009216308594 0.42084413766860961914 -1.26250660419464111328 0.09833335876464839587 1.56457424163818359375
-0.29059368371963500977 -0.22682787477970120515 -0.66834443807601928711 1.56844985485076904297 0.75429922342300415039 1.58487129211425781250 0.08272683620452879472 -1.37545704841613769531 -1.28932011127471923828 1.08587110042572021484 1.22437906265258789062
-1.39791059494018554688 0.26961955428123468570 -1.67417740821838378906 -0.53986632823944091797 0.11130364239215849442 -0.98535865545272838251 0.11501970887184140291 0.71114122867584228516 -1.21773111820220969470 0.53553825616836547852 -0.45988392829895019531
1.40187835693359375000 -0.77874445915222167969 -1.53973400592803955078 -0.96547216176986683234 -1.49051856994628906250 -1.04336655139923095703 0.73090785741806030273 0.18061414361000061035 1.17407345771789550781 -0.98929685354232799188 -0.35148817300796508789
-1.68560445308685302734 0.10466247797012319387 -0.07697815448045730591 0.05180945247411720272 -0.64737451076507568359 0.56182706356048583984 -1.24791455268859863281 1.57403409481048583984 -1.72142374515533447266 -1.10200846195220969470 -1.44084692001342751233
1.52463376522064208984 -0.01687760092318050034 1.19408881664276123047 -1.30169892311096191406 -0.27731776237487787418 -0.63919132947921752930 -0.73734623193740844727 1.63029253482818603516 -0.93872183561325084344 -1.02989172935485839844 0.73736602067947387695
0.16834317147731781006 -1.07120430469512939453 -0.06881693005561820287 1.58745765686035156250 0.90206807851791381836 -1.64097249507904030530 -0.90245431661605834961 0.98439520597457874640 1.41074514389038085938 -0.48450455069541931152 0.48228707909584039859
0.09084790945053100586 -1.03762114048004150391 1.38704919815063476562 1.16585624217987060547 0.56905615329742431641 0.07033248245716089420 -1.09593880176544189453 0.15277756750583648682 -0.30264598131179809570 0.80715501308441162109 0.99785995483398437500
-1.03418183326721191406 -0.26708921790122980289 -0.07867697626352310181 1.15174829959869384766 -0.61205023527145385742 -0.13308170437812799625 1.38150990009307861328 -1.74126207828521728516 0.54134386777877807617 0.36635532975196838379 -0.44257003068923950195
0.28944680094718927554 0.87040019035339355469 -1.13479185104370117188 1.13206315040588378906 0.43608590960502618961 -0.92709726095199584961 -0.60719925165176391602 -0.34002050757408142090 -0.37065914273262018375 1.04855942726135231702 1.66641855239868164062
1.60907924175262428967 -0.29557111859321588687 1.06425297260284423828 -1.03973710536956809314 -1.68761610984802246094 0.32954359054565429688 0.26243722438812250308 0.16884018480777740479 1.18243002891540527344 1.51972794532775878906 -0.13622343540191650391
0.79076546430587768555 1.64560842514038085938 -1.77991211414337158203 0.07746290415525429462 -0.47929233312606811523 -1.24942684173583984375 -0.19228370487689969148 -1.06711471080780029297 0.83740049600601196289 -1.01527774333953857422 0.88899415731430053711
-0.88099485635757446289 -0.29021102190017700195 0.59382772445678710938 0.81758457422256469727 0.33513152599334711246 1.55587351322174072266 -0.80508470535278320312 -1.52292978763580322266 -0.36155447363853449039 -0.19762557744979850072 0.14479462802410120181
-0.73140794038772583008 0.13716468214988700169 -1.75118005275726318359 0.51836448907852172852 1.43948042392730712891 -1.57759833335876464844 -0.88600522279739379883 -1.05790734291076660156 0.18101303279399869051 0.83716976642608642578 1.02026224136352539062
-1.08525371551513671875 -0.14350940287113189697 -0.42932051420211791992 -1.77301239967346191406 1.23618173599243164062 -1.22457718849182128906 0.05340331420302389664 1.49769127368927001953 -0.77726405858993530273 0.89564514160156250000 -1.79499733448028564453
1.15741372108459472656 1.75464689731597900391 0.70820105075836181641 -1.23005473613738991467 -1.03731608390808105469 -1.69941735267639160156 -0.06203731894493100252 0.29105335474014282227 0.85415565967559814453 1.05564308166503906250 -1.57267189025878906250
-0.34784618020057678223 0.25186312198638910465 -0.92585933208465576172 -1.42152619361877441406 -1.57406544685363769531 -1.73363733291625976562 1.22455227375030517578 0.83706462383270263672 -1.32696485519409179688 -0.36226096749305719547 -1.09992837905883789062
1.50905585289001464844 -0.47174987196922302246 1.12681424617767311780 -0.94363200664520263672 -1.14843082427978515625 -1.21949362754821777344 -1.42881989479064941406 0.58638656139373779297 -0.29374247789382929019 0.24070668220520019531 0.11031761020421980424
0.28265947103500360660 -0.18683059513568869847 1.23651540279388449939 -0.07088426500558850374 1.16772639751434326172 1.30894541740417480469 1.48345875740051269531 1.20593237876892089844 -1.47907090187072753906 -0.45908012986183160953 0.96180784702301036493
1.26910579204559326172 1.27670896053314208984 0.28091788291931152344 1.35145628452301047595 1.50766301155090309827 1.49579906463623046875 -0.32338404655456537418 -1.57459104061126708984 -0.57821804285049438477 1.59370172023773193359 1.10121405124664306641
-0.03087038919329640127 0.21776083111763000488 1.54779803752899169922 -1.74098968505859375000 1.20097041130065917969 -1.66762435436248779297 0.61747801303863525391 0.59788465499877929688 1.65899145603179909436 0.14374354481697079744 0.35317724943161010742
-0.10824822634458540482 -1.31178200244903564453 -0.80958902835845947266 0.43875169754028320312 0.86603659391403198242 1.57426393032073952405 1.32771265506744384766 -0.91405951976776123047 1.36274623870849609375 -1.40524768829345703125 -0.63229632377624511719
-0.42117497324943542480 -0.37603673338890070132 0.72081971168518066406 1.65988898277282714844 -1.15648353099822998047 -0.24088157713413230199 0.35627177357673639468 1.53987169265747070312 0.60350936651229858398 0.41228115558624267578 0.20849505066871640291
-0.39331939816474909000 -0.46315404772758478336 -0.61495465040206909180 -1.10188126564025878906 -0.04566020891070359661 0.32208585739135742188 -0.87697690725326538086 -0.60772913694381713867 1.01400184631347656250 -1.72835874557495117188 -1.21504485607147216797
1.44584250450134277344 -0.62475359439849853516 0.97414273023605357782 1.30712723731994628906 0.50667148828506469727 1.65351295471191406250 1.52703499794006369861 -1.34823048114776589124 1.03709805011749289783 0.46192541718482971191 1.37443125247955322266
-0.50148034095764160156 -0.21516223251819610596 -1.41579985618591308594 1.07797217369079589844 1.07106423377990722656 -0.10937743633985519409 1.53786671161651589124 0.36078047752380371094 0.38905894756317138672 -1.71175563335418701172 0.97092634439468383789
-1.40455234050750710217 1.31882894039154030530 -1.05976533889770507812 -0.74685853719711303711 -1.30173826217651367188 0.23210564255714410953 -1.08735156059265136719 0.77817088365554809570 -1.65498828887939430921 0.03311640396714209816 -1.24428260326385498047
-1.41410434246063232422 0.39375922083854669742 -1.38563525676727294922 0.64335942268371582031 -0.23104354739189139623 -0.54855096340179443359 -0.20354814827442169189 0.63048946857452392578 -0.40582048892974847965 1.17673492431640625000 0.21173202991485590152
-1.75117874145507790296 1.53696441650390625000 1.04150855541229248047 -0.95758652687072765008 -0.09065539389848699392 0.45672643184661859683 0.26890420913696289062 1.16898155212402343750 1.65319204330444335938 -1.56483960151672363281 -1.66635692119598410876
0.60142433643341064453 1.57203340530395507812 -1.72391724586486816406 0.07630205154418939761 -0.02681067027151580115 -0.70838218927383422852 1.49479818344116210938 -0.42567172646522521973 1.59075474739074707031 1.51406037807464599609 1.40814244747161887439
-0.67241132259368896484 0.37267655134201049805 1.47657024860382080078 -0.73125565052032470703 1.23022794723510742188 0.08241967856883999910 0.92931908369064319952 -1.71940720081329367908 -1.19357955455780029297 -1.23982393741607688220 0.17535358667373648900
1.04827117919921875000 0.19263142347335809879 1.11955738067626953125 0.74300974607467651367 1.34606027603149391858 0.96618819236755359992 1.56185305118560791016 1.41502594947814941406 0.12223447114229199495 0.03285530209541320107 1.58057773113250710217
1.53197455406188964844 1.16861057281494140625 1.44257569313049316406 1.40332674980163552014 -1.36373615264892578125 0.39392811059951782227 -0.66234135627746582031 -0.21646422147750848941 -1.48947584629058837891 -0.20194548368453979492 1.04264700412750244141
0.00045453052734949998 1.05660068988800048828 -0.38826259970664978027 1.58806562423706032483 -0.68996948003768920898 1.52244484424591064453 0.50173300504684448242 1.33799779415130615234 1.60169517993927001953 -0.82595950365066528320 1.21352231502532958984
-0.38623261451721191406 0.84553778171539306641 -1.58203589916229248047 0.24716494977474209871 0.85781794786453247070 1.59774398803710937500 1.31308758258819580078 -1.16969835758209250720 0.09497387707233420628 -1.34379374980926513672 1.62116193771362304688
-1.10845220088958740234 -0.74704426527023315430 -0.43258410692214960269 -0.58371037244796752930 -0.60273224115371704102 0.92911207675933837891 1.70404732227325439453 -1.46190011501312255859 1.03051841259002685547 -0.41499298810958862305 -1.52186882495880126953
-0.00867867376655340021 1.75005090236663818359 0.05122216045856470279 1.20305442810058593750 -0.56951016187667846680 -0.23405602574348449707 -0.28529664874076837711 -0.74879091978073120117 -1.33629500865936279297 -0.58316200971603393555 1.28948366641998291016
0.23606158792972559146 1.16866791248321510999 -0.12189759314060209794 -1.10678911209106445312 0.45122930407524108887 0.39233800768852228336 -0.43408265709877008609 -1.14510166645050048828 -1.15119457244873046875 -1.22190070152282714844 0.13832208514213559236
0.09167381376028059525 0.61309766769409179688 0.64679372310638427734 -0.10277485847473140368 -0.51017171144485473633 -0.01064788084477179958 0.11248116195201869616 -0.60934847593307495117 -0.08280913531780240144 -1.73173856735229492188 0.38879653811454767398
1.29170632362365722656 -0.84395146369934082031 -0.54034131765365600586 0.98946958780288696289 -0.51565706729888916016 0.53710472583770751953 -1.50049459934234619141 1.41877627372741699219 -1.61929702758789062500 -0.05033488944172850171 0.40683323144912719727
-0.46423563361167907715 0.60191392898559570312 -0.17797203361988059300 -0.47871094942092889957 -0.24016545712947839908 -1.35169005393981911389 -0.80426508188247680664 -1.68323552608489990234 0.48616206645965570621 1.56838154792785644531 -0.28045204281806940250
1.20779585838317871094 1.81001996994018510279 0.93976819515228282587 1.15948355197906494141 1.35035979747772216797 -1.67470896244049072266 0.22321639955043789949 0.46589154005050659180 -0.13887168467044830322 -0.91512024402618397101 0.75061309337615966797
-0.44476914405822748355 0.64643418788909912109 0.35373440384864801578 1.53553617000579833984 0.24858744442462921143 -0.30309522151947021484 -1.47590184211730957031 0.87680423259735107422 -0.35433468222618097476 -1.28222179412841796875 1.52728164196014404297
-1.46142280101776123047 -1.35555994510650634766 1.04029846191406250000 -1.48708474636077880859 0.45237207412719721011 1.10911762714386008533 -0.71558487415313720703 1.05433154106140136719 0.57243746519088745117 0.43019509315490722656 -1.45889234542846679688
1.07735145092010498047 -0.02065015397965900071 -0.20823514461517331209 -1.03493249416351318359 -0.93450611829757679327 -1.04586851596832275391 0.33678293228149408511 -1.74771010875701904297 -0.89220952987670898438 -1.02130115032196044922 -0.26748090982437128238
-1.09546566009521484375 1.30533504486083984375 0.66354757547378540039 -0.96603947877883922235 -1.37251865863800048828 -1.60847020149230957031 0.53839039802551269531 0.04334317892789840004 -0.11113037914037700304 0.36956217885017389468 -1.29019367694854736328
1.20128726959228515625 0.51536077260971069336 -0.57109254598617553711 1.56749677658081032483 0.10783495008945459537 -1.60553550720214843750 0.89776742458343505859 0.31978592276573181152 1.02604734897613525391 -1.02326118946075439453 1.46926176548004150391
1.09545683860778808594 -0.85680013895034790039 0.88760930299758911133 -1.47563266754150390625 -0.45141443610191339664 0.55106544494628906250 0.45509266853332519531 -1.25411069393157958984 -1.57717573642730712891 1.52728331089019775391 -1.17884576320648193359
-0.21315200626850119847 0.03272239491343489903 0.98429071903228759766 -1.22851026058197021484 0.48410582542419428043 1.50710785388946510999 -0.30985504388809198550 -1.64435327053070090564 1.22146928310394287109 0.13093915581703180484 -0.56940078735351562500
1.05081367492675781250 0.81394731998443603516 1.67367970943450927734 -0.32950651645660400391 -0.42509743571281427554 -0.82297581434249877930 -0.72996050119400024414 -1.11150467395782470703 1.35731053352355957031 -0.11861986666917799516 1.46772718429565429688
-0.46077808737754821777 0.96338170766830444336 1.27873635292053222656 -0.42738053202629089355 -1.15271103382110595703 1.04876434803009033203 -0.35978105664253229312 -0.49568349123001098633 -0.34736639261245727539 1.08372890949249289783 0.30909749865531921387
-0.19304041564464569092 -1.31747364997863769531 1.45898389816284179688 1.63191926479339599609 0.78792709112167358398 0.71785670518875122070 0.60135602951049804688 1.18791925907135009766 1.50109338760375976562 -0.53094339370727539062 0.66537481546401977539
0.39684125781059259586 0.01876030303537840060 0.33903026580810541324 0.89930737018585205078 0.33729001879692077637 1.65903162956237792969 0.83032524585723876953 -0.69874757528305053711 -0.53995209932327270508 0.09067160636186599731 0.93516540527343761102
-1.38956689834594726562 -0.86196357011795043945 -0.20690922439098349828 1.14748716354370117188 0.32498922944068908691 -1.59259045124053955078 0.72812908887863159180 -1.33201611042022705078 -0.44341358542442321777 -0.19443282485008239746 -0.34823337197303771973
-0.25148239731788629703 -0.65458101034164428711 0.40560746192932128906 -0.15296885371208190918 -1.39452326297760009766 0.61003392934799194336 1.41869866847991943359 0.48222771286964410953 1.14510822296142578125 -0.52126425504684448242 -0.80317682027816772461
-0.45080241560935968570 1.50435674190521240234 -0.80839246511459350586 0.52715361118316650391 -0.48660299181938171387 -0.43928727507591247559 0.79898554086685180664 -1.51942014694213889392 -1.73472225666046142578 -1.27896487712860107422 0.67229104042053222656
0.06005761027336119912 1.27210199832916259766 -0.16549077630043029785 0.33294108510017389468 -0.35370549559593200684 -0.46773719787597650699 -0.85250937938690185547 -0.55669045448303222656 1.53895461559295632092 0.22206459939479819554 0.68432742357254028320
0.51411259174346923828 -1.66650700569152832031 -0.85756880044937133789 -0.37377849221229547672 -0.81387251615524291992 -1.74915623664855957031 1.72631525993347167969 -0.69493973255157470703 -1.67183423042297363281 0.77877509593963623047 -1.64687979221343994141
-1.51437997817993164062 1.17088115215301513672 1.61295998096466064453 0.83376163244247436523 -0.32916295528411859683 -0.55215942859649658203 -0.96694076061248779297 -1.26448774337768554688 -1.13667190074920632092 -0.24028658866882318668 0.24150471389293670654
1.66295719146728515625 -0.03383792936801909707 1.07685005664825439453 -1.46332597732543967517 1.59131073951721191406 0.42982301115989679507 0.47961643338203430176 -1.54274761676788330078 -1.05559670925140380859 -0.17593859136104580965 0.34430617094039911441
1.67363524436950683594 0.58391040563583374023 0.90791153907775878906 -1.39735305309295632092 0.11504817008972159642 -0.77670317888259887695 -0.87530088424682617188 0.16520333290100089330 1.11825370788574218750 -1.34854304790496848376 -0.09641303867101669312
0.56270974874496459961 -1.47656655311584472656 0.22472426295280450992 -1.23371791839599609375 0.28451541066169738770 -0.78876370191574096680 0.39535030722618097476 -1.38404631614685058594 0.90242892503738403320 1.51081347465515136719 -1.60682165622711181641
-0.09179864078760140156 1.00780391693115234375 1.02443933486938476562 0.47316336631774902344 -0.57161235809326171875 -0.89388334751129150391 0.64664363861083984375 0.79776799678802490234 1.29279088973999023438 0.52041995525360107422 0.70019805431365966797
0.80262380838394165039 -0.46636542677879327945 0.75716072320938110352 0.50100123882293701172 -0.82105314731597900391 -0.31575199961662292480 -0.04990005865693090265 -1.35615289211273193359 0.06148957088589659947 -0.35379874706268310547 0.58857661485671997070
-1.47138881683349609375 -1.04128956794738769531 -1.48721194267272949219 0.38444516062736511230 -0.22240634262561789769 1.57673227787017822266 -0.62880581617355346680 1.03065407276153564453 -0.04856250062584870075 -0.65371108055114746094 -0.36571845412254327945
1.47404599189758300781 -0.82942098379135131836 0.11242967844009399414 -0.81959766149520874023 0.03590003028512000344 -1.04876434803009033203 -1.52095949649810791016 -0.09650296717882149433 0.43483245372772211246 -1.67912244796752929688 -0.12332396954298019409
0.66992676258087158203 -0.47583219408988952637 1.50031805038452170642 0.10224054753780359439 0.95966380834579478876 -0.77163499593734741211 -0.82407057285308837891 1.22921717166900634766 0.58719545602798461914 0.49616026878356928043 1.20320534706115722656
1.13020658493041992188 -0.55992734432220458984 -0.12100145220756529374 0.63414645195007324219 1.16989195346832275391 1.65754354000091552734 1.74295830726623535156 -1.04771316051483154297 0.73717910051345825195 0.83851945400238037109 0.82913076877593994141
-0.79486948251724243164 -1.30227887630462646484 0.61609584093093872070 -0.54741525650024414062 0.63334143161773681641 0.24642141163349148836 -0.68052715063095092773 0.55742669105529785156 -0.66533535718917846680 0.15953217446804041080 -1.13595294952392578125
1.18467295169830322266 -0.43297791481018060855 1.13665246963500976562 -1.74879813194274902344 -0.53979814052581787109 1.37762129306793190686 1.04199314117431640625 -1.03971016407012939453 -0.52630692720413208008 1.25904691219329833984 -0.70454686880111694336
1.64909040927886962891 1.40943741798400878906 1.23044574260711669922 -1.73171353340148925781 0.42691525816917419434 -0.71038734912872314453 -0.13227626681327819824 1.26995861530303955078 -1.17255520820617675781 1.07513773441314697266 -0.67595648765563964844
0.00938548706471920013 1.21335422992706298828 0.14900957047939300537 -1.71930360794067382812 -0.66844832897186279297 0.65725433826446533203 -1.12452447414398193359 1.30391609668731689453 0.99973165988922119141 1.19774854183197021484 -0.74762558937072753906
-0.32443699240684509277 -0.81801605224609375000 0.38782635331153869629 -1.53491306304931640625 -1.24008774757385231702 -1.47626352310180664062 0.63068789243698120117 0.25123021006584167480 0.54448366165161132812 0.67689722776412963867 -1.56402349472045898438
-0.57878518104553222656 1.24446785449981689453 0.10653080046176910400 0.62791341543197631836 1.12784874439239501953 0.01813259162008759931 1.67527151107788085938 0.37826877832412719727 1.35342729091644287109 0.97283560037612915039 0.99369925260543823242
0.41408956050872802734 -1.22382271289825439453 -0.79529440402984619141 1.18456494808197021484 0.68157500028610229492 0.77676314115524291992 -1.46142327785491943359 -0.20358440279960629549 -1.10280191898345969470 0.93507689237594604492 0.51184076070785522461
-0.44719877839088439941 1.27668571472167968750 0.62087607383728027344 -0.14539043605327600650 0.39679223299026489258 0.17156791687011718750 -1.49625921249389648438 -0.94760298728942882196 0.24314926564693450928 -0.34806796908378601074 0.66634535789489746094
0.54672086238861083984 1.44773900508880615234 -0.67840439081192016602 -1.07446765899658203125 0.59325224161148071289 -1.34767985343933105469 -0.97434550523757923468 0.27705925703048700504 -0.22533963620662689209 -0.05561082065105429906 0.23703856766223899144
-1.78470790386199951172 -1.39139711856842041016 0.76588833332061767578 -0.40555319190025329590 -0.61748766899108886719 0.98183238506317138672 0.91610795259475719110 -1.14915394783020019531 -0.77835202217102050781 1.47225391864776589124 -1.70040249824523925781
-0.39738473296165460757 -1.34660375118255615234 0.66053211688995361328 1.33450341224670410156 -0.72469013929367065430 -1.57941102981567382812 -1.29298543930053710938 -1.16187405586242675781 0.01250586658716200048 1.21993243694305419922 -0.43060562014579767398
-1.54167270660400390625 0.65913838148117065430 -1.07813501358032248767 0.65876692533493041992 -0.17491416633129119873 -0.28991794586181640625 1.03083586692810058594 -0.79639041423797607422 -0.30747267603874200992 1.22980070114135742188 -0.66340750455856323242
-0.02279485575854769963 -0.10783527791500090165 -0.90184730291366577148 1.65794348716735839844 -1.70610606670379638672 -0.07305295765399930086 1.37381863594055175781 -0.61567014455795288086 0.88274013996124267578 0.52897781133651733398 0.39479497075080871582
0.61564856767654418945 0.09655265510082239322 -0.50514560937881469727 -0.19544085860252380371 -0.89632511138916015625 1.44853615760803222656 0.58503621816635131836 -0.65492039918899536133 -0.75323128700256347656 -0.46027645468711847476 0.47550475597381591797
1.55795347690582275391 0.53233057260513305664 1.41390061378479003906 -0.97557896375656116827 -1.68808853626251220703 -0.54638200998306274414 1.44135665893554687500 1.63785290718078591077 0.96998077630996704102 0.60546237230300903320 -0.21312375366687769107
-1.19424164295196510999 0.13345475494861600008 -1.08656239509582519531 0.93370872735977161749 1.27990305423736550061 0.10686033219099040636 -1.26831889152526855469 1.05719959735870361328 -0.85953772068023681641 -1.55629837512969970703 0.73621749877929687500
-0.14884783327579489964 -0.46486088633537292480 -1.17780029773712158203 0.28838819265365600586 1.55512940883636474609 -1.68669414520263671875 0.08238786458969110660 0.86753946542739868164 1.42333161830902099609 0.04579123854637139751 0.53113383054733276367
1.13946640491485595703 -0.15782330930232998933 -0.64236068725585937500 -0.12999111413955680150 -0.83467900753021240234 0.00656313356012099957 0.49388569593429559879 -0.41418233513832092285 0.69221872091293334961 0.18311704695224759187 0.26030308008193969727
-1.57587170600891113281 -1.42833125591278076172 0.55686938762664794922 1.38602113723754882812 0.09832569211721420288 -1.15260410308837890625 -0.64125317335128784180 -1.45639014244079589844 0.43154314160346979312 -0.90036392211914062500 -0.57221013307571411133
1.52575683593750000000 -1.61866104602813720703 1.11285758018493630139 -1.52388644218444824219 1.03099465370178222656 0.97799044847488403320 -0.09469637274742119526 1.58988964557647705078 0.29778951406478881836 0.40062311291694641113 -1.84263944625854492188
1.25486695766448952405 -1.03268945217132568359 1.66348755359649658203 1.25032365322113037109 -1.22774612903594970703 1.51437294483184792249 -0.94358128309249877930 -0.84804135560989379883 -0.24662299454212188721 0.12609018385410308838 0.98334169387817382812
-0.48976674675941467285 0.75249356031417846680 0.78032606840133666992 -0.45610538125038141422 -1.07741355895996093750 1.31960010528564430921 1.58420395851135231702 -0.01253871526569120057 0.85326993465423583984 1.02784466743469238281 -0.35084310173988342285
1.44807457923889160156 0.72419953346252441406 -1.50301575660705566406 -0.84340023994445800781 0.49064251780509948730 0.93239533901214599609 -0.95861172676086436883 -1.13664555549621582031 0.31454312801361078433 1.01440894603729248047 0.69786769151687622070
1.34639525413513183594 -0.07062035053968429565 -0.84563767910003662109 -0.32313504815101617984 0.39855617284774780273 -0.20535810291767120361 -0.94876885414123535156 1.23595905303955078125 1.66511905193328857422 -0.16634745895862579346 0.61177903413772583008
-0.77451878786087036133 1.44135797023773193359 -0.74804633855819702148 0.22887764871120450105 -1.25024008750915527344 -1.28987562656402610095 -1.47922074794769287109 1.59159862995147705078 1.28637063503265380859 0.19937114417552939671 0.26880642771720880679
-1.68466722965240478516 -1.03079295158386230469 -1.40315830707550048828 1.49186635017395019531 1.09641516208648681641 0.44227015972137451172 0.25073289871215820312 1.52079117298126220703 -1.68225765228271484375 -0.26165318489074701480 0.25920552015304559879
-1.11767041683197021484 1.76148355007171630859 -1.48905920982360839844 0.65138643980026245117 -0.12517629563808441162 0.98731815814971923828 -0.18324564397335049715 1.53211188316345192639 0.41614443063735961914 -0.31723669171333307437 0.67610061168670654297
0.58074605464935302734 -0.98785579204559315070 1.35987663269042968750 -0.64899915456771850586 -0.83770883083343505859 -0.81452381610870361328 -1.68014848232269287109 1.46387124061584472656 0.76456904411315917969 0.52207916975021362305 -0.29050895571708679199
-0.80110788345336914062 -0.50849109888076782227 -0.40308576822280878238 -1.56231784820556640625 -0.58840250968933105469 0.17820739746093750000 0.52140128612518310547 0.00319294189102939992 1.17181515693664550781 -1.45513534545898437500 -1.97240591049194358142
-0.53597676753997802734 -1.21943104267120361328 1.09198284149169921875 1.13027489185333229749 0.64438921213150024414 -0.60179489850997924805 -1.42914867401123046875 0.09787261486053459858 -0.34995833039283752441 -1.52957391738891601562 -0.03147080540657039988
1.39555883407592751233 0.58039855957031250000 -0.24176400899887079410 -0.71731275320053100586 -0.47773987054824829102 1.43822252750396728516 -1.09104454517364501953 0.30022537708282470703 1.38720858097076416016 0.03901551291346549988 -0.38931903243064880371
-1.32850515842437744141 0.08802711963653560290 -0.28724616765975952148 0.96437901258468639032 -0.73920190334320068359 1.54247486591339111328 -0.50079876184463500977 -0.49129089713096618652 -1.34502720832824707031 -0.93672388792037963867 -0.61665791273117065430
0.28234389424324030093 -0.83819973468780517578 -1.16592204570770263672 -0.82535094022750854492 -0.73893219232559204102 1.08245992660522460938 -0.26960527896881097965 0.70396536588668823242 0.52529281377792358398 0.68039071559906005859 -0.29268211126327509097
-0.32291263341903680972 1.27683138847351074219 -0.39773714542388910465 -1.74001872539520263672 -0.26756972074508661441 0.76707202196121215820 1.16375410556793190686 -0.43490219116210937500 -0.04613337665796279907 -1.40135025978088378906 -0.85817998647689819336
1.19416022300720192639 0.06627493351697920365 -0.79475438594818115234 -1.54980492591857910156 -1.52043545246124289783 0.19987310469150540437 -1.65629494190216064453 1.05356478691101074219 -1.73215913772583007812 -0.91955655813217163086 -1.11065292358398437500
0.05832340940833089654 0.43724834918975830078 0.85545778274536132812 -0.59093993902206420898 0.62486702203750610352 0.41256698966026300601 -1.23585903644561767578 -0.81063723564147949219 -0.15325292944908139314 -1.65104901790618896484 0.90262037515640258789
-1.72653710842132568359 0.58267539739608764648 0.80228722095489501953 0.89287096261978149414 -1.17160034179687500000 1.34336590766906738281 -1.28078651428222656250 -1.04304647445678710938 -0.39705878496170038394 0.65779989957809448242 -1.07018232345581032483
0.71584063768386840820 -0.57928174734115600586 -0.14485606551170349121 1.27760422229766845703 0.42356362938880920410 0.70744132995605468750 -0.51451742649078369141 -0.93534326553344715460 0.24486519396305078677 1.46231508255004882812 0.86673694849014282227
-0.43192052841186517886 0.90488207340240478516 1.53182435035705566406 0.56630873680114746094 -1.11172556877136230469 -1.53779458999633789062 0.78173583745956420898 -1.69550204277038552014 1.51311898231506369861 1.62138140201568603516 1.19681763648986816406
-1.56246852874755859375 -0.39276570081710809879 -1.01482272148132324219 1.38455915451049804688 -0.21507106721401209048 -0.01630256138741970062 0.42510968446731567383 1.24654185771942138672 0.59608846902847290039 -0.06460972130298610339 -0.13716955482959738988
0.72460347414016723633 -0.67035591602325439453 0.29483419656753540039 -0.22717764973640439119 -0.46325585246086120605 0.86507135629653930664 -0.69877368211746215820 0.93365561962127685547 1.41357064247131369861 0.43726676702499389648 -0.32339584827423090152
0.69514268636703491211 0.03278202936053269817 -0.33646562695503229312 -1.04049301147460937500 1.22687518596649169922 -0.94497841596603404657 0.43958410620689392090 1.56413853168487571033 -0.32271409034728998355 -1.08574259281158447266 -0.00482391845434900022
1.67676985263824462891 0.70320272445678710938 -1.75235104560852050781 -0.72116607427597045898 -0.34602880477905267886 0.10173691064119330663 -0.61106526851654052734 -1.32916045188903808594 0.72892206907272338867 -0.74214369058609008789 0.87162327766418457031
-0.56654715538024902344 1.58471894264221191406 0.54072165489196777344 1.53880262374877929688 0.92024660110473643915 1.03181135654449462891 0.86461097002029418945 0.54932713508605957031 -0.17604634165763849429 -1.46986281871795632092 1.67410421371459960938
1.21126198768615722656 0.21879832446575159244 1.61015927791595458984 0.99939662218093883173 -1.36121463775634765625 0.55400913953781127930 1.53313744068145751953 0.27561172842979431152 0.67729812860488891602 -1.71750915050506591797 1.58281242847442649158
1.61437070369720458984 1.15193629264831542969 -1.47545504570007324219 0.04677289351820940189 0.99127548933029163702 -1.33101379871368408203 -0.14549742639064788818 -1.54033851623535156250 -1.06119918823242209704 -0.11440234631299969759 1.18229174613952636719
-1.04892301559448242188 -0.93346416950225841180 -1.64250338077545166016 0.97035092115402221680 -0.95735144615173339844 0.82355809211730957031 -1.64450955390930175781 -0.66354036331176757812 -1.25594532489776589124 -0.63921773433685302734 -0.09457112848758690571
1.51191484928131103516 -0.76344376802444458008 -0.08022928237915029348 -0.55676311254501342773 -0.32795676589012140445 -0.51871579885482788086 -1.16491794586181640625 -1.52407145500183105469 1.11557292938232421875 1.20469832420349121094 -0.49179702997207641602
-0.68699038028717041016 0.10384391248226160220 -0.39729335904121398926 -1.52745234966278076172 -0.57914566993713378906 0.72626823186874389648 0.52503842115402221680 0.61679190397262573242 0.98405253887176524774 -1.28419554233551047595 -1.39323794841766357422
1.44362080097198486328 0.66917794942855834961 -1.71604514122009277344 -0.80643504858016967773 -0.00833733007311819943 -1.03078138828277610095 -0.29469409584999078922 -0.17908658087253570557 -1.54968750476837158203 0.61097663640975952148 0.85016399621963500977
-1.24984359741210937500 -1.06130254268646240234 1.50868964195251464844 0.86071592569351196289 -1.40194165706634521484 1.09053397178649902344 1.63360035419464111328 1.45574784278869628906 -0.02323763817548750096 0.94707822799682617188 -0.09066294133663170551
1.54994654655456542969 0.06668365001678459858 1.09327757358551047595 -0.73863893747329711914 -0.46549081802368158511 -0.70147019624710083008 -0.41160345077514648438 1.21000015735626220703 0.36352124810218811035 -0.74647593498229980469 0.49844869971275329590
-1.25724017620086669922 -0.47438055276870727539 0.48790922760963439941 0.22072197496891018953 -1.35670208930969238281 -0.06356304883956899465 1.60446882247924804688 1.07432031631469726562 -0.73730915784835815430 -0.48806309700012201480 -1.16240131855011008533
-1.64788722991943359375 -0.33049106597900390625 0.33535647392272949219 -1.76190638542175292969 -0.03798351809382430333 0.40072572231292719058 0.87572109699249267578 -1.20296537876129150391 1.09096014499664306641 0.69627153873443603516 -2.28257632255554199219
1.24506390094757080078 1.28132247924804687500 1.01869475841522216797 -1.21983706951141357422 -1.02917945384979248047 -0.24141526222229001131 0.68164473772048950195 0.92432010173797596320 -1.11430144309997558594 -0.97933059930801402704 -0.59715026617050170898
-1.41783106327056884766 -0.00716983713209620038 -1.51037895679473876953 0.23660138249397269505 1.06965446472167968750 -0.86587077379226684570 0.43856015801429748535 -0.96501970291137695312 -0.19460558891296381168 -0.76926982402801513672 -0.21042412519454950504
-1.01018130779266357422 0.14037114381790161133 -0.37924438714981079102 -0.50748872756958007812 1.43662464618682861328 1.62205147743225097656 1.42270314693450927734 -1.10621261596679687500 -0.25204360485076898746 1.38145565986633300781 -0.34602355957031250000
0.37548619508743280582 1.79625535011291503906 0.57014733552932739258 1.24785053730011008533 0.35081732273101801090 0.33098682761192321777 0.27984586358070367984 1.44822454452514648438 0.99568253755569458008 1.45416784286499023438 1.38255524635314941406
-1.18997287750244140625 0.88886719942092895508 1.01154673099517822266 1.17436754703521728516 -0.16565003991127011385 -0.80901944637298583984 -1.38741028308868408203 -0.57287293672561645508 0.30670514702796930484 1.00053405761718750000 0.53088605403900146484
1.38561010360717751233 -1.61497175693511962891 -0.04005903378128999881 -1.11919236183166503906 0.23149755597114560213 -0.33488580584526062012 -1.10421514511108398438 -0.80385279655456542969 0.78785276412963867188 -0.73445659875869750977 -1.67214620113372802734
0.12201955914497369937 1.43594014644622802734 1.20458233356475830078 0.76242768764495849609 0.78962677717208862305 1.51605021953582763672 -0.21266765892505640201 -0.87039345502853393555 0.32867240905761718750 1.31080853939056396484 1.67358601093292236328
1.60409736633300781250 -0.08083276450633999910 -0.66869455575942993164 -1.37402737140655517578 -1.24125421047210693359 0.78061079978942871094 0.38409024477004999332 1.47309899330139160156 -0.76371568441390991211 -0.74505645036697387695 -0.81659495830535888672
-0.88017791509628295898 -1.10314345359802246094 -0.89982748031616210938 -1.56876707077026367188 0.75061994791030883789 0.46038165688514709473 -1.05875396728515625000 -0.11995943635702130403 0.82791101932525634766 0.35079798102378839664 -1.72167122364044189453
0.01223203353583809938 1.09528923034667968750 -1.45757913589477539062 -1.25683188438415527344 -1.17857384681701660156 1.13329720497131369861 0.76348084211349487305 1.06219863891601562500 1.27755498886108398438 1.35585403442382790296 -0.20990893244743338841
-0.25445556640625000000 0.22758120298385620117 1.14096415042877197266 0.21205821633338919896 -0.83408850431442260742 1.25501585006713889392 0.71363413333892822266 0.94946813583374023438 -0.13384595513343811035 1.06605124473571777344 -0.00629795435816040035
-0.08297362923622129960 -0.61572527885437011719 -0.30336493253707880191 -0.75013196468353271484 0.21171809732913970947 -0.76031500101089477539 -0.44749671220779418945 -0.79814779758453369141 -1.42078685760498046875 -0.65102183818817138672 -0.61232256889343261719
1.28265190124511718750 -0.85937482118606567383 -1.76819491386413552014 0.54392313957214355469 1.27255940437316894531 0.95030122995376598016 0.31604567170143127441 -0.26770466566085809879 0.80259716510772705078 -1.24992251396179199219 1.29307425022125244141
-1.40548431873321510999 1.50891315937042236328 -0.30509394407272338867 -1.23443722724914550781 -1.22386908531188964844 1.30055963993072509766 -0.36127477884292602539 -0.24774791300296780672 1.44721674919128417969 -0.55094182491302490234 -1.87494504451751708984
1.38782966136932350842 -0.92435896396636962891 -1.38596737384796142578 0.00320641812868410021 -1.64130795001983642578 0.04100417718291279878 0.40147265791892999820 -0.01927087828516960144 -1.36793768405914306641 -1.72524249553680419922 -0.20488306879997250642
-0.28993567824363708496 1.61354720592498779297 -0.01545950118452310042 0.15531443059444419164 -1.16676795482635498047 -0.73340630531311035156 0.01161909755319349979 -1.65891349315643310547 -1.10193955898284912109 1.02815747261047363281 0.40762874484062189273
1.33558011054992675781 -1.38197386264801047595 0.84917145967483520508 1.30602622032165527344 -1.05807435512542724609 1.56070744991302490234 0.24669149518013000488 -0.89233708381652832031 -0.67280620336532592773 -0.37131285667419428043 -0.42438703775405878238
-0.82858043909072875977 0.90276652574539184570 -0.06703252345323559847 0.48612597584724420718 -0.30318292975425720215 0.65501064062118530273 -1.12502789497375488281 0.64394086599349975586 0.05813331529498100281 -0.19576516747474670410 -0.13734102249145499486
-1.11325144767761230469 0.31199881434440607242 -1.67363321781158447266 0.35142561793327331543 -1.04196798801422119141 1.09015035629272460938 1.33091425895690917969 -0.00737054832279679991 -1.53932619094848632812 0.93339419364929199219 0.18526764214038848877
-1.45986080169677712171 -1.22913241386413552014 1.43135738372802712171 1.44268512725830078125 0.09474502503871909398 0.45615926384925842285 -0.16662898659706110172 0.66080850362777709961 -0.37908163666725158691 -0.10914695262908929996 0.04838735237717620152
0.26446962356567377261 -1.67268502712249755859 -1.16196000576019287109 0.34454956650733947754 -0.23633620142936700992 -1.39575874805450439453 -1.05154645442962646484 -0.57292681932449340820 0.61867934465408325195 -1.31331646442413330078 -1.04859220981597900391
-1.76075851917266845703 -0.56296151876449584961 -0.32735186815261840820 -0.30224919319152832031 -1.58563935756683349609 1.50745236873626708984 0.28867560625076288394 -0.00978241860866540039 -1.46258950233459472656 -1.28526902198791503906 -2.16853022575378417969
1.30033648014068603516 1.70102059841156005859 0.12791985273361200504 0.41858083009719848633 -1.15787041187286376953 -0.64411288499832153320 -0.12849916517734519261 0.51814538240432739258 -0.61256527900695800781 -0.96446591615676879883 -1.04443502426147460938
1.57850587368011474609 -0.31286916136741638184 -1.73360955715179443359 -0.62767112255096435547 -0.55528753995895385742 -0.25733199715614318848 0.68030279874801635742 -0.25054666399955749512 1.68381690979003906250 -0.60188788175582885742 0.71710067987442016602
0.99315923452377319336 -1.32977545261383056641 -1.38299882411956809314 -1.43377935886383056641 1.32579767704010009766 0.15752756595611569490 0.46192145347595209293 0.77092635631561279297 0.11885522305965419421 -0.09705288708209990067 -0.27898958325386047363
0.34841418266296381168 -0.79920673370361328125 -0.41053017973899841309 0.99926763772964477539 -1.02655184268951416016 1.43461203575134277344 -1.71071588993072509766 1.44553124904632568359 -0.61162227392196655273 1.23891687393188476562 0.04673995077610010318
1.49958121776580810547 1.01830184459686279297 -0.42063954472541809082 0.80664199590682983398 -0.82233428955078125000 -1.33420252799987792969 1.22450554370880126953 -0.09858023375272749467 -0.57515448331832885742 -1.24985146522521950452 0.18701030313968650121
0.30395743250846857242 -1.25465142726898193359 -0.70079374313354492188 -0.93292266130447398798 -1.22883403301238991467 0.49085193872451782227 0.38701859116554260254 -0.70470088720321655273 -1.72075366973876953125 -1.30876004695892311780 -1.69989097118377685547
1.21436774730682350842 1.11898720264434792249 -0.51911842823028564453 1.06767416000366210938 -0.28628149628639221191 -0.51455885171890258789 -0.92856788635253917352 0.82871121168136596680 0.85969316959381103516 -0.82388979196548461914 0.94634783267974842413
1.41543602943420410156 1.01784706115722656250 -0.10074374079704280505 0.48961421847343439273 0.23401257395744320955 -1.53812992572784423828 -1.51398956775665283203 0.39932778477668762207 0.01785545609891410132 -0.84908783435821533203 0.79676413536071777344
-1.32327294349670410156 -0.25377073884010309390 -1.06423497200012207031 1.06583774089813232422 1.49872744083404541016 -0.85642874240875244141 0.28770262002944940738 -1.26032662391662597656 -0.45963695645332330875 0.30854064226150512695 0.70738500356674194336
-1.08338344097137428967 -0.54536920785903930664 -0.92015755176544200555 0.56727826595306396484 -0.75619465112686157227 0.22967331111431119051 1.46990621089935302734 1.53516519069671630859 0.55839425325393676758 -0.61789536476135253906 -1.02865505218505859375
-0.76307141780853271484 1.51359260082244873047 -1.43940615653991699219 -0.68755114078521728516 -1.02661335468292236328 -0.65405315160751342773 -0.80274415016174316406 0.22191706299781799316 -1.05846214294433593750 0.22143088281154629793 0.30513507127761840820
0.83913290500640869141 0.43124762177467340640 1.58182227611541770251 0.07987548410892479633 1.51355373859405517578 0.29062160849571228027 -0.96512269973754882812 -1.65017676353454589844 -1.56115531921386718750 0.26023954153060907535 2.07131123542785644531
0.10486166924238199405 0.35695180296897888184 -1.70258593559265136719 0.63071292638778686523 -0.46409651637077331543 0.13567276298999780826 -1.33117175102233886719 0.50567609071731567383 -0.25436425209045410156 -0.04691795632243150188 1.29711985588073730469
-1.25512230396270751953 -1.55238974094390869141 -0.24764434993267059326 -0.75536394119262695312 -0.05992933735251419758 -0.34494763612747192383 -1.41097295284271240234 -0.19992524385452270508 0.92477935552597034796 -0.98672342300415039062 -1.82588338851928710938
-0.19883002340793609619 0.15399567782878870181 -1.47152662277221679688 -1.21441864967346191406 1.16267359256744384766 -0.49128335714340209961 -0.24593691527843469791 -0.80883806943893432617 0.23998157680034629124 0.28741371631622308902 0.00593061558902259998
-0.62450009584426879883 -0.90211021900177001953 1.41345822811126708984 -0.28582903742790222168 -0.63334667682647705078 0.90871465206146240234 1.41847205162048339844 1.64760684967041015625 -0.97400718927383422852 -1.21676492691040039062 -0.24787993729114529695
-1.04545855522155761719 0.14462764561176300049 0.89617741107940673828 -0.76300406455993652344 0.69100862741470336914 0.40047466754913330078 -0.71851205825805664062 1.32439291477203369141 -1.60060429573059082031 1.45795464515686035156 -0.57039368152618408203
-1.67459964752197287829 1.51303863525390625000 0.87620490789413452148 0.69513195753097534180 -1.29082119464874289783 0.48713219165802001953 -1.60793507099151589124 -0.69682741165161132812 1.30538463592529296875 -0.28347206115722650699 -0.84971874952316284180
0.32028335332870477847 1.21845006942749023438 -1.37286114692688010486 1.27276313304901123047 1.11952567100524902344 1.01922953128814697266 -1.47613894939422607422 0.86444973945617675781 1.61498606204986550061 -0.07163106650114059448 2.33674669265747070312
0.39516186714172357730 -0.38996946811676019840 -1.53246521949768088611 1.18610167503356911389 -0.77175039052963256836 1.28123664855957031250 1.69696235656738281250 0.98996090888977039679 -0.66540592908859252930 -0.67441338300704956055 1.27865540981292724609
0.71746838092803955078 -1.44427645206451416016 1.04603993892669677734 -1.30815410614013671875 -0.58769255876541137695 -0.28030693531036371402 0.16363279521465298738 1.31970453262329101562 -1.33404815196990966797 1.06533741950988769531 -2.10470294952392578125
-1.00585222244262695312 -0.70341390371322631836 1.53972244262695312500 -0.31977704167366027832 -1.73194789886474609375 -1.64372801780700683594 -0.82520198822021484375 -1.31971943378448486328 0.36848798394203180484 1.46679174900054909436 -0.90027803182601928711
-1.21692693233489990234 0.39530080556869501285 0.21817702054977408666 0.73376631736755371094 -0.70329731702804565430 -0.10228689759969709916 -0.86008942127227783203 -0.29887625575065607242 -0.56626391410827636719 -1.70798444747924804688 -0.90919196605682361945
-0.62449204921722412109 -1.68940091133117675781 1.51996505260467529297 -0.97956311702728282587 -1.69359612464904807361 -0.93350654840469360352 -0.06838021427392959595 -0.87369102239608764648 -1.65633535385131835938 -1.36800634860992431641 -1.70650660991668701172
1.34476602077484130859 -0.95736271142959594727 -0.26642513275146478824 0.84631145000457763672 -0.75544106960296630859 1.35750484466552712171 0.78688353300094604492 0.39724859595298761539 -1.10126006603240966797 1.24339127540588378906 0.04326828569173810091
-0.21205994486808771304 0.55546081066131591797 -0.79627072811126708984 -1.29134714603424072266 -0.66543942689895629883 -1.05232024192810058594 1.32286775112152099609 -1.58622205257415749280 -1.25653862953186035156 -1.18547129631042480469 -0.73899471759796142578
1.50067484378814697266 -0.93276423215866077765 0.53752076625823974609 0.70956236124038696289 1.11010515689849831311 0.47139409184455871582 0.26412618160247802734 1.28293335437774658203 -0.00660922005772590030 -0.93707340955734241827 0.89641249179840087891
-1.07242858409881591797 -0.26178681850433349609 1.39252531528472900391 1.42702627182006835938 1.00745308399200439453 1.56487488746643088611 -1.20857107639312744141 0.69286936521530151367 -1.28369414806365966797 1.64614999294281005859 1.17181360721588112561
1.60197424888610839844 1.74190437793731689453 0.44703674316406250000 1.28009665012359619141 -0.59156763553619384766 0.84819185733795166016 0.20052273571491238680 1.46531522274017311780 0.83287435770034790039 1.39629495143890380859 -0.27164074778556818179
-0.58880907297134399414 0.19347700476646420564 1.17566454410552978516 0.98821139335632324219 0.41724076867103571109 0.61745136976242065430 -0.17547135055065149478 0.90737473964691162109 0.32232895493507379703 -0.02321902662515639912 1.39593124389648437500
-1.40290069580078125000 -0.94128316640853881836 1.53014075756072998047 -0.31925430893898010254 0.38306424021720880679 -0.27483466267585748843 -0.32344990968704218082 0.74803525209426879883 0.53919005393981933594 -0.81057715415954589844 -0.77478283643722534180
1.30458045005798339844 -0.69428336620330810547 0.18355932831764221191 0.57264471054077148438 0.16417683660984039307 0.79249316453933715820 0.65098524093627929688 0.37664878368377679996 -0.60304743051528930664 -1.63956534862518310547 0.77844178676605224609
-1.10871458053588889392 0.71327066421508789062 0.40604802966117858887 -1.59870016574859619141 0.74576556682586669922 1.58494460582733154297 1.34188234806060791016 -0.51610493659973144531 -1.22214961051940917969 -0.47228512167930597476 -0.83804184198379516602
-0.46101561188697809390 1.70122277736663818359 1.27853214740753151624 0.46859493851661682129 1.40264880657196044922 -0.32723245024681091309 -0.06794977188110350175 -1.70985245704650878906 0.85683280229568481445 -0.78245753049850463867 2.00857186317443847656
-0.42397028207778930664 -1.16692078113555908203 1.22118687629699707031 1.11504650115966796875 -1.60611736774444580078 -1.72487175464630126953 0.14116999506950370091 1.38000869750976562500 1.40014517307281494141 0.18780283629894251041 -0.46629241108894348145
-0.59757524728775024414 -1.62647199630737304688 1.28246748447418190686 1.53775238990783691406 -0.21120294928550720215 -0.67960256338119506836 0.05383508652448650011 -1.48772919178009033203 -0.88768798112869262695 0.71104645729064941406 0.20078828930854789037
1.71277546882629394531 0.63351511955261230469 -0.31751686334609979800 -1.48956024646759033203 -0.18665067851543420963 0.19100996851921078767 0.65173029899597167969 -1.10934805870056152344 0.91952943801879882812 -1.05791056156158447266 -0.80121487379074096680
0.57863438129425048828 0.23173117637634269017 0.69153666496276855469 0.11699631810188290681 0.07214313745498650288 1.31671333312988281250 0.55677753686904907227 -1.74612259864807128906 -1.07618498802185058594 1.21005392074584960938 0.70769029855728149414
0.46002078056335449219 0.67470604181289672852 1.18694722652435302734 1.56657612323761008533 0.46834135055541992188 -0.66615432500839233398 -0.43428987264633178711 1.17847466468811035156 1.32370245456695556641 1.43950808048248291016 2.04265713691711425781
-0.22805172204971310701 0.11126837134361260151 -0.35427793860435480289 -1.09976053237915039062 1.12604367733001708984 -1.25125741958618164062 -1.37941324710845969470 -1.17486882209777832031 -0.08048886060714720292 -0.01823576167225830075 -0.36917302012443542480
-1.21759080886840820312 0.00847123842686410035 0.68015819787979125977 -0.78297638893127441406 -0.37043750286102289371 -0.76428711414337158203 -0.01668652333319179878 1.43426644802093505859 -0.40740776062011718750 -1.48605942726135231702 -1.54441535472869873047
-0.60547065734863281250 -1.10277223587036110608 -0.79320305585861206055 0.01410622987896200005 0.18994477391242980957 -0.02500429563224310092 0.20400172472000119295 -1.60221219062805175781 0.92661881446838378906 0.35770750045776361636 -0.79224646091461181641
-0.46697264909744262695 -0.02405636943876739847 0.30287885665893549136 1.15687704086303710938 1.07691645622253417969 1.44350171089172363281 0.73457372188568115234 -1.47778737545013449939 -1.54705798625946044922 -0.16567672789096829500 0.64139473438262939453
1.51809835433959960938 -1.67242085933685302734 1.32290065288543701172 -1.71291196346282958984 0.15985420346260070801 0.01111024804413309960 0.97803074121475219727 0.86230713129043579102 0.44794860482215881348 1.41959226131439208984 -1.62540364265441894531
-1.70092236995697021484 -1.48884904384613037109 -1.54478204250335693359 0.17421193420886990633 -0.83683484792709350586 1.27972745895385742188 0.96817302703857421875 -0.79253017902374267578 -1.67934191226959250720 0.04306102544069290161 -0.71836149692535400391
0.02755035646259779841 -0.48860901594161987305 -0.52930957078933715820 1.42203986644744873047 -1.46938478946685791016 -1.15403652191162109375 -0.23395049571990961246 0.23835541307926169652 1.24820590019226074219 -0.30184599757194519043 0.29714366793632507324
1.49726653099060058594 1.38059008121490478516 0.46042856574058532715 -1.20536983013153076172 -1.59039711952209472656 -0.50315219163894653320 1.37660074234008789062 -1.72765421867370605469 1.30935084819793701172 -1.06631338596343994141 -1.42227470874786376953
0.56273066997528076172 -0.49473533034324640445 -0.04379377886652940227 -1.33573520183563232422 1.00699269771575927734 1.13389134407043457031 1.17420768737792968750 1.40501224994659423828 0.10725768655538550633 0.41614967584609979800 -0.40718188881874078922
1.04415965080261230469 0.46666878461837768555 0.57875400781631469727 0.75862920284271240234 1.65921127796173095703 -1.41696393489837646484 1.08311331272125244141 -0.37452036142349237613 -0.45752239227294921875 -0.39211180806159967593 1.63317871093750000000
-1.08621656894683837891 -1.69266140460968017578 1.15113604068756103516 -0.00875188782811159999 -1.53495836257934570312 0.02929782122373579892 0.95828175544738758429 -0.40242758393287658691 1.35939562320709250720 0.40713509917259210757 -1.22132945060729980469
-1.29667818546295166016 -0.39374813437461847476 0.20980788767337799072 0.53200531005859375000 0.13745477795600891113 -0.87434309720993041992 -0.36342328786849970035 -1.16395926475524902344 0.83134269714355468750 1.39078307151794433594 -0.92300367355346679688
0.70609462261199951172 -1.51513540744781494141 -1.62894093990325927734 1.38633215427398681641 0.06223739311099049654 1.24736678600311279297 1.16372179985046408923 -0.85203015804290771484 1.40644454956054687500 0.52070951461791992188 0.87415593862533569336
1.49778234958648681641 -1.26731729507446289062 -0.42363494634628290347 0.40958642959594721011 -1.10779464244842529297 -0.80116951465606689453 0.48807173967361450195 0.82480937242507934570 0.04305702820420260341 -1.03176653385162353516 -0.44327259063720697574
0.66574144363403320312 -0.87122887372970581055 -1.19536888599395751953 1.30606114864349365234 0.65651237964630126953 -1.59956991672515869141 1.17587685585021950452 0.71401351690292358398 -0.28944244980812072754 -1.21741092205047607422 1.30126929283142089844
1.68838357925415039062 -0.79823607206344604492 -1.19988346099853515625 1.60479426383972167969 -0.04206830263137809750 1.55203580856323242188 1.09069204330444335938 -0.28758168220520019531 0.57265943288803100586 -1.28003978729248046875 1.46935701370239257812
-0.08991277962923049927 -0.53808981180191040039 -0.44099318981170648746 -0.33718526363372802734 0.67501425743103027344 1.06964647769927978516 0.41020488739013671875 0.63358473777770996094 0.68744963407516479492 1.37104904651641845703 -0.03350107744336119908
-0.06758687645196910510 -0.65861070156097412109 0.06778759509325020527 0.75456744432449340820 0.46681475639343261719 -0.89579451084136962891 1.12999904155731201172 0.03382239863276480241 -0.76816916465759277344 -1.57423925399780273438 0.42736962437629699707
0.83961045742034912109 -1.20667588710784912109 1.09473776817321777344 0.02522347122430800004 -1.68314743041992209704 -0.64681690931320190430 1.16516566276550292969 -0.19530577957630149144 1.05454146862030029297 0.88471084833145141602 -0.98467785120010375977
0.79602736234664916992 0.82127857208251953125 -0.17368261516094199437 0.17807783186435699463 -1.64374291896820090564 -0.28364008665084838867 1.51002573966979980469 1.25554060935974121094 -0.74896997213363647461 -0.24343673884868619051 0.45459052920341491699
-0.12453895062208170108 1.27831017971038818359 -1.67691779136657714844 -1.56407475471496582031 0.83601510524749755859 0.91110217571258544922 -0.74342310428619384766 0.22442531585693359375 -0.43504029512405389957 -1.37758970260620117188 1.11021757125854492188
0.26535177230834960938 1.25974667072296142578 0.65576821565628051758 -0.72726291418075561523 -0.18557058274745941162 -0.97764253616332996710 1.54254114627838112561 0.41610568761825561523 0.35534051060676569156 -0.88879078626632690430 0.33193197846412658691
-1.66021668910980224609 0.58863401412963867188 -1.10247135162353515625 0.19134286046028128880 -0.57376319169998168945 -0.35509333014488220215 1.70379161834716796875 0.33298188447952270508 0.95216208696365356445 -0.90740066766738880499 -0.95581150054931640625
-0.76816588640213012695 -0.46991053223609918765 -0.37255445122718811035 1.20250058174133300781 -0.99108737707138061523 1.24706268310546875000 0.52878087759017944336 0.75163048505783081055 -1.31423878669738769531 -0.77039808034896850586 -0.19114613533020019531
-0.70790117979049682617 0.48984801769256591797 -0.58314782381057739258 -0.45789477229118341617 -0.01128387078642839950 -1.12180089950561523438 0.02214908227324479881 -1.32364726066589355469 -0.66282516717910766602 -1.16442048549652099609 -0.47570607066154479980
0.29740455746650690250 0.73311626911163330078 -1.15190875530242919922 0.38849142193794250488 -1.00225615501403808594 -0.87180137634277343750 -1.13125288486480712891 1.54261887073516845703 -1.20137155055999755859 1.32835757732391357422 0.80322623252868652344
0.38586702942848200015 -1.74951744079589843750 1.58083546161651589124 -0.20082348585128778629 -0.65262109041213989258 -0.25181213021278381348 -1.46789896488189697266 -0.28887304663658142090 1.51552176475524902344 -0.89426559209823608398 -0.61423176527023315430
-0.34434643387794489078 -1.63939785957336447986 -0.59004670381546020508 1.10127937793731689453 -1.48944890499114990234 0.73930633068084716797 -1.25357496738433837891 1.58440375328063964844 0.84166085720062255859 -0.56130689382553100586 -1.05588221549987792969
-1.08183717727661110608 0.06006301566958419796 0.97583556175231922492 -0.18576933443546289615 -1.41799855232238769531 -0.27216205000877380371 -0.71558761596679687500 -0.02021067775785919882 -1.10595190525054909436 0.22429621219635009766 -0.99360966682434082031
1.22388648986816406250 0.91563701629638682977 0.75421744585037231445 -1.01964855194091796875 -0.06181211024522779984 1.61630177497863769531 1.15484893321990966797 0.45021688938140869141 -1.08589828014373779297 1.57288205623626708984 0.24991281330585479736
0.91626232862472523077 -0.25609147548675531558 -0.28084787726402282715 -1.45039391517639160156 0.81115597486495971680 0.66391742229461669922 -0.20794223248958579320 -0.48631584644317621402 -0.05244913324713700031 0.14703996479511260986 -0.55729788541793823242
1.19032144546508789062 -0.53667670488357543945 -0.83282184600830078125 1.61751306056976318359 -0.88029354810714721680 -0.40129610896110529117 0.36178329586982721500 1.35109114646911621094 0.82750725746154785156 0.86483240127563476562 1.35236752033233642578
-0.68954950571060180664 -0.05938754230737679912 0.04204046353697769856 -1.09102094173431396484 -1.68437576293945312500 -1.72512292861938476562 1.17269194126129150391 1.51028299331665039062 -0.51529943943023681641 0.32729238271713251285 -1.78429055213928222656
-0.20967565476894378662 -0.25003832578659057617 1.54512119293212890625 0.53202366828918457031 -0.35898631811141967773 -0.65534675121307373047 0.40786984562873840332 -1.20986735820770263672 -0.40846776962280267886 1.63618278503417968750 0.64711594581604003906
-0.06127775460481640207 -1.34240198135375976562 0.24317869544029230289 0.39193797111511230469 -1.57927405834197998047 -0.63620954751968383789 0.26516237854957580566 1.53447794914245605469 0.74137759208679199219 -1.64449918270111083984 -1.44574892520904541016
0.38193663954734802246 1.59049797058105490954 -0.34418308734893798828 1.26765978336334250720 1.58811485767364501953 0.66507542133331298828 -0.18504096567630759496 0.16569884121417999268 -1.31453633308410644531 -0.19445413351058959961 1.83188295364379882812
1.60233187675476074219 -1.19460582733154296875 -0.05682015419006340023 -0.45755586028099060059 1.63324689865112304688 0.70778447389602661133 0.58169060945510864258 -1.58263456821441650391 0.48211318254470819644 0.52076631784439086914 -0.29282930493354797363
0.46086874604225158691 -0.17141553759574890137 0.65396332740783691406 0.91413325071334838867 -0.93705177307128917352 -0.62692570686340332031 -0.92990934848785400391 0.05845773220062250308 -0.92523872852325439453 -1.43719029426574707031 0.71435630321502685547
-0.95944982767105102539 -0.79765790700912475586 0.74728870391845703125 0.88566333055496215820 -1.04818773269653320312 0.92904627323150634766 -0.01710806228220460024 1.33561456203460693359 -0.48472276329994201660 0.10592935979366299715 -0.39013782143592828922
0.70599907636642456055 0.45322108268737787418 -0.91431748867034923212 -1.35546600818634033203 -1.74957478046417236328 -0.03832678496837609722 -1.71375823020935058594 -0.86659961938858032227 -0.47844746708869928531 -0.78350520133972167969 -0.27694448828697199039
-1.51416277885436989514 1.08850431442260742188 0.58561301231384277344 1.38995981216430664062 -0.38624337315559381656 -0.19923910498619079590 0.83308547735214233398 -0.09993873536586760087 0.86061882972717285156 -1.23697280883789062500 0.09881582856178279528
-1.61931383609771728516 -0.10217367112636560611 -1.39781129360198952405 0.13247695565223691072 -1.36712145805358886719 -0.19031541049480429906 0.65933668613433837891 0.02910266257822510111 -1.54676640033721923828 1.07159864902496337891 -1.11741924285888671875
0.30656525492668151855 0.69934970140457153320 -0.04414762556552880024 -0.74710279703140258789 1.23739135265350341797 0.00382432574406260011 1.49628424644470192639 0.06492234766483299946 0.03835464268922800235 -0.47163709998130798340 0.49037200212478637695
0.75158590078353881836 -0.92371344566345203742 0.96179622411727905273 0.83171540498733520508 0.81120091676712036133 -0.63158845901489257812 -0.66156125068664550781 -1.47153353691101074219 0.22992445528507229890 -0.21781831979751581363 0.58033037185668945312
-1.54291927814483642578 0.77908390760421752930 -1.71902954578399658203 -1.65016901493072509766 1.22663235664367675781 -0.74196797609329223633 -0.35320836305618280582 -0.90159475803375244141 1.64255559444427490234 -0.71761614084243774414 -0.77028185129165649414
-0.15868845582008359041 0.34598007798194879703 0.72499310970306396484 -1.40564894676208496094 1.55631375312805175781 -0.20652389526367179173 0.29904797673225397281 0.54290282726287841797 -0.52867764234542846680 -0.00456490088254210037 0.03148904442787169716
-0.88407862186431884766 1.74434924125671408923 -1.24337339401245117188 -1.67841124534606911389 -0.90144479274749755859 0.47959199547767639160 0.53259128332138061523 0.58596235513687133789 -0.30947235226631159000 0.01863224431872359879 -1.02723228931427001953
-0.13983680307865140047 0.48379477858543390445 -1.73246836662292480469 0.45527470111846918277 1.40179264545440673828 -0.95971101522445678711 0.75318735837936401367 -1.25451374053955078125 -0.69873607158660888672 -0.22460341453552240543 1.73118066787719726562
-0.81621134281158447266 0.14631949365138999242 1.21940350532531738281 -0.73994016647338867188 1.60402810573577880859 0.69455641508102416992 1.20533800125122070312 -0.30892357230186462402 0.47396326065063471011 0.56697893142700195312 -0.30456784367561340332
-1.47061300277709960938 1.23947477340698242188 -0.35039979219436639957 -1.21458506584167480469 1.44271945953369140625 -0.26938658952713012695 1.50914144515991210938 -0.06190372630953779737 -0.51281887292861938477 1.30402088165283203125 -0.96606451272964477539
1.49747240543365478516 0.56557565927505493164 -1.56913256645202636719 -0.32050701975822448730 0.07102912664413449373 1.06970882415771484375 1.44679105281829833984 0.46123653650283807925 1.40813314914703369141 1.39846396446228049548 1.05448639392852783203
-1.30213916301727294922 -1.74374771118164062500 -1.57450056076049804688 -0.81051969528198242188 -0.88565415143966674805 -1.10133588314056396484 0.13513782620429989900 0.55737137794494628906 0.23910112679004669189 -0.80184912681579589844 -1.27058815956115722656
0.27840414643287658691 -1.34916532039642311780 -1.34717059135436989514 -0.24623176455497738924 -0.10282815992832179675 -1.14508247375488281250 0.45894885063171381168 0.37514108419418329410 0.18050183355808249730 -0.85400283336639404297 -0.95761644840240478516
0.35605669021606439761 0.67235374450683593750 0.30050450563430780582 0.53358191251754760742 -0.47111600637435907535 1.04876756668090820312 1.56647586822509765625 1.32386171817779541016 1.38597631454467751233 0.86967229843139648438 0.56835365295410156250
0.88230615854263305664 0.25609621405601501465 0.65350168943405151367 1.48290491104125976562 1.52198970317840576172 -1.03213584423065207751 0.74024385213851928711 1.40803694725036621094 0.16675485670566558838 -0.81067824363708496094 1.96813344955444358142
-0.04932697862386700022 1.61236476898193359375 0.24598565697669980135 -1.56501221656799316406 -0.98363608121871959344 -0.64875608682632446289 -0.83839046955108642578 -1.41300368309020996094 -0.83476847410202026367 -1.15822327136993408203 -0.76150286197662353516
-1.35798704624176047595 -0.51492881774902343750 0.01188912615180010013 -0.52503359317779541016 1.03910100460052490234 -1.60903072357177712171 0.39619904756546020508 -1.18253755569458007812 1.39349055290222167969 -1.18763947486877441406 -1.06174075603485107422
1.48417723178863525391 1.30618345737457275391 -1.54924476146697998047 0.49356412887573242188 -0.64219188690185546875 -0.54016184806823730469 -1.53696656227111816406 0.49120262265205377750 0.97761011123657237665 -1.19485175609588623047 0.80086857080459594727
-1.12414395809173583984 -0.31259489059448242188 1.56618285179138183594 -1.36057317256927490234 1.62417018413543701172 1.51695513725280761719 -1.35395908355712890625 -1.36879825592041015625 -1.20469403266906738281 1.61161792278289794922 -0.98465132713317882196
1.02427256107330322266 -1.04022312164306640625 1.12519764900207519531 -1.22759950160980224609 -0.40861889719963068179 1.39960050582885742188 -1.71727359294891357422 0.33972644805908197574 1.50224173069000244141 0.50390225648880004883 -0.75601613521575927734
0.21524164080619809236 0.59709787368774414062 1.28731524944305419922 -1.73415470123291015625 1.47134315967559792249 1.33430695533752441406 -1.30172383785247802734 -0.10408640652894969592 -0.81119501590728759766 0.07210589945316310534 0.20546638965606689453
0.13931244611740109529 -0.85810071229934692383 -0.75307244062423706055 -0.48349660634994501285 1.47386515140533447266 0.35457083582878107242 0.53425937891006469727 0.31465029716491699219 -0.50181412696838378906 -1.68061304092407248767 -0.36078351736068720035
-1.06203198432922363281 1.71622419357299804688 -1.56953287124633789062 -0.30180111527442932129 0.28281915187835687808 -0.39826762676239008121 0.23984342813491821289 -1.12656605243682861328 0.55042684078216552734 -1.53278863430023193359 0.77923405170440673828
1.39583647251129150391 1.45691728591918967517 1.07096982002258300781 1.41346502304077170642 0.92286723852157603876 0.43164801597595209293 0.37277635931968688965 -0.64483720064163208008 -1.00622487068176269531 -0.77197909355163574219 1.43402922153472900391
0.73759698867797851562 -0.25007125735282897949 0.08002167940139770508 1.22793173789978049548 1.13971674442291259766 1.19063532352447509766 -1.47124814987182617188 -1.44092130661010742188 0.53300058841705322266 -1.49187839031219482422 1.11438667774200439453
1.34667801856994628906 0.65513128042221069336 -1.52812325954437255859 0.60159552097320556641 -0.68930256366729736328 0.48278686404228210449 1.24529635906219482422 -1.14855992794036887439 -1.71656584739685058594 -0.15619602799415580052 1.58112978935241699219
0.42792779207229608707 0.58633017539978027344 -1.73779559135436989514 0.52778869867324829102 0.11079435795545569676 0.26939475536346429996 -1.06703853607177712171 -1.36860895156860351562 -1.59718787670135498047 1.56162524223327636719 1.68857848644256591797
-0.35872405767440790347 1.48456943035125710217 0.46253821253776550293 -0.60569357872009277344 0.61474645137786865234 0.39359241724014282227 0.22376026213169089574 0.95703601837158203125 1.38130927085876464844 -1.55679678916931152344 0.17146411538124078922
-0.71774506568908691406 0.25232920050621032715 0.10025998950004569310 1.10599935054779030530 -1.11395454406738281250 -1.55940389633178710938 1.06845116615295410156 1.11205744743347167969 -1.66225993633270263672 1.56900811195373535156 -0.11294194310903539480
1.07576835155487060547 0.19934521615505210179 -0.77419185638427734375 0.64564889669418334961 1.60666358470916770251 -0.90138101577758800165 -1.21815657615661621094 0.88034015893936157227 -0.58962720632553100586 -0.81332463026046752930 1.42122328281402610095
-0.68268209695816040039 -0.38658732175827020816 0.56585192680358886719 -1.22611451148986816406 0.49348005652427667789 1.04261875152587890625 -1.30081725120544433594 -1.06126594543457031250 0.88089525699615478516 -0.68237680196762084961 -1.08838963508605957031
0.09740320593118660664 1.69567096233367919922 -1.70463144779205322266 1.66955769062042236328 -1.30262708663940429688 1.29777991771697998047 -1.61609959602355957031 0.62762415409088134766 1.57129156589508056641 -1.64154374599456809314 2.21990799903869628906
-0.82953155040740966797 1.17827749252319335938 1.12359619140625000000 1.56850135326385498047 -0.90208554267883300781 -0.27806675434112548828 0.22701257467269889134 -0.80608189105987548828 0.14685015380382529515 1.51078951358795166016 1.26559197902679443359
-1.69302272796630859375 -0.90105932950973521844 0.53847831487655639648 1.38175666332244873047 -0.99661368131637562140 -0.84671378135681152344 1.37497675418853759766 0.34984001517295837402 -1.31980299949645996094 0.28521740436553949527 -1.23932480812072753906
0.19809043407440179996 0.95290315151214599609 0.92503803968429565430 0.31567844748497009277 -0.35987111926078790836 -1.20934498310089111328 -0.30999153852462768555 -0.17136396467685699463 -0.23323251307010650635 0.20883485674858090486 0.81595271825790405273
1.15396785736083984375 0.27396076917648309879 0.97158658504486083984 1.53851187229156494141 -0.75423961877822875977 0.05640106275677680275 -0.20831240713596341219 0.05476562678813930163 -1.54210734367370605469 -0.59215492010116577148 1.89535725116729714124
1.67738616466522216797 -0.71820062398910522461 1.27220761775970458984 -1.59865427017211914062 0.25999522209167480469 -0.68988883495330810547 -1.29884874820709250720 -0.34102866053581237793 0.17526939511299130525 -1.43706965446472167969 0.12259496003389350194
0.20169743895530700684 0.64440059661865234375 1.53045380115509033203 1.66735947132110595703 -0.65585440397262573242 0.01491855829954140053 -0.16381746530532831363 0.81739675998687744141 0.60842704772949218750 0.73581463098526000977 2.48503613471984863281
0.68174302577972412109 -0.87555354833602905273 -1.59772157669067382812 -0.78447210788726806641 1.49072611331939697266 -0.04076910391449919957 -1.55140316486358642578 -0.80311298370361328125 0.58251547813415527344 -1.34965980052947998047 0.27458831667900079898
0.98072892427444458008 0.01216389331966630065 1.09456133842468261719 -1.56812012195587158203 0.18375633656978598851 0.41083186864852899722 -0.60204553604125976562 -1.11184298992156982422 -1.58632624149322509766 0.83197736740112304688 0.15225163102149960603
-0.57625412940979003906 -0.79725176095962524414 -0.31316399574279779605 -0.02015628665685649870 -1.73268544673919677734 -1.55823504924774169922 -1.14137077331542968750 0.62870621681213378906 -0.46874329447746271304 1.01392495632171630859 -1.32043445110321044922
0.75118529796600341797 -0.13458773493766779117 0.32429727911949157715 1.21004056930541992188 1.13127839565277099609 -0.76517641544342041016 -0.10053061693906779894 -1.54998314380645751953 -1.32373154163360595703 0.95513993501663196906 1.32682800292968750000
0.17392456531524649876 1.28647565841674804688 -0.13749493658542630281 0.69287514686584472656 1.33368825912475608142 -0.71975344419479370117 -0.26546213030815118961 -0.23173844814300528783 -1.58942210674285888672 -1.08285892009735107422 1.45121014118194580078
-0.41155239939689630679 0.47598990797996520996 1.54685449600219726562 0.54732632637023925781 -0.91303038597106922492 0.05377003178000450134 -0.33615404367446899414 1.03941178321838378906 -1.06829130649566650391 1.05515766143798850329 1.07355606555938720703
0.40033620595932001285 -0.68469935655593872070 -0.92117398977279663086 -0.79477691650390625000 -0.20398026704788199681 0.29113796353340148926 -0.35056078433990478516 -0.08454968035221099854 0.88808393478393554688 0.91571313142776478156 -0.63021272420883178711
1.46451425552368164062 0.60511940717697143555 0.37175831198692321777 0.01647498644888399991 1.01322245597839355469 -1.58118760585784912109 1.22311055660247802734 1.39996254444122314453 1.15199708938598632812 -0.38147962093353271484 1.08166754245758056641
-1.44435083866119384766 -1.60026407241821289062 -1.28180289268493630139 -1.75640714168548583984 1.09196615219116210938 -1.06276154518127441406 1.34297776222229003906 -0.06117987632751459987 1.38587534427642822266 0.81975919008255004883 -1.88437902927398681641
1.10407412052154541016 -1.60445308685302712171 -0.78126192092895507812 -1.35079336166381835938 -1.31797432899475097656 0.38996943831443781070 -1.10048139095306396484 0.52831977605819702148 -0.69822973012924194336 1.34771335124969482422 -2.09333944320678710938
1.35599684715270996094 -0.19421249628067011050 -0.77747535705566406250 -0.67873102426528930664 -0.23974755406379699707 0.77324557304382324219 -0.23829574882984161377 1.07127940654754638672 -1.72894883155822753906 0.43704956769943237305 0.21203498542308799046
0.94810813665390003546 0.81533050537109375000 0.90113472938537597656 -1.06181776523590087891 0.15873086452484130859 -0.13852019608020779695 1.58287501335144042969 -1.30940651893615722656 0.28833293914794921875 -1.05077886581420898438 0.05097407847642890233
0.52881950139999389648 -1.17184138298034690173 -0.66223561763763427734 -0.16108022630214691162 -1.08509945869445800781 0.55799436569213867188 0.75323086977005004883 -0.70965731143951416016 0.37191471457481378726 -0.63593280315399169922 -1.29587388038635231702
-0.07071807235479349307 -1.51817381381988525391 0.47015571594238281250 0.25687575340270990543 1.38656842708587646484 -0.61347347497940063477 0.61771845817565917969 -0.41856393218040460757 -0.49308440089225769043 0.08387594670057289814 -0.50933647155761718750
-1.47033739089965820312 0.13176412880420679263 0.94265162944793701172 -0.13170087337493890933 0.04698836803436270276 0.28567484021186828613 -0.18896870315074920654 0.87227207422256469727 1.18888318538665749280 0.98295426368713378906 -0.77662247419357299805
-0.97036927938461303711 -1.61556005477905273438 0.15931722521781921387 -1.38696849346160888672 -0.48377436399459838867 0.23303583264350891113 -0.71031278371810913086 0.96164274215698242188 0.62182670831680297852 1.02396655082702636719 -2.18632721900939941406
1.62696647644042968750 0.58540576696395874023 -0.05153786018490789933 -0.57700878381729125977 0.86022228002548217773 0.68694084882736206055 0.74987542629241943359 0.11313217878341670641 1.58537745475769042969 1.25133514404296875000 0.16383104026317590884
-0.31735336780548090152 -1.70625877380371093750 -1.68530452251434326172 1.11320614814758300781 0.67036324739456176758 -0.75732833147048950195 -0.03739337995648379931 -0.07691870629787439517 0.18331694602966300267 1.38887965679168701172 0.39750909805297851562
1.50741088390350341797 1.11546552181243896484 -0.84575474262237548828 -1.47268331050872802734 -1.70720469951629638672 1.59932374954223632812 -1.08854138851165749280 1.32067179679870605469 0.13530555367469779271 -0.24555684626102439183 -1.42160463333129882812
0.29824131727218627930 1.76680171489715576172 -0.94417005777358997687 0.33300310373306268863 0.64817857742309570312 -1.26058971881866455078 -1.34328186511993408203 -1.14122450351715087891 0.69869738817214965820 -0.19624316692352289371 1.68116164207458496094
1.55337572097778320312 0.36728075146675109863 0.14487214386463159732 -1.70881485939025878906 -1.01134347915649391858 0.59284090995788574219 1.36118686199188232422 0.57981759309768676758 1.58738553524017311780 0.17767615616321560945 -0.83915007114410400391
1.45972490310668967517 1.50657200813293457031 -0.01097135245800009984 -0.05447427555918690073 -0.90585231781005859375 -1.69083964824676513672 -0.56494355201721191406 -1.17696309089660644531 1.34264433383941650391 -0.38077577948570251465 -0.95376229286193836554
1.62393093109130859375 -1.32374644279479980469 0.47018262743949890137 -0.72705286741256713867 -1.23328864574432350842 1.45078694820404030530 -1.50332760810852050781 0.89929884672164916992 -1.30617368221282958984 0.27134799957275390625 -1.02347564697265625000
1.65652084350585937500 -0.29851683974266052246 0.55897873640060424805 -1.05173599720001220703 -0.26331496238708490543 1.58041024208068847656 0.56884235143661499023 1.58116412162780761719 -0.78443366289138793945 1.32043671607971191406 -0.14976553618907920140
0.00433100713416930024 -0.15977555513381949681 0.75387525558471679688 0.56950032711029052734 0.56707304716110229492 0.47252759337425231934 -0.87214559316635131836 0.32747003436088562012 -1.33965814113616943359 1.21796429157257080078 0.99908852577209483758
-1.08764660358428955078 0.22555017471313471011 -1.06748473644256591797 -0.84605908393859863281 -1.70726263523101806641 1.08790123462677001953 -0.73199027776718139648 -0.39395526051521301270 0.02058495022356510162 0.54997706413269042969 -1.20237874984741210938
0.61636495590209960938 -1.73303389549255371094 1.70152962207794189453 -1.65844476222991943359 1.16353464126586914062 -0.67560690641403198242 -0.10883781313896169485 -1.68139755725860595703 -0.52125209569931030273 1.11564624309539794922 -1.31900835037231445312
-0.90295451879501342773 1.46424472332000710217 1.47348904609680175781 -0.66672986745834350586 0.96466660499572765008 -0.76234668493270874023 0.30125731229782098941 -0.28637972474098200015 -0.56478595733642578125 -1.00369298458099365234 0.40460327267646789551
0.57324302196502685547 -1.30286550521850608142 -1.55446374416351318359 0.19850264489650720767 1.38960242271423339844 -1.56783807277679443359 -1.66090416908264160156 1.62785577774047829358 -0.03312914818525310168 0.29854193329811090640 0.74457871913909912109
1.09115922451019287109 0.43850511312484741211 -0.51494902372360229492 -1.58218252658843994141 0.62137871980667114258 -0.21998095512390131168 0.07052677124738690462 0.41510534286499017886 0.80606621503829956055 0.70806866884231567383 -0.04160068556666370043
-0.06744952499866480045 0.32189708948135370425 -1.45504999160766601562 -0.80737358331680297852 -0.58452814817428588867 1.45435178279876708984 1.27934646606445312500 -0.48042437434196472168 -0.65524333715438842773 1.31408655643463112561 0.65293097496032714844
1.05632340908050537109 -0.07292003929615019364 0.01980991661548609992 -1.61605870723724365234 -1.52746188640594482422 1.42612445354461669922 0.76212757825851440430 1.48095262050628662109 1.42077875137329101562 0.56075352430343627930 -0.76862978935241699219
0.67260307073593139648 0.13687248528003689851 1.13790845870971679688 0.40349176526069641113 -0.51694303750991821289 1.04579889774322509766 0.84569609165191650391 -1.71617805957794189453 -1.56617558002471923828 -1.62834298610687255859 0.94977205991744995117
-1.23643290996551513672 -1.11423385143280029297 -1.27499604225158691406 -1.61141705513000488281 -1.02524256706237792969 -0.29261866211891168765 0.23443187773227688875 -0.54389059543609619141 -1.33100843429565429688 1.58783364295959472656 -1.98213589191436789783
0.16922874748706809300 -1.34181809425354003906 1.16873669624328591077 0.35547405481338500977 0.96861362457275401727 -1.51130914688110351562 1.46317505836486816406 1.56587672233581542969 -0.64951956272125244141 -1.03650605678558349609 0.46654382348060607910
-0.48310926556587219238 -0.35630017518997192383 -1.56590354442596435547 -1.45238518714904807361 1.63253605365753151624 0.32158470153808588199 -1.09831452369689941406 -0.58056563138961791992 0.05529588833451269669 1.01279067993164062500 -0.17231960594654080476
-0.90620082616806041376 -0.31502628326416010074 -1.54741144180297829358 -0.51137107610702514648 0.70055580139160156250 0.69626700878143310547 0.40537455677986139468 1.35860741138458229749 -0.00261711585335430014 0.34245964884757990054 0.34394273161888122559
0.85469567775726318359 -1.44131779670715309827 -0.61308634281158447266 0.06190192326903339731 -1.26314628124237060547 0.36947998404502868652 0.97516006231307983398 0.28773406147956848145 -1.44170153141021728516 0.59124398231506347656 -1.04707276821136474609
-1.30416202545166015625 -1.58657526969909690173 -1.02874529361724831311 0.76807457208633422852 0.13804365694522849339 -0.86925339698791503906 1.67631769180297829358 -0.77281826734542846680 1.25806808471679687500 -0.18813800811767569798 -0.50839817523956298828
-1.64418578147888183594 0.58677673339843750000 0.22677648067474359683 -1.15872776508331298828 -1.06152379512786887439 -1.36095285415649391858 0.85093063116073608398 -1.01433384418487571033 1.33181941509246848376 -0.13392585515975949373 -2.33275318145751953125
-0.37593623995780939273 -1.42434990406036376953 1.18109166622161887439 1.45357024669647216797 -1.51957190036773681641 -1.31904566287994384766 0.77808058261871337891 1.45567739009857177734 1.33773910999298095703 -0.27126434445381159000 0.02589418925344939837
-1.35601413249969482422 -1.70444738864898681641 0.43252253532409667969 0.20612934231758109349 0.78434503078460693359 -0.32554861903190607242 -0.49743306636810302734 -0.83419513702392578125 -1.08271193504333496094 -1.59485900402069091797 -1.37244606018066406250
-0.23454247415065759830 0.10582166165113439382 -0.64546751976013183594 0.66313886642456054688 -1.11897766590118408203 1.45642006397247314453 1.41957378387451149671 1.22410225868225097656 0.11199171096086500687 -1.47203481197357177734 0.24629516899585721101
0.58574348688125610352 -1.59233880043029807361 0.19947144389152521304 0.56549352407455444336 0.24937853217124938965 1.09619724750518798828 -1.44850802421569824219 -1.73060655593872070312 0.79234421253204345703 -1.19604074954986550061 -0.79566311836242675781
0.74344384670257568359 -1.23574471473693847656 -0.19728863239288330078 0.92051386833190917969 -0.59514683485031127930 -0.83440625667572021484 -1.06461977958679199219 -0.35998165607452392578 -0.54446351528167724609 1.25208413600921630859 -0.27367982268333429507
-0.50784289836883544922 1.04936563968658447266 -1.41921222209930419922 -0.03404686599969859728 -0.50244927406311035156 1.60340166091918967517 1.59985101222991943359 -0.65854901075363159180 -1.26285648345947287829 -0.35956117510795587711 0.69663101434707641602
1.71903800964355490954 0.01013140566647049989 0.46733754873275751285 0.83672547340393066406 1.10939681529998779297 -0.32989531755447387695 -0.99871885776519775391 -1.04446911811828591077 -1.37723922729492209704 0.43416684865951538086 1.56191623210906982422
-1.19036924839019775391 1.19824838638305664062 -0.25555899739265441895 0.90484094619750976562 0.01650661043822760146 1.42379927635192871094 -0.81603801250457763672 -1.22401130199432350842 -1.71625697612762428967 0.00186189787928010006 0.21589337289333340730
-1.48518228530883789062 1.28256356716156005859 0.78449225425720214844 1.56694769859313964844 -0.49078920483589172363 0.30421456694602960757 -0.12646977603435510806 0.53712564706802368164 0.57963132858276367188 1.63499701023101806641 -0.37335664033889770508
-0.98538368940353404657 0.70622670650482177734 1.06400465965270996094 0.33978924155235290527 -0.60737633705139160156 1.13621842861175537109 0.56120657920837402344 -1.28248965740203857422 0.87980246543884277344 0.48748412728309631348 -0.23822726309299468994
-1.62919628620147705078 0.62044656276702880859 1.63259339332580566406 0.47367513179779052734 0.94093185663223277704 -0.58172488212585449219 -0.03076245635747899831 0.66629570722579956055 -1.29215180873870849609 0.62895721197128295898 -0.01342057809233659915
1.41223084926605224609 -0.78377372026443481445 -0.48970842361450189761 -0.66955411434173583984 -1.39349341392517089844 -0.40612876415252679996 0.51838630437850952148 0.74769520759582519531 0.15655413269996640291 0.90267455577850341797 -0.85765689611434936523
-0.28647896647453308105 1.80054485797882080078 1.62303841114044189453 -1.05752813816070556641 1.30431294441223144531 0.65980446338653564453 1.61405110359191894531 0.30397331714630121402 -0.40300917625427240543 -1.62982642650604248047 1.25717008113861083984
-1.46142399311065673828 -0.09597710520029059666 0.17968173325061789769 1.28911066055297829358 1.06934595108032248767 -1.19629848003387428967 1.13268542289733886719 1.09022665023803710938 -1.31893253326416015625 0.63047736883163452148 -0.15106821060180661287
1.47766494750976562500 1.65155446529388449939 -0.75477373600006103516 -1.61522614955902099609 -0.37153089046478271484 1.13989794254302978516 -0.41356852650642389468 -0.01165116857737300005 1.64410901069641113281 -0.58375573158264160156 -1.48665404319763183594
-0.26438063383102411441 1.43796205520629882812 0.34001681208610529117 -1.56858026981353759766 -0.21192970871925351228 -0.29240801930427551270 0.78487056493759155273 0.25118699669837951660 -0.22736327350139609593 0.04183806478977199900 -0.08579511940479270238
-0.72833639383316040039 -0.93580675125122081415 -0.69735807180404663086 1.42671179771423339844 1.55365824699401855469 -0.07081159204244609484 1.60546326637268088611 0.37195086479187011719 1.59716939926147460938 -1.36231124401092529297 0.55629527568817138672
-1.66841721534729003906 -1.68075585365295410156 -1.12574911117553710938 -0.68942219018936157227 0.66526675224304199219 0.59306776523590087891 -0.53311109542846679688 -1.60255146026611328125 -0.71350365877151489258 -1.38576090335845969470 -1.13682544231414794922
0.33207282423973077945 -0.92274343967437744141 -0.97393220663070678711 -1.72087168693542480469 1.03263914585113525391 0.31219345331192011050 -0.99980229139328002930 -0.35739994049072260074 -0.48065876960754388980 0.21131338179111480713 -1.08463764190673850329
-0.19029602408409118652 0.17657838761806479710 0.91119229793548583984 1.29197502136230490954 1.59403884410858154297 -1.13594996929168701172 -0.54372256994247436523 0.47456514835357660465 -0.53698509931564331055 -0.10029218345880500096 1.57135784626007080078
0.82458955049514770508 -0.81847774982452392578 -1.36673450469970703125 0.59916567802429199219 0.75895804166793823242 1.16997349262237571033 0.34356060624122619629 -1.73035287857055664062 1.60383009910583496094 -0.32664629817008972168 1.03113508224487304688
-0.55726027488708496094 1.17358767986297607422 -0.22327673435211178865 0.15370829403400421143 -1.42443704605102539062 -1.65737223625183105469 0.88008856773376464844 0.02366262674331659835 1.55932474136352539062 1.47352731227874755859 -0.13034608960151669588
-0.87196600437164306641 0.47268494963645929507 0.56007301807403564453 1.51753759384155273438 1.38326466083526589124 -1.54786336421966552734 -0.38363382220268249512 -0.31614300608634948730 -0.95914864540100097656 -0.53703188896179199219 1.07131326198577880859
-1.07460999488830566406 1.03956162929534912109 -1.00959026813507080078 1.43380069732666015625 -1.50791084766387939453 -0.94986939430236816406 -0.71857845783233642578 1.18253886699676513672 -1.68457841873168967517 -0.25656643509864801578 0.84432631731033325195
0.41917175054550170898 0.47460404038429260254 -0.98364216089248657227 0.47788667678833007812 0.74500232934951782227 -0.82079178094863891602 -0.73447954654693603516 1.23355841636657714844 1.50043380260467529297 0.71646362543106079102 1.67000210285186767578
-0.67356532812118530273 1.07834565639495849609 -0.07255201786756509952 0.26108291745185852051 0.94027638435363758429 -0.89591693878173828125 0.89326977729797363281 1.27455043792724609375 0.10590194165706630358 0.35984379053115839175 0.81757378578186035156
-1.22551667690277099609 0.40710893273353571109 1.66522002220153808594 -0.88736706972122192383 1.09065687656402610095 -1.38992655277252197266 0.51954561471939086914 -0.11666175723075859760 -1.31946432590484619141 1.29602873325347900391 -0.09303893893957129735
1.63964700698852539062 -0.11590736359357829699 -1.67278099060058593750 1.41656196117401123047 0.99926310777664184570 -1.18908548355102539062 -1.33446776866912841797 0.24130865931510919742 1.58243238925933837891 -1.45361328125000000000 2.83412170410156250000
1.67797374725341796875 -0.72481447458267211914 0.43387290835380548648 -0.80480229854583740234 1.55931711196899391858 1.64471149444580078125 -1.47663962841033935547 -1.51989543437957763672 -0.14100693166255950928 1.28983616828918457031 0.36275455355644220523
-1.59541583061218261719 1.60938417911529541016 -1.44175982475280761719 -1.60746467113494873047 -1.31627714633941650391 1.52162134647369384766 -1.58688378334045410156 0.47949439287185668945 -0.74535894393920898438 -0.77184104919433593750 -1.91185021400451682361
-0.35810542106628417969 -0.75184202194213867188 -1.10439324378967285156 -1.60628855228424072266 0.65586549043655395508 -0.97879540920257557257 1.05975568294525168689 0.66658633947372436523 1.08928990364074707031 1.41010975837707519531 -1.01178705692291259766
1.18512904644012428967 -0.68991583585739135742 0.40993663668632507324 -0.00871139951050279963 0.53093367815017700195 0.11215358227491370458 0.32896283268928527832 0.91734993457794200555 -1.46245670318603515625 -1.28123974800109863281 0.31583207845687860660
-0.06943113356828689575 1.58281064033508300781 0.02795606479048719922 -1.55873870849609375000 -0.44850537180900568179 -0.71671622991561889648 1.04439175128936767578 0.35945257544517511539 0.87075406312942504883 -0.18140661716461178865 -0.30940565466880798340
1.41707289218902610095 1.14560508728027343750 -1.03756332397460937500 0.19786843657493591309 1.19061732292175292969 1.08067166805267311780 -0.46457728743553161621 0.45835140347480768375 -1.68208408355712890625 -1.47956275939941406250 1.28415596485137939453
-1.73034095764160156250 0.74468266963958740234 0.28618964552879327945 -1.45328414440155029297 0.95286238193511962891 0.67774081230163574219 -1.07101500034332275391 -1.65885567665100097656 1.09882056713104248047 0.35193809866905212402 -1.67623925209045410156
-1.49382233619689941406 0.02421916462481020146 1.67213666439056396484 0.34553530812263488770 -0.12658356130123130101 -0.32595950365066528320 1.56559371948242209704 -1.04281210899353049548 0.72735542058944702148 -1.42989683151245117188 0.09899348765611640233
-0.67178303003311157227 -1.46394586563110351562 -0.38136982917785638980 -1.27349972724914550781 0.56177431344985961914 1.36585557460784912109 1.69731700420379638672 0.60703855752944946289 -0.37278127670288080386 0.41183754801750177554 -1.53294229507446289062
1.09692025184631369861 -0.39950731396675109863 1.54107558727264404297 1.53056597709655761719 -0.09503344446420669556 -0.88467562198638916016 -0.58798414468765258789 -0.46191817522048950195 -0.78316086530685424805 -0.13994446396827689427 2.21318101882934570312
-1.08896684646606445312 -0.48705431818962091617 -0.57724905014038085938 0.95325869321823120117 -1.19834840297698952405 0.90306878089904796258 -0.16750395298004150391 -0.17092095315456390381 -1.39126944541931152344 -0.56532669067382812500 -0.68485939502716064453
-0.84835207462310791016 0.05642611533403389668 0.24542114138603210449 1.17463588714599609375 0.77563399076461791992 0.12784673273563379459 1.00871038436889648438 0.41623774170875549316 1.12668669223785400391 -1.29869389533996582031 0.36430945992469787598
1.12685847282409690173 -0.46122658252716058902 0.96481734514236439093 1.06789135932922363281 1.45800125598907470703 -1.05525195598602294922 0.36102464795112609863 1.44739902019500710217 1.47942268848419189453 -1.65985774993896484375 1.57076883316040039062
-1.48357903957366943359 -0.45881253480911249332 1.13216745853424072266 -1.29595589637756369861 1.51346695423126220703 -1.52648925781250000000 1.53505182266235351562 1.16706514358520507812 0.24068251252174369115 -1.06153929233551047595 -1.04009509086608886719
0.84064608812332153320 -0.87002104520797729492 -0.31119692325592041016 -1.31885087490081809314 1.06473410129547119141 0.14327831566333770752 -1.64221346378326416016 0.74061959981918334961 0.55624324083328247070 0.13981023430824279785 -0.66891610622406005859
1.60360097885131835938 1.00511324405670166016 0.67883872985839843750 -0.36704093217849731445 -0.46953737735748291016 1.03756284713745117188 -1.35878300666809082031 -0.23256446421146390047 0.47215491533279418945 -1.43317675590515136719 -0.26937988400459289551
-0.46569111943244928531 -0.16789312660694119539 -1.37653613090515136719 -0.52149242162704467773 -1.31100487709045410156 0.80413556098937988281 -1.57800376415252685547 -0.96598410606384277344 0.48248425126075739078 0.47527113556861877441 -0.22543881833553308658
-0.45657321810722351074 1.20624375343322753906 1.04484558105468750000 0.69184696674346923828 0.71691906452178955078 -0.94842314720153797492 -0.79537570476531982422 1.45482623577117919922 0.95942813158035278320 0.38918867707252502441 0.84139525890350341797
0.70410251617431640625 -1.15221464633941650391 -0.72289603948593139648 0.03986071422696110117 0.76339387893676757812 -0.05581012740731230298 -0.12875092029571530428 0.68198925256729125977 -0.14579960703849789705 -0.12198095023632049561 -0.36903741955757141113
-0.14578850567340850830 0.57490450143814086914 -0.90403443574905395508 -0.97784012556076038702 0.86831051111221313477 0.79178339242935180664 -0.27075079083442687988 -0.16506122052669519595 0.65378880500793457031 1.34626495838165283203 -0.51703292131423950195
-0.16460798680782309789 -0.77854365110397338867 -0.31156712770462030582 -0.88750320672988891602 1.61251354217529296875 1.63946831226348876953 -1.25940179824829101562 -1.33501541614532470703 -1.34741258621215820312 1.63631200790405273438 -0.66603803634643554688
-1.33345854282379150391 -0.52521878480911254883 0.38507434725761408023 -0.22772744297981259431 -1.59128475189208984375 1.27050185203552246094 -0.14530134201049799136 0.37728610634803771973 0.22010424733161920718 -1.68241655826568603516 -1.65047252178192138672
-1.33424615859985351562 1.81848359107971191406 -0.84915965795516967773 -0.67806458473205566406 -1.11986255645751953125 -1.10408902168273925781 0.72487413883209228516 -0.81892818212509155273 0.13409641385078430176 0.28794187307357788086 -0.78422659635543823242
1.56076514720916770251 -1.05328369140625000000 -1.32865536212921142578 -0.55152189731597900391 -1.23844885826110839844 -1.51384210586547829358 1.11476445198059082031 1.55011594295501708984 1.38728868961334250720 0.13750323653221130371 -0.77998709678649902344
0.92007803916931163446 1.14812171459197998047 0.22614173591136929597 1.20378661155700683594 -0.65801757574081420898 0.60138279199600219727 0.39959993958473200015 1.42054498195648193359 1.16771531105041503906 1.45476531982421875000 0.94993197917938243524
1.67928469181060791016 -0.57399225234985351562 -1.30063450336456298828 0.38559681177139282227 1.42317676544189430921 0.54692244529724121094 0.48613148927688598633 0.95883870124816894531 -1.12940549850463889392 -0.91111528873443603516 1.72010672092437744141
0.26307508349418640137 -1.25432324409484863281 1.22093701362609863281 0.26560747623443597965 -1.12077987194061279297 1.18824863433837890625 0.46426165103912347965 1.32850825786590576172 -0.93724542856216441766 -1.40653479099273681641 -0.64308267831802368164
-1.16047978401184082031 -1.08026754856109619141 -0.50850921869277954102 -0.29544869065284729004 0.87604492902755737305 1.59062874317169189453 -1.68956625461578369141 -1.64080381393432617188 1.38788127899169921875 -0.81377094984054565430 -0.76043361425399780273
0.95860230922698963507 -0.19157208502292630281 -1.62502372264862060547 -1.32577884197235107422 -0.81067413091659545898 -0.59574347734451293945 1.66284728050231911389 -0.63008677959442138672 0.00188998796511439995 1.22685658931732177734 0.17729912698268890381
0.80657809972763061523 0.74449944496154785156 0.54708713293075561523 -1.63717424869537353516 0.84272927045822143555 -1.50060975551605224609 -0.46217706799507141113 -0.57821476459503173828 -0.61991590261459350586 1.42025232315063476562 -0.11369875073432919588
-0.01767857559025279995 -0.93482601642608642578 -0.80103605985641479492 -0.01011949684470890044 -1.51398909091949462891 0.56847435235977172852 1.27142477035522460938 0.56568849086761474609 0.62065064907073974609 -1.59621822834014892578 -0.83958464860916137695
0.36508181691169738770 0.91701054573059082031 0.68481814861297607422 -1.07911109924316406250 0.55233728885650634766 1.07981777191162109375 -1.09064114093780517578 1.09712934494018554688 0.41838502883911127261 0.37496039271354669742 0.05982678756117820046
1.45487153530120849609 1.36497855186462402344 -0.18135370314121240787 1.40585601329803489001 -0.88840889930725097656 -0.48747980594635009766 0.06780029088258740511 -1.11642420291900634766 1.16472625732421875000 0.31883382797241210938 0.20358811318874359131
0.16584028303623199463 -0.89724814891815185547 -1.05447697639465309827 1.22596311569213889392 -0.53288662433624267578 0.74944144487380981445 -0.64219874143600463867 -1.56299412250518798828 -1.04198122024536110608 -1.53737461566925048828 0.53102779388427734375
1.16850161552429199219 -1.50275075435638449939 -1.44312262535095192639 -1.24144625663757324219 0.28658056259155267886 0.82180267572402954102 -0.76298010349273681641 -0.34045609831809997559 1.12219691276550292969 1.45957255363464355469 -1.25700414180755615234
0.87139040231704711914 0.24828727543354028873 0.07775415480136869950 -0.42360740900039667300 -0.58885276317596435547 -0.51473480463027954102 -1.02652597427368164062 -0.99198859930038441046 -0.35917592048645019531 0.49833446741104120425 -0.04038485512137410249
-1.22842872142791770251 -0.90773504972457874640 1.49373805522918701172 0.57458609342575073242 0.74915593862533569336 -1.30126833915710449219 -1.06785857677459716797 0.24457071721553799715 1.57735264301300048828 0.34260177612304687500 -0.10730046778917309847
0.56419807672500610352 0.77788621187210083008 1.36905753612518310547 0.33479610085487360172 1.46272075176238991467 -0.19155363738536829166 -0.11770118027925489945 -1.35613894462585449219 -1.51218450069427490234 0.06016606837511059847 1.55809533596038818359
0.52467858791351318359 0.91723382472991943359 -0.60407996177673339844 -1.12983679771423339844 -1.18278062343597389905 1.05911874771118164062 0.50439691543579101562 -1.52341604232788085938 -0.97197246551513682977 0.25382375717163080386 -0.13246996700763699617
-0.33811792731285089664 -0.17221115529537200928 1.04315710067749023438 -0.12905257940292350072 -1.05397474765777610095 0.46105769276618957520 0.17663890123367309570 -1.70481586456298850329 -1.54408407211303710938 -0.45786094665527338199 -0.25894051790237421207
-1.76847076416015625000 1.26358091831207275391 -0.18331736326217651367 0.30951270461082458496 1.34401214122772216797 1.16402721405029296875 -0.39912292361259460449 -0.92179983854293823242 -1.07361793518066406250 1.38878595829010009766 -0.89455974102020263672
-0.26970666646957397461 -1.13587045669555664062 -0.80139416456222534180 0.22700007259845730867 -0.55710893869400024414 -0.76979225873947143555 -1.63726544380188010486 -0.47449290752410888672 -1.18592000007629394531 -1.11255276203155517578 -0.71718245744705200195
-0.46326512098312377930 0.31504726409912109375 -1.52023613452911376953 1.65320622920989990234 -1.21218073368072509766 1.62951254844665527344 -0.85865944623947143555 0.79065823554992675781 1.11700701713561989514 0.93889105319976795538 0.99686008691787719727
0.64955961704254150391 -0.90241879224777221680 0.92967122793197642938 0.56875902414321899414 0.23376217484474179353 -0.33763653039932250977 1.24747765064239501953 1.53128719329833984375 0.01751432009041299989 1.34954977035522460938 0.31287664175033569336
0.71198993921279907227 -0.46450021862983698062 0.12454634904861450195 0.31744104623794550113 -0.24101181328296661377 -0.80922698974609375000 -1.35909044742584250720 1.04479217529296875000 0.50388413667678833008 0.99537020921707164423 -0.05084920674562450060
-0.94728910923004161493 -1.43835139274597167969 1.53593313694000244141 0.97097164392471324579 0.92460399866104114874 -0.66940420866012573242 0.73924601078033447266 1.53213167190551757812 0.24057857692241668701 0.83551537990570068359 0.48276543617248529605
-1.53975594043731689453 0.43889740109443659000 0.57177650928497314453 -0.70449644327163696289 1.53088974952697753906 1.52966845035552978516 1.08330988883972167969 -1.12204551696777343750 -0.76804637908935546875 -1.09167635440826416016 -1.13274407386779807361
0.17786748707294461336 -1.44930005073547363281 0.88706660270690917969 0.88126116991043090820 0.25453534722328180484 -1.15763080120086669922 -0.60172116756439208984 1.16104924678802490234 -1.48635280132293701172 0.91244125366210937500 0.00572941731661549998
1.23847818374633789062 -0.79582989215850830078 1.07364213466644287109 -1.45006012916564941406 0.60136401653289794922 -0.31871944665908807925 0.52804523706436157227 -0.06198707222938529965 0.55306947231292724609 -1.49725925922393798828 0.04592484980821599783
0.22449894249439239502 1.07482922077178955078 -0.51791071891784667969 0.41410821676254272461 -0.58707344532012939453 0.75655859708786010742 0.37978884577751159668 1.42947411537170410156 -0.53913503885269165039 -0.05982714146375649883 0.49349868297576898746
-1.12661635875701904297 1.46191895008087158203 0.49189022183418268375 0.92381286621093761102 -0.05263905227184290103 -1.53073704242706298828 1.62714517116546630859 -0.06909351795911780614 -0.09621001780033110184 -0.24658440053462979402 0.73450565338134765625
1.08187735080718994141 -0.23708997666835779361 -1.10292184352874755859 1.31314182281494140625 1.56079065799713112561 0.77483618259429931641 0.90100228786468516962 1.46293854713439941406 0.98783630132675159796 -1.19128549098968505859 1.72919285297393798828
0.19049291312694549561 -0.12262085825204839529 -1.53121984004974365234 -0.39251986145973200015 -0.96019989252090442999 0.76195377111434936523 1.13507199287414550781 0.41125041246414179019 0.60388195514678955078 -0.01434773113578549988 0.30480641126632690430
-0.77589565515518188477 -0.88604015111923217773 1.67859923839569091797 -1.04445135593414306641 -0.54270428419113159180 0.61064088344573974609 -0.04713836684823029949 -0.73501837253570556641 -0.76876682043075561523 -0.75810700654983520508 -0.82054597139358520508
-1.37582468986511230469 -1.03797376155853271484 0.07006446272134779496 0.27137041091918939761 -1.56761991977691650391 0.80188953876495361328 0.52228391170501708984 1.14564800262451149671 -0.28742215037345880679 -0.87125349044799804688 -1.77527415752410888672
-1.73614895343780517578 0.02854129858314989956 -0.52345395088195800781 0.09778144210577009721 1.27063095569610595703 0.61880254745483398438 -1.42499065399169921875 -0.71677893400192260742 -0.82982677221298217773 0.25322762131690979004 -0.88307946920394897461
-1.54550766944885231702 0.67212021350860595703 -0.62058019638061523438 -1.71948599815368630139 0.54478484392166137695 -0.66147249937057495117 1.69228529930114768298 0.53417259454727172852 -0.43580287694931030273 0.82870709896087646484 -2.09412956237792968750
-0.58614569902420043945 0.91195070743560802118 1.39142286777496337891 -1.57981455326080322266 1.46527945995330810547 0.43584638833999628238 -1.14973282814025878906 0.76066243648529052734 1.70632374286651589124 -0.77615290880203247070 0.12372419238090509586
1.08946347236633300781 0.31276488304138178043 0.06144741177558889905 1.51797592639923095703 -1.70152795314788818359 0.22233843803405758943 1.73235297203063964844 0.24959035217761990633 0.09268838912248610062 -0.91481178998947143555 1.14112210273742675781
1.40828871726989768298 1.31708383560180664062 0.51086187362670898438 0.08819733560085289692 1.28947591781616210938 0.02115369774401179917 0.70825415849685668945 -1.09026110172271728516 0.65028476715087890625 -0.71025228500366210938 0.06296011805534360017
-0.83506673574447631836 -0.71211671829223632812 1.04659223556518554688 1.00191605091094970703 0.39462858438491821289 0.98389422893524158820 -1.34793221950531005859 1.18774867057800292969 -1.19958829879760742188 0.94453811645507801398 0.39445129036903381348
-0.22263289988040921297 0.31648889183998107910 1.33860862255096435547 -0.42947727441787719727 0.80030810832977294922 -0.67184889316558837891 1.73780822753906250000 0.58864969015121459961 -0.39135763049125671387 -0.42381867766380310059 0.69312596321105957031
-1.77937412261962890625 -1.27308249473571777344 1.28564155101776123047 1.35814070701599121094 -1.24703633785247802734 -0.08925043791532509541 -1.26532602310180664062 -0.71536189317703247070 1.09928894042968750000 0.68378514051437377930 -0.57816004753112792969
0.93741047382354736328 -0.55686926841735839844 1.61365544795989990234 -0.98094707727432239874 -1.49888741970062255859 1.61252748966217041016 1.30797863006591796875 0.59750938415527343750 1.59824597835540749280 -1.22705864906311035156 -0.20894433557987210359
-1.54315614700317382812 0.87482255697250366211 0.67866146564483642578 -1.59674131870269775391 1.05743694305419921875 -0.10145179927349090576 -1.43399488925933837891 -1.66086685657501220703 1.34471654891967751233 -1.05290591716766357422 -1.64944612979888916016
1.01378071308136008533 0.77296501398086547852 -1.12281811237335205078 1.35183095932006835938 -1.45634305477142311780 0.26239272952079767398 -0.34355151653289789371 0.73168325424194335938 0.87263661623001098633 -1.06213641166686989514 1.05726087093353271484
1.19593441486358642578 0.21916064620017999820 0.48090144991874689273 -0.28758248686790460757 1.01980233192443847656 -0.63790160417556762695 0.43516781926155090332 1.11218559741973876953 -1.06286537647247314453 -1.33175933361053489001 0.51405030488967895508
0.20621003210544580631 -1.28271782398223876953 -0.19280202686786648836 -0.13330321013927459717 1.18126606941223144531 1.11870622634887695312 -0.38596293330192560367 -1.75114822387695312500 -0.58085983991622924805 1.34201335906982421875 -0.75270479917526245117
-1.69629418849945090564 0.80855590105056762695 -0.44074383378028869629 -0.56006199121475219727 -0.30511102080345148257 0.96773195266723643915 -0.00205223751254369991 -0.11256329715251919832 -0.05429469794034950253 0.51697975397109985352 -1.46400415897369384766
-1.60704576969146728516 0.56223368644714355469 0.02313482761383050049 -0.32814782857894897461 0.92930513620376598016 0.11833862215280530061 -1.21241760253906250000 -1.15485107898712158203 0.71928787231445312500 1.00160515308380126953 -0.72753781080245971680
1.70092475414276123047 1.32871496677398681641 0.77143085002899169922 -0.13822780549526209048 -0.88616758584976196289 1.22939395904541015625 -1.26703739166259765625 -0.56133866310119628906 -0.91620737314224243164 -1.57378160953521728516 -0.87738031148910522461
1.37363862991333007812 1.70101821422576904297 1.23382365703582763672 0.67038649320602416992 0.57240140438079833984 0.93567997217178344727 -1.37295186519622802734 1.00582420825958229749 -1.51812875270843505859 0.96982550621032714844 0.07593435049056999897
0.07154124975204459447 -0.55297225713729858398 -1.18549883365631103516 1.04703855514526367188 1.58744871616363525391 -1.05921995639801047595 0.92082136869430541992 0.08592584729194639726 -1.46991229057311989514 -1.63845193386077880859 0.75381207466125488281
-1.11369609832763671875 0.29043942689895629883 1.32728016376495361328 -1.67232668399810791016 -1.76260781288146950452 1.25007915496826149671 -0.88055175542831420898 -1.12543892860412597656 -0.80631643533706665039 0.04387857019901270084 -1.57707667350769042969
0.62198638916015625000 -1.68639576435089111328 1.18655991554260231702 1.39172911643981911389 1.19999563694000244141 1.10551989078521728516 -1.16812789440155029297 1.14462983608245849609 1.47450804710388183594 1.05066299438476562500 0.25034523010253900699
-0.39846625924110412598 0.27335098385810852051 1.19105815887451149671 0.46695014834403991699 1.46892881393432617188 0.57209271192550659180 -0.69325298070907592773 1.12316834926605224609 -1.59944379329681396484 0.37897855043411249332 1.31969165802001953125
-1.68350875377655029297 -0.69010907411575317383 0.78856718540191650391 0.35046079754829401187 1.27655923366546630859 0.78834563493728637695 -1.13835120201110839844 0.21514929831027979068 1.13552355766296408923 1.38434422016143798828 -0.58889710903167724609
0.28013640642166137695 -1.02982914447784423828 0.08982323110103600239 -0.32888379693031311035 -1.67199289798736550061 -0.57237601280212402344 -1.18225693702697753906 0.27243682742118829898 0.00888484343886370050 0.02153011970221990062 -1.16107058525085449219
0.55584609508514404297 1.33473432064056396484 -0.06019874662160869944 -0.29113641381263727359 -1.48913121223449707031 -1.60108554363250710217 -0.76500713825225830078 0.90926545858383178711 0.67267662286758422852 1.16533172130584716797 -0.10897407680749890413
-0.58573001623153686523 -0.93185687065124522821 0.45242312550544738770 0.62914776802062988281 1.50679540634155273438 0.89194691181182861328 1.50217807292938232422 -0.36891755461692810059 -1.20038533210754394531 1.50954627990722656250 0.04724339768290519714
0.91554850339889515265 1.26886010169982910156 -1.57159173488616943359 -0.07898495346307750353 -0.58100992441177368164 -0.30024483799934381656 -0.90621882677078235968 -0.86672228574752807617 -1.00887084007263183594 0.96469891071319580078 1.25399243831634521484
1.06937384605407714844 -0.13687275350093838777 1.32250452041625976562 0.76497304439544677734 1.17566025257110595703 1.51429355144500710217 0.14945164322853080052 0.37622129917144769840 -0.67462277412414550781 1.52365684509277343750 1.74168264865875244141
-1.05686664581298850329 -0.35594755411148071289 -1.38509094715118408203 -1.52711749076843261719 1.52037239074707031250 -0.95226347446441639288 1.44331085681915283203 -1.31230318546295166016 -0.33337125182151788882 0.58049726486206054688 -0.61921739578247070312
-0.33920690417289728336 1.25696325302124023438 0.79312026500701904297 -0.47418409585952758789 1.11826944351196289062 0.68631762266159057617 0.88508862257003784180 -1.62532007694244384766 -1.41949343681335449219 1.55422806739807128906 0.83938461542129516602
0.17645992338657379150 -0.63824570178985595703 -0.10702712833881369847 -1.45724284648895263672 1.41138660907745361328 -0.29054665565490722656 -0.58638948202133178711 0.30649352073669428043 -0.36666339635848999023 1.42489099502563476562 -0.99475014209747314453
-0.53284072875976562500 -1.47218108177185058594 -0.86004734039306640625 0.11259744316339490022 -1.38139629364013671875 -0.96922159194946277960 -1.36426305770874023438 -0.78297805786132812500 0.43983009457588190250 0.29026320576667780093 -1.63408517837524391858
-0.36209321022033691406 0.92001664638519276007 -0.61804622411727905273 1.58334863185882568359 -0.38691315054893488101 1.31943368911743164062 0.32061773538589477539 -0.16521173715591430664 -0.44608637690544128418 0.84564501047134399414 1.36431097984313964844
-0.04647297784686080235 0.70015108585357666016 1.31532073020935058594 0.74349159002304077148 -0.42165219783782958984 1.20918416976928710938 -0.75161260366439819336 -1.53332388401031494141 0.92331093549728404657 1.56510555744171142578 1.70096075534820556641
1.31485319137573242188 -0.97881996631622314453 0.16246022284030908756 0.90408182144165039062 -1.27050840854644775391 -1.48686718940734863281 -0.88578522205352783203 0.46353644132614130191 -1.57921302318572998047 -0.90655964612960815430 -0.20969732105731961336
1.48089003562927246094 -0.77950662374496459961 -1.44786679744720458984 1.18248558044433593750 -0.09521106630563730411 -0.69219607114791870117 0.63331532478332519531 -1.00339686870574951172 0.40967926383018488101 1.46743679046630859375 1.28765749931335449219
-0.59158438444137573242 -1.60835695266723632812 -1.67438888549804687500 -1.63132977485656738281 -1.15050899982452392578 -0.74151027202606201172 -1.25379204750061035156 -0.97991544008255004883 -0.65659201145172119141 1.12875044345855712891 -1.74682605266571044922
-0.06385287642478940096 -0.81176465749740600586 -1.60933315753936767578 1.38138437271118164062 -1.49061894416809082031 0.90176439285278320312 -0.70620512962341308594 -1.35083115100860595703 -1.00320768356323242188 -0.13071328401565548982 0.33580756187438959293
0.09523873031139369616 0.61269474029541015625 -1.43033719062805175781 0.75418448448181152344 1.16241765022277832031 0.86020904779434204102 0.93155676126480102539 -0.07171190530061720414 -0.63495379686355590820 0.83260279893875122070 2.11429286003112792969
-0.31218087673187250308 1.60898745059967041016 -0.79596483707427978516 -1.33211696147918701172 0.67273139953613281250 0.87268161773681640625 -0.91332978010177601202 -0.97494190931320201532 1.30160403251647949219 1.44034576416015625000 -0.31674626469612121582
-0.04184263944625850329 -0.65515857934951782227 0.21426442265510559082 -0.49120396375656127930 0.53251314163208007812 -1.08610880374908447266 1.24287807941436767578 -0.06534677743911740389 -1.69003224372863769531 -0.16790349781513211336 -0.41215267777442932129
-1.16658234596252441406 -1.27116048336029030530 -0.71186459064483642578 0.83165556192398071289 -0.59492158889770507812 0.45577114820480341129 -0.72443079948425292969 -0.91186261177062999383 1.62689137458801269531 -1.61865818500518798828 -0.86929845809936523438
-0.96262919902801524774 0.68586790561676025391 -0.76522487401962280273 1.15664732456207275391 -1.71077978610992431641 -1.29506039619445800781 -0.29051050543785089664 0.20816414058208460025 1.53484177589416503906 0.75386732816696166992 -0.05908961594104759907
-0.13451015949249259251 1.43553566932678222656 1.46922934055328369141 -0.32494530081748962402 1.57915353775024391858 -1.24536716938018798828 -1.59200704097747802734 -0.89045250415802001953 0.32928550243377679996 -1.45237052440643310547 1.35991156101226806641
-1.32452285289764404297 -1.30371391773223876953 0.99048554897308360712 0.83583152294158935547 1.05112075805664062500 0.33215343952178949527 0.83543384075164794922 -1.15640246868133544922 1.16726124286651589124 -0.10925400257110590152 0.07655881345272060046
0.12955614924430838841 -0.70201098918914794922 -0.79702526330947875977 0.77383953332901000977 0.74368292093276977539 -0.58074694871902465820 0.97022366523742675781 0.79021382331848144531 0.82245969772338867188 -0.89852750301361083984 0.47495445609092712402
1.20562505722045898438 0.81672340631484985352 -1.21689271926879882812 1.51667165756225608142 0.84869396686553955078 0.29020252823829650879 -1.14212751388549804688 -0.00439211912453169994 0.91998857259750355109 -1.48496568202972389905 1.94889247417449951172
1.47680521011352539062 1.32042312622070312500 1.54019832611083984375 0.70783460140228271484 0.78776937723159790039 -0.90853053331375122070 1.49455559253692649158 -0.73443615436553955078 -0.99843555688858043329 -1.34422731399536110608 1.31962156295776367188
0.12461356073617929630 0.47940847277641290836 1.07837915420532248767 0.21759690344333648682 -0.42892825603485107422 1.29897010326385498047 1.50265109539031982422 -1.03547859191894509046 1.48550605773925781250 0.73437845706939697266 0.94228976964950561523
0.24918155372142788972 -1.02712869644165039062 1.62592554092407248767 -1.28023040294647216797 1.30724179744720458984 1.58109462261199951172 -0.56925541162490844727 -0.08694045245647430420 0.77921372652053833008 0.06446930766105650468 -0.40964701771736139468
-1.58173012733459472656 0.42234453558921808414 0.49267593026161188297 -0.10513404756784429372 0.36572068929672241211 -0.55138230323791503906 1.58956205844879150391 -1.10346579551696777344 -0.12519875168800351228 -0.21598243713378900699 -1.01465344429016113281
1.63010311126708984375 1.32819390296936035156 -0.23769226670265189427 -1.14816236495971679688 0.30582353472709650211 -1.01783037185668967517 -1.38472735881805419922 -1.28528094291686989514 -1.11879444122314430921 1.08422565460205078125 -1.11808061599731445312
-1.05148661136627197266 -1.41164135932922363281 1.54859507083892822266 -1.03245067596435569079 0.97399991750717163086 -0.65986347198486328125 1.47504615783691406250 -0.97135668992996215820 1.29236257076263449939 1.56555175781250000000 -0.55468368530273437500
-0.45734071731567377261 0.75992935895919799805 -0.16910858452320098877 1.56466603279113769531 1.05031275749206542969 1.49759614467620849609 -1.07928586006164550781 1.42773199081420898438 0.26208105683326721191 1.02934598922729492188 1.15684437751770019531
-0.61711752414703369141 -0.67925214767456054688 -0.09429037570953359426 0.58370840549468994141 0.30983906984329218082 1.24092841148376464844 1.41605114936828591077 -1.05104184150695800781 1.69873285293579101562 1.24307799339294433594 -0.39995285868644708804
-1.01027500629425048828 0.36645305156707758121 0.89274418354034423828 0.98684889078140258789 -0.47736421227455139160 -1.54913449287414550781 -0.35105845332145690918 -0.41634756326675409488 0.70556789636611938477 0.16423496603965759277 -0.10136356949806210603
-1.51586949825286887439 -0.55179607868194580078 -1.39123678207397460938 0.50573676824569702148 1.30327248573303222656 -0.16287149488925931062 -1.38534986972808837891 -1.47212636470794677734 1.34045624732971191406 -1.30530440807342529297 0.00725638587027780009
1.41106081008911110608 -1.42314565181732177734 -0.52229470014572143555 0.61031848192214965820 1.57834708690643310547 0.96508896350860595703 -0.22920611500740051270 1.48557758331298850329 -1.70378065109252929688 -0.50037091970443725586 0.00297161773778490020
-0.45264294743537897281 0.11655358970165249910 -0.06159714236855499958 0.08909691125154489688 -1.17358827590942382812 1.03710794448852539062 1.33217215538024902344 -0.40119263529777521304 -1.06500279903411887439 -0.24193251132965079564 -0.67548948526382446289
0.06128769740462299692 -1.43496215343475341797 -0.62731951475143432617 -1.48675048351287841797 -0.34151872992515558414 0.28729051351547241211 -1.55228269100189208984 -1.61750745773315429688 -0.44900241494178771973 1.00062978267669677734 -2.30712056159973144531
1.62971639633178710938 1.31483840942382790296 0.15745174884796139803 -0.21355478465557090062 -0.83550381660461425781 1.49332785606384277344 -0.98341542482376098633 -0.74456524848937988281 -1.16107904911041259766 0.01014512125402679960 -0.70255655050277709961
0.20442417263984680176 -0.35471713542938232422 -1.10506939888000488281 1.43306338787078857422 1.40556430816650390625 -0.99426388740539561883 -1.15861845016479492188 -0.21825200319290161133 0.64244794845581054688 1.42096745967864990234 1.61408865451812744141
0.21796533465385428685 1.53164470195770263672 -0.05424273014068600046 1.39142847061157248767 0.21639439463615409154 0.09494527429342269897 -1.15263164043426513672 0.82162714004516601562 0.73863399028778076172 -0.89579135179519653320 1.45086514949798583984
-0.07087872177362440629 -1.30733704566955566406 0.82152879238128662109 1.38957285881042480469 -0.37647551298141479492 -0.70914244651794433594 -1.17467737197875976562 -0.31517842411994928531 -1.02945768833160400391 0.01885139942169180086 0.11773870140314099397
1.47406768798828125000 -0.58276951313018798828 0.72002220153808593750 1.39387476444244384766 0.84935653209686279297 -0.64770364761352539062 0.64133661985397338867 1.53006935119628906250 0.24104036390781399812 -0.80573010444641113281 1.21263027191162109375
-1.36896276473999023438 -1.01007235050201416016 0.98753368854522705078 1.44234824180603049548 0.97838675975799560547 -1.62136650085449218750 -0.05409521237015720019 1.27391576766967751233 -0.36763438582420349121 -1.22921562194824218750 0.05618150159716599895
0.76015478372573852539 -0.28446528315544128418 -1.43474972248077392578 0.06832382827997199315 -1.41185975074768088611 1.37040781974792480469 0.34179073572158807925 0.43373742699623107910 1.52806389331817649158 -0.58496433496475219727 0.72791063785552978516
0.73211365938186645508 -1.27766418457031250000 -1.50200188159942649158 0.08040148764848699392 1.07657694816589355469 -0.45529630780220031738 0.48938378691673278809 1.57962584495544433594 0.56586837768554687500 0.13945442438125610352 0.28731235861778259277
1.16799664497375488281 -0.43469592928886408023 -1.66801404953002929688 -0.47218024730682367496 0.21165247261524200439 1.35237836837768554688 0.30822047591209411621 -0.29724705219268798828 0.54058897495269775391 -1.40238404273986816406 1.01713335514068603516
0.00505381403490900039 0.60753977298736572266 0.78005778789520263672 -0.69125980138778686523 -0.27027076482772821597 -1.54334473609924316406 1.28269708156585693359 1.41140592098236083984 0.68687552213668823242 0.62834489345550537109 0.34495630860328668765
1.60933291912078857422 -1.11368584632873535156 -1.19705331325531005859 0.22082759439945220947 0.62765467166900634766 0.45327812433242797852 -0.82575994729995727539 -0.40246897935867309570 -1.03092122077941894531 -0.15748712420463559236 0.46510994434356689453
-0.58597326278686523438 0.28752321004867548160 -1.32037186622619628906 -0.66512602567672729492 0.32973316311836242676 -0.09235475212335579609 -1.60920715332031250000 -0.61955666542053222656 -1.38611006736755371094 0.39338290691375732422 0.04036986082792280023
-0.30376029014587402344 -1.09539330005645751953 1.49449372291564941406 -1.03665602207183837891 -0.91723746061325084344 1.25236427783966064453 1.52712738513946510999 -0.97544085979461681024 -0.67924100160598754883 -0.17300428450107568912 -1.04904186725616455078
-1.45303630828857421875 -0.10174538195133199514 1.36449325084686279297 1.22755992412567138672 -1.56126463413238525391 1.14259660243988037109 0.70413196086883544922 0.00404777983203529965 -1.67740178108215309827 -0.51830470561981201172 -0.11779917031526560001
0.20175452530384060945 -1.27520155906677246094 0.09353549033403389668 1.02245497703552246094 1.11728739738464355469 -0.38774612545967102051 1.28522682189941406250 0.13572119176387781314 0.44607815146446228027 -0.98403263092041015625 -0.02443969622254369908
-1.07710134983062744141 -1.57068049907684326172 0.59768968820571899414 0.85116934776306152344 -0.84020948410034179688 1.08767831325531005859 0.83792477846145629883 0.20812934637069699373 0.33466434478759760074 -0.89513057470321655273 -0.82992976903915405273
0.42707717418670648746 0.25616976618766779117 1.01182234287261962891 0.46849536895751947574 -1.24041295051574707031 -0.35251060128211969547 0.05876837670803070068 -1.07708227634429909436 -1.09082543849945090564 -0.67916941642761230469 0.75846087932586669922
0.59288328886032104492 -0.10182441771030420474 -0.17286686599254599828 1.24200642108917236328 -1.45715451240539550781 -1.74594414234161376953 -1.58848619461059570312 -0.15981568396091461182 -1.40131175518035888672 0.01787785068154330165 0.47470471262931818179
0.85571670532226562500 -1.49366056919097900391 0.80181330442428588867 0.75163239240646362305 1.63988041877746582031 -1.64703404903411887439 0.30927312374114990234 1.23453474044799804688 -0.71712988615036010742 -0.32249891757965087891 -0.06868264824151990022
-1.67346954345703125000 0.20320950448513031006 0.31247222423553461246 -1.57828927040100097656 -1.71034586429595969470 -1.47424924373626708984 1.64338445663452170642 0.40885958075523370914 0.85757768154144287109 -0.49232137203216552734 -2.62697958946228027344
1.71084964275360107422 0.94557356834411621094 0.92200893163681041376 -1.57090997695922829358 1.30870485305786110608 -0.47892004251480102539 -1.63243007659912109375 0.73608011007308959961 0.59461450576782226562 1.55797314643859863281 -0.66976267099380493164
1.55066883563995361328 0.72798973321914672852 -1.58369314670562744141 -0.05249719321727749910 0.02033826708793640137 0.82964032888412475586 1.55823504924774169922 0.73448616266250610352 -0.21425858139991760254 -0.05890111997723569692 1.23293292522430419922
-0.64253437519073486328 -1.04151964187622070312 -1.63275671005249023438 -1.02473425865173339844 0.33298501372337341309 -1.56044209003448486328 1.17007362842559792249 -0.00331548484973599993 -0.50080907344818115234 -0.02614742144942280161 -0.35406997799873352051
-0.58685529232025146484 -0.76629352569580078125 0.34388732910156250000 1.23691022396087646484 1.46911275386810302734 1.11162066459655761719 -1.40335547924041770251 0.72984641790390014648 1.07418358325958229749 -1.38678956031799316406 0.36565428972244262695
1.47808432579040527344 -0.51225841045379638672 -0.38063383102416992188 0.82078880071640014648 -1.40475022792816162109 -0.04521343111991880243 0.45623123645782470703 -1.08664453029632568359 0.75477331876754760742 -0.08085384964942929353 0.17084868252277368716
0.12671826779842371158 -0.57487189769744873047 -1.07416224479675292969 0.16400037705898279361 1.07405650615692138672 -0.40872803330421447754 0.41613754630088800601 0.95102024078369140625 0.01463853754103179930 0.95974469184875477179 0.45967501401901239566
-1.33322119712829589844 -0.04228672012686719717 1.25510144233703591077 -0.62426352500915527344 0.08546198904514309969 -0.84250122308731079102 1.06358885765075683594 -0.66646635532379150391 -0.08121719956398010254 0.07403157651424399632 -0.67136412858963012695
-0.74421805143356323242 0.82113999128341674805 1.23394298553466796875 0.46062493324279779605 -0.84427380561828613281 0.32146432995796198062 0.86234855651855468750 0.91062700748443603516 1.00092661380767822266 -0.00607527978718280012 0.65566337108612060547
-1.01336848735809326172 1.04857873916625976562 -0.36187499761581420898 -0.48694014549255371094 0.12948562204837799072 1.46891462802886962891 0.56934022903442382812 -1.03616595268249511719 0.11559905111789700594 -1.15279579162597656250 -0.55056524276733398438
-0.06552316248416900635 -0.67807245254516601562 -1.57720935344696044922 -0.38047972321510309390 0.97453373670578002930 0.72701728343963623047 -0.36379694938659667969 -1.49662113189697287829 -0.66870111227035522461 0.31946313381195068359 0.40721899271011352539
0.17511856555938720703 0.53010904788970947266 0.66371864080429077148 0.20669068396091461182 0.23872427642345420140 -1.12713885307311989514 0.39023929834365839175 -1.53887605667114257812 -0.05820917710661879796 1.22541308403015136719 0.84982347488403320312
1.54521512985229492188 -0.75201362371444702148 -0.43790221214294428043 -0.89111465215682983398 1.66360354423522949219 0.72438991069793701172 1.15254616737365722656 -1.17986822128295898438 0.67008292675018310547 -1.16905510425567649158 -0.03389825299382209778
-0.47124534845352167300 0.99040466547012317999 1.09761714935302712171 -0.18754388391971579808 0.83430403470993041992 0.68249213695526123047 -1.69648337364196777344 0.50235772132873535156 -1.41889834403991699219 1.37028324604034423828 0.70809721946716308594
-0.77419084310531616211 -1.20239365100860595703 -0.04422744363546370072 0.78648918867111206055 -1.01478874683380126953 0.58700281381607055664 -0.70534634590148925781 1.46901392936706542969 -1.00920474529266357422 -0.77679085731506347656 -1.07096111774444580078
0.47480985522270202637 -0.27588683366775512695 1.01645123958587646484 -0.83672767877578735352 1.51308703422546408923 1.55026352405548095703 1.43352484703063964844 -0.83172243833541870117 0.73185193538665771484 0.19112962484359741211 0.16595022380352020264
0.03156647831201549875 1.50224804878234863281 -1.68961727619171142578 0.68133664131164550781 0.78724241256713867188 -1.21997940540313720703 -1.18146228790283203125 1.05545294284820556641 1.67996454238891601562 0.14363135397434229068 2.15934920310974121094
0.49367552995681762695 0.35606515407562250308 0.75502693653106689453 -0.10665982216596600618 1.60247135162353515625 1.15311074256896950452 -0.66218453645706176758 -0.88847684860229492188 1.31547021865844726562 -1.38655138015747070312 0.93586069345474243164
-0.97838020324707042352 -0.38289198279380798340 0.41306713223457330875 -0.15225741267204279117 1.16253077983856201172 1.58203065395355224609 0.99225533008575439453 -1.46626675128936767578 1.04462897777557350842 1.24769663810729980469 -0.58011031150817871094
