0.77450770139694213867 0.79474169015884399414 1.54388439655303955078 1.65828895568847656250 -1.03262937068939208984 -0.65295869112014770508 0.68148815631866455078 0.68064373731613159180 0.60888302326202392578 0.41436341404914850406 -1.38070774078369140625 -1.13050460815429687500 -1.08315885066986083984 -0.34880879521369928531 1.08569872379302978516 1.69439136981964111328 0.29380708932876581363 1.25519704818725608142 1.10152769088745117188 0.57185703516006469727 0.82586878538131713867 0.84245717525482177734 -0.29082894325256347656 0.23662057518959039859 -1.37281787395477294922 -1.58629333972930908203
0.34339168667793268375 1.23315548896789550781 2.72123932838439941406 1.75689101219177246094 -0.37279415130615228824 -0.05555842444300650163 0.36152946949005121402 -0.21722154319286340884 -0.47343200445175170898 0.64447838068008422852 -1.21995675563812255859 1.40237820148468017578 -1.69818532466888449939 -1.29986977577209472656 1.10112714767456032483 -1.74796903133392311780 0.10245449095964430375 -1.39289546012878417969 1.23340988159179687500 -0.03591757640242569660 -0.75678884983062744141 -1.03789484500885009766 -0.25535652041435241699 -0.02843467518687239903 1.62514722347259521484 -1.01009535789489768298
-2.07187294960022017065 -1.58466851711273193359 -1.31914734840393088611 0.34569168090820312500 0.98589473962783802374 0.36629852652549738101 -0.75093972682952880859 -0.92753148078918457031 -1.19911634922027610095 -0.11824441701173779573 0.53780549764633178711 -1.04709565639495849609 0.90541470050811756476 1.14203560352325439453 0.67762017250061035156 -1.06992554664611816406 0.75483113527297973633 -1.64632296562194824219 -0.27069744467735290527 0.16549044847488400545 -1.50507330894470192639 -1.09789586067199707031 0.88297551870346069336 -0.64025998115539550781 -0.66957885026931762695 0.39664366841316217593
-0.90345764160156238898 -0.13948185741901389378 -0.58863425254821777344 -0.01113074738532300080 0.60810810327529907227 0.30013227462768549136 0.56040567159652709961 -0.12561772763729089908 -0.02156417258083819996 1.59917783737182617188 1.28290104866027832031 0.32808324694633478336 0.24478809535503379124 0.86411398649215698242 -0.08810237050056450581 -0.64925253391265869141 -0.95979332923889160156 -0.31370955705642700195 -1.27891933917999289783 -1.45693159103393554688 0.28224852681159967593 -0.03152330964803690128 0.05027531087398520032 -1.74029231071472167969 1.18247842788696289062 1.05596876144409179688
0.84654545783996582031 0.66613864898681640625 1.11800014972686767578 0.65508687496185302734 0.95884108543395996094 0.98535692691802978516 0.80726385116577148438 -0.41641432046890258789 -0.48142889142036437988 0.32808542251586908511 1.80166494846343994141 1.48328697681427001953 0.18889549374580380525 -0.97004908323287963867 -1.61436450481414794922 1.09993100166320800781 -0.30600368976593017578 1.09225940704345703125 1.35296714305877685547 0.10684756934642790360 0.61941421031951904297 0.10162951797246930208 -0.16846898198127741031 -0.80223715305328369141 1.50690925121307350842 -1.58300805091857910156
-1.12486433982849121094 -0.81195944547653198242 -1.28111660480499289783 -1.40547776222229003906 1.33243894577026367188 0.44646137952804559879 -1.46929895877838112561 -1.39480781555175781250 -0.59601742029190063477 -1.27517724037170410156 -0.23535616695880889893 0.14054392278194419164 0.82553780078887939453 0.57708048820495605469 0.66842991113662719727 -1.53855895996093750000 -1.01224005222320556641 -0.21744526922702789307 1.69344151020050048828 0.19321547448635101318 1.08806467056274391858 -0.11868350207805629382 -0.91320008039474476202 0.95351707935333240851 -0.69585311412811279297 0.99006283283233642578
-0.58245795965194702148 -1.20095598697662353516 -0.49817907810211181641 -0.53612899780273437500 0.57339948415756225586 -1.59616255760192871094 1.58516716957092285156 -0.67353594303131103516 -0.74239265918731689453 -1.40460669994354248047 1.34904170036315917969 1.00092852115631103516 0.39452031254768371582 1.45638406276702880859 -0.12894640862941739168 0.11416351050138469347 -0.64751923084259033203 -0.42966306209564208984 -0.05856466665863990090 -0.55048394203186035156 -1.34731805324554443359 1.81295704841613769531 -1.47993445396423339844 -0.23441298305988308992 1.66161990165710449219 0.50197154283523559570
-0.53672051429748535156 -0.51616746187210083008 -1.22867166996002197266 -0.70411336421966552734 -1.07924664020538330078 0.19586470723152160645 -0.02926023118197909959 -0.02254423126578329953 1.08363163471221923828 0.71155685186386108398 -0.75494587421417236328 -0.29710182547569269351 -0.35494929552078241519 0.16404959559440610017 -0.20819093286991119385 1.67459595203399658203 -1.31957256793975830078 -0.96609401702880859375 1.44304859638214111328 1.43373763561248779297 0.93838155269622802734 1.80233037471771240234 0.60865223407745361328 -1.58044362068176269531 0.47979608178138727359 0.78861325979232788086
-0.37300333380699157715 0.00629841862246389994 0.00380621408112340014 -1.32891094684600830078 -0.36920818686485290527 -0.54318445920944213867 1.08957123756408691406 1.08949005603790283203 -0.55617696046829223633 -0.37850552797317499332 1.55604255199432350842 -1.48504018783569335938 1.76091945171356201172 -1.16742348670959472656 -1.50053513050079367908 0.93164592981338500977 0.25105640292167658023 1.15146744251251220703 1.17718875408172607422 -1.47419226169586181641 1.06460404396057128906 1.11969304084777832031 -0.95724409818649280890 1.45312774181365966797 1.59538745880126953125 0.30411878228187561035
0.76727283000946044922 0.29945620894432067871 0.51071912050247192383 -1.17189431190490722656 -1.33600687980651855469 -1.21019470691680908203 -1.61310374736785888672 -1.74822735786438010486 0.04819804430007929713 -0.78760534524917602539 0.27736929059028619937 -1.00749278068542480469 1.68866729736328125000 0.59527629613876342773 -0.76884394884109497070 0.79702281951904296875 0.24492956697940820865 -1.80847942829132080078 -0.93513703346252441406 1.01935875415802001953 -1.27518939971923850329 1.13929474353790283203 0.79454421997070312500 0.66290438175201416016 -0.05150522664189329664 -1.85917055606842041016
-0.67617523670196533203 -1.19759559631347656250 -1.09819078445434570312 -0.24316844344139099121 -0.48369649052619928531 -0.57867032289505004883 1.17411029338836669922 0.58256334066390991211 0.49582850933074951172 1.04068255424499511719 -0.22848331928253171053 -1.19855582714080810547 1.86653625965118408203 1.01124382019042968750 0.90684819221496582031 1.24834620952606201172 -0.70620954036712646484 -0.16681818664073941316 -0.80965775251388549805 -0.67615455389022827148 0.04358185082674020244 -0.28989887237548828125 -1.30380380153656005859 0.50049328804016113281 1.00567495822906494141 0.51247316598892211914
-1.15468990802764892578 -1.04822111129760742188 -0.99764567613601684570 -1.15026617050170898438 -0.94053947925567638055 -0.48595246672630310059 -1.32030284404754638672 -1.19361102581024169922 -0.36437481641769409180 -1.17507505416870117188 -0.57205414772033691406 0.47373268008232111148 0.77365213632583618164 -0.55525743961334228516 0.76238071918487548828 -0.26567187905311578922 -0.04835179075598709797 1.10502171516418457031 1.26553153991699218750 0.20636500418186179417 1.40741086006164550781 1.29273676872253417969 0.35807478427886957340 1.66813874244689941406 -0.10578673332929609818 0.01722892187535760011
-0.92413586378097523077 -1.03352105617523193359 -0.42036709189414978027 -0.03308505192399020106 -1.21577024459838889392 -0.55590188503265380859 -0.23239840567111968994 -1.75894641876220703125 0.15143212676048278809 0.26781186461448669434 0.63804650306701660156 1.51009988784790039062 0.60020178556442260742 -1.12249970436096191406 1.55412542819976806641 -0.20904941856861108951 -0.28077995777130121402 -0.55246657133102416992 -0.91365265846252441406 1.52423882484436035156 1.12314486503601074219 0.96176785230636596680 0.32030722498893737793 0.24735690653324118871 1.45295405387878417969 0.23186445236206049136
1.54625666141510009766 1.00867462158203125000 1.39403223991394042969 0.66302913427352905273 -1.36158072948455810547 -0.44176495075225830078 1.00335466861724831311 1.00657320022583007812 0.19442942738533020020 1.59998416900634765625 -0.46314844489097589664 -0.62423712015151977539 1.06817507743835449219 1.27811348438262939453 1.48703849315643310547 0.85941654443740844727 -0.08648452162742610583 1.34560906887054443359 -0.03266428411006919857 -0.84968340396881103516 0.48270094394683837891 -1.13073766231536887439 1.00627446174621582031 -0.03908476233482360146 1.30429542064666770251 -0.90261632204055797235
0.19384497404098510742 0.69054508209228515625 0.98910844326019276007 1.78689169883728049548 -0.67127639055252075195 0.30856880545616149902 -0.99444550275802601202 -0.02499503642320630159 -0.69881689548492431641 -1.74664270877838112561 -0.96393531560897838251 1.28364574909210205078 -1.13821864128112792969 -1.08794689178466796875 -0.44278472661972040347 -0.28860744833946228027 -1.22814178466796875000 0.40357682108879089355 -0.63084816932678222656 -0.19706831872463220767 -1.39040899276733398438 0.97495615482330322266 -0.71683996915817260742 -1.05485594272613525391 -0.66683501005172729492 -0.47937870025634760074
1.28804886341094970703 0.89430916309356689453 1.00973272323608398438 0.30657386779785150699 1.10994875431060791016 -0.26336210966110229492 1.19708967208862304688 -1.56290531158447287829 0.95966953039169322626 0.59563171863555908203 1.26230323314666770251 -1.31837368011474609375 -1.19441354274749755859 -1.58247900009155273438 1.10476481914520263672 -0.44947993755340570621 1.48480892181396484375 1.54919624328613281250 -1.45808064937591552734 -0.72712713479995727539 -0.46973714232444757632 0.36498090624809259586 -0.64240992069244384766 -0.61791867017745971680 1.38887953758239768298 -1.17916154861450195312
1.07742714881896950452 0.91047114133834838867 1.29880154132843017578 0.16050894558429709691 0.19187225401401519775 -0.39475291967391967773 0.99694889783859241827 0.93225169181823719367 -1.26126360893249511719 0.98340773582458496094 1.38170254230499289783 0.05046598985791200115 -0.85051602125167846680 -0.70229768753051757812 -0.13731576502323150635 -1.42242872714996337891 0.17302523553371429443 0.64255303144454956055 -1.20025193691253662109 -0.00472322059795259996 1.05467724800109863281 0.72611963748931884766 0.98127657175064075812 -0.54456317424774169922 0.17633028328418728914 -1.97535574436187721936
0.06194664537906639790 0.32270687818527221680 -0.73814123868942260742 -1.61663234233856201172 -0.37614256143569940738 -1.19373404979705810547 -0.89149862527847290039 -0.97058016061782836914 1.02827537059783935547 -1.73960304260253906250 1.31721186637878417969 0.88776791095733642578 1.39149165153503417969 0.44029778242111200504 0.78518813848495483398 -1.21476364135742209704 1.17394018173217751233 1.19125354290008544922 -0.83911973237991333008 -0.31680846214294428043 -1.12823748588561989514 -0.20659174025058740787 0.05468849092721930066 0.00708483438938849967 0.17242945730686179417 -0.45655331015586847476
0.58538132905960083008 0.03088418021798130034 -1.43942928314208984375 -1.44604182243347167969 1.45208370685577392578 1.37794864177703857422 -0.80654019117355346680 0.60111272335052490234 0.99885582923889160156 -0.05120045691728589837 -1.28164684772491455078 -1.12809586524963378906 -1.61153054237365722656 -0.85059130191802978516 0.81377190351486206055 -1.28442060947418190686 -1.73376524448394775391 -0.24255539476871490479 -1.49835968017578125000 0.88301789760589599609 0.83769643306732177734 1.10572504997253417969 -0.49379089474678039551 0.38960275053977960757 0.39283880591392511539 0.52726197242736816406
-0.87320816516876220703 -0.36784479022026062012 0.41794106364250177554 0.90023821592330932617 -0.74772596359252929688 -0.50181198120117187500 0.02860228344798080094 0.62944829463958740234 0.36788794398307800293 -1.46979105472564697266 -0.24685512483119959048 1.16157245635986328125 -0.61721897125244140625 -1.67284774780273437500 0.72605717182159423828 0.33755248785018920898 1.65822565555572509766 -0.19181294739246360082 -0.99566870927810680048 -0.41511726379394531250 -1.19098865985870361328 -1.29411685466766357422 -0.37367725372314447574 -0.21122473478317260742 1.19964790344238281250 0.68155348300933837891
-1.16933453083038330078 -1.46241402626037597656 -0.63100981712341308594 -0.58206486701965332031 1.05475604534149169922 -0.04203472286462780344 -0.21978807449340820312 -0.54357987642288208008 -1.11519312858581542969 -0.94373977184295643195 1.54256618022918701172 -0.51116687059402465820 -0.96031332015991199835 -1.50595104694366455078 0.67975980043411254883 -0.40942883491516107730 -0.77399200201034545898 1.54155027866363525391 -0.08646716922521589799 1.23776733875274658203 1.47439396381378151624 -1.18730092048645019531 -1.21537005901336669922 0.74649184942245483398 1.53129506111145019531 -0.08307459950447079744
1.40235662460327170642 0.91639029979705799445 0.08237075805664059724 0.41437816619873041324 1.68680906295776367188 0.31262251734733581543 0.41966223716735839844 0.21255283057689661197 0.34581473469734191895 -0.16395701467990869693 -1.02943694591522216797 -0.40324181318283081055 1.35504364967346191406 1.09639823436737060547 0.88746690750122070312 1.71444594860076904297 -0.91674691438674915656 -1.49757230281829833984 0.56127744913101196289 1.43317973613738991467 -0.55845963954925537109 -0.87890082597732543945 -1.36538434028625488281 1.05773901939392089844 1.57336747646331809314 -0.89226424694061279297
-1.52947497367858886719 -1.06712675094604492188 -0.51763063669204711914 -0.10076306015253060078 -1.58434164524078369141 1.56950604915618896484 1.31087076663970969470 0.99206966161727905273 -0.79579025506973266602 -0.11525294184684750642 1.25572538375854492188 0.25037270784378051758 -1.48357748985290527344 -0.18146447837352749910 -1.57732117176055908203 0.01300296559929840085 0.96618497371673583984 -1.46201205253601074219 -1.26126205921173095703 0.12214674800634379992 -1.36720001697540283203 -1.34094107151031494141 0.40900841355323791504 0.49168938398361200504 -1.52169907093048095703 -0.38060304522514337711
0.03637559339404099895 -0.46074634790420532227 -0.60044562816619873047 -0.06116403266787519971 -0.83740079402923583984 -0.62953197956085205078 -1.43681967258453369141 0.39427340030670160465 1.01967322826385498047 -1.21437764167785644531 -0.63568484783172607422 -1.38585114479064941406 0.04781759902834890191 -1.50107371807098410876 0.38059607148170471191 -0.43119275569915771484 1.43318569660186767578 -0.61946034431457519531 -1.05951833724975608142 -0.46984890103340148926 0.53880333900451660156 1.28486895561218261719 -0.38592681288719177246 1.72825348377227783203 -1.69424414634704589844 1.22892796993255615234
1.03486585617065429688 0.42467415332794189453 1.63948369026184082031 1.71164596080780029297 0.67810529470443725586 -1.40900242328643798828 -0.31223997473716730289 1.47049546241760231702 0.47453203797340387515 1.30070114135742209704 -0.85867148637771606445 1.55388379096984863281 0.41141721606254577637 0.48169207572937011719 -0.47105947136878967285 1.35653328895568847656 -1.28128302097320556641 -0.38799640536308288574 1.45209109783172607422 0.69244116544723510742 0.39470911026000971011 -1.46653068065643310547 0.50848954916000366211 -0.22588759660720819644 1.60383820533752441406 -0.97457873821258544922
0.56273466348648071289 -0.01556576974689959959 -0.39796248078346252441 -0.52744561433792114258 -1.56533575057983398438 -0.74426162242889404297 -0.22161066532135009766 0.49131569266319269351 1.39485502243041992188 1.24067878723144509046 -0.02505966648459429999 0.97439038753509521484 -1.63049042224884033203 0.12118086218833920564 1.06659519672393798828 -1.30420339107513449939 -0.78169471025466918945 0.15546694397926330566 -0.04456194117665290139 -1.38730227947235107422 -0.99172204732894897461 -0.48724552989006042480 0.86591672897338867188 -1.17375791072845458984 0.08245395123958579320 -0.56067752838134765625
0.15633177757263180818 0.85329318046569824219 -0.22225098311901089754 -1.04874765872955322266 0.83033615350723266602 0.27512481808662409000 0.72204428911209106445 -0.80516397953033447266 0.69387447834014892578 0.59870249032974243164 -1.53696680068969726562 1.39721763134002685547 1.19338762760162353516 1.27106833457946777344 -0.69022387266159057617 0.30210980772972101382 -0.78028684854507446289 1.11701345443725608142 1.14811825752258300781 -1.65369057655334472656 0.73429721593856811523 -0.72582292556762695312 0.57075804471969604492 1.20704114437103271484 -1.14788246154785156250 -1.23770678043365478516
-0.85092806816101074219 -0.40282812714576721191 -0.30870622396469110660 0.31308621168136591129 -0.85195976495742797852 0.08572909235954280505 1.26092576980590820312 0.55084598064422607422 -0.34230056405067438297 -1.66402578353881835938 -1.15880024433136008533 1.13440465927124023438 1.21677899360656738281 1.46787154674530029297 0.92329448461532603876 -0.80355614423751831055 -1.06562983989715576172 1.05190932750701904297 1.47198295593261718750 -0.81939321756362915039 1.26075434684753417969 -0.65057724714279174805 -1.42178893089294433594 -1.00679326057434082031 -0.47393941879272460938 0.84327489137649536133
-0.72988414764404296875 -0.46722921729087829590 -1.27866494655609130859 -1.09549725055694580078 -0.70563358068466186523 0.06805405765771860294 -1.19316005706787109375 -0.26264017820358270816 0.84395635128021240234 0.38974848389625549316 -1.16473925113677978516 -1.25168597698211669922 0.22689525783061981201 -1.18480455875396728516 1.14774096012115478516 -0.70770227909088134766 -1.63920462131500244141 1.23042905330657958984 0.05380800738930700128 -0.67662638425827026367 1.47304224967956542969 -0.36515298485755920410 -0.53482359647750854492 1.36734580993652343750 0.78208839893341064453 0.80295616388320922852
-1.62436521053314208984 -1.28357124328613281250 -0.70065677165985107422 0.30092135071754450015 1.48835754394531250000 0.97739654779434204102 -1.22291338443756103516 -0.51453161239624023438 -0.36483073234558099918 0.89255106449127197266 -1.15207815170288085938 -1.44341254234313964844 -0.86975920200347900391 -1.63246524333953857422 0.06972266733646390047 -0.56205284595489501953 0.26243832707405090332 -0.73925203084945678711 1.01288843154907248767 -0.95804148912429798468 -1.17288136482238769531 -0.18894019722938529271 -0.65460669994354248047 0.19146691262722009830 -0.09729049354791639848 0.70844900608062744141
0.69386869668960571289 0.69039350748062133789 -0.44512593746185302734 -0.72638475894927978516 -0.64129912853240966797 -0.09837313741445539994 -1.28087866306304909436 0.23496638238430020418 1.12881863117218017578 -1.45602214336395263672 -1.43723702430725097656 -0.58382058143615722656 1.10860204696655273438 0.74721491336822509766 0.39201158285140991211 -1.28687691688537597656 0.11940404027700420031 -0.71597540378570556641 0.35083472728729248047 -1.30018436908721923828 1.62950575351715087891 -1.02731323242187500000 0.62560063600540161133 -1.71621298789978049548 -0.72741305828094482422 -1.70707952976226806641
2.05587601661682128906 1.76324415206909179688 1.32382512092590309827 0.44035857915878290347 -0.52391737699508666992 -0.56633543968200683594 0.21981431543827051334 1.21692776679992675781 0.01817640475928779947 1.39943981170654296875 -1.05657744407653808594 -1.60652577877044677734 -0.52769571542739868164 1.27787303924560569079 1.24271225929260231702 -0.84903693199157714844 1.45748257637023925781 1.08236849308013916016 -1.23586499691009521484 1.15058851242065429688 -0.38553580641746520996 1.44730734825134277344 -0.40863555669784540347 1.47387945652008056641 -0.11508210748434059834 0.09911019355058670044
-0.44377833604812622070 -0.40718972682952880859 -0.57637828588485717773 0.64665138721466064453 -1.28456044197082519531 -1.55898725986480712891 1.36685037612915039062 0.96499723196029663086 -0.16116911172866821289 0.51583445072174072266 -1.41583502292633056641 -0.07280606031417839741 -1.59278309345245361328 -1.28024268150329589844 0.99792009592056285516 -0.18887126445770260896 0.82308346033096313477 -0.59615731239318847656 0.09454049170017239656 0.61958801746368408203 -1.52210474014282248767 -0.38998708128929138184 1.65397763252258300781 -0.32893043756484979800 0.74110364913940429688 1.10323381423950195312
-1.19779515266418457031 -1.37893307209014892578 -1.07458662986755371094 -1.09481191635131835938 -0.13584290444850918855 1.38658797740936279297 0.32297569513320917300 0.43712362647056579590 1.75963604450225830078 1.04564452171325683594 1.72025048732757568359 1.29527533054351806641 -1.01484632492065429688 -0.32060691714286798648 -1.63695764541625976562 0.63022232055664062500 -0.35176616907119750977 -0.61952352523803710938 -0.22660109400749200992 1.40741133689880371094 -0.19585436582565299291 -0.13006949424743649568 0.92640662193298339844 -0.25207477807998657227 1.72363424301147460938 0.10622266680002209749
-1.48601818084716796875 -1.72822690010070800781 -0.39792490005493158511 -0.32108128070831298828 -0.53415560722351074219 -1.08981704711914062500 0.26053142547607421875 1.26805961132049560547 0.33977028727531427554 0.13784591853618619051 -0.45828840136528009586 -0.54481101036071777344 -1.43548834323883056641 -0.86787974834442138672 0.00456213345751160012 -1.06241750717163085938 1.39052915573120117188 -0.56190359592437744141 -0.92812317609786998407 1.03944516181945800781 -0.76207101345062255859 -1.44984734058380126953 1.02172470092773437500 -0.35129970312118530273 -0.50502866506576538086 -0.50567680597305297852
2.03586030006408691406 1.42786419391632080078 2.13703918457031250000 0.78921562433242797852 0.30136096477508539371 -0.24840608239173889160 -0.68180644512176513672 1.59629213809967041016 -1.01289224624633789062 -0.07644239068031309647 -0.84943842887878417969 0.53023308515548706055 1.51671588420867919922 -0.21432505548000330142 -0.49190002679824829102 0.33364233374595642090 -0.79726642370223999023 0.84786725044250488281 -1.14658880233764648438 0.70535200834274291992 -1.18489575386047363281 0.54433834552764892578 -1.04800558090209960938 -1.66625070571899391858 0.73398649692535400391 1.13844048976898193359
0.49406972527503967285 0.07210253924131390657 -0.56296968460083007812 -0.96956461668014515265 -0.89253842830657958984 1.17806196212768554688 -0.69988209009170532227 0.15159009397029871158 0.89586180448532104492 -1.07558131217956542969 0.09766758978366850419 1.30962049961090087891 1.35049295425415039062 -1.14436364173889160156 -0.18558886647224420718 -0.28019177913665771484 -0.28517425060272211246 -1.64093828201293967517 -0.14490267634391779117 -0.01940992660820479998 1.07813835144042968750 -0.58964329957962036133 0.12972553074359891023 -1.41889083385467529297 1.37366545200347900391 -0.33080276846885681152
-1.25116705894470192639 -0.47683024406433099918 -0.95578891038894642218 -0.65750104188919067383 1.00200664997100830078 -0.91027575731277476923 0.80429250001907348633 -0.40743926167488098145 -0.76734542846679687500 0.28782039880752557925 0.11723790317773810643 -1.61380839347839355469 0.11696241050958630647 0.40034106373786920718 0.56644749641418457031 1.64596664905548095703 -1.36254262924194335938 0.70622891187667846680 0.95232617855072021484 0.76387888193130493164 -1.41223835945129394531 1.56554877758026123047 1.47327482700347900391 1.26459968090057350842 -0.06824592500925059924 1.02189993858337402344
0.35449352860450739078 0.22224363684654230289 0.05954558774828910134 0.47864466905593872070 -1.21407210826873779297 -0.45468667149543762207 0.90698665380477905273 1.49029767513275168689 -0.30579853057861328125 0.27972537279129028320 -1.50340545177459716797 -0.61375957727432250977 1.38148939609527610095 0.27616292238235468082 -0.14774027466773981265 -0.63966947793960571289 1.01332747936248779297 0.76761215925216674805 1.42535674571990966797 -0.02814993448555460145 -0.23473218083381650056 1.01822888851165749280 0.03588493540883060107 -0.53089964389801025391 -0.04407976567745199720 -0.28648141026496881656
-1.01442956924438476562 -0.35291796922683710269 -0.78456103801727294922 -0.26769843697547912598 -1.34029650688171408923 0.85710227489471435547 -0.91585338115692138672 -0.80002474784851074219 -0.36783847212791437320 -0.07063793390989299426 -0.81727939844131469727 0.74382573366165161133 1.15395927429199218750 -0.12146513164043419575 -1.44857478141784690173 -0.94150984287261962891 0.02890989929437630043 -0.98175680637359619141 -1.30324494838714599609 1.69365310668945312500 1.30138194561004638672 -1.23817455768585205078 1.22858917713165283203 0.59807646274566650391 -0.45962426066398620605 0.75125294923782348633
0.99928039312362682001 1.65443432331085205078 2.27113199234008789062 1.16469001770019509046 0.07837431877851480655 1.69319045543670632092 0.71579599380493164062 0.98509877920150756836 -1.26472461223602294922 -0.42621117830276489258 1.23624539375305175781 -0.44640251994132990054 -0.13679152727127069644 -0.38492453098297119141 1.36560094356536887439 1.64236009120941162109 1.11431455612182617188 1.14927995204925537109 1.18965303897857688220 -1.39353477954864501953 -0.44001731276512140445 0.77403831481933593750 1.17060184478759765625 -0.60218620300292968750 1.51532220840454101562 0.36969873309135431461
-0.17336282134056091309 -0.39422476291656488590 -0.74469482898712158203 -1.27628135681152343750 -1.11368250846862792969 0.89993250370025634766 -0.42682045698165888004 1.50107634067535400391 0.37630763649940490723 -0.24702337384223929662 0.82381755113601684570 1.46018922328948952405 0.77940499782562255859 0.97872853279113758429 -1.18125569820404030530 1.21385204792022705078 1.37440979480743408203 -0.01302987802773710076 -1.08157062530517578125 -0.10663618892431249441 0.81092017889022827148 0.22248055040836328677 -0.64399516582489013672 0.01087205018848180077 -1.69365441799163818359 0.58824682235717773438
0.19260822236537930574 -0.71162140369415283203 -0.23073990643024439029 1.47727572917938232422 -0.64151304960250854492 -1.08635902404785156250 1.02535855770111083984 0.51907098293304443359 -1.19633340835571289062 0.86161071062088012695 -0.27454215288162231445 -0.79088890552520751953 0.98444056510925281867 1.24133419990539550781 0.72922372817993164062 1.23038268089294433594 1.15986239910125710217 1.16203713417053222656 1.51585781574249289783 -0.81881469488143920898 1.22748923301696777344 -1.36437678337097167969 -1.22463774681091308594 0.89037829637527465820 1.04946398735046408923 1.47457742691040039062
-0.51680672168731689453 -0.00756932282820339981 -0.04085465148091309978 -0.87109148502349853516 -1.04810237884521484375 0.07155925035476680407 -0.61770230531692504883 -0.88181209564208984375 0.59578156471252441406 -0.29143580794334411621 1.43737673759460449219 1.00495266914367675781 -1.53431260585784912109 1.43366134166717529297 1.03774869441986083984 -1.57572638988494873047 -0.13001653552055358887 -0.15675997734069818668 0.53940635919570922852 0.98508518934249877930 1.12782764434814430921 0.23893813788890838623 0.56373512744903564453 -0.27502551674842828922 0.20739173889160150699 0.42847317457199091129
1.48998022079467751233 1.16571938991546630859 0.01668453775346270124 0.13167290389537811279 0.68685114383697509766 0.49452966451644897461 -0.71491539478302001953 0.29798898100852960757 0.56548404693603515625 0.40824511647224420718 0.75326311588287353516 0.80956232547760009766 1.43085181713104248047 1.03542351722717285156 -0.09800909459590910477 1.51410162448883056641 0.56573581695556640625 0.03313073515892019788 -1.13532984256744384766 -1.59525275230407714844 1.29856765270233154297 0.22942821681499481201 -0.36823576688766479492 -1.07712626457214355469 -1.41826784610748291016 -0.17492221295833579320
-0.40094703435897821597 0.06795873492956160111 -0.61694985628128051758 -1.31042301654815673828 0.23799015581607810277 0.33880668878555297852 -1.48806750774383544922 1.40465784072875976562 -0.70136129856109619141 -1.27928328514099121094 0.42751815915107721500 -0.37604123353958129883 0.62586677074432373047 -1.05711781978607177734 -1.47938764095306396484 1.50075495243072509766 -0.97875726222991943359 1.50903105735778808594 -0.82806831598281860352 -1.26072752475738525391 0.58600282669067382812 -0.95187038183212280273 1.47983372211456298828 -0.88342535495758056641 -0.42642617225646972656 0.74697327613830566406
-1.16304016113281250000 -1.32002925872802712171 -1.26726138591766357422 -1.39720451831817649158 -1.57841503620147705078 -0.27862074971199030093 -1.55313038825988769531 -0.08369261026382439350 -1.82678651809692405017 -1.22185134887695312500 0.71461689472198486328 1.03421795368194580078 1.11960494518280029297 0.70397973060607910156 -1.05590212345123291016 -0.19290581345558160953 0.15104275941848749332 0.44911044836044311523 0.11919347941875449437 1.36626744270324707031 -0.14668683707714080811 -0.33164852857589721680 -0.80408763885498046875 -1.43092679977416992188 0.16563272476196289062 -0.39492017030715942383
-0.67064285278320312500 -1.55917680263519287109 -1.34168648719787597656 0.03849315270781510090 0.21342118084430689029 1.10538327693939208984 -0.25037136673927301578 -0.62700819969177246094 0.49147504568099970035 0.85463255643844604492 0.56446003913879394531 -1.38211345672607421875 -1.14615690708160400391 1.52670335769653320312 -0.20084089040756220035 1.42352712154388449939 0.30539166927337640933 0.77106153964996337891 1.70572149753570556641 0.98344063758850097656 -1.54520082473754882812 -0.51091903448104858398 -0.27651080489158630371 -0.00909602828323840054 -1.09845864772796630859 0.62058854103088378906
-0.86790072917938232422 -0.54869323968887329102 -0.62752890586853027344 -0.27445071935653680972 1.40006041526794433594 -0.92129516601562500000 -1.52230978012084960938 -0.67077285051345825195 0.83118873834609985352 1.17625522613525390625 -1.43605029582977294922 1.44738757610321044922 -0.77565699815750122070 0.49472770094871520996 -1.46503221988677978516 1.23302972316741943359 0.29663985967636108398 -0.38641402125358581543 -0.02293148450553409920 1.26505923271179199219 -0.00063623191090299996 1.54987847805023193359 1.52968835830688476562 0.72530269622802734375 -1.58754456043243408203 1.03711414337158203125
-0.78398835659027099609 -1.37175333499908447266 -1.15960037708282470703 -0.51724720001220703125 0.62503939867019653320 -0.10272856801748270206 -0.46155911684036249332 0.63908016681671142578 -1.56877875328063964844 0.24823755025863639134 1.49498546123504638672 -0.04864757880568500170 -0.87103199958801269531 0.72783327102661132812 -1.08048772811889648438 1.13160359859466552734 1.31016302108764648438 1.30155730247497558594 1.22210168838500976562 0.01730805262923239968 -0.26692697405815118961 -1.49678122997283935547 1.30959868431091308594 -0.01245012506842609924 -1.07388043403625488281 0.52468031644821166992
-0.33426144719123840332 0.40460216999053949527 2.11446928977966308594 1.41515040397644042969 -1.13423037528991699219 -1.10522949695587158203 -0.57639664411544799805 0.37637078762054437808 -0.76438450813293457031 -1.73395574092864990234 1.21832704544067382812 0.69189703464508056641 -1.07609879970550537109 -0.70813208818435668945 1.41824817657470703125 -0.76720207929611206055 1.18830418586730957031 -0.98141223192214954718 -1.48557579517364501953 -1.51955735683441162109 0.17237550020217889957 -1.31789326667785644531 0.67012065649032592773 0.97148430347442638055 -0.04775150492787359757 0.84126621484756469727
1.40215468406677246094 1.29744768142700195312 -0.57964253425598144531 -1.56685256958007790296 1.68957579135894775391 -1.36706805229186989514 0.00705335941165680016 -1.02462017536163330078 1.75917530059814430921 -0.54250514507293701172 0.44407951831817621402 -1.07288861274719238281 1.17861342430114768298 0.70586496591567993164 -1.63547551631927490234 -0.01724601164460180108 -1.00941252708435058594 -0.53101944923400878906 1.78396093845367431641 0.58671879768371582031 1.65282750129699707031 -1.32908260822296142578 0.72736173868179321289 0.41867074370384210757 0.37154456973075861148 -0.33440002799034118652
-1.95197021961212158203 -1.66821753978729248047 -1.38042938709259033203 1.33607399463653564453 0.72441154718399047852 1.19199395179748535156 0.11914850026369090685 -0.63820880651473999023 -0.49024713039398187808 -0.51333719491958618164 -1.37099182605743408203 1.33819460868835449219 -1.32366847991943359375 1.25157785415649391858 0.60879182815551757812 -0.73333269357681274414 -1.14468908309936523438 0.53543710708618164062 -1.04020941257476806641 -1.15425515174865722656 -0.32106685638427728824 -1.46439313888549804688 -0.86246067285537719727 -0.91561621427535999640 -1.28780353069305419922 1.07595944404602050781
-0.96459436416625976562 -1.05990374088287353516 -0.30247098207473749332 -1.56242465972900390625 -0.51459169387817382812 -1.22982072830200195312 -0.68907719850540161133 1.00925517082214355469 0.57119894027709960938 1.32156407833099365234 -0.76508992910385131836 1.00580465793609619141 -1.28149187564849831311 1.50001895427703857422 0.64392381906509399414 -1.29982209205627441406 -1.70524704456329367908 0.96207857131957996710 -1.31245672702789306641 -1.23418009281158447266 0.48147141933441162109 1.66906881332397460938 -0.30566182732582092285 0.61235821247100830078 1.42637276649475097656 -0.24387232959270468968
0.63556176424026489258 -0.16344717144966119937 -0.31655171513557428531 0.98776471614837635382 -1.56478166580200195312 0.94350606203079223633 0.32784202694892877750 -0.87972259521484375000 -0.22000594437122339420 0.15292443335056299381 -0.48268875479698181152 1.32802486419677712171 -0.65842169523239135742 1.46556258201599121094 -1.32030940055847167969 -0.42634743452072138004 -1.09090375900268554688 -1.21063005924224831311 1.49899673461914062500 -0.16455483436584469881 -0.71887475252151489258 -1.23817420005798339844 0.18395641446113580875 -0.31243595480918878726 0.68138635158538818359 0.49276822805404657535
0.63428270816802978516 0.30024504661560058594 -0.16664709150791159886 -1.26206469535827636719 1.67198216915130615234 -0.02156660892069330038 1.13920855522155761719 -0.52899867296218872070 -0.17483645677566519994 1.15640735626220703125 -1.42017376422882080078 1.17292940616607688220 0.11591450870037070531 0.27337375283241271973 0.41984558105468750000 -0.85566991567611694336 1.49507665634155273438 0.03945796191692350213 -1.35484635829925537109 0.78835630416870117188 0.32789304852485651187 -0.61101549863815307617 -0.58975082635879516602 -1.26099288463592529297 -1.65202081203460693359 -1.08854591846466064453
0.53519016504287719727 0.77485758066177368164 -0.47445660829544067383 -0.50170290470123291016 -1.04804944992065429688 -1.27302193641662597656 1.02122426033020019531 -0.85142374038696289062 -1.65609765052795410156 0.75460010766983032227 1.53777456283569335938 1.03851413726806640625 -1.64198136329650878906 0.22169192135334009341 -1.28516077995300292969 -1.41893029212951660156 0.55354368686676025391 1.46754646301269509046 1.21452879905700683594 -1.53443253040313720703 -1.76995444297790527344 -0.83267152309417724609 -1.37702691555023193359 -0.04707331582903859918 0.29741287231445312500 -1.78255629539489768298
1.24911761283874511719 0.90602153539657603876 0.88808441162109375000 -0.06670831888914099950 0.60506254434585571289 1.40021526813507080078 1.53185784816741943359 0.24780993163585660066 0.84624832868576049805 1.48735129833221435547 1.16080045700073242188 -1.05093896389007568359 1.32586383819580078125 -1.01572120189666770251 0.99644619226455677374 -1.03711414337158203125 -1.08849322795867919922 -0.89294368028640747070 -1.24510395526886008533 1.69299209117889404297 -1.55446934700012207031 -1.02487695217132568359 -1.38424396514892578125 0.75272554159164428711 -1.13726878166198730469 -1.75013279914855957031
-0.57627826929092407227 0.07415307313203810258 0.62372398376464843750 1.11784613132476806641 0.89717608690261840820 -0.24293279647827140111 -1.45704758167266845703 -0.20098324120044699925 -0.76638591289520263672 0.33662956953048700504 1.80811595916748046875 0.64860934019088745117 -1.58176445960998535156 0.78470450639724731445 0.68877315521240234375 0.25469133257865900211 0.46763592958450317383 -0.46950235962867731265 0.20456078648567199707 -0.74200838804244995117 1.11930429935455322266 1.04661834239959716797 -1.43325066566467285156 0.89794182777404785156 -1.25377738475799560547 1.37455391883850097656
0.14698413014411920718 0.07720929384231560444 -0.68039643764495849609 -0.64931547641754150391 -1.21909725666046142578 1.36172544956207275391 0.77952444553375244141 0.15831103920936578922 0.52042323350906372070 0.16152098774909970369 -1.58177924156188964844 1.36658382415771484375 0.32122564315795898438 -1.36874520778656005859 0.46460026502609247379 0.34620201587677001953 0.73420614004135131836 -0.08366457372903819689 -1.43730950355529807361 0.25442209839820861816 -0.01389241218566890021 -0.53039962053298950195 0.52823698520660400391 0.27481508255004877261 0.37377208471298217773 0.15784387290477749910
1.38245403766632080078 1.37214875221252441406 -1.11221265792846679688 -1.02473878860473632812 1.01723480224609375000 0.60695493221282958984 1.11539864540100097656 1.07344961166381835938 1.75804471969604492188 0.55812799930572509766 -1.22398412227630615234 -0.31094405055046081543 -0.71799224615097045898 0.95745193958282481805 -1.39198517799377441406 -0.01002464257180690071 -0.37762945890426630191 -1.45130562782287597656 0.52553653717041015625 0.80941438674926757812 1.34068202972412109375 -1.00784969329833984375 -1.50910425186157248767 0.09806185960769650545 -0.32246664166450500488 0.36917188763618469238
-0.78545093536376953125 -1.53317582607269287109 -0.81014055013656616211 -1.11549520492553710938 0.11960975080728529496 0.07282974570989600438 -0.61328643560409545898 -0.24733537435531610660 -0.00813977885991330058 1.26565682888031005859 1.64692759513854980469 -1.18268549442291259766 -1.30662977695465087891 1.07406032085418701172 -1.58275330066680908203 0.08717071264982219347 1.23421883583068847656 -0.11783617734909050678 0.21852728724479669742 -0.53555291891098022461 1.35993969440460205078 -0.36216738820075988770 -1.49114274978637695312 0.01229356043040749982 1.35631799697875976562 -0.35801020264625549316
-0.82670956850051879883 -0.92144936323165882452 -1.27751827239990234375 -1.45979094505310058594 1.33304905891418457031 -0.01431661657989020085 0.06856019049882880467 -1.29293441772460937500 -0.77797544002532958984 -1.49383544921875000000 -0.24438539147377011385 -0.28844606876373291016 1.02454364299774169922 -0.38245275616645807437 -0.21114085614681241121 -0.48126560449600219727 1.28298556804656982422 -0.02456727623939509997 -0.65542668104171752930 0.00427774991840119967 0.89199769496917724609 -0.61565285921096801758 -1.42426419258117675781 -1.01706600189208984375 1.51282072067260742188 0.86442542076110839844
0.05832138285040849857 0.90432536602020263672 0.32088240981101989746 -0.01226214691996570065 -0.06072191521525380220 1.25618445873260498047 0.83217889070510864258 0.31822088360786437988 0.19888934493064880371 0.11221300065517419986 0.92662638425827037469 1.29577767848968505859 -1.66327047348022460938 -0.14485609531402579564 -0.42501324415206909180 0.28830876946449279785 -1.44077265262603759766 -0.62357437610626220703 1.23432135581970192639 1.67341673374176047595 -0.22002606093883508853 1.42800354957580566406 0.53775447607040405273 -0.12031824141740790624 1.12171912193298339844 -1.28848981857299804688
0.54642224311828613281 0.75297492742538452148 1.38186085224151589124 0.93290436267852783203 -1.36647725105285644531 -0.44260576367378229312 1.52245259284973144531 -1.30738389492034912109 0.15508711338043210115 -0.17357340455055231265 -0.70617991685867309570 -1.43814635276794433594 0.25462022423744201660 -1.07442593574523925781 0.69484770298004150391 -0.00718787871301170000 0.52220749855041503906 0.45691508054733270816 1.44003295898437500000 0.48975431919097900391 -0.91514635086059559210 0.12366379797458640355 0.32507234811782831363 0.23527814447879791260 1.32842254638671875000 -1.83590376377105690686
-1.50287175178527832031 -1.37473547458648681641 -1.44915592670440673828 -1.54023826122283935547 -1.06752038002014160156 -1.15558624267578125000 -0.83078145980834960938 0.11637049913406370683 -1.30361008644104003906 0.02048050984740249977 0.29306459426879877261 -0.89899533987045288086 1.28972399234771728516 -0.01136344764381639998 -1.13915574550628662109 -0.92902427911758422852 0.50705862045288085938 -1.19895696640014648438 0.66895467042922973633 -0.74757927656173706055 -0.27778947353363031558 -1.26714026927947998047 -0.11464890837669369783 -1.61454164981842041016 0.83558195829391479492 -0.12761832773685449771
0.32565400004386901855 -0.33121502399444580078 -0.11723212897777550434 -1.03770089149475097656 -0.74243026971817016602 1.02516436576843261719 1.48350119590759277344 -0.18108429014682769775 -1.42034673690795898438 1.37618887424468994141 0.97619009017944335938 -0.05421237275004379963 -0.29440543055534357242 1.51173424720764160156 1.27644085884094238281 -0.50616329908370971680 -1.03784048557281494141 -0.61305671930313110352 -1.33688676357269287109 1.36428129673004150391 -1.67531859874725341797 -1.32740581035613991467 0.95450323820114135742 0.77225500345230102539 1.19835138320922829358 0.03225245699286460183
-1.60147571563720703125 -1.08534109592437744141 -0.63001573085784912109 -0.09534735977649680394 -0.56501275300979614258 -0.10108274966478339452 -0.31454673409461969547 0.57151228189468383789 1.77722144126892089844 1.11997509002685569079 -0.81764900684356689453 -1.24112784862518310547 -0.40617632865905761719 1.45895242691040039062 -1.32317781448364257812 -0.34015828371047968082 0.53599095344543457031 0.22414447367191309146 -1.43617677688598632812 0.75622773170471191406 0.68539553880691528320 1.12188613414764404297 0.95358717441558837891 -0.27607345581054687500 0.41543939709663391113 -0.05758383497595780109
-0.96076899766921997070 -1.64887475967407248767 -0.56074839830398559570 -0.59319078922271728516 1.21544623374938964844 -0.86817568540573120117 -0.30881127715110778809 -0.90656602382659923212 1.59155333042144775391 1.33358716964721679688 1.05261313915252685547 1.00699532032012939453 0.10013499855995169896 -1.03616034984588623047 -1.13149905204772949219 -0.77735424041748046875 -1.56871235370636008533 1.39263081550598144531 0.89921975135803222656 0.82530409097671508789 -1.42724585533142089844 0.11191412061452860049 -0.14967609941959381104 -1.16290879249572753906 0.52076345682144165039 0.04812671244144439697
0.91668772697448719367 1.53805589675903320312 1.49634695053100608142 0.60009729862213134766 1.20157384872436523438 -1.20401275157928489001 -1.25219786167144775391 -1.12430930137634277344 -1.81834411621093727796 -1.48322546482086181641 1.06378054618835449219 1.39978325366973876953 1.00265276432037353516 -0.85183465480804443359 -1.56564855575561523438 -1.20390510559082031250 1.22885215282440207751 -0.77848440408706665039 -1.19892525672912597656 -0.05088347569108000318 -1.64998114109039306641 0.67954766750335693359 1.22825741767883300781 1.40501749515533447266 -0.73019587993621826172 -0.64149075746536254883
1.19763612747192382812 1.17916095256805419922 2.28777337074279785156 0.71331423521041870117 -0.31377616524696350098 -1.27626848220825195312 1.27010071277618408203 -0.87673681974411010742 -0.39944037795066827945 1.33827471733093261719 -0.72747611999511718750 -1.26451361179351806641 0.98825156688690196649 -1.30127394199371337891 0.41372755169868469238 0.66976469755172729492 -1.75619161128997802734 1.33796155452728271484 0.13465508818626401033 -1.48909461498260498047 0.50133943557739257812 0.14739333093166351318 -1.52985143661499023438 -0.86578887701034545898 0.55184000730514526367 -0.64664590358734130859
-0.62806081771850585938 0.13643357157707208804 0.80751675367355346680 0.37847468256950378418 0.29213181138038629703 0.02413659542798990074 -1.21000385284423850329 -1.04863095283508300781 1.05892431735992431641 1.40726101398468017578 -0.74528628587722778320 -1.33332860469818115234 -0.00876276940107340030 -1.55802059173583984375 0.16133604943752288818 0.07205026596784590287 -0.13142028450965881348 -1.39005601406097389905 0.19725944101810449771 -0.87754356861114501953 0.86163097620010375977 -0.16303198039531699437 -0.64380663633346557617 -0.83641147613525390625 -0.35357016324996948242 1.06120419502258300781
0.51399010419845581055 0.00155566225294020001 0.03418178856372829783 -0.24434393644332880191 0.12261143326759330052 1.46143186092376708984 -0.71264684200286865234 -0.11832608282566070557 -0.58608174324035644531 1.35654842853546142578 -0.66493266820907592773 0.44103130698204040527 0.27676281332969659976 0.88387191295623779297 -0.82520127296447753906 -0.24469041824340820312 1.66967201232910156250 -0.20216737687587729710 0.31802633404731750488 0.17534437775611869115 0.61551928520202636719 0.10256812721490859985 -1.43602693080902099609 -1.31719374656677246094 -1.29958140850067138672 -0.13096247613430020418
1.78724491596221923828 1.63397526741027832031 2.60611724853515580591 1.53069818019866943359 1.30937886238098144531 -1.69835186004638671875 -1.22515106201171875000 0.45624911785125732422 -0.39599719643592828922 1.39155232906341552734 -0.46197360754013061523 -0.44250500202178949527 -0.51915305852890014648 1.01066517829895019531 -1.28736472129821777344 0.15932768583297729492 -0.18294326961040491275 0.70245635509490966797 -0.00420843530446290016 0.98267883062362682001 0.28733667731285089664 1.25705039501190207751 -0.79252660274505615234 -1.60912632942199707031 -0.43255046010017389468 1.73870241641998291016
1.32469654083251953125 1.05022668838500976562 0.38750404119491571597 -0.77499955892562866211 0.87109613418579101562 1.71890389919281005859 -0.95120865106582641602 0.30126744508743280582 -1.49947416782379150391 1.14881575107574462891 0.55321782827377319336 0.35806936025619501285 0.65756165981292724609 -0.20290000736713409424 0.72674900293350219727 1.44280540943145751953 0.39270648360252380371 1.39593684673309326172 1.06094765663146950452 1.11519026756286621094 1.60281634330749511719 -0.92285799980163563117 -0.41368642449378967285 -1.44957089424133300781 -0.61685782670974731445 -1.37577939033508300781
-0.58471006155014038086 -0.42835763096809381656 -0.00097874167840919990 -0.03269377350807189941 1.40957510471343994141 -1.28476572036743164062 0.00241609499789769994 -1.46551144123077392578 0.88983941078186035156 -1.25851964950561523438 -0.55090844631195068359 -0.71825534105300903320 0.46429276466369628906 -1.32125711441040039062 -1.63469874858856201172 1.25284588336944580078 -1.67814469337463378906 -1.60776329040527343750 0.19019360840320578832 0.25993946194648742676 -1.03814935684204101562 -0.22424316406250000000 -1.40037298202514648438 1.44625854492187500000 0.73731458187103271484 1.04412531852722167969
1.20301544666290283203 1.09389007091522216797 2.30786395072937011719 1.59149777889251708984 0.54519039392471313477 0.53474211692810058594 0.72862976789474487305 -1.47182345390319824219 1.38140225410461447986 -1.36359000205993630139 0.01949400082230559952 0.26527470350265497379 -0.46221488714218139648 1.24914741516113281250 0.42377129197120660953 -0.98418986797332763672 -0.58608126640319824219 -1.16501593589782714844 -0.03541295975446699662 1.45115947723388671875 0.85794883966445922852 -1.16330635547637939453 -1.35534620285034179688 -0.22889691591262809056 0.16986726224422449283 -0.65550422668457031250
0.19902607798576349429 0.17373469471931449193 0.18815006315708160400 0.29979020357131958008 0.71222102642059326172 0.83476138114929199219 1.36377775669097900391 1.25603294372558593750 -1.50418174266815207751 0.25553870201110839844 1.06153416633605957031 -1.11018085479736328125 -0.35042804479598999023 1.09300148487091064453 -0.87807524204254150391 0.81666296720504760742 -1.37336003780364990234 -1.00592517852783203125 1.31302750110626220703 -1.44594597816467285156 0.96364432573318481445 -1.45038247108459472656 0.24722957611083978824 -1.03408956527709960938 -1.13996195793151855469 0.13108961284160611238
-1.09676635265350341797 -1.73267614841461181641 -1.09268057346343994141 -0.89703112840652465820 0.14893421530723569002 0.28745061159133911133 0.65761172771453857422 -1.10128366947174072266 -0.15234291553497308902 -0.53119933605194091797 -1.14803516864776589124 0.27729526162147521973 0.47822505235671991519 -0.96524757146835316046 0.63152575492858886719 1.41632962226867675781 -0.89285260438919067383 1.09916388988494873047 1.28090000152587890625 -1.57315278053283691406 -1.39003610610961914062 -1.33178830146789550781 0.48944365978240961246 -1.42113816738128662109 -0.38873448967933649234 -0.19806671142578119449
0.95579242706298839227 0.18987876176834100894 0.81794518232345581055 1.73568928241729736328 -0.81259274482727050781 -1.18598747253417968750 -1.74068903923034690173 1.51172268390655517578 -1.77377355098724365234 0.78763192892074584961 1.36738550662994384766 0.61150926351547241211 -0.16399252414703369141 1.36181545257568359375 -0.72592788934707641602 -0.12960463762283319644 -1.05088174343109130859 1.00278353691101074219 -0.94129276275634754523 -0.55979341268539428711 0.96823805570602416992 -0.97877937555313121454 0.47099626064300531558 -0.28779342770576471500 -1.10810446739196777344 -0.74317961931228637695
0.09785763919353479556 -0.81533360481262207031 -0.25129538774490350894 0.99458682537078857422 1.09098923206329367908 -0.66286718845367431641 -0.15310610830783841219 -1.72101020812988281250 -0.90939301252365123407 1.37352705001831032483 1.46948945522308349609 -0.99751013517379760742 1.32153415679931640625 -1.50960767269134521484 1.25436961650848410876 1.47705078125000000000 -1.55657017230987571033 -1.13526964187622070312 -1.43689167499542236328 -0.17477470636367789525 -1.74240636825561523438 1.15883922576904296875 -0.81909090280532836914 0.83971136808395385742 -1.54606056213378906250 1.29046559333801269531
-0.73338574171066284180 -0.33883392810821527652 0.81560778617858886719 0.86218065023422241211 0.35706865787506097965 1.73197734355926513672 0.36714017391204828433 0.62869888544082641602 -1.00382256507873535156 1.57212865352630615234 0.65849602222442626953 0.06752601265907280659 0.45387804508209228516 1.00382220745086669922 -1.05009126663208007812 -0.05686070770025249826 1.38316488265991210938 0.10164391249418250340 -1.42505598068237304688 1.38082265853881835938 0.47744682431221008301 -0.76704031229019165039 0.53790515661239624023 0.93908435106277476923 -1.57464385032653808594 0.89134341478347778320
1.02960515022277832031 1.72837972640991210938 2.05324912071228027344 1.32387864589691162109 1.68607795238494873047 -0.28594174981117248535 -0.74804550409317016602 -1.24115228652954101562 -1.44574081897735595703 -0.18547420203685760498 -0.23427847027778619937 -1.34680294990539550781 1.45861136913299560547 -1.35674285888671875000 1.72300398349761962891 -0.72250342369079589844 0.35887733101844787598 0.93124204874038696289 -0.42025032639503479004 -0.88966029882431030273 -0.90456622838973999023 0.04239793494343749997 -0.09403552860021589799 -1.09446406364440917969 -0.18735533952713009920 0.94165670871734619141
1.72996675968170166016 1.33146166801452636719 1.38511884212493896484 1.05028378963470458984 1.18780386447906494141 0.86299210786819458008 -0.67862832546234130859 1.24938702583313010486 0.73445707559585571289 1.57576584815979003906 0.70718950033187866211 0.63841098546981811523 -1.15795862674713112561 0.67655265331268310547 -1.03775715827941894531 0.10269269347190849995 1.37830090522766113281 -0.70766103267669677734 -0.63146132230758666992 0.43129950761795038394 1.20156860351562500000 -0.53006482124328613281 0.84134948253631591797 -1.22634243965148925781 -0.40733584761619567871 1.01454663276672363281
-0.22896407544612878970 -0.68481254577636718750 -0.23392270505428308658 0.70136910676956176758 -0.97134959697723399774 -0.64487737417221069336 -1.53077971935272216797 1.07677364349365234375 0.00617315899580709974 1.34121096134185791016 -0.51075017452239990234 -0.11528480798006049413 -0.17806084454059600830 1.04454112052917480469 1.25691735744476318359 1.35854792594909690173 1.34448969364166259766 -0.88122242689132690430 0.04049279168248170330 1.67262685298919677734 -1.70616972446441650391 0.85832166671752929688 -1.02607858180999755859 -1.30772912502288818359 1.23346185684204101562 1.15988695621490478516
-0.60923534631729125977 0.33506605029106140137 0.32480993866920471191 0.33108997344970697574 1.12094044685363769531 0.21567854285240170564 -0.43217065930366510562 1.43388414382934570312 0.85511708259582519531 1.47850656509399391858 -0.26242640614509582520 1.59611129760742209704 -0.26414167881011957340 -1.60438036918640136719 0.46363353729248041324 1.02235269546508789062 1.57088232040405273438 0.96960699558258056641 -0.14947643876075739078 -0.53578823804855346680 0.94382441043853759766 1.16255950927734375000 0.87966799736022949219 1.61961638927459716797 1.59645891189575195312 0.80946302413940429688
0.15972842276096341219 0.22328743338584899902 0.36577510833740228824 0.56275808811187744141 -0.29202324151992797852 -0.47204276919364929199 1.06283044815063476562 0.45645982027053827457 0.70378351211547851562 1.14691209793090820312 0.51363444328308105469 -0.47629067301750177554 1.14181959629058837891 -1.28110110759735107422 0.83086591958999633789 -0.35884797573089599609 0.13964548707008359041 -0.59456318616867065430 -1.01633667945861816406 1.18192434310913085938 1.03506743907928489001 -0.07270563393831250276 -0.56249707937240600586 -0.41383171081542968750 -1.62804329395294189453 -0.06476076692342749852
0.63113111257553100586 1.38071322441101074219 0.97052305936813354492 -0.21695016324520111084 -1.34945094585418701172 -0.84898662567138671875 0.20210702717304229736 0.67979496717453002930 -1.01616859436035156250 -0.22179396450519558992 0.37623029947280878238 -1.55220794677734375000 0.92795807123184204102 1.04077625274658203125 1.00936329364776589124 -1.08664095401763916016 0.22443555295467371158 -0.35917556285858148746 -0.27545851469039911441 -1.23048222064971923828 1.58199107646942138672 1.26354086399078369141 0.45270019769668579102 0.83107006549835205078 -1.35141408443450927734 -2.26479172706604003906
1.18101668357849121094 1.55440258979797363281 2.52236723899841308594 1.43247890472412109375 0.09249329566955559467 1.55240356922149658203 0.74679076671600341797 1.24068439006805419922 -0.27877530455589288882 0.26922708749771118164 -1.17224001884460449219 -1.48597455024719238281 1.52362084388732910156 -1.04542136192321777344 0.17746460437774649876 -0.65382921695709228516 -0.50137156248092651367 1.14132308959960937500 1.33257877826690673828 -0.98761337995529163702 -0.04535404592752449726 -1.23975300788879394531 -0.53830736875534057617 -0.45799112319946289062 1.30902099609375000000 0.67323589324951171875
0.87156480550765991211 1.56510460376739501953 1.43728065490722656250 0.63616573810577392578 -0.16282121837139129639 -0.73222935199737548828 -1.17957246303558349609 -1.03451049327850341797 0.59342521429061889648 -0.65065687894821166992 -0.51432257890701293945 1.27083611488342285156 1.40544950962066650391 1.50309097766876220703 -1.38117146492004394531 -0.80442023277282714844 1.30387711524963378906 1.36890006065368630139 -1.37927937507629394531 1.20483505725860595703 -1.36877059936523437500 0.52042376995086669922 -1.51763582229614257812 -1.40013074874877929688 0.90999060869216918945 -0.66842883825302124023
0.45712757110595697574 1.26973032951354980469 -0.75893819332122802734 -1.23109829425811767578 -0.91167837381362915039 0.25217893719673151187 -0.25930088758468627930 -1.52811515331268310547 -1.30012559890747070312 0.02771846763789649962 -1.45294272899627685547 -1.44194674491882324219 1.47974503040313720703 0.24713864922523490208 0.39524647593498229980 1.36975312232971191406 -1.09504425525665283203 -0.80555278062820434570 1.24880802631378151624 1.50310087203979492188 1.24215543270111083984 -0.09179633110761639680 1.45224511623382568359 -0.78288513422012329102 0.31042066216468811035 -2.12621450424194380346
0.75511932373046875000 0.58416461944580078125 -0.51463377475738525391 -0.74664741754531860352 -1.33717143535613991467 1.33717417716979980469 -1.28096139430999755859 1.44305562973022460938 -0.56796157360076904297 -0.95367449522018443719 0.33195757865905761719 -1.35072779655456542969 -0.67560797929763793945 -1.38552606105804443359 -1.45832133293151855469 -0.76879036426544189453 1.12178957462310791016 -1.81509900093078591077 0.45863091945648187808 1.39428424835205078125 -1.75751495361328125000 0.52609562873840332031 1.38868451118469238281 1.72994279861450195312 -0.59864228963851928711 -2.18954324722290039062
1.20448553562164306641 1.56428301334381103516 -0.54622370004653930664 -1.19475448131561279297 1.58465600013732910156 1.55956745147705078125 -1.14602947235107421875 0.47873905301094049625 -0.09745343029499049792 -0.47989255189895629883 -1.27616322040557861328 -1.55814337730407714844 1.54129600524902343750 0.64506590366363525391 -0.36665087938308710269 1.50459945201873779297 -1.62676143646240234375 -0.39445281028747558594 0.21833041310310360994 -0.51329225301742553711 -1.64291155338287353516 0.67843061685562133789 0.70328688621520996094 -0.21575552225112909488 -0.47080105543136591129 0.00507505005225530013
-0.01795179024338720147 -0.13437585532665249910 0.08683249354362479466 0.45454064011573791504 -1.57594215869903564453 -0.75596117973327636719 0.14232060313224789705 -1.34916329383850097656 1.56837129592895507812 -1.45392084121704101562 0.19634267687797540836 0.30377322435379028320 1.33792245388031005859 -1.51183080673217751233 1.26106226444244384766 0.15312281250953668765 0.26870632171630859375 0.38404241204261779785 0.79334968328475952148 -1.05837261676788330078 0.20073507726192468814 1.49292969703674316406 -0.17725363373756408691 1.59265768527984619141 -1.09609782695770263672 0.60448336601257324219
-0.62894248962402343750 -0.80474239587783813477 -0.26962658762931818179 0.05811360850930209765 -1.01841926574707031250 -0.12716659903526300601 -1.66889142990112304688 0.48193004727363580875 1.29774045944213889392 0.03349191322922699665 -1.01739573478698730469 -0.58429044485092163086 -0.04207614064216610300 -0.78781235218048095703 0.77729874849319458008 -0.54429334402084350586 -1.24011409282684326172 -1.19377291202545166016 -1.47925639152526855469 0.90781247615814197882 1.42683267593383789062 1.10758078098297119141 -1.09170675277709960938 0.23050239682197570801 -1.40673065185546875000 0.40125510096549987793
1.37821984291076660156 0.75812453031539916992 1.17709589004516601562 1.25102281570434570312 1.33161628246307350842 0.53690296411514282227 -0.26526495814323419742 1.15238368511199951172 1.76403164863586447986 -0.77864956855773925781 -1.43509614467620849609 0.77168923616409301758 0.06580379605293269762 0.27567583322525018863 1.04963982105255126953 0.33512067794799799136 1.42557406425476074219 -1.85059428215026877673 -0.61548650264739990234 1.11746931076049804688 0.57670682668685913086 0.58726096153259277344 1.23220169544219970703 0.14079821109771720189 -0.30483478307723999023 -0.82927209138870239258
1.39786410331726074219 1.25259292125701904297 -0.25880053639411920718 -1.03330624103546142578 -0.73297822475433349609 1.20170056819915749280 1.36200118064880371094 -0.29907274246215820312 -1.74691581726074218750 -0.93743747472763061523 0.35382181406021118164 0.57917469739913940430 0.54868984222412109375 0.12619152665138239078 -1.64438927173614501953 -0.48626631498336791992 -0.31133106350898742676 0.21372847259044638890 -0.17146706581115719881 1.66342818737030029297 -0.86157685518264770508 -0.56454634666442871094 -1.55541896820068359375 -0.05480692163109770337 0.57858622074127197266 -0.92954140901565562860
1.96628928184509277344 1.64921522140502929688 -0.02060306072235100136 -0.43038618564605707340 -1.30103874206542968750 -1.52133512496948242188 1.60310399532318115234 1.09798800945281982422 1.01191759109497070312 0.50566428899765014648 -0.72584956884384155273 1.35610926151275634766 -0.30951347947120660953 1.00126457214355490954 0.09046299010515210237 0.69663560390472412109 -0.06516456604003899311 1.40092456340789794922 -0.10556773096323010530 -1.45340442657470703125 -1.54045009613037109375 -0.40218782424926757812 0.01211911998689169968 0.56106901168823242188 0.81431239843368530273 0.56731504201889038086
-0.44375562667846679688 -1.01468825340270996094 -0.78377091884613037109 -1.40177524089813232422 0.49729958176612848453 1.39814424514770507812 -0.77949702739715576172 -0.78862577676773071289 0.44314959645271301270 -1.26574015617370605469 0.81264042854309082031 -0.72388005256652832031 -0.37052854895591730289 1.17536723613738991467 -1.03392660617828369141 0.01394672039896240057 1.27834236621856689453 1.49824249744415283203 0.08308790624141690340 0.13356886804103851318 -0.82454049587249755859 0.54842561483383178711 -0.54826092720031738281 1.34046387672424316406 1.12800014019012428967 0.28880533576011657715
-1.03886520862579367908 -0.94282758235931396484 -1.20555722713470458984 -1.41980814933776855469 -0.22811822593212119359 0.58088928461074829102 -1.20470094680786110608 0.56983339786529541016 1.32939219474792480469 -0.37288764119148248843 1.24672091007232688220 1.20724844932556152344 0.91233408451080322266 -1.17797482013702392578 0.56500065326690673828 0.67850160598754882812 -1.30291092395782470703 -0.50998187065124511719 0.50365304946899414062 -0.17038381099700919408 1.09381127357482910156 -0.03527530282735819728 -0.93456971645355224609 -0.33964622020721429996 0.33561217784881591797 0.25985997915267938785
0.46297550201416010074 0.19355972111225119847 0.07902801781892769550 -0.35323256254196161441 1.38836789131164550781 -0.41744667291641229800 0.70922845602035522461 -1.65293157100677490234 1.26427829265594482422 -0.82334405183792114258 -0.07795640081167219682 1.56295549869537353516 1.58493900299072287829 1.28647410869598410876 -1.10769712924957275391 1.00825893878936767578 0.19327886402606961336 1.59050464630126953125 1.18681478500366210938 -0.48168823122978210449 1.46560418605804443359 0.31924644112586969547 0.67841023206710815430 -0.40900012850761408023 0.79533761739730834961 -0.17971427738666528873
-1.37052345275878906250 -1.28429281711578369141 -0.55901587009429931641 -0.86184674501419067383 -1.48729264736175537109 -0.98975801467895518915 0.81527489423751831055 0.05602649971842760257 -0.65228104591369628906 0.22361142933368680086 -0.64274758100509643555 0.00299209263175719995 -1.12740492820739768298 -1.24169456958770751953 0.59419763088226318359 1.51535534858703591077 1.59389925003051757812 1.32256460189819335938 1.23015785217285156250 1.51567912101745605469 0.81910490989685058594 0.89009970426559448242 -0.22295133769512170963 1.22500395774841308594 -0.84527695178985595703 -0.52345937490463256836
-0.16800227761268610172 0.25340962409973138980 -0.37569302320480341129 -0.38202676177024841309 0.40334227681159967593 0.10504453629255290636 -0.29758909344673151187 -0.67001652717590332031 0.97901362180709838867 -1.73071944713592529297 -1.29219627380371093750 0.57433283329010009766 -0.67583703994750976562 1.11743891239166259766 -1.06339180469512939453 0.34131827950477600098 0.27228382229804992676 -0.99489045143127441406 -0.70453250408172607422 -0.39186304807662958316 0.61649620532989501953 1.81831693649291992188 1.61865651607513449939 0.78431206941604614258 -0.62445664405822753906 0.37717750668525690250
0.55962640047073364258 1.51241111755371093750 -0.46360403299331659488 -1.27959144115447998047 1.33962571620941162109 0.96160233020782481805 -1.51820588111877441406 -0.27640399336814880371 0.48845115303993219547 0.15422488749027249422 0.92162269353866577148 -1.12095272541046142578 -0.07773990184068679810 -0.39890682697296142578 1.40718734264373779297 -0.31619435548782348633 1.02093255519866943359 -1.54967975616455078125 -1.20221018791198730469 -1.22029936313629150391 0.30546626448631281070 0.31152850389480590820 -0.19473883509635919742 -0.59673070907592773438 -0.68197941780090332031 -1.58016681671142578125
0.56859719753265380859 0.65735799074172973633 -0.55388951301574707031 -1.44695222377777099609 0.53829330205917358398 -0.56356906890869140625 -1.29554700851440429688 0.34364536404609680176 -0.16100302338600158691 0.97310525178909301758 -1.30562722682952880859 0.26327058672904968262 -0.71538126468658447266 0.73454809188842773438 1.10258233547210693359 1.07166814804077170642 0.96865218877792358398 0.73321986198425292969 -1.20493328571319580078 1.58793032169342041016 0.95320916175842285156 -1.17911231517791770251 -1.46560764312744140625 0.41601184010505670718 0.11653482913970940327 -1.46517825126647949219
-0.66291129589080810547 -1.17936742305755615234 -1.30389535427093505859 -1.27262258529663085938 0.33197176456451410465 -0.03577514737844460224 0.81702929735183715820 0.44892808794975280762 -1.80091392993927001953 -0.15977136790752410889 0.71091967821121215820 -0.05126453563570970012 -0.90220695734024036749 0.77934145927429199219 0.12145426124334329776 1.32091975212097167969 -0.31523942947387689761 -0.11329767107963560624 0.77200263738632202148 0.59447997808456420898 -1.32079792022705078125 -1.27083277702331542969 0.07547315210103980321 -0.86481124162673950195 -1.04479062557220458984 0.41703286767005920410
-1.07546794414520263672 -1.29955410957336447986 -0.90320098400115955695 1.24509584903717041016 0.45394316315650939941 -0.53928303718566894531 -0.46596047282218927554 -0.58119297027587890625 -0.32648953795433038882 0.45410904288291931152 -0.42550846934318542480 -1.60863268375396728516 -0.27973946928977960757 0.54536747932434082031 0.62248158454895019531 0.92813533544540405273 1.11879515647888183594 0.79202818870544433594 -0.27261328697204589844 0.26180782914161682129 1.49118196964263916016 1.55818581581115722656 0.31550881266593927554 1.21673595905303955078 -0.72793215513229370117 0.96680313348770141602
-0.82232916355133056641 -1.33587598800659179688 -0.32884451746940607242 -0.87104469537734985352 -1.41815221309661887439 1.53249239921569824219 1.31807219982147216797 -1.06547880172729492188 0.97139585018157958984 0.20199175179004669189 -0.10808938741683959961 -1.44010019302368164062 1.68822968006134033203 -1.20419144630432128906 1.04503643512725830078 1.31611132621765136719 1.35571336746215820312 0.94484299421310424805 -0.07181201875209800023 -1.58745193481445312500 0.12129601836204520482 -0.93258547782897960321 0.92184358835220336914 1.64801394939422607422 -1.21296632289886474609 -0.56043851375579833984
1.59354472160339355469 1.11007905006408691406 -1.75360751152038552014 -1.47588849067688010486 -0.36916014552116388492 0.62656432390213012695 -0.39562529325485229492 1.28884804248809792249 1.39634847640991210938 -0.85413020849227905273 0.86266332864761352539 1.52754294872283935547 -1.46760535240173339844 -0.37014555931091308594 -0.73335063457489013672 1.51365983486175537109 -1.16098523139953591077 -1.64926767349243164062 -0.78493708372116088867 0.88645231723785400391 1.36378860473632790296 -0.66573774814605712891 -1.52118587493896484375 0.01221798639744520014 0.65349429845809936523 0.22548232972621909398
0.82302469015121459961 1.34738934040069580078 1.16597497463226318359 0.96195083856582641602 -0.90686333179473876953 1.57461798191070556641 -0.62166011333465576172 -1.20930218696594238281 -1.82417404651641845703 -1.28475201129913330078 -1.00487482547760009766 0.72274893522262573242 -1.06966984272003151624 0.62916731834411621094 -1.35208034515380859375 0.32750067114830011539 0.91780376434326160773 -1.00702857971191406250 -0.89139014482498168945 1.24153697490692138672 0.01587289758026599884 1.80335295200347900391 1.22162318229675292969 -1.12623131275177001953 -0.72015202045440673828 -1.37389183044433593750
-1.16335225105285644531 -1.12219142913818359375 -0.62630647420883178711 -0.24404719471931449193 -0.47277998924255371094 0.07444845139980310611 1.40486240386962890625 1.55489468574523925781 0.35412973165512079410 0.23801578581333160400 -0.57243746519088745117 1.31205821037292480469 1.41007411479949951172 0.23822535574436179417 1.25860679149627685547 -1.38553285598754882812 1.35969364643096923828 -1.23611915111541770251 1.18786275386810302734 0.36567056179046630859 0.66138529777526855469 -1.10532581806182861328 1.45135056972503662109 -0.49594384431838989258 0.65490919351577758789 -0.01943055540323250160
0.82533609867095947266 -0.13980813324451440982 0.52631908655166625977 0.96081250905990600586 -0.14846879243850699681 0.02240373753011220062 -1.10832703113555908203 -1.48898839950561523438 -0.75773650407791137695 -0.81226432323455810547 1.11413061618804909436 1.40447843074798583984 0.73232597112655639648 -1.54870164394378662109 0.43265649676322931461 -0.35150149464607238770 -1.70299303531646728516 -0.95510709285736083984 1.76771414279937744141 0.28344705700874328613 -1.01992487907409690173 -1.34646332263946510999 1.64892184734344482422 -0.54021698236465454102 -1.00299596786499023438 -0.24397869408130640201
-0.59822642803192138672 -1.39932215213775634766 -0.17571939527988431062 -0.54980045557022094727 1.60436093807220458984 -0.59637975692749023438 0.78221517801284790039 -1.74513447284698486328 -0.43997684121131891422 1.53368210792541503906 -0.82597255706787109375 0.85232245922088623047 0.81491011381149291992 -1.18359100818634033203 0.80891770124435424805 1.67509269714355490954 -0.68425726890563964844 0.08198106288909909334 -1.56272435188293457031 1.40685141086578369141 -1.48074448108673095703 -0.94474399089813243524 -1.37128472328186035156 -0.13205568492412558812 1.49777114391326904297 0.33561569452285761050
0.52079939842224121094 0.16421364247798919678 2.25498199462890625000 1.75288474559783935547 0.50398564338684082031 -1.02736413478851318359 1.67121469974517822266 -1.73325252532958984375 0.03244353830814360184 1.14775371551513671875 -0.18644121289253229312 -1.24971735477447509766 -0.17564694583415979556 0.86157602071762084961 -0.09097021818161009354 -0.32814624905586242676 -1.26244378089904807361 -0.45936524868011469058 1.07085072994232177734 0.90944331884384155273 -1.34366226196289062500 -0.02158096246421329842 -0.63084203004837036133 -0.80101609230041503906 0.47421401739120477847 0.34689959883689880371
1.85352849960327170642 1.56915175914764404297 0.14843979477882379703 -0.87656635046005249023 0.62422674894332885742 1.45319652557373046875 -0.57581752538681030273 0.18284121155738830566 1.57425379753112792969 -1.35828316211700439453 -1.50229442119598410876 -0.33220854401588439941 1.55591368675231911389 0.71609658002853393555 0.99111211299896240234 -0.97496020793914794922 -1.23367488384246848376 -1.80143296718597389905 -1.43635571002960205078 -0.02837869152426709951 0.18445533514022818822 1.37136685848236083984 -1.59825885295867919922 0.61044168472290039062 -0.51304405927658081055 0.28566014766693109683
0.79752928018569946289 0.03461246192455289666 -0.21142756938934320621 -0.71435165405273437500 -0.98659014701843261719 0.55519062280654907227 -1.54711234569549560547 -1.01959681510925292969 -0.83249545097351074219 1.20914721488952636719 -0.29112446308135980777 -1.28717255592346191406 1.57342827320098876953 1.28571593761444091797 -1.17143750190734863281 0.79844814538955688477 -0.87465655803680419922 1.09122872352600097656 -0.33540856838226318359 -1.30898535251617431641 -0.30642363429069519043 -0.53433740139007568359 0.30658799409866327457 0.11461968719959249319 1.37802731990814208984 -1.04035246372222900391
-0.29273521900177001953 -0.60317134857177734375 -0.21851716935634610262 0.44486510753631591797 -1.35380184650421142578 1.53739643096923850329 0.08023403584957120027 0.36234152317047119141 1.06209301948547363281 0.53093039989471435547 0.10592454671859739823 0.39993232488632202148 -0.39193660020828241519 1.01691687107086181641 -1.08598780632019042969 0.76028019189834594727 -1.35173439979553222656 -0.00219718855805689983 0.84918487071990966797 1.20152056217193603516 -1.67213201522827170642 0.09012503176927559589 -0.30196025967597961426 1.67608368396759033203 1.05895984172821044922 0.86053109169006347656
0.70437455177307128906 0.90016365051269531250 1.11128592491149902344 0.59641301631927490234 0.66683489084243774414 1.18931782245636008533 1.02590000629425048828 -1.30346810817718505859 -1.73547601699829101562 0.18707339465618130769 -0.14909403026103970613 0.87416410446166992188 0.33115977048873901367 -1.29202079772949218750 -0.58201766014099121094 0.79987847805023193359 0.54105383157730102539 0.66598939895629882812 0.54702126979827880859 0.82659953832626342773 0.79111540317535400391 -1.44204163551330566406 -0.27277296781539911441 1.44783580303192138672 1.56499981880188010486 -1.65163838863372802734
-0.11839015036821359805 0.33748403191566467285 1.36032974720001220703 0.59648030996322631836 -0.84795379638671875000 -0.47561684250831598453 -1.01560842990875244141 0.14609426259994501285 0.92157042026519775391 -1.59495794773101806641 -0.40321880578994750977 -0.38205873966217041016 -1.59944641590118408203 0.74611204862594604492 -1.16570889949798583984 1.41717028617858886719 -1.30075609683990478516 -1.39345407485961914062 -1.56649029254913330078 1.29366695880889892578 0.20283702015876770020 0.06624447554349889578 -1.34113061428070090564 -1.22545921802520751953 0.34304824471473688297 -0.00901226885616769960
-0.30418536067008972168 -0.67493194341659545898 -0.60331487655639648438 -0.88549166917800903320 -1.44148015975952170642 -1.36127364635467529297 1.08100342750549316406 -1.29266822338104248047 0.69207525253295898438 -0.06592472642660139603 -0.17562972009181970767 0.70324969291687011719 1.53287875652313232422 0.68907845020294189453 -1.16641664505004882812 -0.40515595674514770508 0.43674054741859430484 1.55239951610565207751 0.80254286527633666992 -1.15068888664245605469 1.09539544582366943359 1.67626404762268088611 0.92966836690902721063 -0.23551301658153531160 0.32601439952850341797 0.36631435155868530273
-1.82749915122985839844 -1.54092597961425781250 -1.01147842407226562500 -0.31726175546646118164 0.61704307794570922852 -0.69196510314941406250 0.94218552112579356805 1.12138915061950683594 1.40652811527252197266 0.85151588916778564453 1.71311140060424804688 1.34636902809143088611 -0.32726776599884027652 -1.36562669277191162109 1.69319760799407958984 1.24704587459564208984 -0.07514395564794540405 -0.45964810252189630679 0.79095149040222167969 -1.49006843566894509046 1.38063609600067138672 0.96482610702514637335 -0.02949652448296539997 1.65638935565948486328 1.02765023708343505859 0.08271801471710199527
-1.06479573249816894531 -0.20919810235500330142 0.07653173059225079622 1.61022925376892089844 0.10568940639495849609 1.45954453945159912109 -0.95825159549713123663 -1.08756279945373535156 0.80916792154312133789 1.59364414215087890625 0.24512599408626550845 -0.91619503498077403680 -1.19076681137084960938 0.37569552659988397769 -1.30675554275512695312 -0.15390385687351221256 -0.65760886669158935547 1.39074075222015380859 -0.32033506035804748535 0.75120669603347778320 0.18566657602787009496 -1.36128759384155273438 0.62303155660629272461 1.07413244247436523438 -0.59778946638107299805 1.15544557571411110608
1.22088754177093505859 1.37642157077789306641 0.65770930051803588867 0.29429855942726129703 -0.74087542295455932617 0.91089582443237304688 -0.80138140916824340820 -1.28998255729675292969 1.47794735431671142578 -1.74307036399841308594 0.52565389871597290039 -0.01182866562157859971 -1.14733469486236550061 -1.47994005680084250720 -0.26195004582405090332 1.67712676525115966797 0.47230258584022521973 -0.47524800896644592285 0.18229840695857998933 1.30211448669433593750 0.97617089748382557257 1.40161728858947753906 1.56519401073455810547 0.75761324167251586914 1.60286974906921408923 -0.57553488016128540039
-0.66306656599044799805 0.17664608359336850252 -0.25429677963256830386 -0.48049759864807128906 1.23841488361358642578 1.47596275806427001953 -1.32653188705444335938 -1.54416871070861816406 -0.12064416706562039461 0.00131675275042650005 0.45458841323852539062 0.13983108103275299072 -1.00389373302459716797 -0.55359059572219848633 0.76819175481796264648 -0.35278269648551940918 -1.03016054630279541016 0.02451203018426889937 1.67395234107971191406 0.77930498123168945312 0.04654881730675689694 1.19979798793792724609 1.71092069149017311780 -1.25989878177642822266 0.42105880379676818848 1.04366219043731689453
0.36202523112297058105 0.37450140714645380191 -0.89604336023330688477 -1.50185525417327880859 1.12460565567016601562 0.06685464829206459736 0.72157919406890869141 -1.23338484764099121094 1.18108236789703369141 -0.75014841556549072266 1.04094350337982177734 -0.76169592142105102539 0.44460698962211608887 1.08364188671112060547 -1.30581855773925781250 -0.79098170995712280273 1.04129552841186523438 -1.76962578296661376953 -0.41333085298538208008 -0.51282930374145507812 -1.35920739173889160156 0.67615127563476562500 1.43050086498260498047 -1.02573418617248535156 0.69084805250167846680 -0.61079585552215576172
-0.28435543179512018375 0.00576884998008599971 0.16582697629928588867 -0.21836377680301660709 -0.48472991585731500797 -0.37819358706474298648 0.75330871343612670898 -0.38869976997375488281 -1.48243272304534912109 1.48486995697021484375 -0.52924776077270507812 1.41504120826721191406 -0.81791985034942626953 1.44865012168884277344 0.46321353316307067871 1.35107815265655517578 -0.78368705511093139648 -1.20418190956115722656 0.59116387367248535156 0.71842521429061889648 0.38105309009552001953 0.65611457824707031250 -0.16334572434425351228 -0.24332660436630249023 -0.87697714567184448242 0.50807249546051025391
0.58043289184570312500 0.97873616218566894531 -1.04944396018981911389 -1.67433607578277610095 -1.53778910636901855469 -1.50427627563476562500 1.26474595069885231702 -0.72478246688842773438 -0.57421332597732543945 0.54350012540817260742 -0.79906994104385375977 -1.26460564136505126953 -1.50917601585388183594 -1.33429467678070090564 0.91612106561660755499 0.19959914684295648746 -0.38664650917053222656 1.02669072151184082031 1.53678584098815917969 -0.72260677814483642578 -1.58400976657867431641 -1.38803231716156005859 -0.14585995674133300781 1.66926443576812744141 -0.93107050657272338867 -2.32666826248168900904
-0.60621839761734008789 -0.39020338654518127441 -1.32278132438659690173 -0.91078144311904918329 -0.10073514282703399658 -0.78632193803787231445 -1.24128341674804687500 -0.79305636882781982422 1.31173980236053489001 0.70453435182571411133 1.57300412654876708984 0.52313125133514404297 1.18086874485015869141 0.09006576985120770540 -0.56243520975112915039 -1.45831525325775168689 0.77763718366622924805 1.05407345294952392578 -0.12652684748172760010 0.01718623936176300049 1.38389766216278076172 0.00781208928674450003 0.33858308196067810059 0.46281787753105158023 0.22613134980201721191 0.96605867147445678711
-1.34675705432891845703 -0.91085189580917358398 -0.83896094560623168945 0.37944462895393371582 1.03091001510620117188 1.34591996669769287109 0.36418271064758300781 0.47626844048500061035 -1.59604668617248535156 -0.46027216315269470215 0.64326024055480957031 0.20147196948528289795 1.30963957309722900391 0.48740538954734802246 1.74098372459411621094 -1.60800421237945556641 1.52632570266723632812 1.33663463592529296875 -0.53632938861846923828 0.47942683100700378418 -1.08935201168060302734 -0.84007972478866577148 -0.94352155923843383789 1.15657544136047363281 1.01370382308959960938 1.00029957294464111328
-0.26476404070854181461 -0.69918900728225708008 -0.17417578399181360416 0.83056879043579101562 -0.88442760705947875977 -1.74343466758728049548 -0.28537723422050470523 0.44169211387634277344 -1.30103397369384765625 -0.56778752803802490234 1.73912405967712402344 0.08666425943374629626 0.38321188092231750488 0.72864061594009399414 1.05275082588195800781 -0.78013879060745239258 0.52763003110885620117 -1.83246815204620405737 -0.35481020808219909668 -0.30110743641853332520 -0.69871795177459716797 -0.77701711654663085938 1.67040586471557617188 -0.86172044277191162109 0.87342303991317749023 0.91024792194366455078
-1.38916885852813720703 -1.73636198043823242188 -1.23991918563842751233 1.22022509574890136719 0.94572490453720081671 1.01388776302337646484 -1.39775180816650390625 -1.25108325481414794922 0.83640921115875244141 0.34112805128097528629 0.78581875562667846680 -1.55423057079315207751 -0.85068768262863159180 -1.65814769268035888672 -1.41436648368835449219 -0.64218658208847045898 -0.95568013191223144531 -1.53983080387115478516 -1.20463442802429199219 -0.94444131851196277960 0.90092301368713378906 1.77983546257019042969 -1.08161461353302001953 -1.76530134677886962891 -0.17851915955543509740 0.96022921800613403320
0.43609303236007690430 -0.32583808898925781250 -0.48139870166778558902 -1.27714753150939941406 1.10915195941925048828 1.53280854225158691406 -1.49553632736206032483 -0.94947236776351917609 -1.26746249198913552014 -1.12979984283447287829 -1.32910454273223876953 1.62817680835723876953 0.19174541532993311099 -0.20625934004783630371 -1.23507893085479736328 0.73828858137130737305 -1.31481659412384033203 -1.09192764759063720703 1.27697944641113281250 -0.43202197551727289371 0.54554969072341918945 1.28039765357971191406 0.32653561234474182129 0.60379570722579956055 -1.38345384597778320312 0.48978415131568908691
-0.07026370614767070422 0.73298758268356323242 0.48299804329872131348 -0.76080387830734252930 0.26108250021934509277 1.03653204441070556641 0.20827661454677579012 -0.39306202530860900879 1.24987471103668190686 1.54564130306243896484 0.88747870922088623047 0.33958560228347778320 0.46053573489189147949 -0.25384023785591119937 -0.44492220878601068668 -1.03551554679870605469 1.20130038261413552014 -0.24883438646793359927 -0.62108451128005981445 -0.36849513649940490723 -0.93547868728637695312 -0.47706827521324157715 -1.30054485797882080078 -1.76876902580261230469 1.58239531517028808594 -0.66497391462326049805
-0.38231697678565979004 -0.43338474631309509277 -0.94286537170410156250 0.36482414603233337402 -1.07166361808776855469 -1.58433771133422829358 -0.71646374464035034180 -0.96567440032958984375 -1.18130064010620117188 -1.18695497512817382812 0.42551454901695251465 -1.27946925163269042969 -0.42846745252609247379 0.38335391879081720523 1.36744904518127441406 -0.31986689567565917969 -1.70960605144500710217 0.04923317208886140300 0.90792530775070201532 -1.11222994327545166016 0.05478777363896369934 1.66575396060943603516 0.01393863558769220003 1.23336565494537353516 -0.27121719717979431152 1.25760293006896950452
1.11492204666137695312 0.55354189872741699219 1.52402663230895996094 1.51795542240142822266 1.43766450881958007812 -0.78151184320449829102 -0.24800479412078849095 -0.86750423908233642578 -1.11726355552673339844 -0.61774194240570068359 -1.17882585525512695312 -1.29517459869384765625 0.76435267925262451172 1.28101634979248046875 -0.10313317924737930298 0.96326303482055664062 0.73118990659713745117 1.21545743942260742188 -0.84761202335357666016 0.95541125535964954718 0.22083863615989679507 -0.01407229155302039923 1.28276491165161110608 1.24873459339141845703 0.21192431449890131168 -1.03027212619781494141
-0.57457941770553588867 -0.59527480602264404297 -0.52603447437286376953 -0.68655109405517578125 0.60657882690429687500 -0.54305070638656616211 0.29547622799873352051 1.25322031974792480469 0.25460612773895258121 -1.73628222942352294922 0.88300305604934692383 0.97972369194030761719 -1.66334521770477294922 -1.42566633224487304688 -0.12183173000812530518 -0.89798760414123535156 -1.40737724304199218750 -0.22318300604820248689 1.27173137664794921875 0.86257630586624145508 -0.44618386030197138004 1.19871175289154030530 0.66771018505096435547 0.74901491403579711914 -1.31478357315063476562 0.87259972095489501953
-0.43769741058349609375 -0.11533298343420020360 0.48730951547622680664 0.32890227437019348145 -0.64326828718185424805 -0.66468292474746704102 1.62799870967864990234 -0.34926664829254150391 -1.48516845703125000000 1.34180867671966552734 0.55169624090194702148 0.07766605168581000584 -0.54351860284805297852 -0.27332806587219238281 -1.17921853065490722656 0.15132652223110198975 -1.05511605739593505859 -0.86428248882293701172 0.12978990375995630435 1.21980035305023193359 -0.81144869327545166016 1.52571320533752441406 -0.65992271900177001953 -0.64323759078979492188 0.25112238526344299316 0.53531694412231445312
-0.13312542438507080078 0.74319213628768920898 1.19127547740936279297 0.93150269985198963507 1.63227510452270507812 -0.50578510761260986328 1.03997588157653808594 0.85634595155715942383 0.96787923574447642938 -1.27275204658508300781 -0.40671846270561218262 -0.87421703338623046875 -0.94835162162780761719 0.03598514944314949726 -0.84051114320755004883 -0.16102862358093258943 1.08879995346069335938 0.48663020133972167969 -1.03525495529174804688 -0.09714481979608530215 1.64636993408203125000 1.03712391853332519531 -1.46406662464141845703 0.17186035215854639224 -0.13395553827285761050 0.07636548578739159321
0.12514342367649070042 0.29231056571006769351 0.07097388803958890047 0.37340909242629999332 1.39703607559204101562 0.48323875665664667300 -1.44567108154296875000 -0.46649181842803949527 -0.02575783431529990106 -1.41219377517700195312 -1.06728065013885498047 0.68433547019958496094 -1.52970707416534423828 -0.99316662549972523077 1.31607162952423095703 -1.23504912853240966797 0.36551275849342340640 0.70449936389923095703 0.13858148455619809236 1.21237385272979736328 -1.63339829444885231702 -1.40798306465148925781 -1.08635902404785156250 1.35412895679473876953 -1.12170827388763449939 0.32314181327819818668
0.09237165004014960545 0.23696598410606378726 0.13901391625404349583 0.50023418664932250977 -1.40701639652252197266 0.00764321722090240043 0.59356486797332763672 1.20311534404754638672 -1.15081250667572021484 -0.49463948607444757632 -1.23652029037475608142 -0.34604984521865839175 1.00470507144927978516 1.43386638164520263672 -1.54533743858337402344 -1.35101056098938010486 -0.15817648172378540039 -0.53418684005737304688 1.71204280853271484375 -0.88939225673675537109 1.30317807197570800781 -0.23890553414821619205 -0.57979923486709594727 0.09095205366611479325 -0.93138611316680919305 -0.27361679077148437500
0.44623690843582147769 0.69088065624237060547 0.61598098278045654297 0.50554525852203369141 -0.85270529985427856445 1.73628294467926047595 -1.34799325466156005859 -1.36254703998565673828 0.83784395456314086914 -1.41245102882385231702 1.37147903442382790296 -1.30306863784790039062 0.25465866923332208804 0.75898480415344238281 1.25058662891387939453 -0.58440589904785156250 0.91297167539596557617 -0.22116079926490780916 1.53158557415008544922 0.75461274385452270508 0.41243848204612731934 1.79404354095458984375 -1.51409828662872314453 -0.96095395088195800781 1.05838561058044433594 -1.50774824619293190686
1.28561604022979736328 1.75597250461578369141 1.94216525554656960217 1.23443102836608886719 1.47288513183593750000 -0.94158625602722156867 -0.61769616603851318359 0.49219807982444757632 -1.42111074924468994141 0.72247111797332763672 -0.73545628786087036133 -0.46327811479568481445 -1.33980679512023925781 0.50610285997390747070 0.13155363500118250064 -1.59757137298583984375 1.54870378971099831311 0.72416394948959350586 0.86174297332763671875 -0.69277268648147583008 -0.60714721679687500000 -1.25324845314025878906 -0.21196271479129791260 -1.58208990097045898438 1.51966524124145507812 1.31628632545471191406
-0.70934313535690307617 -1.45243322849273681641 -0.65087240934371948242 0.90250772237777721063 -1.40558278560638449939 1.67370605468750000000 0.16770908236503601074 -0.53836238384246826172 0.63815730810165405273 -0.53164422512054443359 -0.04631539806723589808 1.15070235729217529297 0.22116965055465689916 0.72204071283340454102 0.85044187307357788086 -1.57854223251342751233 1.58788156509399391858 1.16389334201812744141 -1.03443121910095192639 -0.30497136712074279785 0.36823368072509760074 1.47319579124450683594 1.23731207847595192639 -0.24582667648792261295 0.80787897109985351562 0.24265238642692560367
0.51686751842498779297 -0.19771958887577051334 -0.06113510951399799692 -0.24880307912826529759 1.62272703647613525391 -0.09408240020275110416 -0.97106182575225841180 1.03562498092651367188 -0.11822637170553200459 -0.15018300712108609285 -1.34208977222442649158 -1.00895881652832031250 1.06434917449951149671 -1.04923331737518310547 -0.32227894663810729980 1.02759861946105957031 0.23898138105869290437 -0.26903006434440607242 1.35367655754089355469 -0.88166010379791259766 0.71468341350555419922 -0.33794882893562311343 -1.13026690483093261719 1.57471930980682350842 -0.36457490921020507812 0.48794928193092340640
-1.36395835876464843750 -1.38578438758850097656 -0.66767829656600952148 0.54990714788436889648 1.23341310024261474609 0.77620667219161987305 0.25771227478981018066 -0.05693461745977400346 -1.14590275287628151624 -0.96669167280197143555 1.66515767574310302734 1.04659438133239768298 0.35327905416488647461 0.68518638610839843750 1.01035594940185569079 1.15684354305267311780 0.29985603690147399902 0.49175080657005310059 -1.00962650775909423828 -1.21745169162750244141 0.53438782691955566406 0.03806393593549720067 1.68928670883178710938 -0.22817064821720120515 0.59914612770080566406 0.34994736313819879703
-0.43246075510978698730 0.10074473172426219592 -0.39591389894485468082 -0.70238089561462402344 -1.28741395473480224609 -1.46675038337707519531 0.35366433858871459961 1.36396205425262428967 -0.64244312047958374023 -1.75455641746520996094 1.20381224155426047595 -1.19090235233306884766 1.74401891231536887439 -0.04687386378645889973 -0.43473985791206359863 0.74892181158065795898 -0.59249687194824218750 -1.67997336387634277344 0.75564819574356079102 -1.63355755805969238281 -1.28323245048522949219 -1.12572705745697021484 0.72086000442504882812 0.61548918485641479492 -1.56614911556243896484 0.32197764515876770020
1.85855114459991432874 1.54268288612365722656 2.49700880050659179688 1.50757527351379394531 -0.47043246030807489566 -0.91779124736785877570 -0.79649835824966430664 1.18114805221557617188 -1.54515242576599121094 -1.36842620372772216797 1.35651695728302001953 -1.04089963436126708984 0.04592954739928239993 0.35687071084976190738 -0.47583517432212829590 -0.59939682483673095703 0.85158759355545043945 1.34542262554168701172 1.31956171989440917969 -1.56274485588073730469 0.40885010361671447754 -0.20870347321033469457 1.05970501899719238281 -0.57984763383865356445 -1.00071907043457031250 1.55635559558868408203
0.25796595215797418765 0.41403856873512268066 -0.23536625504493710603 -0.78764647245407104492 1.53947818279266357422 -0.91948515176773082391 -0.71886450052261352539 -1.27660953998565673828 0.08309762179851530595 -0.93898832798004161493 0.90784788131713878290 -0.33778026700019830875 1.11376059055328369141 -0.03056693635880939827 -1.12376117706298850329 -0.50822275876998901367 -0.44931417703628540039 -0.66755861043930053711 -0.51064383983612060547 0.45825940370559692383 -0.15650700032711029053 0.05358561128377910265 -1.07195627689361550061 0.80697447061538696289 -0.28963530063629150391 -0.45720335841178888492
-1.23738038539886474609 -1.22878384590148925781 -0.73423731327056884766 1.20500910282135009766 1.15398287773132324219 -1.77526855468750000000 -0.66672307252883911133 1.55289399623870849609 0.42379012703895568848 0.39997455477714538574 0.58425003290176391602 0.30815312266349792480 0.50268083810806274414 1.06904721260070800781 0.73417043685913085938 0.90789681673049915656 0.13999047875404349583 0.54787272214889526367 0.35195490717887878418 0.13816216588020319156 0.41690060496330261230 -0.23421454429626459293 0.08437178283929820666 1.09196901321411110608 0.45093831419944757632 1.29613101482391357422
0.05986851826310150143 0.19617246091365808658 0.02274088375270360077 0.32703444361686700992 0.64390730857849121094 0.73869234323501586914 -0.09666007757186889648 1.43063616752624511719 -1.82494795322418190686 -1.58131301403045632092 -1.41707098484039306641 -0.76566493511199951172 0.01414169277995819957 -1.39535701274871848376 0.02777699753642080133 -0.92165875434875477179 0.26198789477348327637 0.66932457685470581055 0.52155011892318725586 0.40130686759948730469 -0.82286703586578369141 0.15956662595272058658 -0.05751020833849899982 1.70811223983764648438 -1.61655855178833007812 0.49518063664436340332
-1.24322104454040527344 -0.76766228675842285156 -1.07518279552459716797 -0.47403311729431152344 -0.03706391155719750141 -0.72369080781936645508 1.66877269744873046875 1.57216453552246093750 0.24416299164295190982 -1.13716924190521240234 -1.04192614555358886719 0.26605394482612609863 0.99182087182998657227 -1.24111044406890869141 0.81272852420806884766 -1.69684648513793967517 1.52401351928710937500 -1.61881077289581298828 -1.19402325153350830078 1.68640923500061035156 1.28556227684020996094 -0.93672806024551402704 0.80692005157470703125 -1.29910242557525634766 0.45596700906753540039 0.52354443073272705078
-0.68635314702987670898 -0.46116915345191950015 0.65636616945266723633 1.72744834423065207751 0.30430209636688232422 1.68116462230682350842 0.53084611892700195312 -1.10091459751129150391 0.41773864626884460449 1.55125415325164794922 0.67322003841400146484 -0.52601480484008789062 0.42581510543823242188 -0.82538580894470214844 0.57717835903167724609 0.84851175546646118164 -0.03759956732392309708 0.25974658131599420718 0.00483349664136760015 1.22034525871276855469 -1.41642725467681884766 0.29533943533897399902 -1.34256803989410400391 0.61746579408645629883 -1.01669704914093017578 1.34819805622100830078
-0.22132967412471771240 -0.36718562245368957520 -1.78312528133392311780 -0.93263000249862682001 1.62642765045166015625 1.57994294166564941406 -0.18872107565402979068 1.13366723060607910156 0.46601313352584838867 -0.59874629974365234375 -0.46855619549751281738 0.42909026145935058594 -0.32065343856811517886 -0.80541849136352539062 1.17075574398040749280 -0.43458166718482971191 -0.60470682382583618164 -0.86730217933654785156 -0.55656135082244873047 -0.83887887001037597656 -0.64403992891311645508 -1.39323854446411110608 -1.37078154087066650391 -1.56249904632568359375 0.07659997045993799381 2.22348856925964399878
1.45203936100006103516 1.45088601112365722656 0.71895891427993774414 -0.22831763327121729068 1.59503543376922607422 -0.75030857324600219727 -0.79123961925506591797 0.90233296155929565430 0.26050165295600891113 0.46097847819328308105 1.19661283493041992188 -1.06307971477508544922 -0.20897078514099121094 1.29036784172058105469 -1.15615236759185791016 -1.52642869949340820312 -0.72119492292404174805 -0.56332588195800781250 0.75504314899444580078 -0.96446418762207042352 0.54642897844314575195 -0.28897151350975031070 0.51834195852279663086 0.25556704401969909668 1.71240127086639404297 0.30230638384819030762
1.52700555324554443359 1.53302192687988281250 0.03535535186529149831 -1.04308390617370605469 0.37229868769645690918 -1.42468142509460449219 -0.84024500846862792969 1.46167445182800292969 -0.41544952988624572754 -0.73687493801116943359 0.05134009197354309773 0.34429809451103210449 -0.31378403306007379703 -0.73835486173629760742 0.24723210930824279785 -1.21788179874420166016 -1.06744873523712158203 0.68502384424209594727 0.04242843016982070226 -1.32537996768951416016 -0.67158031463623046875 -0.37757760286331171207 -0.77565050125122070312 -1.66338670253753662109 -1.29453957080841064453 0.32043835520744318179
-1.87032926082611083984 -1.47314238548278808594 -0.83161652088165283203 -1.48203682899475097656 1.60754072666168190686 1.41861832141876220703 0.09746606647968289461 1.65006971359252929688 0.09596776962280270662 -0.83154326677322387695 0.75095450878143310547 -0.43998780846595758609 -0.95432060956954956055 0.91058570146560680048 -0.52481615543365478516 1.46981251239776589124 0.37838619947433471680 1.16192054748535156250 0.83861559629440307617 -1.39066636562347389905 -1.59597873687744140625 -0.35937851667404169254 1.63049304485321044922 -1.35511004924774169922 -1.34442305564880371094 -0.34286531805992120914
-1.05997884273529030530 -1.25902104377746582031 -0.67626279592514038086 0.62198466062545776367 1.08377325534820556641 1.41850769519805908203 1.03795909881591796875 -0.87129962444305419922 -1.17919754981994628906 -0.98051768541336059570 -1.50857985019683837891 0.41756081581115722656 1.70836925506591796875 -1.52563714981079101562 1.00490462779998779297 1.64047384262084960938 0.18075381219387048892 0.97666341066360484735 -0.04718389734625810100 -0.81065022945404052734 1.01772165298461914062 -1.50735211372375488281 -0.39531004428863519840 0.97886091470718383789 1.46581244468688964844 0.89224106073379516602
1.19293844699859619141 1.39494407176971435547 0.23542228341102600098 -0.40322870016098022461 1.52502501010894775391 -0.40775468945503229312 1.38268375396728515625 -0.33253639936447138004 -1.27475166320800781250 -1.13990366458892822266 -0.75650376081466674805 0.66160970926284790039 -1.03636455535888671875 0.39680624008178710938 -1.25582695007324218750 -1.25901889801025390625 -1.20370590686798095703 0.31519332528114318848 1.76281344890594482422 0.99204498529434204102 0.39067581295967102051 1.05510985851287841797 0.67918866872787475586 0.64531654119491577148 -0.58342254161834716797 -0.31689593195915222168
0.84593909978866577148 1.40150904655456542969 -0.46762838959693908691 -1.28545582294464111328 0.55444628000259399414 -1.42383635044097900391 -0.78913694620132446289 0.88825047016143798828 -0.37159594893455499820 -0.66331034898757934570 -0.47280010581016540527 -0.61896741390228271484 -0.51817435026168823242 0.37341004610061639957 0.76676273345947265625 -0.21400736272335049715 0.97288298606872558594 0.48196971416473388672 -1.57297360897064208984 -0.30316069722175598145 0.96979713439941395148 -1.43332862854003906250 -1.03757691383361816406 -0.51226472854614257812 -0.89831304550170898438 -1.51226091384887695312
-1.17399489879608154297 -0.68889904022216796875 -0.71025550365447998047 -0.10697536170482629947 -0.13694046437740320377 0.66857808828353881836 1.58944177627563476562 0.12227024137973779849 -1.82979774475097678454 -0.26464718580245971680 -0.39138308167457580566 -1.34197175502777099609 0.15287104249000549316 1.21989333629608154297 -1.56102645397186279297 -1.61023080348968505859 -0.36950433254241937808 1.21993196010589599609 0.06572521477937690038 -0.23942412436008450594 -0.50028431415557861328 0.24530102312564849854 1.05765914916992209704 -1.66299450397491455078 -1.23680996894836447986 0.70365262031555175781
-1.79139256477355957031 -1.59048867225646950452 -1.04586386680603049548 -0.50852966308593750000 -1.06211304664611816406 0.63622391223907470703 0.67016339302062988281 0.59754681587219238281 -1.65216231346130371094 0.02806252241134640085 0.47695380449295038394 1.62200760841369628906 1.36544334888458229749 -0.49799075722694391422 -0.90117967128753662109 -0.95993500947952281610 -1.03879356384277343750 1.48531615734100341797 -1.48242735862731911389 -0.88826686143875122070 0.69361823797225952148 0.78349620103836059570 1.11010634899139404297 -1.50989556312561035156 1.11030805110931396484 -0.26034191250801080875
0.77858728170394897461 1.32375109195709250720 2.92482948303222656250 1.76213705539703369141 -1.48344814777374289783 1.60177147388458229749 0.41380861401557922363 1.25888383388519287109 0.10590557754039760241 -1.60188865661621093750 1.54309976100921630859 0.55890232324600219727 -0.38177582621574401855 1.49188435077667236328 -0.86683219671249389648 -1.66847920417785644531 0.95081365108490001337 -0.21914240717887870091 -1.32008445262908935547 0.93632113933563243524 -1.15787792205810569079 0.77155566215515136719 1.54112815856933593750 -0.79580610990524291992 1.35652756690979003906 -0.99972558021545399054
0.06078490987420080011 -0.63640493154525756836 -0.13269497454166409578 1.18505799770355224609 -0.53458368778228759766 -0.33368438482284540347 1.07624614238738991467 -1.56895244121551513672 -1.00266110897064208984 -1.29655444622039794922 -1.13628792762756369861 -0.03323952853679650044 0.73673683404922485352 1.11612474918365478516 -1.45808231830596923828 -0.96426045894622802734 -0.72161757946014404297 0.22232840955257410220 0.56108772754669189453 -0.76423221826553344727 -1.33183813095092751233 -0.80117493867874145508 1.32819974422454833984 -0.50941640138626098633 1.17792868614196777344 1.35313653945922829358
-0.57676780223846435547 0.02883628010749809956 0.66060990095138549805 0.95338159799575794562 0.11862093955278389668 -1.67184877395629882812 0.00809344835579389917 0.05663734674453729800 0.13675193488597869873 -1.40331339836120605469 -0.49662292003631591797 -1.36584413051605224609 -0.60073089599609375000 -1.00532460212707519531 -1.59686207771301269531 1.45187664031982421875 1.43132340908050537109 -0.02183896489441389949 -1.33263981342315673828 -1.06039130687713623047 -0.10513418912887570467 1.80145132541656494141 -0.26454308629035949707 0.32893133163452148438 -1.45536553859710693359 1.05081057548522949219
-0.36831244826316827945 -0.17132930457592010498 -1.06915438175201416016 -0.54638725519180297852 -1.18622219562530517578 -0.96434569358825683594 1.06109941005706809314 -0.77211135625839233398 1.25130438804626464844 1.66403400897979736328 0.56821620464324951172 0.67517751455307006836 -1.09738981723785400391 -0.91914182901382435187 0.62654423713684082031 0.56568199396133422852 0.70608252286911010742 1.07042634487152099609 -1.08084046840667724609 -0.22123250365257260408 -0.54877972602844238281 -1.41367638111114501953 1.19886493682861328125 -0.14217956364154810123 -1.42499673366546630859 0.83620262145996093750
0.20213377475738519840 0.78304541110992431641 -0.38837245106697082520 -0.93246656656265258789 -1.28352761268615722656 1.31380200386047363281 -0.65066796541213989258 -1.18207132816314697266 -1.33307135105133056641 -1.22854280471801757812 0.74154025316238403320 1.05080068111419677734 -0.28957295417785638980 0.09657648205757139726 -1.29949450492858886719 1.72392666339874289783 1.07813596725463889392 0.09403543919324869327 -0.90277099609375000000 0.17538787424564358797 0.81872373819351196289 -0.97223913669586181641 -1.29520785808563232422 -0.11425880342721929372 -1.52186143398284912109 -1.44912743568420410156
-1.17425394058227539062 -1.28065598011016845703 -0.90231972932815562860 -0.98947149515151977539 1.32647228240966796875 0.90661883354187000617 1.54102504253387428967 1.15175938606262207031 0.29929187893867492676 1.19913792610168457031 0.30855712294578552246 1.17941713333129882812 -1.33182346820831298828 -1.54585206508636474609 -1.47336959838867209704 -1.33342075347900390625 -0.23799033463001251221 1.54246985912322998047 1.63212645053863525391 -1.21063971519470192639 0.71053743362426757812 -0.77435207366943359375 0.11163178086280819978 -1.78268098831176757812 1.39310789108276367188 0.32234355807304382324
-0.44369491934776300601 -1.43024599552154541016 -0.96153408288955677374 0.92158371210098277704 1.11950004100799560547 -1.39242494106292724609 1.55744230747222900391 -1.68274796009063720703 -1.81457376480102516858 1.20672726631164550781 1.42662274837493896484 -0.74621081352233886719 -0.08239552378654479980 0.32250770926475519351 1.46021354198455810547 0.53069478273391723633 0.25734424591064447574 -0.62656486034393310547 0.24688635766506189517 -0.96609139442443836554 -1.20004725456237792969 -1.32689630985260009766 1.04207849502563476562 -1.27577114105224609375 0.05003958940505980058 1.07755577564239501953
-0.27052026987075800113 -0.73337990045547485352 -0.89470756053924560547 -0.90982806682586681024 -1.13641858100891113281 -1.04198324680328369141 -0.95048666000366199835 0.26843768358230590820 0.31996303796768188477 1.56338155269622802734 0.73253399133682250977 -1.26069867610931396484 -0.53608703613281250000 -0.62720698118209838867 -1.59121894836425781250 1.57113027572631835938 -1.17731297016143798828 1.17892611026763916016 -1.35213768482208229749 -1.19580078125000000000 0.20959858596324920654 1.22129333019256591797 0.35609316825866699219 -1.03479194641113281250 -1.17293798923492431641 0.81802850961685180664
-1.19529986381530761719 -1.12452876567840576172 -0.87350410223007202148 -0.50069344043731689453 1.59841191768646240234 -1.59535491466522216797 -0.46287590265274047852 0.18138422071933740787 0.98171317577362060547 0.11352925002574920654 1.61422932147979736328 0.12985010445117950439 0.53597027063369750977 -1.41090846061706542969 1.32040965557098410876 1.23637294769287109375 0.16383661329746240787 -0.14327386021614069156 -1.44415163993835449219 -0.56400483846664428711 1.06894969940185569079 0.46001872420310968570 1.43681883811950683594 -0.00860154069960110054 -0.53649157285690307617 0.68155270814895629883
-2.00284981727600097656 -1.64853692054748535156 -0.44577077031135559082 -1.46567225456237792969 0.95305043458938598633 1.40293574333190917969 -0.51940369606018066406 1.63185656070709250720 0.99648207426071155890 -0.64266145229339599609 -0.99942272901535045282 -0.29622623324394220523 0.32476937770843500308 0.94278377294540405273 0.96694517135620117188 1.27458178997039794922 0.57304227352142333984 1.10335505008697509766 -0.45263776183128351382 0.73908525705337524414 -1.49593508243560791016 0.21749337017536160555 0.90207326412200916632 0.32128745317459100894 0.46404382586479181461 -0.60253316164016723633
1.32404601573944091797 1.25802314281463623047 1.48985362052917480469 0.88236248493194580078 -0.27314087748527521304 -1.61944174766540527344 1.45656704902648925781 1.57217991352081298828 -0.76921880245208740234 1.03009557723999023438 0.74720418453216552734 0.09943413734436029605 -0.09407833218574519762 1.19410943984985351562 -0.95807540416717518195 -0.16324847936630249023 -1.60657703876495361328 0.35347667336463928223 -0.01146989502012719930 1.34907162189483642578 -1.13953101634979248047 -0.11213769763708110461 1.18239974975585937500 0.26432207226753229312 0.04098563641309729833 -0.60666555166244506836
-0.98871135711669921875 -0.93127030134201038702 -0.59248441457748413086 -0.47429785132408142090 -0.04599365964531890172 0.30910468101501459293 1.60738694667816162109 -1.27418351173400878906 0.93018805980682361945 0.81167334318161010742 -0.95944035053253162726 0.97506320476531982422 -1.53347623348236083984 -0.47504496574401849918 -1.20728969573974609375 -1.43975448608398437500 -1.40330088138580322266 1.49294149875640869141 -1.52169823646545410156 -0.26888701319694519043 0.08239666372537610139 1.24316668510436989514 -0.47535783052444458008 0.12905643880367279053 1.71109235286712646484 0.56086319684982299805
-0.68634742498397827148 -0.72022253274917602539 0.07919491827487940006 -0.28998318314552301578 0.10949622094631189517 -1.52702414989471435547 1.67143344879150390625 1.51079213619232177734 -1.23392355442047119141 0.14327289164066309146 0.81015288829803466797 -1.20407319068908691406 1.75250899791717529297 0.74942988157272338867 -1.29138529300689697266 1.44824385643005371094 -0.93350654840469360352 0.19800819456577301025 -0.03648841753602020260 1.56379902362823486328 -0.09339938312768930606 -0.53058946132659912109 1.64676392078399658203 -0.63553893566131591797 -1.66927182674407958984 0.65061873197555541992
-0.34249004721641540527 -1.31321060657501220703 -2.03006482124328613281 0.68793016672134399414 1.26667785644531250000 0.12992501258850089330 -1.64594423770904541016 -1.73825263977050781250 1.22636210918426513672 -1.75741875171661376953 -0.87382704019546508789 -1.29222929477691650391 1.05059111118316650391 -1.35420143604278564453 0.51146817207336425781 0.39189243316650390625 -1.47861707210540749280 0.47841331362724298648 1.75842571258544921875 -1.04275655746459960938 -0.74179846048355102539 1.75142467021942138672 0.31149297952651977539 -1.00514447689056396484 -0.23676429688930508699 1.93122732639312766345
-1.57771825790405273438 -1.13443064689636230469 -0.31854897737503051758 -0.91672259569168079718 1.04030346870422363281 -1.52042818069458007812 1.18835496902465820312 -0.83277249336242675781 1.52983295917511008533 -0.51643490791320800781 -1.31592535972595192639 -0.71912759542465209961 0.24367369711399070042 0.64905691146850585938 -1.24620807170867919922 -0.32889279723167419434 -0.24413743615150448885 -0.81490904092788696289 -0.50480270385742187500 -0.63103616237640380859 -0.65608769655227661133 -1.23866975307464599609 1.00024712085723876953 0.40105354785919189453 1.34107565879821777344 -0.21438878774642938785
0.82373112440109252930 0.42188793420791620425 0.30295860767364501953 1.79380059242248535156 0.62910073995590209961 1.56305694580078125000 0.68872642517089843750 -1.60872077941894509046 -0.55638426542282104492 -0.47472620010375971011 1.42359161376953125000 1.43519628047943115234 -0.67428195476531982422 -0.83870083093643188477 0.49114656448364257812 -0.01223385799676169998 -0.24430876970291129369 0.65112030506134033203 1.00580632686614990234 0.67515140771865844727 -1.28611803054809570312 1.32884716987609863281 -1.00487065315246582031 -1.57991111278533935547 1.24512875080108642578 -0.89366602897644042969
0.11309532076120369648 0.30213129520416259766 0.98674744367599476202 0.81626486778259277344 -1.57128655910491943359 1.25797796249389648438 1.15923476219177246094 -0.00077494140714399996 -1.17787754535675048828 -0.14500194787979120425 -1.31974899768829367908 0.56063860654830932617 0.96789336204528797492 0.00588500406593079999 -1.13857424259185791016 -1.01023924350738525391 -1.32186377048492431641 -1.31586790084838889392 -0.02839468233287329932 0.71332967281341552734 0.46445226669311517886 0.92706525325775157587 0.03407435119152060071 0.12712746858596798982 -1.41154515743255615234 -0.36217570304870599918
0.47698858380317687988 0.24612103402614590730 0.47681206464767450504 -0.20494292676448819246 -1.42018353939056396484 0.37190657854080200195 -0.82857996225357055664 0.07133560627698889989 0.12457372993230819702 -0.57509320974349975586 -1.49370193481445312500 -0.04856843501329419915 -0.42591628432273859195 0.67794078588485717773 0.96967762708663940430 -1.53296840190887428967 1.08171045780181884766 -1.61550664901733398438 -0.79487705230712890625 0.94784659147262562140 0.56600052118301391602 -0.23054307699203491211 -0.64083850383758544922 0.54606270790100097656 -0.79889422655105590820 -1.24452149868011474609
-0.86355626583099365234 -0.41451421380043029785 0.10639849305152890291 0.69875603914260864258 0.11712726205587380146 -0.09442085027694699373 1.22179031372070312500 0.96410590410232543945 -1.21607983112335205078 -0.62617778778076171875 -0.95794904232025157587 0.90030223131179809570 1.49584341049194335938 -0.21503888070583340730 -0.24350291490554809570 -0.88316482305526733398 -0.53288054466247558594 -1.18883466720581032483 1.52087104320526123047 -0.23086272180080411043 1.20624363422393798828 -0.82505983114242553711 -0.00251493277028200018 1.01234424114227294922 -0.10720603168010710282 1.18360924720764160156
0.20852333307266229800 -0.61529821157455444336 0.08293568342924109715 1.75965571403503417969 0.33006700873374938965 -0.10251434147357940674 -0.15992814302444449681 1.33484041690826416016 0.11061145365238189697 0.60454368591308593750 0.56841611862182617188 -1.01482057571411110608 -1.25630915164947509766 -0.38684776425361627750 -0.64845144748687744141 -1.42064023017883300781 1.52250504493713378906 -0.21261617541313171387 1.74073171615600608142 -0.95148706436157237665 -0.45961138606071472168 0.61720448732376098633 1.59901463985443115234 0.73309409618377685547 -0.92904770374298095703 1.80340385437011674341
1.33109617233276367188 1.00450074672698952405 1.28666388988494873047 0.96110260486602783203 -0.77218312025070190430 0.96525323390960682257 1.18496966361999511719 -1.35286033153533935547 0.14907380938529959935 1.66101825237274169922 0.27558746933937072754 -1.57483637332916259766 1.02220356464386008533 -1.75186455249786376953 1.15413916110992431641 1.01111638545989990234 1.34036529064178489001 -0.91355687379837036133 -0.24045099318027490787 0.99633771181106556281 -0.00119778537191450010 1.35482215881347656250 1.25996208190917968750 -0.94346630573272705078 1.73383688926696777344 -1.22499275207519509046
0.11764489114284509830 -0.55485385656356811523 -0.38084417581558227539 -0.68591207265853881836 0.09517874568700790405 -1.17757809162139892578 -1.40246748924255371094 0.91512793302535999640 -1.59216403961181640625 -1.18417835235595703125 -0.37204942107200622559 -1.57685935497283935547 0.80392783880233764648 0.34728789329528808594 -0.99758100509643554688 -0.78485125303268432617 0.84838235378265380859 -1.09445655345916770251 -0.69512873888015747070 -0.79756450653076171875 -0.14363685250282279271 1.44180727005004882812 1.19766926765441894531 -1.12682414054870605469 1.54215872287750244141 0.76094520092010498047
-0.63124179840087890625 -1.07071459293365478516 -0.58208495378494262695 -0.08534174412488930439 1.53473532199859619141 1.29099726676940917969 0.37719786167144769840 0.03493384644389149751 0.73394519090652465820 -0.30857637524604797363 0.51555150747299194336 0.40031638741493219547 -0.37638825178146362305 -0.07927867025136940693 1.08154523372650168689 0.86487591266632080078 -1.28434121608734130859 1.06896555423736550061 -0.39011886715888971500 -1.36652338504791259766 1.31126344203948952405 -1.19443130493164062500 -0.41273275017738342285 1.68534028530120849609 0.94706249237060557977 0.64287239313125610352
-0.27530419826507568359 0.40703389048576349429 -0.34562978148460388184 -1.27510285377502441406 -0.96643793582916259766 -0.11603520065546030215 1.07541656494140625000 -0.16124093532562250308 -0.43995675444602960757 0.03918768465518950028 0.63095533847808837891 -1.33795607089996337891 0.59744578599929809570 -1.69519281387329101562 -0.15105015039443969727 -0.04910636320710180108 1.25871133804321289062 1.20823740959167480469 -0.48045194149017328433 -0.31628984212875360660 -1.55888891220092751233 -1.27183306217193603516 -1.64491534233093261719 0.49527481198310852051 1.60383284091949462891 -0.32129487395286560059
1.19878542423248291016 0.80767470598220825195 1.24307715892791770251 1.29772114753723144531 -0.49000859260559082031 -0.99964553117752075195 -0.53405338525772094727 -1.15390336513519287109 -0.84147381782531738281 0.71165114641189575195 -0.16087169945240020752 -0.41762712597846979312 -0.91035467386245716437 1.08201825618743896484 -0.79558575153350830078 1.24404466152191162109 1.23168754577636718750 -0.46378546953201288394 0.38408467173576349429 1.30391001701354980469 -1.30625343322753906250 0.49580657482147211246 -0.49855643510818481445 -0.76830363273620605469 -1.68933844566345192639 -1.60919356346130371094
1.30979239940643310547 0.59943395853042602539 1.48923814296722389905 1.02773344516754150391 0.15261492133140561189 -0.50353574752807617188 -1.04737877845764160156 -1.45765614509582519531 0.72602868080139160156 -0.98352277278900157587 1.03112077713012695312 -1.51613128185272216797 1.51208209991455078125 1.15755391120910644531 -0.54902106523513793945 0.46778932213783258609 -1.51049506664276123047 0.24736408889293670654 0.67624652385711669922 1.57861185073852539062 -0.39495956897735590152 -0.17857445776462549381 -1.20091915130615234375 0.60682618618011474609 -0.55951803922653198242 -1.66403532028198242188
