-0.89289474487304687500 -1.26942217350006103516 0.58268910646438598633 -1.33329439163208007812 -0.97794431447982799188 -2.24981594085693359375
0.21308505535125729646 0.84502631425857543945 -1.48305928707122802734 -0.80604946613311767578 1.56453406810760498047 1.32889854907989501953
-0.49148902297019958496 0.88243049383163452148 0.78506672382354736328 -1.65790545940399169922 -0.57799017429351806641 -0.81864327192306518555
1.08098626136779807361 -1.45728814601898193359 -0.26109096407890319824 0.74467909336090087891 -1.32061147689819335938 -0.87808370590209960938
-0.40223017334938049316 0.18910543620586389713 0.95769965648651123047 0.80663138628005981445 0.23251561820507049561 0.58545321226119995117
-0.09651823341846460513 1.10486662387847900391 0.19725270569324490633 0.92571175098419200555 0.41165363788604730777 1.00997376441955566406
-0.41884788870811462402 -1.50931692123413085938 0.56742316484451293945 -1.00207245349884033203 -1.42633342742919921875 -2.38175415992736816406
1.33464384078979492188 -1.52943718433380126953 0.76129996776580810547 0.23752689361572260074 0.29287230968475341797 -1.16284680366516113281
-1.00359296798706032483 1.42340111732482910156 0.96226531267166137695 -0.99917650222778320312 1.69320499897003151624 0.18346516788005828857
-0.54383754730224609375 0.27314385771751398257 0.87825173139572143555 1.69157254695892311780 -0.15054835379123679417 0.98405951261520396844
-0.93605911731719959601 -1.03549015522003151624 -1.08502495288848876953 -0.35396075248718261719 0.46990078687667841129 -0.83622783422470092773
-1.40110385417938232422 -1.58576774597167968750 -1.32763028144836447986 1.24373698234558105469 1.56631338596343994141 0.10499282181262969971
-0.82415074110031127930 -0.45448350906372070312 0.86525833606719970703 -0.50490349531173706055 -0.87473332881927490234 -1.34133410453796408923
0.57297474145889282227 0.00321778631769119999 -0.18381628394126889314 1.40706253051757790296 -0.11594464629888530383 1.04221415519714355469
0.76015990972518920898 0.04975344613194460086 -1.64474105834960937500 1.10382604598999023438 0.12276998162269589510 2.39724206924438476562
-0.53782564401626586914 1.35785150527954101562 1.61276423931121848376 0.90962791442871082648 1.21780252456665039062 2.01475310325622558594
1.33303606510162353516 -1.28911840915679909436 0.94648522138595581055 0.20576955378055569734 -1.09899652004241943359 -0.47640559077262878418
-0.83863407373428344727 -1.57622575759887695312 0.56917071342468261719 -1.26927185058593750000 0.07730445265769950169 -2.32600235939025878906
-1.41062998771667480469 0.16263763606548309326 0.25010672211647028140 -1.13896119594573952405 1.03903007507324218750 -1.54612278938293457031
-0.34787723422050470523 1.31562006473541259766 1.49480187892913818359 -1.01023924350738525391 -1.26810503005981445312 0.14213216304779049959
0.05636794865131369847 -0.06965848803520199861 -0.14060412347316739168 0.55713176727294921875 0.00285508180968459995 0.24510653316974639893
0.31269139051437377930 1.34248399734497070312 0.34629085659980768375 -0.87384170293807983398 -0.45137953758239740543 -0.13367682695388791170
-0.08485013246536249332 -1.04797494411468505859 0.35946357250213617496 1.38364660739898681641 -0.69556874036788940430 0.08019818365573880281
1.55062472820281982422 0.53637528419494628906 -0.11622174829244609484 -1.13439834117889404297 -0.29506886005401611328 -0.15717172622680661287
0.27215951681137079410 0.45844423770904541016 0.48836079239845270328 -1.18479943275451660156 -1.43924117088317871094 -0.12747350335121149234
-1.72165286540985107422 -0.12193378061056130146 -0.11758548766374579686 -0.26656669378280639648 0.28445887565612787418 -1.07903695106506369861
1.36478710174560569079 -0.75068688392639160156 -1.69119787216186523438 -1.52954339981079101562 0.39738562703132629395 0.40711638331413269043
-0.70111936330795288086 0.08195736259222030640 -0.43256825208663940430 -1.54986655712127685547 -0.47653764486312860660 -1.20365118980407714844
-1.60667145252227783203 1.49796044826507568359 -0.92607975006103515625 1.70850038528442382812 1.54008221626281738281 0.23177948594093319978
-0.29487016797065729312 1.10125160217285156250 1.23273599147796630859 1.53667855262756369861 0.60342329740524291992 2.13126659393310502466
-0.15908962488174430150 1.59115624427795410156 -1.30440115928649902344 0.53212183713912963867 -0.68974727392196655273 1.54706883430480957031
0.12179388850927350130 -1.52686405181884765625 -1.33002245426177978516 1.32653248310089111328 -1.66972696781158447266 -0.16339476406574249268
0.47700819373130798340 0.61804556846618652344 -1.56536614894866943359 0.78393596410751342773 1.45678138732910156250 2.24989581108093261719
1.06432998180389404297 1.05181503295898437500 -1.66494011878967285156 1.17623150348663330078 -0.46057498455047607422 2.29042577743530273438
-1.17945635318756103516 -0.82382667064666748047 0.77198916673660278320 -0.76734650135040283203 0.35700184106826782227 -1.29899144172668457031
1.11919164657592751233 0.03684039413928980045 0.93651860952377319336 -0.18754108250141141023 1.06360745429992675781 0.72669708728790283203
-1.70616483688354492188 -0.77528107166290283203 -0.30478313565254211426 0.60957849025726318359 1.54209375381469726562 -0.58047586679458618164
-0.15085658431053158846 -1.40546059608459472656 1.65892994403839111328 -0.89672654867172241211 1.14830434322357177734 -0.65391242504119873047
0.66770493984222412109 1.57624673843383789062 0.52231585979461669922 -0.91410553455352783203 -1.42402315139770507812 -0.62824457883834838867
-0.81492483615875244141 1.19682955741882324219 1.20505094528198242188 -1.08240771293640136719 -0.43916478753089899234 -0.61837977170944213867
-1.24976527690887428967 0.01897218637168400154 -1.60372269153594970703 1.07560515403747558594 1.32522702217102050781 0.80908083915710449219
-0.07419396936893460359 1.19499707221984863281 1.05417990684509277344 -0.14630468189716339111 1.63846755027770996094 1.01370334625244140625
-0.25763770937919611148 0.94943791627883922235 -1.26218175888061523438 1.33072185516357421875 1.03596580028533935547 2.08488488197326660156
-0.29903519153594970703 1.41548860073089599609 0.42942959070205688477 -0.22255395352840420808 1.23241257667541503906 1.03189682960510231702
1.25313878059387207031 1.70412969589233398438 0.87589716911315917969 -1.56731128692626953125 0.09935814142227170076 -1.31154751777648925781
0.92019367218017578125 0.26950523257255548648 1.26929426193237304688 1.47553420066833496094 -0.12085094302892679385 1.75460124015808105469
1.64669382572174072266 0.86539977788925170898 0.53794914484024047852 -0.27223241329193109683 0.71647846698760986328 0.30860984325408929996
0.20298758149147030916 -0.81772166490554809570 -0.53103095293045043945 -0.20303966104984280672 -1.13162505626678489001 -0.84991484880447387695
0.14333821833133689183 0.41516897082328790836 -0.33239403367042541504 0.20370322465896600894 1.36518692970275878906 1.04700887203216552734
1.42640686035156250000 0.46564823389053339175 -1.25744438171386718750 -0.69475251436233520508 0.35076218843460077457 0.71363073587417602539
-0.49170812964439392090 0.22742328047752380371 -0.72847712039947509766 -1.39293432235717751233 -0.01113865338265889945 -0.59403759241104125977
-1.73573052883148193359 -1.56805610656738281250 -1.37383282184600830078 -1.28277111053466796875 -1.18794345855712890625 -1.32803392410278320312
0.95432716608047485352 0.45328062772750848941 -1.28396642208099365234 0.63963043689727783203 -1.52088105678558349609 1.10799384117126464844
0.04335018619894979996 -1.24659919738769509046 -0.43407827615737909488 0.30876791477203369141 0.85974192619323730469 -0.59404391050338745117
0.94399178028106678351 -0.07543825358152389526 -0.83677798509597778320 0.91934436559677124023 1.55965495109558105469 1.90410435199737571033
-0.36476820707321161441 -0.94711023569107055664 -1.64992225170135498047 0.08838365226984019885 -1.03215324878692649158 -0.16765624284744259920
0.56420153379440307617 -0.70412069559097290039 1.41103935241699218750 -0.55399531126022338867 0.66825509071350097656 0.40555205941200250797
-0.92038327455520640985 0.57821786403656005859 0.54816681146621704102 -1.00255322456359863281 -0.25234118103981018066 -1.44786882400512695312
0.04074268788099279920 -1.11680066585540749280 -1.32739257812500000000 1.00934624671936035156 -1.22594547271728515625 0.02652669325470919867
-0.77562010288238525391 0.04253630712628359706 0.19296078383922571353 0.63808941841125488281 -0.60641026496887207031 -0.05849268287420270052
-0.43293508887290949039 1.52742075920104980469 1.63136756420135498047 -0.20074160397052759341 0.16913117468357080631 1.19013786315917968750
1.11866176128387428967 0.93372654914855957031 0.79609566926956176758 0.54966592788696289062 1.58860683441162109375 1.50248515605926513672
-0.54337650537490844727 -0.64341104030609130859 -0.28426995873451227359 0.67607003450393676758 -1.56161987781524658203 -0.87929815053939819336
0.42490029335021972656 1.70702493190765380859 -1.40670764446258544922 1.35702252388000488281 -1.42155265808105490954 1.70449542999267578125
0.28264984488487238101 1.59919393062591552734 -0.13964913785457611084 -1.22118902206420898438 0.62588691711425781250 0.07680077105760570177
-1.35839450359344482422 0.40787038207054138184 1.01322567462921142578 -0.25290209054946899414 0.41354149580001831055 -1.11177802085876464844
0.55054593086242675781 -1.31690335273742675781 -0.25423878431320190430 -1.29887366294860839844 0.10016989707946770405 -1.68257057666778564453
0.59081864356994628906 0.21038612723350519351 -1.17809987068176269531 -0.08540799468755720658 1.63040471076965309827 1.43005275726318359375
0.84425795078277587891 -0.07008993625640859426 0.98967975378036499023 -0.37711927294731140137 1.48416042327880859375 0.76807743310928344727
-1.57028281688690207751 0.87800890207290649414 -1.11815094947814941406 -0.18339687585830680150 0.79440796375274658203 -0.62047082185745239258
-1.69834852218627929688 1.55290937423706032483 -1.02496314048767089844 -0.36992552876472467593 -0.49023491144180297852 -0.99748557806015003546
-0.98685377836227416992 -0.80497223138809204102 0.54679381847381591797 -0.36903148889541620425 1.40319395065307617188 -0.45767989754676818848
-0.71446132659912109375 -0.75679820775985717773 -1.39767885208129882812 1.22288310527801513672 1.46247601509094238281 0.91923552751541137695
0.74346393346786499023 -1.14149153232574462891 -1.20830953121185302734 -0.83619493246078491211 0.51748716831207275391 -0.50163805484771728516
-1.70958828926086447986 -0.59385389089584350586 -0.13453632593154898900 1.23313975334167480469 -0.48594650626182550601 -0.80465233325958251953
1.05868184566497802734 -1.17651736736297607422 1.29268944263458229749 0.39896899461746210269 -0.49621266126632690430 0.09667995572090140599
-1.46114075183868408203 -0.18421004712581628970 -0.24935795366764060277 -1.20157957077026367188 1.70724523067474365234 -1.21304380893707275391
0.40071669220924377441 0.25207650661468500308 0.99774396419525157587 -0.33682802319526672363 -0.28864139318466180972 0.40960258245468139648
0.49923565983772277832 -0.42850303649902338199 -0.06747126579284659642 -0.28871026635169977359 -1.04921948909759521484 -0.26959139108657831363
-0.61692011356353759766 0.16549545526504511050 1.71301007270813010486 1.23644208908081032483 0.33621072769165039062 1.49475407600402832031
0.39534133672714227847 1.25881552696228049548 0.53693640232086181641 -0.41746285557746881656 -0.11372630298137660632 0.29256266355514520816
1.73584413528442382812 1.37406849861145019531 1.27717006206512428967 0.56427532434463500977 -1.53645014762878417969 -0.16756962239742279053
1.21963644027709960938 1.22398865222930908203 1.06824493408203125000 0.40006518363952631168 0.25547376275062561035 1.02705407142639160156
1.64080178737640380859 1.21503043174743630139 0.05230225995182990334 1.33730316162109375000 0.85681188106536865234 0.55922544002532958984
-0.27723780274391168765 -0.63778871297836303711 0.90404009819030761719 -1.69358336925506591797 -0.50435400009155273438 -1.39850294589996337891
-0.09168641269206999345 1.06155228614807128906 1.34488487243652343750 1.16397631168365478516 1.26847255229949951172 2.03235626220703125000
-0.32338470220565790347 1.22470664978027343750 1.50375127792358398438 0.63062345981597900391 -1.12962555885314941406 1.44231724739074707031
-1.39389097690582275391 -0.90386575460433959961 0.06741084903478619661 0.89828377962112426758 0.79324609041213989258 -0.43671184778213500977
-0.09621855616569509329 -1.27964341640472389905 -0.55729705095291137695 0.88393479585647583008 0.49693712592124938965 -0.01792032830417149974
1.46940958499908447266 -1.38454496860504150391 -0.39014703035354608707 1.38090097904205322266 0.09388793259859079532 -0.00752917164936659986
-1.58763492107391357422 -1.11053657531738281250 -0.06084803119301789714 0.21108074486255640201 0.47954550385475158691 -1.25486028194427490234
1.41479372978210449219 0.70080918073654174805 -0.35036221146583551578 -0.60872197151184082031 1.45902800559997558594 0.33296653628349298648
1.54329407215118408203 -0.57513439655303955078 1.50358307361602783203 -1.44912755489349365234 -1.08537781238555908203 0.04300732910633080219
1.68885135650634765625 -1.19980025291442871094 -0.62014412879943847656 -0.25286641716957092285 1.05859255790710449219 -0.38397946953773498535
-1.10265243053436279297 1.14153361320495605469 -1.39910769462585449219 -1.62153553962707519531 0.54005873203277587891 -0.82348394393920898438
-0.90201514959335316046 1.29378581047058105469 0.73097681999206542969 0.30943197011947631836 -0.40044367313385009766 0.34122636914253229312
-1.70392751693725608142 -1.63674998283386230469 0.44565212726593017578 0.81934094429016113281 -1.45343780517578125000 -1.16389799118041992188
1.19387805461883544922 0.66038864850997924805 1.11619663238525390625 0.23255072534084320068 -1.39276552200317382812 0.62353032827377319336
-0.54941171407699584961 -0.65407627820968627930 0.97858911752700794562 -0.88872116804122924805 -0.52535110712051391602 -1.34855842590332031250
-0.05385775864124289769 1.57200598716735839844 -0.26692804694175720215 -1.04369974136352539062 -0.78421026468276977539 -0.38724663853645319156
1.54579699039459250720 0.28763616085052490234 -1.04815256595611550061 -0.87556618452072143555 0.18760411441326141357 0.63983941078186035156
-0.16483390331268310547 1.68074345588684082031 1.62089705467224121094 0.05002317577600470105 -0.85879629850387573242 1.23882317543029807361
0.93968939781188964844 0.08659303188323970446 -1.51218712329864501953 1.48687231540679909436 -1.25180411338806152344 2.01464891433715820312
-1.62182402610778808594 0.33306118845939630679 -0.47210317850112909488 0.80687940120697021484 0.15652658045291900635 -0.86370980739593505859
1.34467065334320090564 0.83732122182846069336 -1.46694290637969970703 -0.31136849522590631656 0.63697892427444458008 1.06143438816070556641
1.73432934284210205078 -0.54595923423767089844 -0.01817043125629419845 0.04725947976112360172 -0.01592499390244480131 0.06057963892817490315
0.60629367828369140625 -1.38726842403411887439 1.00363564491271950452 1.36945462226867675781 -1.38839697837829589844 -0.43692821264266967773
0.77483326196670532227 -0.21000021696090689916 -0.66234457492828369141 0.66811519861221313477 -0.14212590456008911133 0.55814701318740844727
1.09985864162445090564 -1.58223378658294677734 -1.41117477416992209704 -0.34648278355598449707 -0.45300999283790588379 -1.23820447921752929688
1.09894955158233642578 0.38991099596023559570 -1.11236655712127685547 -0.86239916086196899414 0.11659619957208630647 0.83502423763275146484
-1.24535250663757324219 1.71384572982788085938 -1.65387904644012428967 0.33019113540649408511 0.59607923030853271484 0.66967159509658813477
-0.02367161586880680083 -0.56319940090179443359 -0.85755699872970581055 -0.09706399589776990022 -0.51304280757904052734 -0.33295571804046630859
1.12094819545745849609 0.40661334991455078125 -0.22684493660926818848 0.59522515535354614258 -1.14913868904113769531 0.78540551662445068359
0.18163506686687469482 0.34508362412452697754 -0.97936451435089122430 0.00302883214317260004 0.68236577510833740234 0.92507892847061157227
-1.19490051269531250000 -0.75362557172775268555 -1.53807365894317649158 1.52129006385803222656 -0.44028612971305841617 0.41604954004287719727
-1.03318202495574951172 0.20307388901710510254 1.26215076446533203125 1.67876505851745605469 1.40135002136230490954 0.81951546669006347656
-1.59671258926391601562 1.49577200412750244141 0.04382652044296259791 0.34647247195243829898 -0.03869502246379850213 -0.85260194540023803711
0.44082611799240112305 1.07566285133361816406 0.78711473941802978516 0.14294861257076260652 -0.79426181316375732422 0.86957353353500366211
0.13104453682899469547 -1.56329715251922607422 0.95813614130020141602 -1.60548591613769509046 0.78089737892150878906 -1.49985325336456298828
-1.58275437355041503906 1.20761013031005859375 -1.11269736289978049548 -0.47068414092063898257 -1.34666442871093750000 -1.36389386653900168689
1.15649747848510742188 1.02146959304809570312 1.13143813610076904297 0.93143624067306518555 1.23589575290679909436 2.05574560165405273438
1.09597063064575195312 1.08199763298034690173 1.61569404602050781250 1.15081763267517089844 -0.71360701322555541992 1.65407347679138183594
-0.13055036962032309789 -0.36607998609542841129 -0.70783990621566772461 0.30889436602592468262 -0.19616711139678949527 -0.19644516706466669254
0.94566094875335682257 -1.22739124298095703125 1.58374059200286887439 -0.94690805673599243164 -1.25724208354949951172 -1.10914111137390136719
1.00558328628540039062 -1.41035294532775878906 0.68121653795242309570 -0.97318512201309204102 -1.59523153305053710938 -1.78465318679809570312
0.10337012261152260517 -1.59932279586791992188 -1.48524785041809082031 -1.27652025222778320312 0.28981018066406250000 -1.22415935993194580078
1.57882499694824218750 -1.12467956542968750000 -0.77700948715209960938 -1.38934183120727539062 -1.00184690952301047595 -1.68232798576354980469
-0.07932924479246139526 -1.14980423450469970703 -1.45155775547027610095 -1.11922824382781982422 -1.43080687522888183594 -0.98648506402969360352
0.85599052906036376953 -0.30287969112396240234 0.26733657717704767398 1.53233635425567649158 0.62630987167358398438 1.41881358623504638672
-1.52811586856842041016 0.57808297872543334961 -0.95086109638214122430 1.12525236606597900391 0.76891195774078369141 0.03841429203748700227
1.33137655258178710938 0.19535134732723230533 -1.51352095603942871094 -0.10577461868524550004 -0.92465335130691517218 1.16804897785186767578
0.32223728299140930176 -0.53101545572280883789 -1.12771117687225341797 -1.04988312721252441406 1.74697434902191162109 0.48947736620903009586
0.61244642734527587891 1.59430265426635742188 1.29175674915313720703 0.47335597872734069824 -0.47102153301239008121 1.13370013236999511719
-1.12773644924163818359 0.04157639667391770100 0.17586818337440490723 -0.15118132531642911043 -0.69282621145248413086 -1.16057586669921875000
0.19652171432971948795 -0.22685609757900229710 -0.16132417321205139160 -0.06593579053878780016 0.56033450365066528320 -0.12415788322687139333
-1.08641016483306884766 1.30677080154418967517 -0.91015994548797596320 -1.52517318725585937500 -0.02265045791864389937 -1.46250975131988525391
1.10089218616485595703 0.58533078432083129883 1.31303596496582031250 -0.80301946401596069336 -0.08124419301748270206 0.73410969972610473633
0.97414761781692504883 -0.75582796335220336914 1.04746699333190917969 -0.01518847979605189927 1.57232642173767089844 0.57884043455123901367
1.72383630275726318359 -1.10376298427581809314 0.14621874690055838841 -0.86275839805603027344 0.29289484024047851562 -0.78225392103195190430
-0.85359692573547363281 -0.14782233536243438721 0.17733621597290039062 -0.74278342723846435547 -0.54785358905792236328 -1.33433234691619873047
-0.93754863739013682977 0.48271143436431879215 -1.26964712142944335938 -1.07807040214538552014 0.79209691286087036133 -0.30861452221870422363
0.34387373924255371094 -0.24518017470836639404 0.74637389183044433594 0.49772393703460687808 0.49963909387588500977 0.64691299200057983398
0.91307753324508678094 0.99420136213302601202 -1.64136731624603271484 -1.61877894401550292969 -1.70310676097869873047 0.03991927579045290164
-0.67433106899261474609 0.07083158195018759984 0.18553900718688959293 -0.24929353594779959935 1.24840116500854492188 0.01974849589169019870
0.23632946610450739078 0.04535769671201699688 0.91755294799804676398 -1.71042084693908691406 -0.99914312362670898438 -0.63766938447952270508
-0.40306192636489868164 -1.65195035934448242188 -0.28527224063873291016 1.38212275505065917969 -0.14019288122653961182 -0.65431815385818481445
-1.32653725147247314453 -1.16656184196472167969 1.48808884620666503906 1.64891457557678222656 1.19893813133239768298 0.95411789417266834601
1.02553975582122802734 1.73381352424621582031 0.33243876695632929019 0.06369863450527189774 -1.53763723373413085938 -0.35482060909271240234
-0.24234819412231439761 1.55336904525756835938 0.83555942773818969727 -1.52083230018615722656 -1.31288242340087890625 -0.34784415364265441895
0.29070240259170532227 1.38760781288146950452 -0.12158674746751779727 -0.95717322826385498047 -0.98643922805786121710 -0.10946709662675850605
0.45002174377441400699 1.53070688247680664062 1.43309414386749289783 0.63392734527587890625 -1.44569122791290283203 1.09213447570800781250
-0.24385726451873779297 -1.18548715114593505859 0.19537696242332450169 0.25218230485916137695 0.88528335094451904297 -0.38721010088920587711
1.65139150619506835938 -0.09737850725650780415 -1.21942472457885742188 -0.26912146806716918945 1.43089938163757324219 1.20051336288452170642
-0.02812363766133780044 -1.25793361663818359375 0.09665987640619269627 1.41861903667449951172 0.95926141738891601562 0.22054077684879300203
-1.23909330368041992188 -1.22734904289245605469 1.31084060668945312500 -1.46187567710876464844 -1.42120659351348876953 -1.97266817092895507812
-1.41953670978546142578 0.70125973224639892578 -0.01348858140408989992 1.00165510177612304688 -0.34673202037811279297 -1.04696869850158691406
0.69600313901901245117 -1.28122198581695556641 -0.44610911607742309570 0.75800174474716186523 -0.98106104135513316766 -0.61610144376754760742
1.15309679508209250720 1.48330235481262207031 1.06480479240417480469 -0.21369031071662900056 -0.79948365688323974609 0.03349538519978519785
-1.15133488178253151624 -0.87784862518310546875 -0.51659691333770751953 0.98754578828811645508 0.89640104770660400391 -0.42334255576133728027
0.53556334972381591797 0.51166486740112304688 1.24048078060150168689 0.09124176949262610692 -0.65509623289108276367 0.72011476755142211914
0.88175100088119506836 0.07128398865461349487 1.21215736865997314453 -0.48719403147697448730 -0.20338809490203849095 0.85252779722213745117
-0.12091305851936340332 0.20745319128036499023 -0.23874996602535239476 -0.35831299424171447754 1.40852868556976318359 0.24132466316223138980
0.78871268033981323242 0.17780919373035430908 -1.19127786159515380859 -0.34305265545845031738 -1.46787953376770019531 0.49446225166320800781
1.22270572185516357422 -0.54663419723510742188 -0.95121198892593383789 1.53597724437713623047 -1.44561362266540527344 0.69976168870925903320
0.80504077672958374023 -1.10651159286499023438 1.06662714481353759766 -0.45548215508460998535 -0.04366133362054819972 -0.39855259656906127930
0.57581281661987304688 0.62856304645538330078 1.48347759246826149671 0.33272710442543029785 0.07042764872312540225 1.48747014999389648438
-1.00263679027557350842 0.27607080340385431461 -0.28686934709548950195 0.02407361939549439861 -1.22711610794067382812 -0.88438767194747924805
-0.24216692149639129639 -0.03681252524256699993 -1.10159075260162353516 1.66004037857055664062 -0.26273939013481140137 0.99447715282440196649
0.61850100755691528320 -0.88540583848953247070 -0.31558826565742492676 -1.50093531608581542969 -1.04330635070800781250 -1.31283700466156005859
-1.27731227874755859375 1.36173629760742209704 -1.65161836147308349609 -0.97583532333374023438 1.24637913703918457031 0.51376736164093017578
0.09182003885507579455 0.59616899490356445312 0.15757776796817779541 1.67938888072967529297 -0.32777681946754450015 1.31527125835418701172
-1.40148425102233886719 1.13699805736541770251 1.46819996833801269531 -0.10143685340881339330 -0.89824509620666503906 -0.09267652034759520097
-1.26985144615173339844 0.09020847827196119828 0.23694911599159240723 0.50712615251541137695 -0.23317849636077880859 -0.77384418249130249023
0.29796075820922851562 -0.87099134922027587891 1.64593386650085449219 0.62236225605010986328 0.90390527248382557257 1.22124755382537841797
-1.41118657588958740234 0.07602324336767189716 0.51692217588424682617 0.18856289982795709781 -1.13357365131378151624 -1.18318676948547363281
-1.45360922813415527344 -0.46029302477836608887 -0.35002893209457397461 -1.01475501060485839844 -0.17637979984283438939 -1.68164205551147460938
-0.76621669530868530273 -1.53204846382141113281 1.43009817600250244141 -1.60269224643707275391 0.46531301736831659488 -1.19760251045227050781
0.50951600074768066406 -1.03225493431091308594 0.91121923923492442743 -1.25878989696502685547 -0.46914064884185791016 -1.40662074089050292969
-0.67023485898971557617 0.34019795060157770328 -0.98903596401214599609 -0.46877527236938471011 -1.63275420665740966797 -0.62104570865631103516
-1.19095432758331298828 -0.46573904156684869937 -1.44814646244049072266 -1.22725617885589599609 1.44893538951873779297 -0.58935999870300292969
0.30819863080978388004 0.71934753656387329102 0.03949533402919760267 0.72125810384750366211 -0.70969724655151367188 0.80565267801284790039
0.42708909511566162109 0.45894259214401239566 -1.42444014549255371094 -1.38106000423431396484 1.10823035240173339844 0.75150460004806518555
1.59958481788635231702 1.51814854145050048828 0.53683030605316162109 1.48305606842041015625 0.88788694143295288086 0.22056600451469421387
-0.19889311492443079166 -0.75753957033157348633 -0.24113753437995910645 1.13911128044128417969 0.17424729466438290681 0.14783093333244320955
-1.34044504165649391858 1.51989960670471191406 -0.70585942268371582031 0.03462715446949000270 -1.63555157184600830078 -0.97870093584060680048
0.63333415985107421875 0.52858805656433105469 -1.01792752742767311780 0.13009065389633178711 -1.13128662109375000000 0.67168939113616943359
0.24669101834297180176 -0.20918585360050198640 -0.01308650802820920077 -1.70054745674133300781 -0.37495419383049011230 -0.94064635038375843390
-0.66934233903884887695 -1.33063292503356911389 -0.44809409976005548648 0.14906151592731470279 1.18770611286163330078 -0.75372821092605590820
-1.06220245361328125000 -1.16756677627563476562 0.44364121556282037906 -1.01948571205139160156 -0.52261257171630859375 -1.64818334579467751233
-0.95255261659622203485 -0.19772352278232568912 1.02905058860778808594 -1.45585703849792480469 0.46200051903724670410 -1.34720873832702636719
-1.25353264808654807361 -1.31020832061767578125 1.09478116035461447986 1.54288458824157714844 0.69689297676086425781 0.24384945631027218904
-0.01231938600540159919 0.63237875699996948242 0.52095973491668701172 1.27905917167663552014 -1.69954895973205566406 0.38093838095664978027
0.60355418920516967773 0.96427464485168457031 1.56698536872863769531 -0.08562324196100229434 1.14610183238983154297 1.56718778610229492188
-0.19143016636371609773 0.13175030052661890201 -0.94843751192092895508 0.40129336714744567871 1.25264418125152610095 1.00693082809448242188
-0.39355611801147460938 0.56279796361923217773 0.96750342845916759149 -1.50489675998687744141 -0.63571465015411376953 -0.74823051691055297852
0.24397280812263488770 0.20528218150138849429 0.81866300106048583984 0.68949288129806518555 1.31375396251678489001 1.28579747676849365234
-0.61612236499786376953 -1.25159537792205810547 -0.93317770957946777344 -0.57488715648651123047 1.57363688945770263672 -0.73019725084304809570
-0.29097974300384521484 -0.06389343738555899876 0.96068245172500599249 -0.14984546601772300023 -1.28640973567962646484 -0.61156576871871948242
1.57507121562957763672 -1.53706014156341552734 0.70551502704620361328 0.56377422809600830078 0.78758251667022705078 -0.52388024330139160156
0.73708754777908325195 1.63577103614807128906 0.08302266150712959980 -0.30993366241455078125 -1.09451520442962646484 -0.14386594295501708984
1.66061758995056152344 -0.49485144019126892090 -0.77248084545135498047 0.21994085609912869539 -0.84590166807174682617 0.43063673377037048340
1.47892057895660400391 -0.67845785617828369141 -0.90446162223815917969 1.42426288127899169922 -0.03424364700913420240 1.17272639274597167969
1.62457942962646484375 -1.13948905467987060547 0.33767679333686828613 1.39575338363647460938 -0.55651420354843139648 0.19181588292121878880
-0.27127805352210998535 0.95353919267654418945 -1.56110966205596923828 0.04936557635664939880 -0.97774755954742442743 0.72000706195831298828
-0.36227157711982721500 -1.08541834354400634766 -0.64925789833068847656 1.66045570373535156250 0.94730502367019642218 0.46873128414154052734
1.35933220386505126953 -1.19755828380584716797 0.87944447994232177734 1.23644840717315673828 -1.46410894393920898438 -0.26491609215736389160
-0.32292240858077997379 0.23938791453838340062 -1.68287384510040283203 1.41711580753326416016 -0.84314775466918945312 0.97144532203674316406
-0.88532769680023193359 -1.64557087421417236328 -0.28631612658500671387 -0.31234529614448547363 1.56762075424194335938 -0.79386842250823974609
-0.41777202486991882324 1.21097528934478759766 -0.55848854780197143555 -0.11395637691020960025 0.82222521305084228516 0.22440095245838159732
-1.37492644786834716797 -1.43020808696746848376 1.64847230911254882812 -0.60341823101043701172 -0.42292797565460199527 -0.75851875543594360352
-1.10555279254913330078 -1.52691817283630371094 -1.13922488689422607422 -1.50016915798187255859 -1.16905307769775390625 -2.06115698814392089844
1.26651239395141601562 -1.58406281471252441406 1.70490384101867675781 1.54910790920257568359 -1.54342031478881835938 0.14326007664203641023
-0.86225843429565429688 0.92316013574600219727 -0.39750853180885309390 -1.64237403869628906250 -1.34832835197448730469 -1.33668124675750710217
-0.98551529645919799805 1.09135806560516357422 -1.04191148281097389905 -1.42959225177764892578 -1.31304204463958740234 -0.97671729326248157843
0.80027079582214355469 1.59389615058898925781 0.49485036730766290836 -0.15371583402156829834 -1.11412680149078369141 -0.21074067056179041080
0.81264716386795043945 0.35146290063858032227 -1.62884497642517089844 -1.27525687217712402344 0.37065169215202331543 0.49389564990997308902
-1.63445544242858886719 -1.63943076133728049548 0.74583643674850463867 1.03123915195465087891 -0.37470704317092889957 -0.65740758180618286133
1.55260992050170898438 -0.12246558070182800293 -0.16537679731845850162 -0.78193306922912597656 -0.39382871985435480289 -0.11220212280750270495
0.43519270420074457340 1.44752943515777610095 0.18140636384487149324 -0.45484659075736999512 1.07544851303100608142 0.40331986546516418457
-1.19400465488433837891 1.58196771144866943359 1.54267084598541259766 -1.07642495632171630859 0.65579158067703247070 -0.27128413319587707520
0.29008233547210687808 1.34289479255676269531 1.02824914455413818359 -0.47579386830329889468 0.28337591886520380191 1.09024858474731445312
0.96258932352066040039 0.88641452789306640625 -1.13287985324859619141 0.49903762340545648746 1.17899048328399658203 1.26980936527252197266
-0.95687365531921397821 1.57716000080108642578 -1.27014803886413552014 1.50009059906005859375 -1.03654110431671142578 1.19260966777801513672
-0.46252068877220148257 0.17162919044494628906 -0.70206046104431152344 -0.32798910140991210938 -0.92991626262664794922 -0.41380104422569269351
0.99322634935379039423 1.54283332824707031250 -0.42845955491065979004 1.13880145549774169922 0.33085578680038452148 1.17138183116912841797
-1.68633985519409179688 0.40059036016464227847 -0.64584088325500488281 -1.52988708019256591797 -1.30016136169433593750 -2.35811138153076171875
1.05519354343414306641 1.31889045238494873047 0.83847910165786743164 -1.37902987003326416016 1.61865186691284179688 -0.03224509209394450099
0.85779911279678344727 0.77829074859619140625 1.41963624954223632812 0.93714398145675659180 -0.64006590843200683594 1.58532154560089111328
-1.03413403034210205078 1.16843700408935569079 0.98836195468902598993 -1.07807421684265136719 1.56001555919647216797 0.03062253259122369939
1.16968572139739990234 -0.99924868345260620117 -1.10187256336212158203 1.29315364360809326172 0.78498536348342895508 1.15198123455047607422
-1.01520526409149169922 0.93182522058486938477 0.29406177997589111328 1.67361938953399658203 1.70778024196624755859 1.11394548416137695312
-0.79557234048843383789 1.44478249549865722656 -0.14633600413799280338 -1.07331764698028564453 -1.59275460243225097656 -1.53932249546051047595
-0.29905211925506591797 0.64780110120773315430 1.59410834312438964844 -0.27914735674858087711 0.85196846723556518555 1.11488258838653564453
-1.49886465072631835938 0.20701500773429870605 -1.46889305114746093750 0.21218982338905328922 0.78143173456192016602 -0.09127795696258539371
-0.68599182367324829102 0.59213048219680786133 0.64346188306808471680 0.81850779056549072266 0.22534239292144769840 0.39202606678009027652
1.66519308090209960938 0.46938306093215942383 -0.53031718730926513672 0.11601687222719189729 -1.38622474670410156250 0.59571880102157592773
-1.48980915546417236328 1.22852492332458496094 -0.79006493091583251953 0.59232521057128906250 1.01947414875030517578 -0.44849398732185358218
0.82104504108428955078 -1.07394635677337646484 -1.58671903610229492188 1.02872443199157714844 -0.29077485203742980957 0.87944269180297851562
-0.13117045164108270816 -0.85021692514419555664 -0.33563667535781860352 -1.59373974800109863281 1.36475419998168967517 -0.97116470336914062500
1.73945605754852294922 0.38720700144767761230 -0.99342542886733997687 0.25729280710220331363 -1.56651675701141357422 0.63254165649414062500
-0.51330798864364624023 -0.72291272878646850586 0.23264430463314050845 1.13229048252105712891 -0.48118594288825988770 -0.18007175624370569400
0.48771136999130249023 0.97572970390319824219 -1.41384112834930419922 1.41899323463439941406 0.31758776307106018066 2.31936073303222656250
-0.27043727040290832520 -0.99951136112213123663 0.46180316805839538574 -1.30306100845336914062 0.03180364146828650040 -1.39007854461669921875
-0.92525738477706920282 -0.76323044300079345703 -0.66050326824188232422 0.45577991008758539371 -0.57153362035751342773 -0.67511487007141113281
-0.70877772569656372070 1.74370276927947998047 1.29196846485137939453 1.22870171070098876953 1.18258416652679443359 1.95589542388915993421
0.56146490573883056641 0.31089496612548828125 0.77938669919967651367 0.45017194747924799136 -0.47256886959075927734 0.62617492675781250000
1.02903163433074951172 -1.13552284240722656250 -1.18581068515777610095 -0.94605618715286243781 0.79561752080917358398 -0.39236071705818170718
-1.72541034221649169922 0.66108602285385131836 -0.68780541419982910156 0.01852960325777529976 -1.50524199008941650391 -1.18910002708435058594
-1.31827032566070556641 1.24318242073059082031 0.83888065814971923828 1.53497231006622314453 -1.51426315307617209704 -0.17119322717189788818
1.51532673835754394531 -0.62670391798019409180 -0.33951443433761591129 0.80254453420639038086 -1.66163134574890136719 0.36917993426322931461
-1.45361125469207763672 1.55019402503967285156 0.15791884064674369115 -0.04508135840296739749 1.53232884407043457031 -0.29588049650192260742
1.18395209312438964844 1.29584217071533203125 -0.23979367315769190006 -1.58835589885711669922 -1.19063770771026589124 -1.05356740951538085938
-1.10544264316558837891 -1.50235843658447287829 -1.42268276214599609375 0.90071302652359008789 -0.36887305974960321597 0.21134434640407559480
0.06891647726297370213 -0.08647970855236050691 1.21402645111083984375 -1.57384371757507324219 -1.07335066795349121094 -0.79360783100128173828
-0.38954392075538629703 -0.04209989309310910310 -0.00785355083644389933 -0.21730676293373099583 -1.17834079265594482422 -0.65021616220474243164
-1.60964024066925048828 1.23954725265502929688 -1.51278448104858398438 0.30937516689300531558 -1.36663377285003662109 -0.56667709350585937500
-0.54069715738296508789 1.52560210227966308594 -1.28771054744720458984 -0.81074076890945434570 -1.43777275085449218750 -0.30725181102752679996
-0.15300345420837399568 -1.50633585453033447266 1.70360195636749289783 0.39381840825080871582 0.92877495288848876953 0.14173798263072959203
0.70630395412445068359 0.90942531824111938477 -0.57489585876464843750 1.58353912830352783203 -0.88954758644104003906 1.21981084346771240234
0.14321230351924890689 1.75505268573761008533 -0.16728706657886499576 1.49165713787078857422 -1.14356005191802978516 1.16602027416229248047
-0.44248691201210021973 0.15948925912380210179 -1.06705725193023681641 -1.22514963150024391858 1.23406338691711447986 -0.32730418443679809570
0.89500874280929565430 0.49645313620567321777 -1.44594478607177712171 -0.09688032418489450626 -0.73053097724914550781 1.20039927959442138672
-1.29347836971282958984 1.12249588966369628906 -0.17805026471614829320 -0.69173943996429443359 1.00836074352264404297 -0.60487985610961914062
-0.49743342399597167969 -0.32259619235992431641 -0.29468524456024169922 0.87560731172561645508 -1.68833017349243164062 -0.60781532526016235352
0.66388803720474243164 0.53757858276367187500 -1.20146751403808593750 -1.52911174297332763672 1.66665267944335937500 0.91101390123367320673
0.41923046112060541324 0.90440750122070323602 -1.18708527088165283203 1.10159659385681152344 0.78278315067291259766 1.77340364456176757812
-1.19778704643249511719 0.95437788963317882196 -0.12669683992862698640 -0.58309525251388549805 0.76499861478805541992 -0.66678339242935180664
-1.53387570381164550781 0.32470715045928949527 0.47910946607589721680 -1.61182975769042968750 -1.05012071132659912109 -2.13893651962280273438
0.54587870836257934570 0.37930905818939208984 -1.05580127239227294922 -0.79636472463607788086 -1.54725015163421630859 0.00428092060610649975
0.47289651632308959961 1.01482880115509033203 0.26421231031417841129 -1.67833173274993896484 0.38830778002738952637 -0.18927225470542899388
-0.03840458020567889819 -1.64639317989349365234 0.58640557527542114258 1.58401978015899658203 0.44292956590652460269 0.02339215762913220142
-1.24645566940307617188 -0.14031997323036191072 -1.35189914703369140625 -1.04960703849792480469 0.91049474477767944336 -0.86939591169357299805
-1.17928445339202880859 -1.31258296966552712171 -1.16089165210723876953 0.81070059537887573242 0.49545839428901672363 -0.11725845187902450562
-0.48203045129776000977 -1.33792006969451904297 1.11560595035552978516 -1.12008512020111083984 -1.01997780799865722656 -1.15959644317626953125
-0.26790726184844970703 0.66811817884445190430 1.66211819648742675781 -1.05239784717559792249 -1.28383076190948486328 0.12088353186845779419
-0.29729047417640680484 -1.27910757064819335938 1.13921344280242919922 0.11608035862445829911 0.93218040466308604852 -0.20708501338958740234
-0.31163099408149719238 -1.60281085968017578125 1.20682835578918457031 1.14747941493988037109 1.09918355941772460938 0.30039632320404052734
-0.17055545747280120850 -0.68768846988677978516 0.52598851919174194336 -1.71078348159790039062 1.73419117927551269531 -0.61484646797180175781
1.51411497592926047595 -1.31279397010803222656 -1.05284154415130615234 0.04538059979677200317 1.07059919834136962891 0.08869486302137369327
1.07266652584075927734 -1.33491337299346923828 0.93535023927688598633 0.55279380083084106445 1.04104959964752197266 0.11955563724040979556
-0.29226720333099359683 0.85600924491882324219 -1.70223724842071510999 0.83069270849227905273 -1.48654496669769287109 1.51744389533996582031
-0.46293127536773681641 0.33273115754127502441 1.23352634906768798828 -0.99076783657073963507 -0.65226936340332031250 -0.51779806613922119141
-1.62880229949951149671 1.16878700256347656250 -0.39999124407768249512 -0.98433929681777965204 -0.37199342250823969058 -1.26179993152618408203
-0.97146451473236083984 1.24286174774169921875 -0.04257799685001369822 0.13498991727828979492 -1.64556634426116943359 -0.73338139057159423828
0.33590674400329589844 0.85350888967514038086 1.12587904930114768298 0.35213613510131830386 -1.33037412166595458984 0.77020072937011718750
-1.51978957653045632092 -1.03260123729705810547 0.44344717264175409488 -0.01491721626371140044 -1.68674218654632568359 -1.85153198242187500000
-0.85931116342544555664 1.25146472454071044922 -1.29959154129028320312 0.08199358731508249454 -0.67568063735961914062 0.00571404537186019981
-0.28224807977676391602 1.10567557811737060547 1.25433635711669921875 -0.53483784198760986328 1.68835222721099831311 0.83435070514678955078
1.52035570144653320312 -0.40188655257225031070 1.40827190876007080078 1.67382109165191650391 -0.07479300349950790405 1.90644025802612304688
0.83221685886383056641 1.26052284240722656250 -0.68725794553756713867 0.78307986259460449219 -0.22246387600898739900 0.98559010028839122430
0.19658030569553369693 0.61876422166824340820 1.48753952980041503906 -1.29805111885070800781 -0.23618252575397488680 0.01673331670463079970
0.02701388485729689856 0.20522591471672049779 0.11926127970218650121 1.30140638351440429688 0.71953582763671875000 1.34967470169067382812
-1.55503547191619873047 -0.91180729866027843133 -1.42989790439605712891 1.65585052967071510999 -0.88969844579696655273 0.38734069466590881348
0.96419221162796020508 1.48199367523193359375 -0.07886970788240429964 0.47600328922271728516 1.56877827644348144531 0.82901179790496826172
-0.37865155935287470035 1.43419587612152099609 0.61551409959793090820 -1.08233880996704101562 -0.27814251184463500977 0.13591061532497400455
-0.56911867856979370117 -1.06260097026824951172 0.40817970037460321597 -1.17093944549560569079 -1.07184278964996337891 -2.06789159774780273438
0.30681303143501281738 0.07179177552461619982 -0.00081055553164330004 -0.27120420336723327637 -1.00552618503570556641 -0.08362066745758049702
0.60084480047225952148 0.76047241687774658203 0.21667042374610900879 -0.99360710382461558954 0.82435631752014160156 0.01865370012819760059
1.23267817497253417969 -0.27905124425888061523 1.13904023170471191406 -0.07697985321283340454 0.66784209012985229492 0.91956937313079845087
1.27229797840118408203 -1.17030358314514160156 -0.19211177527904510498 0.57813680171966552734 -1.38312447071075439453 -0.76104879379272460938
0.40343737602233881168 1.29961204528808593750 1.37345910072326660156 0.92007690668106079102 1.67377769947052001953 2.16223764419555664062
0.56340646743774414062 -0.46361544728279108218 0.95645612478256236688 -0.32870790362358087711 0.88653326034545898438 0.27626383304595947266
0.12653191387653350830 1.58363032341003417969 0.45204597711563110352 0.14871837198734280672 1.65373253822326660156 1.36577951908111550061
0.43604278564453119449 1.02365756034851074219 0.32740992307662958316 -1.13006770610809326172 -0.38260403275489801578 0.13393659889698020238
0.26480478048324579410 1.14140343666076660156 -0.59600800275802612305 -0.97386378049850463867 -1.13532125949859619141 -0.37520995736122131348
-1.00757646560668967517 0.13271257281303400211 1.48092007637023925781 0.20959869027137750797 -1.32715415954589843750 -0.05325637385249130246
-0.34260779619216918945 -1.14483904838561989514 -0.06568025797605510363 -0.25198334455490112305 -0.35963934659957880191 -0.90447211265563964844
-1.31811869144439697266 0.42125076055526727847 1.63346707820892311780 -0.30851525068283081055 -1.48448014259338378906 -0.71099364757537841797
-1.03717017173767089844 0.88026416301727294922 -1.08522653579711914062 -1.08539330959320090564 1.67063963413238525391 0.12957775592803949527
1.46386063098907470703 -0.56562054157257080078 -0.92867600917816162109 -0.27160146832466119937 -1.61213445663452170642 -0.00867920275777570027
-0.95126265287399280890 0.00904534477740519954 1.48746025562286376953 1.10790681838989257812 1.50674164295196510999 1.31689739227294921875
0.77912348508834838867 -1.37286233901977539062 0.82304537296295166016 -1.60196924209594726562 1.27707540988922119141 -1.47041428089141845703
-0.04050536453723899838 -1.00352060794830322266 -0.23127235472202301025 -0.50570958852767944336 1.58355391025543190686 -0.56127721071243286133
0.82869386672973632812 -1.33979761600494384766 -0.96815520524978637695 -1.28296148777008056641 -1.16051661968231201172 -1.87824535369873046875
-1.73919832706451416016 -0.32883149385452270508 0.44685590267181390933 0.65734773874282836914 -0.78424715995788574219 -1.15303623676300048828
0.32717043161392211914 0.68790316581726074219 -0.58773994445800781250 0.18055291473865509033 1.14915323257446289062 1.24538755416870117188
-0.87703186273574829102 0.07857844978570929784 0.03766921907663339786 0.70878970623016357422 -0.79971712827682495117 -0.41848117113113397769
-1.56337702274322509766 0.53823834657669067383 1.42479860782623291016 0.01230350136756890034 0.20085659623146048802 -0.52364295721054077148
1.46298635005950927734 -1.61615395545959472656 1.49384486675262428967 0.93797361850738525391 -1.26417291164398193359 -0.30760300159454340152
0.87227815389633178711 1.48470032215118408203 -1.10170972347259521484 -0.64051240682601928711 0.15444022417068478670 0.17838670313358301334
-1.36506617069244384766 1.44774472713470458984 1.67865622043609619141 1.25660872459411621094 0.95434206724166881219 1.05277705192565917969
0.26972076296806329898 1.05626368522644042969 0.87932240962982177734 -1.01480817794799804688 1.30993044376373291016 0.49157309532165527344
-1.55167376995086669922 0.75114458799362182617 -0.16602508723735809326 -1.02196443080902099609 -0.69557273387908935547 -2.02164649963378906250
1.55293595790863037109 0.20296329259872430972 -1.05412244796752929688 0.17686228454113001041 -0.39928331971168518066 1.13562774658203125000
-1.28499317169189430921 -0.95200312137603759766 0.01315524987876410049 0.38354283571243280582 -1.06322467327117919922 -1.09352266788482688220
-1.14564251899719238281 0.78794538974761962891 0.77774345874786376953 -1.47447264194488525391 1.77048504352569580078 -0.65063327550888061523
-1.10224163532257080078 -1.08317434787750244141 -1.27453851699829101562 0.66636413335800170898 -0.59352695941925048828 -0.35722634196281427554
-0.81027728319168090820 -1.03925800323486328125 0.99995923042297363281 -0.10290119796991339940 -0.94109779596328735352 -1.30908310413360595703
-0.30535456538200378418 0.33721467852592468262 1.60820937156677246094 -1.21483874320983886719 0.40370666980743408203 0.26762273907661437988
-1.15213501453399658203 1.59783005714416503906 -1.54524445533752441406 -0.00307579641230399997 1.23242485523223876953 1.02194571495056152344
-0.52613198757171630859 -0.50053989887237548828 1.70283257961273193359 -0.05062085762619970147 -1.25937783718109130859 0.09940260648727410053
1.29294049739837646484 0.50221800804138183594 -0.90735626220703125000 0.98710596561431884766 1.06148350238800048828 1.77939879894256591797
-0.15941895544528961182 -0.87089598178863525391 0.54448139667510986328 -1.00625514984130859375 0.53754544258117675781 -1.12195408344268798828
-1.67685353755950927734 0.19875657558441159334 0.05441169813275330280 0.78435802459716796875 -1.28658545017242431641 -1.35050237178802490234
-0.73364710807800292969 0.23039552569389340486 -1.06140625476837158203 -0.39869028329849237613 -0.86923074722290039062 -0.49676513671875000000
1.44848024845123291016 0.40497034788131708316 1.37009489536285400391 -1.40399968624114990234 0.59626412391662597656 0.62621724605560302734
1.69973409175872802734 -0.49980074167251581363 1.71337676048278808594 1.66341269016265869141 -0.48549735546112060547 1.96657979488372802734
-0.59850716590881347656 0.97708135843276977539 -1.01327228546142578125 -1.42659604549407958984 0.60553264617919921875 -0.20424388349056241121
-0.13413320481777191162 -0.14392456412315368652 1.01655423641204833984 -0.44700977206230158023 1.27892625331878662109 0.51258903741836547852
0.48240223526954650879 -1.55860674381256103516 1.13478708267211914062 1.53042256832122802734 0.79826605319976806641 0.05727709829807280106
0.18326911330223080721 0.49109345674514770508 -0.38109034299850458316 -0.07208862900733939427 1.42592644691467285156 0.46035146713256830386
-0.93916738033294677734 0.76355606317520141602 1.00096702575683593750 -1.42800581455230712891 -1.46760833263397216797 -1.56119704246520996094
1.28708565235137939453 1.34365200996398925781 0.88520610332489013672 -0.23455379903316489476 1.06719374656677246094 0.14429861307144159488
1.20291602611541770251 -0.10162919014692299580 -0.65132546424865722656 -1.45215487480163552014 0.32169371843338012695 0.05572333931922909822
1.13542902469635009766 -0.88523602485656738281 -0.35383644700050348453 0.15207926928997039795 -0.71779996156692504883 -0.23952972888946530428
-0.57367497682571411133 -1.05881440639495849609 0.38689935207366937808 -0.55885612964630126953 0.68043422698974609375 -1.10090887546539306641
1.22049915790557861328 0.11605887115001670140 -0.74184882640838623047 -1.35117435455322287829 -0.70861059427261352539 -0.29105886816978449039
-1.46103942394256591797 -0.91017979383468639032 0.85135686397552490234 0.29227355122566217593 -1.09715664386749289783 -1.07769238948822021484
1.26501679420471191406 -1.34041380882263183594 0.26441502571105951480 -1.36504936218261718750 0.89983713626861572266 -1.37658166885375976562
0.58092874288558959961 0.04479498043656340162 0.30792227387428278140 -1.13608074188232421875 0.98756659030914317743 -0.58519810438156127930
1.36981773376464843750 1.45902526378631591797 -1.43914902210235595703 -1.31128787994384765625 -0.56913095712661743164 -0.68453639745712280273
0.78014928102493286133 1.06244945526123046875 1.31661224365234375000 -0.75316315889358520508 1.05281984806060791016 1.06541514396667480469
-0.06913166493177409777 -0.86964136362075805664 1.65915155410766601562 -0.80779933929443359375 -1.59606683254241943359 -0.74215936660766601562
0.51567143201828002930 -0.92683655023574840204 -1.35987985134124755859 1.05961382389068603516 1.20300817489624023438 1.25558447837829589844
-0.37949836254119867496 -1.47231638431549072266 0.25721937417984008789 0.79042160511016845703 0.98073905706405639648 -0.71445417404174804688
-1.68053364753723144531 -1.57435345649719238281 -1.40539145469665527344 1.57397031784057617188 -0.00134840118698770000 -0.04955375939607620239
-1.57903587818145751953 0.40763589739799499512 1.64855098724365234375 0.69224292039871215820 1.52144038677215576172 0.41783779859542841129
0.80118578672409057617 0.93909263610839843750 0.53980320692062377930 0.30794614553451538086 -1.40013432502746582031 0.60824781656265258789
0.91657626628875721320 -0.36756694316864008121 1.33993184566497802734 -0.15623587369918820467 1.22821271419525168689 0.83033359050750732422
0.69180428981781005859 0.05120406299829480257 -1.34502530097961447986 -0.06800467520952220568 0.82508492469787597656 1.11281061172485351562
-0.93290269374847401007 0.77336448431015014648 1.03741347789764404297 0.30433869361877441406 0.31205368041992187500 -0.08065585792064659809
1.56328475475311279297 -1.64274370670318603516 1.55222344398498535156 -0.82817709445953369141 -1.18890511989593505859 -1.13663995265960693359
-0.62716728448867797852 1.02201867103576660156 -0.00740162190049880025 0.09810685366392130069 -1.30052697658538818359 -0.15319192409515380859
0.68669253587722778320 0.56574273109436035156 1.02364599704742431641 0.97555828094482421875 -1.65930962562561035156 1.24090647697448730469
-1.39769899845123291016 1.66413903236389160156 1.46486055850982688220 -0.94448226690292358398 -0.98760139942169200555 -1.18365287780761718750
0.70749008655548095703 -1.60757720470428489001 -0.34778210520744318179 -1.31287574768066406250 0.21984295547008508853 -1.95480835437774635999
0.06532381474971769852 0.57380640506744384766 -1.09743881225585937500 -0.33880940079689020328 -1.15961384773254394531 -0.10804066807031630082
0.75916576385498046875 -0.86087602376937866211 0.42477682232856750488 -0.13188774883747100830 1.53964138031005859375 0.46114656329154968262
1.64637970924377441406 -1.47522902488708496094 -1.27849292755126953125 -1.08592474460601806641 0.06829244643449780550 -1.10202717781066894531
-0.25360572338104248047 -0.94196593761444080695 0.47916510701179498843 -0.49077898263931268863 0.74039387702941894531 -0.49263587594032287598
1.32753241062164306641 -1.39120101928710937500 -0.49545741081237787418 -0.44160041213035577945 0.06580714881420129947 -1.03548574447631835938
-0.63304954767227172852 -0.82042324542999267578 0.40203809738159179688 -1.41981887817382790296 -1.53493547439575195312 -2.07797384262084960938
-0.74645316600799560547 -0.16219285130500790681 -0.89106392860412597656 1.70519852638244628906 -1.38815355300903320312 0.38616609573364257812
-0.44276696443557739258 -0.06349184364080419363 0.48411095142364501953 -0.80997753143310546875 0.07929825037717809499 -1.03545975685119628906
1.17261135578155517578 0.87114542722702026367 0.04126269370317450086 0.87663757801055908203 -1.01154518127441406250 0.82711738348007202148
-0.92171734571456920282 0.60177540779113769531 1.13370072841644287109 0.37907162308692932129 0.46944242715835571289 0.45206373929977411441
0.48580738902091979980 0.51816827058792114258 -1.13308930397033691406 -0.32683104276657098941 0.74187076091766357422 1.27388823032379150391
0.84566396474838256836 0.87588727474212646484 -1.61401653289794921875 0.61952936649322509766 1.17966723442077636719 2.41071081161499023438
1.54970896244049072266 0.70557028055191040039 -0.66041439771652221680 0.25308570265769958496 -1.68541479110717751233 0.34154045581817621402
-0.43646389245986938477 -0.83453762531280517578 0.16013383865356439761 -1.51324403285980224609 1.06398665904998779297 -1.77105045318603515625
0.98249280452728282587 -1.04528105258941650391 1.27680194377899169922 1.31200563907623291016 0.77472156286239624023 0.67256683111190795898
0.27536076307296747379 1.13056206703186035156 0.79486936330795288086 0.92156422138214122430 -0.34735590219497680664 1.40723228454589843750
0.47944521903991699219 -0.88656210899353027344 -1.03407132625579833984 0.49542903900146478824 -0.48209825158119201660 -0.24751371145248410310
-1.06674408912658691406 -1.48232579231262207031 -1.31644511222839355469 -1.04580605030059792249 -0.02442923747003070134 -1.37835562229156494141
-0.62546014785766601562 -0.22281046211719510164 0.25987857580184930972 -0.80797970294952392578 0.58970594406127929688 -1.09117805957794189453
-1.68832051753997802734 -1.22836744785308837891 0.33455854654312128238 1.07365775108337402344 0.40952554345130920410 -0.55983006954193115234
-1.37278497219085693359 -1.52378535270690917969 -0.34013757109642028809 1.37575042247772216797 -0.19024240970611569490 -0.70951873064041137695
1.48368108272552490234 0.58751285076141357422 -0.04856499657034869799 0.50148081779479980469 0.02726627700030799864 1.19767880439758300781
0.61052262783050537109 1.02087891101837158203 -0.09155246615409849686 -1.13171052932739257812 0.46289795637130737305 0.12666930258274070042
1.13298332691192649158 0.42786520719528198242 -0.50141316652297973633 -0.41635760664939880371 -1.39628171920776367188 0.04932625964283939707
-1.62506484985351562500 -0.74192804098129272461 -0.32698979973793029785 1.45949053764343261719 0.08154322952032079519 -0.29975005984306329898
-0.36902159452438348941 -0.30349028110504150391 0.64207673072814941406 -1.20450770854949951172 1.62389373779296875000 -0.70054525136947631836
-1.52485084533691406250 1.55897843837738037109 -1.44203364849090576172 -1.01639664173126220703 -0.31322383880615228824 -0.79783034324645996094
-0.05823398754000660288 -0.56902694702148437500 1.35555565357208229749 0.61238670349121093750 0.75272679328918457031 0.78018045425415039062
1.30375874042511008533 0.90992885828018199579 0.16916814446449279785 1.55609560012817382812 1.76161861419677712171 1.47204518318176269531
-0.32423597574234008789 -0.25688639283180231265 1.26377713680267311780 0.12649810314178461246 -0.59257310628890991211 0.01414489280432459917
-1.48446691036224365234 -0.05589032918214790341 0.19558143615722650699 0.58858233690261840820 -1.59773063659667968750 -0.84494727849960327148
1.31379032135009765625 1.44305014610290527344 1.00923693180084250720 -0.34967914223670959473 0.71003139019012451172 0.09147061407566070557
1.04813218116760231702 -1.22724401950836181641 0.18303431570529929417 -0.01150596141815179996 -0.43649622797965997867 -0.86121892929077148438
-1.06351947784423850329 -0.19554525613784790039 -1.69720923900604248047 1.63179314136505126953 -1.00109314918518088611 0.96503496170043956415
0.84811997413635253906 -0.24866326153278350830 -0.03722592815756790158 1.70098018646240234375 -0.19494205713272089175 1.24023735523223876953
0.73045313358306884766 1.70843267440795898438 -1.49575090408325195312 0.80196768045425415039 1.46201896667480490954 1.93625199794769287109
0.08056621253490439671 -1.65786945819854736328 -1.18559205532073952405 -0.72249096632003784180 -0.40058785676956171207 -1.24150240421295166016
-0.89614278078079223633 -0.15109823644161218814 1.54511296749114990234 -1.31965315341949462891 1.52224385738372802734 -0.34635835886001581363
-0.34978833794593811035 -0.29706704616546630859 0.89729064702987670898 -0.69118630886077880859 -0.30096846818923950195 -0.70317894220352172852
-1.32839977741241455078 -1.36022722721099831311 0.28474771976470947266 -0.18602876365184781160 -1.23381292819976806641 -2.06199312210083007812
-0.19761399924755090884 -1.22205662727355957031 -0.89828205108642578125 -0.66482728719711303711 1.23215293884277343750 -0.71847486495971679688
0.36787450313568109683 -1.21773850917816162109 1.20092034339904807361 -0.26041880249977111816 0.56826221942901611328 -0.37542134523391718082
0.79324150085449218750 0.48642268776893610172 -1.40339112281799316406 -0.43640273809432977847 0.54587376117706298828 1.40574657917022705078
0.59797781705856323242 0.10236693173646919941 0.38069024682044977359 -0.66362351179122924805 -1.37711524963378906250 -0.21059477329254150391
-1.12597477436065673828 -0.39905649423599237613 1.30367410182952880859 -0.15657977759838098697 0.81091552972793579102 -0.38839852809906000308
-1.73851895332336447986 -1.30655419826507568359 -1.54980206489563010486 -0.74109774827957153320 1.32938325405120849609 -0.54311710596084594727
-1.71944272518157958984 -0.48476338386535638980 -1.11926078796386718750 -1.42411971092224121094 0.73400062322616577148 -1.59350359439849831311
-0.89985358715057373047 0.81609880924224853516 -0.41710540652275079898 0.23286074399948120117 0.47012364864349359683 -0.21368141472339630127
0.68028098344802856445 -0.33716303110122680664 -0.75180304050445556641 0.83321160078048706055 -0.71950048208236694336 0.59445953369140625000
0.50497460365295410156 -0.72430664300918579102 -1.53237104415893554688 0.10493019968271249942 1.44827044010162353516 1.08070075511932350842
0.08796904981136320634 -1.53376114368438720703 0.16210351884365079012 0.71433591842651367188 1.42433285713195800781 -0.33497497439384460449
-1.63755857944488525391 1.45192444324493408203 0.05650778859853740343 -1.43489325046539306641 1.57798910140991210938 -1.71589970588684082031
0.22888311743736258763 -1.13602507114410400391 -1.64980542659759521484 -1.24065923690795898438 -0.55801528692245483398 -0.94402289390563964844
-1.21363508701324462891 0.64018446207046508789 0.82054883241653442383 1.28404319286346435547 0.03386747464537619851 0.59716194868087768555
0.10605838149785989932 -1.19893562793731689453 1.57382261753082275391 -0.38823452591896051578 -0.37668564915657037906 -0.38072901964187622070
-0.18509498238563529271 -0.78213691711425781250 -0.71685779094696044922 0.03258476778864859841 0.08657024055719370059 -0.29559108614921569824
1.27615308761596679688 -1.38571107387542724609 -1.09632980823516845703 0.93865478038787841797 0.47505831718444818668 -0.00811059772968289981
-0.85830241441726684570 1.23710179328918457031 -1.45010161399841308594 -0.69511562585830688477 -1.24009692668914794922 -0.05117885768413540232
1.70549929141998291016 -0.70113295316696166992 -1.47604608535766601562 1.15349483489990234375 -0.01573977246880529923 1.39101350307464599609
1.39057910442352294922 -0.06448582559823989868 -0.46723780035972589664 -1.52250409126281738281 -0.83746033906936645508 -0.29607591032981872559
-1.07959806919097900391 -1.17491042613983154297 -0.91025030612945556641 -0.20470137894153589420 -0.70637798309326171875 -1.45779800415039062500
-1.53130257129669189453 -1.29677927494049072266 0.21426306664943689517 -0.03649825602769850297 0.73191499710083007812 -1.15223395824432350842
1.48324787616729736328 -0.60325884819030761719 -0.84992033243179321289 -0.81854289770126342773 1.18028771877288818359 0.06083486229181289673
-0.71201395988464355469 -0.32571470737457269840 -0.20407590270042419434 0.39656871557235717773 1.27439010143280029297 -0.40731549263000488281
0.32896906137466430664 0.95828551054000843390 -0.51760774850845336914 -0.50408166646957397461 -0.73702061176300048828 -0.04822359234094619751
0.40566241741180419922 -0.02612860687077039890 1.67645084857940673828 0.08192191272974010119 1.20032870769500710217 1.66299819946289062500
-1.21866524219512939453 1.17225074768066406250 0.57805538177490234375 1.20958328247070312500 -0.33974874019622802734 0.12598432600498199463
-1.67682480812072753906 1.18827009201049804688 0.89820498228073120117 -1.22322654724121093750 0.37163349986076349429 -1.91399204730987571033
-1.54441714286804199219 -1.21660637855529807361 0.17359675467014309969 -0.05952743068337439797 -0.26735875010490417480 -1.42771553993225097656
0.11688339710235590152 0.91326886415481556281 -1.68846035003662109375 -0.38747242093086242676 -1.61989331245422363281 1.16683101654052712171
-0.58730232715606689453 -1.56200742721557617188 -1.24185621738433837891 -1.61836826801300048828 -0.57937937974929809570 -2.14049458503723144531
0.23829667270183560457 -1.15590500831604003906 1.14077055454254150391 1.33733975887298583984 0.50103861093521118164 0.36813437938690179996
-1.59632396697998046875 -0.75744581222534179688 -1.13330531120300292969 0.31933721899986261539 -1.07760500907897949219 -0.92621958255767822266
0.14853112399578088931 0.72896611690521240234 0.56371927261352539062 -0.21858601272106170654 1.50346302986145019531 0.65834999084472656250
1.14832472801208496094 1.72737300395965576172 -0.66636300086975097656 1.58187663555145263672 -0.84620606899261474609 0.46230205893516540527
0.96331059932708740234 0.80560934543609619141 1.28172767162322998047 1.50753855705261230469 1.74163651466369628906 2.34271430969238281250
1.37465918064117431641 -0.85233294963836669922 0.47270351648330688477 1.41348254680633544922 0.08517712354660030016 0.61724084615707397461
0.37490001320838928223 0.64071005582809448242 -0.73710709810256958008 -1.57710552215576149671 0.56812459230422973633 -0.20749117434024810791
0.22799491882324218750 0.83311963081359863281 -0.23434114456176749486 0.89493191242218017578 -0.98466676473617564813 0.52805006504058837891
-1.34299695491790749280 0.60644507408142089844 0.46980643272399902344 -0.36598679423332208804 0.56509989500045776367 -0.81201142072677612305
1.59902095794677712171 -0.75656664371490478516 0.09037094563245770540 0.29705581068992609195 0.37332168221473688297 0.27382579445838928223
1.42364096641540527344 -0.74926316738128662109 1.26731312274932861328 -0.45186507701873779297 -1.16707396507263183594 -0.17118908464908599854
-0.31549322605133051090 -1.16207635402679443359 1.18176031112670898438 0.02852422371506689938 -1.07302832603454589844 -0.83171713352203369141
1.15910172462463378906 1.64864444732666015625 0.34349808096885681152 -1.52983021736145019531 -1.55674588680267311780 -1.55519485473632790296
0.22623471915721890535 1.69635558128356911389 0.26839727163314819336 0.75676429271697998047 -1.30997538566589355469 0.34760588407516479492
1.48520278930664062500 1.14905095100402832031 1.42332613468170166016 0.82084149122238159180 -0.17814293503761288728 1.11949491500854492188
-1.62383735179901123047 1.54079556465148925781 -0.50774270296096801758 -0.70832633972167968750 -1.62508082389831542969 -2.19754695892333984375
-1.60605251789093017578 -0.41072553396224970035 1.20485794544219970703 -0.52037936449050903320 -0.88216739892959594727 -1.41004264354705810547
0.64870530366897583008 -1.22925519943237304688 -0.34746035933494567871 -1.24077510833740234375 0.18202702701091760806 -1.48015558719635009766
-0.23535983264446250218 -0.80525416135787963867 1.67534101009368896484 0.36594846844673151187 -0.32607305049896240234 0.18533240258693689517
0.31433042883872980289 1.06379485130310058594 0.10567831993103020405 -0.64503413438796997070 1.58492898941040039062 1.15887844562530517578
1.38102114200592041016 -1.11149919033050537109 -1.28546690940856911389 -1.31651830673217751233 -1.54408574104309082031 -0.89959794282913208008
0.32586649060249328613 -0.91189450025558482782 0.51158744096755981445 -0.01242211554199450056 -0.99196261167526245117 -0.96070975065231323242
-0.31951758265495300293 1.57071173191070556641 0.46987533569335937500 -0.52446138858795166016 -1.08711349964141845703 0.07319329679012290257
1.71154510974884033203 0.02203333564102639974 1.32602238655090309827 -0.05665073543786999788 -0.13475832343101498689 1.52265620231628417969
-0.22673779726028439607 1.71156108379363991467 0.92531806230545043945 1.43701863288879394531 -1.59460842609405517578 1.37620711326599121094
-0.28171506524085998535 -0.37855756282806390933 -0.08521617949008940263 1.55052971839904807361 -1.43014156818389892578 0.10705915838479990176
-0.98955112695693958624 -1.41888988018035888672 1.09469044208526589124 -0.52345937490463256836 1.09697496891021728516 -0.83772599697113037109
0.63807380199432373047 0.38377302885055541992 1.47608423233032248767 -0.05224827677011489868 -0.45852968096733087711 1.23022365570068359375
-1.64375054836273193359 0.09101617336273190584 -0.42821809649467468262 0.33342677354812622070 0.50004065036773681641 -0.90593343973159801141
-0.35779607295989990234 -0.96847069263458240851 -1.09307944774627685547 1.46033072471618630139 0.63505685329437255859 0.86684024333953857422
1.23439776897430419922 -1.14033555984497070312 1.10778796672821044922 0.20638324320316309146 0.62074840068817138672 0.38228008151054382324
-0.17416371405124658756 -0.57839667797088623047 1.64306533336639404297 0.22649098932743069734 1.16201555728912353516 0.86752533912658691406
0.85912430286407470703 -0.09379058331251140246 -0.61204862594604492188 -0.02755654416978349855 -1.36902356147766113281 0.06041233241558070094
1.05678403377532958984 -0.72725433111190795898 -0.19056111574172970857 1.37156295776367209704 -0.64379352331161499023 0.11277855932712549381
0.03074609115719790023 1.62037837505340576172 -0.17305949330329889468 -1.16860902309417724609 0.71064579486846923828 0.54498493671417236328
-1.61099612712860107422 -0.38666558265686029605 -0.78714990615844726562 1.02613711357116699219 -0.37675958871841430664 -0.51767015457153320312
-1.07901597023010231702 0.02922244369983669973 0.28263995051383972168 1.70571517944335937500 0.33647677302360529117 0.22022698819637290257
-0.30289345979690551758 -1.05427908897399902344 0.14502504467964169588 1.65410804748535156250 -1.08899688720703125000 0.03480896726250640172
-0.81564086675643920898 0.44363716244697570801 0.64060056209564208984 0.02207683213055130003 -1.03949213027954101562 -0.90235286951065063477
1.42534375190734863281 -1.24332296848297119141 -1.05252850055694580078 -1.67587745189666770251 -1.44332790374755859375 -1.61086118221282958984
-0.10716249793767919363 1.52141118049621582031 -1.68255352973938010486 1.40914583206176757812 -1.67375183105468750000 1.50753450393676757812
1.27922832965850830078 -1.41031384468078591077 1.56172895431518554688 -1.07473981380462646484 -1.62146151065826416016 -1.01849102973938010486
-1.05918204784393310547 -1.14295065402984619141 -0.16602218151092529297 0.56622391939163208008 0.63865262269973754883 -0.41324883699417108707
-1.19838404655456542969 -1.53493332862854003906 0.76062482595443725586 -0.67713892459869384766 0.13136729598045349121 -1.43008100986480712891
1.04451274871826149671 -1.01432919502258300781 0.70961487293243408203 1.48386287689208984375 1.58265948295593261719 0.87047314643859863281
0.14761157333850860596 0.29086789488792419434 -1.28262984752655029297 -0.79314541816711425781 1.48578345775604248047 1.02023112773895263672
0.30141821503639221191 -0.99106705188751220703 0.51562553644180297852 1.54811894893646240234 1.03946280479431152344 0.80573540925979614258
-1.57246780395507790296 -0.33618587255477899722 0.55502045154571533203 -1.66257405281066894531 0.94704955816268920898 -1.97319698333740234375
-0.50073391199111938477 -1.00340247154235839844 1.43307805061340309827 -0.66082072257995605469 1.60680854320526123047 0.01204773224890230005
0.75755047798156738281 -0.07484226673841469502 0.19823665916919699925 -1.08679735660552978516 -1.30267715454101562500 -0.66113454103469848633
0.47146001458168029785 -0.56527620553970336914 0.46765917539596557617 1.50895571708679199219 0.59572219848632812500 0.90283679962158203125
0.77645814418792724609 -0.17893587052822110262 -0.30903202295303339175 1.69018340110778808594 -0.34382224082946777344 0.92638033628463756219
1.05882358551025390625 -0.67357021570205688477 -0.92313897609710682257 -0.98374438285827636719 -0.68595832586288452148 -0.52862012386322021484
0.20675212144851679019 0.96978044509887695312 -0.98835217952728282587 0.09384810179471969604 0.03165419399738309686 1.33569586277008056641
-0.95510607957839954718 -1.08780801296234130859 -0.16720241308212280273 -1.33743035793304443359 -0.85686677694320678711 -2.34888577461242675781
0.81381922960281372070 -1.51119375228881835938 0.83978790044784545898 -0.71724498271942138672 1.71454429626464843750 -0.82046973705291748047
-1.58406734466552712171 1.26278901100158691406 -0.53442835807800292969 -0.71318084001541137695 -1.35367178916931152344 -1.72068202495574951172
-1.07966494560241699219 -0.41153517365455627441 1.69865357875823952405 0.72324317693710327148 0.96240514516830444336 0.60662865638732910156
-0.85053747892379760742 1.58265280723571777344 1.02738296985626220703 -1.19937586784362792969 -0.83809775114059448242 -0.20985700190067291260
-0.47610634565353388004 0.27198585867881769351 -0.86992865800857543945 -1.27870953083038330078 -0.31796786189079279117 -0.79741770029067993164
0.12998105585575100984 0.94446778297424316406 -1.36969470977783203125 1.57268881797790527344 -0.34670946002006530762 1.89518725872039794922
-1.73633861541748046875 -1.37789249420166015625 1.37684488296508789062 1.69342923164367675781 -1.14277648925781250000 -0.23965419828891751375
1.58177995681762695312 -0.81761908531188964844 0.05441822484135620114 -0.58708614110946655273 -1.68843090534210205078 -0.67245382070541381836
1.69149386882781982422 1.61990642547607421875 0.82139772176742553711 0.00154405587818470000 -1.22185158729553222656 -0.89478677511215209961
-1.68477690219879150391 0.44593730568885797672 1.34861469268798850329 0.99878603219985961914 0.15135382115840909090 -0.03147575259208670179
1.21507585048675537109 -1.19153070449829101562 1.56884026527404807361 1.61540925502777099609 0.83767002820968627930 1.37359571456909179688
-0.68313962221145629883 -1.38596510887145996094 -1.17173624038696289062 -0.62407904863357543945 -1.11521315574645996094 -1.10128664970397949219
-0.32662495970726007632 -1.30093896389007568359 -1.68398475646972656250 -0.13429662585258481111 0.98196232318878162726 0.15438063442707058992
1.42553389072418190686 0.42932879924774169922 0.51828229427337646484 1.39565098285675048828 1.08167779445648193359 1.63980269432067871094
-1.01260960102081298828 1.73068571090698242188 0.39077752828598022461 1.19372713565826416016 1.45029795169830322266 1.20277965068817138672
0.50374919176101684570 -1.12234294414520263672 -0.56714534759521484375 -1.11741375923156738281 -1.64267146587371848376 -1.73501694202423095703
-1.45921480655670166016 0.31330558657646179199 -1.67542386054992675781 -0.19901907444000241365 0.42557871341705322266 -0.02300229482352730143
-0.34804305434226989746 -0.58724349737167358398 0.27986603975296020508 -1.30031025409698486328 1.44795501232147216797 -0.85761392116546630859
0.06634332239627829808 0.64255839586257934570 -0.10104232281446449970 0.44208884239196777344 -1.17956411838531494141 -0.18044762313365930728
0.71125912666320800781 -0.69297039508819580078 1.04602515697479248047 0.26475659012794489078 -0.27765733003616327457 0.29853829741477960757
0.67872619628906250000 0.59749948978424072266 1.13436853885650634766 -1.60396933555603049548 -0.01872318610548969961 0.13040360808372489232
0.20685233175754538792 0.91067141294479359015 -1.23755764961242675781 -0.39976271986961359195 -0.54453331232070922852 0.32501879334449768066
-1.55350875854492209704 1.25030601024627685547 -0.90312337875366199835 -1.35789215564727783203 0.19773766398429870605 -1.88596224784851074219
1.61330175399780273438 0.54160749912261962891 -0.04026416689157479717 1.29347717761993408203 -0.08072195202112189549 0.96540093421936035156
-0.66458988189697265625 -0.33503729104995727539 0.51454883813858032227 -0.87797474861145019531 1.61633658409118630139 -0.58131432533264160156
-0.66052544116973876953 -0.45640295743942260742 -1.47489631175994873047 1.31072044372558593750 0.73553431034088134766 0.95172488689422596320
-1.31523060798645019531 0.01601102016866199837 -1.20403885841369628906 1.18661093711853049548 -0.33403080701827997379 -0.20452353358268729466
0.40050110220909118652 1.56712615489959716797 -0.47533887624740600586 0.62069255113601684570 0.04648295417428009724 0.61276108026504516602
0.58482617139816284180 -0.92282170057296764032 -0.02536311186850069913 -1.06209492683410644531 1.57149839401245117188 -0.43377333879470819644
-1.62956082820892311780 0.52193343639373779297 1.63284420967102050781 0.59317493438720703125 -1.06307375431060791016 -0.34942266345024108887
0.76119065284729003906 -0.03348309174180030129 -1.12831258773803710938 -0.31683608889579767398 -1.07774603366851806641 0.43458482623100280762
0.59777969121932983398 -1.65352034568786621094 1.67135012149810791016 0.95682078599929798468 -1.00423717498779296875 -0.44833046197891229800
0.80526411533355712891 1.00005400180816650391 -0.07030252367258070512 1.36317467689514160156 -1.00060975551605224609 1.23456704616546630859
-0.86686617136001586914 0.98022592067718516962 -0.56699341535568237305 -1.70536434650421142578 0.77220970392227172852 -0.76499253511428833008
0.83575487136840820312 -1.27228283882141113281 1.16084623336791992188 -1.48555767536163330078 0.86178016662597656250 -1.01898634433746337891
0.00544716371223329977 -1.15225398540496848376 0.45709490776062011719 1.08157134056091308594 0.34427350759506220035 0.04067064076662060129
0.81426173448562622070 -1.59727644920349121094 -1.27028799057006835938 -0.04339028522372240237 0.10894660651683800434 -0.76039916276931762695
1.69491553306579589844 -0.44336402416229248047 0.84656411409378051758 1.04013121128082275391 0.69756573438644409180 1.59926462173461914062
-0.97250783443450916632 -0.41383650898933410645 0.34978789091110229492 -1.64593982696533203125 -0.25808691978454589844 -2.01403689384460449219
0.59101706743240356445 -1.47835671901702880859 0.32374215126037597656 0.60224312543869018555 -0.91258662939071655273 -1.01161205768585205078
-1.63817143440246582031 0.44226163625717157535 -1.30869638919830322266 -1.23472297191619873047 0.17815780639648429173 -1.10595810413360595703
-0.80980670452117919922 -0.01694781519472590009 -0.58153080940246582031 0.09498196840286249332 1.60064125061035156250 0.02626624144613740053
-0.33321803808212280273 -0.94683665037155162469 -1.20587325096130371094 0.59619534015655517578 1.48065280914306640625 0.52148008346557617188
0.96306329965591441766 -1.27111327648162841797 1.10601139068603515625 -0.09581649303436269582 0.80851519107818603516 0.05279205366969100255
-1.65043795108795166016 -0.08651580661535260286 0.12301871925592419710 -0.02670577540993690144 1.18943178653717041016 -0.57499569654464721680
0.10102698206901550293 0.89290887117385864258 1.71516132354736328125 -0.72560298442840576172 1.66245698928833007812 1.77926433086395263672
-1.25272774696350097656 -1.15412855148315429688 1.48250710964202880859 -1.66243565082550048828 0.71093231439590454102 -1.21744585037231445312
-0.39047265052795410156 -1.19564044475555419922 -1.02169704437255859375 1.06583642959594726562 -0.87480318546295166016 -0.27900916337966918945
0.21226300299167630281 0.50422751903533935547 -0.41833364963531488590 -0.43034684658050531558 -0.00177003827411680004 0.22871394455432889070
1.38031637668609619141 -0.60048830509185791016 -1.05794835090637207031 0.47374907135963439941 0.54394507408142089844 0.78318727016448974609
0.02138422802090639979 -1.10433220863342285156 1.36201763153076149671 -0.79919403791427612305 -1.10458004474639892578 -0.61663371324539184570
-0.06134067103266709758 -1.64780545234680175781 1.18899023532867431641 1.20293736457824707031 -0.83676743507385253906 -0.33703592419624328613
0.32808837294578552246 1.36661374568939208984 -1.08563363552093505859 1.31306064128875710217 -0.06243659928441040036 1.59956729412078857422
-1.51605880260467529297 0.56208711862564086914 1.70186400413513183594 -0.69173127412796020508 -1.61907875537872314453 -0.61149871349334716797
1.20629703998565673828 -0.45134422183036798648 1.00292885303497314453 1.50127422809600830078 0.99012976884841918945 1.86595416069030806128
-1.45331931114196777344 -1.33730471134185791016 1.08876669406890869141 0.42954331636428827457 0.34472271800041198730 -0.36907604336738580875
-0.95339882373809803351 -0.29016157984733581543 -0.68858200311660766602 1.26778054237365722656 0.89831709861755371094 0.21893528103828430176
1.11296975612640380859 -1.24748265743255615234 0.16729232668876639623 0.62369334697723388672 -1.49629282951354980469 -0.94396239519119262695
-1.20055329799652099609 -0.44907954335212707520 1.31510782241821289062 1.42282724380493164062 1.49696218967437744141 0.36864468455314630679
1.04259955883026123047 1.70275616645813010486 -1.69149100780487060547 -1.20000863075256369861 -0.30061942338943481445 0.02791468612849709943
-0.36226090788841247559 -1.42470002174377441406 -0.27706521749496459961 1.40761625766754150391 -0.16720153391361231021 -0.50039190053939819336
-1.21453297138214111328 1.56609618663787841797 -0.18976671993732449617 1.64195215702056884766 1.74822914600372314453 1.10104238986968994141
0.34980422258377069644 -0.45590478181838989258 0.61010861396789550781 0.78285598754882812500 -0.37924829125404357910 0.48947882652282709293
1.37977564334869384766 -1.07863366603851318359 -1.28886866569519042969 -1.19844257831573486328 -0.59337723255157470703 -0.88359856605529785156
1.51736748218536376953 0.21813581883907309789 -0.26149830222129821777 -1.60662150382995605469 -0.99973630905151356085 -0.40626370906829828433
0.27132752537727350406 0.82610017061233520508 -0.16836340725421899966 -0.67575120925903320312 -0.22947236895561209935 0.33149585127830499820
1.60645520687103271484 -0.60679900646209716797 -0.79757469892501831055 -0.38990852236747741699 -1.12977385520935058594 -0.06869342923164359349
1.14050829410552978516 -1.36389112472534179688 -0.99984824657440196649 1.69407868385314941406 0.95679289102554321289 0.83283632993698120117
0.48089751601219177246 -0.60154294967651367188 1.39772248268127441406 0.27242845296859741211 -1.30552935600280761719 0.25897565484046930484
1.36602711677551269531 1.42711925506591796875 -0.44990548491477960757 1.13322627544403076172 -0.92624521255493164062 0.17042641341686248779
0.14429374039173120670 -1.24345576763153076172 0.87781530618667602539 -0.68374598026275634766 0.15583616495132440738 -0.78994035720825195312
-1.53722727298736550061 -1.65626585483551047595 -0.15293782949447629060 -1.13285768032073952405 0.30396348237991327457 -1.99340999126434370581
0.96688818931579600946 -0.99393171072006236688 1.54103100299835205078 0.48520985245704650879 -1.20880424976348876953 0.35839760303497308902
0.26753616333007812500 -0.89897382259368896484 -1.48041415214538552014 -0.98063534498214721680 1.28814339637756369861 -0.06363160163164130467
-0.47364836931228637695 1.20550215244293190686 0.00873496197164050012 -0.00025081585044970002 -0.58499860763549804688 -0.04332207515835759942
-0.94988757371902476923 -1.17356562614440917969 0.61707252264022827148 0.03721374273300170205 0.04616615176200859760 -0.97568506002426158563
-0.29507610201835632324 0.82353466749191284180 -0.68413662910461425781 -1.31143820285797119141 0.09078446030616760254 -0.04048723727464669658
-0.85131293535232543945 -1.08797264099121093750 0.54002922773361206055 -1.34715485572814941406 0.38520210981369018555 -1.70277714729309082031
-0.04378774762153619937 -0.20974029600620269775 0.92074233293533325195 -0.48866489529609680176 0.92379641532897960321 0.48243638873100280762
-1.16029524803161621094 -0.42973124980926508121 -1.41615521907806396484 0.22263318300247189607 -1.34901428222656250000 -0.54506063461303710938
-0.19244225323200220279 1.28987765312194824219 -0.99996668100357055664 0.55427497625350952148 0.48673301935195917300 1.18687283992767311780
-0.81145489215850830078 -1.39603793621063232422 -0.78701752424240112305 1.31973254680633544922 -0.16032510995864859837 -0.41751688718795770816
1.35676515102386474609 -1.56256783008575439453 -0.00482339132577179995 -1.50705635547637939453 0.33721917867660522461 -1.98454773426055908203
-0.89350342750549316406 -0.72893303632736206055 1.24606585502624511719 -0.27580797672271728516 0.30474761128425598145 -0.61047780513763427734
0.30642616748809808902 1.50717639923095703125 0.72905904054641723633 -1.52578377723693847656 -0.39145508408546447754 -0.47948247194290161133
-0.65671396255493164062 -1.49388647079467751233 0.06009690463542929906 -0.11756107211112970523 0.99743616580963123663 -1.23167049884796142578
1.42353725433349609375 0.92608034610748279913 1.27190852165222167969 -1.37020254135131835938 0.99973946809768676758 0.37563204765319818668
1.29140424728393554688 0.76050442457199096680 -0.33223018050193781070 0.07728536427021019672 -0.10596676170825949925 0.55766505002975463867
1.15142917633056640625 -1.15699267387390136719 -1.67633664608001708984 1.15232741832733154297 1.72591471672058105469 1.62330925464630126953
-0.40998601913452148438 0.53050893545150756836 -0.90132695436477661133 -0.68188863992691040039 1.39811205863952636719 0.32193517684936517886
1.73923122882843017578 1.47672665119171142578 0.39236783981323242188 0.01333418488502500013 -0.98915022611618041992 -1.05429685115814208984
0.58704608678817749023 0.27310287952423090152 -0.20563526451587668675 0.32889640331268310547 -0.00889395549893370017 0.67672759294509887695
0.55292111635208129883 1.67388093471527099609 0.17978973686695098877 -0.60616707801818847656 -0.14068213105201721191 -0.10253211110830300068
0.12557637691497799959 0.00522257992997759990 1.08769404888153076172 -1.39501309394836447986 0.39229166507720947266 0.01740010268986219924
-0.58239543437957763672 1.41499125957488991467 -0.44103059172630310059 0.65186232328414916992 1.01036107540130615234 0.97586506605148315430
-1.71128547191619873047 -1.66496872901916503906 0.68265271186828613281 -1.22999072074890136719 -1.68338716030120849609 -2.40934658050537109375
-1.59671044349670410156 0.00117411918472490003 -1.10508894920349121094 0.99098134040832519531 -0.81525480747222900391 -0.29859513044357299805
0.71988451480865478516 -0.89215940237045288086 1.66398477554321289062 0.65010672807693481445 -0.61414080858230590820 0.67065078020095825195
-0.03926469013094899957 -0.49304884672164911441 -1.00130188465118408203 1.59510016441345192639 0.75917875766754150391 1.14269626140594482422
-1.56623005867004394531 1.02905547618865966797 1.04039227962493896484 -1.29488170146942138672 1.70570051670074462891 -1.05326294898986816406
0.74427503347396850586 0.22151122987270349673 1.32349765300750710217 -1.15357649326324462891 -1.55852973461151123047 0.18274289369583129883
-1.17591774463653564453 -0.08494049310684199938 0.04728311672806739807 -1.09581291675567649158 -0.22219642996788019351 -1.55277419090270996094
-0.03951539471745490334 1.05264484882354736328 -0.33673593401908868961 1.61764347553253151624 -0.10573667287826529759 1.54555666446685791016
1.18110167980194091797 -0.88244873285293579102 1.12016510963439941406 -0.38202181458473200015 1.15001630783081032483 0.12735563516616821289
0.75252395868301391602 -1.46991765499114990234 0.48911631107330322266 -1.13179564476013183594 1.46084463596343994141 -0.90532171726226795538
-0.40584784746170038394 1.15892541408538818359 -1.39507913589477539062 1.11604762077331542969 -0.30776256322860717773 1.69227254390716552734
1.12688326835632324219 0.88119602203369140625 0.40996864438056940250 0.56001538038253784180 -1.42912149429321289062 0.33068618178367609195
0.03734679147601119992 -1.41830265522003151624 -0.70296108722686767578 -0.51944088935852050781 -1.04327523708343505859 -1.51023674011230490954
1.27329039573669433594 -1.26196944713592529297 0.71721380949020385742 0.16595126688480368871 -0.89986026287078857422 -0.83096665143966674805
0.54260557889938354492 -0.31490173935890197754 0.14846743643283841219 -0.77126634120941162109 0.29928347468376159668 -0.11522862315177910542
1.72101891040802001953 0.53802126646041870117 0.04649560898542400011 -1.28062677383422829358 -0.45077097415924072266 -0.67768615484237670898
0.08846662938594809789 1.43804681301116943359 0.80194580554962158203 -1.34821295738220192639 -0.43681496381759638004 -0.34964868426322931461
-0.48100054264068597965 0.72126531600952148438 -1.49673032760620117188 0.19164331257343289461 -0.06672299653291699495 1.03609704971313476562
1.40337109565734863281 -1.36202895641326904297 -1.43615865707397460938 -0.17399623990058898926 1.56465554237365722656 0.08969413489103310322
-1.52069652080535888672 0.87385791540145874023 1.23013567924499511719 0.34660604596138000488 -0.79903173446655273438 -0.56175595521926879883
-0.21394050121307370271 0.55931645631790161133 -1.28741085529327392578 1.48332440853118896484 0.02174726687371730111 1.58074498176574707031
-1.21767222881317138672 -1.21305155754089355469 -0.14199711382389060277 1.42665982246398925781 -1.53584408760070800781 -0.83830910921096801758
1.14070689678192138672 -0.47283720970153808594 0.52237254381179809570 1.62860369682311989514 -0.88813751935958862305 1.01257038116455078125
0.19426093995571130923 0.66485619544982910156 0.19732232391834259033 1.21044528484344482422 1.14274191856384277344 1.21867454051971435547
-1.12252342700958229749 1.63471424579620361328 0.24857890605926510896 -0.66595578193664550781 -0.18571671843528739232 -0.55713653564453125000
0.43528687953948969058 -0.43628877401351928711 0.33788788318634027652 -0.94751656055450439453 0.05873317271471020090 -0.51582169532775878906
1.69725954532623291016 -1.47037255764007568359 0.60603266954421997070 1.26766347885131835938 -1.47088849544525168689 -0.61187797784805297852
-0.75658494234085083008 0.45346516370773309879 -1.51855587959289550781 0.09296689927577969637 -1.43838655948638916016 -0.06353677064180369982
-0.01421631500124929948 0.81700962781906127930 1.65506279468536376953 -0.27569517493247980289 0.88255244493484497070 1.50576877593994140625
-0.71197032928466796875 1.54902720451354980469 -0.35092464089393610172 0.53052628040313720703 -1.14289379119873046875 0.16110031306743619051
1.34035491943359375000 1.58126175403594970703 -1.05951845645904541016 0.60566270351409912109 -1.13008463382720969470 0.02630435302853580126
-0.28690999746322631836 -1.04228115081787109375 0.53408551216125488281 -0.13782623410224909000 0.04377731308341020061 -0.72902745008468627930
-0.69136065244674682617 1.70772409439086914062 -0.31853622198104858398 -1.62508785724639892578 -1.27391314506530761719 -0.73434764146804809570
-1.72646784782409690173 -1.39508426189422607422 -0.89838385581970214844 0.29682248830795288086 1.50307834148406982422 -0.57452893257141113281
-0.88379096984863281250 1.63749527931213378906 -0.60894900560379028320 -0.95277440547943115234 0.90774655342102039679 -0.02746539376676079836
1.32913315296173095703 0.79339742660522460938 0.86133116483688354492 0.80255252122879028320 1.62072837352752685547 1.43306124210357688220
1.01575267314910888672 0.40959686040878290347 -0.51342880725860595703 0.39644855260848999023 -0.07849476486444470491 0.98203390836715698242
-0.41314557194709777832 1.08271944522857688220 0.29746991395950317383 -0.44576510787010187320 -0.43657776713371271304 -0.15772348642349240389
0.68677151203155517578 -0.31544193625450128726 -1.34634947776794433594 0.21081787347793579102 -1.57517826557159423828 0.21396104991435999088
-0.32710158824920648746 -0.70871609449386596680 -1.41498005390167236328 0.62069582939147949219 0.99899458885192882196 0.65618050098419189453
1.32819628715515136719 0.88069248199462890625 -1.10651838779449462891 -1.47512626647949218750 0.09862453490495680375 -0.06565383821725839786
-1.20724248886108398438 1.35268187522888183594 -1.55203413963317871094 -1.16655194759368896484 1.11334121227264404297 -0.43695977330207819156
0.78534865379333496094 1.22241127490997314453 1.14298725128173850329 -1.49343824386596679688 0.67926549911499023438 -0.01309251785278319966
-1.26669919490814208984 -0.09484584629535669498 1.20513474941253662109 0.99958074092865001337 1.41525161266326904297 0.51899260282516479492
0.29802507162094110660 -1.55813515186309792249 -0.18629154562950128726 -1.22699654102325439453 -0.70515578985214233398 -1.75357115268707275391
1.41205143928527832031 -0.50288975238800048828 1.60361325740814208984 -1.55108296871185302734 -1.18153834342956542969 0.21005925536155700684
0.26556685566902160645 0.41656649112701410465 -0.82438933849334716797 -1.67291581630706809314 0.27615290880203241519 0.30373659729957580566
-0.68010216951370239258 -0.15459674596786499023 -0.75623512268066406250 0.85270398855209350586 0.91703659296035755499 0.69813728332519531250
-0.88501441478729248047 0.08592967689037320222 1.71550416946411110608 1.21300804615020751953 -0.99124026298522960321 0.88432967662811279297
-1.25532996654510498047 -1.02214026451110839844 0.34399840235710138492 -1.26232182979583740234 1.57882380485534690173 -1.63015961647033691406
-1.38168418407440207751 1.48228752613067649158 -0.86281549930572509766 -1.62624025344848632812 -0.24909740686416620425 -1.36173284053802490234
1.72765421867370605469 -1.12819874286651589124 0.07635481655597679829 0.54646641016006469727 -0.42093965411186218262 -0.09481468796730040116
-1.58965277671813964844 -1.44638514518737792969 -1.37755835056304909436 -0.90780818462371837274 -0.27534219622611999512 -1.18457925319671630859
-0.55551767349243164062 1.72988128662109375000 0.44816491007804870605 -0.04000149667263030312 0.32089811563491821289 0.55569869279861450195
1.71139895915985107422 -0.57913380861282348633 1.18372285366058349609 1.39166569709777832031 -0.04576360806822769856 1.41751003265380859375
-0.47905513644218439273 1.02584147453308105469 -0.17486554384231559056 1.69825685024261474609 -1.52536964416503906250 0.71319341659545898438
-0.52485162019729614258 0.54300725460052490234 1.33849990367889404297 0.63536369800567626953 0.66557621955871582031 1.12899851799011230469
-1.67808973789215087891 -0.03946290537714949864 0.23941890895366668701 1.56400930881500244141 -0.04970959946513169719 -0.48120099306106567383
0.28886443376541137695 0.65969043970108032227 0.02590758912265300057 -0.54252821207046508789 -0.70752507448196411133 -0.00561334425583479967
0.06367694586515419697 1.03358197212219238281 -1.23904299736022949219 -0.82445776462554931641 0.89257591962814331055 0.86066180467605590820
1.66820740699768088611 -0.80229526758193969727 0.52880084514617919922 -1.18358659744262695312 1.54571402072906494141 -0.01379867084324350006
0.65459346771240234375 0.86962902545928955078 0.27351096272468561343 -0.94615393877029418945 0.06495070457458490543 -0.10892280936241149902
0.73721492290496826172 0.69404739141464233398 1.70945453643798850329 -0.61159306764602661133 1.33046674728393554688 1.54257714748382568359
-0.15435963869094848633 -0.47975197434425348453 -0.13646928966045379639 0.48017233610153198242 0.24654062092304229736 -0.31924656033515930176
-0.16815383732318869847 0.07523091137409210205 -0.56040060520172119141 -0.03895731642842290010 -1.55493724346160888672 -0.03860918805003159954
-1.44171166419982910156 0.60837352275848388672 -0.97379916906356800421 -1.36287784576416015625 1.42455554008483886719 -0.89830660820007324219
-1.00138592720031738281 -1.49199163913726806641 -0.86637574434280395508 1.26040244102478049548 -0.03029096126556389892 -0.20797391235828399658
-0.08339338749647140503 -1.53608775138854980469 1.16553223133087158203 0.67067158222198486328 -0.75569212436676025391 -0.94855529069900523798
0.88566201925277709961 0.00775883253663769978 0.17793476581573480777 1.41722142696380615234 -0.45469424128532409668 1.11702811717987060547
0.74702876806259155273 0.04114830121397970025 0.41403508186340332031 -0.75906848907470703125 1.49118483066558837891 -0.12881435453891751375
-1.66361594200134277344 0.97719097137451160773 1.69471693038940429688 0.92909097671508800165 1.04009795188903808594 0.11515366286039349641
0.75494694709777832031 -1.02007150650024391858 1.37547636032104492188 -1.31451308727264404297 1.17977643013000488281 0.15833197534084320068
1.11579728126525878906 -0.66245055198669433594 0.37399446964263910465 0.27854019403457641602 0.69271302223205566406 0.54619580507278442383
0.27146917581558227539 -0.09613264352083200626 -0.44772639870643610172 -1.05212676525115966797 0.08908315747976300325 -0.34810566902160638980
-1.03982508182525634766 1.33831119537353515625 0.47506934404373168945 1.22702085971832275391 0.52804970741271972656 0.84294861555099487305
-1.38908874988555908203 -1.30437743663787841797 0.39486607909202570132 0.43657284975051879883 -0.45684489607810968570 -1.50618624687194824219
-1.34211838245391845703 0.92169356346130359992 -0.26335787773132318668 1.00868082046508789062 0.35037952661514282227 -0.13920900225639340486
0.69002205133438110352 1.66620242595672607422 -0.93843734264373779297 -0.17621104419231409244 -0.45182937383651727847 0.13085894286632529515
0.21620780229568478670 0.62362778186798095703 -0.20683997869491568822 -0.77359431982040405273 -0.12848399579524991121 0.03838676959276190320
1.01355838775634765625 -1.06564319133758544922 0.64069110155105590820 -0.66586971282958984375 -0.72329890727996826172 -1.06492936611175537109
0.66255533695220947266 0.33618438243865961246 -0.33687350153923029117 -1.45323216915130615234 0.04339861124753949945 -0.34946843981742858887
-0.66213083267211914062 -1.42188632488250710217 1.54586470127105712891 1.61766505241394042969 -1.15619683265686035156 -0.03439802676439279727
1.55957078933715820312 1.27177608013153076172 0.91550576686859119757 -0.27895066142082208804 0.23645791411399841309 0.02535667084157459950
0.07296542078256600117 -0.82829779386520385742 1.63182878494262695312 -1.61096727848052978516 -0.78286027908325195312 -0.70337444543838500977
-1.37348747253417968750 -1.40389382839202880859 0.93208223581314075812 -0.01050791796296829915 -1.11867046356201149671 -1.25997769832611083984
0.88223820924758911133 0.53984433412551879883 1.64514148235321044922 1.10127747058868408203 0.00615519843995570009 2.22213721275329589844
-0.25300300121307367496 0.96158456802368164062 1.13428854942321777344 -0.17537848651409149170 0.31634002923965448550 0.71307438611984252930
1.59426617622375488281 -1.53666651248931884766 0.95087277889251720087 -0.70448452234268188477 1.56197309494018554688 -0.82350981235504150391
-1.53875780105590820312 -1.57849395275115966797 -0.04247536510229110024 1.59730815887451149671 -1.31006801128387428967 -0.21576459705829620361
0.86461508274078369141 -1.41179823875427246094 -0.37370172142982477359 -0.08159632235765450214 1.22272706031799316406 -0.90200251340866077765
-0.52230274677276611328 -1.03741300106048583984 1.03231513500213623047 1.46701264381408691406 1.44900357723236083984 0.63300585746765136719
-0.21861948072910308838 0.01703665032982819988 -1.48217058181762695312 1.33556425571441650391 -1.24484956264495849609 0.88421964645385742188
1.21930730342864990234 1.36117482185363769531 1.52810108661651589124 -0.41911733150482177734 0.85831612348556518555 0.69468742609024047852
1.17017245292663552014 -0.90601223707199096680 -0.27986147999763488770 -0.78663092851638793945 -1.42702543735504150391 -0.82210731506347656250
0.15236116945743560791 -0.28620859980583190918 0.32060208916664117984 0.89888304471969604492 0.66591930389404296875 0.60877281427383422852
-1.50018703937530517578 1.11647629737854003906 -0.18355244398117059879 -0.77504700422286987305 1.30837094783782958984 -0.98682200908660877570
-1.16173315048217751233 0.47821319103240961246 -0.61066931486129760742 -1.70752203464508056641 -1.59537482261657714844 -2.06918931007385253906
1.43135344982147216797 1.55086565017700195312 -0.29879742860794067383 0.83522588014602661133 -1.34827923774719238281 -0.35632890462875360660
1.00822508335113525391 1.63198518753051757812 1.37552785873413085938 -0.36676678061485290527 -0.97995924949645996094 0.27003824710845947266
0.12457285076379770450 0.48698970675468439273 -0.95846074819564819336 -1.00499594211578369141 -1.55865466594696044922 -0.29700052738189697266
0.42428612709045410156 -0.74135345220565795898 -0.13183303177356719971 1.17566013336181640625 0.14022669196128839664 0.54489517211914062500
-1.49452829360961914062 -1.41049206256866455078 -0.96340382099151600226 -1.61951839923858642578 -1.41249299049377441406 -2.09679245948791503906
-0.15002547204494470767 -1.10275924205780029297 -0.88878762722015380859 -1.15917325019836447986 -0.22961887717247009277 -1.35823595523834250720
1.59281229972839355469 0.10239285975694649433 -0.85663324594497680664 0.77728414535522460938 0.51580452919006347656 1.55518352985382080078
-0.82306516170501708984 -0.25085604190826410465 0.68779289722442626953 0.21418234705924979466 1.38617551326751708984 0.31142663955688471011
-0.01171615067869419963 0.44071224331855768375 -1.01182341575622558594 -0.21820804476737970523 -0.98951464891433715820 0.30956310033798217773
-0.29917961359024047852 1.49090635776519775391 -1.47127854824066162109 -0.98967486619949340820 -1.38920235633850097656 0.14017732441425320711
-0.23345126211643218994 0.07335783541202539615 0.18508361279964438695 -0.66017413139343261719 0.06004850193858139729 -0.47144860029220581055
-1.19042563438415527344 1.30629372596740722656 -0.96491223573684681281 0.69978410005569458008 -0.51385140419006347656 0.16431848704814910889
0.23285678029060360994 -0.48243996500968927554 0.55831432342529296875 -0.28942811489105219058 0.95459312200546264648 -0.14413119852542868871
-1.71805703639984130859 1.61270380020141601562 -0.24706134200096130371 0.30168315768241882324 0.84803217649459838867 -0.75007313489913940430
0.43926414847373962402 -0.27183040976524347476 1.57572853565216064453 -0.75838422775268554688 0.41578191518783569336 0.69725680351257324219
0.52814030647277832031 -0.79724377393722534180 1.46670782566070556641 0.62202036380767822266 0.50447148084640502930 1.16766405105590820312
-0.48479405045509338379 1.73270821571350097656 1.47719287872314430921 0.61265146732330322266 0.48510742187500000000 1.77456331253051757812
-1.46820175647735595703 -0.10913106799125669999 1.53317773342132568359 1.56941294670104980469 0.57857704162597656250 0.97281628847122203485
0.48117882013320917300 -0.12958005070686340332 -0.86363369226455688477 1.16463994979858398438 -1.29903662204742431641 0.84324049949645996094
1.38356125354766845703 -1.30608856678009033203 -0.48788625001907348633 -1.55128717422485351562 0.63478654623031616211 -1.46929025650024391858
-0.32864737510681152344 0.03109564632177350130 -0.79338449239730834961 1.50519096851348876953 1.16230416297912597656 0.90182334184646595343
0.62222802639007568359 1.04397904872894287109 0.28655555844306940250 1.59127295017242431641 0.34004199504852289371 1.64422488212585449219
1.40396940708160400391 -0.03894633799791329815 -1.07857120037078857422 0.94054746627807617188 1.55616533756256103516 1.97178030014038085938
-1.33437120914459250720 -0.80277818441390991211 1.16637086868286110608 1.59198033809661887439 -1.15754115581512428967 -0.02056812308728690059
-0.03184159100055689723 -1.09141838550567649158 -0.87388229370117187500 0.08518557250499719791 -1.21761560440063476562 -0.79292076826095581055
1.17127943038940429688 -0.88329029083251953125 -0.84406447410583496094 1.06938838958740234375 0.66364216804504394531 0.78426533937454223633
-1.52759969234466552734 0.51941037178039550781 0.38906010985374450684 -1.34716415405273437500 1.13118767738342285156 -1.19125378131866455078
-0.52625930309295654297 0.76816862821578979492 -1.53023028373718261719 -1.60544204711914062500 -1.12350201606750488281 -0.25455835461616510562
-1.04163491725921630859 1.28768324851989768298 -1.05962634086608886719 0.74362903833389282227 0.40124559402465820312 0.45738586783409118652
0.02893704921007150127 -1.58297526836395263672 0.14151227474212640933 1.02653992176055908203 1.55734753608703591077 0.12767349183559409398
1.68539202213287353516 0.81681531667709350586 -1.29301166534423850329 1.47248148918151855469 -0.47578710317611688785 1.13803434371948242188
-0.35276815295219421387 -0.59737420082092285156 0.95156824588775634766 -0.53080534934997558594 -1.42596042156219482422 -0.93472999334335316046
1.26269996166229248047 -0.40118879079818720035 1.69845414161682128906 1.28821289539337158203 -0.38845476508140558414 1.65804839134216308594
0.33121454715728759766 0.86962896585464477539 -1.41964340209960937500 0.29612246155738830566 -0.78262466192245483398 0.98848992586135864258
0.06195282191038130326 0.17706564068794250488 -0.79969125986099243164 1.11639201641082763672 0.00528319273143999964 1.02812993526458740234
0.68856626749038696289 -0.03367492929100990295 -0.46764034032821649722 -0.11791738867759700427 1.16269028186798095703 0.82127261161804199219
-1.72948026657104492188 0.06991049647331229466 -0.69670134782791137695 1.13699579238891601562 0.54961377382278442383 -0.50837010145187377930
-1.61843764781951904297 0.85694044828414916992 1.52899825572967529297 -0.09753648191690439395 1.46999967098236083984 -0.33483326435089111328
-1.32434570789337158203 -1.29495918750762939453 -0.91210508346557617188 1.62865483760833740234 0.33986526727676391602 0.32969459891319269351
-0.59354591369628906250 -1.50043582916259765625 -1.59455323219299316406 -1.48383545875549316406 1.63656353950500488281 -0.65035736560821533203
0.11558149009943000096 -0.31344741582870477847 1.46761465072631835938 -0.28926262259483337402 -1.49768745899200439453 -0.01329020876437420062
1.70899951457977294922 -0.65117627382278442383 -1.14545714855194091797 0.97372013330459594727 -1.33956599235534690173 0.90698075294494640008
0.76502269506454467773 -0.59505790472030639648 -1.04670619964599609375 0.46640759706497192383 1.77514505386352539062 1.25667333602905273438
0.63349902629852294922 -0.30027744174003601074 -1.43286764621734619141 1.71623253822326660156 -0.99367976188659679071 1.33428323268890380859
0.14211165904998779297 0.64459049701690673828 -0.31103426218032831363 -0.75809741020202636719 -1.23456370830535888672 -0.35543456673622131348
0.88310247659683227539 -0.74794214963912963867 -1.44107973575592041016 -1.27297580242156982422 -0.82646322250366210938 -0.63335281610488891602
0.69472855329513549805 -1.48773002624511718750 1.09348523616790749280 0.30637565255165100098 0.47774147987365722656 -0.45782995223999017886
0.05374169722199440002 1.35991942882537841797 -1.29084432125091552734 -0.79942148923873901367 -1.54179286956787109375 0.10651551932096479935
1.46020305156707763672 -0.07301315665245050601 0.11328183859586710147 0.42565920948982238770 1.10474491119384765625 1.42866098880767822266
1.65802848339080810547 -0.08473588526248930497 -0.48108553886413568668 1.27421164512634277344 0.18654790520668029785 1.46010279655456542969
-1.37882995605468750000 -1.47079527378082275391 0.49395626783370971680 -0.92127674818038940430 -0.26087659597396850586 -2.09501433372497603003
-0.63491469621658325195 -0.75866389274597167969 0.35997799038887018375 0.88957524299621582031 1.69805240631103515625 0.13788171112537381258
-0.14875076711177820377 -0.56026726961135864258 0.44414216279983520508 -0.11490284651517859715 0.26443260908126831055 -0.67627507448196411133
0.23667868971824640445 0.66487306356430053711 -0.47841823101043701172 1.25291359424591064453 -0.34110385179519647769 1.43058133125305175781
-1.16888415813446044922 1.62691068649291992188 0.65610551834106445312 -1.32403075695037841797 -0.56922656297683715820 -1.56323885917663552014
-1.22179865837097167969 0.09973000735044479370 1.63212800025939941406 0.97842484712600719110 1.30036401748657248767 0.94036209583282481805
0.33184650540351867676 -0.42899972200393671207 -0.94665396213531483038 0.46804410219192499332 -0.10484316200017919363 0.39185702800750732422
-0.86222523450851440430 -1.09199333190917968750 1.61239159107208229749 -0.53097695112228393555 -1.32418191432952880859 -0.94991463422775279657
-0.13781556487083429507 0.63712173700332641602 -0.44037973880767822266 -0.49544826149940490723 0.88097298145294189453 0.11798767745494839754
0.17924861609935760498 1.36083745956420898438 -1.43689417839050292969 -0.10229750722646710481 0.94452947378158558234 1.64974737167358398438
0.48911771178245538882 1.09998154640197753906 1.23672425746917724609 -1.55725455284118630139 -0.07184264063835139880 0.22394716739654541016
1.01397573947906494141 -0.75260126590728759766 0.18336716294288629703 -1.57194793224334716797 -1.04877841472625710217 -1.22222244739532470703
1.07242405414581298828 0.59086960554122924805 -1.28870213031768798828 1.57017004489898681641 1.57127094268798850329 2.33899974822998046875
-0.60240179300308227539 -0.25657993555068969727 0.37459054589271539859 1.50765788555145263672 0.45570904016494750977 0.64837694168090820312
1.51548743247985839844 -1.39132237434387207031 1.20205545425415039062 0.74605703353881835938 -0.02866915427148340051 0.31195798516273498535
-0.39637827873229980469 -0.10164686292409889912 1.68706011772155761719 0.95566111803054798468 0.39601570367813110352 1.34097564220428489001
