-0.49826475977897638492 -0.01591831259429449946 -1.31790125370025634766 -1.13407194614410400391 -1.64829432964324951172 0.42012196779251098633
-0.45483562350273132324 0.10216435045003889603 -1.04583716392517089844 0.07280656695365900211 1.60483717918395996094 1.30594444274902343750
-0.34721496701240539551 0.01968461088836189962 -0.54385972023010253906 -0.95467752218246459961 0.34450453519821161441 0.29661104083061218262
-0.67515116930007934570 -0.61461901664733886719 0.01844118162989610149 1.11526060104370117188 -1.33574426174163818359 1.10548388957977294922
1.05965495109558105469 0.53303563594818115234 1.09858179092407248767 0.29921588301658630371 -0.72213768959045410156 -1.62443089485168457031
1.44696724414825439453 1.68858289718627929688 -0.19747121632099148836 -0.69627028703689575195 1.05611550807952880859 0.78484892845153808594
-0.93918788433074962274 -0.55223524570465087891 -0.75418978929519653320 -1.62374770641326904297 -0.68231970071792602539 0.11859062314033499974
1.79952383041381835938 1.49430668354034423828 1.05145573616027832031 -1.23516035079956032483 -1.48253715038299560547 0.18748824298381799869
1.03912281990051269531 0.92189192771911621094 1.09618091583251953125 0.13098303973674768619 -0.71647602319717407227 -1.47711801528930664062
1.14232563972473144531 1.44733464717864990234 0.16387778520584100894 1.37808537483215309827 -1.55837976932525634766 0.07040921598672859882
-1.92069864273071289062 -1.07885015010833740234 -1.68680858612060569079 0.04593244194984429790 0.57648462057113647461 0.52295976877212524414
-0.93587893247604359015 -0.85914576053619384766 -0.55534678697586059570 -0.54498267173767089844 1.04043567180633544922 0.54434943199157714844
-0.69484168291091918945 -1.03105974197387695312 0.52817016839981079102 0.21358408033847808838 -1.22637915611267089844 0.33244475722312927246
-0.09666980803012839574 -0.08820441365242000231 -0.02291327714920040129 0.78746181726455688477 1.58141708374023437500 1.21942484378814697266
0.13867166638374328613 -0.67029112577438354492 1.63526237010955810547 -0.47161090373992919922 0.19921934604644769840 1.16889655590057350842
1.47876429557800292969 0.80763471126556396484 1.53250229358673095703 0.95640093088150024414 0.54858857393264770508 -0.32311093807220458984
1.16340935230255126953 1.14786195755004882812 -0.12446328252553939819 -1.10987234115600608142 -0.95461648702621459961 -1.51115190982818603516
-1.16108810901641845703 -1.52729964256286621094 -0.20774227380752560701 -0.63844752311706542969 -0.27949482202529907227 -0.63463938236236572266
-0.30435952544212341309 0.55791646242141723633 -1.38939273357391357422 -1.68666613101959250720 1.47663700580596923828 0.16103717684745780248
-0.42752665281295770816 -0.27327328920364379883 -0.48495909571647638492 1.19330775737762428967 0.34709587693214410953 1.39699149131774902344
1.69049525260925292969 1.19449055194854736328 1.04020655155181884766 -1.40897452831268310547 -1.66390109062194824219 -0.72570395469665527344
1.28365588188171408923 0.85083812475204467773 0.84894531965255737305 -1.42534959316253662109 -0.65646260976791381836 -1.88003945350646950452
-0.77899289131164550781 -0.42832258343696588687 -0.91506713628768920898 1.49123048782348632812 0.72507280111312866211 1.70309078693389892578
-0.62147766351699829102 -0.01328468602150669961 -1.07267951965332031250 1.12673377990722656250 1.57892894744873046875 1.86058104038238525391
-0.92941886186599720343 -1.61989784240722656250 0.64902430772781372070 -0.04932201281189910191 0.15979827940464019775 -0.10087981820106499409
-0.37385195493698120117 0.10531844943761820010 -1.16753602027893088611 -0.89763581752777099609 -0.08722980320453639635 0.33005946874618530273
-1.96085846424102805408 -1.34624660015106201172 -1.66204285621643088611 0.71579390764236450195 1.19890260696411110608 0.56181490421295166016
-1.06219351291656494141 -0.84308862686157226562 -0.63453030586242675781 -1.24196541309356689453 -0.07011145353317259354 -0.42280757427215570621
1.96669733524322509766 1.50512635707855224609 1.05075323581695556641 -1.43154633045196510999 0.08003370463848109850 0.48184466361999511719
1.24203014373779296875 1.71564543247222900391 -0.47465509176254272461 1.73422670364379882812 0.66463798284530639648 1.39015376567840576172
0.78263378143310546875 0.57380926609039306641 -0.16164390742778769749 -0.36429998278617858887 -0.93333524465560924188 -1.92520952224731445312
-1.66464245319366455078 -1.10635304450988769531 -1.38568341732025168689 -0.59144878387451171875 0.53604477643966674805 -0.11707112193107599429
1.22658610343933105469 1.61119019985198952405 -0.11455582827329630069 0.60162758827209472656 -1.19360136985778808594 0.27304565906524658203
0.06531990319490429964 0.55317914485931396484 -0.38184595108032221011 1.48243653774261474609 -0.16402991116046899966 -0.21970492601394650545
0.40424460172653198242 0.37604886293411249332 -0.14203833043575281314 -1.29080629348754882812 -1.41379714012145996094 -1.61125946044921875000
1.21871697902679443359 1.35468399524688720703 -0.13087196648120880127 -0.02543597109615799989 1.09967136383056640625 -0.10714507102966300267
0.21564947068691250887 0.00880266912281509918 0.41997995972633361816 -0.98716509342193603516 -0.42302289605140680484 -0.23996317386627188939
-1.18901610374450683594 -1.46201634407043457031 -0.13654331862926480379 1.74848127365112304688 1.61665844917297363281 0.81082338094711303711
-0.67965239286422729492 -0.67082834243774414062 0.40535724163055419922 0.47102043032646179199 1.41385388374328591077 1.07789635658264160156
-0.05707983672618859722 -0.83143651485443115234 0.14746963977813720703 -0.52905458211898803711 1.43596863746643088611 1.01511693000793457031
0.25167825818061828613 0.13955165445804590396 0.44144177436828607730 -0.84533059597015380859 -0.51698321104049682617 -0.70624965429306030273
0.97859799861907958984 0.30667242407798761539 1.21597349643707275391 1.45899057388305664062 0.24547478556632990054 -0.59149873256683349609
0.78527790307998657227 0.85483932495117187500 0.08140888065099710635 0.49528712034225458316 0.02552493661642070075 -1.94324195384979248047
1.74217867851257324219 1.20257151126861550061 1.65972554683685302734 -0.03167141228914260170 -1.32035303115844726562 0.81755316257476806641
0.31021031737327570132 0.94564062356948841437 -1.49178981781005859375 1.49660301208496093750 1.66321122646331809314 -0.23258735239505759496
1.47996330261230490954 1.06594693660736083984 1.28103780746459960938 -0.02525296434760089873 0.65812504291534423828 -0.08665769547224040636
1.52209270000457763672 1.11046850681304909436 1.21717214584350608142 -1.26880872249603271484 1.69198405742645263672 -0.04473747685551639902
-0.46312341094017028809 -0.56071430444717407227 0.13279058039188379459 -0.83651101589202880859 -1.63288283348083496094 0.10739608854055400500
0.72140419483184814453 1.66117906570434570312 -1.56172740459442138672 1.47432923316955566406 -0.04528301954269400159 0.23499612510204309634
-0.06712972372770309448 -0.91186445951461803094 1.59672653675079367908 -1.46871852874755859375 1.63411915302276589124 1.26764249801635742188
-1.81619656085967995374 -1.69073164463043190686 -1.39759361743927001953 1.37121665477752685547 0.09695906937122339420 0.55186533927917480469
-2.00557613372802778784 -1.57305264472961447986 -1.71518611907958984375 -1.56749165058136008533 -1.38221859931945800781 -0.84042203426361083984
-0.48306635022163391113 -1.09460484981536887439 1.41092741489410400391 -1.57246625423431396484 0.91395634412765502930 0.40338867902755737305
-0.98280584812164317743 -0.81245797872543334961 -0.53694081306457519531 0.53106415271759033203 1.43707323074340820312 0.83281999826431274414
1.33717024326324462891 0.94620817899703979492 0.99691712856292724609 0.80585026741027832031 -0.94044011831283558234 -0.78644949197769165039
-1.52206504344940207751 -1.72732269763946510999 0.12433447688817969579 -1.46058952808380126953 -0.25705480575561517886 -1.38427126407623291016
0.66768431663513183594 1.31729912757873535156 -0.94028544425964355469 -0.18640044331550589818 0.84760802984237670898 -1.41015875339508056641
-0.24653248488903040103 0.32280668616294860840 -1.36337101459503151624 1.21476376056671142578 -1.28432643413543701172 0.82301896810531616211
-1.30221283435821510999 -1.75018048286438010486 1.11498343944549560547 -0.16756018996238700169 -1.44963324069976806641 -0.28988578915596008301
0.23376293480396270752 -0.78965467214584350586 1.66111195087432861328 -0.36966216564178461246 -1.27987563610076904297 0.97635316848754882812
1.43680775165557861328 1.25697326660156250000 0.54615306854248046875 -1.54047095775604248047 1.56325185298919677734 -0.50673937797546386719
1.92603957653045632092 1.50693202018737792969 1.40493214130401589124 1.14078617095947287829 0.00520596699789160032 1.73667097091674804688
-0.47554165124893188477 -0.75399285554885864258 0.60054987668991088867 -1.27626454830169677734 -1.28031611442565917969 0.10212987661361690173
0.51518630981445312500 1.03876912593841552734 -0.48080959916114801578 -0.47661685943603510074 0.26028245687484741211 -2.12775516510009765625
0.47771748900413507632 1.40325391292572021484 -0.79476279020309448242 0.23951289057731620091 0.06399650871753689851 -1.49913847446441650391
-0.90506124496459960938 -0.64597928524017333984 -0.79579979181289672852 1.40184402465820312500 1.60424375534057617188 1.50251615047454833984
0.26859369874000549316 0.54631084203720092773 -1.24369227886199951172 -1.15730834007263183594 -1.41871404647827170642 -1.28799545764923095703
-0.42812699079513549805 -0.70991581678390502930 0.39362609386444091797 1.60520076751708984375 0.82196003198623657227 1.55938374996185302734
1.36718642711639404297 1.67548537254333496094 -0.63667750358581542969 1.16438913345336914062 -0.00247377436608069981 1.31844174861907958984
-0.86279940605163574219 -0.02251082286238670002 -1.62109124660491943359 1.72368812561035156250 -0.52990692853927612305 1.97962880134582475122
-0.77854138612747192383 -0.90676671266555797235 -0.10182595252990719881 -0.02476203441619869924 -0.63142836093902587891 0.10537561029195779971
-0.03016218356788150090 0.58532732725143432617 -1.37674045562744140625 0.41186636686325067691 0.25108835101127618961 0.27584207057952880859
-0.84214043617248535156 -1.73294210433959960938 1.17030835151672363281 0.49099519848823547363 0.73432695865631103516 0.26081225275993341617
-0.04016276821494099702 0.84410560131072998047 -1.69599974155426047595 -0.20311023294925689697 -1.33293306827545166016 -0.68370264768600463867
0.02239554189145559829 0.02107823267579070001 -0.26851484179496759586 -1.18799984455108642578 -0.66414898633956909180 -0.33783116936683649234
0.78135299682617187500 1.01939702033996582031 -0.57175123691558837891 1.63227999210357688220 -1.51901328563690207751 -1.44714379310607910156
-1.21316707134246848376 -0.79490190744400024414 -0.98263293504714954718 -0.03018814697861670060 1.30953860282897949219 0.66028416156768798828
0.77917760610580444336 1.03694069385528564453 -0.02976936474442479913 -1.30976355075836181641 0.68974649906158447266 -2.14491915702819824219
-0.49807170033454889468 -0.15388353168964380435 -1.06313645839691162109 1.57312428951263449939 -1.45951831340789794922 1.17143404483795166016
1.82099437713623046875 1.54049694538116455078 1.27855002880096435547 -1.44008767604827880859 0.47088292241096491031 0.65466368198394775391
1.54286718368530273438 1.35172915458679199219 0.40977105498313898257 0.34644269943237299136 -1.43788182735443115234 0.20769326388835898656
1.85605454444885231702 1.29603660106658935547 1.70530700683593750000 -0.62219619750976562500 0.05019011721014970256 1.26658034324645996094
0.61260491609573364258 -0.18915708363056180086 1.58343780040740966797 1.64648509025573730469 1.56033027172088623047 1.59628045558929443359
1.72798073291778564453 1.20642471313476562500 1.39632415771484375000 1.41046690940856911389 0.27310195565223688297 1.55239760875701904297
-0.66138374805450439453 -0.22357904911041259766 -0.98244029283523559570 0.40078386664390558414 -1.39838004112243630139 0.71996182203292846680
1.63974189758300781250 0.96396845579147338867 1.40803527832031250000 0.61569660902023315430 0.98879611492156982422 0.26958417892456049136
1.79003977775573730469 1.25766539573669433594 0.93112140893936157227 -0.11334452778100960468 -1.31014049053192138672 0.58476960659027099609
0.25156632065773010254 -0.07768322527408599854 0.44041851162910461426 -0.75809079408645629883 -0.33471894264221191406 0.00617848383262750017
0.32230031490325927734 -0.34151324629783630371 1.42432582378387428967 -1.18542170524597167969 -0.83941328525543212891 0.34068962931632990054
0.65744119882583618164 1.31856250762939430921 -0.84859210252761840820 1.53181159496307350842 -1.28790831565856911389 -1.18012034893035888672
-0.76570081710815429688 -0.68425750732421875000 -0.02977887354791159888 -1.26654684543609619141 0.45854914188385009766 0.26910126209259027652
1.77376914024353049548 1.60736000537872314453 0.28641614317893981934 -0.22391605377197260074 -0.08730825781822200427 0.70868629217147827148
-0.54986411333084106445 -1.09555888175964355469 0.48527827858924860172 1.17320156097412109375 0.13960288465023040771 0.83022975921630859375
0.18014119565486899632 -0.18493430316448208894 0.52860194444656372070 -0.11851447820663449373 0.43606856465339660645 0.08567897975444789538
-0.72406041622161865234 -0.64212387800216674805 -0.04041192308068269901 -1.15522384643554687500 -0.47443962097167968750 0.21910892426967620850
-0.59505051374435424805 -1.50555396080017089844 1.41685986518859863281 0.66923540830612182617 1.44677627086639404297 0.79940265417098999023
-2.07928729057312011719 -1.26886558532714843750 -1.68585693836212158203 1.67959594726562500000 -1.45417082309722900391 0.32293763756752008609
-0.02125656791031359932 -0.83378762006759643555 1.65836572647094726562 0.62820184230804443359 1.07242667675018310547 1.85359537601470925061
-0.72543823719024658203 -0.56738388538360595703 0.29893532395362848453 0.19905799627304068822 -1.34097445011138916016 0.64804017543792724609
-0.45706951618194580078 -0.70674282312393188477 -0.03963111340999599802 0.91257691383361816406 -0.34025573730468750000 0.97597008943557739258
-1.16590607166290283203 -1.20965147018432617188 -0.16744838654994959048 1.47015523910522460938 1.59764909744262695312 0.86808151006698608398
1.24171304702758789062 0.50533509254455566406 0.98957949876785278320 0.93316352367401123047 -0.81059366464614868164 -1.55303156375885009766
0.97502106428146362305 0.83084952831268310547 0.58782982826232910156 -1.31962537765502929688 -1.42629337310791015625 -2.72797250747680619654
-0.47926428914070129395 -1.01417195796966552734 1.19576644897460937500 -0.96413224935531616211 0.44552326202392578125 0.30908134579658508301
0.79381918907165527344 1.63569140434265136719 -1.69243681430816650391 0.84766387939453125000 -0.40094524621963500977 0.03456095978617659825
0.53136944770812988281 -0.16870452463626858797 1.47349381446838378906 -1.46871531009674072266 1.19865071773529030530 0.22125664353370660953
0.18681964278221130371 -0.19226382672786709871 0.62353968620300292969 0.68667083978652954102 -1.12467122077941894531 0.49414905905723571777
0.50646114349365234375 -0.02491260692477220012 1.24450635910034179688 -1.03132402896881103516 0.01609049364924430153 -0.08704810589551920108
-1.07954561710357688220 -1.69535601139068603516 0.46701091527938842773 0.25903588533401489258 -1.54362654685974121094 -0.40270507335662841797
-0.08901412785053250398 -0.49136340618133539371 1.30633604526519775391 -0.90983170270919799805 -0.10842254757881160387 0.82830321788787841797
-0.24526330828666678685 0.04292270541191099686 -0.48130846023559570312 1.17519092559814430921 -0.62606304883956909180 1.00881135463714599609
-1.00076138973236083984 -1.41417932510375976562 -0.04497900977730750344 0.87365001440048217773 -0.89343172311782836914 -0.12562775611877438631
0.88556474447250366211 0.23879496753215789795 0.99076783657073963507 0.07017271220684050126 -1.38427245616912841797 -0.96824765205383300781
0.25906902551651000977 -0.54319500923156738281 0.90646779537200916632 -0.49970757961273187808 0.36189287900924682617 1.00106835365295410156
-1.27736175060272216797 -1.33783221244811989514 -0.01430353336036199914 0.54313284158706665039 -1.18505632877349831311 -0.17227444052696219701
1.20486414432525634766 1.09719145298004150391 1.17845046520233154297 0.95147073268890380859 -0.33441784977912897281 -0.72285193204879760742
0.28557649254798889160 0.05384992808103560014 0.61761027574539184570 1.16113221645355224609 -1.66494655609130859375 0.23149287700653070621
0.62089788913726806641 -0.03896323218941680211 1.30399501323699951172 -0.05434568226337430086 0.34683296084403991699 0.19630621373653409090
0.19222354888916010074 0.01566459424793719898 0.59190869331359863281 -1.06924605369567871094 -1.62300205230712890625 -0.26099559664726257324
-1.92992615699768088611 -1.42355740070343017578 -1.63687610626220703125 0.95008122920990001337 -0.42769816517829889468 0.53675925731658935547
1.20135724544525168689 0.77235966920852661133 1.02258336544036887439 1.70765912532806396484 1.20828485488891601562 -0.76059532165527343750
1.43502104282379150391 1.19595789909362792969 1.10091769695281982422 0.70063054561614990234 0.66567301750183105469 0.35323643684387201480
0.33074486255645751953 -0.27788564562797540836 1.46657884120941162109 -1.29116880893707275391 -1.62238454818725608142 0.19098514318466180972
0.09425681829452510485 0.51305377483367919922 -1.02483975887298583984 0.06387915462255469579 -1.00348830223083496094 -0.75625807046890258789
-0.42315545678138727359 -0.42954266071319580078 0.10198187083005899600 -1.64114546775817871094 -0.57082366943359375000 0.18230845034122458714
-1.88758826255798362048 -1.53422892093658447266 -0.77787655591964721680 0.10703083872795099429 -1.60205471515655517578 -0.66226845979690551758
-1.20352983474731445312 -1.32740664482116699219 -0.30834376811981201172 -0.73872786760330200195 0.19865973293781280518 -0.60857909917831420898
-1.99595451354980490954 -1.54331552982330322266 -1.19261717796325683594 -0.71810406446456909180 -0.63599509000778198242 -0.64086443185806274414
1.26277363300323486328 1.56987977027893088611 -0.46560135483741760254 0.09239248931407920140 1.08542764186859130859 0.49614760279655450992
0.04209686815738670346 -0.08658795058727260241 0.60926938056945800781 -0.18580378592014309969 -0.30238324403762817383 0.34833019971847528629
-0.46484425663948059082 -0.44816279411315917969 -0.00103153823874890002 0.26768296957015991211 -0.67854267358779907227 0.67850559949874877930
-0.50860399007797241211 -0.85948836803436279297 0.39502897858619689941 -0.06830269843339920044 0.37044799327850341797 0.73743587732315063477
1.44992232322692871094 1.03674602508544921875 1.69830763339996337891 1.40686821937561035156 -1.34988224506378151624 0.08370103687047950047
-0.87609708309173583984 -1.01119327545166015625 0.44508430361747741699 -1.05659461021423339844 0.48225843906402587891 -0.05925327539443969727
-0.34884181618690490723 -0.54627084732055664062 0.66054630279541015625 -0.51486968994140625000 1.38562834262847900391 0.81782031059265136719
0.10417544841766350483 0.84661698341369628906 -0.84364420175552368164 -1.53150570392608642578 -1.44434356689453125000 -1.78024935722351074219
0.80688178539276123047 0.79645687341690063477 0.08114305138587950272 0.67463266849517822266 0.27292653918266290836 -1.51660931110382080078
1.53761553764343261719 0.94965195655822765008 1.66746485233306884766 -1.10409474372863769531 0.54841530323028564453 -0.56086778640747070312
0.09662933647632590550 0.05504411086440080120 -0.26807680726051330566 1.75635170936584472656 -1.21906900405883789062 0.65179711580276489258
-0.61732536554336547852 -0.69561439752578735352 -0.27136051654815668277 -1.44497132301330566406 0.49309360980987548828 0.29320982098579401187
-1.32826888561248779297 -1.17066466808319091797 -0.43694669008254999332 -0.51426517963409423828 0.98185294866561878546 -0.09305412322282789750
0.78578478097915649414 1.10639035701751708984 -0.46325162053108209781 0.40547239780426019840 0.53075939416885375977 -1.51153874397277832031
-1.50532305240631103516 -1.66661095619201660156 0.10029560327529900288 -0.83035272359848022461 -0.14092777669429779053 -0.78823113441467285156
-0.38846138119697570801 -0.83515185117721557617 1.24728560447692871094 -0.47059896588325500488 1.48496615886688232422 1.02715909481048583984
-1.31398606300354003906 -0.75160080194473266602 -1.27254211902618408203 1.49973976612091064453 0.00844885129481550042 1.15312576293945312500
-0.58613419532775878906 -0.17820143699645990543 -0.51961565017700195312 -1.68150889873504638672 1.51147568225860595703 0.61474347114562988281
0.17328515648841849583 -0.73147881031036376953 1.69320964813232421875 1.05341553688049316406 0.28328946232795709781 1.96888828277587890625
1.00947535037994384766 0.69923728704452514648 0.80516391992568969727 -0.43955582380294799805 0.03291557729244230096 -1.73976254463195800781
-0.28334122896194458008 -0.35059094429016107730 -0.08905081450939170140 -1.14570653438568115234 0.94290030002594005243 0.81090366840362548828
0.00072975311195470005 0.72792458534240722656 -1.01730859279632568359 -0.34404438734054559879 0.24707837402820578832 -0.40176853537559509277
1.06617093086242675781 0.73567879199981689453 0.88731628656387329102 0.44749531149864191226 -0.02518664859235280121 -1.75336480140686035156
-1.15391135215759277344 -1.69517564773559570312 0.99410647153854359015 0.53162366151809692383 1.39300107955932617188 0.28775274753570551090
-0.52632790803909301758 -1.54918134212493896484 1.52481472492218017578 1.26083707809448242188 1.20961225032806396484 0.87152773141860961914
0.56221348047256469727 -0.01635047420859329914 1.63981974124908447266 0.07810781151056289673 -0.94692724943160999640 0.10934311896562569355
-1.10225296020507790296 -0.78939008712768554688 -0.65120255947113037109 -0.69769239425659179688 -1.62378203868865966797 -0.69048124551773071289
-1.25102460384368896484 -1.13275468349456809314 -0.45571827888488769531 1.74706542491912841797 1.23634886741638183594 1.02118527889251708984
0.67717772722244262695 1.42366850376129150391 -1.24105429649353049548 -0.78564071655273437500 -1.66770935058593750000 -1.61407077312469482422
0.84282028675079345703 0.16563792526721948795 1.42221617698669433594 1.07647740840911887439 -0.26611632108688348941 -0.22074201703071588687
-0.49825185537338251285 0.55901652574539184570 -1.24651539325714111328 -0.18364526331424710359 0.64170229434967041016 0.63676297664642333984
1.89131879806518510279 1.59762239456176757812 1.00918960571289062500 -0.81069737672805786133 -1.16209495067596435547 0.43907487392425531558
0.71017205715179443359 0.82154923677444458008 0.31836158037185668945 -0.54658424854278564453 0.54952090978622436523 -1.89554107189178489001
-0.02112906798720350088 0.34258121252059930972 -0.98244994878768920898 1.37625813484191894531 0.43109211325645441226 0.91275596618652343750
-1.44160640239715576172 -1.16286396980285644531 -0.48600983619689941406 0.97409796714782714844 -0.41501861810684198550 0.43183130025863647461
-0.66651099920272827148 -0.96931624412536621094 0.76203918457031250000 1.17529344558715820312 -0.32334586977958679199 0.84979796409606933594
-0.56137406826019287109 -0.89399290084838867188 0.50136721134185791016 1.34083545207977294922 0.42149797081947321109 1.21286857128143310547
1.67103457450866699219 1.53994643688201904297 1.23684990406036376953 0.35692888498306268863 -0.92106550931930541992 1.37322366237640380859
-1.31245696544647216797 -0.72549045085906982422 -1.66433155536651589124 -0.27525049448013300113 1.18385565280914306641 1.17193698883056640625
0.82490599155426025391 0.75925433635711669922 -0.57670944929122924805 -0.47199997305870050601 -0.49400293827056879215 -2.02684712409973144531
-0.86906933784484863281 -0.37202814221382141113 -0.95445245504379283563 -1.47162044048309326172 -0.11452577263116829609 0.36301907896995538882
0.17820675671100610904 0.17254741489887229222 0.21378618478775018863 -0.74585425853729248047 -1.54747235774993896484 -0.67659038305282592773
1.10187518596649169922 0.71761155128479003906 0.84664702415466308594 0.05762420222163199685 0.01935839839279649907 -1.72786712646484375000
0.07304506748914710301 -0.58410012722015380859 1.22499680519104003906 0.54079693555831909180 -0.83622843027114868164 1.24184584617614768298
-1.27288520336151123047 -1.33278024196624755859 -0.42446988821029657535 1.35704994201660156250 1.14365625381469726562 0.84708774089813232422
1.01086378097534179688 0.89698213338851928711 -0.32075840234756469727 1.51285278797149658203 0.22668345272541040591 -1.14254522323608398438
-0.54597812891006469727 -0.21345187723636618871 -1.36513733863830566406 -0.78467494249343872070 0.96247637271881103516 1.12424635887145996094
-1.50188434123992919922 -1.62391579151153564453 0.29301342368125909976 -1.69124805927276589124 0.21463322639465329256 -0.89528334140777587891
-0.69186866283416748047 -0.58708673715591430664 -0.69295555353164672852 1.05526614189147949219 -1.49936962127685569079 0.71723020076751708984
-0.42400553822517389468 -0.57537686824798583984 0.38365858793258661441 -0.80749702453613281250 -0.16829985380172729492 0.36888501048088068179
-1.58884274959564208984 -1.06399595737457275391 -0.91732215881347656250 -0.12960916757583609837 -0.72677570581436157227 -0.11406975984573360094
-1.50976979732513449939 -0.80447489023208618164 -1.70475530624389648438 0.35168263316154479980 -0.19439880549907678775 0.92129874229431163446
0.60227483510971069336 1.72297883033752441406 -1.66414225101470969470 0.74664229154586791992 -0.06619200110435480289 -0.23890453577041620425
0.35690316557884210757 0.92810684442520141602 -1.34963047504425048828 -1.46601235866546630859 0.33744481205940241031 -1.56571352481842041016
1.77744424343109130859 1.29750335216522216797 1.07581365108489990234 0.94676256179809559210 1.35805487632751464844 1.61548888683319091797
0.04884184524416920054 0.10267678648233409533 -0.28387212753295898438 -0.17646065354347229004 0.54311066865921020508 0.15429714322090148926
-0.73899924755096435547 -0.77183681726455688477 -0.69029116630554199219 0.79514044523239135742 -1.15451323986053489001 0.58864200115203857422
-1.56473565101623535156 -1.72319269180297829358 -0.23530830442905420474 1.08324146270751953125 1.34909975528717041016 0.06462603062391279740
-0.68046784400939941406 -0.17325848340988159180 -1.46514618396759033203 -0.23862285912036890201 0.07122834771871559834 1.20833611488342285156
-0.53590387105941772461 -0.40428400039672851562 -0.42734014987945551090 -1.41391432285308837891 1.43997192382812500000 0.36549222469329828433
-0.54667019844055175781 -0.28465822339057922363 -1.67601442337036110608 -1.37155151367187500000 -0.23078389465808860082 1.08201658725738525391
0.35367119312286371402 0.59915912151336669922 -0.68218725919723510742 -0.34325337409973138980 -1.48416745662689208984 -1.53048419952392578125
0.54973316192626953125 1.23276412487030029297 -1.17516386508941650391 -0.98606705665588378906 1.43536555767059326172 -1.67500925064086914062
0.95483183860778797492 1.30107164382934570312 -0.14698961377143859863 -1.15749371051788330078 -0.07918702065944670243 -1.62472784519195556641
1.72894680500030517578 1.29558944702148437500 1.01361751556396484375 1.64503014087677001953 -0.36783051490783691406 1.60787141323089599609
-0.03991105034947389774 0.16253837943077079076 0.16805911064147949219 0.64405304193496704102 0.11724583059549330277 0.54957306385040283203
-0.45864796638488769531 -0.09146106243133539371 -0.63230788707733154297 0.25141346454620361328 -0.45954459905624389648 1.09603261947631835938
1.51008093357086181641 1.08606994152069091797 1.25789511203765869141 1.17427635192871093750 -1.08346354961395263672 0.34852543473243707828
-0.59905368089675903320 -0.77734774351119995117 0.21347296237945551090 0.66042482852935791016 -1.67709541320800781250 0.62369412183761596680
-0.52250772714614868164 -0.07271263003349300036 -1.57249975204467751233 0.15479271113872519749 0.82404839992523193359 1.54589080810546875000
0.81273055076599121094 1.50709724426269509046 -1.14479267597198486328 -0.32435587048530578613 1.62996065616607688220 -0.50141131877899169922
0.16973593831062311343 -0.59719210863113403320 1.69889271259307861328 0.77164453268051147461 -0.70387357473373413086 1.57457911968231201172
0.37814772129058837891 1.01535952091217041016 -1.11138045787811279297 0.23850964009761810303 -0.72667622566223144531 -1.32381260395050048828
0.89853447675704956055 0.82788580656051635742 0.53780221939086914062 -1.36031365394592285156 0.65597397089004516602 -2.36932492256164506372
0.58556652069091796875 0.41081482172012329102 0.67677676677703857422 -0.21291565895080560855 0.57463449239730834961 -1.01152181625366210938
-0.13813732564449310303 -0.48350477218627929688 -0.22546443343162531070 0.37945553660392761230 -1.64981019496917724609 0.64338260889053344727
-0.51625478267669677734 -0.40376749634742731265 0.33387342095375061035 -0.02508995309472079882 1.51059377193450927734 1.11112475395202636719
0.70945209264755249023 1.08908569812774658203 -0.22110119462013239078 -0.81685364246368408203 0.23536266386508938875 -2.24116015434265181128
-1.48658061027526855469 -1.59881103038787841797 0.53951537609100341797 0.88224893808364868164 0.02154291421174999929 -0.07605825364589689774
-0.87223714590072631836 0.11290846019983290238 -1.35690021514892578125 -0.72374880313873291016 0.74380564689636230469 1.00207316875457763672
0.51671040058135986328 1.39147806167602539062 -1.15088415145874023438 1.39732265472412109375 -1.00663685798645019531 -1.17702436447143554688
-0.03073932230472559840 0.65384316444396972656 -1.10896670818328857422 -1.46358096599578857422 -0.93843847513198841437 -1.23991656303405761719
-1.10515499114990234375 -0.64591598510742187500 -1.55498182773590087891 -1.49144744873046875000 -1.38863658905029296875 0.41661179065704340152
0.99972027540206920282 1.69794464111328125000 -1.40546345710754394531 0.49798280000686639957 -0.29431220889091491699 0.43444031476974487305
-0.79521340131759643555 -0.35263839364051818848 -0.85953092575073242188 -0.48343390226364130191 -1.55230247974395751953 0.23003588616847989168
-1.75691485404968261719 -1.30520522594451904297 -1.03486490249633789062 -0.30165338516235351562 -0.34268510341644281558 -0.31004229187965387515
0.84407293796539306641 1.35626685619354248047 -0.25073724985122680664 -0.56007456779479980469 0.67414623498916625977 -1.28101933002471923828
-0.84750241041183471680 -1.37518882751464843750 0.58696204423904418945 0.04019850492477410053 0.02033289708197109913 -0.15702563524246210269
-1.16635870933532714844 -1.68399155139923095703 0.61771839857101440430 -0.63785487413406372070 0.51632374525070190430 -0.51542556285858154297
1.07324457168579101562 1.70749986171722389905 -1.34004676342010498047 -1.42050075531005859375 0.08569419384002679996 0.08302413672208780460
1.27438819408416770251 1.29234051704406738281 0.07995853573083870625 -0.09347407519817349519 0.64949548244476318359 -0.23252500593662259187
0.38546749949455261230 -0.08388614654541010074 0.83484011888504028320 -0.31015917658805841617 0.98656445741653442383 0.55286079645156860352
0.70893752574920654297 1.26466226577758789062 -0.39694076776504511050 1.53003227710723876953 -0.13750500977039328832 -1.03598773479461669922
0.33615478873252868652 0.22965112328529349583 0.10768961906433099918 1.39990413188934326172 0.81231117248535156250 0.08959172666072839908
0.95216625928878784180 1.40650701522827170642 -0.32535886764526361636 -1.62882971763610839844 -0.61897808313369750977 -1.70692682266235351562
-1.81491446495056130139 -1.59636580944061279297 -0.87322247028350830078 0.02083423174917689927 0.87935894727706909180 -0.06799786537885660342
1.46093308925628662109 1.32856094837188720703 0.81909710168838500977 -0.38823425769805908203 1.06353139877319335938 0.20340849459171289615
-1.39148986339569091797 -1.46535027027130126953 0.07068769633769980687 -1.58520114421844482422 -1.26200771331787109375 -1.36563348770141601562
1.09470105171203591077 1.08903312683105490954 0.58620178699493408203 0.44946289062500000000 0.71203285455703735352 -0.81866455078125000000
0.98659145832061756476 0.38896018266677850894 1.66504514217376708984 -0.35749390721321100406 1.24296641349792480469 -1.30675721168518088611
1.83373701572418190686 1.55403757095336914062 1.22950923442840576172 -1.05315399169921875000 -1.47323250770568847656 0.50087809562683105469
0.42164686322212219238 1.28698754310607910156 -1.21392035484313964844 0.70232301950454711914 0.39032635092735290527 -0.95621609687805175781
0.98267990350723277704 0.56752055883407592773 0.69907021522521972656 0.10844369977712629838 1.72530674934387207031 -1.30741178989410400391
-2.12853193283081054688 -1.75631988048553489001 -1.53478240966796875000 0.85332989692687988281 1.24011039733886718750 0.70810031890869140625
-0.08430955559015269885 -0.34262979030609130859 0.80619877576828002930 1.72142910957336447986 1.06176340579986550061 2.03319144248962402344
-0.17613096535205841064 0.36182287335395807437 -0.73411470651626586914 -0.21856927871704098787 -1.39619755744934082031 0.14680942893028259277
0.28002184629440307617 -0.21423026919364929199 0.80306297540664672852 1.45669698715209960938 -0.13129658997058860082 1.22663807868957519531
-0.61155629158020019531 -1.15495777130126953125 1.24128448963165283203 0.66529953479766845703 0.58849948644638061523 0.62684762477874755859
0.56884217262268066406 0.17036901414394378662 1.07012164592742919922 -1.31033802032470703125 0.35663524270057678223 -0.93868285417556762695
0.24320915341377249974 0.55148673057556152344 -0.85653197765350341797 -0.60347855091094970703 -0.79423761367797851562 -1.10193645954132080078
0.15815313160419461336 0.15147055685520169344 0.13516646623611450195 -1.38988864421844482422 -1.22936201095581032483 -0.91537004709243763312
0.37983560562133789062 -0.36713624000549310855 1.51469027996063232422 -1.62327015399932861328 -0.00321430433541529999 0.39761912822723388672
-0.51703429222106933594 -0.24655619263648981265 -0.56169277429580688477 0.80779385566711425781 0.29727318882942199707 1.25072264671325683594
0.71610170602798461914 1.44253683090209960938 -1.13755309581756591797 1.03173685073852539062 0.28055155277252197266 -0.59251725673675537109
-0.75418829917907714844 -1.35111725330352783203 0.80077910423278808594 -1.14373338222503662109 0.06096219271421429720 -0.45273613929748529605
-1.48652315139770507812 -0.93522208929061878546 -1.26680588722229003906 0.94147187471389759406 -0.49309238791465759277 0.60271036624908447266
2.13935279846191406250 1.73779642581939697266 1.09149968624114990234 0.76563310623168945312 0.15874855220317840576 0.47384417057037347965
1.06349253654479980469 0.77926117181777954102 0.62590843439102172852 0.13448633253574371338 -0.58261084556579589844 -1.84103631973266601562
0.43293645977973937988 1.16111755371093750000 -0.81753093004226684570 -1.36826109886169433594 -1.21101701259613037109 -2.40398502349853515625
-1.27678191661834716797 -1.16963601112365722656 0.00010358625149820000 -1.29027664661407470703 -0.33167284727096557617 -0.86857634782791137695
0.71026808023452758789 0.89387935400009155273 -0.09386821836233129324 -0.82264268398284912109 0.30184197425842279605 -2.17625880241394042969
-0.87907755374908447266 -1.19168400764465309827 0.53894346952438354492 0.55516153573989868164 0.69169628620147705078 0.45143344998359680176
0.39113485813140869141 1.33539235591888449939 -1.39913654327392578125 0.71242201328277587891 1.20760154724121093750 -0.82392060756683349609
-0.73104059696197509766 -0.82140237092971801758 0.02202384546399109924 1.26035904884338378906 -0.16150765120983121004 0.86950129270553588867
-1.44316697120666503906 -1.14755856990814208984 -0.80911642313003540039 -0.54140514135360717773 -0.52781945466995239258 -0.34526437520980829410
-0.76958662271499633789 -0.74460446834564208984 -0.13152745366096491031 0.89893698692321777344 -1.02619814872741699219 0.59540569782257080078
-1.29999113082885742188 -1.09251928329467751233 -0.10026916861534110326 -1.25681924819946289062 1.34375071525573730469 -0.06840536743402479691
-2.24265909194946289062 -1.71277916431427001953 -1.64790356159210205078 1.46980142593383789062 -0.24231378734111780338 0.60554039478302001953
-1.36410808563232421875 -0.82515203952789306641 -1.65880501270294189453 -0.46927657723426818848 0.77236074209213256836 0.68307107686996459961
1.05661940574645996094 0.42550325393676757812 0.77905219793319702148 0.31576967239379877261 -1.02814221382141113281 -1.63154935836791992188
0.81889700889587402344 1.17941594123840309827 -0.20260177552700039949 1.24099004268646240234 -0.78889477252960205078 -1.22215628623962402344
0.78736913204193115234 1.41749536991119384766 -0.90952527523040760382 1.58169162273406982422 -0.41749063134193420410 -0.54891502857208251953
-0.20204502344131469727 0.67694240808486938477 -1.26266479492187500000 0.38387817144393920898 -1.31920588016510009766 -0.26805943250656127930
0.42130416631698608398 1.04173004627227783203 -1.46689343452453591077 -0.32069301605224609375 -1.05933463573455810547 -1.86463487148284889905
-0.28852018713951110840 0.29823833703994750977 -0.81572753190994262695 1.19221258163452170642 -0.32687148451805109195 0.81519371271133422852
-0.10734760016202919697 0.36616498231887817383 -1.05011808872222900391 -0.92860764265060424805 -0.86899584531784057617 -0.37619513273239130191
-1.15456914901733398438 -1.76345229148864768298 0.75077092647552490234 1.19090712070465087891 1.26785039901733398438 0.26800045371055597476
0.82433021068572998047 0.80450356006622314453 0.39855441451072687320 0.99531036615371704102 -0.43751776218414301090 -1.35932779312133789062
-0.48386767506599420718 -0.88448381423950195312 0.65868771076202392578 -0.44181481003761291504 1.14442312717437744141 0.85535222291946411133
-0.87240189313888549805 -1.17309784889221191406 -0.16197523474693290013 -0.32358735799789428711 -1.44618523120880126953 -0.05350545421242709765
-0.96038180589675903320 -1.53861844539642311780 1.13585174083709716797 -0.45180624723434448242 -1.49289047718048095703 -0.77336508035659790039
-1.37260532379150390625 -1.73719382286071777344 0.97578662633895885126 1.59929835796356201172 1.32808578014373779297 0.82143813371658325195
0.79432678222656250000 -0.16571725904941558838 1.68119251728057861328 -0.93310290575027476923 -0.25676554441452020816 0.13433997333049768619
-1.30273914337158203125 -1.14195895195007324219 -0.02928099036216729942 -1.33126461505889892578 0.17692582309246060457 -0.47149753570556640625
-1.22300970554351806641 -0.81647884845733642578 -1.10254096984863281250 -0.01577492430806159973 0.16281992197036740389 0.52240240573883056641
-0.93513643741607677118 -0.88683438301086425781 -0.64869815111160278320 -0.60273760557174682617 -0.52223348617553710938 -0.00180092325899749994
-0.44002875685691827945 -0.24656333029270169344 -0.51483166217803955078 1.05723822116851806641 -0.00024667609250170002 1.34102261066436767578
0.33331421017646789551 1.00251114368438720703 -1.61260497570037841797 0.86534130573272705078 0.28511813282966608218 -0.86087995767593383789
0.29159721732139587402 -0.53776854276657104492 1.19149935245513916016 0.25472703576087951660 0.52955824136734008789 1.14604830741882324219
0.20087771117687219791 -0.24270309507846829500 0.74059665203094482422 -0.18898716568946830052 -0.88793021440505981445 0.33544188737869262695
0.24444647133350369539 0.98571544885635375977 -1.51944196224212646484 -0.77980434894561767578 1.55208683013916015625 -1.16694939136505126953
0.98061156272888183594 0.60508412122726440430 0.95773720741271961554 -1.24738597869873046875 1.49347710609436035156 -1.87665772438049271997
-0.09945854544639580463 0.74939018487930297852 -1.48910951614379882812 -0.23555891215801239014 -1.33624255657196044922 -0.50565797090530395508
-1.41939675807952880859 -1.47002267837524391858 -0.30339297652244567871 1.42579543590545632092 1.12831950187683105469 0.33197662234306329898
-1.07128155231475830078 -0.39866906404495239258 -1.50688230991363525391 -0.87720412015914916992 1.28375172615051269531 1.13624751567840576172
-0.20127378404140469637 -0.91610890626907359735 1.12848246097564697266 -0.37926653027534479312 -1.23369455337524391858 0.50113081932067871094
-0.01658680289983740022 -0.13798354566097259521 0.63341182470321655273 1.56853890419006369861 -0.27876678109169000797 1.12046730518341064453
-1.58328795433044433594 -0.92976355552673339844 -1.42158079147338889392 0.06869840621948239412 -0.85364735126495361328 0.36512854695320129395
-0.80290943384170532227 -0.53960275650024414062 -1.53499364852905273438 -0.01330191176384679964 1.08412802219390869141 1.53995370864868164062
1.54753208160400390625 0.99593776464462280273 0.97370350360870361328 -0.99014484882354736328 1.42427194118499755859 -0.93288499116897583008
1.01212441921234130859 0.84799903631210327148 1.01567220687866210938 1.32192063331604003906 0.60782915353775024414 -0.87819582223892211914
0.84228062629699707031 0.07959999889135359330 1.70808506011962890625 0.94145423173904418945 -1.10888540744781494141 -0.05740272626280779750
1.07555854320526123047 1.38580155372619628906 -0.86264455318450927734 -1.53381693363189697266 0.76394754648208618164 -0.59946113824844360352
0.87504762411117553711 1.60098254680633544922 -0.78304600715637207031 0.02266171947121619831 0.98322737216949462891 -0.22869065403938290681
-1.61042594909667968750 -1.65853583812713623047 -0.59440082311630249023 1.12213325500488281250 -1.35666024684906005859 -0.26197737455368041992
0.83729940652847290039 0.17894755303859710693 1.51527345180511474609 1.45422863960266113281 1.17455685138702392578 0.21298283338546750154
-0.47894862294197082520 -0.48923569917678827457 -0.45241418480873107910 0.98237043619155883789 1.10592651367187500000 1.59215378761291503906
-1.27583718299865722656 -1.53556239604949951172 -0.60619592666625976562 0.41122555732727050781 -1.33248293399810791016 -0.49079653620719909668
0.10463815182447429308 0.80533850193023681641 -1.08487772941589355469 -0.83970576524734497070 -0.17570483684539789371 -1.11534714698791503906
0.83793371915817260742 0.92956757545471202508 -0.09605070203542709351 -1.23738205432891845703 1.32400560379028320312 -2.18080997467041015625
1.14249587059020996094 0.34544885158538818359 0.98973017930984497070 1.13990056514739990234 -0.31605845689773559570 -1.04227185249328591077
-0.40330237150192260742 -0.21689325571060180664 -0.78988957405090332031 0.41519868373870849609 -0.24379354715347290039 1.15538215637207031250
1.86170935630798362048 1.36060512065887428967 1.12106394767761230469 0.31133365631103510074 1.49864923954010009766 1.49501681327819824219
0.68618214130401611328 0.12391152232885359330 1.35262966156005859375 -1.38766753673553489001 1.16873645782470703125 -0.81140536069869995117
1.07220900058746337891 1.50103342533111550061 0.02134157530963419827 0.40433919429779052734 1.49834275245666503906 0.23167861998081198949
-0.66217029094696044922 -1.18897104263305664062 0.85402703285217285156 1.60577332973480224609 0.14555172622203821353 1.17187643051147460938
-0.38554614782333368472 -0.21472072601318359375 -0.62929171323776245117 0.65569090843200683594 -1.04462552070617675781 0.78721368312835693359
-1.18627202510833740234 -0.97722804546356201172 -1.02413606643676757812 1.58344054222106911389 1.15747785568237304688 1.06422853469848632812
-1.81896996498107910156 -1.23932194709777832031 -1.48251295089721679688 1.48732399940490722656 0.08019448071718210391 0.98806977272033680304
-0.76705002784729003906 -0.67258518934249877930 -0.38042190670967102051 0.66017180681228637695 -0.13343773782253259830 0.75574642419815063477
0.02015956491231910008 -0.48606652021408081055 1.14494407176971435547 -0.03315183147788040158 -1.56595110893249511719 0.76908326148986816406
-0.98562395572662364618 -1.69783747196197509766 1.70191383361816406250 -0.48836314678192138672 -0.87516719102859497070 -0.09094809740781779894
1.05373430252075195312 1.61065447330474831311 -0.43491789698600769043 0.19058966636657709293 1.14487099647521950452 0.08923281729221339831
-0.15886941552162170410 -0.06791127473115919633 -0.52875399589538574219 0.41457256674766540527 0.38266828656196588687 0.94219076633453358038
-0.46496048569679260254 -0.19661135971546170320 -0.53716301918029785156 1.32236039638519287109 -0.23230689764022818822 1.46134018898010231702
-1.31018984317779541016 -1.38304340839386008533 0.07889796048402779316 -0.84825348854064941406 -1.37313115596771240234 -1.11749196052551269531
-0.31792694330215448550 -0.27391767501831049136 -0.53220701217651367188 -0.01980624720454210105 -0.90310037136077880859 0.60793787240982055664
0.98223251104354858398 0.14978463947772979736 1.70791769027709960938 -1.11506330966949462891 0.45043325424194330386 -0.99773365259170521124
-0.08760698884725570679 0.03364159166812889790 -0.08471556007862089677 -0.00958062987774609999 -0.95390546321868896484 0.17671328783035269994
0.83632981777191162109 0.69488066434860229492 0.67163246870040893555 -0.10703024268150329590 -1.29575526714324951172 -2.02675271034240722656
-0.44753649830818170718 -0.98164826631546020508 1.15069770812988281250 -0.02643956057727329945 1.59400188922882080078 1.03649795055389404297
0.43654543161392211914 0.82636058330535888672 -0.26585057377815241031 -0.09121404588222499499 0.26768848299980158023 -1.44332134723663330078
1.81874871253967285156 1.24570655822753906250 1.52278530597686767578 0.29120996594429010562 0.00318539980798950018 1.11938214302063010486
-0.21369196474552148990 -0.22911815345287320222 0.44451552629470819644 1.47836029529571510999 1.68401980400085449219 1.55535554885864257812
-0.61755561828613281250 -0.78977686166763305664 -0.51122361421585083008 -0.01260023284703489996 -1.42612552642822287829 0.28934264183044428043
-0.70392459630966186523 -1.18919205665588378906 0.00204102741554370009 1.41600620746612571033 1.49033629894256591797 1.06433701515197753906
-1.52959990501403808594 -1.19008600711822509766 -1.46415925025939941406 0.52290225028991699219 0.02409780956804749921 0.59346449375152587891
1.09963750839233398438 1.02554905414581298828 0.31708920001983642578 -1.54700815677642822266 -0.02078232541680330100 -2.10278582572937011719
-0.31213921308517450504 0.10833250731229779329 -0.94841450452804565430 -1.37604105472564697266 -1.67547428607940673828 -0.29290416836738580875
-0.88543695211410522461 -0.95215588808059681281 -0.19757099449634549226 1.51223158836364768298 -1.55423533916473410876 0.66644269227981567383
0.39792442321777338199 1.16928970813751220703 -1.53184962272644042969 0.00917531456798310018 0.97031599283218383789 -1.01144433021545410156
0.65484297275543212891 1.05945944786071777344 -0.02921971864998339913 -0.36766546964645380191 -1.18567919731140136719 -2.10893559455871582031
0.48306527733802789859 0.60375416278839111328 -0.09308633953332899613 -1.01526904106140136719 -0.97691637277603160516 -2.29481339454650878906
1.81712353229522705078 1.22586464881896950452 1.55804514884948730469 0.46863254904747009277 -1.30992889404296875000 0.86625087261199951172
-0.37367898225784301758 -0.66073375940322875977 0.20434668660163879395 -0.74027538299560546875 0.40169957280158991031 0.52460503578186035156
0.30589494109153747559 0.71913033723831176758 -0.70104575157165527344 -1.16811358928680419922 -1.48752522468566894531 -1.75644195079803489001
-1.99318337440490722656 -1.53773105144500710217 -0.89177209138870239258 -0.17535668611526489258 0.52755421400070190430 -0.08882581442594519872
1.37365663051605224609 1.17882883548736550061 0.98459488153457641602 0.92671549320220958368 -1.44982385635375976562 -0.15031464397907248753
1.39506697654724121094 1.39899528026580810547 0.96961718797683715820 0.06710962951183309377 0.84885960817337036133 0.52443063259124755859
-1.56694495677947998047 -1.23106014728546142578 -0.98010730743408203125 1.06102550029754638672 0.81947022676467895508 0.63491326570510864258
-0.16359789669513699617 -0.70368236303329467773 1.04957294464111328125 0.29166421294212341309 1.49800574779510498047 1.32520544528961181641
1.55064964294433593750 1.10788738727569580078 1.36742591857910156250 -1.07495367527008056641 0.03950860723853109879 -0.04553584754467009804
0.59039211273193359375 0.99113827943801879883 -0.43426948785781860352 -0.46017768979072570801 1.21747052669525168689 -1.98721611499786399158
-0.00765685504302380041 0.24688239395618438721 -0.50954091548919677734 -1.51474237442016601562 -0.98039710521697998047 -0.82996797561645507812
1.07380092144012428967 0.95502156019210815430 0.20486453175544738770 1.67571735382080078125 1.25433909893035888672 -0.68764096498489379883
0.07266665250062939729 0.97302234172821044922 -1.69501817226409912109 1.39006197452545166016 -1.47334694862365722656 -0.26373970508575439453
0.49287211894989008121 0.26720583438873291016 -0.33198174834251398257 -1.51892077922821044922 0.31933897733688348941 -1.24337863922119140625
-0.74549704790115356445 -1.53062486648559570312 0.78174310922622680664 -0.90755337476730357782 0.99120604991912841797 -0.40567043423652648926
-1.57753813266754150391 -1.35021579265594482422 -0.68924313783645629883 1.63115382194519042969 0.13632887601852408666 0.42610347270965570621
-1.41034102439880371094 -1.67039847373962402344 -0.14688304066658020020 0.15246057510375971011 0.08692388236522670397 -0.28576350212097167969
0.15675291419029230289 0.30464211106300348453 -1.36740458011627197266 -0.14750921726226801090 0.60735648870468139648 0.15249463915824890137
-0.63971489667892456055 -1.22980523109436035156 1.36865067481994628906 0.03700736537575719659 1.69700908660888671875 1.04102504253387428967
-1.05196857452392578125 -1.16340589523315429688 -0.23947991430759429932 1.18877744674682617188 0.79419904947280883789 0.78171533346176147461
1.70349717140197753906 1.42354464530944824219 1.40943908691406250000 -0.57451111078262329102 0.43833544850349420718 0.99877578020095836298
-1.45256388187408447266 -1.66424477100372314453 -0.14683644473552701082 -0.56075751781463623047 1.51085948944091796875 -0.25990328192710870914
1.12487506866455078125 1.53332781791686989514 -0.73432242870330810547 -1.32799756526947021484 0.09505375474691389603 -0.71561437845230102539
-0.05704079195857039708 -0.14082066714763641357 0.47010457515716552734 1.44798636436462402344 -1.45321094989776589124 0.88423186540603637695
-1.15072274208068847656 -0.39204168319702148438 -1.33396828174591064453 0.25220462679862970523 -1.35754203796386718750 0.90726381540298461914
0.79424661397933959961 1.46133625507354736328 -0.87241250276565551758 1.37730824947357177734 0.50052571296691894531 -0.42619311809539789371
0.90453553199768077508 1.64734625816345192639 -1.07847917079925537109 0.35600095987319940738 -0.31646940112113952637 0.00961961876600980065
0.49556255340576171875 0.23330402374267569798 1.11234581470489501953 1.33510708808898925781 0.37840455770492548160 0.22998835146427148990
0.41777184605598449707 0.84782826900482177734 -0.93605905771255482062 1.49235975742340087891 -1.40797984600067138672 -1.04372835159301757812
0.71056193113327026367 0.89432328939437866211 -0.00283204880543049984 0.52085113525390625000 -0.27762731909751892090 -1.82069480419158913342
0.02990877628326410118 0.38594657182693481445 -0.66415572166442871094 0.83794301748275756836 -1.51474106311798095703 -0.23650528490543359927
-0.02436773106455800142 0.90148854255676280633 -1.39657723903656005859 0.15750592947006220035 -0.76176398992538452148 -0.73768401145935058594
1.17811441421508789062 0.46184515953063959293 1.58097553253173850329 -1.48520195484161376953 0.37906038761138910465 -2.01031661033630415503
0.00493289623409500031 -1.02904629707336447986 1.68036258220672607422 0.83894503116607666016 -1.61340296268463112561 1.18844258785247802734
-1.07784652709960937500 -1.61329209804534912109 0.45368564128875732422 -1.62826097011566162109 0.72287034988403320312 -0.93219870328903198242
0.01195418462157240083 0.36894682049751281738 -0.96222376823425281867 -1.52368700504302978516 -0.50970047712326049805 -0.72499567270278930664
0.09833291918039320512 -0.36935418844223022461 0.43085443973541259766 0.82604271173477172852 1.46171081066131591797 1.45662236213684082031
-1.46168529987335205078 -1.25874733924865722656 -0.37526285648345947266 0.51440328359603881836 -0.19441731274127960205 -0.01525685843080279956
-0.97269046306610118524 -1.74264204502105712891 0.91042059659957874640 -0.32490798830986017398 1.73572301864624023438 0.05567103996872899835
-0.58851760625839233398 -1.21234035491943359375 1.29902815818786621094 -1.16011309623718261719 0.41457799077033991031 0.13321328163146969881
-1.54765355587005615234 -0.97210270166397094727 -1.64946615695953369141 0.12677687406539908666 -0.99810624122619640008 0.38550209999084472656
-0.49845486879348749332 0.54243993759155273438 -1.56007099151611328125 -0.59444802999496459961 0.33523085713386530093 0.64760553836822509766
-0.57249128818511962891 0.15184760093688959293 -1.69389843940734863281 -0.35631641745567321777 1.40937018394470192639 1.54351794719696044922
0.43016138672828668765 0.48638656735420221500 0.28575932979583740234 1.44338297843933105469 -0.06895199418067929353 -0.73987251520156860352
0.76936614513397216797 0.77222186326980590820 -0.04021748527884479868 -0.34076389670372009277 1.03747332096099831311 -1.58649790287017822266
0.46368247270584100894 0.24657207727432250977 0.37672013044357299805 0.08736120909452430028 -0.89332896471023559570 -0.77704149484634399414
0.62763005495071411133 0.52522236108779907227 1.24221611022949218750 1.01342999935150168689 -0.94478875398635864258 -0.95825254917144775391
0.02349750138819210049 -0.64149320125579833984 1.10423600673675537109 0.68952053785324096680 -0.75611412525177001953 1.15821385383605957031
-0.24576443433761591129 -0.06091675907373420018 -1.19971072673797607422 -1.66656363010406494141 1.19168865680694580078 0.63394659757614135742
1.10314297676086447986 1.33967757225036621094 0.07733788341283789891 0.68212187290191650391 0.62354958057403564453 -0.30639943480491638184
0.75262612104415893555 1.07186579704284690173 0.13615886867046350650 -0.09605752676725380634 1.43454349040985107422 -1.55756270885467529297
-1.94414603710174560547 -1.48959684371948242188 -1.63087952136993408203 1.39046561717987060547 1.58968615531921408923 1.21821999549865722656
-1.78026545047760009766 -1.39635777473449707031 -0.80227679014205932617 -1.08630800247192382812 -0.81028741598129272461 -0.71828377246856689453
-0.79123729467391967773 -1.57283806800842285156 1.43442654609680175781 -0.59246319532394409180 0.47163552045822138004 0.17160815000534049291
-0.34628215432167047672 -0.72927629947662353516 0.64573639631271362305 -0.50419187545776367188 -0.40835645794868469238 0.65511435270309448242
-1.28246879577636718750 -1.00087368488311767578 -0.77751928567886352539 -1.12777280807495117188 1.52552437782287597656 -0.21061806380748748779
1.16377985477447509766 1.44229543209075927734 -0.04430992528796189739 -0.40294778347015380859 1.05406057834625244141 -0.34717038273811340332
-0.37467855215072631836 0.21605817973613739014 -1.24028766155242919922 1.15015208721160888672 1.51510941982269287109 1.66487324237823486328
-1.08091664314270019531 -1.42164099216461181641 0.55549067258834838867 1.10380065441131591797 -0.14697721600532528963 0.21808114647865289859
-0.61361479759216308594 0.01748269610106939834 -1.13119411468505859375 -0.01305586844682690012 0.32077988982200622559 0.98312371969223022461
-0.30479350686073297672 -0.18335390090942380037 -0.43649107217788690738 0.52217578887939453125 1.13259935379028320312 1.12747907638549804688
-0.01194302830845109936 1.01196515560150168689 -1.68701314926147460938 -1.38259577751159690173 -1.46949434280395507812 -1.62830960750579833984
2.13170456886291503906 1.54415214061737060547 1.07449698448181152344 -1.17720472812652610095 -0.41952455043792719058 0.03697452694177619931
1.72321140766143798828 1.55205440521240234375 1.13060092926025390625 1.45618140697479248047 0.51872116327285766602 1.74650835990905761719
-0.93635588884353637695 -0.78598004579544067383 0.89371079206466674805 1.41910493373870849609 0.00007313900277949870 0.96399295330047596320
-0.90495604276657104492 -0.25588703155517578125 -1.60040152072906494141 -0.75423473119735717773 0.52316826581954956055 1.10335135459899902344
1.97074925899505593030 1.35574495792388916016 1.23643946647644042969 1.01435947418212890625 -0.39288184046745300293 1.67825174331665039062
0.13453060388565060701 0.72731757164001464844 -1.04443275928497314453 -1.08616447448730490954 0.82957923412322998047 -1.09789586067199707031
-1.69037020206451416016 -1.35890674591064430921 -0.51617676019668579102 -0.53754109144210815430 0.81585037708282470703 -0.20326068997383109349
0.73627573251724243164 0.75141590833663940430 0.44991862773895258121 1.36178219318389892578 -0.52014905214309692383 -1.21699357032775878906
0.88821882009506225586 1.24984836578369140625 -0.68139672279357910156 0.78854703903198242188 1.44863831996917724609 -0.76292431354522705078
-0.50618535280227661133 0.27939933538436889648 -1.56742537021636962891 -1.48859000205993630139 -1.58692467212677001953 0.31850361824035638980
-0.25798702239990228824 0.56326472759246826172 -1.03343570232391357422 0.68829774856567382812 0.92857247591018676758 0.75893980264663696289
-0.86705160140991210938 -1.20988392829895019531 0.79068642854690551758 0.53555983304977416992 -0.12374390661716459794 0.50803774595260620117
-1.38248085975646950452 -1.39015495777130126953 0.08601596206426620483 -0.52871286869049072266 -1.54470944404602050781 -0.71370458602905273438
-0.69206833839416503906 -0.10118532925844189729 -1.56013751029968261719 0.75855392217636108398 -0.45083582401275629215 1.69211554527282714844
-0.09186514467000959916 -0.99766522645950317383 1.43864440917968750000 0.68414682149887084961 -0.01029846910387269970 1.11174011230468750000
-0.36011028289794921875 0.33182674646377557925 -1.10465157032012939453 0.14753933250904080476 1.02777814865112304688 0.86666494607925415039
-0.33701699972152709961 -0.25097724795341491699 -0.20130251348018640689 -0.92287361621856678351 0.54483729600906372070 0.43776336312294000797
-0.82363653182983398438 -1.73674881458282470703 1.40808594226837158203 1.31228625774383544922 0.75231659412384033203 0.71578353643417358398
-1.56649124622344970703 -1.61140739917755126953 -0.18123753368854519930 -1.56786680221557617188 -0.31912425160408020020 -1.29805874824523925781
-1.55786633491516113281 -1.35071694850921630859 -0.08364088833332060380 -0.79079747200012207031 -1.20157909393310569079 -0.53936165571212768555
1.29742681980133056641 0.84309166669845581055 1.03173327445983886719 -1.16393363475799560547 -1.57883393764495849609 -2.18247437477111816406
0.30007889866828918457 -0.01985504850745200070 0.15776680409908289127 -0.28944247961044311523 -0.52904534339904785156 0.15594707429409018773
-0.82037889957427978516 -0.36530733108520507812 -1.04339361190795898438 0.98392134904861439093 1.27426111698150634766 1.77277684211730957031
-0.60320103168487548828 -0.76631957292556762695 0.00737067451700559959 0.75257760286331176758 1.72032356262207031250 1.16795039176940917969
0.91104090213775634766 1.61059784889221191406 -1.10626816749572753906 -1.27412343025207519531 -0.20391687750816339664 -0.64305293560028076172
-1.76925075054168701172 -1.19376993179321289062 -1.27531659603118896484 -0.56555968523025512695 -0.85751515626907348633 -0.29504093527793878726
0.56251072883605957031 1.47157764434814430921 -1.42360019683837890625 1.17882227897644042969 0.15667212009429928865 -0.89336103200912475586
0.15484735369682309236 -0.01226512622088190077 0.24406108260154721346 -1.19129085540771484375 0.34776836633682250977 -0.19611778855323788728
0.07409449666738510132 -0.62409979104995727539 1.23138833045959472656 -1.16828119754791259766 -1.40856587886810302734 0.34632909297943109683
0.71234637498855590820 0.99840503931045521124 -0.76793140172958374023 -1.45228493213653564453 0.85194796323776245117 -2.16554355621337890625
-0.98795086145401000977 -1.52507090568542480469 0.78745931386947631836 -0.71889531612396240234 -1.49114775657653808594 -0.75587630271911621094
0.73486971855163574219 1.61760115623474121094 -1.40936243534088112561 1.35357475280761718750 -1.43677985668182350842 -0.26441434025764459781
-0.06149245053529729665 -0.32784464955329889468 -0.03569761291146270055 -1.24302244186401367188 -0.17286032438278189916 0.21632893383502960205
-1.89249730110168479236 -1.21303319931030273438 -1.49260985851287841797 -1.20702993869781494141 0.50573831796646118164 -0.10118850320577620072
-0.03190192580223080027 0.75260609388351440430 -0.93512761592865001337 -1.17808556556701660156 -0.87319833040237426758 -1.22639155387878417969
0.13579824566841119937 0.99466884136199962274 -1.48577654361724831311 -0.58743757009506225586 1.64719855785369873047 -0.72746366262435913086
-1.00961673259735107422 -1.47125709056854248047 0.17856824398040768709 1.61337673664093017578 1.48891139030456542969 0.63531720638275146484
0.70562261343002319336 1.57399821281433105469 -1.65288710594177246094 -1.07300019264221191406 -0.24508029222488400545 -0.57806903123855590820
2.20749211311340376440 1.40090095996856689453 1.69687104225158691406 -0.34261834621429437808 -0.51175796985626220703 1.02114093303680419922
-0.19887752830982199925 -0.29803186655044550113 -0.14820295572280881014 1.05281507968902610095 1.60386478900909423828 1.48446881771087646484
-0.64657187461853027344 -0.86940526962280273438 0.47967845201492309570 -0.06930045783519739322 0.81236165761947631836 0.50626349449157714844
-1.14785969257354736328 0.00054488907335320004 -1.69807374477386474609 0.49988082051277160645 -1.31245648860931396484 1.43465352058410644531
-1.48360335826873779297 -1.55660295486450195312 -0.59338545799255371094 -1.32740867137908935547 1.29831898212432861328 -0.47516956925392150879
-1.86838638782501198499 -1.61479902267456032483 -1.29480075836181640625 -0.20889706909656519107 -1.43115496635436989514 -0.67846143245697021484
1.12140715122222900391 0.47253844141960138492 1.18101501464843750000 -1.11457204818725608142 0.87210929393768310547 -1.90549528598785400391
-0.86723613739013671875 -0.48739209771156311035 -1.23260855674743630139 -1.62801587581634521484 -0.83526170253753662109 0.03040252067148679904
0.64440464973449707031 0.57851016521453857422 0.69763505458831787109 0.78487175703048706055 0.60024094581604003906 -1.10695433616638183594
1.77717614173889160156 1.14339745044708229749 1.34629893302917480469 -1.30757069587707519531 0.80105954408645629883 0.28250956535339349918
1.10547590255737304688 0.55320966243743896484 1.59384894371032714844 1.72825002670288085938 1.50890994071960449219 -0.40322652459144592285
1.03917992115020751953 0.54867601394653320312 0.91644161939620960577 1.31869733333587646484 -0.60900551080703735352 -0.97127872705459594727
-1.33182680606842041016 -1.19117331504821777344 -0.88191658258438110352 1.49738526344299316406 1.03163611888885498047 0.83232301473617553711
0.74569898843765258789 0.47449550032615661621 0.44275650382041931152 0.28316035866737360172 -1.06849706172943115234 -1.52072978019714355469
-0.21662347018718719482 -0.05034991726279249707 -0.89264947175979614258 0.45809757709503168277 0.69525128602981567383 1.31836998462677001953
1.35235190391540527344 0.38543882966041559390 1.41373014450073242188 -0.35672900080680841617 -0.61743479967117309570 -1.64701962471008300781
1.34040665626525878906 1.41069316864013671875 -0.40111717581748962402 -0.56420391798019409180 -1.21651625633239768298 -0.48283970355987548828
0.32694813609123229980 -0.12593573331832880191 0.87171077728271484375 -1.56535005569458007812 -1.24965405464172363281 -0.47420194745063781738
0.86419504880905151367 0.91861498355865478516 0.13192075490951529759 -0.57626670598983764648 -1.40551424026489257812 -2.12176394462585449219
1.58382296562194824219 1.52168834209442138672 0.52971559762954711914 -1.24092769622802712171 -0.23983156681060791016 0.36786276102066040039
1.84712505340576149671 1.46010053157806396484 0.70389723777770996094 0.90400242805480957031 0.75107032060623168945 1.77056849002838112561
-0.93333715200424205438 -1.42289948463439941406 1.18058252334594726562 -1.18438184261322021484 -1.41202962398529030530 -0.30262985825538629703
-1.70990145206451416016 -1.70585608482360839844 0.28302469849586481265 0.80553817749023437500 -0.58947676420211791992 -0.42166185379028320312
-0.41940009593963617496 -0.12426959723234169697 -1.42471730709075927734 0.64590251445770263672 -1.17016112804412841797 1.28115439414978049548
0.51075971126556396484 0.12388008087873450536 1.14301049709320090564 -0.58708888292312622070 -0.19850514829158780183 -0.62278950214385986328
0.52339196205139160156 1.03875815868377685547 -1.18544697761535644531 1.02326571941375710217 1.59346735477447509766 -1.29146289825439430921
-1.35617995262145996094 -1.66226541996002197266 -0.57218313217163085938 -0.94694983959197998047 -0.21154460310935971346 -0.86146134138107299805
-0.61387461423873901367 0.03620642051100730202 -1.29815304279327392578 -0.69494485855102539062 1.31378805637359619141 1.33594512939453125000
-0.47261250019073480777 -0.71007555723190307617 0.27785110473632812500 1.71370995044708229749 -0.56229853630065917969 1.47720909118652343750
1.62013173103332519531 1.31212627887725830078 1.62521469593048095703 0.11066950857639309969 -1.07567584514617919922 0.77729308605194091797
0.64723110198974609375 1.41260004043579101562 -1.17864537239074707031 1.49885344505310058594 0.35698071122169489078 -0.86069923639297485352
0.69590830802917480469 0.69363701343536376953 -0.15017455816268920898 -1.66187489032745361328 -0.31458529829978937320 -2.70570755004882812500
0.50589603185653686523 0.41003704071044921875 -0.02121953479945649923 -1.37682044506072998047 -0.74073058366775512695 -1.77316999435424804688
0.21705962717533108797 0.92511045932769775391 -0.92366790771484375000 1.18262290954589843750 1.10505163669586181641 -0.77264499664306640625
0.14352257549762720279 0.90749776363372802734 -1.46072733402252197266 -0.31736689805984491519 -0.72523069381713867188 -1.43703174591064430921
-0.25782111287116998843 -0.47232589125633239746 0.49427682161331171207 -0.46965622901916498355 0.40690737962722778320 0.69646912813186645508
1.85422515869140647204 1.45343613624572753906 1.49640417098999023438 -0.82660603523254394531 -1.04632008075714111328 0.73494607210159301758
0.75572431087493896484 1.00829720497131369861 0.10638517141342160310 0.63107711076736450195 0.28768187761306762695 -1.33813333511352539062
-0.85844123363494873047 -0.96643680334091197626 0.23624132573604580965 1.08691084384918190686 -0.92482358217239379883 0.58086389303207397461
1.35660910606384277344 1.67795503139495849609 -0.09264662116765970401 -0.32315897941589349918 -1.48242831230163552014 0.17026668787002560701
1.39769065380096435547 1.68831169605255126953 0.32954579591751098633 -0.96464139223098754883 -1.24356830120086669922 0.26150009036064147949
-0.51065957546234130859 -0.06082864105701440288 -1.33842933177947998047 -1.03844106197357177734 0.44839352369308471680 0.64546304941177368164
0.51349300146102905273 -0.01512429025024169919 0.78514730930328369141 -0.21331518888473510742 0.56949019432067871094 -0.16226497292518610172
-0.03863045200705519933 -0.04298036918044090271 -0.05368521437048909967 0.02851958572864530042 -0.73585224151611328125 0.15768961608409878816
0.48334014415740961246 -0.00598531821742650030 1.41520488262176513672 -1.50648355484008789062 -1.24261748790740966797 -0.68330377340316772461
-1.48185634613037109375 -1.41508507728576660156 0.12449079751968379626 -1.00677883625030517578 -1.33498919010162353516 -0.93946683406829845087
-0.32873025536537170410 0.16815742850303649902 -1.12183177471160888672 0.87470120191574096680 -0.45268613100051879883 0.96108043193817138672
0.14186666905879968814 0.96114635467529296875 -1.16093695163726806641 -0.60266202688217163086 -1.07963550090789794922 -1.61678743362426757812
0.21582879126071929932 -0.18052290380001059789 0.56284290552139282227 -1.52917003631591796875 -0.58144211769104003906 -0.22850932180881500244
-1.31937003135681152344 -1.15820884704589843750 -1.06520640850067138672 -1.35749745368957519531 1.49505233764648437500 -0.08251234889030449604
0.90026593208312988281 0.06343058496713629979 1.35644114017486550061 0.68597787618637084961 1.43975245952606201172 -0.26057347655296320132
-0.32559719681739801578 -0.14289276301860809326 -0.24036845564842221346 1.00933194160461447986 -0.37840539216995239258 1.19785606861114501953
0.43355035781860351562 0.00087625219020990002 0.79635179042816162109 0.10093106329441070557 1.58628809452056884766 0.63793724775314331055
-0.77100753784179687500 -1.21846294403076149671 -0.14535327255725860596 0.71908748149871826172 -0.93015623092651356085 0.30668878555297851562
0.69734388589859008789 -0.02068446390330790086 1.34182465076446510999 -0.78358340263366699219 -0.14774991571903228760 -0.25988274812698358707
0.14263428747653961182 0.31860411167144769840 -0.05761949717998499781 -1.28440928459167480469 -1.06053304672241210938 -0.84015810489654541016
1.37915909290313720703 1.19565773010253906250 0.88956671953201293945 0.22251896560192099828 -0.64751666784286499023 -0.33330568671226501465
1.42848372459411621094 0.87468355894088745117 0.74794554710388183594 -0.42286136746406549625 -0.41306999325752258301 -1.19970846176147460938
-1.16540586948394775391 -1.61992943286895751953 0.52390635013580322266 -1.56941235065460205078 1.22950983047485351562 -0.58226048946380615234
0.14127190411090850830 0.37497571110725397281 0.45704165101051330566 -1.52225828170776367188 1.18375885486602783203 -0.75961428880691528320
-2.07195925712585449219 -1.63147270679473876953 -1.13114106655120849609 -0.00618813000619409994 -1.03672218322753906250 -0.29374307394027709961
0.69165593385696411133 0.94875234365463256836 -0.16081473231315610017 -0.06496893614530560579 -0.02904304489493370056 -1.85891258716583229749
-1.04101812839508056641 -0.46446272730827331543 -1.52129566669464111328 0.13693670928478240967 -0.86995333433151245117 0.89435571432113647461
1.28022408485412597656 1.57564294338226318359 -0.13825951516628259830 -0.41084858775138849429 0.16659100353717801180 0.07148818671703330296
-0.14872989058494559544 -0.62077176570892333984 1.12939882278442382812 -1.58762669563293457031 1.03161215782165527344 0.54517614841461181641
-1.97016835212707519531 -1.62120234966278076172 -1.49675154685974121094 1.17655777931213378906 0.10699062794446939639 0.41398838162422180176
0.49489799141883850098 0.84755229949951171875 -0.82409298419952392578 1.60946249961853049548 -0.92173373699188243524 -1.02737164497375488281
-1.20677936077117919922 -1.35166144371032714844 -0.32485163211822509766 1.04740035533905029297 0.43013539910316467285 0.38952499628067011050
-1.00425434112548850329 -1.27811491489410400391 0.06208027526736249746 -0.64514368772506713867 1.13059854507446289062 -0.27239865064620971680
2.08212947845458984375 1.59490644931793190686 1.65015494823455810547 -0.37218922376632690430 -1.05647170543670632092 0.77159792184829711914
0.39510914683341979980 -0.18831907212734219637 0.85680592060089111328 1.08675134181976318359 -0.47557228803634638004 0.90277457237243641242
1.59274864196777343750 1.14798116683959960938 1.14820885658264160156 -0.61404502391815185547 1.54295444488525390625 0.26183578372001647949
-2.07759428024291992188 -1.65217685699462890625 -1.33101391792297363281 -0.27949333190917968750 -0.82344198226928710938 -0.50736838579177856445
-1.39575874805450439453 -0.92897498607635498047 -1.38750088214874289783 1.09848570823669433594 -0.82445532083511352539 0.84673798084259033203
2.28372049331665039062 1.56952345371246337891 1.67991518974304199219 0.92820972204208362921 -0.22369830310344690494 1.12561285495758056641
0.91368025541305541992 0.23167833685874938965 1.15474665164947509766 1.59349811077117919922 0.35219267010688781738 -0.22856003046035761050
-1.52553546428680419922 -1.16043365001678489001 -1.30415046215057350842 -1.04744410514831542969 0.18895229697227469701 0.03226904943585390262
-0.36647066473960870914 0.31618151068687438965 -1.52308964729309082031 -0.21296386420726770572 -1.59445893764495849609 0.75151002407073974609
-0.57592445611953735352 -0.00985798984766000051 -1.12282812595367431641 0.18746431171894070711 0.89320534467697143555 1.38706624507904030530
-1.04141962528228759766 -1.02363026142120361328 0.28169950842857360840 1.18817436695098876953 0.55513346195220947266 0.88393676280975341797
-0.16627435386180869359 -0.37431287765502929688 0.45199820399284357242 1.73884534835815429688 0.07314859330654140124 1.58431506156921408923
0.62543475627899169922 0.18210327625274649876 1.19106805324554443359 0.77397000789642333984 -1.69770729541778564453 -0.64768564701080322266
0.37186905741691589355 0.83297479152679443359 -0.86029064655303955078 -0.37938535213470458984 -1.53571367263793967517 -2.05252742767333984375
-0.78161299228668212891 -0.97557336091995239258 0.36329448223114008121 -0.91091793775558482782 -0.58819061517715454102 -0.24962085485458371248
0.25424495339393610172 -0.00589909404516220006 0.22210219502449030093 1.74753093719482421875 1.64947319030761718750 1.18081450462341308594
-0.13330087065696710757 0.19304336607456198949 -0.69991308450698852539 1.53427195549011230469 -0.43702343106269830875 0.82988625764846801758
0.48019760847091669254 -0.27639290690422058105 0.83878326416015625000 -0.75327110290527343750 -1.11705148220062255859 -0.19214722514152521304
-0.28913766145706171207 -0.81045728921890258789 0.85754692554473876953 -1.04007148742675781250 -0.68624144792556762695 0.41862452030181879215
0.56759107112884521484 0.15527638792991629857 1.17246079444885231702 -0.69741219282150268555 1.42761349678039550781 -0.19641764461994171143
0.48253020644187927246 0.50951582193374633789 -0.08880854398012159867 1.08868587017059326172 -1.65733492374420166016 -1.20895528793334960938
0.02244023047387599945 -0.86384689807891845703 1.46055853366851806641 -1.01537024974822998047 0.61439985036849975586 0.69033950567245483398
-1.63545322418212890625 -1.69826936721801757812 0.42459514737129211426 -0.92654007673263560907 1.45651125907897949219 -0.50384402275085449219
0.27349519729614257812 1.00167465209960937500 -1.10130095481872558594 0.01816172525286669989 0.50932854413986206055 -1.37073814868927001953
0.85925251245498657227 0.18593785166740409154 1.10226607322692871094 -1.14966273307800292969 1.64690673351287841797 -1.05384874343872070312
-1.13045561313629150391 -1.48351085186004638672 0.37929117679595947266 -0.48827430605888361148 1.04837954044342041016 -0.15636235475540161133
-0.55484807491302490234 -0.39363956451416010074 -0.13359746336936950684 0.18462876975536340884 1.33479738235473632812 1.19755005836486816406
0.11757317930459970645 0.11858218908309929585 0.38793721795082092285 -0.33682316541671747379 0.60920077562332153320 -0.00907956250011920062
-0.96210950613021839484 -1.21466875076293967517 -0.67343622446060180664 0.00884169712662690073 0.42195633053779602051 0.15741643309593200684
1.24415075778961181641 1.73773634433746337891 -0.14362487196922299471 0.58967745304107666016 1.05669748783111550061 1.14533686637878417969
-0.67477750778198242188 -1.55227279663085937500 0.84349888563156127930 -1.36528086662292480469 -0.88742965459823608398 -0.65806406736373901367
0.82676798105239868164 1.41433775424957275391 -0.45149302482604980469 -1.59383916854858398438 -1.49674844741821289062 -1.89392101764678955078
-1.86452138423919677734 -1.58720922470092751233 -1.43667674064636230469 -1.37266683578491210938 1.53766095638275168689 -0.47281372547149658203
-0.58351528644561767578 -0.65935218334197998047 0.16448317468166351318 1.08193945884704589844 0.68043625354766845703 1.19497382640838623047
-0.10829740762710569901 -0.11552345007658000597 -0.00763465650379650026 -0.62908107042312622070 0.40738570690155029297 0.47487321496009821109
1.66582977771759033203 1.27965712547302246094 1.25396895408630371094 -0.57792681455612182617 -1.47382807731628417969 0.30295217037200927734
0.47435191273689270020 1.33711731433868408203 -1.38897109031677246094 -0.37363335490226740054 -0.53941905498504638672 -1.63501095771789550781
0.79209047555923461914 0.47654664516448969058 1.13045048713684082031 1.22350466251373291016 0.54201894998550415039 -0.80713242292404174805
-0.35438767075538629703 0.64187425374984741211 -1.62895917892456032483 0.66877585649490356445 -1.64705157279968261719 0.78075253963470458984
-1.60529100894927978516 -1.55654239654541015625 -0.55193775892257690430 1.21737182140350341797 -0.87930840253829956055 -0.18542021512985229492
0.83434391021728515625 0.60561335086822509766 0.12217754870653149690 -0.87270051240921020508 -1.11747419834136962891 -2.55006170272827148438
-0.42785066366195678711 -0.72772490978240966797 0.94647037982940684930 0.73380911350250244141 0.72401547431945800781 1.26249027252197287829
-0.68551266193389892578 -1.20894122123718261719 0.57969290018081665039 -1.35887753963470458984 0.63782757520675659180 -0.13174237310886380281
0.76685178279876708984 1.45018124580383300781 -1.23567295074462890625 -1.00846064090728759766 -0.36124870181083679199 -1.35271716117858886719
0.78785073757171630859 0.73213988542556762695 0.04100723937153809978 1.64853084087371848376 -0.91176515817642200812 -1.43115472793579101562
-1.60265743732452392578 -1.12160480022430419922 -1.09334743022918701172 1.74361765384674072266 0.07127778232097620181 0.76911723613739013672
1.80824768543243408203 1.14596056938171408923 1.32758975028991699219 -0.58925205469131469727 1.74174094200134277344 0.84119194746017456055
-0.55325013399124145508 -1.00750184059143088611 0.88099050521850585938 -1.06256663799285888672 0.66727912425994873047 0.34048119187355041504
-0.18556497991085049715 -0.66654533147811889648 1.47090709209442138672 1.50918745994567871094 -1.60068297386169433594 1.46398282051086447986
0.15356911718845359105 0.20297020673751831055 0.22351476550102231111 -0.34501582384109491519 -1.61457824707031250000 -0.39080893993377679996
1.52959644794464111328 1.06025385856628417969 1.51102304458618164062 -0.19681517779827109593 -0.66699308156967163086 -0.15432970225810999088
-0.26135805249214172363 -0.58302688598632812500 0.24205948412418359927 -1.45568585395813010486 1.59754490852355957031 0.47695797681808471680
-0.10662306845188139481 -0.12462966889142990112 -0.93160468339920043945 -1.52578413486480712891 1.45547091960906982422 0.43489956855773920230
0.20135770738124839085 -0.70710712671279907227 1.67545568943023681641 1.75664317607879638672 1.24018633365631103516 2.54584145545959472656
0.31046691536903381348 0.27180036902427667789 0.10646633803844450517 -0.69829899072647094727 1.18326795101165749280 -0.50483071804046630859
-0.51695656776428222656 0.13552927970886230469 -1.60992980003356911389 -1.68800282478332519531 0.20004495978355399388 0.79884219169616699219
-1.05034697055816650391 -0.80902636051177978516 -1.18955612182617209704 0.95391136407852161749 0.77879685163497924805 1.28537511825561523438
0.70029449462890625000 1.47150897979736328125 -0.94343042373657237665 -0.18205885589122769441 -1.14356207847595192639 -1.63782155513763449939
-0.32316976785659790039 -0.96064001321792602539 1.26222455501556396484 -1.38471770286560058594 -0.24421043694019309300 0.60675007104873657227
0.76428204774856567383 1.17971301078796408923 -0.26954716444015497379 -0.94363796710968017578 1.05764377117156982422 -1.71400082111358642578
0.58307617902755737305 1.00288081169128417969 -0.42917531728744501285 -1.55898177623748779297 0.80245918035507202148 -2.45821785926818847656
0.31575781106948852539 -0.46343910694122308902 1.40693199634552001953 1.12196397781372070312 0.82442218065261840820 1.69069075584411621094
0.48573243618011469058 1.13104867935180664062 -1.35694420337677001953 -1.02080595493316650391 -0.36514091491699218750 -1.97558379173278808594
-0.99213588237762440070 -0.38324880599975580386 -1.61770129203796408923 -1.09656333923339843750 -1.08363115787506103516 0.63245886564254760742
-0.00391404284164299961 0.18700535595417019930 -0.29453077912330627441 0.02774271555244919862 1.21661329269409179688 0.31205168366432189941
-1.02623915672302246094 -1.37411904335021950452 0.66096633672714233398 -0.95516037940979003906 0.43213069438934320621 -0.32518154382705688477
-0.22508981823921200838 -0.95107287168502796515 1.04543197154998779297 -1.17598354816436767578 1.60522115230560302734 0.73447704315185546875
-1.32406294345855712891 -1.40545856952667236328 -0.45063093304634088687 0.57176369428634643555 0.93705052137374877930 0.54444605112075805664
-0.86815750598907470703 -0.70176577568054199219 -1.11834704875946044922 1.53449928760528564453 -0.41728398203849792480 1.28578031063079833984
-1.63603186607360839844 -1.36832463741302490234 -1.33320415019988991467 -0.30898419022560119629 1.46818411350250244141 0.35002905130386352539
0.60784941911697387695 0.37426948547363281250 0.82346916198730468750 -0.30614155530929559879 -0.33317282795906061343 -1.42057323455810569079
-1.01915037631988525391 -0.60870736837387084961 -1.07828700542449951172 -0.97466731071472156867 -1.36779034137725830078 0.18010170757770530003
0.77494174242019653320 1.49104845523834250720 -0.50630050897598266602 -0.95384329557418823242 0.62053823471069335938 -1.17844736576080322266
-0.78290033340454101562 -0.87856459617614746094 0.04879456758499139957 -0.65811669826507568359 0.07964640855789180407 -0.10831257700920099429
-1.27691316604614257812 -0.49875694513320917300 -1.31124532222747802734 -0.28998127579689020328 1.60961294174194335938 0.75369691848754882812
-0.27180242538452148438 0.17740449309349060059 -1.16455101966857910156 1.32536947727203369141 -0.36221250891685480289 1.06324982643127441406
-0.43306055665016168765 -0.29435122013092041016 -0.02799013443291180001 0.32518261671066278629 1.37253880500793457031 0.97897958755493164062
-1.63684284687042236328 -0.66792196035385131836 -1.64916408061981201172 1.38317549228668190686 0.91748696565628040656 1.33056688308715820312
1.36603701114654541016 1.41990137100219726562 -0.10036166012287139893 0.20925435423851010408 0.93379378318786621094 0.56109631061553955078
-0.03162105381488800049 0.14398272335529319066 -0.54462403059005737305 1.19163095951080322266 1.50830459594726562500 0.97666162252426158563
0.69674062728881835938 1.51100993156433105469 -1.71386444568634033203 1.53769814968109130859 -0.61724972724914550781 -0.30278864502906799316
-0.27221927046775817871 -0.04593190923333159703 -0.61558413505554199219 0.04088428989052769746 0.77558630704879760742 0.93436467647552479132
0.20521831512451169099 -0.10352011770009990343 0.90379804372787475586 1.55727934837341308594 0.73410367965698242188 1.24624907970428489001
0.50712251663208007812 0.65373402833938598633 -0.37031772732734680176 0.19621299207210540771 0.27314728498458862305 -1.49626219272613525391
0.18757006525993338841 1.04406487941741943359 -1.21382510662078857422 1.49026834964752197266 0.60705965757369995117 -0.48444783687591552734
1.26736986637115478516 1.25973999500274658203 -0.44002702832221979312 -1.63116383552551269531 -0.07361892610788339786 -1.21482634544372558594
-0.13913269340991971101 -0.47632825374603271484 1.30959296226501464844 0.67878103256225585938 1.29230165481567382812 1.72212576866149902344
-1.95834112167358398438 -1.50794041156768798828 -1.58771359920501708984 0.24092060327529898900 -1.60844743251800537109 -0.18107816576957699861
-0.45364412665367120914 -0.60297286510467529297 0.88766080141067504883 -1.56528770923614501953 -1.46770012378692649158 -0.21492849290370941162
0.96231102943420399054 1.10696184635162353516 0.28841885924339288882 -0.50318825244903564453 -0.00885657593607899925 -1.36320638656616210938
0.39565342664718627930 1.24595665931701660156 -1.54260420799255371094 0.54247617721557617188 0.42977076768875122070 -1.12849974632263183594
-0.16087125241756439209 -0.30210760235786437988 0.05148634687066069859 1.28689014911651589124 0.46430829167366027832 1.31815278530120849609
-0.58612841367721557617 -0.62047427892684936523 -0.16027610003948208894 0.37580111622810358218 0.64207041263580322266 0.87723618745803833008
-1.15529429912567138672 -0.26492831110954279117 -1.48313260078430175781 0.14434637129306790437 -0.55441635847091674805 1.10834813117980957031
0.90057557821273803711 1.00362682342529296875 -0.05221540853381149982 -0.23789699375629419498 0.98762667179107677118 -1.76015615463256835938
0.61723643541336059570 1.16680908203125000000 -0.71786856651306152344 1.31992220878601074219 0.41917875409126281738 -1.31073808670043967517
0.92083019018173217773 1.45499634742736816406 -1.24806165695190429688 -0.89346408843994140625 -0.20423471927642819490 -0.93272912502288818359
-0.25977462530136108398 -0.11047521978616710314 -0.24983921647071830052 0.03177146241068840027 0.82839673757553100586 0.84383487701416015625
0.76005905866622924805 0.22998061776161191072 1.12187218666076660156 -0.77298015356063842773 0.63448685407638549805 -0.88847494125366210938
-0.60859900712966918945 -0.34852480888366699219 -0.56912773847579956055 -1.57449889183044433594 -1.38982796669006369861 -0.16600941121578211002
-0.02782957814633840038 -0.37925985455513000488 0.88426291942596435547 -1.52985060214996337891 1.31817424297332763672 0.44750443100929260254
-0.68153393268585205078 0.00919179897755379935 -1.29272401332855224609 0.75351625680923461914 1.22985947132110595703 1.86850035190582275391
-0.34053269028663629703 -1.51942110061645507812 1.46490192413330078125 1.70764064788818359375 -0.37880021333694458008 0.85350537300109863281
-0.38137304782867431641 -0.22781260311603540591 -0.42271107435226440430 0.26589712500572199039 1.53549182415008544922 1.29076421260833740234
0.02897277846932410153 -0.13054299354553219881 0.07238218933343880390 0.04670431464910500263 -1.69700992107391357422 0.17338548600673669986
-0.05599391832947730324 -0.57198894023895263672 1.65339124202728271484 -0.24143910408020019531 -0.77580618858337402344 1.05337572097778320312
-0.77513784170150756836 -1.16285622119903564453 0.43316110968589782715 1.39672708511352539062 0.69390290975570678711 0.66994184255599975586
0.59315574169158935547 1.43568980693817138672 -1.30185914039611816406 1.17289018630981445312 -1.14088058471679687500 -0.70717233419418334961
0.02317488566040989961 0.10898517817258830676 -0.75685608386993408203 -1.57740330696105957031 -1.36915302276611328125 -0.57320249080657958984
0.43698230385780328922 1.02975416183471679688 -1.57964515686035156250 1.04902446269988991467 1.67971694469451904297 -0.50939041376113891602
0.96440196037292480469 0.76395642757415771484 0.35588571429252618961 1.31607484817504882812 0.58309841156005859375 -1.25191640853881835938
-0.74210172891616821289 -0.41076645255088800601 -0.54805320501327514648 1.30353379249572753906 0.62864089012145996094 1.24385237693786621094
-0.26620960235595697574 -0.57382804155349731445 0.22041451930999750308 1.19861769676208496094 -1.15804922580718994141 0.93751168251037597656
-0.04783239960670469804 0.75290924310684204102 -1.35250473022460937500 0.90422368049621582031 0.63212084770202636719 0.13830152153968811035
-1.04921793937683105469 -0.66663199663162231445 -1.55223822593688964844 -1.24889206886291503906 0.55411362648010253906 0.81996029615402221680
2.09004306793212890625 1.47106194496154807361 1.24818229675292968750 -1.35695469379425048828 0.49083226919174188785 0.56197512149810791016
0.79145938158035278320 0.62011975049972534180 0.59005999565124511719 -0.76114654541015625000 -1.62005615234375000000 -2.49050641059875488281
-0.54753094911575317383 -0.43075734376907348633 -0.03296384215354909719 1.21836233139038085938 1.71769464015960693359 1.80585098266601606909
0.07092037796974179353 -0.19278201460838309544 0.01730367727577680065 -0.07084699720144270463 -1.00046944618225097656 0.45639243721961969547
-0.25003316998481750488 0.58777892589569091797 -1.60192406177520751953 -1.38267481327056884766 -0.39322176575660700015 -0.34937927126884460449
-0.80489611625671386719 -0.64617234468460083008 0.03734983876347539727 -1.69090402126312255859 0.41871562600135797672 0.03754378110170360217
-0.92765146493911743164 -1.73344981670379638672 1.16771090030670166016 1.58516168594360351562 0.27435609698295587711 0.60451716184616088867
2.01633620262145996094 1.17879962921142578125 1.50717520713806152344 0.82121711969375610352 0.69069683551788330078 1.69564056396484375000
-0.02325555682182309930 0.98640000820159923212 -1.55846583843231201172 1.40711081027984619141 0.84655803442001342773 -0.00458805914968250014
0.80935257673263549805 1.37444400787353515625 -0.96666759252548217773 -1.66011488437652610095 0.47473931312561029605 -1.63860976696014404297
-1.15414834022521950452 -1.29114067554473876953 -0.27009925246238708496 -1.27560365200042724609 1.00725805759429909436 -0.27012678980827331543
-0.38232597708702087402 -0.57259422540664672852 -0.15810121595859519261 1.36995327472686767578 -1.25449419021606445312 0.91175431013107299805
-0.46666628122329711914 -0.06560590118169780383 -0.41463726758956909180 1.51859164237976074219 -0.71895587444305419922 0.95980131626129161493
-0.76917070150375366211 -0.30877047777175897769 -0.79957127571105957031 1.21798229217529296875 -1.16782224178314208984 1.34838604927063010486
1.73730647563934326172 1.37405645847320556641 1.31749725341796875000 -0.40160128474235529117 -0.90709829330444335938 0.72295218706130981445
-0.13709266483783719148 -0.14126193523406979646 0.27794802188873291016 1.23728179931640625000 1.63326334953308105469 1.57584249973297119141
-1.38541436195373535156 -1.30254614353179909436 -1.05608296394348144531 0.29936945438385009766 -1.06425511837005615234 0.07689197361469260472
-0.10433699190616599339 -0.89940345287322998047 1.50587403774261474609 -0.45322024822235107422 -0.30438160896301269531 0.80465358495712280273
-0.16709822416305539217 0.32374289631843561343 -0.98684543371200561523 -0.28966885805129999332 -0.89976489543914794922 0.26816368103027338199
-0.49718520045280450992 -0.38215240836143488101 -0.21566310524940490723 1.46967554092407248767 0.22209213674068450928 1.41433382034301757812
0.88987350463867187500 0.43371805548667907715 1.55060577392578125000 -1.58244824409484863281 0.18384377658367148656 -1.76697754859924316406
-0.99631661176681518555 -1.56738281250000000000 0.67488890886306762695 -1.11463665962219238281 1.10334992408752441406 -0.56108361482620239258
-0.68978750705718994141 -0.75969940423965454102 -0.64975190162658691406 -0.53672844171524047852 -0.65797680616378784180 0.29269716143608087711
0.01780160889029500093 -0.75393807888031005859 1.70625984668731689453 -1.14978861808776855469 1.38882863521575927734 1.43794393539428710938
-1.47222816944122314453 -0.98279142379760742188 -0.77557957172393798828 -1.52426183223724365234 -1.29999697208404541016 -0.79148417711257934570
0.58064502477645874023 1.32807815074920632092 -0.84922271966934204102 0.83972895145416259766 0.47519493103027338199 -0.98377907276153564453
1.86866796016693115234 1.37154638767242431641 1.06291556358337402344 -0.65967929363250732422 0.87974286079406738281 0.85363435745239257812
0.94237673282623279913 0.23258879780769339818 1.49251449108123779297 -0.43927204608917230777 -1.63715004920959472656 -1.37802267074584960938
1.06851768493652343750 1.22775518894195556641 0.05771084874868390169 0.37550845742225641422 0.46041381359100341797 -0.98080199956893920898
0.32987836003303527832 1.55103206634521484375 -1.30345690250396728516 -1.09668552875518798828 0.55665528774261474609 -1.72114896774291992188
0.16772122681140899658 -0.72363495826721191406 1.51098203659057617188 -0.87446463108062744141 -0.42263054847717279605 0.96506702899932861328
0.52781885862350463867 -0.09681160748004910555 1.13149738311767578125 -0.33903899788856500797 -1.47822654247283935547 -0.29137885570526117496
0.34857448935508728027 -0.05220552161335940272 1.25313794612884521484 1.44394922256469726562 -0.67513054609298706055 0.91851878166198719367
0.71891427040100097656 -0.11682604998350140657 1.53264796733856201172 -1.45736300945281982422 0.53378307819366455078 -0.27292746305465698242
0.76097172498703002930 0.05805945768952369690 1.48796665668487571033 1.52301645278930664062 0.70853763818740844727 0.65760457515716552734
-0.89628821611404418945 -0.27163338661193847656 -0.62756425142288208008 1.55754804611206032483 0.46062919497489929199 1.34652805328369140625
-0.46613648533821100406 0.01435172092169519943 -0.84875720739364624023 -0.57929879426956176758 -1.10907757282257080078 0.51312887668609619141
0.22798646986484519261 -0.24521973729133600406 0.91491466760635375977 -1.54021310806274391858 -1.54013681411743164062 -0.34069460630416870117
-0.60181719064712524414 -0.42689886689186090640 -0.14146859943866729736 -0.19587914645671838931 -1.34739911556243896484 0.31405511498451227359
-0.87277251482009887695 -1.44746375083923339844 0.52558040618896484375 0.22991865873336789217 0.97963166236877441406 0.11817861348390569509
1.27586185932159423828 0.89407646656036376953 1.10127234458923339844 0.31454864144325250797 -0.96250945329666137695 -1.15521705150604248047
1.97074234485626242908 1.32007873058319091797 1.47276675701141357422 -0.66827630996704101562 -1.27678203582763671875 0.52873885631561279297
0.59568333625793457031 0.26789990067481989078 1.19984173774719238281 -0.00350211933255189980 1.41044998168945312500 -0.37670144438743591309
0.78542089462280273438 1.62006604671478271484 -1.42739784717559792249 0.31729802489280700684 -0.13706943392753601074 0.13297845423221579808
0.29360413551330560855 -0.28521010279655450992 0.89442414045333862305 0.67947977781295776367 0.88873052597045898438 1.04392004013061523438
-0.33606970310211181641 0.43819063901901239566 -1.48124265670776367188 0.08554909378290169453 -0.40987515449523920230 0.46467381715774530582
0.84243679046630859375 1.58872067928314208984 -0.77761185169219970703 1.72914445400238037109 -0.35253295302391052246 0.03576502203941339664
-1.70838761329650878906 -1.07751214504241943359 -1.65637707710266113281 0.29486280679702758789 0.93258291482925415039 0.49926757812500000000
1.69851934909820556641 1.50283467769622802734 0.64704298973083496094 -1.43554604053497314453 -1.28573775291442871094 -0.08600899577140799779
-0.18264035880565640535 -0.87609249353408813477 0.96552562713623035773 1.15833425521850608142 0.25573769211769098453 1.64333069324493408203
-0.36918407678604120425 -1.04012525081634521484 1.27652788162231445312 -0.91054993867874156610 0.68369066715240478516 0.74080723524093627930
-0.61087298393249511719 -1.00724935531616210938 0.49867883324623107910 -0.37718901038169860840 0.65173870325088500977 0.55716407299041748047
0.22166049480438229646 0.41089645028114318848 -0.21678182482719421387 -0.02460127510130399875 -1.44259500503540039062 -1.04810869693756103516
0.15036359429359430484 0.20043468475341791324 -0.17089956998825070467 1.26190447807311989514 -1.65748834609985351562 0.07735614478588100085
1.78791117668151855469 1.70206475257873535156 1.39108991622924804688 -1.25314974784851074219 0.93882733583450317383 0.80544930696487426758
-0.04188999533653250257 -0.14108413457870480623 0.85131484270095825195 -1.12253272533416770251 -1.50342583656311035156 0.04437034949660299821
-0.51931673288345336914 -0.24908341467380520906 -1.03430950641632080078 -0.60341501235961914062 -1.33452594280242919922 0.50843459367752075195
1.41755652427673339844 1.17414760589599609375 0.70490950345993041992 0.42558765411376947574 1.32667112350463889392 0.21183620393276209048
1.26796853542327880859 0.82340615987777709961 1.05495500564575195312 -0.02145604789257039846 -0.55611658096313476562 -1.37791669368743896484
1.50090384483337402344 1.48602926731109619141 0.19609202444553369693 0.66154789924621582031 -1.53654444217681884766 0.66973602771759033203
-1.29521811008453369141 -1.08817481994628906250 -0.88679856061935424805 0.45074692368507379703 -0.89968246221542358398 0.29892426729202270508
0.46550893783569330386 0.63166886568069458008 -0.03928198665380470272 -0.39287310838699340820 -0.31914204359054559879 -1.62763869762420632092
0.74961954355239868164 -0.01161185745149849978 1.42457437515258789062 -0.46302297711372369937 1.07567024230957031250 -0.19822464883327481355
-0.21809202432632440738 0.30124819278717041016 -1.49580228328704833984 -1.63924705982208229749 1.01748478412628151624 0.07342696189880369706
2.23836827278137207031 1.68090844154357910156 1.63964450359344482422 0.95900720357894897461 -0.60660612583160400391 0.67715287208557128906
-0.30973675847053527832 -1.06643652915954589844 1.69599413871765136719 -1.62357044219970703125 -1.54757416248321510999 0.06090889871120450105
0.68487298488616943359 0.49534058570861810855 -0.04369997605681409658 -0.55696332454681396484 1.71477639675140380859 -1.42907989025115966797
-0.47857427597045898438 -1.25939905643463112561 1.33181154727935791016 -0.90082156658172596320 1.42151010036468505859 0.37997329235076898746
-1.16576111316680908203 -1.09263658523559570312 -0.74366408586502075195 -0.74298959970474243164 -1.67331385612487792969 -0.59130978584289550781
1.65933537483215309827 0.96848821640014637335 0.99563503265380859375 -0.32754608988761901855 -0.35505047440528869629 -0.49371299147605890445
0.82761287689208984375 0.87405705451965332031 -0.26961192488670349121 1.08465874195098876953 0.80706989765167236328 -1.05121374130249023438
-1.06380486488342285156 -1.42998921871185302734 0.55955719947814941406 -0.35797506570816040039 -1.51725959777832031250 -0.41838365793228149414
0.70872986316680908203 0.39194133877754211426 0.59848940372467041016 -0.27010980248451227359 -0.32260397076606750488 -1.40919685363769509046
-1.95938730239868164062 -1.43331170082092285156 -1.54820692539215087891 -1.11300194263458229749 -1.43038213253021240234 -0.77053141593933105469
-1.29659354686737060547 -1.37409138679504394531 -0.36081591248512268066 -1.42429196834564208984 0.23309771716594690494 -0.73439121246337890625
0.94011789560318004266 1.50881516933441162109 -1.33764994144439697266 1.05303502082824707031 0.54999291896820068359 0.19844961166381830386
0.54431086778640747070 0.32439830899238580875 0.47251656651496881656 0.99905616044998157843 -0.85658693313598632812 -0.75975358486175537109
-0.30847573280334472656 0.09326266497373579545 -0.45292240381240839175 -1.13747215270996093750 -0.39439690113067621402 0.19169934093952178955
-0.33975785970687860660 -0.00092461734311650003 -0.91355299949645996094 -1.34716200828552246094 -1.04681539535522460938 -0.08130713552236550068
0.24268908798694610596 1.04676163196563720703 -1.51788043975830078125 1.25809419155120849609 -1.60927605628967285156 -0.97282433509826660156
-0.49906262755393981934 -0.65057343244552612305 0.22876110672950739078 0.83404594659805297852 -0.55723875761032104492 0.91281694173812877313
0.49880892038345331363 0.68430459499359130859 -0.21682484447956079654 -0.18563431501388549805 0.45888331532478332520 -1.36719465255737304688
1.11306500434875488281 1.21668994426727294922 -0.47496572136878967285 -1.49574303627014160156 0.72941529750823974609 -1.45226025581359863281
1.23346734046936035156 0.83198249340057373047 0.83556830883026123047 0.57500147819519042969 -1.67916774749755859375 -1.53491151332855224609
1.76080071926116943359 1.45087575912475608142 1.49107933044433593750 -1.03188073635101318359 -0.55437391996383666992 0.84140413999557495117
0.89715558290481567383 0.34298232197761530093 1.32022023200988769531 0.89581370353698730469 0.87695360183715820312 -0.68784916400909423828
0.21148459613323208894 0.25690636038780212402 0.05727777630090710032 1.76475906372070312500 0.35383036732673639468 0.44417387247085571289
-0.81646144390106201172 -0.31995809078216552734 -1.20563125610351562500 1.65860378742218017578 0.09241001307964319400 1.81761872768402099609
-0.51739937067031860352 -0.56720501184463500977 0.26811972260475158691 -1.15959703922271728516 0.39577767252922058105 0.25290504097938537598
0.27949336171150207520 -0.31986221671104431152 1.60391199588775634766 0.07561025023460379857 0.25437861680984491519 1.34616887569427490234
1.50371372699737571033 1.66101133823394775391 0.32721930742263788394 0.27027162909507751465 0.86957514286041259766 1.09499084949493408203
1.72927904129028320312 1.64589595794677712171 0.62740212678909301758 0.52403742074966430664 -0.97922503948211681024 0.71185326576232910156
-0.55860102176666259766 -1.18934094905853271484 1.39480435848236083984 -0.39343342185020441226 0.39276707172393798828 0.38464823365211481265
-0.73697620630264282227 -0.79622858762741088867 0.49319839477539062500 -1.10230469703674316406 -1.67842054367065429688 -0.05000929534435270135
0.29616653919219970703 -0.35260680317878717593 1.37842476367950439453 0.10390187054872510042 0.22509829699993130769 0.85314619541168212891
0.07699388265609739823 -0.29347386956214899234 0.46975058317184448242 -1.66002631187438964844 0.40947023034095758609 0.32012727856636047363
-1.35950005054473876953 -0.76652312278747558594 -1.36626732349395751953 -0.92025208473205555304 -0.81908190250396728516 0.29976880550384521484
-0.03529955446720119822 0.55162692070007324219 -1.01720559597015380859 -0.39864224195480341129 1.52201914787292480469 -0.55790972709655761719
0.32718735933303827457 0.09140279889106750488 0.66643053293228149414 -1.41313505172729492188 1.52804338932037353516 -0.30143439769744867496
1.42880070209503151624 0.90462636947631835938 1.31799852848052978516 0.16719795763492578677 -1.20042479038238525391 -1.03730785846710205078
-1.41259694099426269531 -1.51509845256805419922 0.03541884571313849706 -0.41416740417480468750 0.58678966760635375977 -0.42584165930747980289
1.26618826389312744141 1.39357042312622070312 -0.50287580490112304688 1.13340854644775390625 0.77212017774581909180 0.44386300444602960757
-0.41680970788002008609 -0.67080467939376831055 0.74511015415191650391 0.39637461304664611816 -0.85817557573318481445 0.68195855617523193359
0.10019420087337489733 0.78915590047836303711 -0.96198165416717518195 0.82025092840194702148 0.14580665528774258699 -0.80876398086547851562
1.52830624580383300781 0.99634826183319080695 0.93180596828460682257 -0.59135180711746215820 -1.26857507228851318359 -0.94499164819717396124
-1.67876052856445312500 -1.71283924579620361328 -0.77344703674316406250 1.61746764183044433594 1.71056008338928222656 0.84749650955200195312
1.39130294322967529297 1.24286782741546630859 0.74995398521423339844 0.32473701238632202148 -1.05768120288848876953 -0.04434988275170319988
-0.61704611778259277344 -0.01816820725798599934 -1.67354404926300048828 -0.45233240723609918765 0.97000950574874877930 1.46095955371856689453
-1.88939952850341796875 -1.68389093875885009766 -0.93771141767501842157 -0.88327157497406005859 0.52200967073440551758 -0.54273736476898193359
0.30927878618240350894 -0.10798370093107219347 0.09661073982715599751 -0.83294874429702758789 -0.41127267479896539859 -0.27708202600479120425
0.81451040506362915039 1.73712742328643798828 -1.33892786502838112561 -1.13882327079772949219 -0.67676305770874023438 -0.57876163721084594727
0.83792185783386230469 0.63063174486160278320 0.82822960615158081055 0.56578963994979858398 -1.17542409896850608142 -1.69637417793273925781
-0.77299225330352783203 -0.36328452825546259097 -1.00556170940399169922 0.36139786243438720703 1.56964826583862304688 1.38213777542114257812
0.16812112927436828613 0.73224067687988281250 -1.14196479320526123047 -0.73761028051376342773 -1.09338259696960449219 -1.33409273624420166016
-1.24485504627227783203 -0.54840022325515747070 -1.31604409217834472656 -0.38733693957328790836 -0.58793133497238159180 0.70587223768234252930
1.07272100448608398438 1.73124134540557861328 -1.03155386447906494141 0.07633493095636359471 -0.56840270757675170898 0.50243526697158813477
-1.04346370697021484375 -1.30046451091766357422 0.44490319490432739258 -1.08549332618713378906 -0.12990124523639678955 -0.50469964742660522461
0.53037214279174804688 0.86012506484985351562 -0.27608904242515558414 1.59939503669738769531 0.93706220388412475586 -1.06792223453521728516
1.66400647163391113281 1.29925084114074707031 1.61957609653472900391 -1.36523222923278808594 0.08209450542926780003 0.73784697055816650391
-0.73050069808959960938 -0.35576701164245599918 -1.46977365016937255859 -0.29692015051841730289 -1.38219487667083740234 1.01566290855407714844
1.06814718246459960938 1.67817771434783935547 -1.04865014553070090564 0.48655375838279718570 -0.40252980589866638184 0.40891042351722717285
-0.16144064068794250488 0.72543770074844360352 -1.70265388488769509046 1.35269379615783691406 -0.10210590809583659777 0.50631189346313476562
0.96730500459671020508 1.73319745063781738281 -1.34814548492431640625 -1.07184326648712158203 1.25474488735198952405 0.31969133019447321109
0.27296078205108642578 0.43677222728729248047 -0.38289353251457208804 -1.30235040187835693359 -0.00413494603708380003 -1.36057746410369873047
1.10651290416717529297 0.85393124818801879883 1.49117934703826904297 -0.85111761093139648438 0.73802399635314941406 -1.38804805278778076172
0.75866544246673583984 0.44523152709007257632 0.32524046301841730289 -0.75480741262435913086 -1.52422487735748291016 -2.04263114929199218750
-1.90078210830688476562 -1.52498328685760498047 -0.89285385608673095703 -0.26336994767189020328 1.21514034271240234375 0.01799322851002210094
-0.71691268682479858398 -0.18393175303935999088 -1.18037974834442138672 1.28232467174530029297 1.64707136154174804688 2.05945706367492675781
-0.06898087263107299805 0.12695477902889248933 -0.14582180976867670230 1.20860159397125244141 0.10622557997703549471 0.81290405988693237305
-0.04136287420988080110 -0.03319646418094630153 0.27462935447692871094 -0.16009502112865439671 1.49804818630218505859 0.55230867862701416016
-1.33689832687377929688 -0.21695512533187860660 -1.63871204853057861328 1.34389555454254150391 -0.61909800767898559570 1.54334700107574462891
1.12067401409149169922 0.74780726432800292969 1.66377174854278564453 0.05626937374472609776 0.53596764802932739258 -1.05411946773529030530
0.19482432305812830142 0.18688902258872980289 0.06817720830440519852 1.05242085456848144531 0.28681263327598571777 0.28148886561393737793
1.15588808059692382812 0.71524375677108764648 1.02815365791320800781 0.07800266891717909379 -0.43108275532722467593 -1.87703037261962890625
1.44722652435302712171 0.81354379653930664062 0.84262728691101074219 -0.18902887403964990787 0.19380815327167510986 -1.43937563896179199219
