-0.77578246593475341797 -0.56571269035339355469 -0.77012288570404052734 -0.51481324434280395508 0.09606319665908809313 -0.58437812328338623047 -0.50307756662368774414 1.28972566127777099609 1.27563989162445090564 0.26747176051139831543 -1.08535075187683105469 -1.26191806793212890625 0.33882752060890197754 -0.91266977787017822266 0.88529700040817260742 0.34767830371856689453 1.72962498664855957031 0.53211790323257446289 -1.21653652191162109375 -1.20836663246154807361 -0.75807672739028930664 -0.67151933908462524414 -1.21908473968505859375 -1.34040284156799316406 -0.72598528861999511719 -0.35231077671051019840 0.23753087222576141357 -0.67065155506134033203 -1.26971745491027832031 -1.40271890163421630859 -0.06872330605983729968 1.61849105358123779297 -0.49422511458396911621 0.68706476688385009766 -1.08850014209747314453 0.85138303041458129883 -0.58447849750518798828 0.84489911794662475586 1.39607775211334250720 -0.24551901221275329590 -1.47048020362854003906 -0.44685831665992731265 -1.24089741706848144531 -0.76164436340332031250 -1.50147581100463889392 0.74950677156448364258 1.64550459384918190686 -0.56288111209869384766 -0.53634011745452880859 -0.88059806823730468750 0.68200874328613281250
-0.35256770253181457520 -0.94685381650924682617 -0.35656213760375971011 1.59913277626037597656 0.22198912501335141267 0.42031162977218627930 -1.04275572299957275391 -1.37789714336395263672 -0.85285925865173339844 1.30531692504882790296 -0.40897074341773981265 0.24584314227104178685 -0.64650291204452514648 0.13809224963188171387 -0.09025384485721579808 -0.37434384226799011230 -0.96503138542175281867 -1.00010764598846435547 -0.38360193371772760562 0.76266282796859741211 -0.66264957189559936523 -0.74980789422988891602 1.55820894241333007812 -1.05059623718261718750 1.28988754749298095703 -1.07427728176116943359 -1.11013054847717285156 1.10586774349212646484 0.37216189503669738770 0.11885766685008999910 -1.20896375179290749280 0.96380227804183959961 0.34680429100990289859 -0.94548577070236194952 1.45858657360076904297 1.08491206169128417969 0.08407417684793469514 -0.32999885082244867496 1.53470611572265625000 1.52206540107727050781 0.49083840847015380859 -0.91435223817825317383 -1.19689667224884033203 -0.36904338002204889468 1.09659135341644287109 0.64584809541702270508 0.13735170662403101138 -0.02575905807316300131 0.07772219926118849320 -0.10040515661239619860 1.28037655353546142578
0.63020437955856323242 0.02313902229070659983 0.19852581620216369629 0.66081637144088745117 -0.70803111791610717773 -0.81547415256500244141 -1.43200397491455078125 1.02462375164031982422 -1.47498309612274169922 -1.44826614856719970703 -1.61339294910430908203 -0.99436783790588378906 -0.83759427070617675781 0.70038896799087524414 -1.02840185165405273438 -0.55236417055130004883 -0.73190897703170776367 1.40830457210540749280 0.69145667552947998047 1.38227534294128417969 -1.41906213760375976562 0.53348094224929809570 -1.39218175411224365234 -1.59846675395965576172 -1.17937707901000976562 1.41106724739074707031 1.12900757789611816406 1.03068983554840087891 0.99867647886276245117 1.38264048099517822266 -1.18462324142456032483 -0.95947718620300281867 -1.30163741111755371094 1.23994207382202170642 1.73124635219573952405 0.79755175113677978516 -0.26747182011604309082 -1.20317327976226806641 1.07762265205383300781 0.82088261842727661133 0.34920012950897211246 1.11936080455780029297 1.37672162055969238281 -1.51700294017791770251 -0.65496003627777099609 0.56841242313385009766 1.35215604305267311780 -1.36546480655670166016 -1.59901058673858642578 -0.11591053754091260042 -0.28202438354492187500
0.34715282917022699527 -0.07609677314758299393 -1.46256363391876220703 -1.36503410339355490954 -0.89178252220153808594 -1.65597617626190207751 1.09385955333709716797 1.05811655521392822266 -0.55650615692138671875 0.61556434631347656250 -0.99163097143173217773 -0.43268552422523498535 -0.64550948143005371094 0.49812406301498407535 0.89822518825531005859 -0.24763309955596921053 -0.26281672716140741519 0.15979808568954459447 -1.37994360923767089844 0.50019639730453491211 -1.20630514621734619141 1.32736444473266601562 1.41390919685363769531 0.62852138280868530273 0.47500348091125488281 -1.56417322158813476562 1.70290291309356689453 1.66160726547241210938 -0.22441618144512170963 -1.25032055377960205078 0.64675432443618774414 -0.47996503114700317383 0.27312722802162170410 -0.31219330430030822754 0.10147824138402930516 -0.29123854637145990543 1.22956991195678710938 -0.78274643421173095703 -1.25184166431427001953 -0.31646761298179620914 -0.85664361715316772461 0.80820190906524658203 -1.27620124816894509046 -0.32998833060264587402 -0.63722771406173706055 -1.74285864830017089844 0.73454177379608154297 1.33630907535552978516 -0.60186266899108886719 1.33131849765777610095 0.49871078133583068848
0.26979807019233698062 -0.16816255450248709935 1.04290175437927246094 0.63938200473785400391 0.13580298423767089844 0.76442217826843261719 -0.31336376070976257324 1.30983161926269509046 0.24830830097198480777 0.73988193273544311523 1.56035041809082031250 -1.04184734821319580078 -0.51283824443817138672 -1.38092529773712158203 0.04186505451798430005 1.40548825263977050781 -0.77472007274627685547 1.48533785343170166016 -1.10024738311767578125 0.46329960227012628726 -1.20805990695953369141 1.51312887668609619141 -0.10883858054876320576 0.24004468321800229158 -0.59233909845352172852 0.46796679496765131168 0.95409256219863880499 -0.00437288545072070031 -0.68044251203536987305 -1.65264499187469482422 -0.63982772827148437500 0.68051075935363769531 1.43538355827331542969 1.68445467948913552014 -1.46470785140991210938 1.70874798297882080078 -0.59446412324905395508 0.18440119922161099519 0.01290322188287969934 -0.83129376173019409180 1.70233547687530517578 -0.03842636942863460192 0.58982962369918823242 -0.78991162776947021484 0.58065676689147949219 -1.50892937183380126953 0.50392305850982666016 -1.35821092128753662109 -1.62759757041931152344 1.77003455162048339844 0.56020122766494750977
0.80820250511169433594 1.09373235702514648438 -1.09930515289306640625 -1.50101363658905029297 0.84723955392837524414 -0.23914681375026700105 0.45453712344169611148 -0.63312792778015136719 -0.70832496881484985352 -0.16954456269741050023 -1.34614825248718261719 1.61571669578552246094 1.49389922618865966797 0.09910582005977630615 1.40038549900054909436 -0.66355949640274047852 -1.11356997489929199219 1.46527242660522460938 0.96960604190826416016 0.88674998283386230469 -0.49927127361297607422 1.69239413738250710217 1.16472518444061279297 -1.59911024570465087891 -0.45556890964508051090 0.33844920992851257324 1.37807989120483398438 0.24990017712116238680 -1.55202519893646240234 1.08615243434906005859 -1.38401210308074951172 -0.66509932279586791992 1.27957570552825927734 0.95297670364379882812 -0.97214573621749877930 -1.18311536312103271484 0.82910621166229248047 0.07467941194772720337 -0.78501170873641967773 1.28774094581604003906 1.41889786720275878906 0.27071109414100641422 1.19042468070983886719 -0.63129091262817382812 0.31342867016792297363 0.92824465036392200812 0.20892646908760070801 -1.37110090255737304688 1.32447564601898193359 0.42565029859542841129 -1.39365279674530029297
-0.57698446512222290039 -1.38275039196014404297 -0.98887544870376598016 -1.70172107219696044922 -0.93185198307037364618 0.01977724954485890127 0.84580200910568237305 -1.11400747299194335938 0.41527608036994928531 0.33728092908859247379 -0.94092869758605957031 -1.34203517436981201172 -0.25229540467262268066 0.82620322704315185547 1.07095110416412353516 1.62460541725158691406 -1.51260781288146950452 -1.21511018276214599609 -0.47815480828285217285 -1.44085693359375000000 -0.44355362653732299805 -1.46483278274536110608 -0.51087802648544311523 -1.69103193283081032483 -1.42789113521575927734 0.22775274515151969212 -0.20024609565734860506 -0.74355918169021606445 1.16269636154174804688 -1.52140092849731445312 0.00713584758341309980 1.12406075000762939453 1.62115991115570090564 0.89827948808670043945 1.11325204372406005859 1.65653765201568603516 0.21779052913188928775 -1.58866345882415749280 1.25834858417511008533 -0.22055649757385251131 -0.30538281798362731934 0.45165777206420898438 -0.49134260416030878238 -1.42887175083160400391 -0.10594098269939419832 0.19184660911560050267 -0.27504459023475641422 0.35933068394660949707 -1.09339141845703125000 -1.26131033897399902344 -0.38485532999038690738
1.12519752979278564453 1.62808203697204589844 1.83805000782012917249 1.14530539512634277344 0.97668653726577758789 -1.53679263591766357422 0.16772828996181479710 -0.17423684895038599185 0.84437757730484008789 -0.84230804443359375000 -1.17262315750122070312 0.42043012380599970035 -0.63592582941055297852 -0.22618837654590601138 -0.62908065319061279297 -0.48881345987319940738 -0.38188034296035761050 -0.51277351379394531250 1.55904710292816162109 -0.89955294132232666016 -0.60043817758560180664 -1.42028796672821044922 1.59331881999969482422 -0.27244839072227478027 -0.50802779197692871094 -0.78972798585891723633 -0.04016125947237009913 0.92154550552368164062 -0.96795463562011718750 1.53846621513366699219 -0.63078826665878295898 -0.90191686153411876337 -0.01317621581256380077 0.86795389652252197266 1.01699900627136230469 1.61750984191894509046 -1.40318405628204367908 0.18889239430427551270 -0.58979636430740356445 -1.13568735122680664062 0.16427725553512570467 -0.35703000426292419434 0.33954155445098871402 1.11497020721435569079 1.33884131908416770251 1.03332972526550292969 -1.17034637928009033203 1.62447082996368408203 0.43330922722816467285 -1.37783133983612060547 0.85741060972213745117
-0.35770413279533380679 -0.32060676813125610352 0.77392822504043579102 0.93541091680526722296 -0.81472742557525634766 -0.91779768466949462891 -1.14932727813720703125 0.53698009252548217773 -1.08387947082519509046 -0.37668114900588989258 1.43279600143432617188 -0.46929100155830377750 -0.80946326255798339844 1.61410045623779296875 -1.49313151836395263672 1.25374305248260498047 0.05670369416475289776 0.99679803848266601562 0.01728622429072849964 0.17177042365074149388 -0.64289754629135131836 1.23611342906951904297 1.15140080451965309827 -1.44502854347229003906 0.63154405355453491211 1.17472636699676513672 1.39939224720001220703 -0.24182653427124020662 0.88343495130538940430 -0.91997349262237559930 0.53793573379516601562 -0.15232062339782709293 0.24391162395477289371 1.49381613731384277344 0.82105016708374023438 -0.46393874287605280093 0.68039679527282714844 1.41893434524536110608 -0.29176476597785949707 0.53048801422119140625 0.79735642671585083008 1.46643376350402832031 -0.26871779561042780093 0.50818651914596557617 -0.95430546998977661133 -0.95327156782150279657 -0.63768768310546875000 -1.17729091644287109375 0.72642683982849121094 -0.71765708923339843750 1.00685024261474609375
-0.89305347204208374023 -1.34767448902130126953 -1.37464296817779541016 -0.46956914663314819336 0.85968112945556640625 0.04878750443458550190 0.76199281215667724609 0.46161806583404541016 -1.02129518985748291016 -0.77083563804626464844 0.91006010770797718390 1.54605925083160400391 -1.70834565162658691406 1.18410503864288330078 0.23278999328613281250 0.55153077840805053711 0.59450960159301757812 1.22662520408630371094 1.64197754859924316406 0.06089805066585540078 0.75018161535263061523 1.70541334152221679688 1.11716234683990478516 -1.18622827529907248767 -1.70946335792541503906 1.11153507232666015625 0.45914369821548461914 -1.10488462448120117188 0.23541027307510370425 1.26986873149871848376 0.20558647811412811279 -0.79041701555252075195 1.22699618339538552014 0.00987243466079230046 -0.00653271889314049978 1.28837394714355490954 1.07283484935760498047 -1.57659244537353515625 1.33230364322662353516 -0.34972375631332397461 0.33778232336044311523 1.53881728649139404297 -0.07886428385972969746 1.50713622570037841797 0.39943867921829218082 0.47364225983619689941 -1.17614567279815673828 -1.09020757675170898438 -1.05631482601165749280 -0.59041166305541992188 0.64336103200912475586
-1.73417675495147705078 -1.24105775356292724609 -0.76820135116577148438 -1.47844433784484863281 -1.47694277763366699219 1.13809347152709960938 -1.01111292839050292969 -1.25017356872558593750 0.59066718816757202148 -0.58848845958709716797 -1.51996374130249023438 -0.93406885862350463867 1.26345622539520263672 0.10725583881139749698 0.41281816363334650211 -0.81541490554809570312 -1.53074383735656738281 -0.52055567502975463867 -0.77036583423614501953 0.25386971235275268555 -1.14280509948730490954 1.07865631580352783203 -1.25508713722229003906 0.45428380370140070132 -0.03647707030177110149 0.12214574217796320132 0.48103213310241699219 1.16303265094757080078 -0.63863182067871093750 -0.87439060211181640625 -0.93205559253692638055 -0.49440079927444458008 1.10247457027435302734 1.34546804428100608142 1.44386410713195800781 0.45239329338073730469 -1.54884016513824462891 0.27643185853958129883 0.31191006302833551578 -0.90288573503494262695 -1.46245324611663818359 -0.47796621918678278140 -1.11730277538299560547 0.78347694873809814453 1.66884589195251464844 -0.06629033386707300357 -0.15421245992183679752 0.32793930172920221500 1.55431735515594482422 0.31584581732749938965 -0.66269654035568237305
-1.47802567481994628906 -1.34614551067352294922 -1.09845662117004394531 -0.30290639400482177734 -0.48176226019859308414 -1.09834754467010498047 0.18858775496482849121 1.42465054988861083984 -1.02527880668640136719 0.55970782041549682617 0.11960525065660469746 1.25401663780212402344 1.03665804862976074219 1.67353773117065429688 1.56254625320434570312 0.77802681922912597656 0.64144355058670043945 0.69463634490966796875 0.04515442624688140172 0.16837921738624569978 -0.50343567132949829102 -1.54642319679260231702 -0.41290625929832458496 -0.40304899215698242188 1.41618072986602783203 1.54884290695190429688 -0.74562281370162963867 -0.81351512670516967773 0.19182793796062469482 -0.88515299558639526367 0.80890744924545288086 -0.88936561346054077148 -1.45252311229705810547 -0.49028572440147399902 -0.93433892726898204462 1.08304560184478759766 -1.56766390800476074219 -0.85661286115646362305 1.67996263504028320312 -1.62224602699279807361 -1.15391016006469726562 0.23702456057071680240 -0.82864105701446533203 -1.43569242954254150391 0.90099668502807617188 1.38621771335601806641 0.82714116573333740234 -0.88103681802749633789 -1.29753172397613525391 0.46657669544219970703 0.04740733280777929826
-1.12116491794586181641 -0.49045938253402709961 0.08781959861516949739 -0.26869332790374750308 -0.48821815848350519351 -1.40425133705139160156 1.11740899085998535156 -1.69110000133514404297 -0.84765350818634033203 1.38530910015106201172 -0.79264098405838012695 1.10880649089813232422 1.41980814933776855469 0.65273940563201904297 1.10782182216644287109 1.25929546356201149671 -0.56544613838195800781 0.24357630312442779541 -1.09129929542541503906 -0.56962215900421142578 -1.38626372814178489001 -0.95523548126220703125 1.46302735805511474609 1.24985969066619873047 -0.85967302322387695312 0.40343874692916870117 0.23097221553325650301 -0.45172524452209472656 -1.21496891975402832031 -1.44493663311004638672 -0.16480682790279380101 0.67339718341827392578 -0.43948853015899658203 -1.14604556560516357422 -0.78492969274520874023 -1.56004083156585693359 -1.55454885959625244141 0.21599544584751129150 1.11817860603332519531 -1.12935543060302712171 0.50173825025558471680 0.16015504300594329834 -0.68747317790985107422 -0.22962947189807889070 -0.42220675945281982422 0.68027639389038085938 1.77755165100097656250 0.90029060840606689453 0.77854901552200317383 -0.51289939880371093750 0.25222873687744140625
0.94144904613494884149 0.95796942710876464844 2.56326055526733398438 1.64444482326507568359 -0.38514921069145202637 -0.65024960041046142578 1.48535239696502685547 1.28264403343200683594 -1.62321639060974121094 0.64610159397125244141 -1.04235470294952392578 -0.09872211515903470125 0.02648269757628440163 0.25103148818016052246 -0.76908653974533081055 1.59348714351654030530 1.19581162929534912109 0.81569415330886840820 0.00655259517952789996 -0.41663557291030878238 0.39656808972358698062 0.14733223617076871004 1.68295598030090309827 0.53325188159942626953 -1.21552383899688720703 1.68384277820587158203 1.49988639354705810547 1.43709361553192138672 -1.53535664081573486328 1.46610987186431884766 -1.33060824871063232422 1.75632762908935569079 1.01607275009155273438 -1.43622624874114990234 -1.51434814929962158203 1.18318688869476318359 -1.59880995750427246094 -0.93214517831802357062 -0.25248247385025018863 -0.98283874988555919305 -0.42470601201057428531 -0.53888911008834838867 0.22094693779945370760 -0.49594894051551818848 -1.21042120456695556641 0.61918395757675170898 1.55817198753356911389 -1.52850890159606911389 -1.47517740726470969470 -1.09191763401031494141 -0.83187663555145263672
-1.45118248462677001953 -0.84857994318008422852 -0.84960252046585083008 -1.00994813442230224609 -0.54426223039627075195 0.28213632106781000308 -0.47890135645866388492 -1.25933444499969482422 -0.13337032496929168701 -0.45823124051094049625 -0.52329283952713012695 -0.41002058982849121094 1.31693112850189208984 -0.05350530520081520081 -0.61149859428405761719 -1.54410195350646950452 0.85444259643554687500 -0.03109412640333170108 0.36433202028274530582 1.21629405021667480469 0.08847349137067790636 -0.49322506785392761230 1.36998832225799560547 0.41151905059814447574 0.01929621212184420148 -1.58735036849975608142 0.40671423077583307437 1.21427655220031738281 -1.03060555458068847656 -0.37197557091712951660 0.34675675630569458008 0.18295225501060480289 1.54739630222320556641 1.06076216697692871094 0.10293389856815329808 1.46956396102905273438 -1.06237554550170898438 1.58274734020233154297 -1.04695522785186767578 -1.46922135353088378906 1.55572640895843505859 1.38804447650909423828 -1.13988184928894042969 -1.09160780906677246094 1.44057750701904296875 0.97769129276275634766 -0.51091885566711425781 1.57246553897857688220 0.95543289184570323602 0.26109683513641357422 0.04050490260124200298
0.35094884037971491031 0.83151763677597045898 1.46886634826660156250 0.57257413864135742188 -1.34488415718078591077 -0.92729413509368896484 -0.00241939467377959988 0.25011944770812988281 0.84509432315826416016 -0.56471294164657592773 1.31056940555572509766 -0.35017213225364679507 0.38885962963104248047 -0.29104614257812500000 0.70262151956558227539 0.98685592412948597296 -0.64133501052856445312 -0.05975199118256559888 1.50597894191741943359 -0.21253772079944610596 0.25191751122474670410 1.09225332736968994141 1.40019583702087402344 -0.47136262059211730957 -0.19606566429138180818 1.33701348304748535156 -1.55219793319702170642 -0.64883083105087280273 0.93785369396209716797 1.44861137866973876953 0.52287596464157104492 0.48625090718269348145 0.03449692949652669732 0.42584428191184997559 -0.47183355689048761539 1.69124698638916015625 -1.31758582592010498047 1.71187412738800048828 0.23952522873878479004 0.90517729520797718390 -0.47466942667961120605 1.00875949859619140625 -0.29919913411140441895 0.76005327701568603516 1.54558455944061279297 -0.76681888103485107422 1.56603729724884033203 0.40745589137077331543 -1.06108105182647705078 0.25008261203765869141 -1.87393414974212646484
0.47901883721351617984 0.92604410648345958368 1.52275884151458740234 0.87315571308135986328 -1.37371516227722167969 -1.38828504085540749280 -0.07830811291933059692 1.56386065483093261719 0.98860085010528564453 1.49987530708313010486 -1.20232427120208740234 -0.18180501461029049959 -1.70378625392913818359 0.95346707105636596680 1.09787833690643310547 -1.70227384567260742188 -0.94415837526321400031 0.70920997858047485352 -1.27825093269348144531 1.07530987262725830078 1.12263762950897216797 1.64517593383789062500 -0.34782442450523370914 0.10747659206390379472 1.13871848583221435547 0.75729697942733764648 -1.45647084712982177734 -1.51320433616638183594 0.82995361089706420898 0.66214996576309204102 0.72687327861785888672 -0.14107997715473169498 -0.43783670663833618164 -0.10246676951646800646 0.04636766389012329792 -0.37284627556800842285 0.52426546812057495117 -0.78246825933456420898 -0.56268143653869628906 -0.73927211761474609375 -1.47375690937042236328 -0.13042409718036648836 0.64728403091430664062 -1.30668067932128906250 -1.37616097927093505859 0.35910388827323908023 1.36970913410186767578 -0.12054841965436929874 0.17909872531890869141 -0.98188924789428722040 -1.77001368999481201172
1.49004948139190673828 0.77841651439666748047 0.49993225932121271304 0.32403376698493957520 -1.66315674781799316406 -0.76780939102172851562 -0.72315424680709838867 -0.62984573841094970703 -0.09863075613975519351 1.08561944961547829358 -1.76381647586822509766 -1.00167286396026589124 1.61100256443023681641 -0.10802098363637920031 1.04565799236297607422 0.22646072506904599275 -0.74009060859680175781 -1.41814970970153808594 -0.57440310716629028320 -0.43297892808914179019 1.52304410934448242188 -0.56721442937850952148 -1.01679027080535888672 -1.46658337116241455078 1.69993805885314941406 1.30490064620971679688 -0.27966228127479547672 -0.20338054001331329346 0.31637451052665710449 -0.94449084997177124023 -0.99369102716445922852 -0.54960107803344726562 -1.34317243099212646484 1.51326584815979003906 -0.83916354179382324219 0.44220638275146478824 0.17846877872943869847 0.20378446578979489412 -1.39408135414123535156 -0.89713883399963378906 -1.54998254776000976562 1.17183995246887207031 0.52071350812911987305 -0.88370513916015625000 0.34890660643577570132 -0.30581280589103698730 -0.63519281148910522461 0.22155870497226709537 -1.46464896202087402344 -1.44812905788421630859 -1.78980159759521484375
-1.43245935440063476562 -0.92226523160934437140 -0.97233259677886962891 -1.48387527465820312500 1.71131014823913552014 -0.08011374622583379568 1.31356954574584960938 -0.77747106552124023438 -1.68924188613891601562 -1.35718190670013449939 0.17905257642269128970 1.05757296085357688220 -1.51206028461456298828 -0.29040852189064020328 0.37109774351119989566 1.00280702114105224609 0.46483242511749267578 -0.80955493450164794922 0.97089624404907237665 -0.63237965106964111328 -0.49102720618247980289 -0.95662796497344959601 -0.56553465127944946289 -0.73301774263381958008 -0.36251077055931091309 -1.21022903919219970703 0.98156702518463123663 1.23300802707672119141 -1.43620407581329367908 -0.57322883605957031250 0.99824559688568115234 1.73742306232452392578 0.36488711833953857422 -1.70278906822204589844 -1.44961345195770263672 0.39045599102973937988 -0.78704375028610229492 0.51267999410629272461 -0.37787792086601257324 1.37752056121826149671 -1.36719012260436989514 1.43025875091552712171 0.66014975309371948242 0.99275308847427357062 1.55136048793792724609 -0.40942287445068359375 -1.26397573947906494141 0.92681604623794555664 1.21843600273132324219 1.35950005054473876953 0.48627552390098571777
-0.10476990044116969714 -0.31477051973342889957 0.47677209973335260562 0.32318153977394098453 -0.35156160593032831363 -0.08906939625740049882 0.35429662466049188785 -0.17288553714752188939 1.31333911418914794922 -0.95007997751235961914 -1.59005272388458229749 -1.21076858043670632092 0.55925297737121582031 0.14876583218574521150 -0.26746812462806701660 -0.54575777053833007812 -0.95249336957931518555 1.03574621677398681641 0.01870383694767949884 1.65765070915222167969 1.66934895515441894531 0.20220518112182608861 1.36597895622253417969 -0.28099703788757318668 -1.12860143184661887439 -1.16241419315338112561 -1.50229084491729736328 -1.34842383861541770251 0.99460709095001220703 0.45527216792106628418 -0.41672351956367492676 -1.09544765949249289783 -0.54306030273437500000 -0.37380710244178771973 -0.22816538810729980469 -0.49223396182060241699 -0.95006477832794200555 1.19959664344787597656 1.18518102169036887439 -0.55708473920822143555 -0.71409112215042114258 0.40977832674980158023 1.38332295417785644531 1.54775035381317138672 -0.34950119256973261050 -0.61709535121917724609 1.17859673500061035156 0.77538967132568359375 0.91639208793640136719 -0.97191172838211059570 0.66432428359985351562
1.72485220432281494141 1.36843800544738769531 0.74681150913238525391 -0.01498781889677039923 1.48222506046295166016 1.63039040565490722656 -1.76839566230773925781 -0.71860361099243164062 -1.31967818737030029297 -1.61588764190673850329 -0.55840426683425903320 0.68482911586761474609 -1.29642403125762939453 -0.78962284326553344727 -0.22466416656970969457 1.60117065906524658203 0.42374342679977411441 -1.00608229637145996094 0.99174106121063243524 -1.24963128566741943359 0.80332118272781372070 0.44343385100364679507 0.28008800745010370425 -0.37394827604293817691 0.87846136093139648438 -0.33310124278068542480 1.72545409202575683594 0.89598006010055541992 -1.09210479259490966797 -1.71062624454498291016 1.61496889591217041016 -0.66683751344680786133 -0.96927964687347401007 -0.69028520584106445312 1.02303767204284690173 -0.50406533479690551758 0.39042824506759638004 -1.53598022460937500000 -1.34728085994720458984 -1.36144649982452392578 1.51659166812896728516 -0.40928751230239868164 0.70162856578826904297 0.30432799458503717593 0.46135610342025751285 -0.18149434030055999756 -0.91444253921508800165 1.29902398586273193359 0.65815126895904541016 0.10270275175571440263 0.90190207958221435547
0.65134549140930175781 1.69558048248291015625 1.78538775444030761719 -0.00627497863024469981 -0.00482033053413030016 1.14962303638458229749 -0.29117164015769958496 -0.40600919723510742188 0.82432919740676879883 -0.13877443969249719791 -0.06428173929452890567 0.15703247487545010652 -0.78864330053329467773 1.27315592765808105469 0.47051373124122619629 -1.49375545978546142578 1.23889565467834472656 -1.20140624046325683594 1.69409370422363281250 -0.32311961054801940918 0.47450166940689081363 0.92745852470397960321 -1.15327215194702170642 0.84446942806243896484 1.14857006072998046875 -0.22252745926380149144 1.20930016040802001953 -0.32316955924034118652 -1.03537476062774658203 -0.17681540548801419344 -1.10886120796203591077 -0.66276830434799194336 -1.68961358070373535156 -0.27709543704986572266 -1.00746715068817138672 0.18207423388957968968 -0.75535416603088378906 -1.06502008438110351562 1.07609605789184570312 0.48288196325302118472 -0.99573773145675659180 -0.69129246473312377930 0.45933857560157770328 0.57525229454040527344 -1.06415367126464843750 -0.02888188883662220000 -1.26464211940765380859 -0.44743883609771728516 1.30481529235839843750 1.58966624736785888672 -0.78892225027084350586
1.17101395130157470703 1.16243636608123779297 0.02529948577284810152 -1.34656774997711181641 1.41779553890228271484 -0.66605859994888305664 0.61557722091674804688 0.86543834209442138672 -0.34222584962844848633 0.38875800371170038394 1.12457525730133056641 -0.57635611295700073242 -1.42358815670013449939 -0.05609711259603499672 0.43059957027435302734 -0.36972099542617797852 -0.96067965030670154913 0.97639417648315440790 0.15321129560470581055 -1.09042429924011230469 0.27828064560890197754 -0.51549899578094482422 1.57453334331512428967 -1.33061528205871582031 0.77447527647018432617 1.46724641323089599609 -0.83501893281936645508 -1.69726788997650168689 0.39314812421798700504 1.52273964881896950452 1.13505125045776367188 1.26444125175476074219 1.13245522975921630859 -1.09766530990600608142 -1.48503983020782470703 -0.02144776470959179962 -0.26595562696456909180 1.48047518730163552014 -1.06694829463958740234 0.52402269840240478516 -0.60651654005050659180 -1.07175374031066894531 -0.38869729638099670410 -0.94063699245452880859 -0.52207261323928833008 -1.66025996208190917969 0.00125538825523100004 -0.30871048569679260254 -1.29696774482727050781 1.27428555488586447986 -0.93131405115127563477
1.24879324436187744141 1.29814326763153076172 0.57832497358322143555 -0.46776387095451349429 0.62691462039947509766 0.03651466220617290148 -1.39660835266113281250 0.09632269293069839478 -0.87165802717208862305 -0.22067260742187500000 -0.98263037204742442743 -0.80339342355728149414 -1.47408175468444824219 -0.43927937746047968082 0.93101000785827636719 -0.80639886856079101562 1.01607275009155273438 1.56959462165832519531 -0.53581422567367553711 0.92144280672073364258 -1.04230165481567382812 0.32063406705856317691 -0.79731565713882446289 1.66282284259796142578 -0.39888712763786310367 -0.74122673273086547852 1.58355176448822021484 0.48853757977485651187 -0.42859908938407897949 -1.69132554531097389905 0.62663877010345458984 -1.06428194046020507812 1.34932148456573486328 0.41046664118766779117 -1.32016944885253906250 -1.03949213027954101562 0.75300306081771850586 1.08815979957580566406 0.20157627761363980379 -0.48510849475860590152 -1.39264154434204101562 0.63081264495849609375 1.70862531661987304688 -0.45093816518783569336 0.01093031466007230064 1.28072941303253151624 0.20115171372890469637 0.20844529569149009007 -0.88574612140655517578 0.11037016659975050492 -0.32781344652175897769
0.16032902896404260806 0.10466960817575450549 -0.71778643131256103516 -0.97121781110763560907 0.44254687428474420718 0.73261320590972900391 0.71730238199234008789 -1.50926625728607177734 1.58957874774932861328 1.70874333381652832031 -0.04520240426063529965 1.51367390155792236328 -1.68661344051361083984 -1.19441974163055419922 -0.75720751285552978516 0.69035100936889648438 0.85099267959594726562 0.87713575363159179688 -0.83102303743362426758 -1.73130166530609130859 -0.32474491000175470523 0.23625653982162470035 0.31970563530921930484 -1.43452715873718261719 0.64354366064071655273 1.27331542968750000000 1.06457483768463112561 -1.08297526836395263672 0.67655485868453979492 1.49039208889007568359 -0.60501509904861450195 1.59153354167938232422 -1.10442996025085449219 -0.07436139881610870361 -1.05104625225067138672 -1.56032991409301757812 0.40514859557151788882 -1.52155494689941406250 -0.01980758644640440158 -0.77368170022964477539 -1.54970085620880126953 -0.23239007592201230135 -1.27407634258270263672 -1.58351218700408935547 -1.02695882320404030530 -0.36152106523513788394 0.68020063638687133789 1.11015152931213378906 1.69272243976593017578 -0.30097338557243341617 0.30525320768356317691
0.61348068714141845703 1.40550398826599121094 2.56341624259948774878 1.51978015899658203125 1.47056615352630615234 -0.71124809980392456055 0.52918535470962524414 0.17333251237869259920 0.53429716825485229492 0.95501035451889038086 -1.23881995677947998047 0.64008414745330810547 1.18235278129577636719 0.20224298536777490787 -1.18948054313659690173 -1.18778479099273681641 -1.16832435131072998047 0.72819465398788452148 -1.17892885208129882812 -1.19172906875610351562 -1.11357104778289794922 1.42251813411712646484 -1.32377386093139648438 -0.01302733831107610006 -0.49310612678527832031 -1.23128700256347656250 -1.71015107631683349609 -0.81971037387847900391 0.37039524316787719727 0.33697462081909179688 -0.96951121091842640265 0.68604761362075805664 -0.07587434351444240221 -1.34318292140960693359 -1.57564365863800048828 1.21541619300842285156 0.91850006580352783203 -1.08303165435791015625 -1.11837089061737060547 -0.60702657699584960938 -0.32141542434692377261 0.26359060406684869937 -0.99927049875259399414 -0.32273861765861511230 0.78983652591705322266 -1.66598558425903320312 0.83278417587280273438 -1.24811172485351562500 -0.53578329086303710938 1.68038702011108398438 -0.24048444628715509586
0.01909551955759520095 -0.49464526772499078922 -0.44666275382041931152 -0.18925255537033081055 0.42478871345520019531 0.79781097173690795898 1.09719383716583229749 1.40090835094451904297 -0.68009102344512939453 -1.38126647472381591797 -1.15319836139678955078 0.62456017732620239258 -1.30885815620422363281 0.18591274321079251375 -0.56639450788497924805 -1.26822781562805175781 0.59809136390686035156 0.61628055572509765625 -1.50667834281921408923 -1.30914449691772460938 1.03137540817260742188 0.42252996563911437988 -0.40797504782676691226 -0.56860011816024780273 -0.35624051094055170230 0.53474855422973632812 0.95367068052291881219 -1.48695755004882790296 -1.12343168258666992188 -1.44623565673828125000 -1.71596527099609375000 -0.13394716382026669588 0.04425374418497080020 -0.68188911676406860352 1.01948904991149902344 0.73326188325881958008 0.53089225292205810547 -1.44000613689422607422 -0.20139153301715850830 0.71783065795898437500 0.87548476457595825195 -1.37468945980072021484 0.45650985836982721500 0.98668485879898082391 1.04506659507751464844 0.03992889449000350255 -0.44944319128990167789 -0.65809828042984008789 0.76265382766723632812 -0.32131257653236389160 0.92793363332748401984
-0.85285878181457519531 -0.76339912414550781250 -0.54926586151123046875 -0.54062432050704956055 -0.80812323093414306641 -1.38122665882110595703 0.18115375936031338777 -0.26673302054405212402 -0.24441266059875479955 1.09293985366821289062 1.58943355083465576172 1.24201488494873046875 1.68763220310211181641 0.94387948513030994757 1.16709184646606445312 0.79915493726730346680 -0.78526121377944946289 0.62651288509368896484 -1.44612324237823486328 -0.62545335292816162109 -0.32597506046295160465 -1.50033497810363769531 -0.19201861321926108617 1.55583906173706032483 0.37313303351402282715 -1.57172405719757080078 -0.42302811145782470703 -1.07819521427154541016 0.89950990676879882812 -1.13482666015625000000 0.84328752756118774414 -0.66921865940093994141 0.64382249116897583008 -1.50642907619476318359 -0.42624631524085998535 -0.14302405714988700169 -0.41233119368553161621 -1.22996044158935569079 1.49449837207794189453 0.57858860492706298828 -1.24166512489318847656 -1.35608756542205810547 -1.09535109996795632092 -0.32311260700225830078 -1.04835867881774902344 -1.26455760002136230469 1.05628740787506103516 -0.64156913757324218750 -1.38208365440368630139 -0.04918218776583670182 0.34435847401618957520
1.94757938385009765625 1.30421936511993408203 0.48374438285827631168 0.01276207529008380019 -1.65837204456329367908 -0.39949616789817810059 0.46027150750160217285 0.68403625488281250000 0.87176036834716796875 1.03415131568908691406 0.24142818152904510498 -0.92158871889114379883 -1.34954071044921875000 -0.88796842098236083984 -0.27228596806526178531 -1.49407589435577392578 1.45110714435577392578 1.14547801017761230469 0.73598563671112060547 1.68095147609710693359 1.63398432731628417969 -1.43165671825408935547 0.86290347576141357422 -1.11758923530578591077 0.17687417566776270084 1.71808385848999023438 -1.75689411163330078125 0.79370510578155517578 -1.46599888801574707031 0.05220393091440200112 -1.08350539207458496094 -1.21653318405151367188 0.75110054016113281250 1.09728634357452392578 -1.51530694961547829358 0.99143463373184204102 -0.72539353370666503906 0.24897971749305719547 -0.93192261457443237305 1.62042975425720192639 0.43676412105560302734 1.10399305820465087891 0.75990957021713256836 -1.23945963382720969470 0.22410190105438229646 1.01192963123321510999 -0.19643336534500119295 0.97674131393432617188 0.56943523883819580078 0.60442870855331420898 0.37130412459373468570
0.61651164293289184570 0.59853124618530273438 -1.31682765483856201172 -1.08335280418395996094 -1.49073195457458496094 1.70461523532867431641 1.51507675647735595703 1.04745292663574218750 1.22425854206085205078 1.67486596107482910156 1.24400663375854492188 -0.25307604670524591617 0.44295901060104370117 1.39202845096588112561 -0.24930249154567710179 0.07717545330524440417 0.92187386751174915656 -1.38661777973175048828 1.13566088676452636719 1.35119879245758056641 -1.11155652999877929688 0.49049580097198480777 0.37309381365776062012 -0.07398813217878340287 1.02763020992279030530 0.50877600908279418945 0.64786732196807861328 1.56795537471771240234 -1.03539824485778808594 1.08245980739593505859 -1.28858184814453125000 1.59381866455078125000 -0.05599034205079069654 0.41764852404594421387 1.57053995132446289062 0.53580129146575927734 -1.37410116195678710938 -1.21449720859527610095 0.14836120605468750000 -1.52138304710388183594 1.43797922134399391858 -0.75969660282135009766 -1.50169992446899391858 0.68310910463333129883 -0.29891344904899591617 -0.53564524650573730469 1.08618140220642089844 -0.09360992163419719347 1.54710412025451660156 1.56946492195129394531 -1.40313863754272460938
0.03111474029719819845 -0.43134245276451110840 -0.10624048858880989765 -0.23601141571998590640 1.24514353275299072266 -0.43646737933158868961 -1.20950877666473410876 -1.51197552680969238281 0.56845033168792724609 -1.01918911933898925781 0.59775429964065551758 1.44484508037567138672 0.90146028995513916016 -0.91617220640182495117 -0.17312440276145929507 -1.01441919803619384766 0.36224570870399469547 -1.33491778373718261719 -0.09642130136489859837 0.48583450913429260254 -1.48978984355926513672 -0.29188996553421020508 -0.82016557455062866211 1.08374941349029541016 -1.66464102268218994141 0.29515600204467767886 0.83792042732238769531 1.00831854343414306641 -0.63302940130233764648 0.23996825516223899144 -0.00010007066885000000 -0.58912146091461181641 0.68351125717163085938 0.60327005386352539062 1.44995415210723876953 0.28019168972969049625 -1.59684443473815917969 1.66509151458740234375 0.33969154953956598453 0.67932140827178955078 -0.92788773775100719110 -1.56932938098907470703 -0.66108328104019165039 -0.24437572062015530672 0.92241638898849476202 -0.19024552404880520906 0.19371445477008819580 1.64339995384216308594 0.38371279835700988770 0.61685544252395629883 1.07384610176086447986
-0.92842978239059437140 -1.52292418479919433594 -1.34123945236206032483 0.34837308526039117984 0.07303349673748009419 -1.31830823421478271484 -0.72581595182418823242 0.55635201930999755859 -0.71718055009841918945 0.31732326745986938477 -0.27866935729980468750 -0.44821050763130187988 -0.72955775260925292969 -0.74746859073638916016 -0.96286857128143321649 -1.42764425277709960938 -0.84470432996749877930 -0.66817516088485717773 -0.91090303659439075812 0.17028076946735379305 1.65140497684478759766 1.11959624290466308594 -0.83205765485763549805 -1.16529905796051047595 -1.43288874626159690173 0.95018321275711059570 -1.46318852901458740234 -0.65832811594009399414 1.40245211124420166016 1.57893204689025878906 0.61485832929611206055 -1.64689779281616210938 -0.70552599430084228516 -0.58481788635253906250 -1.64328503608703591077 -1.48073577880859375000 0.44924601912498468570 0.62709522247314453125 0.76657128334045410156 -0.03678497672080990183 0.90694159269332874640 1.20286536216735839844 -0.48197168111801147461 1.28299355506896950452 -1.52419602870941162109 0.21494470536708829012 1.07518064975738525391 0.92499113082885742188 0.98282897472381602899 -0.52512729167938232422 0.57794159650802612305
1.30103600025177001953 0.86999434232711791992 -0.09031790494918820467 0.30648875236511230469 1.38084840774536110608 -0.13043588399887079410 -1.31066048145294189453 0.62527507543563842773 -1.14518535137176513672 -0.24730722606182090062 1.35811674594879150391 -1.38038396835327170642 0.64859163761138916016 -1.50245094299316406250 -1.24699318408966064453 1.17298257350921630859 0.78447312116622924805 1.61616230010986328125 1.65493047237396240234 -0.16000781953334800023 -0.09388227015733710545 0.63301485776901245117 -0.80181145668029785156 -1.30313968658447287829 1.38390910625457763672 -0.61487972736358642578 0.53451746702194213867 0.50680971145629882812 -1.38032376766204833984 0.93658763170242320673 0.25971320271491998843 0.43202897906303400211 -0.45349889993667602539 -1.57036328315734863281 -0.67784142494201660156 0.50389689207077026367 1.68987095355987571033 -0.23320984840393060855 -1.29479253292083740234 -0.43702390789985651187 -0.04887434095144269769 -0.92953854799270640985 1.50948548316955566406 -0.53902012109756469727 0.06802522391080849384 1.22629106044769287109 0.51436883211135864258 -0.72021281719207763672 0.65484625101089477539 1.11735427379608154297 -0.85998362302780151367
-0.51596617698669433594 -0.19416503608226770572 -0.56373316049575805664 -0.42255204916000360660 0.28250631690025329590 1.56671857833862304688 -0.12317848205566399311 1.48901581764221191406 1.39707195758819580078 -0.60678595304489135742 -1.45486962795257568359 -0.00723450677469369974 0.15771135687828061189 1.03793334960937500000 0.11768177151679989900 0.65099668502807617188 -0.58612722158432006836 -1.71782624721527099609 1.44525945186614990234 -0.36788669228553771973 0.49442929029464721680 -0.27228873968124389648 -0.05896365642547599789 1.67314910888671875000 1.50245666503906250000 1.09462225437164306641 -0.45972692966461181641 0.76722764968872070312 -1.43496668338775634766 0.63219296932220458984 -0.30844670534133911133 -0.31268456578254699707 -0.76999539136886596680 -1.68541002273559570312 -0.86095035076141357422 -0.76285195350646972656 1.37261378765106201172 -0.10285505652427670564 -0.04506906867027279939 -0.36638858914375299625 0.18001112341880790013 1.50306916236877441406 1.35880994796752929688 -0.18533323705196380615 -0.69710731506347656250 -1.36825931072235107422 -0.73471218347549438477 -0.53857588768005371094 1.03618812561035156250 1.61973726749420166016 1.00724339485168457031
0.51931643486022949219 0.89377474784851074219 0.17923600971698760986 0.19600813090801239014 -1.37515401840209960938 -0.60900849103927612305 1.03892791271209716797 -0.75651782751083374023 -0.98170423507690440790 0.70159345865249633789 0.14787995815277099609 0.21294394135475158691 -0.57894808053970336914 -0.91774684190750122070 -0.60194504261016845703 -0.72175186872482299805 -0.90051263570785522461 -0.14311079680919638890 0.57136571407318115234 -0.75567734241485595703 0.96150946617126464844 1.58219265937805175781 -0.07321590185165399722 -0.45700779557228088379 -0.07448906451463699341 -1.28306949138641357422 0.65372395515441894531 -0.63083231449127197266 0.45961192250251770020 -0.61137950420379638672 -0.96226727962493896484 0.90290373563766479492 -1.63204538822174072266 -1.40531980991363525391 0.73931658267974853516 1.35571861267089843750 -1.38131725788116455078 -1.33890867233276367188 1.20685231685638449939 0.14445270597934720125 0.64509499073028564453 0.35461717844009399414 0.01723537780344479992 0.99128341674804676398 -1.01698434352874755859 -1.07615029811859130859 -0.43196010589599609375 -0.07671514898538589478 1.62625062465667724609 -0.78761923313140869141 -1.82301664352416992188
-0.51429140567779541016 -0.80650049448013305664 -0.05821395665407180092 1.20188403129577636719 -1.41451740264892578125 -1.35920655727386474609 1.18593585491180419922 0.61903506517410278320 0.41333991289138788394 -0.76720941066741943359 0.62253290414810180664 -1.65120959281921408923 -0.75533288717269897461 0.21052095293998709935 0.67418605089187622070 0.34349584579467767886 -0.01927662454545489915 -1.22531771659851074219 0.04579996317625040225 0.45493945479392999820 0.85781437158584594727 0.08455939590930930394 0.49687245488166809082 1.34064161777496337891 -1.14793002605438232422 -0.73981028795242309570 1.26010549068450927734 0.28997474908828729800 1.16378355026245117188 1.17055702209472656250 1.47388827800750710217 0.55705821514129638672 0.97274702787399280890 1.66167402267456032483 0.68101453781127929688 1.38066804409027099609 -0.74003380537033081055 0.50008255243301391602 0.84681051969528198242 -1.22557854652404807361 -0.86560851335525512695 0.76983404159545898438 1.31403732299804687500 1.58401060104370117188 -1.44086885452270507812 0.95176786184310924188 -0.26870796084403991699 -0.62366616725921630859 1.37242877483367919922 -0.90659940242767322882 0.88169914484024047852
0.88347685337066650391 1.00687754154205322266 0.49144524335861200504 -0.83728361129760742188 1.04872906208038330078 0.73399353027343750000 -0.50109887123107910156 0.68086242675781250000 0.06517098098993300004 -1.11182200908660888672 0.01567163318395610114 1.08265018463134765625 1.20054113864898681641 -0.86484378576278686523 -1.76237416267395019531 -1.20547664165496848376 -0.39542531967163080386 -0.33385607600212091617 0.83267509937286376953 -0.85425490140914916992 -0.97662854194641124383 -0.44303485751152038574 -1.67299675941467285156 -1.57295370101928710938 -0.97408944368362437860 -1.10504066944122314453 1.16030514240264892578 1.62262725830078125000 -1.16875576972961447986 -0.25484725832939147949 -1.20158815383911110608 0.61923843622207641602 1.64380705356597900391 1.12240278720855712891 -0.69469135999679565430 0.76302403211593627930 0.41982564330101007632 -0.15043397247791290283 1.73632907867431640625 -0.12130455672740929340 0.20212408900260919742 0.89157801866531372070 -1.72121584415435791016 0.64078164100646972656 1.32690370082855224609 0.83696371316909790039 -0.08487131446599960327 -1.71754205226898193359 0.13772687315940851382 -1.63676273822784423828 -1.96577572822570800781
-0.04552046954631799869 0.61345309019088745117 -0.14245049655437469482 -0.22333681583404541016 -0.95198076963424682617 1.41367912292480490954 -0.79211014509201049805 1.46133840084075927734 -0.22941227257251739502 -0.25251132249832147769 1.45026183128356911389 1.35636651515960693359 1.70859932899475097656 1.66079652309417724609 1.27649855613708496094 0.11612045019865030460 -0.03457058593630790017 -0.27411139011383051090 -0.84144961833953857422 0.20552885532379150391 1.14584302902221679688 -0.78272926807403564453 -1.30741393566131591797 0.63306289911270141602 -1.11141502857208229749 0.93463957309722900391 -1.77296853065490722656 -0.14442887902259821109 0.51411283016204833984 1.55795919895172119141 -0.52493840456008911133 1.25852954387664794922 0.06341858208179469714 1.58802521228790283203 -1.37287521362304687500 -0.71145200729370117188 -1.70698380470275878906 1.47038793563842751233 -1.03801190853118896484 0.09684363752603529496 -1.32568633556365966797 0.37140500545501708984 -1.29498028755188010486 -0.47873023152351379395 -1.50562322139739990234 -1.41025257110595703125 0.15264430642127990723 -0.45988133549690241031 1.02894306182861328125 -0.89739012718200683594 -0.34311744570732111148
1.60024189949035644531 1.70830202102661110608 0.44635686278343200684 0.04156943038105959803 -0.01855094358325000067 0.65835046768188476562 -0.95283854007720958368 -0.97069674730300903320 0.34755626320838928223 0.05692692846059790174 -0.42226877808570861816 -0.28614073991775512695 0.12211339920759199662 0.73612427711486816406 -0.61359989643096923828 -1.03835105895996093750 0.95634847879409801141 -0.94449406862258922235 -0.38573780655860900879 -1.16573739051818847656 -0.13273571431636810303 1.17149198055267311780 0.79563248157501220703 1.00830698013305664062 0.21100117266178131104 1.25623333454132080078 -0.18561463057994839754 0.15761399269104001131 0.07060218602418899536 -0.26870957016944879703 -0.08365105092525479402 -0.02178099751472470022 -1.53311455249786376953 -0.07311157137155530061 -0.13473674654960629549 1.16368734836578369141 -0.90965706110000599249 -1.30511808395385742188 -0.88354921340942382812 1.21304917335510231702 -0.77880287170410156250 0.27101159095764160156 -1.45816099643707275391 -0.22857919335365289859 0.32591027021408081055 0.96497631072998035773 -0.01301465276628730079 0.20973348617553710938 -1.02880871295928955078 1.43126022815704367908 1.05354750156402610095
-1.20228576660156250000 -1.30837690830230712891 -0.26550841331481928043 -1.62740170955657958984 0.46094882488250732422 -0.60421413183212280273 -0.83419078588485717773 -0.73391348123550415039 0.42796269059181207828 -1.21279668807983398438 -0.38316252827644348145 1.71961855888366699219 1.25095975399017311780 1.27613735198974609375 0.25732794404029840640 -1.01062977313995361328 0.20551748573780059814 1.12232196331024169922 0.76180744171142578125 0.03044957667589179989 -1.15974628925323486328 1.26384329795837402344 0.53847098350524902344 0.89222538471221923828 -0.26661288738250732422 -1.39549314975738525391 1.04254639148712158203 -0.71216690540313720703 -0.36061015725135797672 -0.81427270174026489258 1.50209164619445800781 1.29898154735565207751 0.08036663383245459813 0.53757339715957641602 0.96964263916015625000 0.20067681372165679932 1.59300780296325683594 -1.04825842380523681641 0.42887145280838012695 -0.25652369856834411621 0.53127086162567138672 -1.44687557220458984375 -1.48687541484832763672 -0.30563387274742120914 -1.60021400451660156250 1.72568655014038085938 -1.65981793403625488281 1.25231146812438964844 0.65437406301498413086 -0.34984418749809259586 -0.66494488716125488281
-1.28134012222290039062 -0.41420772671699518375 -0.61561584472656250000 -1.71475374698638916016 0.02029129117727269949 1.71269810199737571033 1.53270494937896728516 1.22036099433898925781 1.20454156398773193359 0.13295984268188471011 -0.95124518871307361945 -0.09809123724699020386 0.98210912942886363641 -0.43645167350769037418 0.55861490964889526367 -0.49469795823097229004 -0.97683626413345336914 -0.70064622163772583008 1.21780276298522949219 0.68544596433639526367 0.13450388610363001041 1.62649440765380859375 0.52520138025283813477 0.02069587446749210011 1.12677061557769775391 -0.58126139640808105469 1.25350570678710937500 -0.14988784492015838623 1.59137701988220192639 -0.59356033802032470703 -0.53621900081634521484 -0.03992572054266919912 0.62283205986022949219 -1.20622670650482177734 -1.65669834613800048828 0.16555403172969809789 -1.20224738121032714844 -1.11583185195922829358 0.42624413967132568359 -1.07858598232269287109 -0.81656748056411743164 1.56362128257751464844 -0.42268911004066467285 -0.71623784303665161133 0.62126302719116210938 -0.81541055440902709961 0.88047969341278076172 -0.72280174493789672852 -0.74642270803451538086 -1.25413000583648681641 0.01111955940723409995
-1.00888812541961669922 -1.21554744243621848376 -0.02565305680036539943 1.00653636455535888672 1.35039651393890380859 -0.14776921272277829256 0.60511761903762817383 -0.62607228755950927734 1.32056164741516113281 1.19551837444305419922 0.69265264272689819336 0.14085683226585379857 -1.07699501514434792249 -1.26303315162658691406 -1.67041313648223876953 0.20769335329532620515 -1.72519099712371848376 0.99831575155258178711 -0.59067428112030029297 -1.73935151100158691406 -0.02285247668623920092 1.70437145233154296875 -1.40297174453735351562 1.35186946392059326172 0.54119884967803955078 1.36960160732269287109 -0.92099291086196899414 -0.06875749677419659700 0.40765970945358270816 0.68794548511505126953 0.22371733188629150391 -1.58012235164642311780 1.44263684749603271484 1.58807539939880371094 1.18289351463317871094 1.28863108158111550061 0.20091111958026880435 1.53475821018218994141 0.15526224672794339265 -0.91463041305542003290 1.68977606296539306641 0.29652228951454162598 1.52807486057281494141 1.02761268615722656250 -1.57071673870086669922 1.67879700660705566406 1.67812645435333229749 -1.09364521503448486328 1.65213453769683837891 0.50298792123794555664 0.72567170858383178711
0.67496728897094726562 1.67373251914978049548 -0.73744130134582519531 -1.61221158504486083984 0.34132048487663269043 0.12629830837249750308 1.63390350341796875000 -0.07637903094291680073 -1.25632345676422119141 0.14660346508026120271 1.05926263332366943359 0.05143435299396510035 -1.25262069702148437500 0.43699914216995239258 -0.65782064199447631836 -1.17411351203918457031 -1.75729489326477050781 1.36778414249420166016 1.24461531639099121094 -0.26128885149955749512 -0.43609187006950378418 -0.80190092325210571289 1.34109568595886230469 -0.70520085096359252930 -0.58381247520446777344 0.03210300579667089982 -0.58293861150741577148 1.58703541755676269531 0.93319231271743763312 1.65173411369323730469 -1.63361883163452170642 0.96061718463897705078 1.66743004322052001953 -0.75147843360900878906 1.25594556331634521484 1.59941363334655761719 1.70653414726257324219 -0.75863379240036010742 -1.21369206905364990234 1.06483614444732688220 -1.67625582218170166016 -1.65176844596862792969 -0.71858662366867065430 0.76756370067596435547 1.47630000114440917969 -1.06453347206115722656 0.57120019197463989258 0.16187447309494010228 0.61980372667312622070 0.99225610494613636359 -1.01215732097625710217
0.85768073797225952148 1.44550716876983642578 -0.29175415635108947754 -1.65798544883728049548 0.86771661043167114258 -1.34533190727233886719 -0.14052377641201019287 1.44756448268890380859 0.94368892908096324579 0.18169690668582910709 -1.43817365169525168689 0.50186651945114135742 -1.05005526542663552014 1.65772593021392822266 -0.95876729488372802734 -1.69767558574676513672 1.66894507408142089844 1.11725223064422607422 1.08078372478485107422 -1.62582468986511230469 0.17402246594429010562 0.87278276681900024414 -1.13834154605865478516 1.52537608146667480469 1.25568318367004394531 -1.28690063953399658203 -1.61166346073150634766 1.62820565700531005859 -0.79422837495803833008 0.05734245106577869761 1.10784244537353515625 -1.31211411952972389905 -0.98680418729782104492 0.89834666252136230469 1.59856164455413818359 1.27945685386657714844 1.46976280212402343750 1.64640879631042480469 -0.96005636453628540039 0.17968849837779998779 0.02534390985965720086 -1.44188725948333740234 1.40318155288696289062 0.97614949941635120734 0.00972215365618460045 0.11625243723392479633 1.24934887886047363281 -0.90394067764282237665 -1.13414919376373291016 1.17220234870910644531 -1.27336347103118896484
0.47769182920455932617 0.66472202539443969727 1.01758146286010742188 1.23411464691162109375 1.22268187999725341797 -0.81245648860931396484 -1.30061089992523193359 1.21645033359527610095 -1.15270376205444335938 1.52870810031890869141 -0.06481970101594919376 1.06169128417968750000 1.28415548801422119141 -1.05007016658782958984 0.27983674407005310059 1.34782326221466064453 -0.01590743660926809827 0.40303963422775268555 1.23843765258789062500 1.45981001853942871094 -0.56383341550827026367 -0.50536090135574340820 1.05252599716186523438 1.26116204261779807361 -1.18423354625701904297 -0.20957465469837188721 -1.65565979480743408203 1.11778247356414794922 -1.33093321323394775391 -1.68670523166656494141 1.18314898014068603516 -1.45839476585388183594 -0.38458475470542907715 0.59780341386795043945 0.04187545180320739746 0.61185568571090698242 0.30392831563949579410 1.06782591342926047595 1.21524548530578591077 0.33866527676582330875 -1.05855131149291992188 -0.75368493795394897461 0.12813955545425409488 -1.28787338733673095703 0.12781533598899841309 1.43986177444458007812 -0.24233959615230560303 -0.85450774431228637695 -0.72212028503417968750 1.40183675289154030530 -0.97120052576065063477
0.18816354870796200838 -0.32379263639450067691 0.37715917825698852539 1.43481504917144775391 0.90449070930480957031 0.65882486104965209961 -1.04605460166931152344 1.18667662143707275391 1.13648533821105957031 -1.57284712791442871094 0.22895893454551691226 0.32926124334335321597 1.57784950733184792249 1.29199564456939697266 -0.10740094631910319933 0.13466030359268180150 -1.45588445663452170642 1.02251458168029807361 0.92787694931030284540 -0.24197146296501159668 0.35903283953666681461 1.60619282722473144531 -0.03073787875473489931 -0.98587685823440562860 -0.36431780457496637515 0.02117652632296080153 0.42340528964996337891 0.68665963411331176758 1.06524598598480224609 1.38034927845001220703 1.58632969856262207031 -0.11244036257266989964 1.59568166732788085938 -0.75277245044708251953 -1.63763344287872314453 1.42619264125823952405 1.63520216941833496094 0.19536425173282620515 -1.29388034343719482422 1.10698986053466796875 0.28536140918731689453 -0.00405349535867570009 -0.62090355157852172852 0.56572735309600830078 -0.80205339193344116211 1.03756320476531982422 0.00165274890605360009 -1.25571942329406738281 0.09470605850219719624 -0.97019982337951660156 1.40614354610443115234
-0.83084338903427124023 -0.30535495281219482422 0.91812574863433837891 1.16089296340942382812 -1.33742690086364768298 -0.92276751995086681024 -0.72233682870864868164 -0.17886076867580411043 1.46755707263946510999 -0.04802734777331350152 0.66587477922439575195 -1.63207554817199707031 -1.58699333667755126953 1.68586933612823486328 -1.27856504917144775391 -0.08205153048038479890 0.28986886143684381656 0.32062852382659912109 0.72992193698883056641 -1.62484145164489768298 -1.59463000297546408923 1.69135987758636474609 1.11357605457305908203 1.71793758869171142578 0.41587385535240167789 -0.84005862474441528320 1.71162521839141845703 -0.22161239385604850072 0.95433360338211059570 0.19769178330898279361 0.63758116960525512695 -1.08714854717254638672 1.35272359848022460938 1.23245835304260231702 0.74209189414978027344 -0.10260242223739619860 1.60971724987030029297 1.67771124839782714844 -0.78285980224609375000 -0.10258246213197699803 1.19693362712860107422 -0.76580822467803955078 0.55911660194396972656 -0.13652512431144708804 1.02882003784179687500 1.64199674129486083984 0.70002394914627075195 0.56331324577331542969 -0.93752783536910999640 0.74941414594650268555 0.95581519603729236945
-0.42517673969268798828 -0.44408807158470148257 -0.83508294820785522461 -1.36431694030761718750 1.19323515892028808594 -0.12785066664218899812 -0.96747529506683360712 -0.06923880428075790405 -0.16202254593372339420 0.91498565673828125000 0.04307092353701590104 -1.11880838871002197266 -1.07873857021331809314 -1.43176960945129394531 -1.55841767787933349609 -0.88266742229461669922 1.45089495182037353516 0.18025982379913330078 -1.76584625244140625000 1.66084766387939430921 0.76480364799499511719 -0.03577827662229530331 -1.22415840625762939453 -1.40544784069061279297 1.03326165676116943359 0.91467404365539561883 -0.80969774723052978516 0.02804155088961119910 -0.15653412044048309326 -0.42421892285346979312 -0.91801261901855479852 -1.63110911846160888672 -1.12398314476013183594 0.30298286676406860352 -1.15711033344268798828 1.64516854286193847656 1.03343331813812255859 1.63739252090454101562 -0.38408178091049188785 -0.22665610909461969547 -0.55273228883743286133 -1.19462823867797829358 -1.68363928794860839844 1.31150460243225097656 0.74342936277389526367 1.00857818126678489001 -0.46223017573356628418 1.59985423088073730469 -1.44561934471130371094 1.01955425739288330078 1.08753347396850608142
-1.75843274593353271484 -1.31769418716430664062 -1.38749313354492209704 0.98208159208297718390 -0.19818213582038879395 1.01741254329681396484 0.26841148734092712402 -0.15509423613548278809 0.06247852370142929768 -0.18410357832908630371 -1.01597666740417480469 -1.47017955780029296875 0.47505122423171991519 0.91987258195877075195 0.09288144856691360474 -1.02090001106262207031 1.61032617092132568359 0.42546993494033807925 -1.20839440822601318359 0.43628543615341180972 0.45469883084297180176 1.18852651119232177734 1.28043317794799804688 0.62402057647705078125 0.10970632731914520264 -1.33024966716766357422 -0.18531997501850119847 -1.13215494155883789062 1.03171169757843017578 0.11843063682317729601 -0.88268214464187622070 -0.86924141645431518555 0.86544859409332275391 0.68402260541915893555 -1.32520544528961181641 0.32775059342384338379 1.25299739837646484375 0.04848273470997809670 0.45597705245017999820 1.17210650444030761719 0.03167773410677909851 0.77598673105239868164 1.64479982852935791016 1.45351517200469970703 0.95122724771499644891 -0.22650277614593500308 1.39136338233947753906 -0.17493802309036249332 -1.04428815841674804688 0.70551311969757080078 0.79276692867279052734
-0.83693891763687133789 -1.68828535079956032483 -0.93962502479553222656 1.44364190101623535156 0.44647431373596191406 -1.59731805324554443359 1.31188130378723144531 1.63523960113525390625 1.00727164745330810547 -0.29687607288360590152 -1.71790885925292968750 -0.57537722587585449219 -1.28346312046051047595 -0.51913553476333618164 0.45788034796714782715 -0.31157070398330688477 -0.07230298966169350361 0.73372578620910644531 1.24229240417480490954 0.11326166987419120091 0.36550047993659967593 0.81665676832199096680 0.06488357484340659398 1.72371101379394509046 0.81079930067062377930 -0.29149889945983881168 -0.95111250877380359992 -0.87398099899291992188 0.37936010956764221191 1.32123708724975608142 -1.08032655715942382812 -0.90033084154129028320 1.48293042182922363281 -0.90447318553924560547 0.79092776775360107422 0.46673077344894409180 -0.32734861969947809390 1.70012414455413818359 1.32784342765808105469 0.86312937736511230469 -0.53002083301544189453 1.41602361202239990234 0.21014492213726040926 1.69698107242584250720 -1.10554373264312744141 -1.52609241008758544922 -0.95027506351470958368 -1.24076402187347389905 -1.37980604171752929688 -0.36471447348594659976 0.69398516416549682617
-0.38185092806816101074 -0.49873146414756769351 -0.55831271409988403320 -0.57692152261734008789 0.77866739034652709961 1.69948947429656982422 -0.05368695035576819680 -0.22274388372898099031 -0.87513482570648193359 -1.62947833538055419922 -0.65849637985229492188 -0.78048563003540039062 0.11552716046571730180 -1.29741561412811279297 -1.72002375125885009766 -0.67846924066543579102 1.60620474815368630139 -1.73191130161285400391 0.47447776794433588199 -0.95023435354232799188 -1.14092075824737571033 0.34439587593078607730 0.54759287834167480469 0.72583031654357910156 0.32879960536956781558 -0.01893983222544190145 -0.19131073355674740877 0.09115622937679289384 0.28704953193664550781 1.72267866134643554688 -0.51300263404846191406 1.75588405132293701172 0.59479123353958129883 1.35093688964843750000 -0.04924595355987539808 -0.16769807040691370181 -1.60420978069305419922 -0.01188413333147760043 0.30636593699455261230 -1.27378296852111816406 -0.02239325456321230104 -1.06181478500366210938 -1.65571153163909912109 0.09851115942001339998 -1.31626427173614501953 -0.10408076643943779682 -0.13476784527301780003 0.25172379612922668457 1.06502234935760498047 -0.61473727226257324219 0.91307055950164794922
0.20598685741424560547 -0.23383903503417968750 -1.22173321247100830078 -1.39446318149566650391 -0.47844517230987548828 0.44815781712532037906 -1.55680346488952636719 -0.66753995418548583984 -1.61255478858947753906 -1.72056174278259277344 0.92289423942565917969 -0.49483242630958551578 -1.02824854850769042969 0.26784548163414001465 -1.43620014190673850329 -1.23151254653930664062 0.66166555881500244141 -0.70428889989852905273 1.21919643878936767578 -0.56999480724334716797 -1.17245888710021950452 -1.33455634117126464844 -0.49994170665740961246 -0.29072326421737670898 1.36464822292327880859 -0.08716501295566550511 -1.76948988437652610095 1.64978182315826416016 -1.03936100006103515625 0.43873924016952509097 1.36717081069946289062 0.04014159739017480327 -0.61907780170440673828 -0.58150488138198852539 -1.18904554843902610095 -1.48756623268127441406 1.24760329723358154297 -1.59455633163452170642 0.11560899764299389925 -1.35940074920654296875 -1.69972908496856689453 -0.91799700260162364618 -1.48878419399261474609 -1.20267772674560569079 -0.94567239284515380859 -1.43799507617950439453 0.10720741003751750597 0.19994354248046869449 -0.75181663036346435547 -1.47893178462982177734 0.77900403738021850586
0.25232914090156549625 -0.44639596343040460757 -0.89121967554092407227 -1.10875606536865234375 0.81969803571701049805 1.78952145576477050781 1.37902832031250000000 -0.63413614034652709961 0.43425789475440979004 -1.18162548542022705078 -1.72430872917175292969 0.61282199621200561523 -0.29491606354713439941 0.00443417858332390002 1.53178071975708007812 0.86936944723129272461 -1.22529053688049316406 0.04045910388231269833 1.35463607311248779297 -0.84248703718185424805 -0.37936800718307489566 0.77596384286880493164 -0.91352003812789916992 -1.07778179645538330078 1.11852633953094482422 -0.98849427700042724609 1.40425550937652610095 1.50415110588073730469 -0.01383121684193609931 -0.78068286180496215820 0.95231658220291137695 -1.45019471645355224609 1.07408535480499289783 -1.32988417148590087891 -1.27206873893737792969 -1.23473846912384033203 0.49661147594451898746 1.72086358070373535156 0.31110122799873352051 -1.73789370059967041016 0.17428192496299740877 0.36004713177680969238 -0.50730329751968383789 1.31430208683013916016 -1.63630759716033935547 -1.24405431747436523438 -0.60944420099258422852 -0.23138116300106040257 -0.51867425441741943359 1.67536449432373046875 0.65568339824676513672
-0.71840912103652954102 0.07057061046361920442 -0.62409943342208862305 -1.52440416812896728516 1.65080988407135009766 0.50505238771438598633 -1.49018013477325439453 0.21635453402996060457 -0.22483997046947479248 1.02161872386932350842 -0.49769315123558038882 0.19585165381431579590 0.28644764423370361328 0.36379587650299072266 0.34465894103050231934 -1.24760544300079367908 0.02390507981181139857 -1.20071983337402343750 1.58688104152679443359 0.64177441596984863281 -1.41704535484313964844 -0.95757877826690684930 0.23374980688095089998 0.24470074474811551180 0.90569531917572021484 -0.51032024621963500977 1.07521593570709250720 -1.07786464691162109375 1.74207234382629394531 0.86303472518920898438 0.10009702295064920596 -0.74299639463424682617 -0.78538471460342407227 -0.23416972160339349918 -1.08923852443695090564 -1.28036999702453591077 -0.20870184898376459293 0.37652012705802917480 -0.02563609741628170013 -0.18723219633102408666 1.42182278633117675781 0.73024988174438476562 -1.35893785953521728516 0.63956159353256225586 0.30473008751869201660 -1.13311493396759033203 0.72643786668777465820 -1.59603726863861083984 0.17189329862594598941 1.60394382476806640625 0.71772181987762451172
-1.35407507419586181641 -1.23505687713623046875 -1.63848197460174560547 0.72998493909835815430 1.08052957057952880859 0.00944264046847819935 1.37858259677886962891 0.56352174282073974609 1.52558565139770507812 1.61548745632171630859 0.67005181312561035156 1.05401968955993630139 -0.56636172533035278320 -0.05802360549569129944 0.94556242227554321289 -1.23107051849365234375 -0.82737487554550170898 0.49960184097290039062 0.10349016636610029740 1.01663029193878151624 0.19244289398193359375 0.31030803918838500977 1.58779978752136230469 1.60053694248199462891 0.23909789323806759920 -1.61703991889953591077 -0.53265827894210815430 0.59764307737350463867 1.44214355945587158203 -0.37523350119590759277 -1.08082056045532248767 1.24761700630188010486 1.29117345809936523438 -0.83549064397811889648 -0.27737239003181457520 1.17389655113220192639 1.50976419448852539062 -1.08162856101989768298 0.17765106260776519775 1.04912030696868896484 -0.77216863632202148438 0.12815028429031369295 0.23723040521144858617 -0.49945664405822748355 1.52743613719940207751 0.68535417318344116211 -1.40319240093231201172 0.05876540020108220186 -0.45775294303894037418 -1.03577458858489990234 1.20266079902648925781
-0.06377931684255599976 0.83899986743927001953 -0.83562201261520385742 -0.80893921852111816406 -1.30065536499023437500 1.62629532814025878906 -0.17345452308654779605 -0.56424868106842041016 1.38942170143127441406 1.58495855331420898438 1.23638415336608886719 1.48348569869995117188 1.29898059368133544922 -1.37398719787597656250 -1.23182332515716552734 -1.66258835792541503906 -0.43467614054679870605 0.20911528170108789615 -0.97299069166183482782 -0.10754626244306560168 0.68797105550765991211 0.21531033515930170230 0.56936836242675781250 -1.32975161075592041016 -1.39990150928497314453 -0.00010458927863510000 -0.91901302337646484375 -1.31882584095001220703 -0.63301360607147216797 -1.56632065773010231702 0.43329831957817077637 -0.56638449430465698242 -1.47806155681610107422 1.32027184963226318359 -1.03636777400970458984 -1.71578514575958229749 -0.07017982751131049413 -1.20858764648437500000 -1.60576379299163818359 0.89160150289535522461 0.95233958959579478876 -1.66984105110168457031 -0.76135724782943725586 1.12966215610504150391 -0.91236889362335205078 -1.32536363601684570312 0.94013088941574096680 -1.61955904960632324219 -0.12061698734760280260 1.09258604049682617188 -0.93516856431961059570
0.40579968690872192383 0.66680842638015747070 0.73410975933074951172 0.22223393619060510806 0.93301188945770263672 -1.58619379997253417969 1.22039544582366943359 -0.68098723888397216797 1.51748490333557128906 -0.96346849203109741211 -0.41276520490646362305 1.39398765563964843750 -0.47043728828430170230 -0.71897685527801513672 1.69843173027038552014 -0.86329537630081176758 0.71217364072799682617 0.51602774858474731445 0.35558462142944330386 -0.34882834553718561343 -0.43740335106849670410 0.66027915477752685547 0.50196981430053710938 0.15131014585494989566 0.66303485631942749023 0.64698487520217895508 -1.09143185615539550781 -0.58635556697845458984 -0.89875239133834838867 -0.88998681306838989258 -1.05075395107269287109 -0.93006199598312377930 0.10436415672302240543 1.41528260707855224609 -0.47575268149375909976 1.58819854259490966797 -1.05987477302551269531 1.47607314586639404297 1.69105935096740722656 0.69599151611328125000 -1.57641172409057617188 -1.52422249317169189453 0.37506550550460809879 -1.22299873828887939453 -0.40450456738471979312 -0.20392054319381711092 1.15889692306518554688 0.97573471069335937500 -1.05455315113067649158 1.32643771171569824219 -1.24390447139739990234
1.99276351928710915296 1.20365536212921142578 0.62108308076858520508 0.43993425369262689761 -0.84758406877517700195 1.07231020927429199219 -1.64743769168853759766 1.51036405563354492188 1.13204598426818847656 -1.27936959266662597656 0.39742609858512878418 1.77034926414489768298 -0.46840512752532958984 -0.03452385962009429932 0.03577575832605359857 -0.37823957204818720035 1.20420241355895996094 -0.16847993433475488834 -0.81841963529586791992 -1.46564424037933349609 1.44392669200897216797 0.11178352683782570576 -1.46490335464477539062 -1.23340165615081809314 -0.82621777057647705078 -1.31740045547485351562 1.13809561729431152344 0.30366775393486017398 -0.69659978151321411133 -1.17438304424285888672 -0.54021102190017700195 -0.77973806858062744141 0.48421278595924377441 0.70931547880172729492 -0.51442247629165649414 -0.75544559955596923828 -1.62074184417724609375 0.13524836301803588867 -0.73305338621139526367 0.40245813131332397461 0.78214454650878906250 0.03044089116156099839 -0.96511077880859375000 1.25070059299468994141 -0.22067460417747489232 0.83386456966400146484 -0.92695856094360362665 0.00035268242936580002 -0.17266845703125000000 -0.98252648115158081055 0.54719704389572143555
0.10858830809593200684 -0.51957452297210693359 -1.21446263790130615234 -0.02385320514440529907 -0.53996926546096801758 -0.47130960226058959961 -0.17313395440578460693 0.05137653648853299920 -0.37118777632713317871 0.21199777722358700838 -0.04388795047998420018 -0.53022664785385131836 1.36769235134124755859 1.42697060108184792249 -1.67002916336059570312 -0.31696537137031549625 -1.20768785476684570312 -1.46230328083038330078 -0.13329267501831049136 0.93745362758636474609 -1.09151864051818847656 -0.00302546098828310010 -1.36497545242309570312 -1.38638210296630859375 0.60366690158843994141 1.14609074592590309827 -1.32128536701202392578 -0.66439229249954223633 0.00966102723032230028 0.18926432728767389468 -0.75442266464233398438 -0.44807201623916620425 -0.20881707966327658910 0.07206896692514419556 0.38931375741958618164 -0.28278258442878717593 -0.72056704759597778320 -0.74061858654022216797 -1.58210015296936035156 0.50307673215866088867 0.54152488708496093750 1.32624435424804687500 0.54468065500259399414 0.59249019622802734375 0.52343380451202392578 -0.63784176111221313477 0.29538458585739130191 -1.21659350395202636719 -0.54229778051376342773 1.42485845088958740234 1.36170053482055664062
-0.17396040260791770238 0.25109982490539550781 -1.09932231903076149671 -0.56257385015487670898 0.19181238114833829012 1.07354938983917236328 -0.33493685722351068668 -0.57733094692230224609 1.22436654567718505859 -1.09804260730743408203 1.19901406764984130859 0.08939441293478009309 1.56341648101806640625 0.44635623693466180972 0.87473893165588378906 0.10469357669353479556 0.11121609807014459781 0.34011888504028320312 0.29823467135429382324 -1.43148565292358398438 0.97736603021621704102 0.38728141784667968750 0.17647601664066309146 -1.37274777889251708984 -1.13071441650390625000 1.10904610157012939453 1.15183234214782714844 1.60828399658203125000 -1.29774820804595969470 -1.09658133983612060547 -0.57476556301116943359 -0.68408626317977905273 -1.64319050312042236328 -0.53501337766647338867 0.18305115401744839754 0.26001349091529840640 1.22953581809997558594 -0.36459824442863458804 1.11378455162048339844 -1.32235622406005859375 -0.61151015758514404297 0.65716391801834106445 -1.29057967662811279297 -1.33127129077911376953 0.93470615148544322626 -0.93485426902770996094 -1.43727934360504150391 0.70267146825790405273 0.99552649259567260742 0.28661349415779108218 0.64591109752655029297
1.20584785938262939453 1.43770134449005126953 3.37966990470886230469 1.51687192916870117188 0.18365460634231559056 -0.09060037136077879472 -1.24424564838409423828 -1.36952304840087890625 -0.66471481323242187500 -1.11823403835296630859 0.63363540172576904297 -1.25315356254577636719 -0.24576869606971740723 -1.48371005058288552014 0.12679493427276611328 1.46881711483001708984 -1.12857151031494140625 0.18081097304821008853 -0.89282894134521484375 -0.71260511875152587891 0.07375013828277579564 1.17021656036376953125 1.51394641399383544922 0.18560537695884699039 -0.24492330849170679263 -0.53224891424179077148 -1.07881844043731689453 -1.06075024604797363281 1.70839464664459250720 0.40085521340370178223 1.04799556732177712171 1.03107166290283203125 0.47607174515724182129 1.24790489673614501953 -0.31763482093811029605 0.66635507345199584961 -0.07117936760187139333 -1.02776920795440673828 -0.80396306514739990234 -1.22549772262573242188 1.58198416233062744141 1.29317820072174072266 0.51213610172271728516 -0.53992682695388793945 0.46746999025344848633 0.41988626122474670410 0.60807687044143676758 1.63964176177978515625 0.84708642959594726562 0.89210426807403564453 1.39644503593444824219
-0.87440872192382812500 -0.57381188869476318359 0.27087438106536859683 1.41923701763153076172 0.59294348955154418945 1.58759415149688720703 -0.69411283731460571289 1.52410304546356201172 -0.16846047341823569554 0.96813702583312999383 -0.19508761167526239566 -0.33138164877891540527 0.94989693164825439453 -1.00421106815338112561 0.43691095709800720215 1.42058956623077392578 1.17107129096984863281 1.08569824695587158203 -0.17438225448131561279 1.64167213439941406250 -0.72535479068756103516 1.02911186218261718750 1.63823068141937255859 -0.49602323770523071289 -0.88238179683685302734 -0.82102072238922119141 1.19558990001678489001 1.13210165500640869141 -1.54964947700500488281 -1.71795904636383056641 0.76947462558746337891 -1.59935712814331032483 -0.04525315016508100335 1.72394895553588889392 -0.73501676321029663086 1.43119704723358154297 1.51425075531005859375 -0.74303144216537475586 -0.37101557850837707520 1.26510238647460937500 0.76873600482940673828 1.74690401554107688220 -0.09364372491836539525 -0.02538964524865150105 -0.30599197745323181152 1.32819700241088889392 -0.65064799785614013672 0.43881353735923761539 1.14919114112854003906 0.63302159309387207031 1.26832747459411621094
-1.27470338344573952405 -1.40624904632568359375 -1.36176276206970192639 1.02043890953063964844 0.92183655500411998407 -1.27633130550384521484 0.20469248294830319490 -1.24023389816284179688 -0.70274329185485839844 0.04078014940023420160 1.59507584571838378906 0.76906728744506835938 1.40257334709167480469 1.23458087444305419922 1.40980589389801047595 0.74557828903198242188 -0.93511998653411876337 1.15042805671691894531 -0.86143559217453002930 0.34576028585433959961 -1.27610385417938232422 0.35255399346351617984 0.01328968908637759988 1.33306133747100830078 -1.54384660720825195312 0.18198938667774200439 -1.37022423744201660156 -1.59197115898132324219 0.70478045940399169922 -1.03616476058959960938 1.39078295230865478516 -1.19036161899566650391 -0.99332487583160400391 -0.23922386765480038728 0.88003122806549072266 0.07521861046552649754 -1.72973835468292236328 1.10482311248779296875 -0.81129217147827148438 -0.98872405290603637695 -0.37621268630027770996 0.65979683399200439453 -0.14374981820583340730 -0.61898726224899291992 -0.55641072988510131836 0.49291259050369262695 -1.64850783348083496094 -1.47487664222717285156 1.62443304061889648438 -1.35240852832794189453 1.02835953235626220703
1.58238947391510009766 1.56012344360351562500 -0.66577148437500000000 -1.57426774501800537109 1.27367424964904807361 -1.18526065349578857422 -0.63134294748306274414 -0.77522903680801391602 -0.90451049804687500000 0.59199428558349609375 1.04054200649261474609 0.66907018423080444336 0.08017934858798979325 -0.56598049402236938477 0.61901396512985229492 0.00532581470906730043 0.76314389705657958984 -1.55422532558441162109 -0.23660403490066519994 0.84891122579574584961 1.27787840366363525391 0.24921138584613800049 0.92607539892196655273 -1.05088531970977783203 -1.67195737361907958984 1.63828980922698952405 0.70780932903289794922 1.69753575325012207031 1.24689722061157248767 0.61865407228469848633 -1.11791765689849831311 -0.39124244451522821597 -0.76555466651916503906 -0.19638349115848541260 -1.19792950153350830078 0.98141747713089000360 -0.49566271901130670718 -0.81548362970352172852 0.44180095195770258121 -1.42451214790344238281 -0.24888652563095089998 -1.34037864208221435547 1.53676724433898925781 -1.11788463592529296875 1.26404392719268798828 -0.59179151058197021484 0.92315119504928599969 -0.31109383702278131656 1.24320912361145019531 -0.93523806333541881219 0.64448165893554687500
0.98571991920471202508 0.76390230655670166016 0.59927731752395629883 0.45962828397750848941 -0.44173097610473627261 1.38394594192504882812 -0.28464433550834650211 1.40792822837829589844 -1.59454405307769775391 -0.18556933104991910066 1.42751443386077880859 1.54440283775329589844 -0.77538979053497314453 0.48485726118087768555 1.62272191047668457031 -1.34909284114837646484 -0.99716508388519276007 1.09800255298614501953 -0.38008609414100641422 -1.31373846530914306641 0.52876973152160644531 -0.33786270022392267398 0.87944257259368896484 0.09971360117197029804 -1.23742210865020751953 1.26601445674896240234 0.54609745740890502930 -1.48439908027648925781 0.39797276258468627930 0.18111488223075861148 1.23832046985626220703 0.41098138689994812012 1.52162480354309082031 1.14963889122009277344 0.75744014978408813477 -1.69525790214538552014 1.32719039916992209704 -0.48389506340026849918 -1.60356056690216064453 -0.04688746482133859805 0.95794159173965442999 -0.70650017261505126953 0.52096784114837646484 -1.53278851509094238281 -1.17331993579864501953 -1.60047364234924316406 0.27772498130798339844 0.78845328092575073242 -1.02138805389404296875 -1.29275095462799072266 -1.87280821800231955798
1.09469485282897949219 0.76435315608978271484 -0.01232503727078429999 -0.74349355697631835938 1.65397763252258300781 1.19552385807037353516 -0.87313437461853027344 -1.53053295612335205078 0.19405373930931091309 -1.36976635456085205078 1.65299952030181884766 1.02421414852142311780 0.88384348154067993164 -0.45129451155662531070 -0.12472592294216150455 -1.67561793327331542969 0.09087095409631719412 -0.92443627119064319952 0.50693374872207641602 0.04405604302883139867 1.44884455204010009766 0.60455185174942016602 -0.40440902113914489746 -0.26298797130584711246 -1.63945817947387695312 -0.57787066698074340820 -1.48975920677185058594 0.64301699399948120117 -0.09583961963653560290 -0.66337954998016357422 1.49436068534851074219 0.22478251159191128816 0.65646004676818847656 -0.68608248233795166016 -0.74288809299468994141 -0.26303255558013910465 -0.89633864164352416992 0.75076144933700561523 1.46916234493255615234 0.87884974479675292969 0.02748878858983510101 0.25400450825691217593 -0.81944400072097778320 0.01355312019586559988 -1.64033567905426047595 0.80074185132980346680 -0.06767114251852029971 -0.11731497943401329731 1.12991726398468017578 -0.89695841073989868164 -1.69101738929748535156
-1.43979322910308837891 -1.43804454803466796875 -0.41472002863883972168 -0.90566921234130859375 -0.95631843805313121454 -0.96081882715225219727 0.22338615357875821199 -1.26574206352233886719 1.43089556694030761719 0.29228389263153070621 -1.23557031154632568359 0.25074088573455810547 -0.41637462377548217773 0.36664927005767822266 -0.79966950416564941406 -0.44319188594818109683 -0.37109452486038208008 -0.75398796796798706055 0.41213360428810119629 0.09744186699390409989 -1.26440882682800292969 1.47933757305145263672 -1.47382807731628417969 -0.52061122655868530273 1.69349145889282248767 -1.10111105442047119141 0.03863936290144919655 1.62466144561767578125 -1.70766270160675048828 1.20556914806365966797 1.35506272315979003906 -0.62690061330795288086 -1.25525474548339843750 -0.93059438467025756836 1.26344370841979980469 0.63512295484542846680 1.47338116168975830078 -0.04881847277283660191 -0.73286163806915283203 0.19937737286090850830 0.95210945606231678351 -1.53891861438751220703 -1.56976497173309326172 0.69988018274307250977 0.48983141779899591617 1.32368755340576149671 -0.96983540058135997430 -0.16939024627208709717 0.80721330642700195312 -0.37341850996017450504 -0.40915498137474060059
0.09234523028135299683 -0.76159340143203735352 -0.45210245251655578613 0.82763671875000000000 -0.08948391675949089741 -0.88996976613998413086 -1.25720560550689697266 1.00534915924072287829 1.33073401451110839844 -0.28192475438117980957 0.44590565562248229980 -0.94509869813919078485 1.44889211654663085938 1.45787096023559570312 -0.87896800041198730469 0.92550933361053477899 0.22303885221481320467 1.59991228580474831311 -1.36077392101287841797 -1.45954275131225608142 0.56079947948455810547 -0.50389236211776733398 0.39549684524536127261 -0.55539172887802124023 0.63394397497177124023 1.00077319145202636719 -0.80064600706100463867 1.66382205486297607422 1.16789627075195312500 -0.10206139832735060258 -0.92519980669021595343 -1.62128305435180664062 1.26121675968170166016 -0.85310626029968261719 0.98509657382965076788 -1.66997849941253662109 0.38214325904846191406 1.05212724208831809314 -0.05515249818563459916 -0.30750498175621032715 0.02168945595622059908 0.98086613416671764032 -1.63410818576812744141 -0.01632496528327459853 0.04999112337827679720 0.35828936100006097965 0.80383795499801635742 0.74028199911117553711 1.00705003738403320312 -1.20857906341552712171 1.50469279289245605469
1.36163806915283203125 0.95681726932525634766 2.25910854339599609375 1.16265439987182617188 0.78007519245147705078 1.33556759357452392578 1.08179712295532248767 -0.65371286869049072266 0.16823516786098480225 0.52909833192825317383 0.97649830579757679327 1.32181656360626220703 0.97856801748275756836 -0.17852397263050079346 0.99064916372299205438 -1.67199969291686989514 0.51563060283660888672 -1.55352354049682617188 1.12501943111419677734 0.44250789284706110172 -1.11764967441558837891 -1.29793262481689430921 -0.34103614091873168945 -0.01314110867679109916 0.06410549581050870027 1.49238991737365722656 -0.05925156921148300171 -0.52388316392898559570 -0.66859626770019531250 -1.36767971515655517578 1.66125714778900168689 -1.51795887947082519531 1.10149240493774391858 -0.56317996978759765625 -1.50696527957916259766 -0.71651434898376464844 1.18380975723266601562 0.78623515367507934570 -1.36463034152984619141 0.63571614027023315430 -1.47487187385559082031 0.23959380388259879369 -0.42324283719062799625 -0.51500505208969116211 1.30951988697052001953 0.17493332922458648682 0.24566668272018429842 1.23909795284271240234 0.72570860385894775391 0.80665928125381469727 -0.14035911858081809300
-0.48718768358230590820 -1.35202121734619140625 -0.68609690666198730469 -0.14468713104724881258 -1.02902281284332275391 0.78106033802032470703 0.09504579752683639526 0.95246028900146484375 -0.53939020633697509766 1.30444574356079101562 -0.75485640764236450195 -1.34321558475494384766 -0.15201799571514129639 -0.33039930462837219238 -0.52458971738815307617 1.17842817306518554688 1.62151670455932617188 -1.26488208770751953125 0.56277894973754882812 -1.17588114738464355469 1.31788074970245361328 0.63743108510971069336 -0.27171421051025390625 1.40328371524810791016 1.76342320442199707031 -1.22714865207672119141 0.07389066368341440372 0.53521174192428588867 -0.90675169229507435187 1.10067737102508544922 -1.29094529151916503906 -1.17505514621734619141 -0.43101310729980468750 -1.65889060497283935547 -1.16381573677063010486 0.05884340777993200128 0.20917055010795590486 -1.24955475330352783203 0.84514617919921875000 -1.25292062759399391858 0.67828702926635742188 -0.59969913959503173828 -0.61343163251876831055 0.10728868842124930638 1.70094788074493408203 -0.23488768935203549471 -0.21853351593017569798 1.35567224025726318359 -0.82231259346008300781 1.15793013572692871094 0.16048991680145260896
-0.11466733366250990434 -0.44503557682037347965 -0.78576636314392089844 -0.58119428157806396484 1.27579224109649658203 -1.02039289474487304688 -1.49844944477081298828 -0.34750574827194208316 0.20657931268215179443 -1.51435434818267822266 0.55768591165542602539 -0.62900447845458984375 -0.55323380231857299805 1.46788334846496582031 1.14701747894287109375 -1.37494945526123046875 -1.71096622943878151624 -0.35555705428123468570 0.87870281934738159180 -0.56574380397796630859 0.76185750961303710938 -1.30141842365264892578 -0.38260751962661737613 1.28220677375793457031 0.53986203670501708984 0.80545878410339355469 -1.14433968067169189453 0.07110950350761409411 -1.46765124797821044922 -0.66813755035400390625 -0.02521457336843009947 0.87211596965789794922 -0.99527788162231445312 -1.67252004146575927734 -0.59998065233230590820 0.60821807384490966797 0.61257994174957275391 0.71174895763397216797 0.68782454729080200195 -1.48266780376434326172 1.11380124092102050781 1.14134418964386008533 0.34641540050506591797 -0.87243211269378662109 0.80504798889160156250 1.19296145439147949219 1.57078957557678222656 -1.44731676578521728516 -1.24610257148742675781 -0.00954628735780710044 1.52442657947540283203
-1.36108303070068359375 -1.32770383358001708984 -0.91372990608215320929 -1.14764738082885742188 -0.12832826375961300935 0.46729356050491327457 -1.31819844245910644531 1.00034606456756591797 1.59407818317413330078 -0.79851531982421875000 0.52683705091476440430 0.14921244978904721346 -0.40005958080291748047 1.30024170875549316406 -0.77142953872680664062 -0.01554638426750890035 0.42039141058921808414 -1.15686094760894775391 0.44889470934867858887 0.94146937131881724969 0.43647101521491998843 -1.04986834526061989514 0.98728990554809559210 -0.79954981803894042969 -0.85501462221145629883 -1.44827485084533691406 0.92880982160568237305 1.28608334064483642578 0.70457804203033447266 1.60818994045257568359 1.55818235874176047595 0.45606580376625061035 0.22792598605155939273 -0.06540106236934660477 1.37164461612701416016 -0.80115103721618652344 -0.49488812685012817383 0.80616837739944458008 0.04025813937187189967 0.94789242744445800781 -1.69618558883666992188 1.50217437744140625000 -0.29061463475227350406 -0.68761640787124633789 -0.17761200666427609529 -0.64485108852386474609 -1.26460123062133789062 -1.29263365268707275391 1.07248723506927490234 -0.19179008901119229402 -0.17950625717639920320
0.14650048315525049381 -0.43030697107315057925 -0.79375523328781127930 -1.54406976699829101562 0.93791550397872924805 1.46611797809600830078 -0.06489951908588409424 -0.16338323056697839908 -1.42200827598571777344 -0.10244815051555629382 1.10556221008300781250 -0.50899440050125122070 0.58656495809555053711 1.69853687286376953125 -0.74735420942306518555 -0.67796373367309570312 1.23746240139007568359 1.57279896736145019531 0.27132281661033630371 0.63067352771759033203 -1.12957155704498291016 1.23635041713714599609 0.06036724522709840252 -1.64506697654724121094 -1.08293211460113525391 1.54378378391265869141 -0.31566926836967468262 -0.98494797945022583008 -0.18968886137008658666 0.06833065301179880313 1.04344904422760009766 1.36239683628082275391 -1.46005535125732421875 0.75062316656112670898 -0.47340556979179382324 1.08929467201232910156 1.18800067901611328125 0.16529671847820279207 -1.08889126777648925781 0.21375837922096249666 0.50812011957168579102 -0.94194030761718761102 -1.19203627109527610095 -1.08884358406066894531 -1.66005170345306396484 0.35334417223930358887 1.58048045635223410876 -0.53369933366775512695 -1.55488634109497070312 0.24033822119235989656 0.63031131029129028320
-1.07233381271362304688 -0.79020255804061889648 -1.43452727794647216797 -0.85440802574157714844 0.81626749038696289062 -0.98081254959106445312 1.11348462104797363281 0.04083253815770140210 0.89558756351470947266 0.89084863662719726562 -1.27329564094543457031 -0.06457129865884779496 1.14815723896026589124 -0.12334219366312020039 -1.03179049491882324219 0.04275217279791829889 1.67684674263000488281 0.73528581857681274414 0.28623205423355102539 -1.28328835964202880859 -0.24245092272758481111 -0.96949172019958496094 1.31956088542938232422 0.21897512674331659488 -1.47605919837951660156 0.43869522213935852051 -0.98908329010009754523 -0.62530952692031860352 -0.59963566064834594727 -1.22018027305603049548 0.65568733215332031250 -0.88124781847000122070 1.51069974899291992188 -0.29560247063636779785 0.88373309373855590820 -0.29317009449005121402 0.34880512952804559879 0.22833999991416931152 -0.67626535892486572266 -1.29122889041900634766 -0.76526445150375366211 1.20084452629089355469 -1.20804190635681152344 -1.30103707313537597656 -0.03973826393485060254 1.33255553245544433594 -0.47995796799659729004 0.45440259575843811035 1.63744938373565673828 -1.14968407154083229749 1.02146697044372558594
0.85730952024459838867 0.49625468254089349918 -0.07688510417938229646 -0.83268487453460693359 0.59932470321655273438 -0.42851978540420532227 -0.61727178096771240234 1.41898894309997558594 -0.04798286035656919996 -0.35884177684783929996 1.59933769702911376953 -1.26371347904205322266 1.70385062694549560547 0.63706439733505249023 0.83628606796264648438 1.55603432655334472656 -0.70009082555770874023 -0.60969960689544677734 -1.73868155479431152344 0.20537163317203518953 -1.36821377277374289783 0.75915098190307617188 0.48889935016632080078 0.36811554431915277652 1.41030049324035644531 1.40459752082824707031 -0.01907810568809499910 0.76292884349822998047 -1.36784565448761008533 -1.74704062938690207751 -1.45617604255676269531 -0.83517962694168090820 -1.65357601642608642578 0.48077002167701721191 -1.08797907829284690173 -1.08002984523773193359 -0.19746954739093780518 -0.73091298341751098633 -0.67898321151733398438 -0.20578505098819729890 -1.35991001129150390625 0.04849606379866600037 -0.51782953739166259766 0.85988849401473999023 -1.03167307376861550061 1.02871680259704589844 -1.19150221347808837891 0.10912840068340300126 0.78117442131042480469 -1.06293892860412597656 -1.72426044940948486328
1.15051603317260742188 1.01812684535980224609 1.64104425907135009766 1.24964225292205810547 1.07164919376373291016 -1.04472935199737571033 -0.68848013877868652344 -1.40623247623443603516 0.87500864267349243164 -1.54838597774505615234 -0.28995013236999511719 0.37430167198181152344 1.50214743614196777344 0.91818553209304798468 1.51454794406890869141 -0.77160906791687011719 1.71489965915679909436 -1.29338359832763671875 0.74113637208938598633 -1.63002932071685791016 -1.57870364189147949219 0.93147575855255115851 -1.71435451507568359375 -0.47893583774566650391 -1.69100844860076904297 -0.88930922746658325195 0.91424900293350219727 1.05697953701019287109 -1.36682164669036887439 -0.23929429054260251131 0.80152964591979980469 -0.69889521598815917969 1.61348295211791992188 -0.11152475327253340287 1.45044827461242675781 0.98739999532699584961 0.13044373691082000732 1.04481363296508789062 0.52596276998519897461 0.36263573169708251953 -1.60210096836090087891 0.49064159393310541324 1.00632274150848410876 1.19325768947601318359 1.04300248622894287109 -1.32244658470153808594 -1.23018634319305419922 -0.65636909008026123047 -0.45069745182991027832 -1.01632118225097656250 -0.99017655849456798212
-0.70985656976699829102 -0.30875197052955627441 0.42563784122467041016 0.82902187108993530273 0.22663205862045279759 -1.07985734939575195312 -0.76358872652053833008 -1.07339215278625488281 -0.41496208310127258301 -0.36824274063110351562 1.11847484111785888672 1.68719685077667236328 -0.94122576713562000617 0.53184622526168823242 -1.30757355690002441406 0.04738450050353999743 0.59422653913497924805 -1.31253635883331298828 -0.90302592515945434570 -1.37407207489013671875 -0.51896309852600097656 -0.83826786279678344727 -0.37471613287925720215 -1.14880120754241943359 -0.78888332843780517578 -0.68796789646148681641 -1.35943877696990966797 1.55579817295074462891 -0.07232262194156639790 1.45201575756072998047 1.09675574302673339844 0.59110641479492187500 0.77240896224975585938 -1.35674822330474831311 1.13687586784362792969 0.50181359052658081055 1.05412697792053222656 0.91602206230163563117 -1.48395824432373046875 0.97159337997436523438 -0.55952370166778564453 0.11580123752355570010 1.49904012680053710938 0.50494211912155151367 -0.16502082347869870271 -0.94096738100051879883 -1.56397473812103271484 0.64303624629974365234 0.21409669518470761385 -0.70275264978408813477 1.06688511371612571033
0.83991259336471557617 1.03416776657104492188 1.08261585235595703125 -0.28397959470748901367 1.66886591911315917969 0.49679282307624811343 -1.21839177608489990234 1.21433973312377929688 1.65082144737243630139 1.02751874923706032483 1.37607145309448242188 0.88357961177825927734 -0.61122190952301025391 1.57277035713195800781 -1.72913408279418967517 1.57400274276733398438 1.70809745788574218750 -1.03668415546417236328 -0.90395754575729359015 -1.66417193412780761719 1.09224987030029296875 -0.17944021522998809814 -0.44353854656219482422 -0.83906221389770507812 0.37789502739906311035 -1.46689760684967041016 -0.17191113531589499730 -1.45713770389556884766 -1.72633850574493408203 -0.98861575126647960321 0.36416965723037719727 -1.19899594783782958984 -1.12189185619354248047 0.75925534963607788086 1.70137917995452880859 -1.72268915176391601562 0.17080016434192649144 0.84643119573593139648 -0.63803970813751220703 0.38358113169670099429 -0.31672546267509460449 -0.21347117424011230469 -0.04428749158978460138 0.89132714271545410156 1.17884767055511474609 -0.01067240722477429994 -0.18702538311481470279 -0.64551597833633422852 1.61760640144348144531 -1.42840635776519775391 -1.67306959629058837891
0.86314773559570312500 0.71906256675720214844 0.71481561660766601562 -0.65847009420394897461 -1.02867925167083740234 -0.68596220016479492188 0.59344542026519775391 -0.05346308276057239878 -0.17276822030544281006 0.04044012725353240273 -1.18348574638366699219 -0.94021791219711303711 1.00835490226745605469 -1.66452872753143310547 -0.11450500041246410021 -0.55314159393310546875 1.66250848770141601562 0.08307463675737379594 -0.35011070966720581055 -1.11408746242523193359 0.79750084877014160156 1.39770054817199707031 -0.95136499404907237665 -1.50970840454101562500 -0.46613290905952448062 0.63976931571960449219 1.69370603561401367188 -1.27136814594268798828 -0.18803574144840240479 0.14757457375526419896 -0.17673753201961509007 0.31957614421844482422 -0.91487872600555419922 0.90928894281387317999 -0.60167378187179565430 -0.38223457336425781250 0.26275646686553949527 -0.59603816270828247070 -0.75752383470535278320 0.30493757128715509586 -0.85862737894058227539 1.72247028350830078125 -1.67317354679107688220 -1.20059728622436523438 1.07600319385528564453 1.25473999977111816406 0.45953592658042907715 -0.23746737837791440096 0.73308414220809936523 -1.40774977207183837891 -2.33232641220092817846
-1.93135750293731689453 -1.60000240802764892578 -1.06795334815979003906 1.13775086402893088611 -0.67056983709335327148 1.77524137496948242188 1.49624514579772949219 1.59416222572326660156 0.93519139289855957031 0.74888259172439575195 0.36874532699584960938 0.06498776376247400455 0.73823243379592895508 -1.13722455501556396484 -0.47133642435073852539 1.26334393024444580078 1.26637721061706542969 -0.47487518191337579898 1.68690824508666992188 1.38104009628295898438 0.19716769456863400545 0.03999728336930270106 -1.60366344451904296875 0.78383374214172363281 0.59619492292404174805 -0.73213332891464233398 -0.63983881473541259766 -0.04960042238235470163 -0.98911446332931518555 1.50097131729125976562 -0.02620877139270300082 -1.58424794673919677734 -1.07135796546936035156 1.40718865394592285156 0.13561460375785819310 1.14260995388031005859 -1.60300362110137939453 1.23654305934906005859 0.15772683918476099185 1.46200025081634521484 -1.78542244434356689453 -0.19921240210533139314 -1.64398515224456809314 0.96187067031860362665 0.95330023765563964844 1.34324574470520019531 0.87008047103881835938 0.22270472347736358643 1.67832195758819580078 -0.32951241731643671207 0.88559764623641967773
-0.80676537752151489258 -0.66424775123596191406 -0.01794531196355809988 0.96744853258132923468 -0.94337618350982677118 1.55123722553253151624 -1.41797828674316406250 0.26739621162414550781 1.71967804431915283203 1.64757299423217751233 -0.47150847315788269043 0.69586044549942016602 -0.80443620681762695312 -1.05673074722290039062 0.15425668656826019287 0.31724128127098077945 1.74268126487731911389 -0.30061927437782287598 0.31966590881347650699 -1.32640779018402099609 -1.19755744934082031250 -1.12134659290313720703 -1.65176880359649658203 1.42130064964294433594 -0.48580107092857360840 -0.11117251217365259341 -0.36370825767517089844 0.75208067893981933594 0.27808269858360290527 1.34053540229797363281 0.70701146125793457031 0.17996937036514279451 1.24704611301422119141 0.16339574754238128662 -1.02752351760864257812 1.01519572734832763672 0.42122754454612731934 -0.27206140756607050113 -0.03261013329029079783 -0.25711274147033691406 1.41767835617065429688 0.37006908655166620425 -1.53504204750061035156 0.45109367370605468750 0.23106098175048819798 0.10001202672719949893 1.07432651519775390625 -0.43833738565444940738 1.31935095787048339844 -0.39318907260894769840 0.97923004627227783203
2.13701963424682617188 1.64682781696319580078 2.11751151084899902344 1.21290755271911621094 -0.99361437559127796515 -0.00686156796291470007 1.17909133434295632092 -1.54959273338317871094 0.06445834785699840197 1.33795630931854248047 -1.49246144294738769531 0.43571037054061889648 0.43698757886886591129 -0.11657162010669699925 -0.21357552707195279207 1.07483685016632080078 -0.18353681266307830811 -0.72227209806442260742 -0.58987498283386230469 0.29445722699165338687 0.47615444660186767578 1.36122167110443115234 0.69669747352600097656 0.77257627248764038086 -0.80162394046783447266 1.38122081756591796875 0.99196386337280284540 -1.14078927040100097656 -0.64389729499816894531 -0.01523247640579930041 -0.27363115549087518863 0.58057618141174316406 1.65821635723113991467 1.23232769966125488281 -1.54301655292511008533 0.06286554038524619359 -0.03012948669493190068 0.96116226911544799805 1.06068015098571777344 -1.40826845169067382812 1.70819377899169921875 -0.63214731216430664062 0.25940063595771789551 -0.12595914304256439209 0.83273589611053466797 -1.34045946598052978516 -1.01280057430267311780 -0.51461631059646606445 1.62470877170562744141 -0.07142531871795650134 0.60407167673110961914
0.00873839668929569935 0.57605850696563720703 0.68857866525650024414 0.54197299480438232422 1.16902041435241699219 1.09924125671386718750 -0.99264442920684803351 -0.77758556604385375977 0.13269911706447601318 0.49908509850502008609 0.82112026214599609375 1.24204659461975097656 0.87657421827316284180 0.21968215703964230623 -0.32844588160514831543 -1.65865135192871093750 0.41621556878089899234 -0.56441724300384521484 0.67494231462478637695 1.10151469707488991467 -1.24665522575378417969 -0.07897119224071499910 0.91634476184844959601 0.84828865528106689453 -1.40473055839538552014 0.57474738359451293945 1.70109081268310569079 1.66384017467498779297 -0.39046114683151239566 0.16965217888355249576 1.55964958667755126953 1.57845187187194824219 0.77798664569854736328 -1.55953514575958229749 -1.07738685607910156250 1.02843511104583740234 0.66459113359451293945 -0.38603094220161437988 0.31669372320175170898 -0.54115808010101318359 -0.55141973495483398438 0.01103291939944020007 1.54712402820587158203 -0.25191754102706909180 -0.31320869922637939453 0.77142059803009033203 -0.04721718654036519830 1.36747765541076660156 1.54164254665374755859 0.04801245033740989682 -0.21060825884342190828
1.58647298812866210938 1.16094553470611550061 1.13650405406951904297 0.75076806545257568359 -0.74895262718200683594 0.17773245275020599365 1.65544426441192649158 1.01406598091125488281 -0.51701551675796508789 0.85230445861816406250 0.22645871341228479556 0.34001687169075012207 -0.94504296779632557257 -1.42028200626373291016 0.15379309654235839844 0.53391724824905395508 -1.22069001197814941406 -0.72291976213455200195 -0.79304093122482299805 0.48211216926574701480 -1.53632414340972900391 1.62527060508728049548 0.53258961439132690430 1.53780102729797363281 -1.67526698112487792969 1.66327738761901855469 0.47491490840911859683 -0.07212344557046890259 -0.65516960620880126953 1.09091496467590309827 1.62643945217132568359 0.88421982526779174805 0.51584941148757934570 -0.80959075689315795898 1.67357218265533447266 -0.22307094931602469701 0.17768116295337668675 0.16586248576641079988 -0.79712152481079101562 1.48447978496551513672 1.13191699981689430921 0.53802776336669921875 1.35384762287139892578 0.91166168451309204102 -0.34072110056877130679 1.52789628505706809314 1.15676462650299072266 1.45881795883178710938 -1.12824237346649169922 -1.13096630573272705078 -0.02079228684306139857
-0.47029680013656610660 -0.28389281034469598941 -1.03675353527069091797 -1.61685228347778320312 1.32902979850769042969 1.60944271087646484375 0.02193093486130229947 0.18296220898628229312 0.19269408285617820042 0.86788904666900634766 -1.65346729755401589124 0.26192259788513178043 -0.11913967877626409353 -0.25894671678543090820 -0.94151008129119884149 0.22579759359359741211 0.51884835958480834961 1.02029871940612792969 -1.65516722202301047595 0.17327648401260370425 1.39473140239715576172 1.27281153202056884766 0.50308096408843994141 -1.54627692699432350842 -0.26039636135101318359 -1.52097332477569580078 0.65004801750183105469 -0.70315814018249511719 -1.21808075904846191406 1.33551490306854248047 -0.01563726738095280039 0.50846207141876220703 1.66965949535369873047 0.65659779310226440430 -0.58952212333679199219 -1.76440870761871337891 -0.58223158121109008789 -1.03558588027954101562 -0.15709373354911798648 0.82713836431503295898 -0.09417332708835600419 -0.39157119393348688297 0.66119563579559326172 0.69771945476531982422 -1.41483497619628906250 -0.31660598516464227847 -1.36131429672241210938 -1.19770765304565429688 -1.08427321910858154297 -0.59830516576766967773 0.89160168170928955078
1.08690595626831032483 1.31536602973938010486 2.09584641456604003906 1.66796493530273437500 1.30419790744781494141 -0.19275355339050290193 -0.95420867204666137695 -0.98481160402297962531 1.41793656349182128906 -0.05721472203731529926 1.47675526142120361328 -0.48554459214210510254 0.01705188676714889870 1.00722205638885498047 -1.03540194034576416016 -0.45333823561668390445 0.54669469594955444336 0.43497514724731439761 0.63333833217620849609 0.11204267293214789647 0.17980441451072690096 1.22923171520233154297 1.04488229751586914062 1.48999726772308349609 -0.64236801862716674805 1.27997791767120361328 -0.18254326283931729402 1.58501887321472167969 1.68422484397888183594 -0.64893168210983276367 1.00820577144622802734 1.40054774284362792969 1.45233559608459472656 0.27904558181762689761 0.59798163175582885742 1.23187160491943359375 -1.68067014217376708984 1.27344834804534912109 0.96836817264556884766 -1.18537354469299316406 -1.29775214195251464844 -0.24851946532726279515 -0.08644697815179820666 1.31777286529541015625 -1.57945549488067649158 -0.51592892408370971680 -1.41590416431427001953 -0.70904695987701416016 -1.24654233455657958984 1.10076189041137695312 0.41284129023551940918
-0.48044425249099731445 0.33587703108787531070 -0.37806275486946100406 -1.58586978912353515625 0.51091617345809936523 1.57035112380981445312 1.63792133331298850329 0.19307519495487210359 0.13592803478240961246 0.35929089784622192383 0.31220313906669611148 -0.18576726317405700684 -0.81559312343597412109 1.27111423015594482422 -0.56096029281616210938 -0.37355905771255487613 0.70799785852432250977 0.17614382505416870117 -1.09592473506927490234 -0.90271610021591197626 0.52120357751846313477 0.13534888625144950169 -0.26382401585578918457 1.02716600894927978516 -0.27427443861961359195 -0.06207934767007820126 0.44733506441116327457 1.12232339382171630859 -0.54879194498062133789 -0.95742750167846679688 0.08859557658433910021 -0.86883890628814697266 -0.08398542553186409687 -0.37405976653099060059 0.95855307579040516242 1.01576709747314430921 1.29151725769042968750 0.57110065221786499023 0.41925576329231262207 0.87759274244308471680 0.17027071118354789037 -1.46754884719848632812 -0.16624827682971948795 -0.15364436805248260498 1.62554764747619628906 -1.62196683883666992188 0.22066460549831390381 0.91680085659027099609 1.42083096504211447986 -0.75410819053649902344 0.36482951045036310367
1.17967200279235839844 0.43850177526473999023 1.20956075191497802734 1.51923024654388449939 -0.59332948923110961914 1.65570068359375000000 -1.37104165554046630859 -0.29658812284469598941 0.69175606966018676758 1.21449971199035644531 -0.29244956374168390445 -0.44998419284820551090 0.34421920776367187500 -0.46399992704391479492 0.59604442119598388672 -1.76879954338073730469 -0.95450514554977416992 -1.07350909709930419922 0.55071276426315307617 -1.65790295600891113281 1.09465038776397705078 1.31270909309387207031 -0.47866642475128168277 -1.61870956420898437500 -0.49647775292396539859 0.54534071683883666992 1.27726352214813232422 -0.87713676691055297852 0.31821361184120178223 1.43180334568023681641 1.08171463012695312500 -0.89122956991195678711 -0.67166882753372192383 -1.08763408660888671875 1.29676449298858642578 0.37158006429672241211 -1.01199817657470703125 -1.30327689647674560547 1.66445565223693847656 -1.54357016086578369141 0.63402169942855834961 -1.37104296684265136719 1.37922596931457519531 -1.54916644096374511719 -0.03168533369898789837 1.17006337642669677734 -1.66740870475769042969 -0.17201265692710870914 -1.07582044601440429688 -0.03825899586081499965 -1.41174805164337158203
-0.59957414865493774414 -0.92151898145675659180 -0.47186926007270807437 1.35224151611328125000 1.22023260593414306641 -1.05852258205413818359 0.34029874205589288882 0.50402778387069702148 -1.61209297180175781250 -0.95821422338485717773 1.34152209758758544922 -0.24715465307235709447 0.79529047012329101562 -0.46399843692779541016 -0.75903433561325073242 0.33719965815544128418 0.99067175388336181641 1.20824027061462402344 0.74077236652374267578 0.16169135272502899170 1.47773647308349609375 -1.42246973514556884766 -0.96662062406539916992 -1.14554715156555175781 0.04620667546987530100 1.46230161190032958984 0.21338842809200281314 1.25092554092407248767 0.70996153354644775391 -1.43630492687225341797 0.04972223192453380236 -0.68376284837722778320 1.47857499122619628906 0.55533045530319213867 -1.26573503017425537109 1.30483794212341308594 -1.65202939510345458984 -1.62864160537719726562 -0.80384528636932373047 -1.02065551280975341797 1.12502002716064430921 0.44320124387741088867 0.69553542137145996094 -1.01879274845123291016 0.55979073047637939453 -0.68012481927871704102 -0.59459102153778076172 1.07767856121063232422 -1.60045433044433593750 -0.49805417656898498535 1.30795967578887939453
1.93967711925506591797 1.43008244037628151624 -1.12933313846588112561 -1.03922772407531738281 1.68598544597625710217 -1.70737254619598410876 0.59115171432495117188 0.47469118237495422363 -0.09095656871795650134 -1.28441476821899391858 -1.68037915229797363281 -1.59944427013397216797 1.04319846630096435547 1.31660521030426047595 0.74394327402114868164 -0.02438475750386710078 0.02176135592162600080 1.13813185691833496094 0.69782125949859619141 -1.46147680282592751233 -0.93295800685882557257 -0.11610043048858639803 1.04841434955596923828 0.75365620851516723633 -1.40949296951293967517 -0.01377074792981139960 -0.57821720838546752930 1.68799436092376708984 1.23410916328430175781 1.25727248191833496094 1.00637507438659690173 -0.81835705041885375977 -0.27085041999816888980 0.82789123058319091797 1.31748974323272705078 -0.78232491016387939453 -1.58266234397888183594 0.81975960731506347656 1.78595614433288552014 1.04035699367523193359 1.06535148620605490954 -1.38351488113403320312 -1.08652806282043457031 -1.57184994220733642578 -1.17698621749877929688 -1.08118200302124023438 -0.55609798431396484375 0.19581188261508938875 1.52819120883941650391 0.98300772905349720343 1.43839144706726074219
-0.58546340465545654297 -0.62451338768005371094 0.81886351108551025391 1.33071362972259521484 0.49041643738746637515 -0.30770656466484069824 1.04122126102447509766 -1.23716664314270019531 -1.20652115345001220703 -0.84503686428070068359 -0.86484330892562866211 1.25174164772033691406 1.10487401485443115234 1.64668536186218261719 0.02136079408228390084 1.17471075057983398438 -0.03320540115237229778 -0.36114326119422912598 0.39208224415779108218 -0.81756013631820678711 -1.39222896099090576172 0.49903407692909240723 -1.31678438186645507812 -0.06815167516469949893 1.05567824840545632092 0.45570397377014160156 0.99423635005950916632 -1.65627896785736083984 -0.39596408605575561523 -0.95680350065231323242 0.21084047853946680240 -0.49498808383941650391 -0.88669282197952270508 1.59363222122192382812 -1.22237908840179443359 0.45547664165496820621 -1.76014220714569091797 0.77667367458343505859 -1.05951225757598876953 -0.18527725338935849275 0.07958123832941049747 0.66141605377197265625 -0.52072530984878540039 0.37928229570388788394 -1.47313714027404807361 -0.35756433010101318359 -1.14218723773956298828 -1.14157950878143310547 -1.43668437004089355469 1.76094305515289306641 1.19866764545440673828
1.46677160263061523438 1.26678252220153808594 0.45438021421432489566 0.06507475674152370104 -1.04715955257415749280 1.28142380714416503906 -1.60171425342559792249 1.31872367858886718750 -0.30600517988204950504 1.36097216606140136719 0.79540973901748657227 0.02081282436847679829 0.09128490090370169896 -0.86182039976119995117 0.70413506031036376953 0.80994921922683715820 -1.41631710529327392578 1.26688933372497558594 1.02728474140167236328 0.02039713039994230093 1.59446275234222389905 0.32364249229431152344 -1.64517998695373535156 -1.66325736045837402344 -0.06241051107645029933 -1.31618309020996093750 -0.65825790166854858398 -0.14200986921787259187 -0.31351780891418451480 0.17393916845321649722 0.26888248324394220523 -0.19521133601665491275 1.63953578472137428967 1.45412099361419677734 -0.03322171047329899873 1.44125175476074218750 -0.19780519604682919588 1.11793220043182350842 -0.91869932413101196289 0.89366114139556884766 -0.47943121194839477539 1.74515902996063232422 0.18022076785564419832 -0.52645218372344970703 0.03170761466026299907 1.13642585277557350842 0.33363506197929382324 0.39753004908561700992 -0.94380760192871082648 -1.61727595329284690173 -0.10440590977668759431
-0.20862169563770288638 0.00339630804955949996 -1.15440821647644042969 -1.59654438495636008533 1.42247557640075683594 -0.54342085123062133789 0.08770681172609319509 1.49601924419403076172 0.28233093023300170898 1.24571478366851806641 0.84228634834289550781 1.48018109798431396484 0.24023863673210141267 1.69494807720184326172 -1.26801896095275878906 -0.93010103702545154913 -0.83216929435729980469 -0.18621309101581570711 -0.88973027467727661133 -0.98350149393081676141 0.52550613880157470703 -1.25773036479949951172 0.08136788755655280370 -0.45542538166046142578 1.55620515346527099609 -1.13786149024963378906 0.77146214246749877930 1.59030592441558837891 1.66114842891693115234 0.43421399593353271484 -0.60991162061691284180 -0.11137945950031280518 -1.41154563426971435547 0.18890437483787531070 -0.07392524927854529637 0.16019059717655179109 -0.77291232347488403320 -0.11687535792589180683 0.42035889625549310855 0.31395164132118219547 1.16869807243347167969 0.79540836811065673828 -0.65468776226043701172 0.24680376052856439761 0.30019158124923700504 0.74542635679244995117 -1.55213987827301047595 -1.02816152572631835938 -0.66498768329620361328 -1.68103778362274169922 0.82155323028564453125
-0.52267754077911376953 -0.41196101903915399722 -0.06752213090658179540 0.20924392342567441072 0.74114716053009033203 -1.59960818290710449219 1.49683690071105957031 0.94799768924713123663 0.44594261050224298648 0.72245645523071289062 -1.47434306144714355469 0.20380990207195279207 1.00711786746978759766 -0.00070334231713779999 -1.13408350944519042969 1.28611183166503906250 0.64716821908950805664 -0.50681740045547485352 -1.67319738864898681641 0.11713580787181850085 1.26120829582214355469 0.30551961064338678531 -0.29845499992370599918 -0.13892024755477899722 0.84527337551116943359 1.65449321269988991467 -0.12196946144103999743 0.92029172182083118781 -0.83349466323852539062 -0.69391787052154541016 0.25863370299339288882 1.28862643241882324219 1.33782327175140380859 -0.30989244580268859863 0.46975898742675781250 0.86437195539474487305 1.22919297218322753906 0.97135239839553844110 -0.35515761375427240543 -1.35009837150573730469 -1.10846066474914550781 0.45005640387535089664 -0.20599563419818869847 -1.41224265098571777344 0.34262013435363769531 -0.05634834244847290036 -1.47448658943176269531 -0.64909064769744873047 -0.42843827605247497559 -1.53588294982910156250 1.08120274543762207031
-0.73622006177902221680 -1.45148575305938720703 -1.69280552864074707031 0.02994175441563120058 0.58593207597732543945 -0.56780284643173217773 0.51355564594268798828 -1.67887866497039794922 -1.39738392829895019531 0.70782709121704101562 0.38790270686149591617 0.95644426345825195312 -1.71608448028564430921 1.34992384910583496094 -0.71030616760253906250 0.15227088332176200169 -1.42928612232208229749 -0.45089283585548400879 0.63011312484741210938 1.18534839153289794922 1.34003758430480957031 -0.35487574338912958316 -0.00695365760475389998 -0.90035456418991088867 0.24005460739135739412 0.04117244854569430262 -1.28274810314178489001 0.84186273813247680664 -0.46620672941207880191 1.63005471229553222656 -1.09956789016723632812 -1.06136655807495117188 1.40748834609985351562 -0.93858897686004638672 -1.05762720108032248767 0.14119289815425870027 -0.88711088895797729492 1.43787121772766113281 -0.52310842275619506836 1.44971704483032248767 0.65822726488113403320 1.57664394378662109375 -1.21145665645599365234 0.32450631260871881656 -1.63383233547210693359 -1.52407026290893554688 -1.46419858932495117188 -1.27807247638702392578 1.41910684108734130859 0.44485804438590997867 1.05209910869598410876
-1.15661716461181640625 -0.97947239875793457031 -1.02834725379943847656 0.32036235928535461426 -0.97589153051376342773 -0.52975934743881225586 -1.48015248775482177734 -1.63872504234313964844 -0.83288586139678955078 -1.43033826351165749280 0.10140655189752570409 -0.53694927692413330078 -1.00375354290008544922 1.10216867923736550061 1.64706659317016601562 1.05044555664062500000 -0.51001608371734619141 1.26461672782897949219 1.00130891799926757812 0.04365339502692219820 1.29954385757446289062 -1.42647075653076149671 0.94128471612930297852 1.03888344764709472656 0.70628517866134643555 -0.97714722156524658203 0.99846780300140380859 1.62655997276306152344 0.23920056223869320955 0.96955460309982299805 -0.46367046236991882324 -0.10839182883501050081 1.59139513969421408923 -0.05469484999775880291 1.49056243896484375000 -1.43756163120269775391 -1.06226527690887428967 -0.04674448817968360204 0.74210357666015625000 -1.12152588367462158203 -0.01840611919760699877 0.31699267029762268066 -0.86462467908859252930 -0.76380962133407592773 1.47640645503997802734 0.93665999174118041992 0.66340249776840209961 1.00144886970520019531 -0.03270036727190010067 1.73069489002227783203 0.56583076715469360352
-1.26799368858337402344 -1.29856038093566894531 -1.12937200069427490234 -1.74606239795684792249 1.39640140533447287829 0.18495582044124600496 -0.58769589662551879883 -0.04176739975810050270 -0.81034624576568603516 0.79855132102966308594 -0.76877290010452270508 -1.10999214649200439453 -0.94197613000869762079 0.88623964786529541016 0.75340002775192260742 -1.20248425006866455078 -0.57948184013366699219 1.51196599006652832031 -0.42961490154266357422 0.96983087062835682257 1.65019607543945312500 1.27312850952148437500 -1.55468511581420898438 0.80219900608062744141 -1.57164514064788818359 0.99917757511138916016 -0.85149246454238891602 -1.13300633430480957031 -1.10327196121215820312 -1.22343671321868896484 -0.05297360196709630098 -1.03088533878326416016 -1.06912612915039062500 -0.48327428102493280582 -0.27210688591003417969 -0.00293379393406209988 0.31088802218437189273 0.59514784812927246094 -0.33073621988296508789 1.31504499912261962891 0.65988129377365112305 -0.47177869081497192383 -0.16744615137577051334 -1.64182519912719726562 -1.60505425930023193359 1.45362222194671630859 -1.45264875888824462891 -0.44735500216484069824 -0.23530259728431698885 0.58885061740875244141 0.05127703398466110229
1.10416531562805175781 1.69845235347747802734 2.52939653396606445312 1.23419916629791259766 -1.69392454624176047595 -0.63129335641860961914 -0.92673790454864501953 -0.76691460609436035156 0.77112293243408203125 -0.25830432772636408023 -0.15789300203323358707 -0.10097526013851160220 -0.40075278282165527344 1.08956074714660644531 0.19085681438446039371 1.64732623100280761719 -1.06549715995788552014 -0.71497744321823120117 0.69819235801696777344 1.54995131492614768298 0.28003272414207458496 0.90899986028671264648 -1.45855677127838112561 -0.75848311185836791992 1.26736855506896950452 -1.56691753864288330078 0.23488187789916989412 -0.62954282760620117188 0.22153720259666440096 0.98241311311721801758 -0.73057162761688232422 1.37812173366546630859 -0.65020626783370971680 0.20394262671470639314 -0.08002467453479759907 0.15942491590976709537 0.58280807733535766602 0.36348670721054071597 0.21111041307449340820 0.90887778997421264648 0.59387499094009399414 0.32096624374389648438 0.05287872254848480225 0.15431734919548029117 0.32363617420196527652 -0.28998485207557678223 1.30625677108764648438 -0.24976746737957000732 -1.62793767452239990234 -0.97133088111877441406 0.35045117139816278629
0.01941314525902269883 0.00586732290685169997 0.28726294636726379395 0.08878035843372339420 0.83886802196502685547 -1.26868331432342529297 -1.45652616024017311780 0.60664737224578857422 -0.83526355028152465820 -0.44682586193084711246 0.04734179750084870075 1.41457617282867431641 -0.28312391042709350586 0.97570890188217163086 -0.49972078204154968262 1.15633928775787353516 0.51483893394470214844 -1.24070858955383300781 -0.82388776540756225586 -0.31423065066337579898 -0.98849666118621837274 -0.37325558066368097476 1.65620601177215576172 -1.22540724277496337891 0.80081564188003540039 -0.38842150568962091617 -1.03420925140380859375 -0.77555304765701293945 0.14797469973564139623 -0.89866548776626586914 0.78560245037078857422 -1.71521568298339843750 -0.40138590335845947266 0.04322212561964979688 -0.80945664644241333008 0.10628446936607359452 0.48307761549949640445 -1.08713376522064208984 -0.62702476978302001953 1.68513321876525878906 -1.28310024738311767578 0.18517591059207910709 0.06940232962369910497 0.62420606613159179688 0.56380099058151245117 -0.02257377840578550163 0.00705722672864789961 1.15963745117187500000 -0.55988985300064086914 -0.82633048295974731445 0.59737437963485717773
-1.42588233947753906250 -1.58748352527618408203 -0.76952636241912841797 -1.47011303901672363281 0.96047496795654296875 0.23658813536167139224 -1.66252565383911110608 -1.12076175212860107422 0.03083986788988109934 1.41244959831237792969 -0.96387553215026855469 0.08027539402246469669 1.67883574962615966797 0.12635895609855649080 -1.21511268615722656250 0.72127270698547363281 -0.94810932874679565430 -0.71870875358581542969 1.06996440887451149671 1.50231242179870605469 1.16117513179779030530 0.96946090459823597296 1.20447289943695090564 0.59766101837158203125 1.21039867401123046875 0.44496494531631469727 -1.64425754547119140625 -0.52796649932861328125 -0.24371433258056640625 0.55798411369323730469 0.42351397871971130371 0.06330708414316170429 0.85925096273422241211 -1.08104872703552246094 0.40844348073005670718 -0.00939888041466470023 -0.60541939735412597656 -0.27387475967407221011 1.49692428112030029297 0.21982498466968530826 -1.45439052581787109375 -1.64012718200683593750 0.82218676805496215820 1.45105254650115966797 -0.71687364578247070312 -1.35525536537170410156 -1.57880139350891113281 1.37241566181182861328 1.48802924156188964844 -1.46184909343719482422 -0.25289741158485412598
-1.52064144611358642578 -1.62448334693908691406 -0.78906291723251342773 0.28652393817901611328 -1.51706135272979736328 0.02988877519965170079 1.32729625701904296875 0.76447850465774536133 1.22287166118621848376 -0.15207080543041229248 1.70286965370178222656 0.17704565823078149966 -1.43600332736968994141 -0.97437846660614002570 0.74072915315628051758 -0.74258315563201904297 1.07482814788818359375 1.20068538188934326172 -0.15548425912857050113 1.66962134838104248047 1.58513474464416503906 0.65989339351654052734 -1.54666781425476074219 -0.77923190593719482422 1.31280970573425292969 -0.00116107403300699991 -0.25426754355430597476 0.00620966032147399986 0.23040568828582760896 -0.40568622946739191226 1.39053320884704589844 0.04020543023943899674 -1.60483145713806152344 -1.03859722614288330078 -0.34892168641090387515 1.11302638053894042969 -0.97600460052490245477 -1.40677714347839355469 -0.19821816682815548982 1.59594070911407470703 -1.47216415405273437500 1.23075187206268310547 0.31914389133453369141 0.57013726234436035156 -0.53720486164093017578 0.27511289715766901187 1.00358355045318603516 0.34949758648872369937 -1.27537214756011962891 -0.72204422950744628906 -0.14479424059391018953
0.06986231356859200214 0.90070015192031860352 0.64659768342971801758 0.58812659978866577148 0.53958702087402343750 1.24721026420593261719 -0.70655667781829833984 0.52673828601837158203 -0.72558259963989257812 -0.68340623378753662109 1.35765528678894042969 1.17166697978973410876 1.66077601909637428967 -1.61294758319854736328 0.34009847044944757632 -0.34719595313072199039 1.31225144863128662109 1.09327173233032248767 -0.83221048116683959961 0.59138679504394531250 1.08698797225952170642 -1.17421126365661621094 0.92032593488693237305 -1.24149239063262939453 -1.54932105541229248047 0.80423659086227416992 0.47970297932624811343 -1.25282478332519509046 1.01541972160339355469 0.70730841159820556641 -0.86679494380950927734 -1.02132749557495117188 0.19556561112403869629 0.15772694349288940430 0.28040573000907897949 0.06532434374094009399 0.93955582380294799805 -0.86938434839248657227 0.83626824617385864258 -0.09304059296846389771 -0.14647203683853149414 -0.58567333221435546875 0.95199108123779296875 -1.64577305316925048828 -0.50072211027145385742 0.94867986440658558234 1.59891104698181152344 0.13922518491744989566 -0.70989888906478881836 1.32787394523620605469 -0.93143874406814575195
-0.82262229919433593750 -1.05737757682800292969 -0.23442634940147399902 -1.41975319385528564453 0.16285756230354309082 1.44942891597747802734 -0.81547135114669799805 -0.22748488187789908666 -0.71453863382339477539 -0.94891971349716197626 -0.93812733888626098633 -1.38091742992401123047 -0.45254352688789367676 0.44657307863235468082 -0.98594117164611816406 -0.56164664030075073242 1.16338849067688010486 0.39930436015129089355 -1.47289049625396728516 0.68038058280944824219 -0.16882483661174768619 1.30370485782623291016 1.55177903175354003906 -1.42519402503967285156 0.55950880050659179688 -1.23837172985076904297 1.45417284965515136719 -0.70489436388015747070 0.69330340623855590820 1.32967519760131835938 -0.48211771249771118164 -0.57623469829559326172 0.47920769453048700504 1.57933461666107177734 -1.56787419319152832031 0.17323450744152069092 1.05174398422241210938 -1.03709566593170166016 -0.86372232437133789062 1.30251777172088623047 -0.38756436109542841129 -0.76260805130004882812 1.48084259033203125000 1.22155737876892089844 -1.44854044914245605469 1.51514244079589843750 1.33492040634155273438 0.38667151331901550293 0.54239380359649658203 -0.53581500053405761719 -0.12449455261230460423
0.33571550250053400211 -0.17683131992816919498 -0.29963001608848571777 0.09084235131740570068 -0.34826251864433288574 -0.45369482040405267886 -0.83537626266479492188 0.31490802764892578125 -1.08597218990325927734 -0.14699958264827719945 1.39131963253021240234 1.14897835254669189453 -0.06973221153020850438 1.47163236141204833984 -1.65004515647888183594 -1.71508777141571044922 -0.57290834188461303711 1.24570429325103759766 1.67122745513916015625 1.14597630500793457031 0.22455435991287228670 -1.39061415195465087891 -0.75155740976333618164 1.63678145408630371094 -0.32936960458755487613 0.35727646946907037906 0.50534379482269287109 -0.36005720496177667789 -0.89540857076644897461 1.61871135234832763672 -0.72251498699188232422 0.87800174951553344727 0.73268246650695800781 1.52911281585693359375 -0.25155097246170038394 -1.31475186347961447986 -0.75068348646163940430 1.37837255001068115234 -1.37553882598876953125 -1.38359224796295166016 -0.41360151767730707340 -0.38025626540184020996 -0.16729851067066189851 1.29445493221282958984 -1.26469564437866210938 0.40117901563644409180 -0.93905586004257202148 -1.00571894645690917969 -1.02749204635620117188 -0.10458792001008980488 0.51940822601318359375
0.63880288600921630859 1.63575172424316406250 2.38030385971069335938 1.64990568161010742188 -0.03880425915122030084 0.01965820789337149876 0.64377385377883911133 -0.32239437103271478824 -1.62328457832336447986 1.48954069614410400391 -1.56975424289703369141 1.10594356060028076172 -1.26522529125213623047 1.01963090896606445312 -0.09157539904117580065 0.42875730991363519840 -1.38595092296600341797 -0.62544816732406616211 -0.21697987616062158756 -0.98411124944686878546 0.92383563518524158820 0.90891504287719715460 0.27303877472877502441 -0.98510223627090442999 0.75663876533508300781 0.35579726099967950992 -0.68078380823135375977 -1.19256734848022460938 0.04155986011028289795 -0.04704708606004710109 0.81255835294723510742 0.53929388523101806641 0.82615405321121215820 0.27084687352180480957 1.32829046249389648438 -1.00087404251098632812 -1.11357367038726806641 1.52972602844238281250 0.50100612640380859375 -1.33096623420715309827 -0.22650304436683649234 -1.03469753265380859375 -0.12556414306163779515 -1.52200245857238769531 -0.31367266178131097965 1.46897590160369873047 -0.27254664897918701172 -1.51762437820434570312 1.18221855163574218750 0.73693239688873291016 -0.35268598794937128238
2.13090753555297851562 1.62090110778808593750 1.45128750801086447986 0.74264675378799438477 0.05981555953621860156 -1.33537304401397705078 0.67533874511718750000 1.53546714782714843750 -0.92623215913772583008 1.19136261940002441406 -0.47107487916946411133 -1.07561993598938010486 0.09932631999254219746 1.11045229434967041016 -0.80997717380523681641 0.14090433716773981265 1.24723207950592041016 -0.43718257546424860172 0.01997244358062739977 1.66405022144317649158 1.35117983818054199219 -1.54570472240447998047 -0.60396111011505126953 -0.14656473696231839265 0.10238900780677789859 1.52805125713348410876 -0.62932384014129638672 -0.08364239335060119629 1.47240710258483886719 -1.02997434139251708984 0.79096287488937377930 0.70876806974411010742 -1.43159258365631103516 -1.13877427577972389905 1.46101534366607688220 0.73948425054550170898 0.07988930493593210391 -0.95740330219268798828 1.68370544910430908203 -0.12805993854999539461 -1.50740766525268554688 -1.39835035800933837891 -0.34026730060577392578 0.92552644014358520508 -0.98944890499115001337 -1.44645655155181884766 -1.40089309215545632092 -1.10290896892547607422 1.32975435256958007812 -0.30591595172882080078 0.45551782846450800113
-0.85292267799377441406 -0.77008199691772460938 -0.48077267408370971680 -1.75798892974853515625 -0.63648670911788940430 1.35531198978424072266 0.90454912185668956415 1.08806514739990234375 0.67661452293395996094 -1.66452968120574951172 -0.45912790298461908511 -1.17418491840362571033 -0.96861565113067638055 -0.89454680681228637695 1.51292872428894042969 0.73383235931396484375 -0.19982439279556268863 -0.37741732597351068668 1.65464770793914794922 -0.65931653976440429688 -1.28920531272888183594 -0.66307884454727172852 -0.90808475017547596320 -0.72567200660705566406 0.82734048366546630859 -1.23289704322814941406 1.27478182315826416016 -0.76032859086990356445 1.22614741325378417969 1.53119134902954101562 1.32305121421813964844 0.59052073955535888672 1.14971613883972167969 -1.38608431816101074219 -0.87378960847854614258 -0.89952337741851806641 -1.25238931179046630859 1.64814078807830810547 0.42071470618247980289 -1.18863761425018310547 -1.75813090801238991467 0.25470227003097528629 0.03641226887702939813 0.62049680948257446289 0.18785910308361050691 1.47680628299713112561 0.40056985616683959961 1.03111886978149391858 1.10110223293304443359 0.52164012193679809570 -0.06552007049322119969
0.02887450531125059991 0.32282811403274530582 -0.02901855669915669872 0.16510605812072751131 0.19165833294391629305 1.66931855678558349609 -0.24627794325351709537 -0.05674486979842179729 -1.54518091678619384766 0.29756176471710199527 -0.91653692722320556641 -1.38571918010711669922 -0.34843167662620538882 -1.27860164642333984375 0.59631133079528808594 -1.06409752368927001953 1.36055767536163330078 1.26798164844512939453 -1.28201293945312500000 1.63899695873260498047 0.37145918607711791992 1.28071308135986328125 -0.04298590123653409784 -0.58117938041687011719 0.11380688101053229588 -0.96162515878677357062 -1.18445813655853271484 -0.73082560300827026367 -1.09372138977050781250 0.44587698578834528140 -1.00361287593841552734 1.42911410331726074219 0.86450338363647460938 -0.59388685226440429688 0.85777282714843750000 0.23283326625823969058 1.15533781051635742188 -1.63131785392761230469 -0.35901379585266107730 1.66758847236633300781 -1.15755164623260498047 0.01041015516966579957 -0.37416085600852960757 1.06234240531921408923 1.41673839092254638672 -0.02139727026224130108 0.62513357400894165039 -0.00017696796567170001 -0.17386287450790399722 0.32521617412567138672 0.16384631395339960269
-1.57903647422790527344 -1.70014405250549316406 -1.28694844245910644531 -0.04532925784587860107 -0.30056193470954889468 -1.07019317150115966797 -0.19838288426399230957 -0.27706918120384210757 1.05147671699523925781 -0.77639430761337280273 -1.03386843204498291016 -1.24497938156127929688 0.95406484603881835938 -1.46664023399353049548 1.16299629211425781250 -0.22209483385086059570 0.98289954662322998047 0.20201489329338070955 0.91130447387695323602 1.09251403808593750000 -1.23940825462341308594 -1.00874054431915283203 1.69490385055541992188 1.71825313568115234375 -0.94515252113342285156 -0.12435507774353020405 -0.17911237478256220035 -1.53096365928649902344 0.99286985397338878290 0.03323072195053099892 -1.42801964282989501953 1.69050228595733642578 -1.55733287334442138672 0.76190316677093505859 -0.78382974863052368164 -1.27441275119781494141 0.47485896944999689273 1.59411454200744628906 1.37172365188598632812 0.14396019279956809300 1.10848426818847656250 -0.81061065196990966797 0.40340411663055419922 -1.61479115486145019531 -1.53353083133697509766 -0.74657905101776123047 -0.32307451963424682617 0.44438922405242919922 -0.76447391510009765625 -0.79043918848037719727 0.29736495018005371094
-0.94464421272277843133 -1.43074166774749755859 -0.86094051599502563477 0.33200305700302118472 -0.89169853925704956055 -0.13632656633853909578 1.54886341094970703125 0.64321643114089965820 -0.50113189220428466797 -1.36486244201660156250 -1.14769375324249289783 0.05589733645319930333 -0.07891255617141719469 1.30993664264678955078 -0.93361324071884155273 0.38108742237091058902 -0.63642656803131103516 -1.61698222160339355469 1.20664405822753906250 1.57488334178924560547 0.20138457417488089818 -0.35995870828628540039 -0.67434847354888916016 -1.00084817409515380859 -0.01388218533247700080 1.75571429729461669922 -0.31661504507064819336 -0.72497415542602539062 1.72886848449707031250 0.44340306520462030582 -1.65283644199371337891 1.21455776691436767578 -0.58906990289688110352 -0.34164243936538690738 -0.03173049539327620072 0.96448963880538940430 -0.02397260628640649968 1.41761720180511474609 -1.46238589286804199219 1.60201334953308105469 -1.20378530025482177734 -0.27698743343353271484 1.35069358348846435547 -0.55368316173553466797 -1.34120297431945800781 0.32002586126327509097 0.61964333057403564453 -1.58532416820526123047 1.56110668182373046875 1.58520114421844482422 0.25776574015617370605
-1.15998864173889160156 -1.57375299930572509766 -1.75905632972717285156 -1.04966711997985839844 1.24871647357940673828 -0.21436898410320279207 -0.62630009651184082031 -1.38678181171417236328 -1.48310184478759765625 1.64803695678710937500 0.31827288866043090820 1.53996539115905761719 -1.65083134174346923828 1.43462657928466796875 1.59414315223693847656 1.30159497261047363281 -1.08416163921356201172 -1.70519757270813010486 -0.71240478754043579102 -1.47928535938262939453 0.85611140727996826172 -0.78726059198379516602 -1.05546605587005615234 -1.45058846473693847656 0.47516310214996337891 0.87946748733520507812 -0.82004988193511962891 0.80176818370819091797 -1.16974616050720192639 -1.67544698715209960938 1.12632000446319580078 1.31144535541534423828 0.68130731582641601562 1.53302395343780517578 -1.34773814678192138672 0.89619052410125732422 -1.07056999206542968750 0.67130702733993530273 1.34943079948425292969 0.20134043693542480469 1.39016580581665039062 0.77729547023773193359 0.52969789505004882812 -0.48608535528182977847 0.43989950418472290039 -0.25329151749610900879 1.38970911502838112561 -0.09448869526386259599 -0.30125519633293151855 1.37889695167541503906 0.65026879310607910156
-0.40144026279449457340 -0.02965515851974480019 -0.55181884765625000000 -1.02637219429016113281 1.26676547527313232422 -0.23354889452457419652 -1.09023559093475341797 -0.04431526735424989871 -1.26507878303527832031 -0.33936971426010131836 0.60000199079513549805 0.13809087872505179662 -1.36768341064453125000 1.34960520267486550061 -1.62164199352264404297 -1.27253496646881103516 -1.61589372158050537109 1.69051063060760498047 -0.61601442098617553711 -1.29547619819641113281 -0.97145676612854003906 -0.57678920030593872070 0.24323296546936029605 -1.05958926677703857422 0.26381242275238031558 -0.36363011598587030582 0.76178431510925292969 1.13427579402923583984 1.41823244094848632812 -0.68121701478958129883 0.68303269147872924805 -0.14471617341041559390 1.52945649623870849609 -0.97297090291976917609 -0.80637466907501220703 0.22788034379482269287 -1.48976504802703857422 1.09396255016326904297 0.24789497256278988924 1.47548675537109375000 -0.69416779279708862305 0.85845351219177246094 0.67345589399337768555 -0.50973570346832275391 1.60330355167388916016 -0.80254590511322021484 -1.03429174423217751233 -0.04041025415062900195 -0.46883928775787347965 -0.26938286423683160953 0.86873382329940795898
0.79746687412261962891 0.51395666599273681641 0.44767495989799499512 -0.56439149379730224609 -1.58321678638458229749 1.17383515834808349609 0.57290238142013549805 0.17625021934509269017 -1.35702526569366455078 1.41138601303100608142 0.79145550727844238281 -0.38170206546783447266 0.25539630651473999023 -0.11927445977926250109 1.54932665824890136719 -0.80098742246627807617 -0.44592514634132379703 0.63369840383529663086 0.37753924727439880371 -1.22690618038177490234 1.51793503761291503906 0.18010929226875299625 -0.96632760763168323859 -1.13002204895019509046 0.22524510324001309480 -0.44557690620422357730 0.11444117128849029541 1.51432025432586669922 0.35021758079528808594 1.15845835208892822266 -1.34757602214813232422 -1.67759788036346435547 0.77601438760757446289 -1.52385628223419189453 -1.50887465476989768298 -0.95189863443374644891 0.88926506042480468750 0.50414079427719116211 -0.69811445474624633789 -0.77966040372848510742 0.50276958942413330078 -0.84732848405838012695 -0.80128496885299682617 0.71005511283874511719 1.64394187927246093750 0.20608316361904138736 0.58615034818649291992 1.14081788063049316406 0.86840730905532836914 -0.48267185688018798828 -2.12666773796081542969
0.96640306711196899414 1.69031107425689697266 0.31282484531402587891 -0.46125328540802001953 -0.61041933298110961914 -1.71744608879089355469 0.92334091663360595703 -1.54118871688842751233 1.31838595867156982422 -1.66922044754028320312 1.27884197235107421875 -0.50136148929595947266 -1.59059464931488037109 -1.25556528568267822266 0.01199772022664540028 -0.21888248622417449951 0.61940747499465942383 -1.06493425369262695312 0.80965566635131835938 1.11640584468841552734 1.19828176498413085938 0.93745726346969604492 0.11779324710369110107 -0.96853804588317882196 1.68510508537292480469 -0.04919957369565960276 -1.62015974521636962891 1.21509611606597900391 0.22954390943050378970 -0.13167910277843469791 -0.82128930091857910156 1.68445515632629394531 -0.02576005458831780170 -0.42878982424736017398 0.35588711500167841129 0.04470373690128320171 -1.66674137115478515625 0.91985279321670521124 0.83598577976226806641 -0.49485874176025390625 -0.99925094842910755499 -1.39010059833526589124 -0.48373284935951227359 -1.16371631622314430921 0.58680760860443115234 1.28374290466308593750 0.07962641865015029907 1.41235220432281494141 -1.20383286476135231702 1.16408872604370117188 -0.24729810655117029361
1.00129151344299316406 0.96644324064254760742 -0.02863879688084119968 -1.19826292991638183594 -1.07205522060394287109 -0.63691198825836181641 1.15180432796478271484 1.08428239822387695312 0.80213522911071777344 -0.70976036787033081055 -1.25261557102203369141 -0.44795316457748407535 1.27720725536346435547 -0.37704133987426757812 1.26673138141632080078 0.36946472525596618652 -0.26600733399391168765 -0.58530133962631225586 -1.23402309417724609375 1.43868923187255859375 -1.15961349010467529297 0.92884522676467895508 0.41505149006843561343 -1.04936671257019042969 -0.26742056012153619937 -1.41184830665588378906 -1.37732028961181640625 -1.25647115707397460938 -0.47347834706306457520 1.19037091732025168689 -0.96547067165374755859 -1.73443877696990966797 -0.15066248178482050113 -1.12471020221710205078 -0.33769372105598449707 -0.47726419568061828613 -0.41582414507865900211 -0.22801129519939419832 -1.28221273422241210938 1.15813004970550537109 0.41022968292236328125 -0.63502818346023559570 -0.07542607933282849397 1.35672116279602050781 1.44551134109497070312 0.62862372398376464844 -0.43595197796821588687 -1.62549328804016113281 -0.14339229464530939273 -0.91647273302078235968 -2.23264884948730468750
0.61748659610748291016 0.79695683717727661133 1.05741500854492209704 0.26522952318191528320 0.61578422784805297852 -1.62834858894348144531 1.37342822551727294922 -0.96257555484771717413 -1.55173993110656738281 0.36210051178932189941 -1.44426894187927246094 1.73230814933776855469 0.38518032431602478027 0.36205852031707758121 -1.21160209178924560547 1.38623082637786887439 1.17679154872894287109 -0.63370078802108764648 0.00552292400971050000 -0.14537304639816278629 0.97115790843963623047 -0.41101297736167907715 1.46147572994232177734 0.90247529745101917609 -0.21747855842113489322 0.87354648113250732422 -0.07789696753025049381 -1.49275445938110351562 0.80939984321594238281 -0.47495856881141662598 1.33863544464111328125 1.39378857612609863281 1.64407205581665039062 1.26416707038879394531 1.71977257728576660156 0.56522661447525024414 0.00088194542331619999 0.79119372367858886719 -0.96836000680923461914 -1.43009972572326660156 -0.07967609167098989309 0.56586694717407226562 -1.15583348274230957031 0.07264672219753259830 1.06459653377532958984 -0.21434451639652249422 -1.24303793907165527344 0.69751346111297607422 -0.16691756248474121094 0.97238928079605102539 -1.51109540462493896484
-1.71686995029449462891 -1.14306128025054909436 -0.48622387647628778629 0.72304904460906982422 0.30048719048500061035 1.29859614372253417969 -0.58903604745864868164 -1.32373130321502685547 1.57668900489807128906 1.70441341400146484375 -0.49268373847007751465 0.78450977802276611328 0.55789881944656372070 -1.40541756153106689453 -0.45977115631103510074 0.48691946268081659488 -1.69165968894958496094 -1.27808725833892822266 0.58701896667480468750 1.07268333435058593750 -1.16633260250091552734 -0.64984357357025146484 -0.85877072811126708984 -0.97710430622100841180 1.17594742774963378906 0.46766471862792968750 1.53492784500122070312 -1.55365335941314697266 -0.34884855151176452637 0.03849248588085169703 0.64346915483474731445 0.46424636244773859195 1.53336548805236816406 0.30261859297752380371 0.91408985853195201532 -1.04004991054534912109 -0.40787586569786071777 -0.87869179248809814453 -0.57657694816589355469 -0.80327361822128295898 0.37507489323616027832 0.89300245046615600586 0.88644593954086303711 -0.13733227550983428955 0.50465804338455200195 1.22094511985778808594 -1.55236124992370605469 0.51211571693420410156 -0.00431306520476930008 1.74181795120239257812 0.14346624910831448640
1.23269045352935791016 1.02505505084991455078 2.25073528289794921875 0.90317124128341674805 1.31882846355438232422 -1.40005862712860107422 1.45300531387329101562 -0.28156170248985290527 0.28164467215538019351 -0.39785265922546381168 -1.73446655273437500000 0.64023613929748535156 1.50250875949859619141 0.46827012300491327457 -0.95770859718322765008 -0.26366364955902099609 -0.82342004776000976562 -0.53163152933120727539 -0.41615530848503107242 -0.19834576547145840730 1.31063604354858398438 -0.73137462139129638672 0.47079166769981378726 -0.95174235105514515265 -1.52535140514373779297 -0.66704356670379638672 -0.96129763126373279913 0.44471830129623407535 0.74120301008224487305 -1.41198790073394775391 -0.64380353689193725586 1.02913844585418701172 0.21379967033863059300 -0.90662968158721923828 0.81693023443222045898 0.46114793419837951660 0.29355183243751520328 -1.32981479167938232422 0.69838464260101318359 0.36155694723129272461 0.72307407855987548828 -0.33686509728431701660 0.54200428724288940430 0.74608910083770751953 0.82712250947952270508 1.26589071750640869141 1.14337873458862304688 -0.79585605859756469727 0.58548623323440551758 -0.34006139636039728336 -0.27780291438102722168
-0.38695892691612238101 -0.15521107614040369205 -0.86207586526870727539 -1.44043612480163552014 -0.57457613945007324219 -0.96983343362808238641 0.82527118921279907227 -0.57080650329589843750 0.67168366909027099609 0.21070662140846249666 -0.53411138057708740234 0.42656388878822321109 -0.37664842605590820312 0.19865694642066950015 0.01870803907513610143 0.73012095689773559570 1.03468835353851318359 -1.71512734889984130859 0.18318228423595420140 -0.87253743410110473633 -1.46197497844696044922 -0.16391478478908538818 1.61053574085235595703 0.86798429489135742188 1.23681259155273437500 -1.24999535083770751953 1.35869300365447998047 0.60840237140655517578 -0.63998764753341674805 -1.06164968013763449939 -0.26424312591552728824 1.40359425544738769531 -0.50837033987045288086 -1.34531891345977783203 1.04381823539733886719 -1.26447105407714843750 1.69491708278656005859 0.22089995443820950594 1.44149613380432128906 -0.26922464370727539062 -0.97887223958969116211 0.13968339562416071109 1.40950751304626464844 -1.24742484092712402344 -1.00600564479827880859 -1.36636114120483398438 -1.60095167160034179688 1.70835304260253906250 0.21232323348522180728 -0.48944506049156188965 0.30673199892044067383
0.66950255632400512695 0.98247241973876964227 0.73360359668731689453 -0.15760099887847900391 -0.69684958457946777344 -1.08628702163696289062 -0.29089045524597167969 1.07507717609405517578 -1.28272712230682350842 -1.55897712707519509046 -0.62689143419265747070 -1.33774840831756591797 -1.69391655921936035156 -1.65691125392913818359 1.40839505195617675781 -0.41808277368545532227 0.64246034622192382812 1.24126458168029807361 -1.72320735454559326172 0.33370992541313171387 -0.16762948036193839330 1.31912624835968017578 0.03413862735033029727 -1.19530975818634033203 -0.23887476325035089664 -0.36984047293663019351 -0.43512827157974237613 0.94338107109069824219 0.25475701689720148257 -0.60020571947097778320 0.64549499750137329102 -1.40169775485992431641 -0.58823525905609130859 -1.49148344993591308594 -0.24124628305435180664 -1.36071836948394775391 -1.69968700408935569079 -1.66756415367126464844 0.03453930839896200006 0.03314825147390360049 0.29509824514389038086 0.75282353162765502930 -1.11564290523529030530 -0.07339822500944130634 -0.68028318881988525391 1.56102943420410156250 1.37430775165557861328 -0.71120882034301757812 -0.58689266443252563477 1.07346165180206298828 -2.12975239753723144531
1.13777530193328857422 1.57643115520477294922 2.91495704650878906250 1.42362165451049804688 -1.09004271030426047595 1.39385604858398437500 0.60350775718688964844 -0.73114246129989624023 -1.34703397750854492188 1.58994543552398681641 1.51362204551696777344 1.19562458992004394531 0.27365902066230768375 -1.17274987697601318359 0.28141862154006958008 0.43116021156311029605 -1.40539157390594482422 0.52695250511169433594 0.17788356542587280273 -0.71836292743682861328 0.37367498874664301090 0.73381567001342773438 -0.91291028261184681281 1.68021631240844726562 0.80800539255142211914 0.38583672046661371402 -0.50091731548309326172 1.39646863937377929688 1.43336272239685058594 -1.42449212074279807361 -1.55335605144500710217 -0.85937356948852539062 -0.24851784110069269351 0.08285713195800779862 -0.05387018620967860133 0.46310746669769281558 0.53288143873214721680 1.12215507030487060547 0.13663159310817710179 1.44094383716583229749 0.16385103762149810791 1.26962745189666770251 -0.55586707592010498047 0.95157414674758922235 1.07479584217071510999 1.44396102428436279297 -1.50448608398437500000 -0.78523248434066772461 0.97375673055648803711 1.76783025264739990234 0.91327875852584838867
0.39547860622406000308 0.27754014730453491211 -0.99419784545898437500 -1.02197623252868630139 1.21009397506713889392 1.77262187004089355469 -1.62998116016387939453 1.18901395797729492188 1.55830872058868408203 0.86790937185287475586 -1.05583524703979492188 -1.67500352859497070312 -0.06655526906251900410 -1.16790997982025168689 -1.00435030460357688220 1.00021350383758544922 -0.24992744624614710025 -0.86765921115875244141 0.96937507390975963251 0.67228448390960693359 -1.53278195858001708984 0.88916403055191040039 1.15041768550872802734 -0.10237269103527059377 1.35053169727325439453 0.46458485722541809082 1.45457279682159423828 1.05187368392944335938 1.05255353450775168689 -0.51805788278579711914 1.35963261127471923828 1.43483340740203857422 -0.48868906497955322266 -1.14704513549804687500 0.68326336145401000977 -1.70597302913665749280 1.15407395362854003906 -1.21286034584045410156 1.65592348575592041016 -0.03486423566937439655 0.44376379251480102539 0.51522165536880493164 0.35201054811477661133 0.98870849609375000000 1.52045595645904541016 1.64284062385559082031 -1.35658979415893554688 1.00253844261169433594 1.44179105758666992188 1.63373994827270507812 -0.41261908411979669742
-1.20560824871063232422 -1.55240285396575927734 -1.35975670814514160156 0.21644316613674161043 -0.37429001927375787906 -0.09558320045471190018 0.92624670267105102539 -1.14498364925384521484 0.27714648842811578922 -1.35887873172760009766 -1.14743924140930175781 1.06492412090301513672 0.31404545903205871582 1.59795725345611550061 -1.02712893486022949219 -1.33954703807830810547 0.84515857696533203125 -0.26263856887817377261 -0.20815606415271759033 -0.25920203328132629395 1.44864654541015625000 -0.63155174255371093750 1.47085535526275634766 -0.32700031995773309879 1.47398817539215087891 0.40708476305007929019 0.83665245771408081055 -1.02533578872680664062 0.41877296566963190250 -1.29072964191436767578 -0.83291482925415039062 0.13784070312976828832 1.21993446350097656250 -1.19618773460388183594 1.43115377426147460938 1.57945728302001953125 -1.12045395374298095703 -1.21705734729766845703 -0.08349905163049689549 -1.50032281875610351562 -0.99784570932388316766 -0.25562864542007440738 -0.02519297972321509968 1.00368845462799072266 0.92305403947830200195 0.82110369205474853516 -1.00862860679626464844 -1.48888552188873291016 1.38276219367980957031 1.36396574974060058594 0.24693624675273889713
-1.00913321971893310547 -0.80389630794525146484 -1.02328658103942871094 -1.12235414981842041016 -1.70460116863250710217 1.67440724372863769531 1.40032410621643088611 -0.57771599292755126953 -0.85112398862838745117 1.34639453887939430921 0.86289304494857788086 -0.83878862857818603516 0.92117100954055797235 -0.32068061828613281250 -1.74312043190002441406 -0.28515502810478210449 -1.72063779830932617188 -1.40122437477111816406 -0.83792889118194580078 0.31738814711570739746 -1.07208263874053955078 0.75618880987167358398 0.70739108324050903320 1.16284143924713112561 -0.13218142092227930240 -1.09298455715179443359 0.17316630482673639468 -0.76560711860656738281 -0.14834707975387570467 0.96670520305633544922 -0.88296270370483398438 1.45841574668884277344 -0.02669250592589370030 1.69426488876342751233 1.23589253425598144531 0.21963959932327270508 -0.11072386801242820042 -0.77672183513641357422 1.53501152992248535156 -0.33596330881118768863 -1.01804852485656738281 -0.90980893373489379883 0.57437837123870849609 1.42153644561767578125 -0.02600366063416000018 -1.32976007461547829358 0.97854924201965320929 0.56604349613189697266 0.05181856453418730302 0.12808626890182489566 -0.00576203037053340042
-1.82413446903228804175 -1.63613379001617431641 -0.96135991811752319336 1.44563472270965576172 1.47478771209716796875 -0.53022241592407226562 1.35544526576995849609 -0.05423524975776670282 -1.11487472057342529297 1.44108021259307861328 -0.25436598062515258789 -0.14653933048248291016 -0.50192672014236450195 0.75164699554443359375 -1.34831094741821289062 1.46158504486083984375 -1.09618151187896728516 -1.16828954219818115234 -0.58668118715286254883 1.42308092117309570312 -1.55540692806243896484 -1.64668977260589599609 0.08612556755542749576 1.03852784633636474609 -1.33981084823608398438 -0.24832567572593688965 -1.11119556427001953125 0.65579783916473388672 0.40687459707260131836 0.67712599039077758789 -1.30395495891571044922 0.69837027788162231445 0.08718203008174890689 0.37007018923759460449 -1.45839154720306396484 0.76862478256225585938 1.60098755359649658203 0.80274510383605957031 -0.63573747873306274414 -0.70231187343597412109 -0.81148737668991088867 0.26730448007583618164 -1.50706684589386008533 0.54321402311325073242 0.37610307335853571109 -0.09201680868864059448 -0.81745433807373046875 0.70456671714782714844 -1.40252304077148437500 -0.62352645397186279297 0.93235307931900024414
-0.88318234682083129883 -0.54817944765090942383 -0.49560254812240600586 0.95686888694763183594 -0.59774726629257202148 -1.71575164794921875000 1.19716012477874755859 -1.43519735336303710938 -0.98024463653564442023 -0.38833871483802789859 -1.36121475696563720703 -1.01481282711029030530 -0.09324597567319869995 0.48418897390365600586 -1.60806572437286376953 0.47036457061767578125 1.04209744930267311780 -1.52806663513183593750 1.28933405876159690173 0.43995437026023859195 0.79815262556076049805 -1.17027759552001953125 -1.35507965087890625000 -1.11455368995666503906 -0.18261824548244470767 1.39649689197540283203 1.50506985187530517578 -0.25487866997718811035 0.80676120519638061523 -0.47210094332695007324 -1.58719563484191894531 -0.01163050532340999949 0.07627062499523160066 -0.65830492973327636719 -0.09957575052976599950 -1.52810096740722656250 -1.55409061908721923828 1.68707358837127685547 0.01260969508439300016 0.01803290285170069951 -1.22674548625946044922 -0.67200267314910888672 1.01757955551147460938 -0.15326739847660059146 -1.07815814018249511719 -0.67417484521865844727 -0.77453172206878662109 0.90035408735275268555 -1.27274894714355490954 -1.31549739837646484375 0.85223287343978881836
-0.80310189723968505859 -0.82695454359054565430 -0.25341609120368957520 1.47744274139404296875 -0.05934032425284380130 0.39885479211807250977 -0.06702985614538189973 1.30451714992523193359 0.51500362157821655273 1.13571894168853759766 -1.69926357269287109375 -0.94204461574554443359 0.10916595906019209428 0.82805764675140380859 -0.52308875322341918945 -0.09762661904096600618 0.68195283412933349609 -1.17339968681335449219 -0.53989237546920776367 0.64728331565856933594 0.67016643285751342773 0.90405219793319702148 -1.59176886081695556641 0.31596198678016662598 -1.06505024433136008533 -1.17832684516906738281 -1.48333764076232910156 -1.59620225429534912109 0.29727393388748168945 0.71942234039306640625 -1.41910791397094726562 -1.39016115665435791016 0.12000139802694320679 -0.11207023262977600098 1.43857479095458984375 1.41765701770782470703 -0.36809113621711730957 1.25384724140167236328 -1.08412218093872070312 -0.01194362342357629947 1.18688571453094482422 -0.55030101537704467773 -0.14888401329517358951 -1.30089354515075683594 -1.40459024906158447266 -0.89058786630630493164 -0.32126098871231079102 -0.50796103477478027344 -1.20902287960052490234 -0.13477270305156699437 1.18061959743499755859
0.16689372062683099918 1.03974425792694091797 0.79997229576110839844 0.82430362701416015625 0.09402995556592939896 -0.60607397556304931641 0.83117634057998657227 -1.66735422611236550061 -1.49456691741943359375 -1.65650963783264160156 -0.76381760835647583008 -0.36073416471481317691 -1.61161911487579367908 1.64647352695465087891 -1.28461575508117675781 0.36982923746109008789 -1.00172364711761474609 -1.19913804531097389905 -1.63680815696716308594 -1.70193612575531005859 -1.65032744407653808594 -0.17984205484390258789 1.09406065940856911389 -0.46517717838287347965 -1.07601058483123779297 -1.35561037063598632812 1.64380729198455810547 -1.65258204936981201172 -1.60348522663116455078 -0.20599789917469019107 -0.93671566247940063477 -0.85336166620254516602 -1.35649931430816650391 0.54638737440109252930 0.11665692180395119404 1.66308999061584472656 -0.80608791112899780273 -1.02567839622497558594 -0.82904958724975585938 -1.42642128467559792249 -1.25023531913757324219 -0.75845330953598022461 -1.51729273796081542969 1.43970704078674316406 1.41970968246459960938 0.52762764692306518555 0.42527860403060907535 0.86630457639694213867 1.48905026912689208984 -0.53318434953689575195 -1.14379990100860595703
0.29236832261085510254 -0.13877977430820459537 0.04545539245009420221 1.05738306045532248767 1.12816715240478515625 0.59333395957946777344 0.04099917039275159658 -1.60647404193878151624 0.16226367652416229248 1.18488848209381103516 0.47344455122947687320 1.60548937320709250720 -0.27021548151969909668 -1.55673801898956298828 -0.70869415998458862305 -0.78247255086898803711 0.40996581315994262695 1.68149292469024658203 0.50427305698394775391 -0.65084707736968994141 1.63586866855621337891 -1.51601541042327880859 -1.36706614494323730469 1.48334610462188720703 -0.10201414674520489778 0.49204656481742858887 -0.34142389893531799316 0.56185376644134521484 1.70248699188232421875 -0.18517325818538660220 -1.10734939575195312500 0.68692165613174438477 1.61400282382965087891 1.17481994628906250000 1.00586807727813720703 -1.74927330017089843750 -0.61239629983901977539 1.10207974910736083984 -0.42599749565124511719 0.58605974912643432617 0.93054008483886718750 -0.92046189308166503906 -0.00805054418742649942 -0.42757117748260498047 -1.07403349876403808594 1.39141774177551269531 -0.02042090520262709874 0.30523991584777832031 0.45276433229446411133 1.51160275936126708984 0.96026307344436645508
0.85198080539703369141 1.43583488464355490954 2.82139897346496582031 1.67271590232849121094 0.44611108303070068359 1.34141743183136008533 -0.05332907289266580059 -0.30304718017578119449 0.54507929086685180664 0.08072353899478909578 -1.18848395347595192639 -1.15884625911712646484 -0.99006444215774536133 0.24535858631134030428 -0.54562163352966308594 -1.08354532718658447266 -0.16186891496181479710 1.30169773101806640625 -0.19868326187133789062 0.14385831356048581209 -0.97323793172836303711 0.42411962151527399234 -1.04528748989105224609 -0.15220713615417480469 1.05233895778656005859 -0.68323010206222534180 1.65412962436676047595 -0.90820020437240600586 0.18353274464607238770 -0.50136321783065795898 -1.64053177833557128906 -0.54138344526290893555 -0.74128359556198120117 0.08974898606538769807 0.45706507563590997867 1.40847182273864768298 -1.50416052341461181641 -0.11839374154806130146 1.64191305637359619141 -0.39901357889175409488 -0.75242704153060913086 0.53823596239089965820 0.89642006158828735352 0.36363062262535089664 -0.27472934126853937320 0.04855228587985029737 -1.28845596313476562500 -0.55226588249206542969 -1.60646367073059082031 0.21116279065608969945 0.17914701998233789615
-0.09063066542148590088 0.21329873800277709961 -0.96659386157989501953 -1.58237075805664062500 -1.58801674842834472656 1.50690925121307350842 1.40578079223632790296 -0.74435019493103027344 1.22127509117126464844 -0.21382705867290491275 -1.29773986339569091797 1.60809302330017089844 0.37480825185775751285 1.12435007095336914062 -0.89372491836547851562 -1.67452239990234375000 0.51120519638061523438 0.81257146596908569336 1.50213134288787841797 -0.96661728620529163702 1.03240084648132324219 -1.39455306529998779297 0.27987197041511530093 -0.76680850982666015625 -0.02157834358513350051 0.28284651041030878238 0.38447257876396179199 -0.98376870155334483758 -0.59928774833679199219 0.92206954956054676398 -1.68176770210266113281 -0.47661930322647089175 -1.52091991901397705078 -1.54031944274902343750 0.77684569358825683594 -1.35029137134552001953 0.44088572263717651367 1.56479418277740478516 1.21538674831390380859 -0.16709172725677490234 0.82092607021331787109 0.79177713394165039062 -1.41152644157409690173 0.32113972306251520328 1.24978840351104736328 0.01833705417811869881 -1.19636666774749755859 1.50495028495788552014 -0.76041328907012939453 -1.17902529239654541016 -0.23021335899829858951
1.44355201721191406250 0.96926647424697875977 1.57058215141296408923 1.48308348655700683594 -0.35901874303817749023 -1.19875359535217285156 -0.91157990694046020508 -1.05623292922973632812 1.21426689624786376953 0.60986953973770141602 -1.53457880020141601562 0.98574262857437122687 -0.35018208622932428531 1.23038339614868164062 1.05791151523590087891 -1.62996053695678710938 -0.45067319273948669434 0.54126173257827758789 -0.49327626824378967285 -0.65605163574218750000 -1.51765608787536621094 -1.14301824569702170642 -0.33406367897987360172 -1.64097511768341064453 -0.28152590990066528320 -1.37619709968566894531 -0.92413073778152476923 1.53738951683044433594 0.54253321886062622070 0.09321182966232299805 0.41454088687896728516 1.63682603836059570312 -1.46068036556243896484 1.16721475124359130859 0.19875788688659659642 0.42325717210769647769 1.09781408309936523438 -0.39335733652114868164 -0.09859175980091089420 -1.05486750602722167969 0.51933085918426513672 0.38601666688919067383 -1.50922036170959472656 -1.51552927494049072266 -0.34437572956085199527 1.03463888168334960938 -0.44615525007247919254 0.79980182647705078125 1.16135239601135231702 -1.65066170692443847656 -0.65319305658340454102
1.16299188137054443359 1.14798092842102050781 -0.41556844115257257632 -0.24958558380603790283 1.51719892024993896484 0.10906205326318739457 0.56708157062530517578 -1.48057520389556884766 0.21371732652187339085 1.60414743423461914062 0.04019835591316219675 1.49514889717102050781 0.15479314327239990234 0.71290171146392822266 0.96998375654220581055 0.08111837506294250488 -0.93645983934402476923 0.52437794208526611328 1.43740427494049072266 0.52734100818634033203 -1.57987749576568603516 1.05867767333984375000 -1.04581725597381591797 0.60928428173065185547 -1.09481215476989768298 -1.48492634296417236328 1.29135239124298095703 0.49848002195358270816 -1.51194751262664794922 0.55606025457382202148 -1.36755049228668190686 1.05421566963195800781 -0.87637048959732055664 -1.24157726764678955078 0.64885270595550537109 0.89783447980880737305 -1.45011591911315917969 0.35170173645019531250 1.62654674053192138672 0.24657854437828061189 1.53487181663513183594 0.80086469650268554688 0.50099718570709228516 1.33839595317840576172 0.82990086078643798828 -0.37918925285339349918 -0.42029875516891479492 -0.97800409793853759766 0.73357236385345458984 1.59193313121795632092 -0.69832783937454223633
-0.44460427761077880859 -0.03168558329343790225 -0.26050180196762079410 -0.68410307168960571289 0.64029777050018310547 -0.85896176099777221680 0.12381927669048309326 1.00515294075012207031 1.58830952644348144531 0.17971591651439661197 -1.52170884609222389905 -1.54137635231018088611 0.04234547913074489939 0.53251677751541137695 0.00808643642812960015 0.58341473340988159180 1.35907375812530517578 -1.24182569980621337891 1.59804594516754150391 -0.50300896167755126953 0.46245825290679931641 -0.43011397123336791992 1.30472159385681152344 1.43999123573303222656 0.28143790364265441895 0.50274324417114257812 1.16250956058502197266 -0.46307104825973510742 -0.52523660659790039062 1.22383201122283935547 -0.32765510678291320801 -0.81313979625701904297 -1.32713794708251953125 -1.54284238815307617188 -1.40477681159973144531 0.70778995752334594727 -1.75201654434204101562 -1.05849134922027610095 -1.45953154563903808594 0.28746175765991210938 -0.52022480964660644531 1.35232591629028320312 -0.43419319391250610352 -1.03874528408050537109 -1.25828695297241210938 0.18099972605705261230 1.23656570911407470703 -0.88362783193588256836 0.24436995387077328767 -1.33755767345428489001 0.70712220668792724609
-0.98482185602188121454 -0.51353305578231811523 -0.89512360095977783203 -1.57778429985046408923 -0.26718100905418390445 1.77233970165252685547 1.15543365478515625000 1.49092793464660644531 1.60301184654235839844 1.32310664653778076172 -0.43833220005035400391 -0.74296754598617553711 -1.35977840423583984375 1.21524584293365478516 0.48726195096969598941 -1.25141680240631103516 0.15992283821105948705 1.09753525257110595703 1.42998313903808593750 -1.74081754684448242188 -0.53837639093399047852 0.06246292963623999855 -1.05219483375549316406 0.30599129199981689453 -0.16307349503040310945 1.43190634250640869141 -1.28574597835540749280 -0.61500132083892822266 0.72841435670852661133 -1.26079499721527099609 1.31101691722869873047 0.25779232382774347476 -0.28816774487495422363 0.82706558704376220703 -1.65835762023925781250 0.17924652993679041080 -0.84961175918579101562 1.25297844409942649158 -0.83559519052505493164 0.94827634096145640985 -0.28069093823432922363 0.32527640461921691895 -0.78493267297744750977 0.23307566344738001041 0.52257680892944335938 -0.45197114348411560059 1.13461422920227050781 -1.11411774158477783203 -0.69180929660797119141 1.73261523246765136719 0.61398053169250488281
-1.08113992214202880859 -0.69682389497756958008 -0.26405054330825800113 -1.05599963665008544922 1.53604936599731445312 0.19089682400226590242 0.09351589530706400089 -1.57097089290618896484 -0.87473112344741821289 0.55357050895690917969 0.30693468451499938965 0.08055466413497920641 0.52293926477432250977 -0.57956051826477050781 -0.65629941225051879883 -0.67605930566787719727 -1.08179664611816406250 0.35479918122291559390 -1.58423256874084472656 0.22738206386566159334 1.09559202194213889392 1.00292146205902099609 1.38314104080200195312 -1.40709412097930908203 1.41927957534790039062 -0.03412073850631709704 1.13647079467773437500 -0.42978882789611810855 0.37671002745628351382 1.16877353191375710217 -1.28808915615081809314 1.10120797157287597656 0.54184770584106445312 1.47129464149475097656 -1.20679092407226562500 -0.50951337814331054688 0.16822269558906549625 0.29283615946769708804 -1.59385955333709716797 -1.38969314098358154297 -1.38009727001190207751 1.59107387065887428967 0.35808625817298889160 -0.86394846439361572266 -1.50491654872894287109 -1.10729229450225830078 -0.99493360519409179688 -0.20938067138195029515 -1.06186664104461669922 1.26511657238006591797 0.27483484148979181461
-0.09834060072898860583 -0.12290074676275250520 -0.07237387448549270630 -0.52927875518798828125 0.64440637826919555664 -0.23428940773010251131 0.83038824796676635742 1.31875169277191162109 0.55713236331939697266 1.58963644504547119141 0.79616588354110717773 -0.93384414911270141602 0.87373477220535278320 0.05894892290234560184 -0.38992089033126831055 0.76696193218231201172 0.07709456235170360217 1.45869815349578857422 -0.75724714994430541992 -1.18537020683288552014 0.00072825246024870002 -0.82878297567367553711 -1.70187211036682128906 -0.33477684855461120605 1.68005609512329101562 0.81689417362213134766 0.91090703010559082031 -0.80504983663558959961 -0.64769768714904785156 1.63345348834991455078 -0.98685675859451282843 -0.55304318666458129883 -0.89526075124740600586 -0.94009041786193836554 0.21301580965518948640 -0.50585770606994628906 0.91921293735504161493 -0.07714433223009109497 0.73899197578430175781 -0.18681830167770380191 1.65474259853363037109 0.67625272274017333984 1.18093895912170410156 -0.19085879623889920320 -0.02267486974596969948 -1.42317855358123779297 -0.13097101449966430664 0.74208158254623413086 -0.23468613624572751131 1.70167171955108642578 0.77180016040802001953
1.54000222682952880859 1.63407015800476074219 3.13302588462829589844 1.66702759265899658203 -1.21813094615936279297 -0.44660601019859308414 1.20979559421539306641 1.59646248817443847656 1.32075905799865722656 -1.10553407669067382812 1.62215900421142578125 -1.13116335868835449219 1.47137939929962158203 -0.80727344751358032227 -1.44161272048950195312 0.05874636396765699903 1.44520521163940429688 -0.89807087182998657227 0.10611245036125180330 0.73945558071136474609 1.37663161754608154297 -1.64722704887390136719 0.28207495808601379395 -0.83738344907760620117 -1.58517122268676757812 0.53708213567733764648 1.30376458168029807361 1.59373879432678222656 1.56412601470947287829 1.32489800453186035156 -1.01674675941467285156 0.03396301344037049724 -0.42777115106582641602 -0.63695287704467773438 -0.90158039331436157227 -0.22565388679504388980 -0.00456035789102310005 1.73038113117218017578 -1.15952301025390625000 -1.35254061222076416016 0.41529238224029541016 -1.57109093666076660156 -0.36083954572677612305 0.49762716889381408691 0.83720701932907104492 0.71419417858123779297 0.95876634120941162109 -1.56266248226165749280 1.17466425895690917969 -0.38338243961334228516 1.69700634479522705078
1.71340823173522949219 1.43492889404296875000 2.40345716476440429688 1.28969430923461914062 -0.53345656394958496094 -1.51514828205108642578 0.39481911063194269351 0.97657030820846557617 0.58892673254013061523 -1.48541235923767089844 0.81992572546005249023 0.09776613116264340486 -1.61933243274688720703 -0.86613631248474121094 -1.54952859878540039062 0.40074977278709411621 1.40965640544891357422 -1.72079551219940207751 -0.01066507678478949978 0.53284525871276855469 -0.56345194578170776367 -0.05218394100666039898 1.30226361751556396484 -0.75210672616958618164 0.35245510935783380679 0.35208633542060852051 -0.72847270965576171875 -0.57333499193191528320 1.70921576023101806641 -0.59741491079330444336 0.89570409059524536133 0.90741068124771118164 -1.59290504455566406250 -0.56796383857727050781 1.42743897438049316406 -0.55484336614608764648 -0.69073170423507690430 0.78740012645721435547 1.34543871879577636719 -0.74685853719711303711 0.85139638185501098633 -0.91646784543991077765 -1.63995921611785888672 -0.05073474720120429993 -0.43330565094947809390 -0.21016141772270199861 1.26338207721710205078 -0.63645327091217041016 -1.28558254241943359375 -0.05977173894643780100 1.09770703315734863281
0.36781665682792658023 -0.28456291556358337402 -1.18309831619262695312 -1.54801523685455322266 -1.01967191696166992188 -1.03109395503997802734 1.32591903209686279297 0.05985480919480320322 -1.26327681541442871094 1.41439783573150634766 -0.01665771007537840062 0.75128114223480224609 1.25799131393432617188 -1.47339642047882080078 -1.13869595527648925781 0.86458420753479003906 -0.57239103317260742188 -0.80297189950942993164 -1.42193436622619628906 -0.82664960622787475586 0.24220311641693109683 -0.57577991485595703125 1.46424758434295632092 -1.38914752006530761719 -0.88172203302383422852 0.79724520444869995117 -1.31955420970916770251 -0.56578862667083740234 0.00851516518741840013 -1.53491044044494628906 1.41595113277435302734 -0.08534788340330119738 1.25613927841186523438 0.55569082498550415039 -1.55618810653686523438 -1.69011604785919189453 -0.42851206660270690918 1.10968816280364990234 0.83762514591217041016 -1.51261425018310569079 -0.28012970089912409000 1.39368689060211181641 -0.06896995007991789384 -0.76875460147857666016 -0.23672950267791739720 -0.33663779497146600894 1.72111582756042480469 1.47755110263824462891 -0.12964183092117309570 0.68224430084228515625 0.37653142213821411133
0.91352045536041259766 0.94751501083374023438 -0.71117526292800903320 -0.92099297046661376953 0.01569809950888149952 -0.87536394596099853516 -0.44225630164146417789 0.25667983293533319644 -0.80431753396987915039 -1.38877272605895996094 1.64964604377746582031 1.46817433834075927734 0.85300296545028686523 0.15263891220092770662 1.49327075481414794922 -0.58185660839080810547 -0.32404536008834838867 1.22802484035491943359 -0.16479295492172241211 -0.84575092792510986328 0.47473841905593872070 0.15280431509017938785 -0.08355267345905299792 -0.58798503875732421875 -0.75791895389556884766 -0.66370677947998046875 -0.10887449234724040636 -1.04885065555572509766 -0.56583261489868164062 0.85687947273254394531 -1.33835744857788085938 -0.58089554309844970703 -0.39823427796363830566 -0.65340042114257812500 0.43521198630332941226 0.08565182238817209415 -0.16091276705265039615 1.45482504367828369141 1.35768187046051047595 -0.55573672056198120117 0.74129039049148559570 -1.51359462738037109375 0.97518372535705555304 -1.28942692279815673828 -1.67283654212951660156 -0.89412516355514526367 0.50210601091384887695 -1.33045101165771484375 0.60086393356323242188 -1.17319095134735107422 -1.59347712993621848376
0.54519337415695190430 0.91310954093933105469 1.04969775676727294922 0.30330583453178400211 0.03696125373244280032 -0.33720162510871881656 -1.69930541515350341797 0.22553649544715881348 0.42616385221481317691 1.52613842487335205078 1.09301352500915527344 -1.08302867412567138672 1.02806591987609863281 0.48926147818565368652 -1.69484686851501464844 -0.77200752496719360352 -0.88441586494445800781 0.83576971292495727539 0.47036102414131159000 -0.21744562685489648990 -0.26722460985183710269 0.77024495601654052734 1.65673935413360595703 -0.76516109704971313477 -1.26593887805938720703 0.17396607995033261385 1.47516906261444091797 -1.23717474937438964844 -1.62993299961090087891 -0.88513469696044921875 1.07192814350128151624 -0.40957027673721307925 0.38366201519966119937 -0.66684293746948242188 0.77698493003845214844 1.18410873413085937500 0.34305635094642639160 1.63791680335998535156 -0.38574156165122980289 1.53616428375244140625 -0.93244320154190063477 1.22955977916717529297 -0.23890973627567291260 1.34540951251983642578 -1.48073625564575195312 -0.94677329063415516242 0.59591233730316162109 0.52386295795440673828 1.05846345424652099609 -0.43644225597381591797 -1.74567627906799316406
-1.42303180694580078125 -1.39521002769470192639 -0.84934830665588378906 0.16433367133140561189 0.33267116546630859375 -0.95112597942352294922 1.68661475181579589844 1.59817945957183837891 -1.07717657089233398438 -0.07736692577600469412 -1.71397137641906738281 -1.30724024772644042969 1.25672805309295632092 0.07207316905260080508 -1.45955324172973632812 1.11272919178009033203 -1.23223769664764404297 -0.49932038784027099609 -0.67316597700119018555 -0.59132790565490722656 -1.40878534317016601562 1.70671212673187255859 1.46491456031799316406 1.07667350769042968750 -0.31852144002914428711 0.50590515136718750000 -0.37208980321884149722 -1.70768380165100097656 -0.30730327963829040527 -0.09283744543790810322 -0.87173599004745483398 -1.09751522541046142578 -0.68953049182891845703 0.35519564151763910465 -0.92067259550094604492 0.45209866762161249332 -1.14968335628509521484 -1.12998938560485839844 -0.56642717123031616211 0.82110649347305297852 1.47169065475463889392 1.55318844318389892578 -1.29530704021453857422 -0.74489206075668334961 -1.11924159526824951172 -0.39143279194831848145 -0.37609601020812988281 0.31627374887466430664 0.30790501832962030582 1.16965234279632568359 0.38474625349044799805
0.43548890948295587711 0.89404475688934326172 1.07604718208313010486 0.69508326053619384766 1.70387887954711914062 -1.70287084579467751233 0.11886230111122129960 -1.66508471965789794922 1.58671951293945312500 0.74945360422134399414 -0.42413103580474847965 0.64404046535491943359 1.44301819801330566406 0.91425371170043956415 -1.33149290084838889392 0.06308871507644650545 -0.97749066352844238281 -1.27129995822906494141 0.44558167457580560855 -0.73045748472213745117 1.01711547374725341797 -1.69428884983062744141 1.34539902210235595703 -1.18880641460418701172 -1.47007155418395996094 -0.10109222680330269550 -0.76515507698059082031 -0.38647401332855219058 -1.27417576313018798828 -1.50719082355499289783 -1.34279906749725341797 -0.52282863855361938477 1.66096138954162597656 0.45961582660675048828 0.81059336662292480469 -1.50090110301971435547 -1.20307648181915283203 1.04001486301422119141 1.17576789855957031250 0.58278751373291015625 0.30943998694419860840 0.99098414182662963867 0.74795615673065185547 -0.72479915618896484375 1.16639220714569091797 1.30751931667327880859 -1.51513290405273437500 0.96768814325332641602 0.81259626150131225586 0.10088986158370970292 -1.20936179161071777344
1.04477679729461669922 0.56376391649246215820 -0.05183058977127070338 -0.57189047336578369141 -1.43128168582916259766 -0.68614959716796875000 -1.75331354141235351562 -1.66562736034393310547 1.00435745716094970703 -1.01617968082427978516 0.26552870869636530093 -1.05337584018707275391 1.46099686622619628906 1.20507454872131369861 -0.57056194543838500977 0.38504567742347717285 -1.04186654090881369861 0.35388031601905822754 1.26166868209838889392 0.95522326231002796515 -0.84070485830307006836 0.02062868513166899939 0.35567802190780639648 -1.00154197216033935547 -0.83674120903015136719 -1.24851250648498535156 -1.30930495262145996094 -0.09204311668872830476 -0.67346376180648803711 0.79599994421005249023 1.37941157817840576172 -0.81617981195449829102 -1.04034435749053955078 -1.09499692916870117188 0.67397201061248779297 0.35265621542930597476 -0.83557075262069702148 -0.40404209494590759277 -1.30745625495910644531 1.64229989051818847656 0.57477700710296630859 0.15148144960403439607 1.45824813842773437500 -1.31342911720275878906 -0.85698217153549194336 -1.62985444068908691406 0.57431131601333618164 1.03497302532196044922 1.61675667762756369861 1.08824968338012695312 -2.18716263771057173315
-1.06397843360900878906 -1.40388584136962890625 -1.28121781349182128906 -0.75947821140289306641 0.07441033422946929932 0.23736158013343811035 1.64438676834106445312 -1.28635156154632568359 1.16654348373413085938 0.95073431730270396844 0.53761404752731323242 0.37435853481292719058 -1.36604976654052712171 -0.91186249256134044305 -1.00585269927978515625 1.44767904281616210938 -0.19532820582389828767 1.55121147632598876953 0.71572220325469970703 0.88005739450454711914 1.02307915687561035156 -0.72141867876052856445 -0.99791067838668823242 0.88617455959320068359 -1.06273198127746582031 -0.02254244498908510030 -0.92946988344192504883 0.19319355487823480777 1.41927707195281982422 -0.67799258232116699219 -0.05607020854949949784 0.15361759066581720523 -0.38625016808509821109 -1.72135484218597389905 1.08067965507507324219 -0.20434561371803280916 -1.72928118705749511719 -0.03231188654899590229 -1.57942438125610351562 -1.62996447086334250720 -0.28107905387878417969 0.11956960707902899999 0.53832465410232543945 1.04180097579956032483 0.57258248329162597656 0.19909940659999839085 -1.56484019756317138672 -0.51727300882339477539 1.51842606067657470703 1.60988295078277610095 0.44998529553413391113
0.90132129192352294922 0.95853883028030395508 1.18523824214935302734 0.92843073606491077765 0.82753545045852661133 -0.65202480554580688477 -0.85429257154464721680 -0.05514451861381530068 1.25259685516357421875 0.50503605604171752930 -0.29130563139915460757 1.52173244953155517578 1.70260083675384521484 0.69073504209518432617 0.84682691097259521484 0.38419362902641290836 -1.58500266075134277344 1.55529117584228515625 1.63387238979339599609 1.40433287620544433594 0.18049573898315429688 0.08114531636238089818 -0.84979015588760375977 -0.72783094644546508789 -0.66511875391006469727 -0.58288460969924926758 0.94859546422958362921 -1.65282404422760009766 -1.33467507362365722656 -0.04393332824110979945 0.85708898305892944336 -1.60464167594909690173 -0.33337923884391779117 1.60968124866485595703 -1.38791835308074951172 1.43698811531066894531 -1.51700007915496848376 1.12285745143890380859 -1.12332320213317871094 1.05424201488494873047 -0.65631002187728881836 -0.17172926664352408666 -0.99717122316360484735 -0.60477298498153686523 1.11753988265991210938 -0.19205687940120688695 -0.72762304544448852539 -1.08284318447113037109 -0.74026668071746826172 1.67750036716461181641 -1.36946785449981689453
-0.21852788329124450684 -0.57768732309341430664 0.70796656608581542969 1.66152536869049072266 1.40915048122406005859 -0.27146387100219721011 0.85055017471313476562 0.31955063343048090152 -1.65612423419952392578 0.56383258104324340820 -0.93191850185394276007 -1.22946727275848410876 -1.14258170127868630139 0.14040857553482050113 0.71887171268463134766 -0.83653670549392700195 0.41416415572166437320 -0.04643672332167619876 1.65127253532409690173 1.49659562110900878906 0.85209238529205322266 0.40220916271209711246 0.38223081827163690738 0.01286169979721299948 -1.05776739120483398438 -1.64400708675384521484 -1.56897866725921630859 -0.54156750440597534180 1.53289568424224831311 0.54267138242721557617 0.20171339809894558992 0.10184457153081889758 0.91944813728332519531 1.36086702346801757812 1.28346419334411621094 -0.39343613386154169254 -0.97718518972396839484 -0.58282047510147094727 -1.32567000389099121094 1.45224738121032714844 -1.14627087116241455078 -0.31926035881042480469 0.10048893094062799625 1.23868525028228759766 -1.07362520694732688220 0.72560179233551025391 -0.67624396085739135742 1.42421424388885498047 1.62241268157958984375 -0.81162023544311523438 1.56835103034973144531
-1.78318130970001220703 -1.12590515613555908203 -1.57574272155761718750 -1.17832183837890625000 -1.13454198837280273438 -0.83992809057235717773 -0.52842128276824951172 -0.15145331621170041170 -1.28786695003509521484 1.36782956123352050781 -1.29232692718505859375 1.25900459289550781250 -0.23083202540874481201 0.82447540760040283203 0.98817300796508800165 -1.02037966251373291016 0.26464551687240600586 -1.64957189559936523438 0.86232757568359375000 -1.68185818195343017578 -0.50286066532135009766 0.94868230819702159540 -0.70191419124603271484 -0.30328565835952758789 -1.02835440635681152344 0.41818648576736450195 0.05661459639668459803 1.34709501266479492188 1.43488073348999023438 -1.68817365169525168689 1.27922964096069335938 0.37925252318382257632 0.12323026359081259984 0.87585163116455078125 -1.40174996852874755859 0.57325589656829833984 0.51459038257598876953 1.29718101024627685547 0.41713953018188471011 -1.38029754161834716797 0.16148750483989710025 0.91257125139236439093 0.55362951755523681641 1.61437225341796875000 -0.98910295963287364618 1.17629253864288330078 0.10998491197824469823 0.78040325641632080078 0.88315212726593017578 -0.64320671558380126953 0.50730705261230468750
-1.72225725650787353516 -1.66895008087158203125 -0.76026850938796997070 -0.19847185909748069066 -1.51503539085388183594 -0.27417483925819391422 -1.17747485637664794922 1.32841825485229492188 -1.13780939579010009766 1.48784995079040527344 1.16486275196075439453 0.86458075046539306641 -1.18493640422821044922 0.75235307216644287109 1.30697143077850341797 -0.64337658882141113281 -1.13031554222106911389 -1.63728344440460205078 0.77273011207580566406 0.08895475417375560412 -0.10407368838787070531 0.83524376153945922852 0.70818209648132324219 1.64240884780883789062 0.63757640123367309570 -0.51489597558975219727 -0.08825479447841640124 -1.65390515327453591077 -0.87373882532119750977 -1.37870705127716064453 1.07731163501739501953 0.85281997919082641602 1.64630031585693359375 -0.87198787927627563477 0.19369550049304959383 1.48667335510253906250 -0.49475026130676269531 0.34538224339485168457 -0.88470679521560668945 -1.23664796352386474609 0.24697396159172049779 1.30404543876647949219 -1.16956865787506103516 0.53598511219024658203 -0.33610588312149047852 0.65495735406875610352 1.65685284137725830078 0.43541106581687927246 -0.53356105089187622070 -0.43002203106880187988 -0.64808899164199829102
0.23116895556449890137 0.38109973073005670718 0.33077746629714960269 1.39874279499053955078 1.38870465755462646484 -1.20537018775939941406 1.22215652465820312500 -0.49228242039680480957 -1.36685502529144287109 -0.84184831380844116211 0.42852354049682611636 -0.95245438814163196906 -1.66727066040039062500 0.73642390966415405273 -0.83727097511291503906 -0.88681185245513916016 0.39911857247352600098 -0.19172297418117520418 -0.85304147005081176758 -0.76074564456939697266 0.90837585926055919305 1.53738784790039062500 0.88744151592254638672 0.72077631950378417969 -0.07623518258333200626 1.03195285797119140625 -0.49883058667182922363 1.11630856990814208984 -0.64861929416656494141 1.37400722503662109375 0.64569926261901855469 0.69776886701583862305 0.93563377857208240851 0.20030476152896881104 -0.15833635628223419189 -0.80821502208709716797 0.23840938508510589600 -0.23878552019596099854 -0.67819893360137939453 0.32750746607780450992 -0.28297236561775207520 0.30046376585960388184 -0.55086654424667358398 0.24841846525669089574 0.35234394669532770328 1.04344785213470458984 0.79593050479888916016 1.48251593112945556641 1.59548437595367431641 -0.30317905545234680176 0.13557852804660788792
-1.69155967235565207751 -1.50643455982208229749 -1.25615036487579367908 -0.49203425645828241519 0.62833088636398315430 -0.60961598157882690430 -0.70455157756805419922 -0.85180199146270751953 0.63844847679138183594 1.09377288818359375000 -0.86852163076400756836 -0.86801820993423461914 0.55880963802337646484 -0.04534317553043359927 0.87275362014770507812 -1.31375384330749511719 0.50217342376708984375 -1.65258610248565673828 1.52523910999298095703 -0.80371141433715820312 -0.03570783883333199932 -1.59214365482330322266 0.00160930852871380000 -0.23751232028007498998 -1.08104503154754638672 1.45041286945343017578 0.28455552458763122559 0.68268591165542602539 -0.04066361859440800058 -1.21084046363830566406 -0.86469388008117675781 0.39162325859069818668 -1.24261891841888449939 -1.04082334041595458984 1.25917804241180419922 1.40715634822845458984 0.36147585511207580566 -0.70965296030044555664 -0.14941921830177298802 1.66538333892822287829 0.87168878316879272461 1.60531711578369140625 1.65530252456665039062 1.00646305084228515625 -0.57854872941970825195 1.34161150455474831311 -1.63220691680908203125 1.44591915607452392578 1.23761403560638449939 0.36908638477325439453 0.04714974761009210064
0.89378863573074340820 0.17290447652339929752 -2.05116653442382812500 -1.42922782897949218750 -0.40986043214797968082 1.51834452152252197266 0.48956570029258728027 -1.38861894607543967517 1.12337756156921408923 -1.65245640277862571033 1.04597663879394509046 -1.51056861877441406250 0.79107928276062011719 0.80052143335342407227 0.45233669877052301578 -0.52889966964721679688 0.44997557997703552246 1.24448764324188232422 -1.44279754161834716797 0.54933214187622070312 -0.69203639030456542969 0.21086019277572629060 1.57315564155578591077 -0.11458717286586760087 1.41367685794830322266 -0.61651754379272460938 -0.36422190070152282715 -0.51300221681594848633 1.51117324829101562500 -1.03536844253540039062 -1.26151454448699951172 -0.24040724337100979890 0.75056934356689453125 -0.82434195280075073242 0.14379853010177609529 1.31495332717895507812 -0.35352322459220880679 0.18473373353481289949 0.89058649539947509766 0.67804062366485595703 -1.37706410884857177734 1.14270937442779541016 1.16075944900512695312 0.06261613965034479312 -0.58615070581436157227 0.13974173367023459691 -0.84740138053894042969 1.02025663852691650391 0.73041021823883056641 0.91038125753402721063 -0.45675727725028991699
-0.48013019561767578125 -0.33715698122978210449 -0.24505239725112909488 1.14344120025634765625 -0.32494390010833740234 1.55263602733612060547 0.62789845466613769531 0.24579839408397669009 1.53189754486083984375 0.24164937436580649632 0.15110120177268979158 0.43050560355186462402 1.12257754802703857422 -0.20609419047832489014 0.91157168149948120117 0.87266021966934204102 -0.54204720258712768555 0.01852511987090110085 1.35692679882049560547 1.63782560825347900391 -0.85773485898971557617 0.20506519079208371248 -1.41132843494415283203 -0.41711199283599847965 -1.28498494625091552734 0.90616124868392944336 0.45979681611061090640 -0.45930773019790649414 -1.55174934864044189453 0.43156492710113519840 0.72429364919662475586 -0.89380723237991333008 -1.33370935916900634766 -0.08017332851886739553 -1.50447654724121093750 -1.20128500461578369141 -0.95630306005477905273 0.23945930600166320801 0.86675894260406494141 0.13291899859905240144 0.35323199629783630371 -0.99983775615692138672 -1.04950714111328125000 -0.22157895565032958984 1.27672469615936279297 -0.59187132120132446289 -0.84736222028732299805 1.36498141288757324219 1.14891898632049560547 1.18340885639190673828 1.46002602577209472656
-0.53474819660186767578 -0.80194652080535888672 -0.96014553308486938477 -0.77242308855056762695 0.19681933522224420718 0.08964550495147699527 -1.39751875400543190686 0.95065867900848399774 -0.39193323254585260562 -0.59865313768386840820 1.20972609519958496094 -0.98349684476852416992 -1.52360749244689941406 0.47663211822509760074 0.72785991430282592773 -1.73050022125244140625 -0.70130211114883422852 -0.80917745828628540039 -0.06496063619852060489 -0.39862090349197387695 -1.46264195442199707031 -1.61764395236968994141 1.09309148788452170642 -0.80911767482757568359 -0.36268264055252069644 -0.16718932986259460449 0.05659274011850350117 0.53442662954330444336 -0.35600385069847101382 1.60851180553436279297 0.55078715085983276367 0.05129390954971310007 -1.04983484745025634766 -0.76372277736663818359 1.43975460529327392578 -0.12183608859777450562 -0.48178854584693908691 -1.18494880199432350842 -0.20888167619705200195 0.12149745225906370683 -1.43272936344146728516 -0.62853646278381347656 -1.16406214237213112561 -0.83480173349380493164 0.88580965995788574219 1.35217940807342529297 -0.86458218097686767578 -1.41188645362854003906 1.62492048740386962891 -0.81596326828002929688 0.90584981441497802734
-0.26200875639915460757 0.15456202626228329744 0.37085822224616998843 0.20031490921974179353 1.56180405616760231702 0.39506301283836359195 -1.33094286918640136719 1.54118895530700683594 -1.19054365158081032483 -1.55340635776519775391 -0.61002117395401000977 -1.23559939861297607422 -1.20412540435791015625 0.18009623885154721346 -0.18385764956474298648 -0.71360814571380615234 -1.03514969348907470703 -0.45008119940757751465 0.65275663137435913086 1.50497364997863769531 -1.47741937637329101562 -0.54118216037750244141 -1.18347954750061035156 1.55887174606323242188 -0.88752561807632446289 0.03970006853342050029 1.24837565422058105469 -0.29235848784446710757 -0.46884304285049438477 -0.13456715643405908756 0.25897926092147821597 0.64566016197204589844 0.00322757498361169988 -0.60810148715972900391 0.16680543124675750732 0.28470692038536071777 0.37028518319129938297 0.15080803632736200504 0.45617276430129999332 -0.77756607532501220703 1.08335375785827636719 -0.20402452349662780762 1.63835299015045166016 1.08450925350189208984 1.22659254074096679688 1.46247220039367675781 -1.19556438922882080078 0.67502462863922119141 -0.90270346403121959344 -0.98224502801895141602 0.69115829467773437500
-0.18822667002677909154 0.55735582113265991211 0.74630612134933471680 1.19525086879730224609 0.65458154678344726562 0.56489229202270507812 -0.85176724195480346680 1.25168764591217041016 -0.51401585340499877930 -1.65427625179290749280 -1.74717569351196289062 0.53023016452789306641 1.11900424957275390625 1.22908651828765869141 0.56082409620285034180 0.44618895649909967593 -1.25941264629363991467 0.07345635443925850605 -0.77917915582656860352 0.39729273319244379215 0.43318572640419000797 -1.26110577583313010486 1.44466161727905273438 -0.01200417801737779962 -0.58511316776275634766 0.94030523300170898438 0.66133534908294677734 -1.15674567222595192639 -1.67623090744018554688 1.45243072509765625000 0.82035404443740844727 -0.72815710306167602539 0.60923123359680175781 0.57777911424636840820 -0.25909903645515441895 -1.56183028221130371094 -0.02101986669003960001 -0.79163235425949096680 1.14010775089263916016 1.11953985691070556641 -1.45697164535522460938 0.57337880134582519531 -1.53014636039733886719 -1.21923458576202392578 -1.66937673091888449939 -0.18436573445796961002 -1.15008437633514404297 -1.23748600482940673828 -0.77440792322158813477 1.20349848270416259766 0.20547467470169059056
-0.34965080022811889648 -0.19871819019317618626 -0.50592643022537231445 -1.61077690124511718750 -0.27663853764533991031 -1.45801639556884765625 -1.07721126079559326172 -0.92233228683471679688 1.20766735076904296875 1.58198201656341552734 1.19884347915649391858 -1.04716277122497558594 0.79772919416427612305 0.55729007720947265625 0.58194452524185180664 0.81534165143966674805 0.84558540582656860352 -0.34327763319015497379 -1.17978894710540749280 1.11011624336242675781 0.63647693395614624023 1.24299442768096923828 0.26522931456565851382 -0.90343189239501964227 -1.53345489501953125000 1.08608925342559792249 -0.33138304948806762695 0.72796201705932617188 1.49843084812164306641 -1.47268652915954589844 1.36762070655822753906 -1.34138762950897216797 -0.30660083889961242676 -0.33976674079895019531 -0.05214026570320119680 1.23320043087005615234 1.46989560127258300781 0.84557533264160156250 -0.09949102997779840640 1.67280018329620361328 0.52373874187469482422 -0.73076122999191284180 0.77059876918792724609 0.86087781190872192383 1.30345094203948952405 0.48985993862152099609 0.02890126034617419848 -1.16268634796142578125 1.51082372665405273438 0.46511915326118469238 0.16615888476371759586
-0.67628729343414306641 -0.53075259923934936523 -1.25325834751129150391 -0.69948977231979370117 -0.34737008810043329410 -0.04414210841059679896 -0.18354447185993189029 0.62499022483825683594 0.81479042768478393555 0.61982828378677368164 1.13249754905700683594 -0.82550394535064697266 -1.56748330593109130859 -0.94754946231842041016 -1.26190352439880371094 0.83633083105087280273 -0.99336844682693481445 1.03893494606018088611 0.54341697692871093750 1.36283147335052490234 1.09384572505950927734 0.05733538419008250148 0.17419624328613281250 -1.28711831569671630859 0.13682255148887628726 -1.41458666324615478516 0.21786420047283169832 -0.15447790920734399966 0.48144361376762390137 -0.31341248750686639957 -1.67600882053375244141 -0.28518974781036371402 1.17643606662750244141 0.66319441795349121094 -0.71366328001022338867 0.25035849213600158691 -0.04251926764845839757 -1.51988410949707031250 0.72134327888488769531 -1.55759203433990478516 -1.37163364887237571033 0.00227976101450620000 1.54250752925872802734 1.14308965206146240234 0.35167139768600458316 0.53026849031448364258 1.50472927093505859375 -0.28012537956237787418 0.60399699211120605469 0.69966810941696166992 1.02694964408874511719
0.76407116651535034180 1.33149695396423339844 0.16346569359302520752 -1.03149425983428955078 0.63798898458480834961 -0.67840909957885742188 0.91658580303192138672 -0.00159930728841570008 -0.83010149002075195312 0.52238810062408447266 -1.25143003463745117188 -0.78258299827575683594 1.11545276641845703125 1.37483465671539306641 -0.46817225217819208316 1.70974886417388916016 -0.19676837325096130371 -1.69805777072906494141 1.11469316482543967517 -0.46137908101081848145 -1.09989118576049804688 0.57030683755874633789 -1.67854809761047363281 0.87826126813888549805 0.48205465078353881836 -0.99004733562469482422 1.37873780727386474609 -0.06370533257722850451 0.66515290737152099609 0.20469506084918970279 -1.13065040111541770251 0.32163503766059869937 -0.39103397727012628726 -1.70658719539642311780 1.60946452617645263672 0.89868056774139404297 0.50277978181838989258 1.43531632423400878906 -0.94558811187744140625 -0.64423149824142456055 -0.33047705888748168945 -1.05925285816192649158 1.41800546646118164062 0.06518739461898799548 1.42315149307250976562 -0.65971654653549194336 0.99577087163925159796 0.17457486689090728760 -0.45163270831108087711 1.04611134529113769531 -1.67869079113006591797
-0.79320758581161499023 -0.08626137673854819554 0.41174891591072082520 0.74729025363922119141 -0.55806303024291992188 -0.01394062396138900060 -1.38072037696838378906 -0.79113286733627319336 -1.33728468418121337891 -1.67222750186920166016 -1.45407724380493164062 1.34910643100738525391 -1.40733444690704367908 0.78516143560409545898 0.26561766862869262695 -0.45949128270149230957 1.70886373519897460938 1.61525416374206542969 1.34021627902984619141 1.44329071044921875000 -1.48438811302185058594 1.48656332492828369141 0.39507502317428588867 -0.94612389802932739258 0.20548313856124869603 -1.11867654323577880859 0.25351873040199279785 0.05011930689215660095 -0.06754775345325469971 1.00328707695007324219 -0.73551511764526367188 0.90470957756042480469 0.98949408531188964844 0.23098537325859069824 -0.41205549240112299136 0.59487742185592651367 -0.34054931998252868652 -0.98237669467926036493 1.65557205677032470703 -0.76308876276016235352 -0.23048737645149230957 0.17651161551475519351 -1.23463463783264160156 0.97905606031417835577 -1.64175415039062500000 1.34877574443817138672 1.39465522766113281250 1.12489748001098632812 1.29459106922149658203 0.80110782384872436523 0.97357606887817382812
0.07741227000951760029 0.24259759485721579808 1.13158595561981201172 1.32068324089050292969 1.10261523723602294922 0.67347091436386108398 -1.49116313457488991467 -0.95164501667022705078 0.39585310220718378238 1.67034482955932617188 1.39502394199371337891 -1.17372202873229980469 -1.00593304634094238281 0.99548304080963123663 -0.68454599380493164062 -0.40603667497634887695 -1.61138403415679909436 -0.48638099431991571597 -1.01679790019988991467 -1.40986835956573486328 -0.65737080574035644531 0.93393081426620483398 -0.24541951715946189183 0.98384439945220958368 0.26533904671669000797 1.40504145622253417969 1.53386020660400390625 0.36004400253295898438 -0.85853558778762817383 -1.60646378993988037109 -1.61757874488830566406 0.24491189420223230533 0.06160360574722290039 1.24988365173339843750 -0.30094081163406372070 0.72318744659423828125 -1.71196496486663818359 1.18304979801177978516 -1.08130872249603271484 0.92809671163558959961 1.59440040588378906250 -1.12920331954956032483 0.63402450084686279297 -0.57325118780136108398 -1.45996451377868630139 -1.57006764411926269531 0.55882483720779418945 0.51723998785018920898 1.55763864517211914062 1.65522801876068115234 0.35605826973915100098
-0.87345016002655029297 -1.08560419082641601562 -1.26804554462432861328 -1.31250631809234619141 -0.01799578033387659939 -0.00676369015127419992 0.77589046955108642578 0.23865602910518640689 -0.60129767656326293945 -1.59334981441497802734 0.14289048314094540681 -0.42477354407310480289 0.34298911690711969547 -1.32077145576477050781 1.41919946670532248767 0.59481406211853027344 -0.27685073018074030093 1.21669304370880126953 -0.75510776042938232422 -1.52723145484924316406 -0.72103798389434814453 0.98466604948043823242 -0.30623519420623779297 1.15243554115295410156 -1.21372461318969726562 1.05847108364105224609 -1.08140349388122558594 -0.60584300756454467773 -0.22013296186923980713 0.28441151976585388184 -1.37139356136322021484 1.46966612339019775391 0.29668432474136352539 -1.61008048057556152344 1.43997669219970703125 -0.74298083782196044922 -0.81176149845123291016 0.77613961696624755859 -0.50716972351074218750 0.55051785707473754883 -0.30557569861412048340 0.42731016874313348941 -0.86348485946655273438 -0.26608183979988098145 -1.10439097881317138672 -0.50485265254974365234 -0.12868943810462948885 1.54684638977050781250 1.61584246158599831311 0.80885040760040283203 0.37542331218719482422
-0.43456947803497308902 -0.52452212572097778320 0.45027804374694818668 1.34248805046081542969 -0.93214052915573120117 0.74592608213424682617 -0.32833939790725708008 -0.43792033195495599918 1.37098705768585205078 -0.13235883414745330811 -1.51608371734619140625 1.00526118278503417969 -0.97770446538925159796 0.04447900131344789676 1.35856175422668457031 -1.44246876239776589124 -0.46675521135330200195 -0.07285576313734050402 0.91956770420074462891 1.42910444736480712891 0.65470886230468750000 1.16441631317138671875 -0.98336648941040039062 1.62395191192626953125 -0.79621517658233642578 1.50492763519287109375 -0.16760471463203430176 -1.09432637691497802734 0.62882763147354125977 0.69940209388732910156 1.51604104042053222656 0.50522434711456298828 -0.95353096723556518555 1.16260981559753417969 -1.40280675888061523438 -0.30677744746208190918 -1.50226974487304687500 0.81688016653060913086 1.53032755851745605469 -1.00285434722900390625 -1.08572804927825927734 -0.81906837224960327148 -0.54238504171371459961 -1.62608313560485839844 -0.43253925442695617676 1.43408250808715820312 -1.67649185657501220703 -1.69718170166015625000 0.23623472452163690738 0.34499722719192499332 1.06530666351318359375
-0.31193679571151727847 -0.36215281486511230469 -0.70217627286911010742 -0.62888318300247192383 -0.08341971784830090608 -0.52830851078033447266 1.06174397468566894531 -1.19821834564208984375 -0.00884473603218790053 -1.63650369644165039062 1.27525877952575683594 0.27118343114852899722 1.28558409214019775391 -1.32401514053344726562 -0.27216374874114990234 -0.19189094007015219945 0.34922188520431518555 -1.49841654300689697266 1.34000337123870849609 1.28347396850585937500 -1.05451726913452170642 1.19725108146667480469 1.48950064182281494141 -0.74306207895278930664 -0.26061293482780450992 -1.26973164081573486328 1.57368183135986328125 -1.18456685543060302734 -0.14747776091098779849 0.90048617124557495117 0.39944484829902648926 0.60447341203689575195 0.13471518456935879793 -0.40341585874557489566 1.44627344608306884766 -1.47040808200836181641 0.13087287545204159822 0.09023018926382060656 0.70786201953887939453 -0.33849295973777770996 0.94421404600143443719 -0.37468343973159790039 1.33563077449798583984 -0.12460584193468089709 0.84914630651473999023 0.97172516584396362305 -1.04513347148895263672 -0.51638942956924438477 -1.14852964878082275391 0.27693599462509149722 0.99232518672943115234
0.44298583269119262695 0.13315619528293609619 0.81484061479568481445 0.99834740161895763055 0.08217748254537579622 0.57105553150177001953 -0.21011830866336819734 0.77084475755691528320 -0.86590510606765747070 0.04095114395022390191 0.83970588445663452148 -0.44766131043434137515 -0.09545789659023279361 0.28965827822685241699 1.56202697753906250000 -1.42205929756164550781 1.67508625984191894531 0.45692333579063409976 -1.20780110359191894531 0.83325064182281494141 -0.73162901401519775391 1.60314285755157470703 -1.65541338920593261719 0.01754454337060450120 -0.36853805184364318848 -1.44780290126800537109 1.31460201740264892578 -0.34547051787376398257 1.15028309822082519531 -1.48925888538360595703 1.38111841678619384766 0.81853204965591430664 0.34580570459365839175 -1.21249747276306152344 -0.21886131167411798648 -0.64261704683303833008 1.35355663299560569079 -0.82438880205154418945 -0.35108178853988647461 1.18972992897033691406 0.88646036386489868164 -1.61395645141601562500 0.98176312446594238281 1.01564884185791015625 0.60835540294647216797 0.03809720277786250026 1.31822872161865234375 0.51389318704605102539 1.50591409206390380859 0.14566898345947260074 -0.18147596716880790013
-0.86219596862792968750 -1.58910524845123291016 -0.69657540321350097656 0.39879295229911798648 1.66216003894805908203 0.61378568410873413086 -1.48023104667663552014 1.59856426715850830078 1.02115106582641601562 1.39029145240783691406 -1.01793432235717751233 -0.60290461778640747070 0.11250536143779750475 -0.61674731969833374023 0.92037016153335560187 -0.33418798446655267886 -0.37282857298851007632 1.23280262947082519531 -0.38488379120826721191 -1.10171115398406982422 -0.70523345470428466797 -0.74040096998214721680 -0.50173568725585937500 -1.09417045116424560547 -1.30385017395019509046 -0.21861597895622250642 1.37242591381072998047 0.33111378550529479980 -0.70804125070571899414 -0.24289010465145111084 -1.69353771209716796875 -1.22163414955139160156 -0.73009061813354492188 1.64551758766174316406 -1.48373389244079589844 1.17823147773742675781 -0.23710371553897849339 -1.67923796176910400391 1.72851037979125976562 0.72873491048812866211 -1.74535524845123291016 -1.07532954216003417969 -0.25774693489074701480 1.31748175621032714844 -0.05929343029856679742 -0.30162158608436578922 0.11123508960008619828 0.18359282612800589818 0.38936710357666010074 0.01121279969811429973 0.42545047402381891422
0.79244840145111083984 0.50019806623458862305 -0.82015603780746459961 -1.74217164516448952405 0.45423391461372369937 1.47179532051086447986 1.31112134456634521484 1.56830716133117675781 -0.61271929740905761719 -0.93984436988830555304 -0.41976064443588251285 -0.10067612677812569355 0.28102505207061767578 0.84044164419174194336 0.23481968045234680176 -0.57649260759353637695 0.36825960874557489566 0.94279956817626964227 -1.34994673728942871094 -1.62746202945709250720 0.81186401844024658203 0.38556504249572748355 0.42568022012710571289 -0.66070711612701416016 -0.23951633274555200748 -1.56813514232635498047 -0.87989139556884765625 -0.83630061149597167969 0.95218586921691894531 -0.07530320435762399844 1.05757415294647216797 0.26293155550956720523 -0.81575316190719604492 -1.71238946914672829358 0.37896946072578430176 -1.26499962806701660156 -0.98685097694396961554 0.39930978417396539859 0.10643512010574339433 -0.22509756684303280916 0.35758820176124572754 1.18446218967437744141 -0.79815608263015747070 -0.11808396875858299946 -1.02224266529083229749 1.23718869686126708984 1.33499681949615478516 0.86884343624114990234 -0.62365245819091796875 1.19098925590515136719 -1.81876635551452636719
0.63730430603027343750 0.23761874437332150545 1.65137815475463889392 1.18268895149230957031 0.96923184394836436883 1.64557385444641113281 -0.59273391962051391602 1.57008934020996093750 -1.23500871658325195312 -1.69018995761871337891 -0.60549730062484741211 -0.91373002529144276007 -1.71206367015838623047 0.04159153625369069879 -1.59038639068603515625 -1.39697194099426269531 1.71830594539642311780 -1.60747110843658447266 1.09446680545806884766 0.33017399907112121582 1.38960218429565429688 0.24431298673152920808 0.57138890027999877930 -1.47128260135650634766 0.57923310995101928711 -0.40346318483352661133 -0.80581361055374145508 -1.67925429344177246094 -0.50072389841079711914 0.15129329264163970947 -0.13867703080177298802 0.10845161974430080065 -0.16264462471008300781 -1.19640684127807617188 -1.09884655475616455078 0.91558307409286499023 1.38652324676513671875 -1.66524815559387207031 0.62292575836181640625 -0.04197382181882849950 -0.76388335227966308594 -0.29949980974197387695 -0.23906895518302909154 -1.30102193355560302734 -0.84483927488327026367 -0.31665498018264770508 -0.78832590579986572266 -1.56993353366851806641 0.14060072600841519441 -1.12204980850219726562 -0.33989503979682922363
-0.59915322065353393555 -1.17882144451141357422 -0.83911019563674926758 1.19332540035247802734 1.28419935703277610095 0.68696433305740356445 -0.40763655304908752441 -1.28490138053894042969 0.65601521730422973633 -0.58830142021179199219 -1.40119826793670632092 0.49459287524223327637 -1.69092285633087158203 0.14109818637371060457 0.30311018228530878238 0.91903066635131835938 1.06928670406341552734 1.08673846721649169922 -1.44739723205566406250 0.57932281494140625000 1.28971695899963378906 -0.28264039754867548160 -0.29416516423225397281 -0.96499443054199218750 0.51340740919113159180 -1.01814985275268554688 -0.19375750422477719392 0.97136950492858875617 -0.13302594423294059056 0.16647110879421231355 -0.59995949268341064453 -0.55656903982162475586 0.46796977519989008121 0.34548142552375787906 -1.48010516166686989514 0.50278776884078979492 -1.19502747058868408203 -0.74379318952560424805 0.02596593275666229939 -0.10980124771594999833 -1.55839800834655761719 -0.04947988316416739724 -0.12560263276100158691 1.10282933712005615234 0.68617308139801025391 0.10881865024566650391 -0.69089728593826293945 0.32904320955276489258 -0.79139345884323120117 1.15856575965881369861 1.45689857006072998047
0.29401320219039911441 0.81142133474349975586 0.87077772617340087891 0.16267029941082000732 1.69730699062347389905 0.58333903551101684570 0.96707332134246837274 0.62382954359054565430 -1.48815405368804909436 -0.22091394662857050113 -0.17362126708030700684 1.40057158470153808594 0.84246128797531127930 0.96233808994293201788 -1.48157954216003417969 -1.00202715396881103516 -0.53081881999969482422 -0.14788356423377990723 0.46839469671249389648 0.45224538445472717285 1.23830270767211914062 -0.72780126333236694336 -1.26336491107940673828 1.73932540416717529297 0.14054575562477109041 0.91256874799728404657 -0.57001996040344238281 0.34083709120750427246 -0.39410972595214838199 -1.15400624275207519531 -0.90521043539047241211 -0.01149362511932839996 -0.23074355721473691072 1.72064471244811989514 1.59966158866882324219 -1.35243344306945800781 -0.26807913184165949039 0.20353706181049341373 -0.75538474321365356445 -1.24724125862121582031 0.90429085493087757452 0.97565263509750355109 -1.40368378162384033203 1.06052517890930175781 0.10323981940746300434 1.27256083488464355469 0.99391651153564442023 1.61217093467712402344 -0.94304907321929920538 -0.95103645324707042352 -1.18550515174865722656
1.07674074172973632812 0.82818359136581420898 0.92919850349426280633 0.34959274530410761050 0.22125662863254538792 -0.32840734720230102539 0.54496347904205322266 -0.56745421886444091797 -0.77305948734283447266 0.39121916890144348145 1.57855987548828125000 -0.80641698837280273438 -1.05950069427490234375 -1.43424630165100097656 0.66930937767028808594 1.61783707141876220703 0.52249825000762939453 1.59824669361114501953 -1.74189138412475608142 0.64631032943725585938 -1.05560767650604248047 0.88179320096969604492 0.60421717166900634766 0.88900953531265258789 1.48500514030456542969 -0.22721743583679199219 1.06994020938873291016 0.47077405452728271484 -0.51597851514816284180 -1.60951554775238037109 -1.27817249298095703125 1.15675365924835205078 -0.71465963125228881836 -1.60759544372558593750 1.31294739246368408203 0.59370630979537963867 1.53137648105621337891 1.30073416233062744141 -0.47072145342826837711 -1.37536466121673583984 -1.37750196456909179688 -1.10224747657775878906 -0.02601559646427629990 -1.19697475433349609375 -0.00813971087336540049 -0.41174444556236261539 0.19263796508312219791 0.03932180255651469836 -1.07582151889801047595 -1.46008586883544921875 -1.54596006870269775391
-0.77143043279647827148 -1.50433969497680664062 -1.31437695026397705078 -1.58533990383148193359 -1.74548482894897460938 0.13375878334045410156 1.37376916408538818359 -0.09864503890275949649 -1.48375344276428222656 -1.04239666461944580078 0.98850506544113159180 -1.40997231006622314453 1.19827413558959960938 -0.78489696979522705078 1.32329857349395751953 -0.92353314161300659180 -0.75567358732223510742 -0.47855144739151000977 -0.55065417289733886719 0.98795300722122203485 -0.31962004303932189941 -1.47271907329559326172 0.56853711605072021484 -0.17845700681209558658 0.56031584739685058594 0.68761467933654785156 0.74813479185104370117 1.24247205257415749280 0.38074669241905212402 1.30559444427490234375 0.04211869835853569721 -1.42210710048675537109 0.89850240945816040039 1.71431672573089599609 1.09981453418731689453 -0.65075623989105224609 1.21443414688110351562 -1.29266929626464843750 -0.21392296254634848851 -1.43496704101562500000 0.33819749951362609863 0.91694581508636474609 0.80639141798019409180 0.19991071522235870361 -1.57016825675964355469 -1.11546540260314941406 1.15501356124877929688 1.56407225131988525391 0.65334171056747436523 0.38801673054695129395 -0.27440342307090759277
1.37667334079742431641 1.04242265224456809314 0.36452090740203857422 0.02395726554095739882 -1.16317141056060791016 -1.58623385429382324219 1.68835854530334472656 1.48022866249084472656 -1.64702439308166503906 -1.15024232864379882812 1.35417664051055908203 0.57123601436614990234 0.42787241935729980469 1.06915092468261718750 0.27550101280212402344 -0.08813016861677169800 1.25318086147308349609 -0.73210513591766357422 1.38663065433502197266 -0.87820625305175781250 -0.95180654525756835938 0.24356690049171439427 -1.16520106792449951172 1.39817655086517311780 0.51044285297393798828 -0.62424552440643310547 -0.29169940948486328125 1.39013576507568359375 0.01676208525896069959 -1.17781472206115722656 0.85060811042785644531 -0.58522558212280273438 0.61171293258666992188 1.74179017543792724609 1.64045214653015136719 -0.41116756200790399722 -0.23126080632209769505 0.86546170711517333984 -1.11168026924133300781 -0.01007540058344599983 0.90427762269973754883 0.09950321912765500154 -0.67146801948547363281 -0.91791683435440063477 0.41003939509391779117 -0.14312553405761718750 1.51350450515747070312 -1.04956829547882080078 0.19170196354389190674 0.72059953212738037109 -1.07215273380279541016
-0.48933988809585571289 -0.89915174245834350586 -0.45559176802635187320 0.38737323880195617676 1.36718249320983886719 0.09069111198186870226 -1.18548488616943359375 0.08003716915845869584 0.59286230802536010742 -0.25784289836883539371 -1.77103352546691894531 1.21000003814697287829 -0.87057358026504516602 0.42167219519615167789 0.84771287441253662109 0.46442130208015441895 -0.56059652566909790039 -1.47330844402313232422 0.86326950788497924805 0.28120023012161249332 1.22155094146728515625 0.05964432656764979968 0.46691837906837457828 0.47935757040977478027 -1.27884304523468017578 -1.61319911479949951172 -0.68205159902572631836 -1.69718849658966064453 -1.46499156951904296875 -0.36818194389343261719 0.79132068157196044922 0.25090020895004272461 1.00119471549987792969 -0.15511329472064969148 -0.93072861433029163702 0.35544154047965997867 -1.29393732547760009766 -1.63346767425537109375 -1.11256599426269509046 1.24711894989013671875 0.30660963058471679688 -0.88136339187622070312 0.52979177236557006836 1.24874234199523925781 0.06913696229457849673 -1.30189454555511474609 -0.41636407375335687808 0.16840669512748709935 1.43311953544616699219 1.25700521469116210938 1.14329075813293457031
-1.76667177677154541016 -1.43792295455932617188 -1.58067178726196289062 -1.68204295635223410876 -0.30833202600479120425 -1.42089164257049560547 1.04862356185913085938 0.88744962215423583984 0.99302899837493896484 -0.19641873240470880679 -0.32659405469894409180 -0.88065564632415771484 1.00375962257385231702 -1.25166058540344238281 -1.59324824810028076172 -0.61042058467864990234 -0.13498793542385101318 -1.63451027870178222656 -0.46358886361122131348 -0.09776064753532409668 -0.16087646782398221101 0.80047065019607543945 -1.49782001972198486328 -0.77733784914016723633 -1.46196472644805908203 0.84732240438461303711 0.64755243062973022461 1.58199715614318847656 1.01885581016540527344 -1.66211044788360595703 1.42165601253509521484 -1.02483129501342751233 -1.16486287117004394531 1.46564185619354248047 1.05964326858520507812 -0.88954138755798339844 1.08627843856811523438 -1.39036142826080322266 0.29020607471466058902 1.69311273097991943359 -1.71166312694549560547 -1.63367223739624023438 -0.48153215646743768863 -1.40059351921081542969 0.98810547590255737305 0.98091489076614379883 0.63344454765319824219 1.34041011333465576172 -0.81893259286880493164 -0.25072345137596130371 0.09075578302145000109
-0.85666412115097045898 -0.21475966274738308992 0.53822129964828491211 0.91301000118255615234 -0.56303924322128295898 -0.03784015029668799657 1.46161055564880371094 -1.47802507877349831311 -1.37054634094238281250 0.75338315963745117188 -0.48516142368316650391 0.62384229898452758789 -0.16666743159294120091 -1.16846346855163552014 0.43615895509719848633 -0.95770072937011718750 -1.03233957290649391858 -0.33188638091087341309 1.08320033550262428967 -0.68108499050140380859 0.42029786109924310855 -1.45978176593780517578 -1.34546637535095192639 -0.38129794597625732422 -1.59086966514587402344 0.10792180150747289480 1.50787508487701416016 -0.26545974612236017398 -1.41849923133850097656 0.16594181954860678929 0.38080537319183349609 1.78947019577026367188 0.69627714157104492188 -1.24704432487487792969 -0.84375321865081787109 -0.51644402742385864258 1.70557868480682350842 0.38806650042533868961 -0.56527292728424072266 -0.39604911208152770996 0.45565384626388549805 -1.00885915756225608142 -1.07335889339447021484 -0.74962735176086425781 1.46540379524230957031 -1.22061061859130859375 0.52515065670013427734 0.93224126100540161133 -0.51288074254989624023 0.94511401653289794922 0.86577713489532470703
0.47377982735633850098 0.65520316362380981445 -1.06885194778442382812 -0.89495009183883666992 1.13987350463867209704 0.67692673206329345703 1.61086690425872802734 -1.05372965335845969470 -1.20887804031372070312 0.21985597908496851138 -1.65099143981933593750 -1.05227386951446510999 0.28858092427253717593 1.52324974536895751953 -0.44806075096130371094 1.39341175556182861328 1.11136960983276367188 0.42018622159957880191 1.49959170818328857422 1.34511113166809082031 1.55482423305511474609 -1.65924620628356911389 0.03279008716344829905 1.72612535953521728516 -1.39064383506774902344 -1.55830001831054687500 0.04772228002548210141 -0.31029161810874938965 -0.38723501563072199039 -0.20688809454441070557 -1.70872437953948952405 0.69580596685409545898 -0.90403807163238525391 -1.69668543338775634766 -1.63245034217834472656 -1.34538674354553222656 0.26956725120544428043 1.21385455131530761719 -1.24682557582855224609 -1.57353651523590087891 -0.37757241725921630859 -0.70561414957046508789 0.97532504796981800421 0.76461267471313476562 1.13228070735931396484 0.86292201280593872070 0.99145585298538196906 -1.66914594173431396484 -1.64730763435363769531 0.66925698518753051758 -0.98345899581909179688
0.04730243235826490228 0.55323934555053710938 -0.62967711687088012695 -0.61279439926147460938 1.15182209014892578125 -1.60639345645904541016 -0.78278499841690063477 -1.22891497611999511719 0.95247256755828857422 -1.71606457233428955078 -1.38885211944580078125 -0.13992749154567710179 0.76402235031127929688 0.45343273878097528629 1.20380234718322753906 1.31251847743988037109 -0.33135244250297540836 -1.10845911502838112561 -0.86649513244628906250 -0.94368189573287963867 1.40109205245971679688 -1.15531408786773681641 -1.18932342529296875000 -1.29653573036193847656 -1.44027471542358398438 -0.11590127646923059634 -0.25587749481201171875 0.35881698131561279297 -0.05341416597366330232 1.69199013710021950452 -0.32620993256568908691 -1.00031316280364990234 0.06464821845293039493 -1.47968828678131103516 -1.08076906204223632812 0.31860530376434320621 -1.54346001148223876953 0.98467028141021717413 -1.23453557491302490234 -0.28758713603019708804 -0.12543864548206329346 1.75791263580322287829 0.51075035333633422852 -1.14330565929412841797 -0.32035523653030389957 1.39800775051116943359 -0.44955518841743469238 -1.48621118068695090564 0.85211992263793945312 -0.44766506552696228027 -0.29019039869308471680
0.50529599189758300781 0.91465294361114501953 0.35019040107727050781 -0.25609302520751947574 -0.64693325757980346680 0.89013248682022094727 0.45923757553100580386 -1.55976164340972900391 -1.53599369525909423828 -0.59796899557113647461 0.95316755771636962891 -1.40531075000762939453 0.08520668745040889391 0.03061158582568159967 0.77285671234130859375 -1.62713754177093505859 -1.21973705291748046875 0.53729808330535888672 -0.39155724644660949707 -0.10735905170440669665 -1.02962923049926757812 -0.05566527694463729858 -0.22224989533424369115 0.18753041326999658756 -0.76867556571960449219 0.27363687753677368164 0.45032167434692377261 0.10382398962974540013 -1.20940852165222167969 -1.07674801349639892578 -0.70021843910217285156 -0.23629702627658841219 0.75676673650741577148 -0.74396920204162597656 -1.03114330768585205078 -0.75966948270797729492 -0.02123972959816449943 0.04252877458930010013 1.58100295066833496094 -1.64164781570434570312 -0.41572260856628417969 -1.18896019458770751953 1.58369159698486328125 -1.23714745044708229749 -0.00183782551903270003 1.62763249874114990234 -0.53918921947479248047 -0.96924078464508056641 1.04497575759887695312 -0.22454093396663660220 -2.27678442001342817846
-0.75648421049118041992 -0.78037792444229125977 -1.14950144290924072266 0.63322257995605468750 -0.66504257917404174805 -1.07478165626525878906 0.92526876926422119141 1.46734857559204101562 -0.22101500630378720369 0.65491485595703125000 1.67380428314208984375 0.81350970268249511719 0.14157891273498529605 0.92259085178375244141 -1.53467762470245361328 -1.29423284530639648438 0.34317791461944580078 -1.63863253593444824219 -1.74827551841735839844 0.53136396408081054688 0.23903213441371909398 -1.07408177852630615234 0.28486943244934082031 0.22034704685211178865 1.68974244594573952405 -0.02490842901170249937 0.06514924019575110692 -0.22003555297851559724 0.82332134246826171875 -0.63042426109313964844 -1.04286468029022216797 1.66658759117126464844 -1.34134507179260231702 0.73320055007934570312 -1.16569888591766357422 -0.25169366598129272461 0.83114057779312133789 -0.62706118822097778320 1.25560688972473144531 -0.34857076406478881836 0.10443782806396480212 1.38678467273712158203 1.14282596111297607422 0.56652927398681640625 0.16942076385021209717 1.44370198249816894531 -1.60323393344879150391 1.60329115390777610095 0.91587126255035400391 -0.39140665531158447266 0.95149886608123779297
0.31154450774192810059 0.59042757749557495117 -0.82025718688964843750 -1.64188063144683837891 1.61923539638519287109 -0.51023715734481811523 0.17995041608810419254 -0.61772513389587402344 0.31352353096008300781 -0.20360916852951049805 -1.54426300525665283203 0.03994326293468469791 1.47899854183197021484 1.33939743041992209704 1.30883407592773437500 0.95275789499282836914 -0.71766418218612670898 1.08325219154357910156 0.75767892599105834961 0.88556140661239624023 0.63254922628402709961 0.28986701369285577945 -0.50963473320007324219 -0.08881261199712750520 -0.76262938976287841797 1.44484269618988037109 -1.56056451797485351562 1.12887108325958229749 0.66384363174438476562 1.02296936511993408203 0.29481419920921320132 -1.66393673419952392578 -1.38030803203582763672 -1.17401540279388449939 -0.47329911589622497559 0.48094058036804199219 1.25752532482147216797 -1.18673574924468994141 -1.63139033317565917969 -0.80981838703155517578 -0.40857017040252679996 -1.15405845642089843750 -0.81930309534072875977 0.15191760659217828922 -0.08721397817134850239 0.99988943338394165039 -1.38959145545959472656 1.12944877147674560547 -0.63148325681686401367 -1.70063412189483642578 -1.13613665103912353516
0.33882409334182739258 1.08810210227966308594 1.80876696109771728516 1.36054098606109619141 1.63520407676696777344 0.32626768946647638492 1.11221492290496848376 0.06778039783239360461 1.10326957702636718750 1.51223778724670410156 1.23456466197967529297 1.71132659912109375000 -0.79215842485427856445 0.70288348197937011719 1.27328038215637207031 -0.16847172379493710603 1.39560830593109130859 0.90791976451873779297 1.45516264438629150391 -0.15260663628578180484 -1.22324371337890625000 -1.05281686782836914062 0.21914654970169059056 1.72271084785461447986 0.18270440399646759033 -0.04562104865908619966 -1.41974985599517822266 1.45681953430175781250 0.07103819400072089452 -0.28873375058174127750 -0.19186271727085110750 -1.30111813545227050781 1.27803146839141845703 1.38000512123107910156 0.21755859255790710449 -0.79601752758026123047 -0.59282273054122924805 0.76039487123489379883 1.25721621513366699219 0.25865572690963739566 -1.08722472190856911389 1.29713904857635498047 0.70547264814376831055 -0.36728429794311517886 0.07525323331356040257 0.68031162023544311523 0.93820506334304798468 0.03917439281940460205 0.74577236175537109375 -0.02705243043601510133 -0.94929724931716918945
1.87102305889129638672 1.31848394870758056641 0.90991860628128040656 0.35527127981185907535 0.62393766641616821289 1.15988039970397949219 -0.84656822681427001953 -1.51556479930877685547 0.37941434979438781738 -0.33414822816848749332 0.02228269167244429846 0.14630907773971549291 -1.57036197185516357422 0.59898513555526733398 -0.96046596765518199579 -0.92940443754196155890 0.83203476667404174805 1.08892965316772460938 -0.46128910779952997379 -0.81344830989837646484 0.59620881080627441406 -0.81479841470718383789 -0.49119758605957031250 0.22889736294746398926 -0.76807808876037597656 -0.58529180288314819336 -1.51454687118530273438 0.14121232926845550537 -1.72306442260742209704 -1.35714411735534690173 1.57941865921020507812 -0.18252009153366088867 1.27491104602813720703 -1.61657965183258056641 -0.78168416023254394531 1.45461487770080566406 -0.79633623361587524414 0.72425788640975952148 1.71941959857940673828 1.09333813190460205078 1.15754926204681396484 -0.67137384414672851562 1.07192301750183105469 1.04779779911041259766 -0.68598163127899169922 -0.20185744762420648746 -0.02321023307740679997 -1.28397560119628906250 0.47595727443695068359 -0.72314381599426269531 1.05161249637603759766
-0.81475090980529785156 -1.68297672271728515625 -0.73225438594818115234 0.51270431280136108398 0.74944245815277099609 -0.15706315636634821109 -0.95954370498657237665 0.74634975194931030273 -0.36418381333351129703 -1.34158027172088623047 -1.50814247131347656250 0.14534625411033630371 -1.29759323596954367908 0.88141924142837524414 -0.24932706356048581209 -1.77043676376342751233 -0.07860211282968519730 0.97600048780441284180 1.34037411212921142578 1.10065364837646484375 1.42525374889373779297 0.63485527038574218750 -1.27000415325164794922 -0.18982471525669089574 0.00121555954683569994 -1.02613961696624755859 -0.18964298069477081299 -1.42561042308807350842 -0.62242734432220458984 1.53912198543548583984 1.30347180366516113281 -0.09611305594444269351 -0.55129104852676391602 -0.35756003856658929996 -1.45686566829681396484 0.20972904562950128726 0.88844054937362670898 -1.26572012901306152344 1.59326946735382080078 -1.67884075641632080078 0.53595554828643798828 -1.43840932846069335938 1.66929280757904030530 -0.86260825395584106445 -0.15634441375732419099 -0.31646046042442321777 0.52526861429214477539 0.50420898199081420898 -1.15382564067840576172 1.46961116790771484375 0.16005553305149070042
-1.11107325553894042969 -1.24091458320617675781 -0.63260507583618164062 -0.57403999567031860352 -0.07608200609683990479 -0.64234822988510131836 1.44474864006042480469 0.73295742273330688477 -0.02574275061488150163 0.10325971990823740176 -0.54678845405578613281 1.22250068187713623047 -0.60632842779159545898 -1.24446415901184082031 0.70556700229644775391 -1.66267454624176047595 -0.30622506141662597656 0.55928236246109008789 0.18439088761806479710 -1.37324583530426047595 0.27397811412811279297 -1.43801796436309792249 0.52103990316390991211 1.50087654590606689453 -1.36304104328155517578 1.58886885643005371094 0.83381086587905883789 1.45097768306732177734 -0.29792901873588562012 0.66867673397064208984 0.80060881376266479492 1.59364140033721923828 0.32739129662513727359 1.18878936767578125000 1.71431744098663330078 0.19339944422245020084 -1.25973904132843017578 -1.27838969230651855469 -1.08721244335174560547 -1.32315528392791770251 -1.13092529773712158203 1.29787814617156982422 -0.81384867429733276367 -0.61162936687469482422 -1.10032713413238525391 -1.23395025730133056641 0.21682620048522949219 1.23772513866424560547 -0.98739278316497802734 1.03391921520233154297 0.10015773028135299683
-1.23977315425872802734 -1.48271477222442649158 -0.57290107011795043945 1.42583286762237571033 -1.23061394691467285156 1.31808269023895263672 -1.76270997524261474609 1.64775454998016357422 1.03507316112518310547 -1.67226636409759521484 -0.25437080860137939453 1.27023363113403320312 -1.01800489425659179688 0.88043010234832763672 1.69599926471710205078 1.10606074333190917969 0.88237756490707397461 -1.73459124565124511719 -1.06510114669799804688 -0.50625252723693847656 0.99659121036529541016 -0.96020156145095836298 1.20946657657623291016 -0.73043608665466308594 -1.52557659149169921875 -1.26065587997436523438 -0.96668893098831176758 -0.32227221131324768066 -0.79061603546142578125 -0.96953427791595458984 -1.14213740825653076172 0.03405473753809919873 1.33197855949401855469 -1.12144744396209716797 0.80591779947280883789 1.63314974308013916016 0.50091344118118286133 1.61347794532775878906 0.32458093762397760562 0.07004572451114650378 0.23421220481395718660 -1.47308337688446044922 1.09819924831390380859 -0.22036984562873840332 -1.05958378314971923828 1.28891825675964355469 -1.20180940628051757812 -0.63344430923461914062 -1.33848667144775390625 -0.42582261562347412109 0.24865810573101040926
0.58470845222473144531 0.40071240067481989078 -0.46090215444564819336 -1.12635445594787597656 -1.19922113418579101562 -0.12227161228656760472 0.29538521170616149902 0.46446961164474487305 -0.20711922645568839330 -0.18530648946762079410 1.40468835830688476562 -1.19344580173492431641 0.01029536128044119918 -0.62212103605270385742 0.38139048218727111816 -1.57295453548431396484 -1.49554836750030517578 -0.66281992197036743164 1.10682272911071777344 -1.36235344409942649158 -0.51313388347625732422 1.08261883258819580078 -0.07299836724996559834 -0.17569544911384579744 0.25021210312843322754 -1.07031440734863281250 1.53872740268707275391 -1.38222813606262207031 -1.50307011604309082031 -0.42637124657630920410 0.10013716667890540379 -0.83261543512344360352 -0.21654435992240900211 -0.71047425270080566406 0.97225445508956920282 -0.27719098329544067383 -0.76889812946319580078 0.02055892534554000159 0.65194326639175415039 0.71439516544342041016 1.40441811084747314453 -0.36413961648941040039 1.16942024230957031250 -1.07635998725891113281 -0.98308837413787841797 1.35168123245239257812 1.43055331707000710217 1.27528274059295632092 0.92298078536987304688 -0.76706069707870483398 -1.53797924518585205078
-0.86060661077499389648 -1.09193730354309082031 -0.77227175235748291016 -1.01766920089721679688 -0.42831048369407648257 -0.43075749278068542480 -1.31031477451324462891 -0.79127734899520874023 0.08467864245176309757 1.04939651489257790296 -1.71652448177337646484 -0.07467191666364669800 0.12570355832576748933 0.25046557188034057617 -1.27435851097106911389 -1.40621745586395263672 -1.32635104656219482422 1.51926207542419433594 -1.13572597503662109375 -0.37952858209609979800 0.88257253170013427734 -0.45973578095436090640 1.59572255611419677734 -1.16057622432708740234 0.04659044742584220189 -1.04412615299224831311 -0.22349442541599270906 0.62753045558929443359 1.10739624500274658203 0.34948953986167907715 0.33708536624908447266 -1.56611216068267822266 -0.98042690753936756476 -0.46999937295913690738 -1.16162669658660888672 1.51378512382507324219 -1.13967096805572509766 1.07806074619293190686 -0.61158311367034912109 0.98679363727569580078 -1.05858492851257324219 1.53342318534851074219 0.74124991893768310547 -1.08021795749664306641 0.82352447509765625000 -0.70521134138107299805 0.10051754117012019762 1.22804713249206542969 -1.41056537628173850329 -0.26384675502777099609 -0.03287471830844870130
1.26643764972686767578 1.36370182037353515625 -0.28862017393112182617 -1.59637093544006369861 -0.77556383609771728516 0.73420536518096923828 1.62306165695190429688 -0.12854784727096549291 -1.57378756999969482422 0.84521120786666870117 0.89112758636474609375 0.17317542433738700169 0.17252902686595911197 -0.00563942641019820039 1.30538022518157958984 -1.69593226909637428967 -1.07192885875701904297 0.24770756065845489502 -0.48732453584671020508 1.10277044773101806641 -1.51245045661926269531 -1.34347355365753151624 0.01420853659510610059 -1.28394591808319091797 1.42276453971862792969 0.50027006864547729492 -0.14608387649059290103 -1.22265708446502685547 -0.38387304544448852539 -0.51230674982070922852 0.88525706529617309570 -0.09662877023220059480 0.83724647760391235352 0.50362181663513183594 -1.39270997047424316406 -1.75830793380737304688 -1.75748765468597389905 -0.88191205263137817383 -0.23929710686206809300 -1.46422040462493896484 0.85096591711044311523 1.50117552280426047595 -0.94439810514450084344 0.35588195919990539551 0.40156584978103637695 -0.21636472642421719637 -0.86849391460418701172 0.93031620979309082031 1.51894819736480712891 -0.01517274230718610069 -0.69988948106765747070
1.30736374855041503906 1.51770055294036887439 2.83558130264282226562 1.50746238231658935547 -0.39079645276069641113 0.50885903835296630859 -0.09991193562746039647 0.06540845334529869770 0.10009931772947310014 0.90435463190078735352 0.39474108815193170718 -0.07148578763008109349 0.94597429037094116211 0.33679056167602539062 0.99513715505599975586 -1.36207234859466552734 0.58151638507843017578 -0.49535474181175231934 0.32613208889961242676 0.89267718791961669922 0.58251500129699707031 0.29592522978782648257 1.25907349586486816406 -1.12693345546722389905 -0.82728475332260131836 -0.77095621824264526367 1.02595436573028564453 -0.68615347146987915039 -0.61224514245986938477 -0.73903197050094604492 -1.40077447891235351562 1.06271183490753151624 -1.00263655185699462891 1.12217307090759277344 -0.50553625822067260742 -1.34633290767669677734 -1.02973878383636474609 -1.69072496891021728516 0.78795683383941650391 0.41756400465965270996 -0.39847689867019647769 -0.60364484786987304688 0.62038850784301757812 -0.23352535068988800049 1.32474684715270996094 -0.92612922191619884149 1.28044688701629638672 -1.32263910770416259766 -0.76278859376907348633 -0.85868400335311889648 1.29308640956878662109
0.46789887547492980957 0.78796869516372680664 -0.85940384864807128906 -0.70164656639099121094 -0.71688807010650634766 -0.75523978471755981445 -1.72359406948089599609 -0.18598826229572290591 1.15003252029418967517 -1.22187292575836181641 -0.62733685970306396484 -0.41635623574256891422 1.27060627937316894531 1.24636745452880859375 0.69343870878219604492 0.06217980384826660156 0.51987177133560180664 1.37607121467590309827 0.56781047582626342773 0.45361912250518798828 -1.23598563671112060547 -1.46090614795684792249 0.20770247280597681216 -1.68156230449676513672 0.52146244049072265625 1.19273889064788818359 1.29448962211608886719 0.33666652441024780273 0.17052015662193290013 0.66398543119430541992 -0.69323045015335083008 -0.66235339641571044922 0.71044778823852539062 -1.25167310237884521484 1.24380946159362792969 -1.47205364704132080078 -1.23874175548553489001 -1.07817029953002929688 1.24705529212951660156 1.37214970588684082031 0.14588131010532379150 -0.02185642533004280089 1.02274668216705322266 1.12835192680358886719 0.46791735291481018066 -0.22783148288726801090 -0.06932599097490310669 -0.50362175703048706055 1.68419170379638671875 -0.77832865715026855469 -1.58403205871582031250
2.16093540191650390625 1.65951943397521950452 0.03056555241346349885 -0.62851774692535400391 1.70216035842895507812 0.50918257236480712891 -1.12087595462799072266 0.93082600831985484735 1.63922250270843505859 -0.44078662991523742676 1.43765354156494140625 -1.59096670150756835938 0.11777915060520169344 1.51376485824584960938 0.47700360417366027832 0.05293790251016609882 1.72437274456024169922 -1.55318796634674072266 -0.14597341418266290836 0.79493409395217895508 1.04344987869262695312 -1.55770099163055419922 0.07347191870212549381 -1.23199200630188010486 0.29971110820770258121 -0.51514363288879394531 1.60646021366119384766 -0.88133406639099121094 1.02205204963684082031 0.09542468190193169331 1.20850419998168967517 1.24998605251312255859 0.10629206150770180439 0.95260268449783325195 1.44928932189941406250 -0.18896293640136718750 -0.63728052377700805664 -0.70063763856887817383 -1.37959468364715576172 -0.66328930854797363281 0.98816204071044921875 -0.84692651033401489258 1.55384290218353271484 1.16149675846099831311 -0.83379071950912475586 1.17806911468505859375 -0.41321173310279840640 0.07986745238304129857 1.15748596191406250000 0.14766286313533780183 0.15681435167789459229
-1.85127425193786643298 -1.23431348800659179688 -0.58565574884414672852 0.83976334333419799805 1.70438814163208007812 -0.75057464838027954102 -0.20509624481201169099 -0.70690625905990600586 -1.10290741920471191406 1.08041024208068847656 -0.28383749723434448242 -0.60386443138122558594 1.26863455772399902344 1.34160900115966796875 0.54683023691177368164 0.43247178196907037906 1.64902853965759277344 -1.75869655609130859375 -1.04982805252075195312 -0.87578403949737548828 1.49522757530212402344 -0.00104474928230040005 1.13345122337341308594 0.61381214857101440430 -0.86046296358108520508 1.48552179336547829358 -0.11014177650213240189 -0.03299298137426370098 -1.10398125648498535156 1.34873068332672119141 1.13402605056762695312 -0.71207469701766967773 -1.61219084262847900391 1.14640724658966064453 -1.04914653301238991467 1.24593698978424072266 -0.42589524388313287906 -0.50111758708953857422 -0.12093895673751829667 1.12607848644256591797 1.28214085102081298828 -0.41873759031295770816 -1.37513816356658935547 -1.48593425750732421875 -1.12766623497009277344 0.49444633722305297852 1.59527647495269775391 1.66430163383483886719 0.45918861031532287598 -0.59317404031753540039 0.34994894266128540039
-0.35992538928985590152 -0.98092031478881835938 0.19937297701835629549 1.21029806137084960938 -0.51231825351715087891 -1.65651524066925048828 -0.92150002717971801758 -0.56372255086898803711 -0.31576979160308837891 -0.17813560366630548648 -1.34022104740142822266 1.21851134300231911389 1.26579165458679199219 1.09604859352111816406 -1.44823408126831032483 -1.66313433647155761719 -0.07643006742000579834 -1.51764810085296630859 -1.15358841419219970703 0.00014857285714240000 0.65038138628005981445 -0.87676829099655151367 0.23181726038455960359 1.18271672725677490234 1.59232735633850097656 -1.58880639076232910156 -0.01331163477152580085 -0.16876716911792749576 0.97301882505416881219 -1.23829758167266845703 1.65297007560729980469 0.75936216115951538086 1.01759934425354003906 1.34187555313110351562 0.53492391109466552734 -0.78182655572891235352 -0.73066937923431396484 0.67198950052261352539 -1.48725235462188720703 1.65490233898162841797 0.76396673917770385742 -0.96346086263656616211 -0.53135007619857788086 -1.44639492034912109375 0.06093528121709820139 0.56817686557769775391 1.75504732131958007812 0.65668934583663940430 -1.39630174636840820312 -0.84063512086868286133 0.62952232360839843750
0.94192093610763560907 1.42874360084533691406 1.26180672645568847656 -0.00387220736593000018 -0.00800803583115330085 0.21140553057193750552 -1.34682905673980712891 1.62956297397613525391 0.41756623983383178711 1.72080874443054199219 0.94904184341430664062 0.09358879178762430362 0.23173634707927701082 0.62243342399597167969 1.34554994106292724609 -1.18645203113555908203 1.52687084674835205078 0.02224118262529370046 -1.46542632579803489001 1.14904701709747314453 -1.59309780597686767578 -1.18047356605529807361 1.52670907974243164062 0.43702429533004760742 0.05884642153978340146 -0.62922924757003784180 1.23066544532775878906 0.28953766822814941406 -0.56743252277374267578 0.54941606521606445312 0.12335237860679619526 -0.76496154069900512695 0.55142223834991455078 0.27747127413749689273 -1.55062055587768554688 0.92745786905288696289 1.20052075386047363281 -0.64843189716339111328 -0.95963072776794444696 1.04544067382812500000 -1.45922291278839111328 0.56016749143600463867 0.02646316960453979836 1.50666260719299316406 0.01579605042934410092 0.73151832818984985352 -1.09589171409606911389 0.97606194019317638055 -1.57309365272521950452 1.11262154579162597656 -0.90221279859542835577
1.71074485778808593750 1.55866909027099609375 0.84262585639953613281 -0.52325963973999023438 -1.62153935432434082031 -0.77519124746322631836 1.57593393325805664062 -1.07569181919097900391 -1.50712585449218750000 0.75335878133773803711 -1.14861536026000976562 1.30643033981323242188 -1.10677528381347656250 -0.63940095901489257812 1.19045972824096679688 1.38541424274444580078 1.22780025005340576172 -0.46668201684951782227 -0.32959929108619689941 1.13559448719024658203 -0.24383482336997980289 -0.76569777727127075195 0.27735000848770141602 -1.27822136878967285156 -1.57528245449066162109 1.63583850860595703125 1.62750840187072753906 0.23332606256008139867 -1.02961754798889160156 -0.96055001020431518555 0.07786616683006279682 -0.92390233278274536133 -1.28464365005493164062 -0.48869836330413818359 0.47139841318130487613 -0.82493579387664794922 -0.01179014518857000003 -0.91739732027053844110 -0.87296044826507568359 -0.23727658390998840332 -0.83686417341232299805 1.64715492725372314453 -1.00470495223999023438 0.52467596530914306641 -1.03427517414093017578 -1.29239594936370849609 0.26711001992225641422 0.34542560577392578125 -1.01557171344757080078 0.03225270658731459877 0.13166132569313049316
0.70106428861618041992 1.06485080718994140625 -0.81384265422821044922 -1.40617120265960693359 0.33821949362754821777 1.16735994815826416016 -0.58154487609863281250 -1.32329690456390380859 1.61412024497985839844 0.39679315686225891113 -1.11419701576232910156 0.37293335795402521304 -0.98678088188171397821 1.48215973377227783203 -0.20320263504981989078 -0.98487538099288940430 -1.11654901504516601562 -0.46956178545951837711 -0.65213513374328613281 -1.51894998550415039062 -1.32734286785125710217 0.51378613710403442383 1.30610597133636474609 -0.45696601271629327945 -0.74886912107467651367 -1.32827544212341308594 0.29423350095748901367 1.54196965694427490234 -0.31346699595451349429 -0.78285729885101318359 -0.33852556347846979312 0.81036096811294555664 -0.07570793479681009464 0.50086879730224609375 1.23628795146942138672 -0.28274670243263239078 -0.77805185317993164062 -0.77807718515396118164 0.38216418027877807617 -0.00280810054391619985 -0.73443090915679931641 1.13873243331909179688 0.52904480695724487305 0.01444881409406660079 -1.57232487201690673828 1.30367851257324218750 0.75971561670303344727 0.70181649923324584961 -1.50401377677917480469 0.91988891363143920898 -2.11781167984008789062
0.49222174286842340640 0.07965191453695290302 -1.02434110641479492188 -1.73522734642028808594 0.39537838101387018375 -1.36567831039428710938 -0.31886926293373107910 -1.28711855411529541016 0.61296367645263671875 1.56789517402648925781 1.44602537155151367188 -0.98848319053649902344 1.39117121696472167969 -0.98933315277099598273 0.31529006361961359195 1.03012859821319580078 -0.24929644167423239964 -0.32087746262550348453 -0.01644238643348210072 1.25069606304168701172 0.27059012651443481445 -1.59660565853118896484 0.68469029664993286133 -0.73851829767227172852 -1.09637320041656494141 0.82255679368972778320 0.78276735544204711914 0.80859088897705078125 1.54788446426391601562 0.24198800325393671207 -1.56707596778869628906 1.50971698760986328125 0.69958901405334472656 1.29003345966339111328 0.03445768356323240106 0.49222135543823242188 1.55216157436370849609 0.79899382591247558594 1.06685829162597656250 -0.78348916769027709961 -1.02200829982757568359 -0.46567913889884948730 -0.86032444238662719727 -0.52109736204147338867 0.37199169397354120425 0.60356163978576660156 1.61276686191558837891 -0.17861895263195029515 1.61123120784759521484 -1.06781232357025168689 -0.37552314996719360352
0.81904709339141845703 -0.04955152422189709749 0.59365659952163696289 1.55268740653991699219 1.30436325073242209704 -0.47273549437522888184 -1.14848494529724121094 0.32003828883171081543 -0.03066083416342730086 -1.64727020263671875000 0.41716471314430231265 -1.67247140407562255859 0.38785332441329950504 1.41337716579437255859 0.67550951242446899414 0.93655425310134876593 -0.48850542306900018863 1.13182282447814941406 -1.75907635688781738281 -0.02990557067096229898 1.10547351837158203125 1.29809463024139404297 -1.52260756492614768298 0.82517987489700317383 -0.27153137326240539551 0.80367302894592285156 -1.41776609420776367188 -0.06636113673448559847 -0.44742354750633239746 0.07118877768516540527 -1.68142104148864768298 0.95334690809249877930 1.25769221782684326172 0.41029012203216552734 -1.06878924369811989514 -0.99857032299041759149 0.86507207155227661133 0.56232720613479614258 0.50770354270935058594 1.65470099449157714844 -0.57625287771224975586 -0.64953476190567016602 -0.25489464402198791504 0.07718249410390849718 1.48271942138671875000 0.18452043831348419189 -0.73381537199020385742 -1.46879768371582031250 -0.70758146047592163086 0.11524370312690729312 0.35944941639900207520
1.81203460693359352796 1.24946939945220969470 1.60451424121856689453 0.36423167586326599121 0.38435772061347961426 -1.61119771003723144531 -1.27692794799804687500 0.74791461229324340820 -1.29578578472137428967 0.57679677009582519531 0.30119267106056207828 -0.97045528888702403680 -0.18933093547821039371 0.89838731288909912109 1.00270807743072509766 0.81684917211532592773 0.81116175651550292969 0.05536578595638270289 1.16192305088043190686 0.22808098793029779605 -0.85955971479415893555 1.27433335781097389905 -0.01642187125980849871 0.41262575984001159668 -1.48846244812011718750 0.87419813871383666992 0.47460645437240600586 -0.93945920467376720087 -0.32147586345672607422 1.37108898162841796875 0.97894126176834117548 -0.11777275055646889423 -0.82068204879760742188 -0.97833967208862304688 -0.76879626512527465820 0.52418923377990722656 -1.61678862571716308594 -1.55066776275634765625 -0.48002099990844721011 1.65713942050933837891 -1.65874052047729492188 1.53661918640136718750 -0.66193830966949462891 -1.61292600631713889392 0.31392097473144531250 1.31037664413452170642 -0.94830566644668579102 0.28130483627319330386 -1.34028029441833496094 -1.73206877708435058594 0.94501525163650523798
1.31867969036102294922 1.21103215217590309827 0.48395213484764099121 -0.93970292806625355109 -0.64770513772964477539 -0.94369876384735118524 0.94426822662353515625 1.66610407829284690173 0.02675040997564789857 1.63953435420989990234 -0.66049671173095703125 -1.62789785861968994141 0.34172347187995910645 -1.37506568431854248047 1.21151006221771240234 0.38897675275802612305 0.37341856956481928043 1.52249634265899658203 -1.05006575584411621094 -1.00439882278442382812 0.98116552829742442743 -0.94502627849578857422 0.29155001044273370914 1.59037804603576660156 1.18534481525421142578 -0.50576764345169067383 -0.65625607967376708984 0.36998441815376281738 -1.36417269706726074219 0.13452260196208951082 0.85075366497039794922 1.32368206977844238281 0.44769102334976190738 0.99184304475784301758 0.96901941299438476562 -1.03319418430328369141 0.02192952297627919975 -0.21018686890602109041 -1.13798654079437255859 1.58541762828826904297 -0.97759932279586803094 1.00484418869018554688 -0.03309404477477070200 0.52571469545364379883 -1.49451434612274169922 -1.46090304851531982422 0.88855779170989990234 0.15168185532093039769 -1.21339035034179687500 -1.07038605213165283203 -0.96570789813995361328
0.02543848194181910077 -0.89832079410552978516 -0.25214722752571100406 0.13753974437713620271 0.78121960163116455078 0.34836283326148981265 1.24318730831146240234 0.61621302366256713867 0.56034636497497558594 -1.71523082256317138672 0.22197471559047698975 0.59275311231613159180 0.86247783899307250977 1.39558529853820800781 0.95322382450103759766 0.27732637524604797363 -0.80014574527740478516 -0.79081857204437255859 -0.91812282800674438477 -1.23802626132965087891 0.93884760141372680664 0.14920781552791589908 0.70065039396286010742 1.07261478900909423828 -0.42782732844352722168 1.31510365009307861328 1.57063984870910644531 0.25828823447227478027 1.31548237800598144531 -1.55714368820190429688 1.30257475376129150391 -1.73247623443603515625 -1.08053779602050781250 1.66503596305847167969 -1.47152781486511230469 -1.40907144546508789062 1.41944849491119384766 0.52373349666595458984 -0.40382385253906250000 1.28686678409576416016 -1.28796184062957763672 0.60535359382629394531 1.13488793373107910156 1.65455532073974609375 -1.09365785121917724609 -1.32918643951416015625 1.73250794410705566406 0.11764901876449579410 -1.62723577022552490234 -1.49971878528594970703 1.03331851959228515625
-1.08102548122406005859 -1.08339846134185791016 -0.55087655782699584961 0.74671578407287597656 -1.38512468338012695312 -0.80262011289596557617 -1.33476340770721435547 -1.64585161209106445312 -0.37889233231544489078 -0.19766956567764279451 -0.21222312748432159424 -0.32604888081550598145 -0.94175690412521362305 -0.93551671504974365234 -0.58477002382278442383 -1.43335855007171630859 -0.46844598650932312012 0.59141635894775390625 -0.76894974708557128906 0.61272674798965454102 1.46454131603240966797 0.25162473320960998535 1.29383611679077170642 0.99063152074813842773 0.88510429859161376953 -1.42374384403228759766 0.78128564357757568359 1.47851240634918190686 0.32974243164062500000 -1.46458220481872558594 0.81507748365402221680 -1.43763089179992675781 -1.43409514427185058594 1.11944055557250976562 1.30907344818115234375 -0.26111119985580438785 -1.34393680095672607422 -0.45863893628120422363 1.24449348449707031250 -0.85625332593917846680 1.14806509017944335938 0.33546644449234008789 -0.46321356296539301090 1.72678458690643310547 -0.83401447534561157227 0.89361381530761718750 -0.40896597504615778140 -1.18481552600860595703 1.27649128437042236328 1.00484049320220969470 0.49137440323829650879
-0.65948462486267089844 -0.76488792896270751953 -0.33908471465110778809 -0.02223894372582430057 0.56294012069702148438 -0.11526209115982050113 0.82453548908233642578 1.32050395011901855469 -0.90243297815322875977 1.32729387283325195312 1.65978538990020751953 -1.12843418121337890625 0.50636696815490722656 0.35480913519859308414 -1.68135595321655273438 -0.17950668931007379703 -1.72051525115966796875 -1.76073217391967751233 0.66356939077377319336 0.08853819221258160677 -1.36920654773712158203 -1.07472419738769509046 -0.36093965172767639160 1.02163124084472656250 0.79324561357498168945 1.24052238464355490954 1.02844309806823730469 -0.33971703052520751953 1.15555870532989501953 1.61298012733459472656 0.03996203839778900146 0.26218745112419128418 0.66844069957733154297 0.15081322193145749178 1.59701454639434792249 -1.59278452396392822266 -0.98890197277069080695 -0.15877705812454220857 -0.09447506070137019762 0.96824169158935557977 -1.49916613101959250720 0.19243456423282620515 -0.29401886463165277652 -0.68972581624984741211 1.41737592220306396484 -0.39005583524703979492 -0.86961555480957031250 -0.96286720037460316046 0.46517080068588251285 1.64502167701721191406 0.58061873912811279297
0.91586691141128540039 1.55283391475677490234 -0.18007968366146079320 -1.16360175609588623047 -1.50224494934082031250 1.22110760211944580078 0.43409746885299682617 0.88895297050476074219 0.21083092689514160156 -0.70404642820358276367 1.15659904479980490954 -0.26859471201896667480 -0.52590757608413696289 -0.03142182156443590335 0.91320437192916881219 1.33708941936492919922 0.29329815506935119629 -0.08399008214473720202 -0.72817283868789672852 -0.85915666818618774414 -1.65352344512939430921 -1.61790537834167480469 1.54500114917755126953 -1.24593031406402610095 -1.72559201717376708984 0.74236768484115600586 0.39415541291236877441 0.27474474906921381168 1.71948575973510742188 -0.73467284440994262695 -0.51977521181106567383 1.27929711341857910156 -0.61872404813766479492 1.46947932243347167969 -0.25081211328506469727 -0.64225172996520996094 -1.74221050739288330078 0.61469078063964843750 1.19160246849060058594 -0.33116307854652399234 0.64243096113204956055 1.07594072818756103516 -0.76949036121368408203 1.36897015571594238281 0.94655400514602661133 1.28588199615478515625 -1.38763844966888449939 -0.23621098697185510806 -0.25021025538444519043 -1.39595746994018554688 -1.38265204429626464844
-1.16910934448242209704 -0.97959840297698963507 -1.22636342048645019531 -1.38540494441986083984 -0.09746493399143210667 -1.34718441963195800781 0.45264902710914611816 -1.07522022724151589124 -1.67927753925323486328 1.24485707283020019531 -1.00673580169677712171 -0.36386898159980768375 -0.07807741314172740588 -0.81015807390213012695 -1.59998035430908203125 1.16610574722290039062 0.36433392763137817383 -0.58807069063186645508 0.09922391176223749332 0.11092904955148689961 -1.09860086441040039062 1.35074210166931152344 0.93179053068160999640 0.86915123462677001953 0.64967435598373413086 0.17627455294132229890 1.12012004852294921875 0.30913946032524108887 0.59220474958419799805 1.23971903324127197266 0.37999537587165832520 -0.74973273277282714844 0.78572356700897216797 -0.57616442441940307617 -0.55974715948104858398 0.61729794740676879883 0.15380877256393429842 1.27893495559692382812 1.26224684715270996094 0.16787065565586090088 1.31811249256134033203 -0.28533098101615900211 -0.94552493095397960321 0.14381094276905059814 0.22452312707901000977 -0.96171706914901722296 -0.06981702893972389912 -1.21444392204284690173 0.22234222292900079898 -0.97300118207931518555 0.20674322545528409090
-0.21272623538970938939 0.18568843603134149722 -0.12100131809711449360 -0.35905176401138300113 1.30505168437957763672 -1.26901352405548095703 -1.27191150188446044922 1.31246626377105712891 1.47319233417511008533 1.27252995967864990234 1.46572196483612060547 -0.14419253170490259341 0.12992614507675170898 0.69735282659530639648 0.14989489316940299291 0.64160180091857910156 -0.72466260194778442383 -0.88849216699600219727 0.69657450914382934570 -0.19964252412319180574 0.58204919099807739258 -0.38518783450126647949 -0.56487220525741577148 -1.65415394306182861328 0.52744537591934204102 0.26247364282608032227 -1.02242338657379150391 -0.99558150768280040399 -0.65515720844268798828 -0.74287104606628417969 -1.17210161685943603516 -1.08199214935302712171 -1.49076926708221435547 0.29376026988029479980 -1.03224456310272216797 -0.40424811840057367496 -1.53814446926116943359 -0.23785656690597528629 0.57085198163986206055 -0.66852480173110961914 -0.77143824100494384766 0.20552097260951990298 -0.05020780488848679973 -0.78366994857788085938 0.83497577905654907227 0.56131082773208618164 0.39175921678543090820 1.01280438899993896484 -0.08239222317934029316 0.47060421109199518375 0.69461107254028320312
-0.98689931631088256836 -0.50830984115600585938 -0.02667242661118500099 -0.95003461837768554688 1.53825759887695312500 -0.94865494966506958008 -1.40763795375823952405 -0.48860302567481989078 1.06396687030792236328 0.45730859041213989258 -1.45618915557861328125 1.14363598823547363281 -1.33179211616516113281 -0.46871718764305109195 0.13247409462928769197 0.52356350421905517578 -1.36407673358917236328 0.31710165739059448242 0.48170429468154907227 -0.93264234066009521484 -0.73862951993942260742 1.63379669189453125000 1.44551074504852294922 -0.68613684177398681641 1.38371634483337402344 -0.37519615888595581055 1.11297667026519775391 1.69594085216522216797 0.91803050041198719367 1.22714090347290039062 -0.20239314436912531070 -0.96618449687957763672 1.41743969917297363281 -0.92180615663528442383 1.31673336029052712171 1.11994624137878417969 -0.48755815625190729312 -0.25381603837013239078 -1.44948363304138183594 -0.71849715709686279297 0.57386356592178344727 -1.34611201286315917969 -0.47344514727592468262 -0.50944018363952636719 0.95466661453247081415 0.23271885514259330052 0.52188795804977416992 0.73110210895538330078 -0.09231398999691009521 1.01662695407867431641 0.78462195396423339844
1.40329563617706298828 1.33433127403259277344 2.43897271156311035156 1.58826565742492675781 -1.15475475788116455078 0.46761858463287347965 -0.76476860046386718750 0.09037823230028149690 -0.09346999973058700562 -1.22470974922180175781 -0.92257571220397960321 -1.51025128364563010486 -0.33004599809646600894 0.98351973295211803094 -1.13977754116058349609 -1.09549808502197287829 0.11949691176414489746 -1.10231423377990722656 1.38446569442749023438 0.42953363060951227359 0.37412646412849420718 -0.41764548420906061343 0.36775878071784967593 -0.20940755307674399632 -0.46378290653228759766 0.90562295913696277960 -0.55306988954544067383 1.28009188175201416016 0.68150866031646728516 -1.39212548732757568359 -1.52304983139038085938 -0.40949386358261108398 -0.21220822632312769107 1.01450312137603759766 1.58579897880554199219 -0.47885560989379877261 0.14815290272235870361 -1.63542175292968750000 -1.49337959289550781250 0.65015423297882080078 1.15738046169281005859 -0.59077602624893188477 -1.65440320968627929688 -1.65609455108642578125 -1.62474799156188964844 -1.32743752002716064453 1.07253944873809792249 -0.90621352195739757196 0.94646334648132324219 -0.93749380111694335938 0.54412871599197387695
-0.98307478427886962891 -1.37493753433227539062 -0.40948787331581110172 -0.21069000661373130101 -0.17543233931064600162 0.10115429013967509875 1.07454788684844970703 -1.34736764430999755859 0.15452344715595239810 -0.41615369915962219238 -0.97237432003021240234 0.32452568411827087402 -1.23134636878967285156 -0.07089128345251080598 -0.62131136655807495117 -1.01007246971130371094 -0.45255520939826959781 -0.86300009489059448242 -1.23377704620361328125 1.66616141796112060547 -1.60698711872100830078 1.27200615406036376953 -1.45842504501342751233 -0.03041009418666359987 -0.65394353866577148438 0.20267446339130398836 -0.89073705673217773438 -1.37126243114471435547 -1.45048034191131591797 -1.40368103981018088611 -0.27037733793258661441 -0.52101391553878784180 -1.33993875980377197266 1.48337113857269287109 1.31046175956726074219 -1.41759002208709716797 -1.35906767845153808594 0.40197879076004028320 -1.26566123962402343750 -1.04615437984466552734 -0.27369332313537597656 -0.50598096847534179688 0.15969468653202051334 -0.49113178253173828125 -0.93644517660141002313 0.12436690926551810521 1.28694236278533935547 -0.27580308914184570312 -1.41860008239746093750 1.40448486804962158203 0.11257050186395639590
0.06320054084062569355 0.18136928975582120027 -0.10558310896158210057 -0.35377585887908929996 -1.26501858234405517578 -1.08426761627197287829 -1.13578641414642311780 0.54114270210266113281 0.34447655081748962402 0.90615260601043701172 0.71108758449554443359 1.25331795215606689453 -0.38045856356620788574 -0.33024054765701288394 -0.52328550815582275391 0.14015485346317291260 0.40223151445388788394 0.11427278816699980302 1.68645608425140380859 -1.14199221134185791016 -1.61577498912811279297 -0.74875640869140625000 -0.95324695110321044922 1.07362318038940429688 0.41304430365562438965 -1.38719177246093750000 0.63789421319961547852 -1.48231256008148193359 0.54076004028320312500 1.70506405830383300781 -0.17624145746231079102 1.44178795814514160156 1.08657920360565207751 -0.82643473148345947266 0.52054065465927124023 1.16204524040222167969 0.11403255909681320190 -1.30910718441009521484 0.88465714454650878906 -1.72088682651519775391 1.49730956554412841797 1.27048194408416770251 -0.48246875405311578922 1.15253114700317382812 -0.05286443606019020081 0.30875128507614130191 1.56376767158508300781 -0.98358941078186035156 -0.40320792794227600098 0.81769466400146484375 -0.24172052741050720215
-1.36923146247863769531 -1.56493365764617919922 -0.49518415331840509586 -1.18536472320556640625 0.69369643926620483398 0.67646872997283935547 -1.20453274250030517578 -0.37426158785820007324 0.55427205562591552734 -1.06135690212249755859 -0.42215123772621149234 0.65358775854110717773 1.66359746456146240234 1.03307580947875976562 -1.25346040725708007812 -1.66117084026336669922 -0.13962949812412259187 1.50004684925079367908 0.44384106993675231934 -0.82983398437500000000 -0.51696276664733886719 0.19507437944412228670 0.21867324411869049072 -0.84125882387161254883 1.35239279270172119141 -1.24096250534057617188 0.88845044374465942383 -1.48703086376190207751 1.62443184852600097656 -0.94546288251876842157 0.55654621124267578125 -0.35129657387733459473 -1.65598940849304199219 -1.10291945934295632092 -0.85287219285964965820 -0.72092217206954956055 0.77714407444000244141 -1.29428839683532714844 -1.57246041297912597656 0.06938681006431579590 1.55935013294219970703 -1.34043502807617209704 -0.60812991857528686523 -0.12824693322181698885 -1.04316115379333496094 1.09428656101226806641 -1.17327058315277099609 0.87360209226608276367 1.35465395450592041016 -0.97694784402847278937 -0.48370212316513061523
1.24421525001525878906 1.34484899044036887439 -0.90226173400878917352 -1.36325407028198242188 1.35253465175628662109 -1.68178367614746093750 -0.15011036396026611328 -1.17559206485748291016 0.18423323333263388890 -1.08678603172302246094 -1.30491411685943603516 0.25756371021270751953 -0.53650933504104614258 -1.58727884292602539062 -1.68310391902923583984 1.16359865665435791016 -0.33173766732215881348 -0.16794672608375549316 -1.28835368156433105469 0.86668962240219116211 -0.03074081800878039963 0.50332391262054443359 1.54048621654510498047 0.90446609258651722296 -1.23061752319335937500 -0.96998387575149536133 -0.26625850796699518375 1.70926308631896950452 -0.57831937074661254883 1.23134684562683105469 -1.18898212909698486328 0.62727028131484985352 -0.84956765174865722656 -0.66607201099395751953 -1.12496364116668701172 -1.69053840637207031250 -1.57992970943450927734 0.62404811382293701172 -0.10867445915937419543 -0.73024636507034301758 0.95854097604751598016 0.48803097009658807925 0.85427039861679077148 -1.65928232669830322266 -0.33621001243591308594 -1.58582735061645507812 -0.85268598794937133789 -0.81374108791351318359 -0.05201629549264900204 0.84994733333587646484 -0.12599688768386840820
-0.79002696275711059570 -0.85801291465759277344 0.21230919659137720279 1.26058340072631835938 1.70818996429443359375 1.36672246456146240234 1.68867015838623046875 -0.97533810138702403680 0.26707145571708679199 -0.55071115493774414062 1.02897024154663085938 -1.40273773670196510999 1.47505187988281250000 -0.21050818264484399966 1.52745294570922829358 1.34455871582031250000 -1.06471228599548339844 0.01845952495932570020 -0.17805604636669158936 0.63082712888717651367 0.00879276543855660002 1.06307935714721679688 1.27115523815155029297 -0.59256279468536376953 0.30515259504318237305 0.56914138793945312500 0.75971484184265136719 -1.44982981681823730469 1.37009584903717041016 -1.23520910739898681641 -1.10691165924072287829 1.68541908264160156250 -1.19848191738128662109 -1.02406084537506103516 1.74263072013854980469 -1.15866935253143310547 -0.20817871391773221101 -0.98763626813888560907 0.95141643285751342773 -1.45792376995086669922 -0.48313871026039117984 1.77999138832092285156 1.65250694751739501953 -0.50805127620697021484 -0.49351552128791809082 -0.62256371974945068359 0.24465569853782651033 -0.04262588545680039837 -0.91923344135284423828 -1.13510024547576904297 1.21174931526184082031
-0.41809794306755060367 -0.58114939928054809570 -0.04942518472671499769 0.50078606605529785156 -1.01562154293060302734 0.10646151751279829545 1.38973307609558105469 -0.17771953344345089998 1.58939385414123535156 1.19892084598541259766 -1.18678247928619384766 -1.28922235965728759766 0.00791103485971680030 0.46449142694473261050 1.59046673774719238281 -1.26846098899841308594 0.74346154928207397461 0.29116505384445190430 1.24204599857330322266 -0.59224349260330200195 0.87270164489746093750 1.71652305126190207751 -0.66167187690734863281 1.60219562053680419922 -1.56378149986267089844 0.97491466999053955078 -1.08175754547119140625 -1.41085135936737060547 -0.61518508195877075195 0.27933654189109802246 -0.46244719624519348145 -1.64540159702301047595 -0.72245651483535766602 -0.89569962024688720703 0.77427679300308227539 -0.35678729414939880371 -0.67923319339752197266 0.50094199180603027344 -0.17923758924007410220 -0.36032122373580932617 -0.26669374108314508609 0.48381638526916498355 -1.30498504638671875000 0.33289048075675958804 -0.67038542032241821289 -0.85035938024520874023 -0.19315803050994870271 1.69855952262878417969 -0.97941690683364879266 -1.11077773571014404297 0.74834328889846801758
-0.25501805543899530582 -0.40843859314918518066 0.74353939294815063477 0.99986493587493896484 1.24492120742797829358 1.60864424705505371094 -1.66844725608825683594 0.83206325769424438477 1.07104027271270751953 0.19899125397205350008 -1.18948411941528320312 -0.79577356576919555664 -0.75733113288879394531 1.62501502037048339844 -1.58071362972259521484 1.40314984321594238281 -0.30947592854499811343 1.44643199443817138672 1.31788301467895507812 -1.33150041103363037109 -1.59099042415618896484 -1.51427364349365234375 -1.54452669620513916016 0.87219542264938354492 -0.62293255329132080078 0.32052424550056457520 -0.76626729965209960938 -0.96274805068969715460 -0.98831921815872203485 0.11500778794288629703 -1.64467859268188476562 1.23607897758483886719 -0.23993791639804840088 -0.22406749427318570222 0.49116986989974970035 0.89809387922286987305 -0.20494377613067618626 -1.52999997138977050781 0.34694257378578180484 -0.46802243590354919434 -0.22706210613250729646 -0.70119929313659667969 -1.61382126808166503906 0.12904414534568781070 0.63572347164154052734 -1.51061046123504638672 0.66594946384429931641 -0.15232257544994348697 0.82353681325912475586 -0.51943856477737426758 1.34526062011718750000
-1.22445189952850341797 -0.67813575267791748047 -1.54515087604522705078 -1.11888349056243896484 -0.21626397967338559236 0.41102305054664611816 1.36943829059600830078 -1.66098845005035400391 0.52044379711151123047 -1.04045557975769042969 0.73395252227783203125 1.36041927337646484375 1.04048299789428710938 1.38826918601989768298 -0.84119111299514770508 1.24659144878387428967 -0.93987852334976196289 0.93332362174987804071 1.16377592086791992188 0.69686514139175415039 0.16916494071483609285 -1.60929048061370849609 0.79592972993850708008 -0.22721379995346069336 -1.05317056179046630859 1.04874134063720703125 -0.22745043039321899414 -0.69047057628631591797 -0.31484064459800720215 1.32272231578826904297 -1.29051125049591064453 -0.06605955958366389880 -0.87330502271652221680 1.60606777667999289783 0.52699911594390869141 -0.31098064780235290527 -0.98702543973922718390 0.63505357503890991211 -1.65758764743804909436 0.77097421884536743164 0.16202032566070551090 -0.23076878488063809480 0.16259345412254330721 0.79943329095840454102 -0.74120742082595825195 0.03730173036456099767 0.99403935670852661133 -0.06004149094223969890 0.09526528418064110493 0.12332794815301889590 0.65963310003280639648
-0.22592659294605249576 0.05005915090441700327 1.11061763763427712171 1.68105053901672363281 0.46846163272857660465 0.44213455915451049805 0.87221693992614746094 -0.38656932115554809570 1.40290975570678710938 -0.98700588941574096680 -0.74392956495285034180 1.12103796005249023438 -1.06103420257568359375 -1.34077858924865722656 0.06420096755027769608 0.86841779947280883789 -0.90124893188476562500 0.30525645613670349121 0.26954138278961181641 -0.02632266283035269994 -0.63186281919479370117 -0.13183242082595819644 -1.18811750411987304688 1.13408637046813964844 -0.04334003105759619973 0.08051025122404090184 -1.18859016895294189453 1.30683112144470192639 1.74435842037200927734 -0.37342327833175659180 -1.47178375720977783203 -0.15178456902503958958 -0.06308557838201520052 0.57514762878417968750 -0.26502558588981628418 1.44087874889373779297 -0.71149766445159912109 0.20811502635478970613 1.71692979335784912109 0.52015554904937744141 0.61478221416473388672 1.42814993858337402344 1.62525701522827170642 1.53825938701629638672 -1.15337443351745605469 -1.14804828166961669922 -1.38453567028045632092 0.41892695426940917969 1.32334840297698952405 0.67215353250503540039 1.01870000362396240234
2.13224935531616210938 1.59471142292022705078 2.45064926147460937500 1.60327756404876708984 -0.17947492003440851382 1.21734845638275168689 -0.91831314563751220703 0.42647260427474970035 -0.60077238082885742188 0.87483936548233032227 1.29267072677612304688 -0.54641485214233398438 1.54437315464019775391 0.42387330532073969058 0.91488009691238403320 -0.80268222093582153320 0.54516118764877319336 1.43592631816863991467 -1.64336776733398437500 -0.56018167734146118164 -0.42776474356651300601 -1.34762835502624511719 1.62938582897186279297 -1.40257871150970458984 -0.26185032725334167480 0.13959056138992309570 1.27092075347900390625 0.14533126354217529297 0.56587821245193481445 -1.26578044891357421875 -0.10195203125476830219 -0.53325563669204711914 -1.41812992095947287829 -0.09931872040033340454 -0.97126060724258422852 1.46384394168853759766 -0.39286065101623529605 -0.87365549802780151367 1.08019387722015380859 0.00465200375765559976 -0.13355250656604761295 -1.39854562282562255859 0.42667424678802490234 0.74507933855056762695 0.69081598520278930664 -0.58732146024703979492 -1.24166655540466308594 0.29741930961608881168 0.11489654332399359959 -1.36963653564453125000 1.12189197540283203125
0.46184393763542169742 0.16013990342617029361 0.33954861760139459781 0.21599012613296508789 -0.70698177814483642578 -0.93486809730529796258 1.19883549213409423828 0.11859741061925879735 -0.55366873741149902344 -0.47274062037467950992 -0.29315549135208129883 -1.53932082653045632092 0.37708649039268488101 0.40825232863426208496 -1.69277632236480712891 -0.46356523036956781558 0.84628081321716308594 -0.73036837577819824219 1.33632254600524902344 -1.24812197685241699219 -0.74303489923477172852 -0.01713728345930570079 1.45733964443206809314 -1.29536962509155273438 -0.85448753833770751953 0.45029482245445251465 0.36953365802764892578 1.65323019027709960938 0.83124005794525146484 0.77649515867233276367 -0.00871448684483759964 -0.72457498311996459961 0.05500856041908259997 -0.30387470126152038574 0.80654937028884887695 1.39114665985107421875 1.68795800209045410156 -0.61984217166900634766 1.28449547290802001953 0.43176308274269098453 0.62217396497726440430 1.20883417129516601562 0.67915821075439453125 -0.98321241140365600586 0.55096489191055297852 1.12355268001556396484 0.18162335455417630281 0.84395670890808105469 0.59445983171463012695 -0.22428911924362179842 -0.81801152229309082031
1.26052105426788330078 1.48572695255279541016 2.82084274291992187500 1.42146599292755126953 -0.54069256782531738281 1.40141785144805908203 -0.17969073355197900943 0.99952143430709838867 0.44852262735366821289 0.54641711711883544922 -1.41733098030090309827 -0.66657531261444091797 -0.33740273118019098453 1.54626870155334472656 -1.72614490985870361328 -0.23560224473476409912 0.88810122013092041016 -0.15216146409511560611 -0.44749000668525690250 -1.61087155342102050781 -1.51826238632202170642 -0.39791485667228698730 -0.86528170108795166016 -1.03529930114746093750 0.77160382270812988281 1.59159922599792480469 1.04048407077789306641 0.59267067909240722656 0.92250990867614757196 0.23234267532825469971 1.51354098320007324219 0.39256733655929559879 0.34207457304000848941 1.49202072620391845703 -1.35492074489593505859 -0.73602849245071411133 -1.65548455715179443359 -0.38732674717903131656 -0.01180463563650840063 -0.90773451328277598993 1.24391424655914306641 -0.72979515790939331055 0.27536210417747497559 -0.80970382690429687500 -0.49978610873222351074 1.36158049106597900391 -0.00002682327067304868 0.58265799283981323242 1.21565365791320800781 1.04344713687896728516 0.82398122549057006836
-1.12079501152038552014 -0.13470110297203061189 -0.88774335384368896484 -1.64651703834533691406 -0.04904925823211669922 1.58405184745788552014 -1.30328786373138449939 0.91692119836807239874 1.71992254257202170642 -0.91523885726928722040 0.01959292776882640141 -0.06520526111125940494 1.57351064682006835938 0.01351037155836820082 0.60941118001937866211 -1.10960185527801513672 0.07484423369169229678 -1.19112575054168701172 0.00767484586685890022 -1.73408269882202170642 -0.71669405698776245117 -0.24647283554077140111 -0.66239249706268310547 0.98911130428314197882 -0.46227449178695678711 -0.37912374734878540039 1.60557615756988525391 -0.45991191267967218570 1.74066400527954101562 0.42311945557594299316 -1.67905509471893310547 1.20880901813507080078 0.97932714223861683234 -0.56907761096954345703 0.13826094567775720767 1.22037124633789062500 1.15561389923095703125 -0.72133225202560424805 -1.64243555068969726562 -0.23395840823650360107 0.73343271017074584961 0.19709572196006769351 0.26776388287544250488 -0.98811447620391834601 0.83152866363525390625 -0.79738724231719970703 -0.41015550494194030762 0.02329194732010360022 0.00854190904647109985 1.68827319145202636719 0.62299412488937377930
-0.26517355442047119141 -0.53418129682540893555 -0.53116363286972045898 1.22005987167358398438 -1.40796816349029541016 -0.45854908227920532227 -1.60897111892700195312 1.51439595222473144531 -1.58569025993347167969 -1.56253862380981445312 1.00463259220123291016 -1.17416810989379882812 1.18250524997711181641 -0.70910406112670898438 1.09925520420074462891 0.55322533845901489258 -1.16803205013275168689 1.54470109939575195312 -1.31189203262329101562 1.47659802436828591077 -0.72165417671203613281 -0.31061661243438720703 -1.20256805419921875000 -1.41530179977416992188 1.41298556327819824219 1.41353857517242431641 1.33226025104522705078 -0.36562412977218627930 0.40580487251281738281 1.46186780929565429688 0.02975962497293940107 -0.39735773205757141113 -0.17405803501605979222 0.58973044157028198242 -1.22838985919952392578 -1.00859403610229492188 0.20332601666450500488 0.57064479589462280273 -1.59904325008392311780 -0.86910682916641235352 0.73457986116409301758 -1.48224914073944091797 1.15379178524017311780 -0.60204547643661499023 -1.46188509464263916016 -0.73729431629180908203 -1.55244946479797363281 -0.88680630922317504883 0.35144352912902832031 1.57870209217071510999 1.35455644130706809314
-0.47774079442024230957 -0.01584720239043229881 0.44172841310501098633 0.62192070484161376953 0.17097505927085870914 0.55674785375595092773 0.41308811306953430176 0.42905038595199579410 0.26641216874122619629 1.30590581893920898438 -0.66431868076324462891 1.20563888549804687500 -0.49545827507972717285 -0.40240025520324701480 0.97127574682235717773 0.14666545391082760896 1.59078156948089599609 -1.08972275257110595703 0.64898443222045898438 0.90233373641967762335 -0.81219375133514404297 1.42324829101562500000 -1.23075175285339355469 -1.48225831985473632812 1.17081415653228759766 -0.93605548143386840820 1.54379415512084960938 1.07089734077453591077 0.71210867166519165039 -1.60944521427154541016 -0.73330396413803100586 0.73631888628005981445 1.40057218074798583984 1.48911118507385231702 -1.18956625461578369141 -0.16497638821601859349 1.29138445854186989514 1.22804176807403564453 1.45013236999511718750 -0.19687661528587341309 -1.54336786270141601562 -1.23184585571289062500 1.35176134109497070312 1.40943169593811035156 -1.49452507495880126953 -1.65817570686340309827 -0.05103863775730130281 1.33401489257812500000 0.69870102405548095703 1.66212797164916992188 0.90523248910903919562
0.64517378807067871094 1.40391373634338378906 -0.08358025550842279605 -0.88134008646011352539 -0.48824170231819147281 0.50829780101776123047 0.35617107152938842773 -1.64745223522186279297 -1.06183254718780517578 -0.32043346762657159976 -1.11807835102081298828 -0.46560084819793701172 -0.45316928625106811523 -0.75432008504867553711 -1.56776249408721923828 -0.37678891420364379883 -1.02082788944244384766 -1.33437561988830566406 -1.26684808731079101562 1.06865274906158447266 -1.00207614898681640625 1.43307459354400634766 0.24551431834697720613 -1.43746471405029296875 -1.68994915485382080078 -0.09898160398006429495 -1.05701196193695090564 -1.02280294895172119141 0.00877028051763770015 0.56532293558120727539 0.81111949682235717773 -0.73516333103179931641 -0.00752115203067659985 1.35168600082397460938 -0.42231199145317077637 -1.23612177371978759766 0.29130679368972778320 -1.22226142883300781250 0.01674683392047879998 0.90414637327194202765 1.26384472846984863281 -0.21997995674610129613 -1.60320794582366943359 -0.93717247247695922852 -0.56384152173995971680 0.18162964284420010652 -0.77441531419754028320 -0.04633783921599379796 0.52532327175140380859 -1.37494182586669921875 -1.93777167797088645251
-0.61427944898605346680 -0.87643831968307495117 -0.37781262397766107730 0.62512570619583129883 -0.48006838560104370117 0.05685956031084059975 -0.26509544253349298648 0.58997726440429687500 -1.02473294734954833984 -0.63299423456192016602 0.83575183153152465820 1.40889251232147216797 -0.21654225885868069734 1.23201107978820800781 0.10123760253190990099 0.36163800954818720035 1.50010335445404030530 0.15202535688877100162 -1.08477580547332763672 1.07112073898315429688 1.67382538318634033203 -0.29697686433792108707 1.04896485805511474609 1.70749020576477050781 -1.14303445816040039062 0.16913923621177670564 0.04707391932606690144 -1.29985666275024391858 0.48399120569229120425 -0.60002607107162475586 0.50846737623214721680 1.12197184562683105469 0.07343398779630659623 -0.74514472484588623047 -1.08674383163452170642 1.48754048347473144531 0.64498323202133178711 0.64139097929000854492 1.00903594493865966797 1.13278794288635231702 0.82295429706573486328 0.85867810249328613281 -0.03043079189956179875 -0.61198729276657104492 0.33785304427146911621 -1.42036795616149902344 1.45466458797454833984 1.09452009201049804688 0.58083653450012207031 -0.40005350112915039062 0.86631137132644653320
-1.52864778041839599609 -1.35810720920562744141 -0.75635874271392822266 0.23791688680648800935 -1.43050706386566162109 0.22592054307460779361 0.98991775512695323602 0.71072691679000854492 -0.33413964509963989258 0.53589087724685668945 -0.13184078037738800049 0.97136300802230834961 0.18981440365314480867 -0.09340709447860709447 1.00878047943115234375 -0.67391097545623779297 -0.14622634649276730623 0.75282084941864013672 1.13724970817565917969 0.21708539128303519505 -1.44467234611511230469 -1.58989334106445312500 0.53619384765625000000 -0.61285239458084106445 1.10720264911651589124 0.55538505315780639648 1.71367144584655761719 0.30686247348785400391 -1.59394073486328125000 0.74316048622131347656 0.73464679718017578125 0.51150929927825927734 1.46925365924835205078 0.33894520998001098633 -0.14116001129150390625 -0.21626533567905420474 1.54165065288543701172 1.61976194381713889392 -1.35344064235687255859 0.47288572788238519840 -0.53894895315170288086 0.71552902460098266602 1.36748468875885009766 1.51450037956237792969 1.64570975303649902344 0.51761150360107421875 1.52611315250396728516 -1.55471742153167724609 1.02466535568237304688 0.00498830853030080013 -0.01335618272423740038
2.02042794227600097656 1.20785892009735107422 -0.11229083687067030473 -0.75756847858428955078 0.44558835029602050781 0.85901355743408203125 -1.41688787937164306641 -0.10071472078561780061 1.17533695697784423828 0.16417129337787619847 0.22566032409667968750 -1.55888187885284423828 0.59971600770950317383 -0.65833282470703125000 -0.14202044904232019595 -0.36013484001159667969 0.82180112600326538086 0.43292340636253351382 0.22937211394309989232 -0.90024656057357788086 -1.58297812938690207751 1.46902883052825927734 -1.04950654506683349609 0.66059237718582153320 1.34980535507202170642 0.73823338747024536133 -0.70311820507049560547 1.65889775753021240234 -1.52121281623840309827 1.45151877403259277344 -0.11008662730455390233 1.22890377044677712171 -0.14200176298618311099 -1.18111276626586914062 -0.87762337923049926758 -1.03864586353302001953 0.55529761314392089844 -1.56418371200561523438 -0.81469857692718505859 1.16077685356140136719 0.91936463117599476202 0.69056189060211181641 0.07729363441467279605 1.49777078628540039062 -0.19934931397438049316 -0.46710473299026489258 0.19611041247844690494 -1.23660707473754882812 1.39442145824432350842 -0.03547692298889160156 0.52109831571578979492
1.30837702751159690173 1.47842001914978049548 2.92060351371765181128 1.67839455604553222656 0.31846600770950317383 0.82035875320434570312 1.14396476745605490954 0.68228358030319213867 1.09577035903930664062 -0.28679603338241571597 -0.33144819736480707340 -0.13477729260921469945 -1.16631865501403808594 -0.17355188727378839664 -0.02368535846471779907 1.66528141498565673828 0.72216194868087768555 0.52512860298156738281 -1.68809616565704367908 -0.65788441896438598633 -0.11668094992637630114 0.49588274955749511719 -0.33786201477050781250 -0.61242079734802246094 1.68295788764953591077 1.50754010677337646484 -1.20211958885192871094 -0.63598996400833129883 -1.01145601272583007812 1.18420147895813010486 0.25248137116432189941 1.02182900905609130859 -1.06480741500854492188 -0.60102039575576782227 0.06682404130697250366 -0.61057490110397338867 -1.04352223873138449939 -0.13601909577846518773 -1.42653679847717285156 0.78505408763885498047 1.30752563476562500000 -1.58470344543457031250 -0.47658145427703857422 -1.54508495330810569079 0.81277143955230712891 -1.07352364063262939453 -0.43700072169303888492 -0.38932183384895319156 -0.44656959176063537598 1.24041080474853515625 1.22456872463226318359
2.12347888946533203125 1.53395950794219970703 2.53280615806579589844 1.57013034820556640625 -0.37903097271919250488 1.25033354759216308594 0.02963058464229099964 1.15374445915222167969 1.48450565338134765625 -1.09660446643829367908 1.17421078681945800781 -1.48919570446014404297 -1.45306265354156494141 -0.90902966260910045282 -1.19460523128509521484 1.72145247459411621094 0.77320802211761474609 1.11315751075744628906 -1.26357138156890869141 0.93615043163299560547 -1.02823770046234130859 -0.64370042085647583008 1.22556447982788085938 1.68828237056732177734 0.86462104320526123047 1.58604979515075683594 -1.15328979492187500000 1.50389301776886008533 -0.15631869435310360994 0.53607732057571411133 0.19699655473232269287 0.64197272062301635742 -0.93998092412948597296 0.28109091520309448242 -0.78800320625305175781 1.17507040500640869141 -0.37960860133171081543 0.05220928415656089783 -1.05761837959289550781 1.60556423664093017578 -0.67452704906463623047 0.12339799106121060457 -1.02369725704193115234 -1.46261191368103049548 0.84044438600540161133 0.46845349669456481934 1.41595125198364257812 0.20651257038116449527 -1.63137257099151589124 0.70043450593948364258 1.16923201084136962891
-1.37940323352813720703 -1.27293860912322998047 -0.21976271271705619115 1.21948218345642089844 -0.12699232995510101318 0.76674497127532958984 -0.80518084764480590820 0.64261412620544433594 1.49128365516662597656 -1.09183335304260231702 -0.38372880220413208008 1.65601825714111328125 1.08015882968902610095 0.64714550971984863281 -0.66504836082458496094 0.31066012382507318668 -1.51421439647674560547 -1.32019531726837158203 -1.48752665519714355469 -1.44140684604644775391 1.54137945175170898438 -0.57809078693389892578 -1.45805990695953369141 -0.57271343469619750977 -0.62562119960784912109 1.41492557525634765625 -0.54260390996932983398 1.54508852958679199219 -0.89006459712982177734 1.00832724571228049548 -0.08151461929082870483 -0.75995755195617675781 -1.27927756309509277344 0.40273302793502807617 1.62127375602722167969 -1.19167804718017578125 0.43223565816879272461 0.85440611839294433594 -0.99463474750518798828 -1.62798547744750976562 -0.42180243134498590640 1.62236404418945312500 0.51250725984573364258 -1.34451711177825927734 0.77441078424453735352 0.10893081128597259521 -1.62527298927307128906 -0.66798031330108642578 0.47265097498893737793 -0.81683623790740966797 0.36296373605728149414
0.89493983983993530273 0.88489896059036254883 0.42423853278160089664 -0.12789751589298239964 -0.83736884593963623047 1.19570386409759521484 0.54893541336059570312 -1.54239904880523681641 0.06349163502454749364 -1.58650815486907958984 0.84730625152587890625 1.70284175872802712171 0.31488248705863952637 1.20881915092468261719 -0.29041957855224609375 0.89157074689865112305 0.53189653158187866211 1.36191141605377197266 -1.56737065315246582031 1.09232449531555175781 1.33291029930114768298 -0.76173520088195800781 -0.91884267330169677734 1.02310860157012939453 -1.69642114639282248767 0.55017405748367309570 1.20741105079650878906 0.13497796654701230135 1.51856243610382080078 1.01659929752349831311 -0.34210562705993652344 -0.10572685301303859362 -0.71473747491836547852 -0.79747146368026733398 1.26488304138183593750 1.34640085697174072266 -0.32041126489639282227 -0.30875930190086359195 1.30711734294891357422 -0.42401051521301269531 -0.32142218947410577945 -0.85745304822921752930 1.16426467895507790296 -0.72374838590621948242 -0.26588073372840881348 0.72474259138107299805 -0.74858397245407104492 -0.01051993668079369976 -1.33680975437164306641 0.19185389578342429417 -2.19869875907897949219
-0.01454996038228269922 0.11050438880920410156 0.16643032431602469701 -0.38893729448318481445 -1.07631742954254150391 -1.20570445060729980469 0.68990272283554077148 -1.04505550861358642578 -1.06483960151672363281 0.36258396506309509277 1.64103424549102783203 1.09681606292724609375 0.70385205745697021484 -1.54631781578063964844 -0.83151042461395263672 -0.50186467170715332031 1.20595276355743408203 1.28561472892761230469 -0.54037940502166748047 1.30322408676147460938 1.41358077526092529297 -1.24795687198638916016 0.20026586949825281314 1.34159064292907714844 -0.96996277570724476202 -1.23767471313476562500 0.37757068872451782227 1.14969122409820556641 -1.57309174537658691406 -1.40945959091186523438 0.43804129958152770996 -0.71938365697860717773 0.31152543425559997559 0.19158670306205749512 -1.03754866123199462891 1.65149378776550292969 -1.38807475566863991467 1.71116673946380615234 -1.56821000576019287109 0.01885453984141340078 0.25637063384056091309 -1.56286525726318359375 -0.36721014976501459293 0.09834397584199899844 -1.37965834140777610095 1.27621865272521950452 0.79241245985031127930 -1.66110014915466308594 -1.17148828506469726562 0.11161161214113229923 -0.06848108023405069522
0.18680320680141448975 -0.24236990511417388916 1.13471424579620361328 1.15588474273681640625 -0.15266403555870050601 -1.65398609638214111328 1.52216494083404541016 -0.48639944195747369937 1.35504651069641113281 -0.27544853091239929199 1.06944382190704367908 0.40836736559867858887 -0.76561409235000610352 1.19872355461120605469 0.68136799335479736328 1.51802217960357688220 -0.00126478890888389998 -0.62560188770294189453 1.27135992050170898438 1.66702878475189208984 0.17978747189044949617 0.13649646937847129124 -0.68590521812438964844 -0.67593222856521606445 0.14066305756568908691 1.23360550403594970703 -0.78888767957687377930 0.10803779214620590210 0.55012136697769165039 -0.13883069157600400056 0.77285891771316528320 -0.74571424722671508789 1.41591250896453857422 -1.19691097736358642578 -1.63116049766540527344 -0.40163502097129821777 -0.06015803292393680224 0.55031228065490722656 -1.32980394363403320312 1.33521378040313720703 -1.47357845306396484375 1.19778454303741455078 1.31316339969635009766 -1.01907694339752197266 -1.56529808044433593750 0.35791847109794611148 -0.55290281772613525391 0.17437003552913660220 -1.46909224987030029297 0.52870345115661621094 1.01661574840545632092
0.82878476381301879883 0.23324391245841979980 -0.02948985062539569851 0.04992250725626939944 -1.29034018516540527344 0.10590667277574529470 1.50778770446777343750 -0.14892308413982391357 -1.66653478145599365234 -0.76549422740936279297 -0.83847045898437500000 -0.48044356703758239746 -0.79353123903274536133 0.29884815216064447574 -0.35015141963958740234 0.62275737524032592773 1.10531163215637207031 1.53227806091308593750 0.32430315017700189761 0.68701344728469848633 -0.86043602228164672852 0.55886226892471313477 0.72826296091079711914 0.07836621999740600586 1.02220475673675537109 0.87887090444564819336 -1.51069796085357688220 0.63824415206909179688 -0.36649173498153680972 1.38873624801635742188 -0.80491870641708374023 0.42749807238578790836 0.24694825708866119385 -0.79301112890243530273 -1.54065036773681640625 -0.94308662414550781250 -0.02349412254989139900 1.47176933288574218750 -0.40539795160293579102 1.59427630901336669922 0.70445483922958374023 -0.93939775228500355109 -0.82041311264038085938 -1.12962102890014648438 0.33137598633766168765 1.22694098949432350842 -1.03742635250091552734 -0.33348700404167169742 -0.29835122823715209961 0.32325845956802368164 -1.65075314044952392578
0.42758017778396600894 1.62307524681091308594 0.27123036980628967285 -0.94545066356658935547 -1.36750805377960205078 0.22824023663997650146 -1.17121946811676047595 0.05328499525785439922 -1.26714062690734863281 -0.79585909843444824219 -1.21337974071502685547 -1.06726634502410888672 0.91543185710906982422 -1.51643395423889160156 0.08886758983135220613 1.02541995048522949219 -1.10956990718841552734 -1.10404634475708007812 -0.42293655872344970703 -1.19862008094787597656 -0.04081836342811580309 1.48175525665283203125 0.84516412019729614258 -0.00274015869945279985 1.14925694465637207031 -0.87606942653656005859 1.14972639083862304688 -0.42090204358100891113 0.28250110149383539371 -0.09387840330600730199 1.17201387882232688220 -0.51105147600173950195 1.03795003890991210938 0.74069631099700927734 0.84875470399856567383 -1.40071976184844970703 0.97156679630279541016 1.08569467067718505859 0.55493402481079101562 -0.29905799031257629395 1.56454300880432128906 0.95809632539749156610 -1.20829594135284423828 1.34037554264068603516 -0.22792300581932059544 -0.48061904311180109195 0.75971335172653198242 -0.59820562601089477539 0.37337028980255121402 -0.05490891262888900060 -2.18320393562316894531
-0.55734872817993164062 -0.30440154671669000797 -0.48495206236839288882 -1.03454399108886718750 -1.55357122421264648438 1.60197079181671142578 -1.26839125156402610095 0.16667670011520380191 0.72039943933486938477 1.65442776679992675781 -0.17840388417243949193 0.75939375162124633789 1.42520678043365478516 -0.85294479131698608398 1.35980713367462158203 1.19795525074005126953 -1.52477753162384033203 0.87472498416900634766 -0.98550325632095336914 1.09752643108367919922 -0.61646181344985961914 1.04885005950927712171 -0.19488398730754849519 0.11807187646627420596 0.09362159669399260087 -1.34207868576049804688 0.53353989124298095703 0.45181936025619501285 -1.74024355411529541016 1.24196207523345969470 -0.74994426965713500977 1.00407457351684570312 -0.77776271104812622070 -1.41134464740753151624 1.07774424552917480469 -1.70513331890106201172 -1.20732092857360839844 1.72470700740814208984 -1.20413184165954589844 -0.26902213692665100098 0.23856164515018460359 -0.97249615192413318976 0.30783864855766290836 -1.36163222789764404297 -0.62354010343551635742 1.49864089488983154297 0.20559777319431299381 -0.82676553726196289062 -0.64705127477645874023 0.18735450506210318822 0.51074051856994628906
-1.20190584659576416016 -1.23611378669738769531 -0.28886753320693969727 1.32445287704467751233 0.34273812174797058105 1.07615375518798850329 0.53033518791198730469 -0.81667405366897583008 -0.39941364526748657227 -1.48122251033782958984 -1.08683705329895019531 -0.46247428655624389648 -0.49163123965263361148 0.94136542081832874640 -0.01373839005827899931 -1.36265265941619873047 -1.46519625186920166016 1.64513731002807617188 -0.02491111122071739889 -1.19220769405364990234 -0.20238453149795529451 0.61802935600280761719 0.61845022439956665039 -1.65935075283050537109 -1.35048961639404296875 0.42388615012168878726 1.22161543369293190686 1.39127433300018310547 1.22903478145599365234 -0.54245954751968383789 -1.61903047561645507812 -1.45965695381164550781 0.75944280624389648438 0.35080111026763910465 -1.57018125057220458984 1.15058350563049316406 0.99636632204055797235 -1.67885577678680419922 0.44315025210380548648 -0.39101338386535638980 1.21290028095245361328 -0.48339676856994628906 1.41117060184478759766 -1.19090330600738525391 -0.03192669525742530129 1.07805764675140380859 0.92676556110382080078 -0.44514080882072448730 0.42819687724113458804 -1.18699491024017311780 0.51547259092330932617
0.50636285543441772461 -0.08161266893148419466 -1.22287213802337646484 -1.31081092357635498047 0.95131683349609375000 -1.32672524452209472656 -0.51695859432220458984 0.41129902005195617676 0.11029215902090069856 -0.10564620792865750398 -1.43532204627990722656 0.84635466337203979492 0.84652560949325561523 0.14210765063762659244 0.56695097684860229492 0.90566116571426402704 -1.64405131340026855469 0.59383112192153930664 -0.72198659181594848633 1.40883517265319824219 1.05086779594421408923 -1.52518045902252197266 -1.22198462486267089844 0.70609951019287109375 0.27151343226432800293 1.70813298225402832031 0.39759755134582519531 -0.07234721630811689896 1.62753438949584960938 1.48381912708282470703 -1.07242023944854736328 -1.67702555656433105469 -1.57038378715515136719 0.28563499450683588199 -0.21117651462554928865 0.37795874476432800293 -0.44438916444778442383 -0.11663555353879920262 1.19957280158996582031 0.40695858001708978824 -1.03794610500335693359 1.38631868362426757812 -0.59014129638671875000 -1.40481829643249511719 0.91163271665573120117 -0.58604294061660766602 -0.80886381864547729492 -0.26914525032043451480 1.23261785507202170642 0.18997792899608609285 0.21990069746971130371
-1.33185255527496337891 -1.57008135318756103516 -0.42295333743095397949 1.52627825736999511719 -0.75108909606933593750 0.60088324546813964844 0.28833246231079101562 -1.33424842357635498047 -0.47902804613113397769 -1.11994552612304687500 1.04447925090789794922 1.12882900238037109375 -0.13569033145904541016 -1.69830071926116943359 -1.36258375644683837891 0.03358952328562730266 0.78217339515686035156 1.61598181724548339844 -0.48676067590713500977 1.70208311080932617188 0.13973703980445859041 1.59807598590850830078 1.38112604618072509766 0.99034273624420154913 -1.53509151935577392578 -0.86129361391067504883 0.18884475529193869847 1.33196806907653808594 1.26158559322357177734 -0.55178964138031005859 -0.51100504398345947266 -0.98573744297027598993 -0.83421611785888671875 1.62528812885284423828 0.29134157299995422363 0.68706864118576049805 -0.50480294227600097656 -0.63938671350479125977 -0.80381792783737182617 -0.86276423931121826172 -0.48061519861221307925 -0.01875918544828890019 0.31952634453773498535 0.98443216085433959961 -0.49728718400001520328 0.41810756921768188477 -1.41747403144836447986 -1.26095330715179443359 -0.04091148450970649719 1.26717746257781982422 0.27299672365188598633
1.66414976119995117188 1.14971554279327392578 1.35891854763031005859 -0.14938881993293759431 0.82384020090103149414 1.73957657814025878906 -0.21228514611721038818 0.26018127799034118652 -0.01006348337978119935 -1.70242834091186523438 1.34050714969635009766 0.10034850239753720369 -1.55699932575225830078 -0.10093522816896430272 -0.24452200531959530916 1.48114573955535888672 1.27593886852264404297 0.28463813662528991699 0.90064215660095214844 0.03566060587763780071 -0.67560583353042602539 0.50781929492950439453 -1.62706124782562255859 -0.27592495083808898926 -1.04115164279937744141 -1.33318650722503662109 -1.48934102058410644531 0.49526458978652948550 -0.26232850551605219058 1.71334934234619140625 1.68522334098815917969 -1.39394974708557128906 -0.85523223876953125000 1.72448241710662841797 -0.18222001194953910130 0.17617495357990259341 -1.47899174690246582031 1.36248683929443359375 -0.24741318821907040681 1.54265010356903076172 0.11197689175605769762 0.24230007827281949129 -0.11643584072589870104 -0.84238386154174804688 0.54922008514404296875 0.84173536300659179688 -0.28605887293815607242 1.69124484062194824219 -1.06529057025909423828 -1.57969605922698952405 0.13918635249137870091
-0.60577142238616943359 0.12640017271041870117 -0.89376294612884521484 -1.63049530982971191406 -1.52810943126678489001 1.43156909942626953125 1.59798705577850341797 -0.39608496427536010742 0.66279733180999755859 0.02407187223434439916 -0.10420071333646770129 1.59882521629333496094 1.55263936519622802734 0.02182659134268759987 -1.49411785602569580078 -0.88397264480590820312 1.11654818058013916016 1.58975255489349365234 0.77806884050369262695 -0.79770547151565551758 -0.46589064598083490543 0.67572760581970214844 -1.54890894889831542969 -0.88062810897827148438 -0.70182514190673828125 -1.04491424560546875000 -1.76297748088836669922 -0.27074488997459411621 0.70307093858718872070 -1.09675085544586181641 0.59982675313949584961 -1.37670254707336447986 -1.19975745677947998047 -0.53403687477111816406 1.00748085975646950452 0.34012338519096368961 0.19839543104171750154 0.24007369577884671297 -0.34542992711067199707 -0.75104624032974243164 -1.08384764194488525391 0.77196556329727172852 0.14432840049266809634 -1.31040990352630615234 -0.49362117052078241519 0.16279755532741541080 -0.77342563867568969727 0.33492982387542719058 0.41080397367477411441 1.77808129787445090564 0.37201514840126037598
-0.62211608886718750000 -0.05528296157717699916 0.30633717775344848633 1.03427910804748535156 1.13605260848999023438 -1.09874713420867919922 -0.33463004231452941895 1.00119018554687500000 -0.49352079629898071289 0.57610797882080078125 -1.26730084419250488281 -1.68799757957458496094 1.39362597465515136719 1.44924199581146240234 0.62900012731552124023 0.02117770351469510162 1.49093830585479736328 -0.51136243343353271484 -1.48249840736389160156 -1.10139834880828857422 -1.04265987873077392578 -1.18576657772064208984 0.60074716806411743164 -1.62554585933685302734 -1.39002656936645507812 1.68500554561614990234 1.50026345252990722656 -0.14223003387451169099 -1.10479450225830078125 -0.64540857076644897461 1.01185214519500710217 -1.01481628417968750000 -0.24862791597843170166 -0.22772295773029319066 0.00649619661271570031 0.72963267564773559570 -0.83122611045837402344 -0.01669431664049619846 -0.52083820104598999023 -0.63906723260879516602 -1.79314100742340087891 -0.15087695419788360596 -1.49614524841308593750 1.41134500503540039062 0.35167917609214782715 -0.02209927700459949837 -0.31341752409934997559 -0.78546476364135742188 -1.10237491130828857422 -0.07008452713489529695 1.37524688243865966797
1.07283687591552712171 1.69482076168060302734 1.60657465457916259766 0.77127355337142944336 1.70292425155639648438 0.30842447280883789062 -0.72433549165725708008 -1.01120877265930175781 -0.57336014509201049805 1.55383205413818359375 -0.83171033859252929688 0.73942214250564575195 -0.23794303834438321199 0.81225496530532836914 1.46586012840270996094 -0.33263745903968811035 -0.45649150013923639468 -0.21295413374900809544 1.58975410461425781250 0.33463731408119201660 1.04569315910339355469 1.44463634490966796875 0.75341022014617919922 0.45385307073593139648 0.95057350397109996454 -0.00517705781385300028 -0.48609152436256408691 1.16793417930603049548 -0.23662233352661130037 0.74313431978225708008 1.33163630962371848376 -1.26235306262969970703 0.71053850650787353516 1.22501373291015625000 1.28536736965179443359 0.48615983128547668457 -0.50304895639419555664 0.31609106063842767886 -0.99444174766540516242 -1.22652339935302712171 0.16615274548530578613 0.84346872568130493164 -1.20756530761718750000 1.28856980800628662109 -1.24287045001983642578 1.52580964565277099609 -0.44258248805999750308 -0.86465013027191162109 -1.54152703285217285156 1.02968764305114768298 0.59716749191284179688
1.08151197433471679688 0.75584381818771362305 1.80070674419403076172 0.53806197643280029297 -1.46888279914855957031 -1.40953171253204367908 1.38629865646362304688 -0.50639474391937255859 1.30636131763458229749 0.58711653947830200195 -1.75004184246063232422 1.23602092266082763672 -1.08815824985504150391 0.63881868124008178711 -0.70418220758438110352 -1.06595194339752197266 -0.41863295435905450992 -1.54882931709289550781 0.08115711808204649491 0.01812030561268319906 1.54740345478057861328 -1.44280540943145751953 -1.71244966983795166016 0.36453583836555480957 0.83158046007156372070 0.38310921192169189453 -0.19703680276870719212 -1.30389595031738281250 0.18526680767536160555 0.64355665445327758789 0.97865486145019520148 -1.00796186923980712891 0.69537973403930664062 -0.85321778059005737305 1.40472054481506369861 1.65350282192230224609 -0.02886237949132909944 -1.06027054786682128906 0.60396689176559448242 1.52198052406311035156 1.14105284214019775391 0.32175388932228088379 -0.19403782486915580052 -0.79756104946136474609 1.30945205688476562500 -1.21649777889251708984 -0.68035489320755004883 0.77373647689819335938 1.26117575168609619141 0.77685880661010742188 -1.98277711868286110608
-0.76421296596527099609 -1.00227200984954833984 -1.63251733779907248767 -1.44572746753692649158 -1.39923560619354248047 -0.91771525144577037469 -1.02180075645446777344 -1.11957502365112304688 0.39046689867973327637 1.36608278751373291016 0.87815904617309570312 -1.31746840476989768298 -0.04247945919632910294 -1.38151764869689941406 -1.63006913661956809314 1.03350949287414550781 0.14657314121723169498 0.84207308292388916016 -0.47865614295005798340 -0.06113176047801970048 0.52216410636901855469 1.03610336780548095703 -0.27232226729392999820 -1.06902384757995605469 1.00287163257598876953 -0.17422924935817710179 0.05632540956139559657 -0.86361885070800781250 0.44905069470405578613 0.28730785846710199527 0.67840743064880371094 -0.41058483719825739078 1.11295616626739501953 1.10342061519622802734 0.76415371894836425781 -0.66401362419128417969 1.29056179523468017578 -0.01578985340893259912 0.72216862440109252930 -1.60191011428833007812 1.70402634143829367908 0.21975025534629819002 0.52590632438659667969 -0.18900209665298459139 -1.31733453273773193359 1.48243105411529541016 -1.00959837436676047595 -0.32163429260253900699 0.40688657760620111636 -0.08374777436256400365 0.32439193129539489746
-1.06760454177856445312 -1.59829008579254150391 -0.64032167196273803711 1.61564242839813232422 -0.36191070079803461246 -0.57572150230407714844 -0.70606952905654907227 1.14455485343933105469 -0.94802653789520263672 -0.67217087745666503906 -0.09822144359350200304 -0.02538893930613990088 1.46109020709991455078 -0.90476346015930175781 -0.50171267986297607422 -1.53049290180206298828 -0.52672177553176879883 -1.34861779212951660156 -1.56313049793243408203 -1.32711613178253151624 1.06602895259857177734 1.33905327320098876953 1.08322715759277343750 0.96644020080566395148 0.90176045894622802734 -0.81620419025421142578 -1.26873660087585449219 -0.81371957063674926758 1.73930895328521728516 -1.14044034481048583984 0.42121574282646179199 -0.28547251224517822266 0.44024583697319030762 -1.21636557579040527344 -0.10904645919799800524 -0.07424934953451149677 0.22476139664649960603 -0.89125633239746093750 -0.37936121225357050113 -1.10973274707794189453 0.72950476408004760742 -0.84244698286056518555 -0.43182811141014099121 -0.07224573940038679642 0.14339655637741088867 -0.76001644134521484375 0.00424479506909839974 1.10940289497375488281 -0.80089807510375976562 0.13245373964309689607 0.50503826141357421875
-0.72557139396667480469 -0.65048414468765258789 -0.10079973936080929842 0.11376339942216870393 1.32730329036712646484 1.06764125823974609375 1.01433968544006369861 0.43539133667945861816 1.01557362079620361328 1.65041053295135498047 -1.08186006546020507812 1.48280715942382790296 0.79141789674758911133 -1.03672230243682861328 -0.26008048653602600098 -1.67623639106750488281 1.52573752403259277344 0.53485447168350219727 0.76344245672225952148 1.49552273750305175781 -0.69214922189712524414 1.03205823898315429688 1.06896615028381369861 1.25089573860168457031 -0.44717708230018610172 -0.40190175175666809082 1.54438865184783935547 0.26317963004112238101 -1.60668945312500000000 0.57482081651687622070 -0.58967798948287963867 -1.21823334693908691406 0.31407046318054199219 -0.00097645318601279995 0.31541439890861511230 0.66279107332229614258 -0.61633819341659545898 -1.56903934478759765625 -0.91512644290924083368 1.65690159797668457031 -1.37392902374267578125 -0.06678587198257439350 -0.26464736461639398746 0.13348023593425750732 -1.58595645427703857422 -0.99291163682937622070 -0.77682268619537353516 0.82788759469985961914 -0.71974605321884155273 -1.40122020244598410876 1.11331355571746848376
-0.38842454552650451660 -0.83165174722671508789 -0.15652358531951898746 1.33797132968902610095 -0.99461781978607177734 1.45476329326629638672 -1.70538377761840820312 -0.86217474937438964844 1.47708785533905029297 0.48878237605094909668 0.64630222320556640625 -0.55576932430267333984 1.51265752315521240234 -0.28243583440780639648 0.44426697492599487305 1.36745953559875488281 -0.13765661418437949437 -0.55235373973846435547 1.65463089942932128906 -0.58740323781967163086 0.21398442983627319336 -1.47666287422180175781 0.49112856388092041016 -0.51245379447937011719 -0.17084759473800659180 -1.39701330661773681641 -0.51746362447738647461 0.93303763866424560547 -0.33253905177116388492 0.30064338445663452148 1.03161263465881369861 -0.72192955017089843750 -0.16816091537475580386 -0.15389013290405270662 -0.80359351634979248047 1.34560000896453857422 -0.43168592453002929688 1.62983775138854980469 -0.32554170489311218262 -1.40843117237091064453 1.21332120895385742188 -1.00776529312133789062 -1.29219174385070800781 -0.13757553696632379703 -0.86384516954421997070 0.44525268673896789551 -1.66572415828704833984 1.35312330722808837891 0.18025766313076019287 -0.79254072904586791992 1.08095276355743408203
0.75661998987197875977 1.21135187149047829358 1.96297204494476318359 0.68644946813583374023 0.00755448313429950020 -1.16210329532623291016 0.93059355020523082391 -0.13903459906578061189 1.09621667861938476562 -0.12644046545028680972 -1.53292095661163330078 0.22107556462287900056 -0.81730544567108154297 -0.35548755526542658023 1.51923418045043967517 0.69382393360137939453 -0.23441788554191589355 -1.14234960079193115234 -0.67874532938003540039 -0.69747233390808105469 0.92925643920898437500 0.15473981201648709383 1.57556974887847900391 1.12305986881256103516 -0.10983859747648229421 -0.04641280323266980257 0.91595011949539184570 -1.08336699008941650391 -1.55113554000854492188 1.33733725547790527344 -0.08181952685117720170 -0.73467898368835449219 -0.30200904607772821597 -1.25723075866699218750 -1.28681063652038552014 1.32317709922790527344 -0.51036292314529418945 1.39691686630249023438 -0.86359500885009765625 1.23837780952453591077 1.54703879356384277344 -0.04577997326850889726 -0.35391634702682489566 -0.04109779745340339657 -0.05403596535325049660 0.47002080082893371582 0.68254613876342773438 -0.55821847915649414062 -0.05230894684791560084 -0.36880272626876831055 -1.33557665348052978516
-0.48403117060661310367 -1.67995166778564430921 -0.98479938507080078125 -1.53668880462646484375 -1.27930915355682350842 -0.95650303363800037726 -0.32871332764625549316 -0.89526993036270141602 0.69821959733963012695 -1.06890583038330078125 0.94210982322692882196 0.51013916730880737305 1.48619174957275390625 0.89074933528900146484 0.29190638661384582520 1.60225248336791992188 0.50979834794998168945 -1.46166765689849831311 -1.30273246765136718750 0.90324956178665161133 1.56748008728027343750 -1.43148744106292724609 -1.17814242839813232422 1.27460575103759765625 -0.23017553985118860416 -0.19114851951599121094 1.50954353809356689453 -1.07761716842651367188 0.33284303545951837711 -0.00747725088149299964 0.79203492403030395508 -0.47425109148025512695 0.65850406885147094727 1.68097269535064697266 1.70733153820037841797 -1.19334065914154030530 0.28777673840522760562 0.36881121993064880371 0.51860159635543823242 -1.19412505626678489001 1.33327353000640869141 -1.34626388549804687500 -1.23083353042602539062 -0.38813072443008417300 -0.08904393762350079622 -1.68716418743133544922 1.06260204315185569079 -0.81448817253112792969 1.14423525333404541016 0.60505878925323486328 -0.77861207723617553711
-1.11366748809814430921 -1.20121884346008300781 -0.73974174261093139648 -1.62948238849639892578 0.56851506233215332031 -1.60654234886169433594 1.51946055889129638672 -0.47345557808876037598 1.19395804405212402344 -0.39697223901748657227 -0.58279138803482055664 -1.38366830348968505859 -1.30618655681610107422 1.65622317790985107422 1.01666367053985595703 -1.13456892967224121094 0.70274811983108520508 0.83332514762878417969 -0.42961764335632318668 -0.07248508185148229421 1.00711143016815207751 -0.64500153064727783203 -1.14769756793975830078 -0.80215704441070556641 1.64710986614227294922 -1.41963434219360351562 -1.67865562438964843750 -0.01361026894301170000 -1.73532724380493164062 0.96474945545196522101 -0.09689948707818979434 0.44421935081481928043 0.05647499486804000157 -0.58873468637466430664 -0.01650578156113620062 -1.51074910163879394531 -1.52299487590789794922 1.54807305335998535156 0.99434274435043323859 -1.61990964412689208984 0.75375187397003173828 -0.20910643041133880615 0.39800781011581420898 -0.52978247404098510742 1.17838799953460693359 -1.03194344043731689453 -1.59627926349639892578 -1.34061932563781738281 -0.27796781063079828433 1.04280340671539306641 -0.16599394381046289615
-1.30271911621093750000 -1.61867940425872802734 -1.12965178489685058594 0.65498495101928710938 -1.71000659465789794922 -0.51250398159027099609 -0.44300743937492370605 1.34080135822296142578 1.18418371677398681641 0.36617669463157648257 0.09516826272010800447 -0.81170368194580078125 -0.14016471803188321199 -0.52030384540557861328 0.86695915460586547852 -0.26292437314987182617 0.31517362594604492188 1.39371967315673850329 0.19570897519588470459 0.18363147974014279451 -1.29615688323974609375 -1.61488711833953857422 1.65835762023925781250 -1.00472140312194824219 -0.41312667727470397949 1.22998964786529541016 1.07529246807098410876 1.00908136367797829358 0.32141584157943720035 0.69270980358123779297 1.29052817821502685547 0.62165832519531250000 1.32969844341278076172 -1.21904695034027099609 0.75274229049682617188 -0.67427229881286621094 0.50292629003524780273 0.22598226368427271060 -0.83993840217590332031 -1.13222718238830566406 -1.56861841678619384766 -0.06207104027271270058 -0.00490694819018239973 -1.60482084751129150391 -1.59038555622100830078 -0.13074931502342221346 0.71952301263809204102 0.25487387180328369141 0.26873034238815307617 -1.27555918693542480469 0.13038665056228629369
-0.81140375137329101562 -0.07699722796678540315 0.10562788695096969604 1.25109457969665527344 1.23007309436798095703 -0.36991152167320251465 -0.35534253716468811035 -1.52834558486938476562 -1.35895824432373046875 -0.30570566654205322266 0.79429143667221069336 -1.11335456371307350842 -0.74137395620346069336 0.91106396913528442383 0.56056791543960571289 -0.88578903675079345703 -1.57064068317413330078 0.23447655141353598851 -1.59683978557586669922 -0.76524013280868530273 -0.79963618516921997070 -0.71880817413330078125 -0.31493413448333740234 -0.73921036720275878906 -0.18771128356456751041 1.47223556041717529297 0.93114447593688964844 -0.77917724847793579102 1.22201633453369140625 -0.76332759857177734375 1.09225428104400634766 1.54308867454528808594 1.19392740726470969470 0.40093019604682922363 -1.20338904857635498047 -0.38300061225891107730 0.41351765394210809879 -1.29144048690795898438 -0.69858443737030029297 -0.68792265653610229492 1.21902072429656982422 -0.30470028519630432129 1.29716455936431884766 1.61954295635223410876 1.43764436244964599609 -0.90684300661087036133 -1.64310455322265625000 -1.19205784797668457031 -0.94411331415176402704 -0.07490220665931700272 1.51378619670867919922
-0.75661605596542358398 -0.82732701301574707031 -0.70605134963989257812 -1.56386399269104003906 0.64519065618515014648 -1.05782938003540039062 -0.95501661300659179688 0.84335535764694213867 -0.76060861349105834961 0.14360928535461420230 0.56026989221572875977 -1.09962654113769509046 1.18472051620483398438 -1.67998707294464111328 -1.37642145156860351562 1.28869605064392089844 1.34519541263580322266 -1.51636803150177001953 -0.12708270549774169922 1.33902144432067871094 -0.17367152869701379947 -0.81532269716262817383 -1.33290123939514160156 -0.30494233965873718262 -0.08150935918092719334 1.21226966381072998047 -0.26819655299186700992 -1.10474324226379394531 -1.15256214141845703125 -0.22031101584434509277 -0.95767670869827281610 0.36326205730438232422 0.95252531766891479492 -1.65295875072479248047 -0.65465861558914184570 -1.07754731178283691406 1.61210203170776367188 0.64369958639144897461 0.09131137281656259708 0.66440105438232421875 -1.14874303340911887439 1.07972395420074462891 -1.26670360565185569079 -1.33295750617980957031 1.38606286048889160156 1.23709762096405029297 0.84400939941406250000 -0.48125308752059930972 0.27528598904609680176 -1.23223090171813964844 0.27642133831977838687
-0.88294041156768798828 -0.60436075925827026367 -0.59287071228027343750 0.45917868614196777344 0.32189279794692987613 -1.07172918319702170642 -0.32491111755371088199 1.49321627616882324219 0.96471589803695678711 -1.38129854202270507812 1.46203875541686989514 -0.20271709561347958650 -1.65087556838989257812 -1.10065889358520507812 -0.70691949129104614258 -1.33484995365142822266 1.65778183937072753906 -0.79383462667465209961 0.52056968212127685547 -1.30689609050750710217 -1.35635972023010231702 1.08726632595062255859 0.07828935980796809802 -0.31988453865051269531 1.63441145420074462891 -0.60921573638916015625 0.90191215276718139648 -0.26057726144790649414 -1.53848934173583984375 -1.52796304225921630859 -1.31779682636261008533 0.12197359651327130403 0.48246756196022028140 -0.07388627529144280170 -0.53010040521621704102 -1.27890729904174804688 0.14012913405895230379 0.15155856311321250218 -0.27179357409477228336 0.30520769953727722168 0.14908647537231439761 -1.54737079143524169922 -1.47348999977111816406 1.30138921737670898438 -0.12162327021360390400 -0.38230651617050170898 1.23953950405120849609 1.25409972667694091797 -1.16608679294586181641 1.19601821899414062500 1.10958015918731689453
-0.80543279647827148438 -1.07637929916381835938 0.46174520254135131836 1.60926854610443115234 1.50155425071716308594 0.77417796850204467773 -0.08964504301547999987 1.35438394546508789062 -0.90483146905899036749 0.77471446990966796875 0.59576606750488281250 0.92257452011108398438 -0.83341872692108154297 0.27296480536460870914 -1.59320402145385742188 -0.10234823822975150365 -1.66715872287750244141 1.29048955440521240234 -0.84147679805755615234 0.57620453834533691406 -0.13296635448932639378 -0.88804179430007934570 -1.15986669063568115234 1.29224395751953125000 -0.41601982712745660953 -1.19824385643005371094 -0.79831492900848388672 -0.94152122735977161749 1.05168640613555908203 0.45104107260704040527 1.46896994113922119141 -1.57002413272857688220 0.38691085577011108398 -0.20748755335807800293 0.59978711605072021484 -1.64779961109161376953 -1.71357750892639160156 -1.13910913467407248767 1.77791869640350341797 1.25464820861816406250 1.37485182285308837891 -1.24196755886077880859 -0.94016087055206298828 1.62802326679229736328 1.53272688388824462891 1.33563005924224831311 -1.11330711841583229749 0.36890849471092218570 0.93427640199661243781 1.32405257225036621094 1.19358754158020019531
-0.11708518117666240343 0.49370166659355158023 -0.49835601449012750797 -1.73040473461151123047 0.44367012381553649902 -1.06744372844696044922 -1.73220205307006835938 -0.78317344188690185547 0.76073610782623291016 -1.33328557014465309827 -1.33314502239227294922 -0.08818297088146209717 0.28165477514266967773 -0.02574778161942950158 1.36946189403533935547 -0.99813520908355723993 1.04430031776428222656 1.35561764240264892578 0.75971269607543945312 0.40899083018302917480 -1.56061363220214843750 1.18139195442199707031 1.46530687808990478516 1.08667850494384765625 0.82401984930038452148 1.18251645565032958984 1.04879236221313476562 0.05839479342103000292 -1.44959819316863991467 0.83428174257278442383 1.30160224437713623047 1.65406572818756103516 1.66384494304656982422 -1.15698707103729248047 1.37392151355743408203 -0.82476741075515747070 0.07148486375808710269 0.86939656734466552734 0.89837098121643066406 -0.25936955213546747379 -1.19046235084533691406 -1.53405654430389404297 0.38243833184242248535 -1.55789637565612792969 -1.18355965614318847656 0.29573443531990051270 1.42795777320861816406 1.46675992012023925781 -1.47509825229644775391 1.77391898632049560547 -0.58070784807205200195
0.79010349512100219727 0.78686612844467163086 -0.37939018011093139648 -0.98948389291763316766 -0.64539432525634765625 -0.93544411659240722656 0.52778971195220947266 -1.68301451206207275391 1.38530683517456032483 -0.53349375724792480469 0.82314831018447875977 0.66304039955139160156 0.63618826866149902344 0.94321227073669444696 -0.23077055811882019043 -0.43400114774703979492 -0.90578281879425037726 0.05109148472547529740 -0.52627426385879516602 -1.39686715602874755859 0.17722886800765991211 -0.07092326879501339998 1.15009117126464843750 -0.31703430414199829102 0.34594941139221191406 0.39205819368362421207 0.96650081872940063477 -0.16175566613674161043 0.10580045729875560412 -0.96149379014968883173 0.42589294910430908203 -1.21630990505218505859 0.45138683915138239078 -0.59117746353149414062 -0.34951612353324890137 -1.20997965335845969470 1.40227103233337402344 1.58486688137054443359 1.06393384933471679688 0.70630490779876708984 1.00604772567749023438 1.80659902095794677734 -0.35056826472282409668 1.46227455139160156250 1.44239389896392822266 0.01498102676123379967 -0.31456065177917480469 1.01259195804595969470 -1.15508937835693359375 -0.03862147778272619764 -2.09388589859008789062
-0.53306400775909423828 -0.00664942571893329965 -0.43207749724388122559 0.56992101669311523438 0.76441705226898193359 -1.71591114997863769531 1.09694373607635498047 -1.49001049995422363281 1.21214056015014648438 0.38842588663101190738 1.44056165218353271484 1.35247862339019775391 -0.15118512511253351382 -1.59132230281829833984 0.12767270207405090332 -0.69658613204956054688 1.21552014350891113281 -0.14063477516174310855 -0.94238299131393443719 0.52466750144958496094 0.72416651248931884766 -0.13134293258190149478 -1.39751541614532470703 0.84281289577484130859 -1.71828484535217285156 0.65356010198593139648 -1.64950692653656005859 -1.58902561664581298828 -0.15813957154750821199 -0.47958827018737787418 -1.43571591377258300781 0.72256338596343994141 0.22333602607250210847 -0.82454264163970947266 1.43063437938690207751 1.64480853080749511719 -0.68936330080032348633 1.39796066284179687500 -0.45938333868980407715 -1.66981875896453857422 -0.35263213515281677246 1.45679414272308349609 -1.49728751182556152344 0.40080326795577997379 0.40238279104232788086 -1.20621716976165749280 -1.54822707176208496094 1.33286929130554199219 -0.61579114198684692383 0.63380992412567138672 1.16119360923767089844
-0.25176921486854547672 0.10942999273538589478 -0.23360453546047210693 -0.93325108289718639032 1.09488534927368164062 -0.55124938488006591797 -1.35533940792083740234 0.89424347877502441406 -1.55138802528381369861 -0.32830387353897089175 0.37199476361274719238 0.39606034755706781558 -1.50953793525695800781 0.01101564243435849966 1.37809503078460693359 0.29847925901412958316 1.32950174808502197266 -1.73508453369140625000 -0.76636528968811035156 -1.57279026508331298828 1.19508624076843261719 -1.46974694728851318359 -0.14511230587959289551 -0.96524173021316517218 0.09626585245132439350 0.11401543766260140156 0.11593666672706599841 1.21987628936767578125 1.69515597820281982422 0.64295387268066406250 -1.26118755340576149671 -1.16431844234466552734 -1.29915106296539306641 1.34316766262054443359 0.74363893270492553711 -0.04602071270346640153 -0.84939736127853393555 1.38299643993377685547 -0.10583551228046410297 -0.31297513842582702637 0.37090992927551269531 -0.97547268867492675781 -0.15165741741657248753 -0.18111267685890189427 0.81482249498367309570 0.73519009351730346680 0.13717384636402130127 -1.56615114212036110608 1.44215166568756103516 0.10264521837234490131 0.48814973235130310059
-1.81615447998046875000 -1.41058671474456809314 -0.58351492881774902344 0.18124997615814208984 -0.83252412080764770508 -1.18875741958618164062 0.54790455102920532227 0.96653288602828979492 -1.46683573722839355469 -1.53995466232299804688 0.48384743928909301758 0.34147399663925170898 -0.92364335060119640008 -0.39173993468284601382 0.32486259937286371402 0.34038606286048889160 0.78062564134597778320 0.87758117914199829102 0.49653777480125427246 0.43322950601577758789 -0.59246921539306640625 -1.23913860321044921875 0.16584238409996029939 0.47333425283432001285 0.91978120803832996710 1.47174584865570090564 -1.26257097721099831311 0.64056897163391113281 0.88364750146865844727 0.37571457028388971500 -0.27341139316558837891 1.67895662784576416016 0.54072868824005126953 0.42501696944236749820 0.50921446084976196289 1.45193469524383544922 -1.22131609916686989514 0.43302604556083679199 -0.42626020312309259586 1.45072448253631591797 0.40461924672126770020 -0.68684649467468261719 -0.30003079771995538882 -0.48282757401466369629 1.67223608493804909436 -0.81646507978439331055 -1.02510678768157958984 -0.73543125391006469727 -1.11796081066131591797 0.63000762462615966797 -0.42456582188606262207
-1.33592092990875244141 -0.74299585819244384766 -0.68754631280899047852 0.44804215431213378906 -1.17692995071411110608 -1.24805295467376708984 0.96941775083541881219 1.15480792522430419922 1.02789747714996337891 -0.49438315629959100894 0.09537751972675319323 1.27386260032653808594 1.24551343917846679688 1.11838579177856445312 -1.29698455333709716797 -1.13257634639739990234 -1.60249078273773193359 -0.26386943459510797672 1.15950214862823486328 0.96558231115341197626 -1.34868514537811279297 0.82500815391540527344 0.41975358128547668457 0.44889414310455322266 1.67204213142395019531 -0.84721618890762329102 0.12039741128683090210 0.82998877763748168945 -0.55540609359741210938 0.44821679592132568359 0.94678640365600597040 -0.28548613190650939941 -1.65290331840515136719 0.53216022253036499023 -1.55814981460571289062 -0.00247107562609010000 0.71002191305160522461 -0.79803013801574707031 -1.50216770172119140625 0.98735231161117564813 -1.39152145385742209704 -0.87646013498306274414 0.57813149690628051758 1.23684954643249511719 -0.43381759524345397949 0.61774808168411254883 -0.54847216606140136719 -1.37234854698181152344 -0.92554312944412242548 -1.35644555091857910156 0.72363001108169555664
1.53064608573913552014 1.25811851024627685547 1.45795035362243630139 0.27397510409355158023 1.24343645572662353516 -1.72498703002929687500 0.91714793443679798468 0.95275169610977161749 0.90995848178863525391 0.27523434162139892578 0.27069166302680969238 1.25596392154693603516 -1.00738728046417236328 1.39754545688629150391 -0.56463122367858886719 0.61849898099899291992 -0.57333129644393920898 -1.59490513801574707031 0.07716391235589979691 -0.68925124406814575195 0.03339993208646770129 -0.98941200971603404657 0.18713645637035369873 1.64088499546051047595 -0.62984722852706909180 0.97982674837112437860 1.58547294139862060547 -0.45244890451431268863 -1.70462715625762939453 -0.76808995008468627930 -1.28889501094818115234 0.10442774742841720581 -1.57478773593902610095 -0.57995885610580444336 -1.66015565395355224609 -1.44532883167266845703 0.44519597291946411133 -1.44656956195831298828 -1.07955777645111083984 0.72449761629104614258 -1.40380167961120605469 -0.60008037090301513672 1.10155975818634033203 1.20110321044921875000 -0.47386741638183588199 -1.46944153308868408203 1.31135034561157248767 1.70942997932434082031 0.27971264719963068179 0.31048667430877679996 0.28823092579841608218
-1.31823825836181640625 -1.17603397369384765625 -0.45423784852027887515 0.37658372521400451660 1.01193130016326904297 1.61309504508972167969 1.63734579086303710938 1.32213604450225830078 1.31710875034332275391 0.00736129703000179981 -1.56769573688507080078 -1.10950398445129394531 0.31710371375083917789 0.28463646769523620605 1.10184836387634277344 -0.16998548805713650789 1.03068757057189941406 0.71682822704315185547 -0.16087843477725979890 0.76058751344680786133 -0.45126590132713317871 0.71135586500167846680 -0.98508524894714355469 -1.39236295223236083984 0.49764594435691827945 -1.07568752765655517578 -1.12347805500030517578 0.96828275918960560187 -0.49332016706466669254 0.63995486497879028320 0.10799092799425119571 -0.24624244868755340576 1.23356235027313232422 0.37858971953392028809 -1.30535459518432617188 -0.96655100584030162469 1.05042660236358642578 -0.53160649538040161133 1.26633858680725097656 0.97236782312393199579 0.56600463390350341797 0.84300386905670166016 -1.43816769123077392578 1.47886407375335693359 -0.04649185389280310193 0.73653811216354370117 1.49242329597473144531 0.72688615322113037109 -1.44411695003509521484 -0.99465441703796397821 0.45938709378242492676
0.39448410272598261050 0.22885137796401969212 0.81932598352432250977 0.73625564575195312500 1.12208235263824462891 -1.69420444965362571033 1.01105701923370361328 0.74896579980850219727 1.51786255836486816406 -0.86767256259918212891 1.10903394222259521484 0.20502153038978571109 -1.41070330142974831311 1.49552261829376220703 0.25646287202835077457 -0.81581956148147583008 -1.03802430629730224609 -0.54470342397689819336 -1.69152116775512695312 0.24249885976314539127 1.04848051071166992188 -0.18657362461090079564 -1.29543173313140869141 0.42230033874511718750 -1.35409045219421408923 -1.02101528644561767578 1.19740593433380126953 -0.37400797009468078613 0.10859095305204390092 0.20785775780677789859 1.54181504249572753906 -0.67860937118530273438 -0.77708220481872558594 1.19739151000976562500 0.03464397042989730141 -1.02696645259857177734 1.22977054119110107422 1.10048103332519509046 -0.01644825562834729971 1.67672479152679443359 -0.65136766433715820312 -1.30226373672485351562 0.34551697969436639957 0.01562257111072539936 0.04517021775245660259 -1.51545393466949462891 -1.67331743240356445312 1.64708435535430908203 -1.58282327651977539062 -1.19587624073028564453 -0.00137920968700199994
0.50019520521163940430 -0.36305686831474298648 -1.22816514968872070312 -1.69920611381530761719 -0.61897730827331542969 1.36530995368957519531 -1.60769224166870117188 1.49367547035217285156 -0.65777349472045898438 -0.58162242174148559570 -0.00345404795370990014 0.86275959014892578125 -0.00808043591678139946 0.11381570249795909533 -1.61954832077026367188 1.06255686283111550061 -0.74140501022338867188 1.23420524597167968750 -1.67058324813842751233 0.61486017704010009766 -1.22347903251647949219 -1.45847213268280029297 -1.03666448593139648438 -0.36839723587036127261 -0.02120728790760039936 0.20667989552021021060 -1.00973176956176757812 -1.45807945728302001953 -1.64687752723693847656 -1.63058531284332275391 0.84745156764984130859 1.04287922382354736328 1.27568864822387695312 0.15837608277797698975 -0.99378836154937744141 1.56854557991027832031 -0.74961125850677490234 1.02929878234863281250 -0.77575695514678955078 -1.27733910083770751953 0.86484247446060180664 -1.16090381145477294922 0.32321417331695551090 -0.50738865137100219727 0.82275164127349853516 -0.65480661392211914062 0.72164976596832275391 0.33320766687393188477 -1.61947667598724365234 0.50758564472198486328 0.34229084849357599429
-0.83435916900634765625 -0.81837183237075805664 -0.46227720379829401187 -1.17262506484985351562 0.25940468907356262207 -0.36170995235443109683 -1.53732311725616455078 0.34269019961357111148 0.69381535053253173828 0.33531346917152399234 1.64623415470123291016 -0.19201309978961939029 -0.44065073132514948062 -1.10586547851562500000 1.61829984188079833984 0.09440202265977859497 -0.34651187062263488770 0.21523813903331751041 -0.29820799827575678043 1.13453388214111328125 -1.67480254173278808594 -0.99383294582366943359 0.80147975683212280273 1.40298449993133544922 -0.56172114610671997070 0.61791032552719116211 -0.58468896150588989258 -0.40381073951721191406 -0.87440210580825805664 -1.10508978366851806641 0.00537853408604859959 1.45164310932159423828 -1.04151451587677001953 -0.26740613579750061035 0.95916694402694702148 0.54971647262573242188 -0.71642959117889404297 -0.09129016846418379350 -1.02932488918304443359 -0.73733025789260864258 0.33777260780334472656 -0.69063347578048706055 0.05676165223121640291 -1.46079552173614501953 -1.42561924457550048828 0.98229384422302234992 0.75348931550979614258 -0.55119812488555908203 -1.40486240386962890625 0.01638928614556780031 0.33168682456016540527
-0.07194165885448450259 -0.45841646194458007812 -0.33369559049606317691 0.10285609960556030273 0.02604112774133680169 0.54741555452346801758 -1.48272264003753662109 -0.32876121997833251953 -0.94653463363647460938 0.14328493177890769261 -0.10723379999399179630 0.22120197117328641023 -1.00399839878082275391 1.64721596240997314453 0.00133853394072499989 0.07949351519346230244 -0.62712168693542480469 1.66598474979400634766 1.41267299652099609375 0.09354461729526519775 0.33413252234458917789 1.47165524959564208984 -0.83382648229598999023 0.85968244075775146484 -0.68739092350006103516 -0.06691388040781019730 -1.11474442481994628906 0.51967906951904296875 -1.52610731124877929688 -0.13372093439102170076 0.15765699744224540013 0.33448961377143859863 -1.52599215507507324219 -0.59365236759185791016 1.04232156276702880859 -1.61860001087188720703 0.94411158561706542969 -1.71083104610443115234 0.17629824578762048892 1.24187397956848144531 0.32784810662269592285 0.76789283752441406250 -0.78477680683135986328 -0.96192067861556995734 0.93778538703918457031 -0.03189208731055259705 1.10579228401184082031 -0.10728517174720759997 0.87043482065200805664 1.35594999790191650391 1.17619395256042480469
0.50915223360061645508 0.36958497762680048160 -0.30802193284034729004 -1.09818339347839355469 -1.53046941757202170642 0.31474399566650390625 -1.49000740051269509046 -0.09645294398069380326 -0.39754331111907958984 -0.57480198144912719727 0.46052411198616027832 -1.40055644512176513672 0.92322981357574462891 1.68011748790740966797 0.20603470504283899478 -0.39211326837539667300 1.22579491138458229749 -0.38422071933746337891 0.69203740358352661133 0.59483265876770019531 -1.20468008518218994141 1.27618515491485595703 -1.04773402214050292969 1.08393585681915283203 1.76710355281829833984 0.72109347581863403320 0.16934134066104888916 1.63453137874603271484 -1.13679897785186767578 1.09342992305755615234 1.12715399265289306641 0.40910482406616210938 -0.41125807166099548340 1.37099361419677712171 -1.51444494724273681641 0.26453986763954162598 -0.04771202802658079667 0.96736347675323475226 -1.65044271945953369141 0.16324296593666071109 1.05527150630950927734 -0.42907485365867609195 -1.58585000038146950452 0.09308636933565139771 1.21327078342437744141 0.55634719133377075195 -1.49117445945739768298 -0.87472617626190185547 1.14406025409698486328 -1.03558695316314697266 -1.54110157489776589124
-0.74558877944946289062 0.35241034626960748843 0.33807364106178278140 0.44997626543045038394 0.80012667179107666016 -1.70950949192047119141 -1.09067797660827636719 1.43170964717864990234 -1.13360106945037841797 -1.01541209220886230469 1.28471863269805908203 0.32278171181678771973 0.34921315312385559082 -1.11152374744415283203 -1.66596889495849609375 0.42443296313285827637 1.05261218547821044922 0.29108020663261408023 0.55958563089370727539 0.65016132593154907227 0.49399715662002557925 -0.85155808925628662109 -0.00178690103348340011 -0.22004069387912750244 0.78161269426345825195 -1.55660259723663330078 -1.37507498264312744141 1.05359399318695090564 -1.61697959899902343750 1.24710977077484130859 -1.14068114757537841797 -0.93579757213592518195 -1.02165663242340087891 -1.20885026454925537109 1.64656865596771240234 -1.08837115764617919922 -0.52859163284301757812 0.45329806208610529117 -1.37049007415771484375 0.93847161531448364258 1.28607094287872314453 -0.19249075651168820467 0.88339459896087646484 -1.05734336376190207751 -0.56934672594070434570 -1.36916112899780273438 -0.88305133581161499023 0.04607805609703059802 -0.51992893218994140625 -1.39181709289550781250 0.95441269874572765008
-0.73192524909973144531 -0.65138822793960571289 0.59210866689682006836 0.98472911119461059570 -1.48812055587768554688 0.38931700587272638492 0.33709213137626647949 1.41793215274810791016 0.66345757246017456055 0.85047292709350585938 -0.21848368644714349918 -0.95745164155960083008 -0.70671796798706054688 0.01564266718924040012 0.49839121103286737613 0.92392659187316894531 -1.20858132839202880859 0.55123019218444824219 -0.29041770100593561343 -0.26416987180709838867 -0.61120808124542236328 -0.24842885136604309082 -0.70211917161941528320 0.07408940047025680542 1.15742862224578857422 1.29690837860107421875 1.01610338687896728516 -1.13469564914703369141 -1.27400112152099609375 0.31041041016578668765 -1.22400867938995361328 -0.04000495746731749791 -0.40411522984504699707 -1.22526156902313232422 0.96868675947189319952 -0.30917593836784357242 -0.92556434869766235352 -1.69345223903656005859 -1.15883553028106689453 -1.63917219638824462891 0.13967862725257870760 0.72510516643524169922 -0.55816507339477539062 -0.47193840146064758301 1.70895349979400634766 -1.44012844562530517578 -0.93169689178466796875 -0.77810299396514892578 0.81165838241577148438 0.07833321392536160555 0.71722733974456787109
-1.03474211692810058594 -0.48851835727691650391 -1.23307251930236816406 -1.05310177803039550781 -1.01938998699188232422 0.13375954329967498779 0.49113324284553527832 0.37265229225158691406 -1.25653314590454101562 -0.68285423517227172852 1.44517672061920166016 0.28746882081031799316 -1.64545261859893798828 0.60327452421188354492 -1.43445885181427001953 0.56594365835189819336 -0.28789871931076049805 0.18069832026958460025 1.31360363960266113281 0.47605401277542108707 0.48056378960609430484 -1.00230622291564941406 0.24586535990238189697 -0.02348584681749340056 -1.24385440349578857422 -1.14120793342590309827 -0.48226210474967950992 -1.46218144893646240234 -1.11277151107788085938 -0.24814480543136591129 -0.77466106414794921875 -1.24440765380859375000 -0.07590090483427039403 0.11034455150365829468 0.06583375483751290058 0.83305865526199340820 0.55764335393905639648 0.55210787057876586914 1.35985779762268088611 0.71364283561706542969 -1.74226355552673339844 -1.26574742794036887439 1.62158036231994628906 1.39836192131042480469 -1.28185009956359863281 0.83720785379409790039 -0.19559456408023828677 -0.81148856878280639648 1.12457025051116943359 -1.23358464241027832031 0.96058839559555042609
0.86032015085220336914 1.53398919105529807361 0.53884673118591308594 -0.61217200756072998047 -1.35393035411834716797 -0.50511300563812255859 -0.23462705314159390535 0.87962985038757324219 -1.05602395534515380859 -0.85369801521301269531 -0.01236631907522670049 -0.97692263126373279913 1.39944934844970703125 0.82468318939208984375 -0.79320216178894042969 1.41560184955596923828 -0.16570846736431119051 -0.77098137140274047852 0.35417324304580688477 -0.17916913330554959383 -0.51885485649108886719 0.96472710371017456055 1.42546963691711447986 0.29402932524681091309 -1.68513870239257790296 0.87855952978134155273 1.20541489124298095703 -0.36377733945846557617 -0.18033543229103080052 -0.84028178453445434570 0.98156118392944335938 -0.96271479129791259766 0.75552093982696533203 -1.17485916614532470703 -1.46503984928131103516 -0.90156364440917957648 -1.67227435111999511719 0.10802710801362989945 0.34299129247665399722 -0.39971184730529779605 0.96096134185791015625 -1.42135834693908691406 -0.53397357463836669922 0.53242021799087524414 0.20216563344001770020 0.38754975795745849609 0.23857960104942319002 -0.77372348308563232422 0.20542913675308219212 1.74598133563995361328 -1.24855792522430419922
1.51903426647186279297 1.49704897403717041016 2.08306121826171875000 0.92736577987670898438 -0.66286331415176391602 0.71894997358322143555 1.44026792049407958984 1.05851411819458007812 -0.85944557189941406250 1.56722426414489768298 0.09116369485855099764 -0.32706442475318908691 -0.96871030330657958984 -0.87080740928649902344 1.24607861042022705078 -0.48451718688011169434 -0.39416664838790888004 0.86545264720916748047 -0.24122539162635800447 0.39430129528045648746 -0.22898125648498529605 0.22566391527652740479 0.10340829193592070145 -1.30796909332275390625 1.09130334854125976562 -0.10609360039234159989 0.19022667407989499178 1.37784230709075927734 1.49190354347229003906 -0.38353875279426569156 0.94556391239166259766 -1.28135824203491210938 0.56455999612808227539 -0.59500402212142944336 -1.00546300411224365234 -1.29914307594299316406 1.16674184799194335938 -1.38234448432922363281 -1.26887953281402610095 1.55372571945190429688 -1.60040032863616943359 -0.51958268880844116211 -0.40804830193519592285 0.28138044476509088687 -1.56049978733062744141 -1.60458505153656005859 0.41650480031967157535 0.15245662629604339600 0.65815293788909912109 -1.49542224407196044922 0.92913758754730224609
-0.75596612691879272461 -0.58298778533935546875 -0.66365605592727661133 -1.53137433528900168689 -0.36877563595771789551 0.59335005283355712891 -1.07957112789154030530 0.03379382565617559953 0.72153759002685546875 1.28396284580230712891 -0.43469080328941339664 -0.03321160376071929932 -0.12064555287361139468 -0.60638618469238281250 -0.10995279997587199816 1.03228414058685302734 1.09492957592010498047 1.20559537410736083984 0.17360793054103851318 0.56463438272476196289 1.60707783699035644531 0.57471257448196411133 -0.63916450738906860352 -0.39166089892387390137 -1.00385808944702170642 -0.77050483226776123047 0.25787654519081110172 -0.95924001932144165039 0.36515152454376220703 -1.29952573776245117188 -0.49873566627502441406 0.33607134222984308414 0.82794833183288574219 1.46168875694274902344 1.12750768661499023438 1.16680574417114257812 -1.72170186042785644531 1.00117111206054687500 -1.42148697376251220703 1.57346546649932861328 -1.01059830188751220703 -1.62752616405487060547 0.86078089475631713867 1.46426498889923095703 1.68290078639984130859 -0.85115027427673339844 0.88225531578063964844 -0.19241893291473388672 -0.11381328850984570589 1.40663266181945800781 0.43126729130744928531
-0.61208701133728027344 -1.31557083129882790296 -0.85047316551208496094 1.00784313678741455078 -0.34318429231643671207 -0.06228160485625260090 0.35978221893310541324 -0.39606130123138427734 1.33638560771942138672 0.79536175727844238281 0.65496331453323364258 0.32474544644355768375 0.63183552026748657227 -0.53401792049407958984 -1.65377223491668701172 1.70952177047729492188 -0.22949424386024469547 -0.38131052255630487613 1.58883202075958229749 0.89388173818588256836 -0.03170007467269889828 1.44163155555725097656 0.11510325223207469592 -1.26475334167480490954 0.16832450032234189119 1.13006210327148437500 1.02903413772583007812 -0.26012438535690307617 -0.31521159410476679019 -1.38888621330261230469 -0.04319250583648680253 0.72058570384979248047 1.04783248901367209704 0.01413028221577400032 -0.19097216427326199617 -1.23026084899902343750 0.50740993022918701172 -1.67629206180572509766 0.03918939456343650124 0.38623961806297302246 1.15415918827056884766 -1.19663214683532714844 -0.02618262544274330139 -0.90438574552535999640 -0.64064037799835205078 0.11080504208803169941 0.39550942182540888004 -1.14871633052825927734 -0.86313408613204956055 -1.29174518585205078125 0.62270551919937133789
0.02294934354722499847 0.19323794543743130769 -0.60510522127151489258 -0.79429918527603149414 0.50488084554672241211 0.14463017880916589908 -1.30759477615356445312 0.75223785638809204102 -1.63736748695373535156 1.48159301280975341797 -0.43664839863777160645 -0.82917308807373046875 0.20607776939868918675 1.54199266433715820312 1.52254164218902610095 0.36658442020416259766 0.41663256287574768066 0.09188790619373320145 -1.53179085254669189453 1.10323250293731689453 0.41852107644081110172 1.29706978797912597656 -1.13315773010253906250 -1.51234889030456542969 0.75303065776824951172 0.75449705123901367188 -1.62562811374664306641 0.88929396867752075195 0.60019648075103759766 -0.26736223697662347965 -0.82568788528442382812 0.21307843923568720035 -0.92497587203979481085 -1.25360274314880371094 -1.50482761859893798828 -0.95268225669860839844 1.52887105941772460938 1.50750315189361550061 1.20679771900177001953 -0.89114099740982055664 0.67660969495773315430 1.78179359436035156250 -0.04781709983944890108 -0.89207875728607177734 0.83863526582717895508 1.59689664840698242188 -0.18466885387897488680 -1.51479852199554443359 0.13374689221382141113 -0.59099912643432617188 0.20041792094707489014
1.68450605869293190686 1.30824315547943115234 0.18393948674201959781 -0.71490556001663208008 1.55138278007507324219 -0.31941744685173029117 0.69292938709259033203 0.09389378130435939440 0.76806205511093139648 1.06838738918304443359 0.81073117256164550781 -1.30866825580596923828 -0.21934860944747919254 -1.04215788841247558594 0.64744675159454345703 0.69345527887344360352 1.24159944057464599609 1.61887156963348410876 0.20930355787277218904 -1.17736971378326416016 -0.62229698896408081055 -1.63282060623168967517 -1.45829164981842041016 1.61815285682678222656 -0.07643149793148039384 1.65892219543457031250 -0.92913722991943359375 -0.07585580646991729736 -0.80827802419662475586 0.26269191503524780273 0.56993144750595092773 -0.84471952915191650391 -1.05941724777221679688 1.72967314720153808594 1.51088726520538330078 0.34499156475067138672 0.47204044461250299625 1.54140794277191162109 -0.78537774085998535156 -0.55389845371246337891 0.27829524874687189273 -1.16013324260711669922 1.48429322242736816406 -0.79364222288131713867 -0.04379143938422200288 -0.15432371199131009187 -0.04235167801380149838 -1.08088314533233642578 -0.52795433998107910156 1.20106399059295632092 0.61480420827865600586
1.65885031223297119141 0.82188051939010620117 0.30202004313468927554 -0.94753372669219959601 -0.21158075332641598787 1.36408126354217529297 1.23377585411071777344 -0.74758195877075195312 -0.93797785043716441766 1.54273200035095192639 1.55223834514617919922 0.19966110587120050601 -1.53772807121276855469 -1.04268598556518554688 -0.71974736452102661133 -0.63304018974304199219 0.03817545622587199816 0.25297963619232177734 1.20840275287628151624 -1.24448454380035400391 -1.19689679145813010486 -0.40406018495559692383 -1.20161914825439430921 1.19423568248748779297 1.17124259471893310547 0.41032385826110839844 0.78230774402618408203 -0.90081077814102161749 -0.84865683317184448242 0.61086708307266235352 -0.47627621889114379883 0.46269577741622919254 -0.44741055369377130679 -1.33556330204010009766 1.46321654319763183594 -1.07793390750885009766 0.52620953321456909180 -1.66466176509857177734 0.70025438070297241211 -1.47546470165252685547 0.03529717028141020341 -1.44896936416625976562 -0.84760493040084838867 1.15243279933929443359 -1.35629498958587646484 -0.90650480985641479492 1.03842186927795410156 -1.21580433845520019531 -1.59239435195922829358 0.60247302055358886719 -1.44817793369293190686
0.71332204341888427734 1.46832787990570090564 0.33064168691635131836 -0.74647140502929687500 1.54984164237976074219 0.56004643440246582031 -1.06651580333709716797 -1.38791465759277343750 -1.30659472942352294922 -0.10980524867773050479 0.12105774879455559467 -0.80742186307907104492 1.40532755851745605469 0.27315881848335260562 -0.20454490184783929996 0.01146994438022370076 0.14106063544750210847 -0.37090903520584100894 0.60183119773864746094 -1.28312706947326660156 0.20498016476631159000 -1.57234025001525878906 -1.06903922557830810547 -0.30832681059837341309 -1.42793214321136474609 -0.96488898992538441046 0.04148551449179640332 1.54854643344879150391 -0.76055979728698730469 -0.39392879605293268375 1.55486011505126953125 -0.83217388391494750977 0.99158626794815063477 -0.21433393657207489014 -0.86007899045944213867 1.52167487144470192639 -1.36338305473327636719 0.13018439710140219945 1.16322624683380126953 0.85230213403701782227 1.35885977745056152344 -0.20330156385898590088 1.53608965873718261719 -0.78525203466415405273 -1.20924055576324462891 0.26961684226989740543 0.02585786767303940165 -0.85603398084640502930 -0.02876411937177179856 -0.76643604040145874023 -1.11953675746917724609
1.13418865203857421875 1.59118366241455078125 1.25309133529663085938 0.12691204249858850650 -1.70051324367523193359 -1.65225315093994140625 0.59328031539916992188 0.50228112936019897461 -1.39230477809906005859 -1.10743868350982688220 -1.74488067626953125000 -0.21987186372280120850 0.03593770414590830020 -0.63170343637466430664 -0.05672380700707430057 -0.05562074482440940160 0.43203932046890258789 1.62739956378936767578 0.52498906850814819336 0.65780198574066162109 -0.58784878253936767578 -1.02949905395507790296 -0.78702092170715332031 -1.25126993656158447266 0.81348729133605957031 0.45933502912521362305 -0.78596657514572143555 0.43531242012977600098 0.40737712383270258121 -1.63504517078399658203 -0.79765325784683227539 0.59620594978332519531 -1.07884454727172829358 0.15824471414089200105 0.44717881083488458804 -1.43395674228668190686 -1.06182992458343505859 0.40179824829101562500 0.76651501655578613281 0.59639620780944824219 1.04430532455444335938 -0.73056548833847045898 1.42785155773162841797 -0.39906787872314447574 0.13464060425758359041 -0.54177677631378173828 -1.52429246902465820312 -1.70051181316375710217 1.39343881607055664062 -0.72310304641723632812 -0.24485030770301818848
-1.73813140392303489001 -0.90363562107086181641 0.01188113540410989932 0.01915436610579489968 0.49997812509536737613 0.13636049628257748689 -1.03279757499694824219 -1.21075749397277832031 0.70737975835800170898 0.40880233049392700195 -1.04869163036346435547 -1.65438663959503151624 -1.15761852264404296875 0.97050750255584716797 0.29161262512207031250 1.40675592422485351562 1.11746835708618164062 1.50046551227569580078 -0.67853260040283203125 1.29144752025604248047 1.41242647171020507812 0.06241548806428900281 -0.61847442388534545898 -0.41091808676719659976 0.85297316312789916992 -0.70527231693267822266 -1.14214920997619628906 -1.29558575153350830078 -1.37293255329132080078 0.36683288216590881348 0.05973447486758230035 0.63955283164978027344 -1.16273999214172363281 -1.41827833652496337891 0.12867620587348929662 -0.87028461694717407227 -0.86419934034347534180 1.32712495326995849609 0.23955413699150079898 0.71888571977615356445 0.27665185928344721011 -1.37961649894714355469 0.68648719787597656250 1.33137881755828857422 1.31373310089111328125 -0.35745298862457269840 -0.19129696488380429353 -1.48706758022308349609 0.56319528818130493164 -0.20461964607238769531 0.11001481860876080598
-0.58374685049057006836 -1.24752855300903320312 -0.35872831940650939941 1.20043134689331032483 0.44758445024490350894 0.00569583941251029964 -1.50688552856445312500 0.76303982734680175781 0.91271102428436279297 -1.15511322021484375000 0.88736468553543090820 -0.50244247913360595703 0.08592644333839409565 -1.28071630001068115234 0.74230867624282836914 -0.03637318313121790103 -0.88844650983810424805 0.75592648983001708984 1.34684944152832031250 1.06756150722503662109 -0.24153847992420190982 0.15743887424468991365 0.04147905856370919658 -0.01169465482234949977 1.43741786479949951172 -0.94382816553115844727 -0.38168278336524957828 0.46119314432144159488 0.53185647726058959961 1.21900475025177001953 -0.98040378093719482422 1.58946919441223144531 1.37195515632629394531 0.32599264383316040039 1.63306534290313720703 -0.16411930322647089175 -1.73545515537261962891 1.08739876747131369861 -0.97716617584228515625 -0.00241409149020910003 -1.71037876605987571033 0.51920378208160400391 -0.01604257710278030047 1.04815399646759033203 -0.11743412166833870625 0.42922925949096679688 -0.23350356519222259521 1.47549724578857421875 -1.05693244934082031250 -1.36497414112091064453 0.79605460166931152344
-0.78790551424026489258 -1.54412293434143088611 -1.31468808650970458984 -1.21268022060394287109 1.55237960815429687500 -0.38918238878250122070 -0.86740458011627197266 1.56736350059509277344 0.37946900725364679507 -0.83191251754760742188 -1.41640818119049072266 -0.06920848786830899324 1.66106665134429909436 1.56634187698364257812 0.69230878353118896484 -1.58840763568878151624 1.64978146553039550781 -0.77669173479080200195 1.64393341541290283203 -0.58700156211853027344 -1.60128033161163330078 -0.07250949740409849686 -1.37338972091674804688 -1.22933244705200195312 0.13316133618354789037 -0.34695214033126831055 -1.60972416400909423828 1.22177302837371848376 0.29453948140144348145 -0.88560414314270019531 0.57663822174072265625 0.98305541276931762695 -0.76102334260940551758 -0.58098584413528442383 -0.04661105573177330014 -0.33669695258140558414 -0.79324096441268920898 -0.46485823392868041992 -1.37936151027679443359 -0.32693716883659357242 -0.85123044252395629883 -0.62404102087020874023 -0.31953716278076171875 -0.37458375096321100406 -0.75354421138763427734 -0.98894119262695323602 0.07406699657440179996 -1.26865148544311523438 0.86713588237762451172 0.70570194721221923828 0.23939773440361020174
-0.48270854353904718570 -0.61204254627227783203 -0.28872472047805780582 -0.62715566158294677734 -0.03696153685450549731 -0.90744417905807495117 -1.55019283294677712171 -1.01252639293670632092 -0.79094523191452026367 0.04808220267295829770 0.74322366714477539062 1.39367043972015380859 -0.18526811897754669189 -0.26279807090759277344 -1.12536191940307617188 0.95373922586441040039 -0.85304194688796997070 0.88164496421813964844 -1.04658186435699462891 0.01786215975880620088 -0.57744783163070678711 0.34986719489097589664 1.51017379760742209704 0.29015973210334777832 -0.90682643651962280273 -1.53320264816284179688 0.97786515951156616211 -1.48261904716491699219 0.87223392724990844727 0.60793864727020263672 0.52917569875717163086 0.31002271175384521484 -0.35283705592155450992 -1.58135080337524391858 0.79608130455017089844 0.32758992910385131836 -0.76386892795562744141 0.80047923326492309570 -0.85421830415725708008 0.68018805980682373047 0.98882710933685302734 -0.51385688781738281250 1.66271018981933593750 -1.58838915824890136719 -0.34300360083580011539 -1.57258272171020507812 1.04520130157470703125 1.31904578208923339844 1.49780786037445090564 -1.59377825260162353516 0.59337532520294189453
1.68346476554870605469 1.25599539279937744141 -0.73580420017242431641 -1.20416367053985595703 -0.05806294083595270328 0.34932604432106018066 0.52446955442428588867 -0.62345004081726074219 -0.85570496320724487305 1.49316167831420898438 1.16207623481750488281 1.70369207859039306641 -1.04844927787780761719 -0.70638006925582885742 0.51331418752670288086 0.65630459785461425781 -1.39064073562622070312 -0.95715278387069702148 -1.16621124744415283203 1.21643495559692382812 0.10224904865026469836 0.63885968923568725586 0.05044093728065490029 -0.24281840026378628816 -1.05138695240020751953 1.59602582454681396484 -1.12249338626861550061 0.86672610044479370117 -1.45061767101287841797 -1.47307705879211447986 -0.10035899281501770020 0.13485689461231228914 -0.88754099607467651367 0.69387716054916381836 1.21731424331665039062 1.44880235195159912109 0.48352035880088800601 1.25628173351287841797 1.55593180656433105469 0.80799341201782226562 1.28021335601806640625 1.31130254268646240234 1.62070751190185569079 -1.27981030941009521484 1.53171575069427490234 0.28348702192306518555 -1.37980818748474121094 0.06373552232980719823 0.52801221609115600586 0.87529224157333374023 0.30073505640029907227
-0.56690847873687744141 -0.54698169231414794922 -0.50294780731201171875 -0.10142850130796429720 0.57879936695098876953 0.16953721642494198885 1.27339017391204833984 -1.15752685070037841797 0.77683746814727783203 -1.25045335292816162109 -1.49912655353546142578 -1.19077956676483154297 0.33419007062911987305 0.42914804816246032715 0.98363983631134044305 0.31663221120834350586 1.28527259826660156250 1.31153869628906250000 0.54785674810409545898 1.20713841915130615234 1.49619293212890625000 1.66592395305633544922 0.79964572191238403320 -0.58888167142868041992 -0.04484717175364490160 -0.50547057390213012695 -0.80870342254638671875 0.86033970117568969727 -0.63023954629898071289 0.64905750751495361328 -1.45563554763793967517 -0.09907867759466169877 1.65475165843963623047 0.62498944997787475586 1.16264212131500244141 -0.20125499367713919896 1.37708950042724609375 0.33264616131782531738 0.06697257608175269383 1.47049391269683837891 -0.15819302201271048802 -0.09941265732049940629 1.55626916885375976562 -0.63927197456359863281 0.93482291698455799445 0.13967689871788019351 -0.68315196037292480469 0.52397209405899047852 1.58182024955749511719 0.70156824588775634766 1.01268064975738525391
-1.05580794811248779297 -0.51446586847305297852 0.01966550014913080041 -0.27121210098266601562 1.31757688522338889392 -0.85350775718688964844 -0.95157212018966674805 -1.16490316390991210938 -0.71911013126373291016 -0.55607432126998901367 0.94779968261718761102 -1.49753963947296142578 0.57683181762695312500 0.88551086187362670898 0.13806937634944910220 -0.16643919050693509187 -1.56402969360351562500 -1.24153125286102294922 0.16354013979434958714 -1.29514074325561523438 -1.13737297058105490954 -0.74453932046890258789 -0.26625525951385498047 0.21425695717334738988 0.53973793983459472656 1.59463548660278320312 1.60286986827850341797 1.24427330493927001953 1.19719231128692649158 -0.03919875994324679980 1.43461918830871582031 0.43411138653755187988 -1.17527294158935569079 0.17333939671516410130 -0.00926986522972579954 0.55146062374114990234 1.17481851577758789062 -0.56056898832321166992 0.14385232329368591309 1.61547815799713112561 0.57074350118637084961 1.39870870113372802734 1.06461751461029030530 -1.11407458782196044922 -0.31163987517356872559 1.58577680587768554688 1.20483577251434326172 0.83965808153152465820 0.79477155208587646484 0.50734019279479980469 0.72160071134567260742
-0.34066927433013910465 -0.76310420036315917969 0.62655466794967651367 1.37589299678802490234 -0.49502789974212640933 1.00832402706146240234 -0.52777570486068725586 1.05663216114044189453 -0.97411620616912841797 1.42897033691406250000 0.42179280519485468082 0.16325488686561578922 -1.42356872558593750000 0.33749356865882867984 -1.22085642814636230469 -1.21066510677337646484 1.55529570579528808594 -0.32252356410026550293 -1.52846181392669677734 0.09585555642843239521 -0.04698390141129490244 -0.70447975397109985352 0.09834380447864529695 1.75429403781890869141 -0.59432917833328247070 0.97944653034210205078 -1.33168351650238037109 -0.63128566741943359375 -0.17663800716400140933 -0.44923165440559381656 1.19909036159515380859 0.57914739847183227539 1.46135568618774391858 -1.17479074001312255859 1.32496774196624755859 -0.45447009801864618472 -0.45512801408767700195 0.57134306430816650391 -0.67725110054016113281 1.09783351421356201172 0.78546941280364990234 -0.63759410381317138672 0.65122175216674804688 1.34003484249114990234 -1.47452628612518310547 -0.93221527338027965204 1.56566679477691650391 -1.10228705406188964844 -0.89926695823669433594 0.90022492408752441406 0.91474640369415283203
0.60330790281295776367 1.35730469226837158203 2.28931617736816406250 1.30177605152130126953 0.43849802017211908511 0.69267183542251586914 1.37685906887054443359 1.48074305057525634766 -1.05125463008880615234 -0.96841561794280994757 -0.12571102380752560701 1.75473511219024658203 1.70589697360992431641 -0.73973321914672851562 -0.15047724545001980867 -0.95075225830078125000 -0.39974850416183471680 0.48264747858047479800 0.22925695776939389314 0.88706344366073608398 -0.52304780483245849609 -0.22996510565280908756 0.87702065706253051758 -0.94767791032791137695 0.13657931983470911197 -0.87801402807235717773 -0.12550191581249228734 0.50286734104156494141 0.26709300279617309570 -0.72571241855621337891 -0.74134129285812377930 1.69671487808227539062 0.13679951429367059879 0.33447805047035217285 -0.86355340480804443359 -1.74916934967041015625 -1.49904036521911621094 0.21562601625919339265 -0.08306955546140669389 1.45975410938262939453 -1.22629845142364501953 -1.15430378913879394531 1.58236801624298095703 -1.57193434238433837891 0.88281631469726562500 -0.66287618875503540039 1.46299481391906738281 1.53344249725341796875 -0.96566206216812122687 1.24091935157775878906 -0.90267944335937500000
-0.87007302045822143555 -1.19699251651763916016 0.07459918409585949983 1.14591634273529030530 1.28169250488281250000 -1.38943374156951904297 1.11573255062103271484 -0.64375591278076171875 0.47863236069679260254 0.88205301761627197266 -1.73463594913482688220 1.78520989418029807361 -1.43262004852294921875 -0.52463471889495849609 1.34320998191833496094 -0.48191979527473449707 -1.38187110424041770251 0.15199193358421320132 0.59851509332656860352 -1.12345802783966064453 -0.95736593008041381836 0.39785268902778619937 -1.56967353820800781250 1.47017884254455566406 1.76961076259613037109 1.42246830463409423828 -0.48221486806869501285 -1.29007005691528320312 -1.55048584938049316406 -1.57276749610900878906 1.12614178657531738281 0.05075212195515629854 -0.34174039959907531738 -1.45486640930175781250 -1.42597353458404541016 0.59288436174392700195 1.70413839817047119141 1.65700554847717285156 -1.19725060462951660156 -0.77759075164794921875 -0.28388583660125732422 -0.90484493970870960577 -0.59811562299728393555 0.27047196030616760254 -1.14316320419311523438 0.26171025633811950684 -1.23271000385284423828 -1.45254719257354736328 -1.16185021400451660156 -0.08964116126298900256 0.78432857990264892578
0.54967939853668212891 0.95732963085174560547 2.06691408157348632812 1.37360525131225608142 0.15452539920806879215 0.96105623245239257812 1.48472285270690917969 0.16309556365013119783 0.16491331160068509187 0.62979185581207275391 1.41024315357208229749 0.17375105619430539217 0.59646844863891601562 0.92573958635330200195 -1.67660260200500488281 0.54545277357101440430 -1.27210748195648193359 1.51506721973419189453 0.77143961191177368164 -1.70983695983886718750 1.55796778202056884766 1.11505639553070090564 1.53472805023193359375 -1.31591832637786887439 0.87231773138046264648 -0.87450218200683593750 -1.36254179477691650391 -0.36217239499092102051 0.47791007161140441895 -0.03476125746965399999 1.21866405010223410876 -0.95936900377273559570 -1.26459693908691406250 -1.45525634288787841797 0.52713030576705932617 0.75855571031570434570 1.08921444416046142578 0.25763410329818720035 0.52630954980850219727 -0.68496471643447875977 1.20752835273742675781 0.36393433809280389957 0.70916342735290527344 1.71068036556243896484 -1.04567432403564430921 0.33602091670036310367 0.57821953296661376953 0.38126939535140991211 0.67058247327804565430 -0.82025885581970214844 -1.34653782844543457031
-1.37462985515594482422 -1.36811459064483642578 -0.26824298501014709473 -0.27474418282508850098 1.21910607814788818359 -1.70721173286438010486 0.37686538696289062500 1.11941075325012207031 0.05604095011949530164 0.77040570974349975586 -1.32115650177001953125 -0.85715752840042114258 -1.25578415393829367908 -0.74974846839904785156 1.08044207096099831311 -0.84470152854919433594 0.82435715198516845703 0.82653379440307617188 -1.06310343742370605469 -0.88584727048873901367 1.04408133029937744141 0.24614952504634848851 1.52484571933746337891 0.44619485735893249512 -0.62687993049621582031 -1.55171787738800048828 0.70333164930343627930 -0.02400805242359629887 -0.07956041395664209537 -1.32614398002624511719 1.52704858779907248767 1.73596024513244628906 -0.24791829288005828857 -0.07554600387811659379 0.78905725479125976562 1.50502836704254150391 -1.69905555248260498047 1.04363667964935302734 -0.30192106962203979492 0.72556316852569580078 0.84915030002593994141 -0.32488620281219482422 1.27986645698547363281 -0.49758625030517578125 -0.06818001717329019717 -0.39261063933372497559 -0.00234574801288540014 -0.84460741281509399414 -0.09038065373897549715 1.29787027835845969470 0.11986122280359259862
-1.72972249984741210938 -1.29505395889282248767 -1.27000725269317649158 1.22156190872192382812 -0.15576830506324759740 0.88687360286712646484 -0.89743113517761230469 -0.66074866056442260742 0.04734468460083000180 -1.43907058238983154297 -1.22460436820983886719 -1.12427747249603271484 -0.81777119636535644531 -0.70372200012207031250 1.11952817440032958984 -1.11740052700042724609 0.19918031990528101138 -0.68029218912124633789 -0.30097198486328119449 0.22371782362461090088 -0.81809568405151367188 1.15861201286315917969 -1.37143135070800781250 1.24621152877807617188 1.42491614818572998047 -1.36625337600708007812 -0.87444454431533813477 1.14885067939758300781 1.05015873908996582031 -0.45218324661254877261 -1.38918042182922363281 -1.42177784442901589124 -0.96935367584228515625 0.09939724206924430150 0.26399725675582880191 -0.32915580272674560547 -1.29868304729461669922 1.53956246376037597656 -0.25612959265708917789 1.17082810401916503906 -0.49891254305839538574 -1.18602025508880615234 -1.71991896629333496094 -0.13312788307666770238 0.07660226523876190186 0.78970509767532348633 1.32273054122924804688 -1.63816213607788085938 1.62872016429901123047 0.61930185556411743164 0.94283372163772583008
-0.63524174690246582031 0.03483827784657470006 1.76574492454528808594 1.62321019172668457031 0.49084687232971191406 -0.69930273294448852539 -0.28130191564559930972 1.06417441368103049548 1.07143509387969970703 -1.01765644550323486328 0.94857543706893920898 -0.62888735532760620117 1.37821555137634277344 -1.43656158447265625000 -1.20423626899719238281 -1.45625877380371093750 -0.17458999156951898746 -0.10536850988864890355 -0.09225425124168390445 -1.61228895187377929688 0.67910706996917724609 -1.62319791316986083984 -0.28119581937789911441 -0.67760139703750610352 -1.34566938877105712891 1.02158212661743164062 0.30949079990386957340 1.46445071697235107422 -1.36852765083313010486 -0.20096281170845028963 -1.34181022644042968750 -0.56188583374023437500 1.46635198593139648438 -1.00493872165679909436 0.62032341957092285156 -0.32413622736930841617 -0.23006437718868250064 0.40757986903190607242 1.44150674343109130859 -0.57200497388839721680 -0.59964978694915771484 -0.04671105369925489942 -1.54647505283355712891 -1.21575129032135009766 1.13989222049713112561 -1.31983208656311035156 1.26734685897827170642 1.01285219192504882812 1.47723615169525168689 0.29994529485702509097 1.33957445621490478516
0.24645307660102838687 0.04447957500815390153 -0.87000781297683715820 -0.65565502643585205078 1.68248379230499289783 -0.87682080268859863281 -1.44208085536956809314 0.68916505575180053711 1.69896924495697021484 1.49207079410552978516 1.03544199466705322266 0.29765084385871881656 -1.61598050594329833984 -1.53189349174499511719 -0.12876087427139279451 -0.50413596630096435547 -0.77396434545516967773 -0.12322141230106349596 1.26571989059448242188 0.03918292745947830197 0.33758330345153808594 -1.48874592781066894531 -1.06752920150756835938 0.22223797440528869629 0.52676504850387573242 0.43240764737129211426 -1.44139659404754638672 1.69052457809448242188 1.29654824733734130859 0.02944345958530900087 1.34033799171447753906 -0.60213357210159301758 1.51745975017547607422 0.38160750269889831543 -0.34723004698753351382 -0.26638880372047418765 -0.42635947465896600894 -1.20566189289093017578 0.06629245728254309911 1.15893661975860595703 -1.75645732879638671875 1.26213145256042480469 0.06231348216533660195 -0.64000815153121948242 -0.07948715239763259888 1.40750455856323242188 -0.24120806157588958740 0.12020698934793469514 1.58365833759307861328 0.66868811845779418945 0.84596210718154907227
-0.92204946279525756836 -1.15006875991821289062 -0.71702939271926879883 -1.58204019069671630859 1.20876491069793701172 -1.69492685794830322266 0.49234059453010559082 -0.56387972831726074219 -0.73859870433807373047 -1.46136832237243630139 1.32887637615203857422 -0.93989849090576160773 -1.18328797817230224609 -0.28822547197341918945 -0.29541680216789240054 1.39361286163330078125 0.74405670166015625000 0.40128043293952941895 0.25960317254066467285 0.45880407094955438785 0.83386325836181640625 0.99001026153564442023 -0.84569835662841796875 0.11223860830068579930 -0.41547766327857971191 1.46059668064117431641 0.19766479730606079102 1.19514155387878417969 1.53567981719970703125 1.58798515796661376953 0.02606724575161930083 0.75848633050918579102 -0.55026739835739135742 -0.26211237907409667969 -0.92099028825759876593 0.93614888191223144531 1.06873106956481911389 -1.27605998516082763672 -0.39106866717338562012 1.09709739685058593750 0.26659664511680597476 1.16374289989471435547 -0.84390670061111450195 1.66504168510436989514 1.17746460437774658203 1.63961565494537353516 0.82173371315002441406 1.40817880630493164062 -0.30049949884414667300 1.08160901069641113281 -0.08066587895154950227
-0.24943408370017999820 -1.13018262386322021484 -1.10252380371093750000 1.48683953285217285156 -1.69099307060241699219 -1.10610723495483398438 0.37306043505668640137 0.69284445047378540039 -0.13769741356372830476 0.03885327652096740025 -1.17122602462768554688 0.92517399787902843133 0.22894932329654690828 0.20694160461425781250 -1.31029748916625976562 -0.65987724065780639648 -0.23731814324855798892 -1.10328376293182350842 -0.26580876111984247379 0.96504712104797363281 -0.22214788198471069336 0.31268337368965148926 0.94140499830245960577 0.14899048209190368652 0.85510510206222534180 0.11404155939817420262 1.04020345211029030530 -0.92746633291244517938 0.00896555650979279951 1.61044704914093017578 0.55023372173309326172 0.12969712913036340884 -1.38326978683471679688 -0.39610251784324640445 1.05953872203826904297 0.43038541078567499332 -1.51404201984405517578 0.10853596031665800614 1.54536795616149902344 -1.46656310558319091797 1.49544858932495117188 -0.19596086442470550537 0.61670166254043579102 0.23291213810443869847 0.06539969891309729833 -1.49584698677063010486 1.01349508762359619141 -1.52483284473419189453 -0.11107178032398219714 -1.10451233386993408203 1.32298743724822998047
1.14153254032135009766 0.34966224431991571597 0.09502600878477089619 0.58122777938842773438 0.31783178448677057437 0.44133281707763671875 1.05177640914916992188 0.32262328267097467593 -0.16886812448501581363 1.56419765949249289783 0.96524518728256236688 -0.86624193191528320312 1.47900950908660888672 1.53963875770568847656 0.49961552023887628726 -0.49254614114761352539 0.45840671658515930176 0.63277930021286010742 0.22829830646514889803 1.60322058200836181641 0.99867218732833862305 1.47604346275329589844 -0.64372742176055908203 0.00091734546003859995 1.34456837177276589124 -1.32672786712646484375 0.53903394937515258789 1.46363067626953125000 0.52499401569366455078 -1.52940082550048850329 -1.07249844074249289783 1.00864899158477783203 1.16909980773925781250 -0.89541012048721313477 1.40618896484375000000 0.72459644079208374023 0.89752173423767089844 1.10008132457733154297 0.56363058090209960938 -0.74233824014663696289 1.48630654811859130859 0.30620899796485900879 1.62462353706359863281 -1.13784563541412353516 0.01006099209189409947 0.95525270700454723016 -0.99767059087753295898 -1.27980756759643554688 -1.02277565002441406250 -1.58802568912506103516 -1.53477442264556884766
0.66202998161315917969 0.96540260314941395148 0.95328611135482799188 1.27697920799255371094 -0.80702000856399536133 1.29511463642120361328 -0.57046079635620117188 -1.30941534042358398438 0.34647676348686218262 -0.13759453594684600830 0.15026779472827911377 -0.87207174301147460938 0.68664109706878662109 -0.90748846530914317743 -0.73316973447799682617 -0.21012568473815909642 0.70145815610885620117 1.22487807273864768298 -0.52908098697662353516 1.14761734008789062500 -1.62608587741851806641 -1.41007673740386962891 0.73273319005966186523 1.22776889801025390625 0.21283131837844848633 0.41193243861198419742 1.11549115180969238281 0.95553380250930797235 1.21718764305114768298 -1.62617433071136474609 1.09458649158477783203 0.11079829186201090030 -1.51984047889709472656 0.73020619153976440430 -0.92102897167205799445 0.66053438186645507812 0.46614012122154230289 -0.39299765229225158691 -1.54801261425018310547 -0.75594329833984375000 0.33445200324058532715 -1.27198505401611328125 0.13761608302593231201 1.47956109046936035156 -1.38763475418090820312 1.01251101493835449219 0.69506478309631347656 -0.31311962008476257324 0.48124098777770990543 1.01747524738311767578 -1.60941874980926513672
1.69731020927429199219 1.64503037929534912109 3.05949401855468750000 1.36861848831176757812 1.18378484249114990234 0.99803817272186279297 0.73396152257919311523 -0.56532424688339233398 -1.71779644489288330078 -0.29777097702026361636 -1.68016254901886008533 -0.21746124327182769775 -1.74137043952941894531 0.19574302434921259097 0.40661424398422241211 0.29349011182785028629 1.06495857238769509046 0.20636436343193048648 0.30058369040489191226 -0.67947006225585937500 -1.19068264961242675781 -1.34977304935455322266 0.92947387695312500000 -0.24014438688755029849 -1.37776577472686767578 -0.71442073583602905273 1.51637291908264160156 0.94107306003570556641 1.71372020244598410876 -0.13093954324722290039 0.51524132490158081055 -0.35857182741165161133 -1.67427682876586914062 0.22305546700954428929 1.55215895175933837891 0.54910624027252197266 1.36810374259948730469 -0.54693865776062011719 1.75162386894226074219 0.59542667865753173828 1.32159936428070090564 -0.27957960963249200992 1.64794957637786887439 -0.55986571311950683594 0.69494485855102539062 0.25071218609809869937 0.98758178949356079102 -0.00555707840248940033 1.44144988059997558594 -0.84291768074035644531 2.11311650276184082031
-1.23778808116912841797 -0.49654456973075861148 -0.16652761399745941162 1.14760398864746093750 1.26127374172210693359 -0.74136203527450561523 -0.08592639863491050023 1.07082295417785644531 1.12684679031372070312 1.31739544868469238281 -0.91011923551559437140 0.36103639006614679507 0.30603137612342828922 -1.26906323432922363281 0.05451780557632440044 -1.17756748199462890625 -1.42578375339508056641 -1.44296991825103759766 -0.81490105390548706055 -0.66334551572799682617 1.35582911968231201172 -1.64196109771728515625 -0.71943747997283935547 0.37088900804519647769 -0.18252557516098019685 -1.31761205196380615234 -0.94827353954315196649 1.12770462036132790296 1.48186373710632324219 1.34349155426025390625 -1.31610572338104248047 -1.05469822883605957031 1.49390876293182350842 1.19641888141632080078 0.80105495452880859375 1.29120469093322753906 0.88600897789001464844 -0.98306196928024280890 -0.06126840785145749868 0.16729378700256339330 0.91727930307388316766 -1.22533929347991943359 -0.35612684488296508789 0.43818771839141840152 -0.71538424491882324219 0.63250350952148437500 1.69716155529022216797 1.00765168666839599609 -0.55305790901184082031 -0.37215453386306762695 1.13177919387817382812
-0.73309868574142456055 -1.61468791961669921875 -0.90197455883026123047 -1.67486679553985595703 -0.05924917384982100049 0.50677394866943359375 -0.53101873397827148438 -0.93530631065368641242 -1.37545990943908691406 -1.28335702419281005859 -0.67804241180419921875 0.37358129024505609683 0.16117331385612479466 -0.10453464835882179951 1.38085258007049560547 0.76076751947402954102 -0.04461734369397159922 -1.37522804737091064453 -1.44485151767730712891 1.10087215900421142578 -1.03648638725280761719 -0.34492170810699457340 -1.48690950870513916016 1.16085374355316162109 -0.11488758027553550023 1.59427404403686523438 0.48212030529975891113 0.77966481447219848633 -0.66543805599212646484 0.76143211126327514648 -0.59985905885696411133 -1.20981681346893310547 1.06086552143096923828 0.54750376939773559570 1.20856678485870361328 -0.40912064909934997559 0.42865708470344537906 0.07044911384582519531 0.99840313196182239874 1.21782135963439941406 -0.21263574063777920808 0.80786138772964477539 -0.61083400249481201172 -1.26943314075469970703 0.14996115863323208894 0.14974525570869440250 -0.94161629676818836554 1.26563441753387428967 -0.74685961008071899414 1.49450707435607910156 -0.55866271257400512695
0.93007034063339244501 0.48862549662590021304 1.01119029521942138672 1.40306890010833740234 1.03656649589538552014 -0.27781072258949279785 0.44902142882347101382 -1.15620768070220969470 1.25344121456146240234 -0.07203154265880580553 -0.82964116334915161133 -1.49035704135894775391 -1.55458092689514160156 -0.62013900279998779297 -0.24860760569572448730 -0.08778890222311019897 -0.83259594440460205078 -1.39051556587219238281 -0.11326839029788969559 -1.23456192016601562500 0.17981503903865808658 -0.94410598278045643195 0.53555691242218017578 -1.22064411640167236328 -1.72551333904266357422 -0.40660712122917169742 1.52942764759063720703 -0.54793184995651245117 1.73761296272277832031 1.37122595310211181641 -0.20893795788288110904 -0.58753222227096557617 1.23878765106201149671 0.06343650817871089587 -1.01326513290405273438 0.23658190667629239168 -0.61089789867401123047 -1.59872853755950927734 0.62223362922668457031 -1.28762805461883544922 0.30177295207977289371 0.01803916878998269857 -0.06387904286384579744 1.37262105941772460938 -1.37726938724517822266 -0.94945949316024780273 1.38510262966156005859 0.08090496063232420487 1.31188583374023437500 1.76403784751892089844 -1.15088975429534912109
0.41962388157844537906 -0.17431819438934320621 0.01727892458438870169 1.26893162727355957031 -1.20494174957275390625 -0.82195776700973510742 0.91779124736785877570 0.03206565603613849985 -0.84842133522033691406 0.84241467714309692383 -1.23848915100097656250 0.50932157039642333984 0.36597147583961481265 1.47711300849914550781 -0.50817412137985229492 -0.82268697023391723633 -0.77727836370468139648 -0.50526511669158935547 -0.60864746570587158203 1.34639430046081542969 -0.33785936236381530762 -0.70211172103881835938 -0.23068140447139739990 -1.38951027393341064453 -1.14282834529876708984 -1.43613612651824951172 0.62405693531036376953 -1.67817878723144509046 0.05332863330841060290 1.11983454227447509766 -0.64510929584503173828 -1.47843575477600097656 0.06919462233781810412 1.29750978946685791016 0.24014930427074429597 -1.26086413860321044922 -0.87626326084136962891 -1.68693661689758300781 1.05041909217834472656 -0.22754025459289550781 -0.22737933695316309146 -0.81525796651840209961 -0.63697069883346557617 -1.16236174106597900391 0.80961185693740844727 1.56099033355712890625 -0.00167035660706459999 0.84317427873611450195 0.08675266802310939440 1.01180422306060791016 0.35194212198257440738
-0.17913568019866940584 0.19617047905921930484 -0.10065192729234689883 -0.14813552796840659398 1.51317119598388671875 0.54871380329132080078 1.52624273300170898438 -1.19979381561279296875 -1.39066481590270996094 0.59497046470642089844 1.10505425930023193359 -1.57952427864074707031 1.04766654968261718750 -1.25694668292999289783 1.29766333103179909436 -1.01132249832153320312 1.31710994243621848376 -0.98744332790374755859 0.13315691053867340088 0.25633203983306879215 -0.73753011226654052734 1.28627955913543701172 -0.54530322551727294922 0.18691357970237729158 -1.21046459674835205078 -0.32444807887077331543 -0.81864541769027709961 1.59872245788574218750 0.59774613380432128906 -0.62240606546401977539 -1.14063882827758789062 0.71378815174102783203 0.66451138257980346680 -0.59955209493637084961 -1.23956859111785888672 -1.31722044944763183594 0.69893115758895874023 0.48335909843444818668 -0.17284500598907470703 -1.19839942455291770251 -0.89112538099288940430 -1.44258511066436767578 0.35816332697868341617 -0.80403810739517211914 0.79405355453491210938 1.35831105709075927734 -0.69649744033813476562 0.44219923019409179688 -0.18749372661113739014 -1.09910893440246582031 0.65856504440307617188
-1.35962796211242675781 -1.51942145824432350842 -1.39966607093811035156 0.27492538094520568848 1.57803225517272949219 -1.17829585075378417969 0.21665881574153900146 -0.84296357631683349609 1.54537343978881835938 1.26018607616424560547 -1.19786238670349121094 -0.29961436986923217773 -0.27625104784965509586 1.09850502014160156250 0.71242535114288330078 1.38757741451263449939 1.56466269493103049548 -1.71900093555450439453 -0.49738022685050958804 -0.71221345663070678711 -0.96628904342651356085 1.15147471427917480469 0.20705392956733700838 -1.55226302146911621094 -0.04694545269012449784 0.29210829734802240543 -0.87741827964782714844 1.04339814186096191406 1.03051674365997314453 1.43807184696197509766 -0.88771390914916992188 0.14582231640815729312 -1.19815921783447287829 0.51964896917343139648 -1.60381424427032470703 -0.57639414072036743164 1.19578444957733154297 -0.45157504081726068668 -1.11630105972290039062 1.39605915546417236328 -1.62775969505310058594 -0.02654480002820490056 -1.60937547683715820312 -0.98429936170578002930 0.61407214403152465820 0.15823701024055480957 1.03039240837097167969 1.41947209835052490234 1.10042476654052712171 -0.12418074160814279727 0.90057313442230224609
0.25457820296287531070 0.25510635972023010254 0.21680757403373709935 -0.21969747543334960938 0.29598799347877502441 -0.01389414072036740042 -1.16295731067657470703 -1.62924408912658691406 -1.39561414718627929688 0.71370244026184082031 -1.00057041645050048828 1.40720081329345703125 -1.54144692420959472656 0.67802625894546508789 -0.13793028891086570042 -0.89093387126922607422 0.39323568344116210938 1.22920155525207519531 -0.55249041318893432617 -0.02594512887299060128 -1.40363836288452170642 0.96638613939285278320 1.04387271404266357422 0.74346876144409179688 -0.00080299732508130005 -0.88153392076492309570 1.69436085224151589124 1.13596320152282714844 0.77199131250381469727 -0.28657764196395868472 0.01181395538151260027 -1.41702318191528320312 0.67418277263641357422 1.01951086521148681641 -1.47375214099884033203 -1.00186562538146950452 1.45214939117431640625 -0.41818773746490478516 -1.32684206962585449219 -0.23515295982360839844 0.43511360883712768555 -0.40478402376174921207 -0.11595807969570159912 -1.66940534114837646484 -0.99107301235198963507 -1.27682089805603049548 1.69792735576629638672 -1.61720061302185058594 1.09613144397735595703 -1.17239999771118164062 -0.44696268439292907715
1.04477655887603759766 1.54296267032623291016 2.01554298400878906250 0.60669028759002685547 -0.75310701131820678711 1.23644351959228515625 1.05833804607391357422 -0.11982841044664380159 -0.49186432361602777652 1.62861108779907248767 1.10088086128234863281 -0.03059410490095609836 1.57963883876800537109 -1.14647483825683593750 -0.17707161605358121004 -1.53273701667785644531 0.89598423242568969727 0.26636877655982971191 0.40348345041275018863 1.06560075283050537109 -1.30854308605194091797 -0.51669996976852416992 0.67514896392822265625 -0.52135467529296875000 0.48891776800155639648 0.56046628952026367188 1.52189993858337402344 -1.45098435878753662109 1.67709863185882568359 -1.60741662979125976562 -1.05455029010772705078 1.11927747726440429688 -1.01398694515228271484 0.43095803260803222656 -0.12584656476974478978 0.27875310182571411133 1.02716886997222900391 -1.19348299503326416016 1.20376515388488769531 1.58234202861785888672 0.59190577268600463867 -1.32272386550903320312 1.66777431964874289783 -1.55501449108123779297 0.93352454900741577148 1.23230051994323730469 0.15699084103107449617 -1.56379425525665283203 -0.09918425232172009554 -1.11372160911560058594 -0.23132695257663721256
0.95843750238418579102 0.47318863868713378906 0.04986325278878209893 -0.72712826728820800781 -0.95624786615371704102 -1.40082061290740966797 0.21215851604938498753 0.67452561855316162109 -0.12286479026079169530 -0.64592158794403076172 0.49974921345710748843 -0.26352748274803161621 -1.00294816493988037109 -1.51738214492797829358 1.10600626468658447266 -0.22817319631576529759 -1.06187331676483154297 -0.26107317209243768863 -1.56132555007934570312 -0.81288337707519531250 1.40273451805114768298 1.69501149654388449939 1.57051622867584250720 -0.83960551023483276367 -0.59979337453842163086 0.46764591336250299625 -1.04253995418548583984 0.86719244718551635742 0.56526005268096923828 0.30083000659942621402 0.92589581012725841180 -0.39995351433753967285 0.63678336143493652344 -1.37544226646423339844 0.85434931516647338867 0.75034517049789428711 -0.37290689349174499512 0.53531944751739501953 -0.63446199893951416016 0.44277194142341608218 -1.06916606426238991467 0.81803339719772338867 1.38489305973052978516 1.65524613857269287109 0.76915735006332397461 0.23549187183380118626 -0.90422940254211436883 0.06718504428863519840 -1.62653255462646484375 -1.28350865840911887439 -2.12200856208801269531
0.77658218145370483398 0.84649264812469482422 -0.78402280807495117188 -1.39308571815490722656 -0.10237467288970940327 -0.88419944047927856445 1.56639373302459716797 -0.34662699699401849918 -0.31104719638824457340 1.53966259956359863281 1.20016872882843017578 0.08713777363300319323 -0.93722927570343017578 1.29663467407226562500 -0.67902648448944091797 0.47671502828598022461 0.98499226570129394531 -1.06265079975128151624 -1.52542114257812500000 -0.51429611444473266602 0.71383875608444213867 0.97568881511688243524 0.23539291322231289949 -1.15261244773864768298 0.09309958666563029894 -1.02380740642547607422 -0.29851788282394409180 1.61999917030334472656 0.92318981885910045282 -1.67002880573272705078 -1.64738047122955322266 -0.45412182807922357730 0.26562917232513427734 1.26112282276153564453 1.09165298938751220703 -0.43160229921340942383 1.32437288761138916016 1.01050436496734619141 -1.21748137474060058594 0.33352330327033991031 -1.25739634037017822266 -1.22821545600891113281 -0.28504601120948791504 1.34242510795593261719 -0.25273540616035461426 1.60290741920471191406 0.50405025482177734375 -1.71902787685394287109 -0.78764504194259643555 -1.08672249317169189453 -2.08615589141845703125
-0.15903446078300470523 -0.29591551423072809390 -0.82147961854934692383 -0.28524357080459589175 -0.18545179069042200259 -1.33051133155822753906 -1.38005924224853515625 1.59624826908111550061 -0.99234998226165760382 -1.33532249927520751953 -1.75842905044555664062 -1.39156424999237060547 -0.76929515600204467773 -1.27963435649871848376 -0.80511689186096191406 0.08947499841451639346 -1.25646090507507324219 1.56746578216552712171 -1.69702613353729248047 -1.47175467014312744141 -0.78285431861877441406 -0.74528640508651733398 0.23672962188720700349 0.96376079320907603876 0.48321926593780517578 -1.10227572917938232422 0.43178707361221307925 -1.44325888156890869141 -0.77129071950912475586 -1.25284099578857421875 -0.05455666780471799676 1.76018261909484863281 -0.14779722690582269840 -0.65093743801116943359 -0.90078628063201904297 -1.60063958168029807361 -1.72515475749969482422 0.18948416411876670140 0.48576456308364868164 0.41379004716873168945 1.56315207481384277344 1.60925674438476562500 0.45710569620132440738 1.16703069210052490234 0.43666365742683410645 -0.42001149058341979980 0.61200624704360961914 -1.35099589824676513672 1.69320535659790039062 1.13350868225097656250 1.10345125198364257812
0.43929025530815118961 -0.60105961561203002930 0.03307440504431719691 1.64442312717437744141 -0.88207876682281494141 -1.02876210212707519531 0.81305837631225585938 -1.21054291725158691406 -1.28680276870727539062 0.44820591807365417480 1.07555842399597167969 1.30057144165039062500 0.59197497367858886719 0.02443059161305419918 1.06030440330505371094 -1.62221562862396240234 -1.02161204814910888672 -1.09656023979186989514 -0.58503985404968261719 -0.67550152540206909180 -1.60543477535247802734 0.97286450862884521484 1.21925950050354003906 -0.21493014693260190096 -1.03136146068572998047 -0.40553510189056390933 0.41238391399383539371 0.84139621257781982422 -1.62044322490692138672 -1.64695763587951660156 0.70273911952972412109 0.91133809089660644531 -1.26897752285003662109 1.17164313793182350842 0.99335366487503040656 1.13642370700836181641 0.53025370836257934570 -0.11604186147451399369 -0.98474663496017456055 -0.23460161685943600740 -0.07176980376243589921 0.85128188133239746094 1.28807497024536110608 -1.33992099761962890625 -0.01534058805555100005 0.67033022642135620117 -0.48732686042785638980 -1.40113162994384765625 -1.62425351142883300781 -0.70173901319503784180 1.46119964122772216797
0.16722229123115539551 1.22428643703460693359 0.15342272818088528719 -0.34682112932205200195 1.03650951385498046875 1.38278269767761230469 -0.80854773521423339844 -0.34639963507652282715 -0.10301280021667480469 -0.39507862925529479980 1.39216315746307350842 0.30097267031669611148 1.19855654239654541016 0.34806913137435907535 -1.21545362472534179688 1.53768384456634521484 1.20277273654937744141 -0.02047949843108649859 1.50716769695281982422 1.59706377983093261719 -0.68902611732482910156 -0.30791690945625299625 -0.72849744558334350586 0.43868488073348999023 0.17221981287002560701 1.47365486621856689453 -0.93528854846954356805 0.05947895348072049920 1.73813247680664062500 -0.39465412497520441226 -0.23309771716594690494 -1.27416861057281494141 -0.24315862357616419009 0.74727696180343627930 -0.49024754762649530582 0.81406402587890625000 -1.36228871345520019531 -1.32055079936981201172 -0.10570113360881799869 -0.82217955589294433594 -0.52991056442260742188 0.71790993213653564453 0.31220176815986627750 -0.71421247720718383789 1.31035554409027099609 -1.44480550289154030530 1.43924808502197287829 -1.44131684303283691406 -1.39427173137664794922 0.87443757057189941406 -1.99505937099456809314
1.97895216941833496094 1.41186320781707763672 1.00727868080139160156 0.19988049566745749730 1.50732696056365966797 -1.24302959442138671875 -0.13507364690303799715 -1.33638584613800048828 0.34449729323387140445 -0.63827532529830932617 -0.62378311157226562500 1.30004525184631369861 -0.79183650016784667969 1.23426306247711181641 1.39305114746093750000 0.06996213644742960147 0.78350621461868286133 -0.28475323319435119629 -0.08788104355335230045 -1.54312133789062500000 1.20317196846008300781 0.26935362815856928043 -1.10855722427368164062 -0.98528683185577403680 0.32927232980728149414 1.34775662422180175781 -1.27906823158264160156 -0.52072060108184814453 -0.49140134453773498535 0.89950406551361083984 1.55017697811126708984 0.39700651168823242188 -0.13534611463546750154 1.48214459419250488281 -0.87541377544403076172 0.11382959038019180298 0.77043765783309936523 -0.51201766729354858398 -0.73333460092544555664 -0.75584167242050170898 -1.74391901493072509766 -1.52592933177947998047 -0.66981184482574462891 -0.56509274244308471680 -1.05177235603332519531 -0.84016984701156616211 0.55351984500885009766 -0.89129364490509033203 -0.66344004869461059570 -0.86492431163787841797 0.98194754123687744141
-0.12601248919963831119 -0.47528767585754388980 0.32677954435348510742 -0.13383385539054870605 -1.47138833999633789062 -0.87217485904693603516 1.53795254230499289783 1.07817113399505615234 -0.61374551057815551758 -1.31019794940948486328 -1.10898065567016601562 -0.39230227470397949219 1.04851913452148437500 0.07910984754562369603 0.14669358730316159334 0.34567323327064508609 1.52615141868591308594 1.28581631183624289783 0.92114973068237304688 -0.79749417304992675781 0.54948443174362182617 0.39093816280364990234 -1.00793230533599831311 1.62747228145599365234 -1.37896633148193359375 -0.15391045808792108707 -1.23671042919158935547 1.16655254364013671875 0.34333661198616027832 1.25147545337677001953 1.61695289611816406250 0.03380397334694860284 -0.13724109530448910799 -0.74347317218780517578 -1.39867401123046875000 0.73200774192810058594 -0.60265630483627319336 0.41293948888778680972 -1.65837478637695312500 -1.01186335086822509766 -0.68915593624114990234 -0.19243100285530090332 -0.19083616137504569310 1.68402993679046630859 -0.37245562672615051270 -0.63437527418136596680 0.65571182966232299805 0.50229299068450927734 1.58092093467712402344 -0.46567371487617492676 0.38159349560737609863
0.67769855260848999023 0.26766604185104370117 -1.54679179191589355469 -1.74568307399749755859 1.61609685420989990234 0.01853644289076319951 -1.24897396564483642578 1.49868810176849365234 0.57070130109786987305 -1.54210615158081032483 1.09651279449462890625 -0.33510327339172357730 -1.29931664466857910156 1.06099295616149902344 -1.14298677444458007812 0.66701620817184448242 0.85726964473724365234 -1.52574634552001953125 -1.35285735130310058594 -0.40584638714790338687 0.15894308686256408691 1.32311391830444335938 -1.37424445152282714844 -0.79846066236495971680 1.24110257625579833984 -0.34525701403617858887 1.57515454292297363281 0.14187946915626520328 -0.29023295640945429019 0.86116510629653930664 -1.65360009670257568359 1.43536019325256369861 1.65822958946228049548 0.23047748208045959473 -0.53446799516677856445 -1.74674546718597389905 -1.35301804542541503906 1.34063339233398437500 0.24454918503761288728 -0.27695348858833307437 1.39329421520233154297 1.62052917480468750000 -1.45623934268951416016 0.58284860849380493164 1.51431345939636230469 -0.38708570599555969238 0.27718728780746459961 0.01388455834239720084 0.85263729095458984375 0.17371940612792968750 -0.48373514413833618164
-0.76766490936279296875 -0.11833716183900830354 0.13912706077098840884 0.82212650775909423828 -1.36572599411010742188 -0.02767178788781159832 1.30226087570190429688 -0.67735409736633300781 -0.92453181743621837274 0.09154057502746580643 -0.32905966043472290039 0.66161614656448364258 0.02370012924075120056 1.26591014862060569079 1.49314558506011962891 0.24897791445255279541 0.61833959817886352539 -1.36092364788055419922 -1.11444103717803955078 -1.69108843803405761719 1.26734387874603271484 -1.15544664859771728516 0.89645546674728393555 0.69020783901214599609 0.40144342184066772461 1.26430225372314430921 1.39488410949707031250 -0.57568585872650146484 -0.52805083990097045898 -0.33540600538253778629 -0.98729926347732543945 1.09165024757385231702 0.81522166728973388672 -0.06944426149129860615 -1.13966536521911621094 0.01361136790364980004 1.01597952842712402344 0.95614296197891235352 1.33030664920806884766 -0.44029757380485529117 -1.53916203975677490234 1.04609274864196777344 -0.85722678899765014648 -0.98320084810256958008 -1.53310048580169677734 -0.43074730038642877750 1.06757473945617675781 -1.20932090282440207751 1.52279257774353049548 1.11647784709930419922 0.73653024435043334961
1.17245388031005859375 1.65045619010925292969 0.50633013248443603516 -1.19550168514251708984 0.92591363191604603156 -1.57620894908905029297 -0.93433260917663563117 -1.49785614013671875000 1.60370481014251708984 -1.52320826053619384766 1.38218271732330322266 0.62475281953811645508 1.16880214214324951172 -1.25705695152282714844 0.18649844825267788972 0.78811192512512207031 -1.43674075603485107422 -0.90078693628311157227 -0.67562711238861083984 -1.25493681430816650391 1.67034637928009033203 0.76818883419036865234 -0.65891313552856445312 0.63752746582031250000 -1.74990975856781005859 1.75341975688934326172 0.86317211389541625977 1.44041669368743896484 -1.13056290149688720703 0.19230568408966058902 1.12418460845947287829 1.29078876972198486328 -1.42408776283264160156 1.10599327087402343750 -0.90883600711822520868 1.00882232189178489001 -1.17783236503601074219 1.35671365261077880859 -0.60326695442199707031 1.67712366580963112561 1.53537940979003906250 -0.15376579761505118626 1.41961979866027832031 0.62014085054397583008 0.98147982358932495117 1.46096038818359375000 1.41357529163360595703 1.31117856502532958984 -0.35843369364738458804 -0.02468680217862119844 0.20845201611518859863
1.63700258731842041016 0.98237472772598277704 -0.49357944726943969727 -1.66014385223388671875 0.61570209264755249023 1.44317877292633056641 0.77270007133483886719 -0.40584462881088251285 -0.34139215946197509766 0.52781170606613159180 0.75187611579895019531 0.63111567497253417969 -1.37743651866912841797 1.30310964584350608142 -1.24728918075561523438 0.01774874515831470143 1.07177925109863281250 0.97898489236831676141 -0.49552884697914117984 -1.08049905300140380859 -1.33571314811706542969 1.70713865756988525391 -0.18784952163696289062 -0.76955622434616088867 1.72725772857666015625 -1.42152476310729980469 0.94497466087341319696 0.77188420295715332031 -1.56777584552764892578 1.50254893302917480469 0.97740572690963756219 0.99574077129364002570 1.33933234214782714844 1.43623793125152610095 -0.43867170810699457340 -0.55635851621627807617 0.89073842763900756836 -1.69157075881958007812 1.59796214103698730469 0.91490787267684936523 -0.65745025873184204102 -1.14712572097778320312 -1.20634984970092751233 0.20121723413467398900 0.42203798890113830566 -0.83785778284072875977 0.20809853076934808902 0.69983154535293579102 0.07963655889034269852 0.32041868567466730289 -0.81413710117340087891
-0.92356491088867198602 -1.19028055667877197266 -0.18511411547660819310 -0.61799174547195434570 0.99144327640533436163 -0.95523858070373535156 0.98925507068634044305 0.84587162733078002930 0.84439182281494140625 -1.50492584705352783203 -1.04330945014953591077 -0.09573819488286970658 -1.08745968341827392578 0.00584400678053490028 1.05590343475341796875 -0.97243589162826538086 -0.26108112931251520328 -0.75777876377105712891 -1.51456415653228759766 -0.78841954469680786133 -1.36848497390747070312 -1.65712356567382790296 1.52980637550354003906 -0.60166394710540771484 0.55962091684341430664 -1.37376892566680908203 -0.82540380954742431641 -0.36298280954360961914 -0.52751386165618896484 0.63015133142471313477 -0.29268273711204528809 -0.23583725094795218724 -0.84075009822845458984 0.68061667680740356445 -1.37093341350555419922 -1.77548372745513916016 1.48668837547302246094 0.62846064567565917969 -0.21852597594261169434 0.88631880283355712891 0.27272942662239069156 -0.12910573184490201082 1.70219433307647705078 -1.60659551620483398438 0.14639821648597708958 -1.30157971382141113281 0.77083605527877807617 1.56076252460479736328 -0.38737186789512628726 1.71012377738952636719 0.22676731646060940828
0.17368373274803158846 1.00950455665588378906 1.01235187053680419922 0.09092466533184050126 1.60252344608306884766 -0.44043272733688348941 -0.36680263280868530273 -0.89284849166870117188 -1.18621051311492919922 0.96223586797714244501 0.30140992999076837711 -1.20630860328674316406 0.46574565768241882324 -1.71366524696350097656 -1.17740845680236816406 1.39609718322753906250 1.51379954814910888672 1.22931563854217529297 0.46458700299263000488 1.53477776050567649158 1.58308970928192138672 1.63510656356811523438 1.40148794651031494141 -1.34502995014190673828 -0.60672259330749511719 -0.91457873582839954718 -0.84568834304809570312 0.24729795753955841064 -1.16248047351837158203 1.26619148254394509046 -1.68753612041473410876 -0.99182635545730601923 -0.21534475684165949039 -1.34229063987731911389 -1.36197364330291770251 -0.98222839832305919305 1.52037334442138671875 -1.70658302307128906250 1.69587576389312744141 -1.50273942947387695312 0.28371489048004150391 -1.55188131332397460938 -0.74681222438812255859 0.93256855010986317023 1.28534245491027832031 0.77098661661148071289 0.55501013994216918945 -0.64367282390594482422 0.98007118701934803351 0.80586409568786621094 -1.50353085994720458984
-1.23098897933959960938 -0.84652751684188842773 -1.06579506397247314453 -1.12572574615478515625 1.67832279205322287829 -1.25110042095184326172 0.28960311412811279297 -1.08211469650268554688 -1.50373506546020507812 -1.32440865039825439453 -0.78518354892730712891 0.66892248392105102539 -1.39994466304779030530 1.31047177314758300781 -0.11677168309688559789 0.76140844821929931641 -0.14994959533214569092 -0.90222936868667602539 -0.53055149316787719727 -0.14399652183055869359 -1.46805918216705322266 0.97774559259414683954 0.37546774744987487793 -0.12678885459899899568 0.67134612798690795898 0.01961395144462579898 -0.05148236081004139986 -1.37911891937255859375 -0.58251923322677612305 -1.37353205680847167969 -0.78408056497573852539 -0.43119212985038757324 -1.48435938358306884766 -0.64645296335220336914 0.01659705862402910057 0.18542638421058649234 -1.40789651870727539062 -0.75364214181900024414 0.72520178556442260742 1.43359446525573730469 1.55740904808044433594 0.89678663015365600586 0.26838359236717218570 1.51114404201507568359 0.83535367250442504883 -0.15263335406780240144 1.21865105628967285156 -0.45376017689704889468 -0.32724329829215997867 0.29114136099815368652 0.37018468976020807437
0.06495594233274459839 -0.07804521173238750109 -0.04471918568015090245 -0.67718780040740966797 1.31568920612335205078 1.10628664493560791016 -0.35897457599639892578 -0.65736860036849975586 -1.29298746585845969470 -0.18122714757919308748 -0.76293820142745971680 -1.08365845680236816406 0.68471431732177734375 -0.52840143442153930664 -0.09024011343717569522 -1.26709103584289550781 0.38155329227447509766 1.20264005661010742188 1.26658213138580322266 1.54263901710510231702 -0.89530509710311889648 0.92438960075378417969 -1.41049766540527343750 1.29942488670349121094 -1.46286714076995849609 1.57709789276123046875 -0.93516206741332996710 0.72136366367340087891 -1.47762513160705566406 1.24993312358856201172 -0.62976419925689697266 0.74929153919219970703 -1.05149877071380615234 0.47770231962203979492 0.64552849531173706055 -0.09196665138006210327 0.95137721300125122070 -0.48926514387130737305 -0.90749996900558482782 1.47311675548553489001 -1.09667134284973144531 0.78330701589584350586 0.48859232664108270816 -0.99044626951217640265 1.26483798027038552014 0.55232733488082885742 -0.25275811553001398257 -1.25046420097351074219 -0.15154959261417388916 1.36719357967376708984 0.27942532300949091129
-1.09686541557311989514 -1.46185898780822753906 -0.65844291448593139648 0.19647854566574091129 -0.97850400209426879883 -0.97001743316650401727 -0.65106588602066040039 0.09019189327955240421 -1.24317193031311035156 -0.87383770942687988281 0.57992291450500488281 1.74688863754272460938 -0.90836691856384277344 0.41640803217887878418 -0.56048798561096191406 -1.26134932041168190686 -1.62843894958496093750 1.25569033622741699219 -1.75570714473724365234 1.00236678123474121094 -0.25876241922378540039 -1.40098857879638671875 -1.42550003528594970703 -0.96051472425460815430 0.16461412608623499088 -0.18213735520839691162 -0.15242967009544369783 -0.17308160662651059236 1.26820635795593261719 0.42390131950378417969 1.55513632297515869141 0.02216092869639390076 -1.45446884632110595703 -0.39530137181282037906 0.65467816591262817383 -1.06151497364044189453 0.66861242055892944336 -0.12902912497520441226 0.59435701370239257812 -0.92159330844879161493 -0.04439937323331830110 0.91811525821685802118 -1.68016421794891357422 -1.06413245201110839844 1.57866895198822021484 1.65689015388488769531 1.42515981197357177734 -1.46927165985107421875 1.14783525466918967517 -1.61526703834533691406 -0.24769645929336539525
-1.42533373832702636719 -1.54313135147094726562 -0.28977352380752557925 -0.94578796625137317999 0.87127941846847534180 -1.41792428493499755859 0.33751058578491210938 1.22365260124206542969 0.21893158555030819978 0.43264472484588617496 0.72678112983703613281 -0.53279781341552734375 -0.07066173106431959672 0.81779587268829345703 0.58950996398925781250 -1.17292666435241699219 0.94940042495727539062 1.33223211765289306641 0.24088340997695920076 -1.33658075332641601562 1.28793346881866455078 -1.17158412933349609375 1.03576374053955078125 -0.48283797502517700195 1.74970996379852294922 -1.09670126438140869141 -0.64603519439697265625 -1.48619782924652099609 -1.11034882068634033203 -0.43751236796379089355 -0.76145190000534057617 -1.52067768573761008533 -1.64843213558197021484 0.90996307134628295898 -0.79721814393997192383 -0.84322941303253173828 0.56071525812149047852 1.66027963161468505859 -0.39544633030891418457 -1.20678877830505371094 -1.55907714366912841797 -0.27000167965888971500 1.11884915828704833984 -1.04447162151336669922 1.02657604217529296875 1.43733811378479003906 0.46788126230239868164 -0.16795049607753750887 0.16911278665065759830 0.45717081427574157715 -0.41938701272010797672
1.50384497642517089844 1.04148173332214355469 1.94985926151275634766 1.56518399715423583984 -1.65643191337585449219 0.33024471998214721680 0.11650808155536650224 -1.50059914588928222656 -1.09036529064178489001 1.72781705856323242188 0.96973288059234619141 -1.40192556381225608142 0.08273956924676889590 0.70649260282516479492 0.81879371404647827148 -0.32901358604431152344 -0.83684474229812622070 1.64200711250305175781 -1.53511166572570800781 1.42246890068054199219 -1.55178284645080566406 -1.54553854465484619141 -0.40986511111259460449 0.38661473989486688785 0.52906060218811035156 0.01464186236262320084 -0.35396772623062128238 -0.98721426725387562140 0.40972074866294860840 0.46185025572776788882 -0.39332720637321472168 0.67940872907638549805 0.19533717632293701172 1.70291507244110107422 0.71592324972152709961 -1.49467074871063232422 0.18615902960300440006 -1.49977731704711914062 0.19176417589187619295 -0.16560153663158411197 0.36351570487022399902 0.23565757274627679996 1.64393115043640136719 -1.31489324569702170642 0.45764860510826110840 -1.18561744689941406250 -0.04698481410741799785 0.28820416331291198730 0.86493557691574096680 -1.12372338771820090564 -0.12187772244215010209
-0.23524104058742520418 -0.25650146603584289551 -0.97687673568725597040 -0.60325235128402709961 0.32277166843414301090 0.13004386425018310547 1.38120198249816894531 -0.82507979869842529297 -0.30299156904220581055 -1.19154417514801047595 0.75130754709243774414 0.51937144994735717773 0.52007961273193359375 -1.50946414470672607422 1.06538105010986328125 -0.61577057838439941406 0.02199647016823290044 1.25760996341705322266 -0.77323979139328002930 -0.80101269483566284180 0.29344078898429870605 -1.64065718650817871094 1.38269543647766113281 0.50772833824157714844 1.08426833152770996094 0.95432603359222401007 -1.57933545112609863281 0.96666932106018077508 -0.62525391578674316406 -1.56924664974212646484 0.80959945917129516602 0.29753822088241571597 -0.60335910320281982422 0.05676250904798500058 1.32537567615509033203 -0.11847673356533050537 -0.07939799129962919755 0.48332640528678888492 -1.39530062675476074219 1.60050666332244873047 -0.31483712792396539859 0.76450997591018676758 -1.28612279891967751233 -0.81412696838378906250 1.65794074535369873047 -1.40814185142517089844 -0.11480332165956490253 1.47765529155731201172 1.13891315460205078125 -0.74511414766311645508 1.16697406768798850329
2.10615086555480957031 1.38095021247863769531 -0.45389723777770990543 -1.01265203952789306641 0.75217807292938232422 -1.59329485893249511719 -1.63298845291137695312 -1.58910572528839111328 0.43985745310783380679 0.46035423874855041504 -0.23470574617385858707 0.94426685571670521124 1.34914064407348632812 -0.33063468337059020996 -0.06902444362640379472 -0.57538640499114990234 -1.12911462783813476562 0.47632703185081481934 0.95369863510131835938 1.09863674640655517578 -1.34750723838806152344 -1.02399885654449462891 -1.56748020648956298828 0.82595080137252807617 0.34488913416862487793 -1.63253247737884521484 -0.33235114812850952148 1.55454909801483154297 -0.56193763017654418945 -0.51739972829818725586 -1.16370832920074462891 -0.07401467114686960391 -1.52310097217559792249 0.56016844511032104492 0.23560179769992820042 -0.28871831297874450684 0.08040739595890039615 -1.61634922027587890625 1.32434380054473876953 0.94149225950241077765 1.31849372386932350842 -1.61689114570617675781 -1.20244002342224121094 1.52126407623291015625 -1.35467064380645751953 1.57221114635467529297 1.64563393592834472656 0.14637473225593561343 1.52260899543762207031 -1.03349447250366210938 0.94344788789749156610
0.50942218303680419922 -0.17235936224460599031 0.20864403247833249178 1.19604051113128662109 0.45961946249008178711 -1.22008705139160156250 -0.65414237976074218750 0.64704877138137817383 1.17778432369232177734 1.47513496875762939453 0.73141366243362426758 1.03803181648254394531 1.09970963001251220703 0.98909282684326160773 -0.32132452726364130191 -1.67985689640045166016 1.08933186531066894531 1.48499321937561035156 0.48863035440444940738 -1.05315828323364257812 -0.89512938261032104492 -0.02475192025303839943 -0.84850543737411499023 1.63131737709045410156 1.15613889694213889392 -1.47170782089233398438 0.21315522491931909732 0.23156060278415679932 -0.52303147315979003906 -0.48612070083618158511 1.41237640380859375000 -0.86795514822006225586 0.81882899999618530273 1.48921084403991699219 0.90464025735855102539 -0.59643381834030151367 -0.80557101964950561523 1.34911835193634033203 0.12477028369903560290 1.61161494255065917969 0.10005395859479900011 0.83420062065124511719 -1.59161627292633056641 -0.67836797237396240234 -0.92901182174682617188 -1.38005387783050537109 1.40768384933471679688 -0.71899956464767456055 1.41780734062194824219 -0.42434868216514587402 0.69697582721710205078
0.80610018968582153320 1.39694964885711669922 1.81651270389556884766 0.66809099912643432617 -1.26961147785186767578 0.43110698461532592773 0.75175535678863525391 -0.85589081048965454102 -1.58173954486846923828 1.24382793903350830078 0.82301527261734008789 -1.51090979576110839844 0.86138409376144409180 0.97866249084472656250 0.22718529403209680728 -0.18218122422695159912 1.22064876556396484375 1.03443324565887428967 0.53815788030624389648 -1.64822554588317871094 -1.45527327060699462891 -1.64771795272827170642 0.22412349283695220947 1.09771168231964111328 0.48140582442283630371 -1.62494635581970192639 -0.69642502069473266602 0.72759741544723510742 -0.97622978687286376953 0.57305884361267089844 -1.08463394641876220703 0.42844057083129877261 -1.34040629863738991467 -0.04016262665390959996 1.03946197032928489001 -0.34212809801101679019 -1.33440494537353515625 0.74299359321594238281 -0.94107770919799804688 1.25009369850158691406 -0.45703983306884760074 0.34647664427757257632 -0.36505380272865289859 -1.52301955223083496094 0.38512417674064630679 0.68690466880798339844 0.87935364246368408203 -0.58508163690567016602 -1.06379842758178710938 -1.73636364936828591077 -1.28665721416473410876
-0.64839136600494384766 -0.35497486591339111328 -0.32812428474426269531 -0.86912846565246582031 -0.52700763940811157227 1.16811823844909690173 -1.66161477565765380859 1.29279065132141113281 1.43089020252227783203 -1.33454751968383789062 1.60050880908966064453 1.02779555320739768298 0.15038487315177909154 -0.90847355127334594727 -0.82229328155517578125 -0.16052244603633880615 -1.23397672176361083984 0.54806494712829589844 -1.73786950111389160156 -1.07045269012451149671 -0.17542554438114160709 1.18192839622497558594 0.95713752508163441046 1.49066162109375000000 1.71755731105804443359 -1.01919555664062500000 -0.64947938919067382812 -1.51738715171813964844 0.84922701120376586914 -0.65359526872634887695 0.63669955730438232422 -0.60629653930664062500 1.37482786178588889392 -0.91676843166351318359 -0.42484456300735468082 0.39166688919067377261 -0.89738917350769042969 0.98947328329086303711 0.15444087982177728824 -0.12390053272247310290 -0.89506930112838745117 1.08375048637390136719 -0.78160125017166137695 0.98700857162475597040 -1.23924601078033447266 0.22528761625289908666 -1.61107695102691650391 -0.08110599219799040360 -1.20205819606781005859 -0.51016891002655029297 0.21416030824184409398
1.03977704048156738281 0.98632365465164184570 -0.72469174861907958984 -1.09481358528137207031 0.80836069583892822266 -1.43032932281494140625 0.97412860393524158820 -1.49635148048400878906 -0.82056516408920288086 1.72831332683563232422 -0.13564473390579220857 0.14655221998691558838 0.07736252248287199540 -1.54385459423065207751 0.05952300503849979746 -0.31704643368721008301 -0.63940918445587158203 -0.78699743747711181641 -0.36460793018341058902 0.98201447725296020508 1.11715149879455566406 -0.50244516134262084961 -1.37392389774322509766 0.31051048636436462402 -0.63277018070220947266 1.03565585613250710217 -1.23838138580322287829 -1.24221551418304443359 -1.17752754688262939453 -1.31126654148101806641 -1.59877049922943115234 1.55387854576110839844 0.14611808955669400301 -0.64732718467712402344 0.35547304153442377261 -0.38296306133270258121 -1.17586874961853049548 0.66441792249679565430 -0.76188361644744873047 -0.46648663282394409180 -1.64705407619476318359 1.63362967967987060547 -1.36304104328155517578 0.08097413182258600406 1.00952672958374023438 -0.68329542875289916992 0.83789390325546264648 0.79231971502304077148 0.19287565350532528963 -0.72506570816040039062 -1.47316765785217285156
0.60191488265991210938 1.18225944042205810547 1.12200248241424560547 0.35132071375846857242 -1.36194670200347900391 -0.38710874319076538086 0.51855003833770751953 1.11976706981658935547 1.47821784019470192639 0.04688889160752290203 -0.99431627988815318719 -1.40984487533569335938 1.17156744003295898438 -1.69275653362274169922 -0.61184966564178466797 -0.02118578925728789933 -0.28720957040786737613 -1.22896075248718261719 1.25578534603118896484 -1.11980521678924560547 1.64358305931091308594 0.04574733600020400304 1.32007622718811035156 1.00625348091125488281 -0.71326839923858642578 0.46509265899658197574 -1.11164665222167968750 0.23636478185653680972 0.88675808906555175781 -1.13663256168365478516 0.88540726900100708008 0.82997918128967285156 0.41317224502563471011 -0.42302009463310241699 0.33744108676910400391 1.19379198551177978516 0.44203794002532958984 0.40537747740745538882 1.11515474319458007812 0.59588962793350219727 -1.23624122142791770251 -0.56166130304336547852 -1.35232055187225341797 1.53950214385986328125 0.06755925714969629459 -0.71959942579269409180 -1.28404331207275390625 1.71974766254425048828 0.45420113205909729004 1.35793340206146240234 -2.20339870452880859375
-0.74551934003829956055 -0.98483085632324218750 0.10946401953697200427 1.12766420841217041016 0.84133380651473999023 0.78894674777984619141 1.09243416786193847656 1.01565301418304443359 1.44358301162719726562 1.69403934478759765625 -0.48303112387657159976 1.00252127647399902344 1.44121384620666503906 -0.90449035167694080695 -0.07577877491712570190 -0.90375179052352905273 0.98258167505264282227 -0.46757939457893371582 0.10421630740165710449 1.47809267044067382812 -1.38751673698425292969 0.11055777966976160220 -0.55430954694747924805 0.56137150526046752930 1.02673792839050292969 1.54651987552642822266 1.66093993186950683594 1.53555619716644287109 -0.21120470762252799291 -0.09475897997617720170 -0.29142448306083679199 -1.25782883167266845703 -0.67883789539337158203 -0.28825312852859491519 -0.38477581739425659180 -0.19519649446010589600 0.06982894241809839420 0.87010574340820312500 -0.08936402946710579609 1.68617212772369384766 -0.85928243398666381836 1.36826062202453591077 1.51982104778289794922 -0.04918557778000830216 -0.90646928548812877313 -0.30413132905960077457 -0.66225367784500122070 0.05450512468814849854 0.49536606669425958804 1.00153136253356911389 0.84018164873123168945
0.19953228533267969302 -0.57118386030197143555 0.21375569701194760408 0.51672589778900146484 -0.29908862709999078922 -0.58334219455718994141 -0.29639297723770141602 -0.31559514999389648438 0.91477584838867198602 -1.33961510658264160156 0.02357522770762440073 0.02388625964522360021 0.88137829303741455078 1.08580899238586447986 0.34541139006614679507 1.56185626983642578125 -1.01897442340850830078 -0.93845742940902721063 1.69391810894012428967 -1.18753254413604736328 -1.36308085918426513672 0.34990379214286798648 -0.39204531908035278320 1.31822168827056884766 -0.17647893726825711336 -0.19994483888149258699 -0.98574316501617442743 1.70567309856414794922 -1.27487266063690207751 0.40425506234169000797 -1.26347756385803222656 0.98884308338165283203 -0.14005397260189050845 -0.79420506954193115234 1.03389537334442138672 -0.15893019735813140869 0.46254014968872070312 -0.91166603565216064453 0.03110990673303599963 -1.11263322830200195312 0.48218578100204467773 -0.07090584933757780595 -0.10108554363250729646 0.42142257094383239746 -0.33757919073104858398 -1.35488021373748779297 -1.64297509193420410156 -0.88399749994277954102 -0.88171404600143432617 1.01170635223388671875 0.87273466587066650391
-0.15441100299358359593 0.05905559286475180192 1.09012746810913085938 1.27512097358703591077 -1.31873834133148193359 1.22698223590850830078 -0.23998664319515219945 0.79113620519638061523 0.02232225053012370022 0.30108368396759027652 0.25640034675598138980 1.54995453357696510999 -1.30609571933746337891 0.10508251190185539936 -1.48066520690917968750 1.35677087306976318359 -0.82330626249313354492 -0.06420779228210439504 -0.20854273438453668765 -1.06298291683197021484 -1.43822741508483886719 -1.36912941932678222656 -1.38861584663391113281 1.12041306495666503906 0.70011657476425170898 -1.65042042732238769531 1.51971685886383056641 -1.10799360275268554688 0.77141749858856201172 1.09770214557647705078 1.66806900501251220703 1.56566035747528076172 -0.43846675753593439273 -1.63472759723663330078 -0.61972415447235107422 -0.08257749676704399799 -0.19790452718734741211 0.77125144004821777344 0.38677173852920532227 0.29532757401466369629 0.01383908372372379993 1.74139273166656494141 1.39365947246551513672 -0.51780045032501220703 -1.68294501304626464844 0.78984582424163818359 -0.55358105897903442383 0.08329496532678599963 1.19880712032318115234 0.99392157793045043945 0.56218981742858886719
0.11047437041997909546 0.68592172861099243164 1.20777833461761474609 0.64952844381332397461 1.56231832504272460938 -1.24398589134216308594 -0.32140183448791498355 0.08958299458026880435 -0.27609050273895258121 0.85967284440994262695 -1.60672342777252197266 -0.97874748706817638055 1.13171815872192382812 -0.42831131815910339355 1.53830409049987792969 0.94978338479995716437 -0.03704666718840590039 -0.99126273393630981445 1.62580287456512428967 0.32912483811378479004 1.18925786018371582031 -0.52956527471542358398 -0.53651964664459228516 1.16486024856567382812 -0.20127050578594199437 -0.40616437792778009586 -0.51804041862487792969 -0.01154170464724300037 -1.18340885639190673828 1.28069770336151123047 0.06321300566196440263 1.17476344108581542969 -1.19145250320434570312 1.63590824604034423828 1.07751584053039550781 1.02619791030883789062 -0.45863121747970581055 0.03987225145101540302 -0.08136615157127380371 -1.65699434280395507812 1.03067517280578591077 -0.55382937192916870117 0.81265443563461303711 0.19493834674358359593 -1.03908276557922363281 -1.26879680156707763672 -0.19036233425140380859 0.92029786109924316406 0.27095168828964227847 1.05542564392089843750 -0.61497324705123901367
0.86254394054412841797 0.32001385092735290527 0.95397394895553599969 1.51446950435638449939 1.04024314880371093750 0.91435748338699340820 -1.61764097213745117188 0.65674024820327758789 1.01143658161163330078 0.16779035329818720035 0.53495252132415771484 1.64578545093536376953 -0.40394276380538940430 1.69032037258148193359 -1.13194310665130615234 -1.48230528831481911389 0.77825254201889038086 -0.91168856620788563117 -0.27570351958274841309 -0.32910808920860290527 0.52073836326599121094 0.71353358030319213867 -0.16284252703189849854 -1.42125189304351806641 -0.65129989385604858398 -0.25180733203887939453 -0.06732629239559169421 -0.76963150501251220703 1.63530898094177246094 -0.75461637973785400391 0.22165405750274649876 1.09738802909851074219 -1.10458850860595703125 0.40023016929626459293 1.44701409339904807361 -0.10479269176721570100 0.47946396470069879703 -0.39504423737525939941 -1.43628561496734619141 1.35265195369720458984 -0.78568565845489501953 -0.60666394233703613281 -1.25115799903869628906 0.38340935111045837402 -0.53751826286315917969 1.51689589023590087891 -0.65886604785919189453 1.61300528049468994141 -0.10048338770866389880 -1.55482017993927001953 -0.93811559677124023438
-0.85932093858718872070 -0.33110591769218439273 -0.02937949262559410094 -0.82341253757476806641 -1.68668472766876220703 0.21688769757747650146 1.34261953830718994141 -0.73709338903427124023 0.01836803369224070115 -0.42475259304046630859 -1.29678022861480712891 0.23950238525867459383 -0.42425605654716491699 -1.05146229267120361328 -1.00830066204071044922 0.97949784994125355109 -0.44499954581260681152 -1.40050351619720458984 -0.44077542424201959781 -0.25091060996055597476 0.92024922370910644531 -1.31083655357360839844 -1.12436950206756591797 1.29188585281372070312 -1.73030638694763183594 -1.62295830249786376953 -1.15588355064392089844 1.33056449890136718750 0.69712746143341064453 -1.26163959503173850329 1.32918763160705566406 -0.50091326236724853516 -1.07691109180450439453 -1.43988525867462158203 1.15099036693572998047 0.33568668365478510074 -1.10274565219879150391 -1.07840931415557861328 -0.96713376045227039679 1.26203680038452170642 0.03066173940896979935 -0.56243342161178588867 1.58199715614318847656 0.12662728130817410555 1.05063712596893310547 0.95066285133361816406 0.51090341806411743164 1.66729009151458740234 1.40648198127746582031 0.58133316040039062500 0.12768025696277610082
0.71409946680068969727 1.47354447841644287109 1.65929448604583740234 0.25459903478622430972 -1.02872574329376220703 0.25903820991516107730 1.51436626911163330078 1.28878760337829589844 1.34774088859558105469 -1.48132777214050292969 0.62072521448135375977 1.72999608516693115234 -1.00470805168151855469 -1.15928745269775390625 -0.02887487038969990122 1.60671842098236083984 1.61149597167968750000 0.29692271351814270020 0.80171042680740356445 1.62004661560058593750 0.49153846502304071597 -0.65071910619735717773 -0.77264630794525146484 -1.53532123565673850329 -0.89978307485580444336 -0.35804206132888788394 0.46816274523735040836 -0.76174128055572509766 0.10117785632610319657 -1.69554269313812255859 -1.46396994590759277344 -0.29436165094375610352 -0.25681507587432861328 -0.85979676246643066406 -0.52337807416915893555 1.54799604415893554688 1.15255951881408691406 1.52807450294494628906 -0.48008710145950317383 1.17809772491455078125 1.47598445415496848376 0.35210642218589782715 0.85868668556213378906 1.35278844833374023438 1.24689555168151855469 -0.53665971755981445312 -0.26891323924064630679 1.32007122039794921875 1.56506109237670898438 0.27822440862655639648 -1.31041932106018088611
0.13084138929843899812 -0.05586003139615049878 0.28521990776062011719 -1.11622977256774902344 -1.26916778087615966797 -1.16983830928802490234 1.03014039993286110608 0.78913664817810058594 -0.57198828458786010742 -0.29594480991363519840 1.22935819625854492188 1.26827025413513183594 1.10543394088745117188 0.95109385251998901367 -1.00692451000213623047 -1.44037270545959472656 0.62948620319366455078 -0.52115809917449951172 -1.31027805805206298828 0.61466026306152343750 0.71480041742324829102 -0.96701210737228404657 -1.36382615566253662109 0.48981669545173639468 1.73794174194335937500 0.52458012104034423828 -1.35395085811614990234 -1.06129395961761474609 1.69940888881683349609 -0.16206349432468408756 -0.59012269973754882812 -1.58343100547790527344 -1.41043591499328591077 -1.48100674152374289783 -0.41503328084945678711 1.27148687839508056641 0.44034537672996520996 0.64018541574478149414 -1.57424521446228049548 -1.46493732929229736328 1.30276894569396950452 -0.34515544772148132324 -0.90087527036666881219 0.47946363687515258789 1.43951511383056640625 0.05757248029112810306 1.69500505924224831311 0.40904521942138671875 1.32103765010833740234 -1.37337934970855712891 -0.30853936076164240054
0.44356834888458251953 0.32266384363174438477 -0.98625457286834716797 -0.72285151481628417969 -1.15319359302520751953 -1.05878603458404541016 -0.03093041107058519881 1.40464365482330322266 0.99798434972763061523 -1.33237135410308837891 0.09211879968643180150 0.60368257761001586914 1.15457344055175781250 -1.57226073741912841797 -0.56173431873321533203 0.34367313981056207828 -1.36489534378051757812 -1.57276117801666259766 1.20942103862762428967 0.95619529485702514648 -1.33644819259643554688 -0.61736655235290527344 -0.04917841404676429745 0.48902991414070129395 0.95078450441360484735 1.04253232479095458984 1.64392793178558349609 1.52159214019775390625 -1.02269864082336447986 -0.60440880060195922852 -1.43972885608673095703 -1.63660800457000710217 -0.71793663501739501953 -0.17817309498786920718 -0.32454678416252130679 0.65496832132339477539 1.49013626575469970703 0.50715810060501098633 0.55002367496490478516 -0.77769088745117187500 0.81434118747711181641 -1.19172930717468261719 0.66316151618957519531 0.24559451639652249422 -0.26037502288818359375 0.34439483284950250797 -0.03446405380964270154 0.14748552441596979312 0.65215688943862915039 -0.80044984817504882812 -0.58239674568176269531
-1.49642097949981689453 -1.69067466259002685547 -0.85728949308395385742 -0.19660359621047970857 -0.58557683229446411133 1.39146363735198952405 0.40874320268630981445 1.48915767669677712171 -0.52162313461303710938 1.00970995426177978516 0.83467495441436767578 1.69355273246765136719 1.53011643886566162109 0.90167117118835438117 0.78411656618118286133 -0.92865777015686035156 -1.04984009265899658203 -1.68069076538085937500 -1.08974134922027610095 -0.65843129158020019531 -1.21000874042511008533 0.35619106888771051578 -1.35024964809417724609 -0.10645385831594460224 -0.67525905370712280273 -0.41862550377845758609 -0.90097165107727039679 0.75608962774276733398 -1.47341740131378151624 -0.43111735582351679019 -1.31547534465789794922 -0.48909708857536310367 0.58305245637893676758 0.12918354570865631104 0.12033119797706599841 -0.07546991854906079378 1.70713424682617209704 0.22211456298828119449 -0.70705735683441162109 1.50880575180053710938 -1.55945384502410888672 0.37119287252426147461 1.12612283229827880859 -0.55727088451385498047 1.31011056900024391858 -0.08798211067914959993 -0.36970606446266168765 0.75010323524475097656 -1.56422090530395507812 1.51434910297393798828 -0.32525843381881708316
-0.32304772734642028809 0.38785868883132929019 1.50981557369232177734 1.36490440368652343750 -0.89437401294708251953 -0.52453565597534179688 0.38964810967445367984 1.58655095100402832031 1.51272165775299072266 -1.28762745857238769531 -1.19274890422821044922 -0.54938066005706787109 -0.22632518410682669896 -1.13404238224029541016 -1.75231862068176269531 0.06379042565822599931 -1.40216803550720192639 1.49470007419586181641 0.71085935831069946289 -0.11975300312042229389 0.17814144492149350252 -1.18127524852752685547 1.56587600708007790296 1.32755887508392311780 -0.39826613664627069644 -1.37835133075714111328 -0.82098501920700073242 -0.30753090977668762207 -1.02634179592132568359 -1.32225608825683593750 -0.05360462889075270215 -1.58408367633819580078 1.67141199111938476562 -1.11113607883453369141 -0.81780332326889038086 -1.49336028099060058594 -0.62835818529129028320 -0.70952063798904418945 -1.19624245166778564453 -1.02633464336395263672 0.98362296819686878546 -0.23638986051082611084 0.06865552067756650056 0.43930515646934509277 1.60198414325714111328 1.28910863399505615234 0.12188701331615439671 0.17102067172527310457 1.38272380828857421875 0.42953637242317199707 0.31035137176513671875
-0.38286176323890680484 -1.46403574943542480469 -1.49479413032531738281 -0.93899935483932495117 -1.11862695217132568359 0.19832348823547360506 0.43227359652519220523 0.96487879753112804071 0.41419854760169977359 1.11269354820251464844 -0.68210959434509277344 1.32604360580444335938 -1.35579586029052712171 -1.38980185985565207751 -0.95588278770446777344 -0.41448429226875299625 -0.96910220384597778320 -1.45954561233520507812 0.66040617227554321289 1.49955070018768310547 0.46005776524543762207 0.94983929395675659180 -1.60039210319519042969 -0.83861035108566284180 -1.39789354801177978516 1.29033708572387695312 -0.97835856676101684570 1.62430644035339355469 -0.35964709520339960269 1.16371083259582519531 1.29377031326293967517 0.10156308859586710147 -1.41557037830352783203 -0.33767372369766229800 -0.85714703798294067383 1.13336884975433349609 -0.58826810121536254883 -1.59178864955902099609 -0.99885547161102294922 1.29502058029174804688 1.23842239379882790296 1.54344105720520019531 1.32258868217468261719 1.19064366817474365234 -1.40090155601501464844 -0.67783534526824951172 0.58826994895935058594 0.09804996848106380114 -1.61094594001770019531 -1.56385266780853271484 0.03799977898597710346
0.61995595693588256836 0.68668627738952636719 0.02852407097816459999 -0.68772327899932861328 -0.63957488536834716797 -1.17830264568328857422 0.67268246412277221680 -0.99296253919601440430 0.28221639990806579590 -0.30372306704521179199 -0.87173354625701904297 -1.33458197116851806641 -0.33090376853942871094 1.52650475502014160156 0.92429882287979114874 1.25242948532104492188 1.55791389942169189453 0.53786653280258178711 -0.27225542068481439761 1.23864531517028808594 -0.65519660711288452148 -1.60072004795074462891 1.14088964462280273438 0.46260538697242731265 -1.52590882778167724609 -0.23417222499847409334 -0.44030216336250299625 1.37147974967956542969 -1.09957075119018554688 -1.71366477012634277344 1.38063764572143554688 1.20329248905181884766 -1.03976023197174072266 -0.11177766323089599609 -0.09269606322050090441 1.20081806182861328125 1.22117078304290749280 0.00918849464505910006 -0.21105135977268218994 0.73085224628448486328 0.67337876558303833008 -0.64341419935226440430 -0.85192960500717163086 -1.41044497489929199219 -0.39564830064773559570 -0.93321824073791503906 0.08077851682901379671 -1.51676380634307861328 0.21184936165809631348 0.15131969749927520752 -2.01944255828857421875
0.83076441287994384766 0.78712964057922363281 1.45993053913116455078 0.86041617393493652344 0.80483597517013549805 1.31727707386016845703 0.62596160173416137695 -0.18897749483585349339 1.18120706081390380859 1.03286314010620117188 -0.15318804979324340820 -0.72121292352676391602 1.50699305534362792969 -0.95020335912704478876 1.46631884574890136719 0.01435698289424179944 -1.19383144378662109375 -1.26028656959533691406 -0.38985338807106018066 -0.81911665201187133789 -0.73930013179779052734 -1.55149507522583007812 1.40257644653320312500 -1.44586694240570090564 1.58255171775817871094 1.01366686820983886719 0.97656828165054321289 -0.15544791519641870670 0.62493252754211425781 -0.09005439281463620271 -0.79337137937545776367 -0.04974236339330669748 -0.55988854169845581055 0.31928530335426330566 -1.28349459171295166016 -0.38840353488922119141 -0.11701755970716469502 0.61207252740859985352 -1.25046432018280029297 -0.56376302242279052734 -1.64883065223693847656 0.40718480944633478336 -0.96320724487304676398 0.47686350345611572266 -0.56274050474166870117 0.81206691265106201172 0.61619114875793457031 0.03939006850123399905 0.91213726997375477179 -1.30799543857574462891 -1.41605734825134277344
0.69144630432128906250 0.52883094549179077148 0.74035590887069702148 1.01596283912658691406 -0.37476301193237299136 -1.63995325565338112561 -1.40731060504913330078 0.62822002172470092773 -1.03259599208831809314 -0.62512975931167602539 0.08120957016944879703 -1.24329376220703125000 1.08218705654144287109 0.92117154598236083984 0.02512872219085689890 -1.77267313003540039062 0.87458437681198120117 1.34823012351989768298 -1.42502701282501220703 0.14909096062183380127 1.55512154102325439453 -1.24562907218933105469 1.16403043270111083984 0.71674633026123046875 1.11716830730438232422 -0.48717325925827020816 1.38214123249053955078 -0.85137367248535156250 -1.73324346542358398438 -0.71244192123413085938 -0.54436862468719482422 -0.03944170847535129892 0.60481268167495727539 0.76134884357452392578 0.75536090135574340820 1.16338670253753662109 -0.52661806344985961914 0.89541333913803100586 -1.64885044097900390625 -0.79028427600860595703 -1.32460308074951149671 -0.78058528900146484375 0.44013750553131097965 0.83175146579742431641 -0.27746728062629699707 0.79102146625518798828 -0.60394775867462158203 -0.46042647957801818848 -1.23209369182586669922 0.25144079327583307437 -1.61401581764221191406
0.86207419633865356445 0.76605093479156494141 1.33372056484222389905 0.79444593191146850586 1.72194492816925048828 1.55493724346160888672 -0.40648782253265380859 -1.45991384983062744141 1.04595482349395751953 1.04091095924377441406 0.50078946352005004883 1.64226496219635009766 -1.70263218879699707031 1.66452264785766601562 -0.72778552770614624023 1.55615735054016113281 1.05621993541717529297 1.24615943431854248047 0.92495220899581920282 -1.28449726104736328125 0.74129432439804077148 1.16249895095825195312 -1.45339715480804443359 0.04130777716636650082 -0.87500286102294921875 -0.44609966874122619629 -0.84162861108779907227 0.89948749542236328125 -1.05165326595306396484 0.38424128293991088867 0.67267012596130371094 0.89084380865097045898 0.88676446676254272461 -0.78131192922592163086 -0.66534936428070068359 1.70863640308380126953 0.15545216202735900879 0.88703364133834838867 1.45317900180816650391 -1.09848892688751220703 -0.80142170190811157227 -0.33849015831947321109 -1.61419808864593505859 -0.35457348823547357730 1.66513609886169433594 -0.88217771053314208984 0.79537731409072875977 1.21164512634277343750 -1.05294096469879150391 -1.12821316719055175781 -1.06036686897277832031
-1.01108622550964355469 -0.40304511785507202148 -1.06268668174743630139 -1.34876596927642822266 -1.51179385185241699219 0.78974360227584838867 0.26027438044548029117 -1.70441985130310058594 -0.21976254880428308658 0.39793184399604797363 0.88806372880935668945 -1.18854784965515136719 1.58594000339508056641 0.42099830508232111148 0.85203951597213745117 -0.65169543027877807617 0.62054795026779174805 0.64444893598556518555 0.30488526821136469058 0.79819315671920776367 1.01347231864929199219 1.36835968494415283203 -0.73337692022323608398 -0.30858570337295532227 -1.37328028678894042969 0.29355853796005249023 0.13901428878307339754 0.41689786314964288882 1.11910152435302712171 0.31162649393081659488 -1.45145726203918457031 -1.60796225070953369141 0.08432666212320319432 -0.96609991788864135742 0.38490948081016540527 0.42530962824821472168 1.23788726329803489001 -1.69365978240966796875 -1.62622630596160888672 -0.59342354536056518555 -0.39395979046821588687 -1.29034411907196044922 -0.47822672128677368164 1.56477618217468261719 0.92935246229171764032 0.10189726948738089818 1.16762435436248779297 -1.64974212646484375000 -1.46223878860473632812 1.43850004673004150391 0.00216472917236380010
1.82393014430999755859 1.25605118274688720703 1.28659701347351074219 0.92563164234161376953 -0.72495019435882568359 -1.22967815399169921875 -0.85104960203170776367 -0.97557771205902099609 1.72237706184387207031 1.26890015602111816406 -0.34967187047004699707 0.20684385299682608861 1.31628298759460449219 -0.88080579042434692383 -0.82550042867660522461 -0.32480466365814208984 -0.68840813636779785156 1.04588353633880615234 -1.28876614570617675781 -0.67755252122879028320 1.27675795555114768298 -0.24207989871501919832 1.27684402465820312500 0.18016180396080008763 0.63769859075546264648 -1.08739936351776123047 1.37240517139434792249 -1.35838687419891357422 -0.98670631647109996454 0.27009415626525878906 1.06778037548065207751 -1.34382104873657248767 -0.11556272208690640535 1.24622547626495361328 -1.05368971824645996094 0.40521511435508728027 -0.59039139747619628906 -0.68821370601654052734 0.96679025888443004266 -0.66796338558197021484 -0.53704267740249633789 -1.29057884216308593750 -0.56374543905258178711 -1.35111737251281738281 -0.39369630813598627261 -0.29085838794708251953 1.60075771808624289783 1.60414195060729980469 0.78846663236618041992 0.14596505463123318758 0.77175414562225341797
0.00544557720422739980 0.61669516563415527344 1.38516783714294433594 1.03674280643463112561 0.82570594549179077148 1.02225303649902343750 0.44090801477432250977 1.14840185642242431641 1.41898322105407714844 -1.25720512866973876953 1.59231221675872802734 0.03114155679941170082 0.32125595211982721500 -0.78273558616638183594 -1.72750174999237060547 0.52814644575119018555 0.37374579906463617496 1.50589001178741455078 -1.13477599620819091797 1.17193341255188010486 -0.71004557609558105469 -0.78236842155456542969 -0.84093064069747924805 0.73630416393280029297 -1.67349338531494140625 -0.56066173315048217773 0.02808431349694719831 0.09358701109886169434 -1.21945869922637939453 0.42023462057113647461 0.17353993654251098633 -0.40024447441101068668 1.54638838768005371094 -1.51109290122985839844 0.01547264121472829990 -0.29542678594589227847 -0.54793393611907958984 -0.13876596093177789859 1.65238094329833984375 -0.82307654619216918945 0.24233005940914151277 0.55732786655426025391 -1.40335500240325927734 0.97679311037063598633 -1.47597205638885498047 -0.77860385179519653320 1.46373212337493896484 -0.90970820188522338867 -0.62681078910827636719 -1.55019164085388183594 -0.10117845237255089497
0.02280354499816890021 0.25324794650077819824 -1.17300605773925781250 -1.72348737716674804688 0.88409495353698730469 0.67569416761398315430 0.84161216020584106445 -1.60563707351684570312 -1.18054878711700439453 0.39236685633659357242 -0.62726831436157226562 -0.33810257911682128906 0.92626428604125976562 -1.45727586746215820312 -0.54494792222976684570 -0.72008627653121948242 1.11764872074127197266 -1.53460514545440673828 -0.20217444002628320865 -1.69284617900848410876 1.25667035579681396484 0.82888102531433105469 -1.70758974552154541016 -1.38839614391326904297 1.70290005207061767578 0.14745779335498809814 0.52453714609146118164 -1.15079450607299804688 1.51845908164978049548 -0.89383208751678466797 0.78147953748703002930 0.37512597441673278809 -0.65774846076965332031 1.35908889770507790296 -0.14269325137138361148 0.36968520283699030093 1.27322530746459960938 -1.05933654308319091797 -1.63591122627258300781 0.37995144724845880679 -1.25107336044311523438 0.50779986381530761719 -0.79980581998825073242 0.30968433618545532227 1.12270915508270263672 -1.69501984119415283203 1.05883860588073730469 -0.72293287515640258789 -1.64103734493255615234 -1.39716839790344238281 -0.08989910781383510241
0.46460759639739990234 -0.49948164820671081543 -0.60235744714736938477 -0.77508598566055297852 1.35198605060577392578 -1.64474475383758544922 -0.18750759959220880679 0.77765965461730957031 -0.83158630132675170898 0.42079621553421020508 -1.62359344959259033203 0.84671777486801147461 0.75566685199737548828 1.20075774192810058594 0.34894809126853937320 0.75879251956939697266 0.57473111152648925781 0.61887532472610473633 -0.67833077907562255859 -0.47497478127479547672 -0.76133078336715698242 -1.42434704303741455078 -1.46499204635620117188 1.21330583095550537109 -0.95186537504196155890 1.40867209434509277344 1.55043554306030273438 -0.32839214801788330078 0.01123370788991450049 1.02447116374969482422 0.17672820389270779695 -1.04773235321044921875 -1.09710144996643088611 1.07902157306671142578 -0.22847144305706018619 0.34059375524520868472 -0.39049032330513000488 0.61818605661392211914 1.41656875610351562500 1.68096399307250976562 -1.32023191452026367188 1.67579984664916992188 -0.24160270392894739322 1.63410055637359619141 0.52836066484451293945 1.68600380420684792249 -0.83310073614120483398 0.69664931297302246094 1.53016006946563720703 0.51168596744537353516 0.87554055452346801758
-2.36036419868469238281 -1.62349939346313476562 -1.78683805465698242188 -1.12778878211975097656 -0.42434847354888910465 1.67289674282073952405 1.62703430652618408203 0.68862175941467285156 -0.81860399246215820312 0.21639101207256308812 -0.92416346073150634766 -0.60818946361541748047 0.73981708288192749023 -1.21956205368041992188 0.52685391902923583984 0.52220159769058227539 1.70661640167236328125 1.04118335247039794922 -0.75053197145462036133 -0.27266025543212890625 0.13096480071544638890 -0.70082408189773559570 -1.42732548713684082031 1.33845794200897216797 1.38382267951965309827 -0.54337507486343383789 0.76031601428985595703 0.57353055477142333984 1.65985774993896484375 -0.33436134457588190250 -1.04961371421813964844 0.63418632745742797852 -1.23589205741882324219 1.55937027931213378906 1.71042764186859130859 -0.33270499110221857242 0.89095056056976318359 1.52297937870025634766 -0.59807556867599487305 0.80171090364456176758 1.18209671974182128906 -1.17030334472656250000 -1.31346762180328369141 -0.35073933005332941226 1.51252865791320800781 0.80643397569656372070 1.33773791790008544922 -0.45365539193153381348 0.25367531180381769351 -1.72125518321990966797 -0.08856674283742900500
0.29122141003608698062 0.92849361896514881476 0.93961018323898315430 0.53218990564346313477 1.37866866588592529297 1.36856675148010231702 0.47093582153320312500 -0.41826766729354858398 -0.14361718297004699707 1.66876184940338112561 -0.73228251934051513672 -0.51730024814605712891 0.96484559774398803711 -1.40933704376220703125 0.32289978861808771304 -0.56162726879119873047 0.09102243930101390490 1.62399351596832275391 -1.67777001857757568359 1.51273727416992209704 -0.94001024961471557617 1.52177023887634277344 -0.76288664340972900391 1.37899589538574218750 -1.65080368518829367908 1.23372399806976318359 0.10891748219728469849 -0.24696974456310269441 0.05364665016531940112 -1.15181577205657958984 -1.33725965023040749280 0.25910601019859308414 1.45111346244811989514 1.66281116008758544922 0.41682136058807367496 1.05516731739044189453 -1.12212157249450683594 0.78978180885314941406 -0.59796839952468872070 -0.51384478807449340820 0.60196250677108764648 1.37442374229431152344 0.80098080635070800781 -0.72443467378616333008 -0.88015514612197875977 -0.51732212305068969727 0.96210199594497680664 -1.14710712432861328125 1.04875850677490234375 0.18620719015598288792 -1.27639997005462646484
-0.97668588161468516962 -1.00747132301330566406 -0.98075771331787120477 0.96585321426391601562 -0.33242088556289667300 0.22530944645404810123 -0.10737951099872579397 1.01021480560302712171 1.11253345012664794922 0.06965354830026619648 0.96892005205154418945 -0.30369418859481811523 -1.24903845787048339844 -0.72947627305984497070 -1.12027430534362792969 0.04962745681405059811 -1.10508787631988525391 0.01298102363944050007 -1.49404275417327880859 0.94197571277618397101 0.07246150821447369661 1.09887766838073730469 0.26346722245216369629 -0.27434715628623962402 1.65305936336517311780 -0.93146079778671264648 0.13480648398399350252 0.86383515596389770508 -0.96425729990005482062 -0.63519048690795898438 -0.20799531042575830631 1.04372227191925048828 -0.85922473669052124023 -0.02118070423603049882 -0.53251588344573974609 0.44724944233894348145 1.30632996559143088611 0.35102254152297968082 0.33024078607559198550 0.56867945194244384766 -1.45578634738922119141 -0.69441372156143188477 0.47703453898429870605 -1.05856168270111083984 -0.74231725931167602539 0.12511000037193290013 1.08684444427490234375 1.61914312839508056641 0.56973785161972045898 1.59773468971252441406 0.96653628349304199219
0.44292491674423217773 1.26130151748657248767 1.92447280883789040296 1.05816268920898437500 -1.34361839294433593750 -0.42485830187797540836 0.18567214906215659398 1.57677865028381369861 1.33393454551696777344 1.20568990707397460938 0.80865454673767089844 -0.20180407166481009740 0.48142576217651361636 1.11013555526733398438 -1.47895514965057350842 1.58774507045745849609 -1.43136465549468994141 1.20621907711029030530 0.53296428918838500977 0.64414131641387939453 1.33290505409240722656 0.03738931193947789972 -1.06186974048614501953 -0.78974145650863647461 -0.64213979244232177734 0.24404142796993250064 0.54785591363906860352 -1.42101395130157470703 -1.06254482269287109375 1.27172374725341796875 -1.59557914733886718750 -1.47945404052734375000 0.01099445484578599926 -0.67845708131790161133 1.27716076374053955078 -1.73414635658264160156 1.45599973201751708984 -0.80672216415405273438 0.53736507892608642578 1.67156124114990234375 0.11871542036533350162 1.60580396652221679688 -1.54707884788513183594 -0.32047548890113830566 -1.10854005813598632812 -1.50511372089386008533 -0.81903398036956787109 1.16382884979248046875 -0.95091509819030761719 0.76355630159378051758 -1.52356040477752685547
0.39349055290222167969 0.67942506074905395508 0.70219981670379638672 0.73799979686737060547 -1.58987760543823242188 0.26718685030937189273 -1.20470774173736550061 -1.16199564933776855469 1.61692571640014648438 -0.34763935208320617676 -1.44660961627960205078 1.44249224662780761719 0.84381127357482910156 -1.28215682506561279297 1.03357303142547607422 -0.16147391498088831119 -0.80526274442672729492 -0.68250447511672973633 -0.85659623146057128906 -0.91140878200530994757 -0.60546320676803588867 -1.66906225681304909436 -1.54441738128662109375 1.32723045349121093750 -1.32818663120269775391 1.32258117198944091797 -0.93806117773056041376 1.03483605384826660156 -0.28729128837585449219 1.65183341503143310547 -0.68515396118164062500 0.47410833835601801090 0.27632820606231689453 -0.02639783360064019979 -1.32620632648468017578 -0.44918695092201227359 0.40624713897705078125 0.54965806007385253906 1.49226474761962890625 -0.46796578168869018555 -0.64964020252227783203 0.77452898025512695312 0.28831771016120910645 -1.26500916481018088611 -1.12850034236907958984 1.71813893318176269531 -0.25573387742042541504 0.71579676866531372070 1.30863046646118164062 -0.74408787488937377930 -1.58712494373321510999
0.04352692514657970080 -0.68807750940322875977 0.51988840103149414062 1.02060627937316894531 0.78867864608764648438 1.34278345108032248767 -0.70678246021270751953 0.08917360752820960301 0.08964597433805460147 0.06898541003465649690 1.53539204597473144531 0.20207706093788138646 1.51078915596008300781 1.14803135395050048828 1.44364714622497558594 -0.38544586300849909000 1.72386944293975830078 0.57493597269058227539 -0.65266650915145874023 -1.60455965995788552014 0.02170863561332219902 0.04373069480061529679 -1.41255772113800048828 1.46061754226684570312 -0.22552376985549921207 1.02916538715362571033 1.17435300350189208984 -1.18894076347351074219 -0.26916581392288208008 0.81156206130981445312 -0.17980487644672391023 -1.37220633029937744141 -0.14629563689231869783 -0.92617237567901600226 -0.72336816787719726562 0.50668376684188842773 -1.32072496414184570312 0.16476410627365109529 -1.60775852203369140625 0.24268953502178189363 -1.34205484390258789062 -1.14263403415679909436 0.48950982093811029605 -1.39713025093078591077 -0.39483657479286188297 0.15886315703392028809 -0.95780777931213378906 -0.78241556882858276367 -0.21357531845569610596 -1.62911975383758544922 1.32545876502990722656
-0.96370160579681396484 -0.86175501346588134766 -0.99452972412109375000 0.36034819483757019043 0.85504305362701416016 0.04044093564152709958 -0.77544659376144409180 1.54841804504394509046 1.35763955116271950452 1.70087397098541259766 1.09848618507385231702 1.19607853889465309827 -1.73568010330200195312 1.46817064285278320312 1.63755369186401367188 -1.17547595500946044922 -0.70109754800796508789 0.57608175277709960938 1.64776945114135742188 -1.47051918506622314453 -0.88210111856460571289 -0.89306467771530151367 -1.42949116230011008533 -0.95131129026412963867 1.55209922790527343750 0.43458762764930719547 -0.35862556099891662598 1.33454537391662597656 1.51231098175048850329 -1.53931021690368630139 0.55044674873352050781 0.30874729156494140625 -1.42788434028625488281 -0.41884517669677728824 -0.82237946987152099609 1.35654890537261962891 0.98699909448623657227 0.30241608619689941406 0.77061903476715087891 1.11973047256469726562 1.49339747428894042969 -1.62686514854431152344 -0.16807201504707330875 1.33316314220428489001 -0.55253100395202636719 0.39077493548393249512 0.05595001578330990183 -1.49019765853881835938 0.75104361772537231445 -0.90987157821655284540 1.21372306346893310547
-0.51120018959045410156 -1.01373040676116943359 -0.45701277256011957340 1.60250329971313476562 -0.75913673639297485352 -1.58752453327178955078 0.07319344580173489656 -1.44679319858551047595 1.09007239341735839844 -0.53129357099533081055 0.51693701744079589844 0.97836202383041381836 1.59177505970001220703 -1.28523409366607688220 -1.40044355392456032483 -1.00591075420379638672 1.63651728630065917969 -0.86263644695281982422 -0.72524565458297729492 0.30997347831726068668 -0.91832065582275401727 -0.82606768608093261719 1.51416742801666259766 -0.59586817026138305664 0.70205199718475341797 1.10109889507293701172 -1.10699224472045898438 1.34049129486083984375 -0.95457655191421519891 1.33580815792083740234 1.59563934803009033203 -1.35049867630004882812 0.28158694505691528320 0.22433258593082419652 -0.01535250060260289970 -0.18676984310150140933 -0.38113948702812189273 -1.47915148735046408923 0.71533161401748657227 -0.92368203401565562860 -0.83008193969726562500 1.71227967739105224609 0.96976649761199962274 1.64852237701416015625 -1.23647773265838623047 1.65305864810943603516 -0.55395567417144775391 0.30281206965446472168 -0.39789471030235290527 -0.37527671456336969547 0.85567891597747802734
0.04017608612775799837 -0.37244036793708801270 -0.27246046066284179688 -0.75705921649932861328 1.48331546783447287829 -1.66842186450958229749 -1.38946413993835449219 -0.79454660415649414062 0.42687559127807611636 0.68517345190048217773 -1.13857674598693847656 0.85848498344421386719 -1.05113530158996582031 -0.37429791688919067383 1.12731122970581032483 0.74743252992630004883 -0.48603752255439758301 1.33694839477539062500 -0.48409736156463617496 0.08935698121786110615 -1.68148303031921408923 1.60886025428771950452 -1.38204360008239768298 1.59786987304687500000 0.55181705951690673828 1.71327471733093261719 0.08736322075128549747 -0.98794806003570556641 -1.17432844638824462891 -1.01282560825347900391 -0.21542903780937189273 -1.72908902168273925781 0.35552784800529479980 1.37920224666595458984 -0.67545449733734130859 0.57739186286926269531 -1.32176136970520019531 -1.60100507736206032483 -1.35487639904022216797 0.27171838283538818359 -1.53794956207275390625 -1.44989645481109619141 -0.08420751988887779926 -0.75504738092422485352 1.40292870998382568359 -0.33665904402732849121 -0.06586135923862450336 1.54360055923461914062 -0.26807183027267450504 0.00616734893992540011 0.90039294958114624023
-0.70620208978652954102 -1.03280532360076904297 -0.01587446779012680054 1.47607731819152832031 -0.77033638954162597656 -1.33369004726409912109 0.50706630945205688477 1.07380723953247070312 0.15251328051090240479 1.46010148525238037109 -0.46423918008804321289 -0.50650078058242797852 -0.56716620922088623047 -0.37979918718338012695 -0.32081282138824457340 0.23862889409065241031 -1.22759246826171875000 0.88036179542541503906 0.00061399862170210000 -1.47812986373901367188 -1.58557820320129394531 1.44570624828338623047 0.43662095069885248355 1.64749419689178489001 -0.40169051289558410645 1.37354421615600608142 -1.61781013011932350842 0.84335803985595703125 0.47692406177520751953 1.63452184200286887439 -1.48855495452880859375 1.31076502799987792969 -0.38609242439270019531 1.33799397945404030530 -0.20704506337642669678 -1.00038897991180419922 -0.93013149499893199579 -0.18368351459503171053 -1.61788439750671408923 0.24900715053081509676 -0.33231046795845031738 0.49847459793090820312 -0.55405640602111816406 -0.74021816253662109375 -0.38441535830497741699 -1.66184234619140625000 0.64527750015258789062 0.30687403678894037418 -1.08705258369445800781 -1.36726725101470969470 0.65219712257385253906
-0.31120035052299499512 -0.18306724727153769749 0.40631544589996337891 1.65583777427673339844 1.39068949222564697266 -0.55447769165039062500 -0.58638662099838256836 1.55410647392272949219 0.27734598517417907715 1.41139316558837890625 -0.57094848155975341797 0.77344030141830444336 -0.71587979793548583984 0.59027820825576782227 1.14863598346710205078 -1.27611267566680908203 0.52387690544128417969 1.46317279338836669922 0.98873013257980357782 -1.67639124393463112561 0.61212861537933349609 0.27591112256050109863 -1.12739765644073486328 0.32263335585594177246 0.47331511974334711246 -0.91858810186386119501 -1.62027823925018310547 0.32658788561820978336 -0.99775183200836181641 0.00749975582584729971 1.05955517292022705078 0.71841502189636230469 -0.15491896867752069644 -0.29878139495849609375 1.37051033973693847656 1.20449554920196510999 -1.13101911544799804688 -0.55715298652648925781 -0.18933025002479550447 -0.20392453670501708984 -1.72055232524871848376 0.08120075613260259451 1.42861604690551757812 -0.71009260416030883789 0.33832064270973200015 0.09440463036298750443 -1.46762979030609130859 0.78195971250534057617 -0.44304162263870239258 1.58677029609680175781 1.74153017997741699219
-0.94873428344726562500 -1.66914391517639160156 -0.71312600374221801758 -0.98983716964721679688 -1.38558948040008544922 1.77433323860168457031 -0.15478469431400299072 -0.34494522213935852051 0.63915771245956420898 -1.28273534774780273438 -1.21125614643096923828 -0.17805288732051849365 -1.16793119907379150391 1.66948795318603515625 1.29294252395629882812 -1.15440642833709716797 -1.34033441543579101562 -0.52850109338760375977 0.32688081264495849609 1.25370454788208007812 0.43960478901863098145 1.15171122550964355469 0.30203554034233087711 -0.06520924717187880082 -1.28454375267028808594 -0.31345403194427490234 0.10032019019126889314 -0.80125349760055541992 1.19803750514984130859 -0.31850016117095947266 -0.54555535316467285156 0.58892512321472167969 0.74410194158554077148 -0.18679541349411010742 -0.06579644232988350605 -0.81729882955551147461 1.42620265483856201172 -0.77333903312683105469 -0.37378752231597900391 0.51497894525527954102 0.05116255581378929829 -1.25958025455474831311 -1.37082135677337646484 -1.05174148082733154297 0.92286765575408935547 0.09167236834764480591 1.60399544239044189453 -0.24792991578578948975 -0.86365813016891479492 0.43154549598693847656 -0.84902751445770263672
0.34844541549682611636 0.40493848919868469238 -0.97002476453781116827 -1.09018361568450927734 0.73680353164672851562 0.37259519100189208984 1.14127290248870849609 -1.02878475189208984375 1.68411028385162353516 -0.40640118718147277832 -0.52329111099243164062 0.68266272544860839844 -1.49750936031341552734 0.39603662490844721011 -1.60002374649047829358 -1.13150167465209960938 1.33095145225524902344 0.95611321926116943359 -0.80672675371170043945 -1.12414312362670898438 -0.20885726809501639623 -0.94047683477401722296 -0.41628575325012201480 -1.15992116928100608142 -1.53790795803070090564 -0.18898791074752799291 0.03719449043273920230 0.35883378982543939761 -1.32091367244720458984 0.32899823784828180484 -0.12421323359012599596 0.59432840347290039062 1.35199844837188720703 0.65122944116592407227 1.58468675613403320312 -0.38400372862815851382 0.76353555917739868164 0.29530283808708190918 0.32748878002166748047 -0.25052759051322931461 -1.11796557903289794922 0.79448944330215454102 0.71064782142639160156 0.06253262609243390169 -1.23623538017272949219 1.61799597740173339844 -0.19153173267841339111 -1.59992587566375710217 1.53624868392944335938 -0.06760317087173460526 -0.45932272076606750488
0.76522493362426757812 0.07806757092475889726 0.24631522595882410220 0.55264192819595336914 -0.08941550552844999833 -0.74806112051010131836 0.58397221565246582031 0.25194969773292541504 -0.09239331632852550158 -1.37295198440551757812 -1.30411744117736816406 0.34625798463821411133 -0.61005848646163940430 -0.43321198225021362305 1.03070521354675292969 -1.26235473155975341797 -1.16159474849700927734 0.66227161884307861328 -1.24771034717559792249 0.94014257192611683234 -1.64820659160613991467 -0.83396339416503906250 1.37834632396697998047 -0.38966143131256097965 -1.03393042087554909436 0.32290279865264892578 -0.83423101902008056641 1.30445683002471923828 1.52047598361968994141 -0.35048517584800720215 1.10091340541839599609 0.10245592892169949617 1.27105438709259033203 -0.16766743361949920654 0.48706975579261779785 1.22756505012512207031 -0.98855429887771595343 -0.13575282692909240723 0.01196227874606839957 -0.04488410800695410291 -0.66660594940185546875 -1.49948620796203591077 0.08937471359968179874 -0.70985227823257446289 1.06580054759979248047 0.71935349702835083008 -0.48545658588409418277 0.45574203133583068848 -1.24496424198150634766 -0.89940673112869262695 -0.58673644065856933594
-1.77906894683837890625 -1.07142066955566406250 -0.61911594867706298828 0.92831879854202281610 -0.68548268079757690430 1.42613685131072998047 -0.87668377161026000977 0.80833208560943603516 1.36137354373931884766 -0.78974366188049316406 -1.66347765922546408923 -1.63135910034179687500 0.93158876895904541016 -1.20250284671783447266 -1.54010391235351562500 -1.28416335582733154297 1.10963213443756103516 -0.57751983404159545898 -0.26559183001518249512 -1.40670907497406005859 -1.34564805030822753906 1.63716566562652610095 1.63639283180236816406 0.02981354482471940126 -0.90112197399139404297 -0.81618976593017578125 -1.29981005191802978516 0.31284636259078979492 1.50256407260894775391 -1.02146267890930175781 -1.72794604301452636719 -1.13657224178314208984 -1.61121451854705810547 -0.28281533718109130859 0.88767731189727783203 0.93442916870117198602 -0.48340627551078790836 -1.46380925178527832031 0.87013989686965942383 -1.49173784255981445312 0.79126858711242675781 -1.48916125297546408923 -0.68058210611343383789 -0.64570516347885131836 0.97485703229904163702 0.96555054187774658203 0.08669462054967880249 -0.82350564002990722656 1.20245885848999023438 0.16589680314064020328 0.13353377580642700195
-1.45453214645385742188 -1.37881374359130859375 -0.42985528707504272461 0.46540415287017822266 0.14471301436424249820 -0.59402263164520263672 -1.05457234382629394531 -0.28780013322830200195 0.23211379349231719971 0.67707985639572143555 -0.27450183033943170718 -0.22618794441223138980 -0.55459916591644287109 -0.94756013154983520508 1.07396626472473144531 0.29575023055076599121 -0.42451569437980651855 -1.44115173816680908203 0.92434525489807117804 -1.05030274391174316406 0.61903041601181030273 0.92443060874938964844 0.34306567907333368472 1.73932385444641113281 -1.00616514682769775391 0.66207712888717651367 0.49243807792663568668 1.32555115222930908203 -1.16996943950653076172 -0.29834055900573730469 1.41221332550048850329 0.59155070781707763672 0.90091359615325916632 -1.54725658893585205078 -0.87969589233398437500 -1.18825304508209250720 -0.64204359054565429688 0.25321990251541137695 -0.51400220394134521484 -0.68005627393722534180 1.08371150493621848376 -1.67441821098327636719 -1.46371960639953591077 -1.53019535541534423828 0.96038120985031116827 1.60125827789306640625 1.55694925785064697266 0.70122075080871582031 -1.51786148548126220703 0.47439211606979370117 -0.08827867358922950047
-0.49112433195114130191 -0.14444623887538909912 0.38636854290962219238 1.23401844501495361328 -1.06078553199768088611 -0.58084630966186523438 -0.71060943603515625000 -0.75946867465972900391 -1.41631722450256369861 -0.96659153699874877930 1.12735116481781005859 -1.39294826984405517578 1.14869081974029541016 0.24973167479038230199 1.05266726016998291016 1.23796939849853515625 0.07646482437849040636 1.29099369049072287829 0.86363238096237182617 -0.29407626390457147769 0.86035603284835815430 1.67995154857635498047 -1.06192374229431152344 1.19789314270019509046 -0.12865638732910150699 -0.72231793403625488281 -0.22448015213012689761 0.09034432470798489656 -0.12095884978771209717 -1.71351325511932350842 -0.21453736722469329834 0.49792298674583429507 -1.31827938556671142578 -0.28578507900238031558 -0.59734880924224853516 -1.43031835556030273438 0.76063561439514160156 -1.39849865436553955078 -1.38421392440795898438 -0.15255576372146600894 0.41494810581207269840 1.21867454051971435547 1.36812603473663330078 0.06424037367105479845 1.67750835418701149671 0.04526859894394869716 0.39530378580093378238 -1.00590157508850097656 -1.22816562652587890625 -1.43498313426971435547 1.10508954524993896484
-1.01263976097106911389 -1.03862440586090087891 -0.10341946780681610107 -0.40906861424446100406 0.53943020105361938477 1.09804880619049072266 0.57010537385940551758 -1.53743612766265869141 -1.00423574447631835938 1.69080424308776855469 -0.21197845041751858797 0.87848418951034545898 0.97106808423995960577 0.98120647668838500977 -1.65126764774322509766 0.57117462158203125000 -0.73589712381362915039 -1.69187569618225097656 0.45138126611709589175 0.08194581419229500507 0.51890045404434204102 1.67685604095458984375 1.37613165378570556641 1.34977591037750244141 0.76859927177429199219 0.52108031511306762695 1.64024853706359863281 -0.45240861177444458008 1.29943680763244628906 1.24917054176330566406 0.69230514764785766602 -0.43339949846267700195 -1.64127254486083984375 -0.06207837164401999730 -0.05550843849778169803 -0.45789578557014459781 -1.01918447017669677734 1.25210225582122802734 -0.92018073797225963251 0.67952650785446166992 1.23393714427947998047 -0.49881091713905328922 0.31310215592384338379 -1.52743196487426757812 1.13191843032836914062 1.51995635032653808594 0.40486302971839899234 -0.94158363342285156250 -1.60461056232452392578 0.31601297855377197266 0.17008112370967859439
-0.94803732633590698242 -0.50414258241653442383 -0.08555581420660010594 1.15351104736328125000 -0.78018432855606079102 -0.08431518077850340409 -1.28263735771179199219 1.01741075515747070312 -0.01143077854067080061 -0.39197880029678339175 -0.26572161912918090820 -0.78543645143508911133 -0.18588125705718991365 -0.95024305582046519891 0.56955581903457641602 1.35828316211700439453 -1.48445403575897216797 0.15795339643955230713 -0.80889737606048583984 -0.04649363085627550296 1.44381201267242431641 0.66638511419296264648 0.09285196661949149388 -1.20889270305633544922 0.17475065588951110840 0.76422107219696044922 0.69667482376098632812 1.35748791694641113281 -1.08284866809844970703 -0.24758738279342651367 1.31084036827087402344 1.42041468620300292969 1.09244930744171142578 1.69359350204467751233 -0.56778049468994140625 1.37097597122192382812 1.57237565517425537109 0.32163035869598388672 -1.40726852416992209704 -0.41203245520591730289 0.61858856678009033203 -0.60588002204895019531 -1.24088680744171142578 1.42230701446533203125 -0.37864917516708368472 0.50637274980545043945 -0.43769156932830810547 -0.20911006629467010498 0.33420675992965698242 1.17247927188873291016 0.98607921600341796875
0.36806055903434747867 0.69595563411712646484 0.15381507575511929597 0.03110625967383379847 -1.69423496723175048828 0.54373687505722045898 -0.60732108354568481445 0.95136737823486317023 0.90130233764648437500 -0.34680202603340148926 0.75239628553390502930 -1.39333593845367431641 0.19752089679241180420 -1.53817224502563476562 0.08971358835697169909 -0.34517446160316467285 -0.28328448534011840820 -0.37238681316375732422 -0.90608716011047363281 1.64353525638580322266 -1.33827424049377441406 0.38726037740707397461 1.18102431297302246094 -1.65776395797729492188 -0.44761291146278381348 -1.63975644111633300781 1.46415865421295166016 -0.90425735712051402704 0.60246521234512329102 -1.01975345611572287829 0.26349920034408569336 1.47034418582916259766 1.32475745677947998047 0.57845914363861083984 -0.08015242218971249666 0.76793289184570312500 -0.02942731417715540101 1.26574742794036887439 1.41978847980499289783 -0.19204184412956229466 0.61928063631057739258 1.00188362598419189453 0.65658146142959594727 -0.22547154128551480379 -0.83599495887756347656 0.21426276862621299046 -1.47367095947265625000 -1.46750533580780029297 -0.06585171073675150089 -0.16555964946746820621 -1.68152225017547607422
0.20402516424655908756 0.48258990049362182617 0.97171461582183837891 1.13765025138854980469 -1.55187952518463112561 0.98943263292312622070 0.41595506668090820312 0.19582791626453399658 1.19976198673248291016 -0.08849418163299560547 -1.25180876255035400391 -0.97317916154861439093 0.93848341703414916992 -1.34705495834350608142 -0.41357633471488952637 0.80572015047073364258 -1.31120872497558593750 1.30110454559326149671 -1.74494636058807350842 0.31252977252006530762 1.09781563282012939453 1.67491185665130615234 0.16455273330211639404 -1.64878594875335693359 0.37181150913238519840 0.67218011617660522461 -1.54003524780273437500 1.27369892597198486328 1.60395634174346923828 -0.90577536821365356445 0.02394998632371420078 -0.91540610790252685547 0.30795449018478388004 1.70707845687866210938 0.14575721323490140047 1.38867044448852539062 1.05190193653106689453 -0.51833832263946533203 0.16724063456058499422 -0.28799629211425781250 -1.29559457302093505859 -0.54324686527252197266 0.70346033573150634766 1.44805777072906494141 -1.55387723445892311780 -0.32091376185417169742 0.67546743154525756836 0.47447910904884338379 1.67314791679382324219 -0.92955601215362559930 -0.43978548049926757812
-1.43661761283874511719 -1.36417746543884277344 -0.75355231761932373047 -0.30434942245483398438 1.47561240196228049548 -1.66261613368988037109 1.06714606285095192639 1.42691874504089355469 -1.27827072143554687500 0.87928587198257446289 1.22105789184570312500 -0.52376514673233032227 1.40106105804443359375 0.92114019393920898438 -1.41122865676879882812 1.21662545204162597656 -0.29851463437080377750 -0.52139526605606079102 1.44887351989746093750 1.02918696403503417969 -0.40750542283058160953 -0.79308652877807617188 0.52819782495498657227 1.06186735630035400391 0.32046273350715631656 -0.05621080100536340191 1.01135325431823730469 0.12478215247392650256 -1.26766300201416015625 0.97159022092819202765 0.54069977998733520508 1.38421642780303955078 -0.19598744809627530183 0.70580542087554931641 -1.56682085990905761719 -1.61421465873718261719 -0.90099477767944335938 -0.33751916885375971011 0.24219040572643280029 -0.57147431373596191406 1.25487184524536110608 0.34919375181198120117 -1.14166295528411887439 -1.18391752243041992188 0.26904356479644769840 0.79704761505126953125 0.70982575416564941406 -1.24179947376251220703 -0.55035936832427978516 -0.45951744914054870605 0.39940872788429260254
-0.63813704252243041992 -1.51700794696807861328 -0.95132583379745483398 -0.45823979377746582031 1.63794314861297607422 -0.72418653964996337891 1.11346721649169921875 -1.66318333148956298828 1.35985136032104492188 -1.00989723205566406250 0.85088348388671875000 -1.51197612285613991467 0.06219034269452090175 0.06787244230508800158 0.17727206647396079320 -0.73766702413558959961 0.44979596138000488281 -1.44153213500976562500 -0.49363788962364191226 -0.04656707122921940195 0.17530062794685360994 0.03570531308650969765 -1.41052210330963112561 1.23925185203552246094 0.83513498306274414062 -1.65296745300292968750 -1.04249274730682350842 -0.21581187844276419896 -0.65050673484802246094 0.85799944400787353516 -0.67934340238571166992 0.52399706840515136719 -0.03530486300587649950 -1.04786360263824462891 -0.61862343549728393555 -0.51587063074111938477 -0.04194080084562300248 0.52240794897079467773 0.07549690455198279637 -0.97700387239456176758 1.45977532863616943359 1.24332308769226074219 0.58728218078613281250 -0.47914174199104309082 0.53762817382812500000 1.49943470954895019531 0.94162893295288074835 0.34774544835090631656 0.06471034884452819824 -0.78356218338012695312 0.18106508255004880037
1.38328349590301513672 0.97677910327911376953 2.23765540122985839844 1.42078781127929687500 0.68327510356903076172 0.23362763226032248753 0.32498309016227722168 -0.26025500893592828922 1.29495155811309792249 -0.61731201410293579102 0.81051546335220336914 -0.51785504817962646484 0.51310497522354125977 1.21298503875732421875 0.99026703834533680304 -0.50889998674392700195 0.96225023269653320312 -1.09177255630493164062 -1.74327516555786110608 0.40452179312705988101 0.69083672761917114258 0.21654963493347159642 -1.68739104270935058594 -1.58089113235473632812 0.51364392042160034180 0.67380827665328979492 0.80770915746688842773 1.11793661117553710938 -1.51332890987396240234 -1.51862478256225608142 0.84722721576690673828 0.55236244201660156250 0.17050613462924948949 0.42623832821846008301 1.35096085071563720703 0.52408421039581298828 -0.04439919814467430115 0.62025243043899536133 1.07758092880249023438 -0.08021959662437430638 1.11829745769500710217 -1.24342787265777610095 -0.54792273044586181641 1.59697234630584716797 1.11760616302490234375 -0.32500684261322021484 -0.74810206890106201172 -1.07323050498962402344 -0.94145262241363525391 0.59377604722976684570 -0.16957384347915649414
-0.80318719148635864258 -0.51524513959884643555 0.42846015095710748843 1.56510400772094726562 0.79904329776763916016 -0.69445633888244628906 0.00918098073452710065 1.31778883934020996094 -0.04231779277324670269 -0.87134635448455810547 -1.52405261993408203125 0.56209909915924072266 1.12640333175659179688 -1.69224548339843750000 -0.30520421266555780582 0.64258778095245361328 0.66780591011047363281 1.45032536983489990234 0.11820010840892790360 1.21803355216979980469 -0.24233438074588770084 -0.43972167372703552246 0.67504906654357910156 -1.02253770828247070312 -0.09399797767400740189 -1.29508960247039794922 0.00990734901279210003 1.63273882865905761719 0.62091797590255737305 0.55811440944671630859 1.37441802024841308594 0.49503177404403680972 0.45130375027656549625 0.89165693521499633789 -0.42052814364433288574 -1.03820371627807617188 1.33334779739379882812 1.59158360958099365234 0.66882050037384033203 0.93583691120147705078 0.01327353902161119981 -1.03015077114105224609 0.89633178710937500000 1.51993036270141601562 -0.80283170938491821289 -0.00597437005490060024 -1.51546132564544677734 -0.65059816837310791016 0.45770722627639770508 0.38243156671524047852 1.42870664596557617188
-0.40873032808303827457 -0.26638790965080261230 -0.00271173520013689995 0.71772241592407226562 -1.36977732181549072266 -1.41264355182647705078 1.34039425849914550781 1.09011673927307128906 1.55156433582305908203 1.73536610603332519531 0.35941985249519348145 -0.33883440494537347965 1.16161823272705078125 0.31421816349029541016 0.78940814733505249023 -1.14675629138946510999 -1.45365345478057861328 1.47924292087554909436 1.40936255455017089844 -0.59839075803756713867 -0.58665269613265991211 -1.11299335956573486328 -0.59899711608886718750 0.98105639219284057617 -0.33338916301727289371 -0.13803470134735099095 -0.60347479581832885742 -0.91042071580886840820 0.17668682336807250977 1.11083865165710449219 -1.28929674625396728516 -1.18089246749877929688 0.05565382167696950044 0.17984500527381888646 -0.42589902877807611636 -1.07933843135833740234 -0.18176658451557159424 -0.04350215196609490131 0.16577604413032528963 -0.48029661178588861636 -1.63281869888305664062 1.66765975952148437500 -1.59759616851806640625 0.09464678168296809802 -0.75680142641067504883 -0.28841599822044372559 -1.07183885574340820312 -0.74636799097061157227 0.25766134262084960938 0.66400861740112304688 0.63184642791748046875
-0.43295767903327941895 -0.15228825807571411133 -0.70401459932327270508 -1.23417401313781738281 -1.56728756427764892578 -0.99023550748825084344 -1.41564071178436279297 0.82810109853744506836 -0.36568090319633478336 -1.38431572914123535156 0.35200980305671691895 1.47987020015716552734 0.00015981627802830000 -0.48134008049964899234 0.06129673868417739868 1.51266968250274658203 1.53615164756774902344 -1.35922908782958984375 -0.05388278141617770106 1.66927015781402610095 0.91226238012313842773 -0.33839878439903259277 -1.31636095046997070312 -1.12484073638916015625 -1.20703816413879394531 -1.02306914329528808594 1.26222777366638183594 -0.44167953729629511050 0.85847634077072143555 -0.13539139926433560457 1.23224580287933349609 -1.64075338840484619141 1.51908028125762939453 -1.45658445358276367188 1.24398064613342285156 -1.10468530654907248767 -0.81239169836044311523 0.13447706401348111238 -1.60903251171112060547 -0.90892201662063598633 -0.60243511199951171875 -1.18397784233093261719 -0.83534538745880126953 -0.23872506618499750308 -0.54628807306289672852 -0.64554804563522338867 -1.28930771350860595703 0.64803522825241088867 -1.41878104209899902344 -1.65616703033447287829 0.63636630773544311523
0.81670874357223510742 0.10992403328418730302 -0.41914516687393188477 -1.11293029785156250000 0.36010855436325067691 -0.91729921102523803711 -1.50824141502380371094 1.56399726867675781250 -0.03026014566421500115 1.29368495941162109375 1.26146399974822998047 -0.72096997499465942383 -0.19692122936248779297 -0.97851991653442382812 1.17220366001129150391 -1.54186034202575683594 0.02917727828025809891 -1.29045188426971435547 0.30972358584403991699 0.42316448688507080078 1.32478141784667968750 -0.22007498145103449039 -1.07220780849456809314 -0.95993012189865123407 -1.65064716339111328125 0.38115411996841430664 -0.87528008222579956055 -0.03525588288903230144 1.73635625839233398438 0.74504572153091430664 -0.47521683573722839355 1.43722367286682128906 0.59031593799591064453 1.68250775337219238281 1.47384202480316162109 -1.13608443737030029297 -0.02806452848017209831 -1.40763604640960693359 -0.11096101254224770283 -0.96197754144668579102 0.23517164587974540013 0.27224281430244440250 1.14987194538116455078 -0.77095913887023925781 0.12747474014759060945 0.08521547168493269486 -1.44143307209014892578 -1.46578824520111083984 0.81061935424804687500 -1.19508051872253417969 -1.09659659862518310547
0.25559270381927490234 0.01309492066502570065 -1.23726022243499755859 -0.17568790912628171053 -1.09981894493103049548 -1.31264233589172363281 0.30079114437103271484 -0.20453643798828119449 -0.87203615903854370117 1.47989201545715309827 -1.27752482891082763672 0.15825536847114560213 -0.35706120729446411133 -0.74036318063735961914 0.51574659347534179688 0.62872767448425292969 1.62956631183624289783 0.38458275794982910156 -0.27924185991287231445 -0.93076819181442260742 0.39452472329139709473 0.46678078174591058902 0.64868414402008056641 -0.37838122248649591617 0.91781347990035999640 -1.02002274990081809314 1.39677357673645019531 1.49563813209533691406 -1.37648367881774902344 -0.86025822162628173828 -1.47930169105529807361 1.50577580928802490234 -1.03829658031463623047 0.39038038253784179688 -0.83657342195510864258 0.54939317703247070312 -0.86587125062942504883 0.42070657014846801758 -1.40591859817504882812 -0.06858064979314799914 1.47389292716979980469 -0.70674991607666015625 0.78193610906600952148 -1.52949297428131103516 1.57165968418121337891 0.34187281131744379215 0.12084723263978949803 0.07622382044792169742 -1.00045108795166015625 -0.20392268896102899722 0.36568012833595270328
-1.12939035892486550061 -1.38535511493682861328 -0.60306787490844726562 -0.41939327120780939273 1.44621109962463378906 0.16535827517509460449 0.91017210483551036493 0.66946315765380859375 -1.27562475204467751233 0.89238834381103515625 -1.39977169036865234375 0.23344340920448300447 1.59190034866333007812 -1.66754472255706809314 -1.69731509685516357422 -0.90026772022247314453 -1.52591478824615478516 0.38512685894966119937 -1.68713343143463112561 -1.37535548210144042969 -0.29842337965965270996 1.69263815879821777344 -0.32165572047233581543 -1.37592041492462158203 1.45056831836700439453 1.31961941719055175781 -0.03983229026198380207 -0.25780203938484191895 1.41956770420074462891 -0.16652013361454010010 -1.14934003353118896484 -1.59247350692749023438 1.14848160743713378906 -1.65822255611419677734 1.09514188766479492188 0.21230989694595331363 -1.23440992832183837891 -1.69651436805725097656 1.65226745605468750000 1.33464813232421875000 0.68539756536483764648 0.43217661976814270020 1.45840609073638916016 -0.54300892353057861328 -0.06985147297382350573 0.76374208927154541016 -1.21694052219390869141 0.23641638457775110416 -0.30153736472129821777 -0.46647369861602777652 0.19880524277687069978
1.01866805553436279297 1.23384654521942138672 -0.14214931428432459048 -1.58618748188018798828 0.42455941438674921207 0.26997122168540949039 -0.83917683362960815430 1.28483915328979492188 0.67621719837188720703 -1.51848232746124289783 1.39512968063354492188 1.62617814540863037109 -0.02078594081103799993 -0.83664482831954956055 1.23041355609893798828 1.38361179828643798828 -0.29045400023460388184 -0.07261411100625990434 -0.12131582200527189774 1.61702740192413330078 -0.38610625267028808594 -0.22237284481525421143 -1.02656054496765136719 -0.72342234849929809570 -0.75147140026092529297 -0.93067604303359996454 -1.01912426948547363281 1.28783226013183593750 0.30760702490806579590 0.75359362363815307617 0.47906771302223200015 -0.48538199067115778140 0.64939814805984497070 0.60360807180404663086 0.08507311344146720189 1.55048143863677978516 0.84720659255981445312 0.34942284226417541504 1.64209353923797607422 -1.56763923168182350842 0.71355092525482177734 0.32760572433471679688 -0.44784483313560480289 -1.59322261810302712171 -0.76479667425155639648 1.42333781719207763672 -1.11887836456298850329 0.96860659122467041016 -0.66400581598281860352 1.67705786228179909436 -1.41383206844329833984
-0.56860047578811645508 -0.45016711950302118472 0.50495845079421997070 1.07378602027893088611 1.00707185268402099609 1.53020536899566650391 0.05690962821245190012 1.16124033927917480469 0.17692196369171139803 0.78675919771194458008 -0.46112668514251708984 1.19045579433441162109 -0.63395923376083374023 0.08229756355285640368 -1.31085073947906494141 1.04408073425292968750 0.36987301707267761230 -1.61571133136749289783 -1.05432343482971191406 0.35873746871948242188 0.31344571709632867984 0.66075342893600463867 1.25490927696228049548 -0.56756007671356201172 -0.94118547439575195312 -0.28861996531486511230 0.60898405313491821289 0.79484993219375610352 -0.12545306980609891023 -0.22166427969932550601 -1.26287043094635009766 -0.76289969682693481445 0.49720782041549682617 0.31058612465858459473 0.01980017684400079900 -0.85317856073379516602 -0.16067123413085929173 0.40309005975723261050 -0.04386922717094419999 -0.93785959482193004266 -1.09900593757629394531 0.64367550611495971680 -1.29449331760406494141 -1.31845867633819580078 1.69549405574798583984 1.18343579769134521484 0.33903607726097101382 -0.43158367276191711426 0.33032992482185358218 0.69063389301300048828 1.37274050712585449219
-2.16989541053772017065 -1.46625030040740966797 -0.49300920963287347965 -0.10891438275575629491 -0.06569205969572060322 1.17313385009765625000 -1.47873795032501220703 -1.27923595905303955078 1.10551345348358154297 -0.51777142286300659180 -0.43073043227195739746 0.95523071289062500000 -0.83845096826553344727 0.47395810484886169434 -1.58441972732543967517 -0.10212139785289760241 -1.30900204181671142578 1.65117025375366210938 -1.03055489063262939453 -1.60228824615478515625 0.72226232290267944336 -1.49485635757446289062 -0.67048549652099609375 1.12350594997406005859 -1.18876707553863525391 1.69131970405578591077 1.18149065971374511719 -1.39350473880767822266 1.37458205223083496094 1.60938441753387428967 0.59273838996887207031 1.16362845897674560547 1.18429553508758544922 0.76647502183914184570 0.45917901396751398257 0.03137564286589619722 0.39291912317276000977 -1.20981657505035400391 1.73985457420349121094 -1.11160278320312500000 0.18414804339408868961 1.26444351673126220703 -0.23488509654998779297 -1.22885179519653320312 -0.83067810535430908203 -1.01444041728973410876 -1.38096570968627929688 0.20278474688529959935 0.88675487041473388672 1.37371981143951416016 -0.42938828468322748355
-1.29059922695159912109 -0.43480449914932250977 -0.42003941535949701480 -0.10659036785364149613 0.15856535732746118716 -0.19308245182037350740 -0.93228721618652343750 1.15473139286041259766 -0.21712039411067959871 0.09950350970029829545 -0.73063075542449951172 -0.53733259439468383789 -0.62112092971801757812 0.40703108906745910645 1.23844480514526367188 1.17304456233978271484 -1.23887085914611816406 0.10895247757434839420 0.79324233531951904297 -0.69406068325042724609 -0.07701734453439709749 -0.32982611656188959293 -0.46232441067695617676 -0.15645734965801239014 -0.44229310750961298160 -1.60501635074615478516 -0.65953218936920166016 -0.62768226861953735352 1.13580656051635742188 0.95891857147216796875 0.63803398609161376953 -0.10934001207351680407 -1.63150537014007568359 1.27636957168579101562 1.05227231979370117188 1.33451235294342041016 -0.85217297077178955078 -0.42473489046096801758 1.63393950462341308594 -0.77739483118057250977 1.19437325000762939453 -0.67509996891021728516 -1.46869635581970192639 1.20334088802337646484 -0.55411845445632934570 -0.81506049633026123047 -0.91108942031860362665 -0.64640611410140991211 0.53347313404083251953 1.11341536045074462891 0.49354323744773859195
-1.19743371009826660156 -1.66150283813476562500 -0.66658008098602294922 1.05530595779418967517 -0.47700262069702148438 -0.74621963500976562500 0.61667644977569580078 1.27900624275207519531 0.56101465225219726562 0.84896957874298095703 -0.33386832475662231445 1.50137269496917724609 0.50973355770111083984 -0.33334574103355407715 -0.40891304612159729004 0.51420766115188598633 -1.69700634479522705078 -1.22677266597747802734 0.61394196748733520508 0.84507238864898681641 -0.08523869514465330643 0.17893324792385101318 -0.85392439365386962891 1.23537027835845969470 -0.28174337744712829590 0.88769578933715820312 0.99841266870498657227 1.59597122669219970703 0.28812050819396972656 0.26452150940895080566 -0.71952438354492187500 -1.54420590400695800781 0.38383942842483520508 -0.56004971265792846680 -0.29710167646408081055 -1.40135657787322998047 1.60178029537200927734 1.52492761611938476562 -0.09923795610666269473 -0.72157877683639526367 0.39961016178131097965 0.67783915996551513672 1.06420552730560302734 -1.10491931438446044922 1.32831954956054687500 -0.09962277114391319965 -0.34121134877204889468 -0.73626267910003662109 -1.58930969238281250000 0.02991303987801070124 0.17076745629310599583
0.67877322435379028320 0.42656567692756647281 -0.55827224254608154297 -0.83678394556045532227 0.05361335352063169996 0.62458163499832153320 -0.04330003261566160028 0.05483908206224440141 -1.61916172504425048828 -0.05872816964983940125 1.70133113861083984375 1.71263289451599121094 0.89276605844497680664 -1.13131713867187500000 -1.03179097175598144531 -0.12085658311843870683 -1.08031475543975830078 1.59544861316680908203 0.45456621050834650211 0.49453312158584589175 -1.54007863998413085938 -0.16937638819217679109 1.58337974548339843750 0.37672188878059381656 -1.53622055053710937500 -1.56979787349700927734 -1.12828505039215087891 0.00638768076896660021 -0.32269048690795898438 1.42567515373229980469 0.14343565702438348941 -0.05130042508244510302 -1.60400259494781494141 0.14676180481910700015 -1.29980611801147460938 0.30960986018180841617 -0.49168786406517028809 -0.41082441806793207340 -1.29545724391937255859 0.82376533746719360352 1.32059717178344726562 -1.01128149032592751233 -0.93615341186523437500 -1.34660863876342751233 -1.52991402149200439453 -1.27010548114776589124 -1.31128132343292236328 -1.10309648513793967517 0.98926997184753417969 1.27453434467315673828 -1.63121020793914794922
-1.04636204242706298828 -0.81161105632781982422 0.12072256207466119937 -0.29867166280746459961 0.26410302519798278809 1.47941875457763671875 0.45903819799423217773 0.86856746673583984375 -0.08032470196485519409 0.59499347209930419922 -1.24698519706726074219 -1.48059320449829101562 -1.69658458232879638672 -1.68300235271453857422 -0.16388610005378720369 0.33172672986984247379 1.54572486877441406250 0.95679128170013438837 -1.19521427154541015625 0.30508664250373840332 -1.42215740680694580078 0.09068477153778070621 1.44386577606201149671 -0.13978171348571769017 -0.61341875791549682617 -0.96430814266204845087 -0.25183388590812677554 -1.06002116203308105469 -1.35394620895385742188 0.96834576129913318976 1.03556954860687255859 1.01075327396392822266 0.33196991682052612305 1.74263477325439430921 -1.04603397846221923828 1.70840704441070556641 1.50605285167694091797 1.28521859645843505859 -0.51359754800796508789 0.55130708217620849609 0.43758261203765869141 1.05563163757324218750 0.79048240184783935547 -1.52256727218627929688 0.99582016468048095703 1.54885995388031005859 -0.34030351042747497559 -0.24134211242198941316 1.28428065776824951172 1.73934304714202880859 0.40434956550598138980
1.30366218090057350842 1.59989607334136962891 2.49039053916931152344 1.27391219139099121094 -1.02302074432373046875 -1.32705712318420410156 1.26905953884124755859 1.19636774063110351562 -0.59031826257705688477 -1.57549607753753662109 1.11003267765045166016 0.80670964717864990234 0.93188267946243275031 0.68070012331008911133 -0.97207611799240123407 1.38091778755188010486 -0.99052041769027721063 -0.45120993256568908691 1.53943181037902832031 -0.30325928330421447754 -0.12158495932817449392 1.71953344345092751233 -0.73882436752319335938 1.17296957969665527344 -0.19069598615169519595 1.34597730636596679688 -0.01202332787215699972 0.90509557723999023438 1.70115482807159423828 0.04676975682377809695 -0.75087553262710571289 1.78962767124176047595 0.01406228728592390058 0.95457702875137317999 1.29291915893554687500 1.30354964733123779297 1.64410865306854248047 -0.03672033175826069917 -0.67696440219879150391 0.05643884837627410195 1.63496780395507790296 -0.14479425549507141113 -0.03858222812414160291 -0.08455196768045419864 1.09741973876953125000 -0.03493301197886460041 0.55156254768371582031 -1.27040743827819824219 -0.62201386690139770508 -0.29313787817955011539 1.10491549968719482422
-1.00671231746673583984 -0.58223438262939453125 -0.65589350461959838867 -0.01365191489458079943 1.08025193214416503906 -1.69077944755554199219 1.51929914951324462891 -0.47849079966545099429 -0.34051248431205749512 1.26553273200988769531 1.14015758037567138672 -1.67350709438323952405 -1.17122244834899902344 -1.60681569576263449939 1.67539823055267311780 0.73411297798156738281 -0.11328437924385069413 -1.47197389602661110608 0.32884770631790161133 1.67785954475402832031 -0.24640220403671259097 1.01202714443206809314 -0.99178397655487060547 -1.36208832263946510999 -0.58137989044189453125 -0.83401137590408325195 0.28530418872833251953 -1.24374580383300781250 -1.46879458427429199219 1.02766895294189430921 1.27747046947479248047 -0.99387353658676158563 0.54524552822113037109 -0.28442844748497009277 0.91658347845077514648 0.21956999599933618716 1.04289114475250244141 0.36608496308326721191 1.19550335407257080078 -0.63641142845153808594 1.19402754306793190686 -0.75125670433044433594 -0.03044732473790640048 -1.25092065334320090564 -1.48496985435485839844 1.55967605113983154297 1.31265246868133544922 1.67780554294586181641 -0.63757485151290893555 1.22704064846038818359 1.19879817962646484375
0.64349418878555297852 0.85847014188766479492 0.34514516592025751285 0.10367911309003829956 0.36557087302207941226 -0.29127541184425348453 -1.64176845550537109375 1.28857553005218505859 0.28436344861984247379 -1.25729644298553489001 -1.31267166137695312500 -1.24570572376251220703 -0.40518096089363098145 0.55698728561401367188 -1.69378399848938010486 1.03754055500030517578 -1.45385253429412841797 0.91566699743270885126 -1.21796727180480957031 -1.43750429153442382812 -0.46935352683067321777 0.75386333465576171875 -0.50298076868057250977 1.19519090652465820312 1.48188996315002441406 0.58555716276168823242 -1.43970394134521484375 -0.93990373611450195312 1.09294354915618896484 -0.65223294496536254883 -1.67656207084655761719 -1.23741841316223144531 1.56306827068328857422 -0.35750702023506159000 -0.01497008278965950012 -0.93958765268325794562 -0.87575316429138183594 1.31618750095367431641 0.60646200180053710938 -1.32243812084197998047 -0.11516322195529929417 -0.30311280488967889957 1.12187063694000244141 -0.94742852449417125360 -1.26753234863281250000 -0.24248403310775751285 0.10994409024715419421 1.20609498023986816406 0.33220055699348449707 -1.04776573181152343750 -1.85980391502380393298
1.16980290412902832031 1.31387996673583984375 1.99718594551086447986 1.02915728092193603516 0.04433512687683099918 1.78949344158172607422 -1.40932619571685791016 -0.50551789999008178711 0.09015080332756039705 -0.91659063100814819336 1.35430955886840820312 0.97541451454162597656 0.80946105718612670898 -0.09921138733625410600 0.90900093317031860352 -1.35778772830963112561 0.53599733114242553711 -1.74481558799743630139 1.65814387798309326172 1.40301954746246337891 1.49857127666473410876 1.54430532455444335938 0.39824661612510681152 1.51477086544036887439 -0.12205086648464200105 -0.55397975444793701172 -0.04263034462928769891 0.18115143477916709203 1.23437345027923583984 -0.11461740732192990389 1.67797374725341796875 -1.20287895202636718750 -0.79329484701156616211 -1.14245712757110595703 0.66913253068923950195 -1.38186919689178489001 -1.38812923431396484375 -1.64878332614898681641 -0.55630010366439819336 -1.13274657726287841797 1.61059415340423583984 0.57556158304214477539 -0.94565957784652721063 0.74468505382537841797 0.42196246981620788574 1.31409800052642822266 0.04988240450620649857 1.40466105937957763672 0.11343526095151899857 1.74958729743957519531 -0.22275947034358969945
0.15817767381668090820 -0.35174819827079767398 -0.27868998050689697266 -0.02972249686717980122 1.08857715129852294922 0.84934413433074951172 0.36837437748908991031 -1.06355583667755126953 -1.68390369415283203125 -0.79775643348693847656 0.17203353345394128970 0.88956886529922485352 0.20821985602378839664 1.60174143314361550061 -1.34211134910583496094 0.13971795141696929932 0.03354376927018160037 -1.68501508235931396484 1.04785215854644775391 0.93514049053192138672 0.72611135244369506836 0.58163529634475708008 -0.28828439116477960757 -0.88138091564178466797 1.23119795322418190686 -0.60302126407623291016 -1.12676024436950683594 0.07692006975412360448 0.81132102012634277344 1.52654623985290527344 -1.09757852554321289062 0.83298313617706298828 -0.28923615813255310059 0.35289245843887329102 -1.32426834106445312500 -0.17086228728294369783 0.76093858480453491211 -1.01260066032409690173 -1.13742005825042724609 -0.70642417669296264648 -0.89297169446945190430 1.44505119323730490954 -1.51880872249603271484 -0.15308408439159390535 0.86168807744979858398 0.72399139404296875000 -0.34785082936286920718 1.49377489089965820312 -1.21762979030609130859 -0.66373491287231445312 1.18553936481475830078
-0.22184082865715021304 -0.09439963102340689916 -0.02146307937800880083 0.59385770559310913086 0.97792392969131480829 0.90400940179824840204 0.07155025750398630313 0.52392381429672241211 -1.03243875503540039062 0.90264755487442016602 -1.49376499652862571033 -0.85430353879928588867 -1.20227694511413552014 1.03746128082275390625 0.86273753643035888672 -1.11676728725433349609 0.85707652568817138672 -1.29650461673736550061 0.83877813816070556641 -0.24892750382423400879 -1.16632509231567382812 -1.59108805656433105469 -0.10832341760396950459 1.27336907386779807361 -1.03843665122985839844 1.27970802783966064453 -0.88793694972991943359 -1.56988847255706809314 -0.94708102941513061523 -1.69162583351135231702 -1.65771627426147460938 -0.64459747076034545898 1.67251205444335937500 -0.29679882526397699527 0.26300185918807977847 1.37826836109161376953 -0.76343721151351928711 0.00725847994908690019 -1.33587753772735595703 0.05086870864033690015 -0.51329976320266723633 -1.24510264396667480469 -1.16980814933776855469 1.13978385925292968750 0.52276116609573364258 0.51257932186126708984 1.56505405902862571033 -0.69286781549453735352 -0.17439642548561090640 -0.34939432144165039062 1.30361342430114768298
1.72570133209228515625 1.70249617099761962891 -0.59671950340270996094 -1.26827776432037353516 -1.56290674209594726562 -0.12564179301261899080 1.34775197505950927734 -0.27164930105209350586 1.02955389022827170642 0.72990369796752929688 1.63578534126281738281 -0.04960381239652630198 -0.89550018310546875000 -0.03561228141188620133 1.65774655342102050781 1.47845268249511718750 1.26969528198242209704 0.75570589303970336914 -1.61602902412414550781 1.61033034324645996094 -0.22121447324752799291 0.24499319493770599365 0.86873859167098999023 1.25845420360565207751 1.53666865825653076172 -1.06260168552398681641 -1.42100191116333007812 -1.19284844398498535156 -0.90233027935028076172 0.95643025636672962531 0.93698292970657359735 -1.06737077236175537109 0.52780532836914062500 -0.96465909481048583984 1.75105035305023193359 -0.19555121660232541170 -0.86945325136184692383 -1.61475610733032248767 -1.24073040485382080078 1.71007764339447021484 -1.32613039016723632812 -0.82606971263885498047 0.64503520727157592773 0.39377853274345397949 1.47033405303955078125 -0.09216388314962380146 0.61864101886749267578 0.30250576138496398926 0.80183589458465576172 -1.52037119865417480469 0.07149944454431529650
2.11447525024414062500 1.69487786293029807361 -0.33947461843490600586 -1.76160097122192382812 1.40723824501037597656 0.82734376192092895508 -1.43567717075347900391 1.24339175224304199219 0.89938664436340332031 0.02533746138215060145 -1.67839753627777099609 -1.07317507266998291016 1.23051369190216064453 1.65149474143981911389 0.43940442800521850586 0.02730773761868469929 1.32470452785491943359 0.59551805257797241211 -0.06254029273986809467 -1.04977655410766601562 -0.36492431163787841797 0.91607874631881724969 -0.82820749282836914062 1.59208500385284423828 0.60504186153411865234 -0.07736304402351379395 -1.46790897846221923828 1.52239465713500976562 0.32338687777519220523 -1.15553367137908935547 1.60337913036346435547 -1.04903185367584250720 0.42018902301788330078 1.41435909271240234375 -0.44403931498527521304 1.62759041786193847656 1.41923117637634277344 -1.32422006130218505859 -0.63183909654617309570 -0.16504962742328641023 1.14632320404052712171 -1.57258665561676047595 0.63458544015884399414 1.33442652225494384766 1.18131911754608154297 -1.03431427478790283203 0.09311604499816890368 -1.60469055175781250000 0.70881241559982299805 0.03763053566217419710 -0.10986957699060440063
-0.68254047632217407227 -0.05295519903302189912 -1.13887715339660644531 -1.43392777442932128906 -0.94994693994522094727 0.60093075037002563477 -1.76899075508117675781 -0.04089812934398649735 -0.95163244009017944336 -1.49120163917541503906 -0.38391053676605219058 -1.54173052310943603516 -1.32533514499664306641 -0.00092731404583899996 0.44068667292594909668 -1.37597501277923583984 -0.51661527156829833984 -1.32230865955352783203 0.64559143781661987305 -1.66641104221343994141 0.02278469130396839834 -0.57136672735214233398 0.79801142215728759766 0.34431028366088861636 0.56995999813079833984 -1.16143226623535156250 -1.53082060813903808594 0.17094588279724121094 -0.68522834777832031250 0.65248310565948486328 1.61497235298156738281 1.21312534809112571033 -1.16637992858886718750 -0.87060302495956420898 -0.55710297822952270508 -0.05835906788706769766 -0.23738439381122589111 1.41606962680816650391 1.06710803508758544922 0.34260457754135131836 1.01680099964141845703 -0.55889219045639038086 -0.39580297470092767886 0.25515848398208618164 -0.74889332056045532227 -0.45321011543273920230 -1.43160784244537353516 0.92564535140991199835 -0.93012678623199462891 1.64430725574493408203 0.91597598791122436523
-0.47761464118957519531 0.28802323341369628906 -0.28197944164276117496 -0.72793954610824584961 1.21352660655975341797 0.57729899883270263672 -0.80239975452423095703 0.79756349325180053711 0.94061362743377685547 -1.12082815170288085938 0.62172514200210571289 -0.59425300359725952148 -0.13293480873107910156 -1.38240027427673339844 0.80882203578948974609 1.50389111042022705078 -1.69795024394988991467 -0.85049062967300415039 1.58959794044494628906 -0.90897512435913074835 -1.19348025321960449219 -0.83486568927764892578 -0.22237271070480341129 0.04493081569671630165 0.70085114240646362305 0.93963956832885742188 0.27778980135917658023 -1.20544254779815673828 -0.24529607594013211336 -0.18282333016395568848 0.45660397410392761230 0.84179276227951049805 0.27792498469352722168 1.58723187446594238281 -1.51136779785156250000 0.69411295652389526367 0.31145384907722467593 -0.67015361785888671875 1.21242809295654296875 -0.21138298511505118626 1.18189108371734619141 1.28881394863128662109 0.36287611722946161441 -0.38887825608253479004 -0.80362081527709960938 1.30430567264556884766 -1.11533570289611816406 0.09044200181961059570 -1.07745540142059326172 0.60047674179077148438 0.60302567481994628906
0.09500529617071150346 -0.42755767703056329898 -0.79307746887207031250 -1.00124275684356689453 -0.65531259775161743164 -0.99937677383422840460 0.01978985778987400052 -1.60965859889984130859 -0.99234873056411743164 -0.11035078763961790604 0.95576661825180042609 -0.02967499755322930075 0.32809183001518249512 -0.43516483902931207828 -0.58708620071411132812 0.40737819671630859375 0.17199662327766410130 0.66809022426605224609 0.91236329078674316406 0.15239107608795160465 -1.27701663970947287829 -1.40888738632202170642 0.51650178432464599609 1.10093390941619873047 -1.55784440040588378906 -0.75570034980773925781 -1.14427280426025390625 0.29937925934791559390 0.51980072259902954102 -0.09696789830923080444 -1.72084414958953857422 0.32260972261428827457 -0.54323929548263549805 -0.68230617046356201172 0.51168912649154663086 1.17863965034484863281 1.06239795684814430921 0.61204349994659423828 1.08453857898712158203 0.98167657852172840460 1.45656704902648925781 0.45609906315803527832 1.35855269432067871094 1.00891304016113281250 -1.38064754009246848376 -0.90565240383148204462 -0.13140287995338439941 1.71444535255432128906 0.24385811388492578677 -1.73049950599670410156 0.64587295055389404297
-0.58670264482498168945 -0.77391839027404785156 -0.02518526837229720025 1.51466727256774902344 -0.41906535625457758121 -0.40724739432334899902 -1.72454118728637695312 0.82680928707122802734 0.83672314882278442383 -0.84929054975509643555 0.62394946813583374023 -1.05817651748657248767 -0.95695745944976795538 1.52821958065032958984 0.19189904630184170808 -1.37680435180664062500 -1.48194015026092529297 -0.09646079689264290546 -1.59885883331298850329 -0.72359430789947509766 -1.47619783878326416016 -1.11466217041015625000 0.07455532252788539538 -0.49073266983032221011 1.74803125858306884766 0.56711459159851074219 0.72345584630966186523 -0.99605935811996459961 -0.35652178525924682617 -0.38792482018470758609 -0.68507218360900878906 -1.64881002902984619141 -1.20583844184875488281 0.54097843170166015625 -0.19121693074703211002 -1.30446565151214599609 0.36507830023765558414 0.09235243499279019441 -1.36730003356933593750 0.11248589307069770116 0.68871992826461791992 1.53743100166320800781 -1.52698636054992675781 -0.64885711669921875000 1.04322504997253417969 -1.66662824153900168689 -1.21966588497161887439 -0.25191012024879450015 1.45270037651061989514 0.86051434278488159180 1.13323163986206032483
-0.43162429332733148746 0.27870050072669977359 -0.01984460279345509962 0.32215565443038940430 1.09105193614959716797 -0.31439998745918268375 0.52537554502487182617 0.40438741445541381836 -1.38280034065246582031 -1.46818017959594726562 -1.39777672290802001953 -0.04465739428997039795 -1.02846133708953857422 -1.12454974651336669922 -1.60127401351928710938 -0.99391186237335205078 0.54825663566589355469 0.89178639650344848633 -0.87994688749313354492 0.38225698471069330386 -1.48462522029876708984 1.47826755046844482422 0.85975426435470581055 1.49121117591857910156 1.28869748115539550781 -1.53209662437438964844 -0.78815609216690063477 -1.48938381671905517578 -1.37535130977630615234 0.74709868431091308594 0.93361473083496082648 -1.47155213356018088611 -0.99763721227645885126 -0.10211768001317969579 -0.10998296737670890111 -1.22873461246490478516 0.00859080441296099923 0.50945967435836791992 -0.82529801130294799805 -0.82733607292175292969 -1.09721314907073952405 0.07068093866109839696 1.45138645172119140625 1.14560365676879882812 0.12752017378807059544 -0.32600098848342889957 1.66573345661163330078 0.19522702693939208984 1.54306089878082275391 0.89531016349792480469 0.71916180849075317383
-1.24874877929687500000 -1.62241315841674804688 -0.90968865156173717157 -0.31515133380889892578 0.63867765665054321289 1.60975408554077170642 0.89661860466003417969 0.91868507862091064453 1.60520756244659423828 1.18553650379180908203 -0.92315667867660522461 -0.08792294561862940006 1.53164899349212646484 1.60862255096435569079 -0.55928963422775268555 0.65266245603561401367 -0.22689560055732718724 -0.60974651575088500977 1.15338516235351562500 0.58993649482727050781 -0.18247978389263150301 1.47689819335937500000 1.00225520133972167969 -0.42337176203727722168 0.02269911766052239849 -0.97571152448654163702 -0.58087372779846191406 -1.68613505363464355469 1.48259794712066650391 -0.27262848615646362305 -1.28376042842864990234 -1.24743998050689697266 1.61893808841705322266 1.13238644599914550781 0.53688848018646240234 -1.17335641384124755859 -1.06950914859771728516 -1.41607546806335449219 -1.02544462680816650391 0.56034535169601440430 -0.79500579833984375000 -0.55666869878768920898 0.66594809293746948242 0.65004026889801025391 0.93238985538482677118 -1.50909996032714843750 -1.30466413497924804688 1.72144734859466552734 0.75231736898422241211 -0.19950145483016959447 0.04474362730979909719
-0.20217975974082941226 0.27522099018096918277 0.39007729291915888004 -0.05603738129138940288 -0.92707407474517822266 0.21533039212226859349 1.09439897537231445312 -1.02138864994049072266 0.71315777301788330078 -0.48711594939231872559 0.67051267623901367188 -0.94847381114959716797 -0.06711304932832709569 -1.47344708442688010486 0.03424322232604019856 -1.05023455619811989514 0.95866894721984863281 1.12206625938415527344 -0.97360438108444202765 -1.00733160972595192639 0.07610861957073210282 0.33458349108695978336 -1.08963251113891601562 0.07480580359697340531 1.73862612247467041016 1.67528641223907470703 0.74571174383163452148 0.80727475881576538086 1.18618464469909690173 -1.61573088169097900391 -1.56968724727630615234 -0.54054796695709228516 -0.09008689224719999833 0.00727369403466580043 -0.44815200567245477847 -1.15391826629638671875 1.58877122402191162109 -0.87145495414733886719 0.08730229735374450684 -0.63560444116592407227 0.29936414957046508789 -0.95787793397903442383 1.12203848361968994141 -1.33394753932952880859 1.60800194740295410156 0.25385081768035888672 1.27156722545623779297 -0.84604352712631225586 1.05113840103149391858 -0.29988843202590942383 -0.06487811356782910432
-0.17942672967910761050 0.94169616699218761102 0.88934934139251708984 0.57640850543975830078 -0.87657415866851806641 -0.86237257719039916992 -0.68734663724899291992 -0.35324862599372858218 -1.69791710376739501953 -0.19733436405658719148 1.56683969497680664062 0.95200318098068237305 0.00022307154722510001 -0.54675364494323730469 -1.41949152946472167969 0.15821005403995511140 -0.91903805732727039679 -0.13496784865856170654 1.25799047946929909436 -1.42290055751800537109 -1.61697316169738769531 0.80266833305358886719 -0.17530769109725949373 -1.31167304515838623047 0.25293070077896118164 0.79301697015762329102 -0.69926601648330688477 0.00721311895176759976 1.43218517303466796875 -0.77076512575149536133 1.17578196525573730469 -0.45461809635162347965 -0.45238640904426569156 0.47519755363464349918 1.11197578907012939453 -1.31980371475219726562 -1.47060203552246093750 0.24999864399433130435 -0.84540283679962158203 0.62827748060226440430 0.72954511642456054688 -0.06995188444852820653 1.11879086494445800781 1.22497820854186989514 -1.39005696773529030530 -0.20535194873809808902 -0.65224772691726684570 0.12655678391456601228 0.03427772596478460138 0.93963325023651123047 -0.87409693002700805664
0.04414948448538780212 -1.04366517066955566406 -0.17972438037395468968 1.67355763912200927734 -1.70145463943481445312 -1.19453501701354980469 1.03350985050201416016 0.83106541633605957031 0.09409657865762710571 -1.30224573612213112561 1.24518907070159912109 1.17195188999176047595 0.13453650474548339844 1.62680125236511230469 0.42772164940834039859 1.38957035541534423828 0.54000359773635864258 0.66755443811416625977 1.47369527816772460938 1.11773383617401123047 1.60305488109588623047 -0.32899278402328491211 -0.16774651408195490054 0.00938125979155299966 0.25845035910606378726 1.20312309265136718750 1.34542655944824218750 0.07772678136825560136 -1.00758755207061767578 -1.27007687091827392578 -1.66431176662445090564 0.26278707385063171387 -1.16213250160217285156 -0.90881651639938354492 -1.21160805225372314453 -1.66971564292907714844 0.28117242455482477359 -0.96053719520568836554 1.14616572856903076172 -0.99716871976852416992 0.93340438604354858398 -0.39866825938224792480 -0.51626986265182495117 -0.28699359297752380371 -0.13746638596057889070 1.53228020668029807361 -1.50902032852172829358 0.01177592668682330042 -0.04261735826730719823 -1.34837865829467751233 1.17937314510345458984
2.26633787155151367188 1.63580787181854248047 1.72799313068389892578 0.63988959789276123047 -1.53983163833618164062 0.65867441892623901367 1.20156168937683105469 0.60372024774551391602 -1.24822592735290527344 -1.28445339202880859375 -0.83922773599624633789 -0.40954372286796569824 -1.20553982257843017578 -1.46561574935913085938 -1.30808568000793457031 0.03984240815043439687 -0.21614286303520199861 0.97097319364547718390 -1.14222288131713889392 0.70377922058105468750 -1.12133097648620605469 -0.12730444967746729068 1.02585625648498535156 -1.68469655513763449939 -0.81543236970901489258 1.51597428321838378906 0.04721867665648459694 -1.12565767765045166016 -1.08741414546966552734 -1.13145160675048850329 -0.96344041824340820312 -1.18635368347167968750 -0.13400718569755548648 -0.84293252229690551758 -0.08194585889577860049 0.72451710700988769531 -0.32165887951850891113 -1.32918906211853049548 0.80783176422119140625 -1.49450671672821044922 -0.24606779217720028963 -0.80905967950820922852 1.18680727481842041016 -0.28229415416717529297 -1.65648484230041503906 -0.04796713590621939916 -1.44008755683898925781 -1.19338285923004150391 -1.53660464286804199219 1.46411287784576416016 -0.07292497903108589863
0.63044190406799316406 1.24515235424041770251 1.01296353340148925781 -0.08299493789672850175 -1.53425347805023193359 1.25233125686645507812 -0.30685019493103027344 -0.02028684504330149907 -1.10038399696350097656 0.23400585353374481201 -1.45954179763793967517 -0.97882831096649158820 -1.62984395027160644531 0.08048278838396069612 -0.19912335276603698730 -0.08067730069160460038 -1.70133876800537109375 -1.08714413642883300781 0.18474027514457699861 -0.31814736127853388004 0.54762089252471923828 -1.64333975315093994141 0.50065732002258300781 0.91841596364974975586 1.45814514160156250000 -1.16240084171295166016 -1.23718464374542236328 -1.09242260456085205078 -1.34163355827331542969 -0.13592776656150809544 -0.32692855596542358398 -1.58860456943511962891 0.89717161655426025391 -0.88754254579544067383 -1.24181854724884033203 -1.09461498260498046875 1.41551303863525390625 0.32682427763938898257 -1.31120824813842751233 -1.39634561538696289062 1.42635715007781982422 -0.60409766435623168945 1.56891345977783203125 0.70320665836334228516 -1.59995996952056884766 -0.12507660686969748753 -0.91280496120452880859 -0.66581511497497558594 0.23291000723838800601 0.40328514575958251953 -2.23829460144042968750
-1.03149306774139404297 -0.67302024364471435547 -0.26855972409248352051 0.42266204953193659000 1.42415499687194824219 0.37346249818801879883 -0.28838884830474847965 -0.21749243140220639314 -0.43490251898765558414 0.76857727766036987305 0.90550988912582397461 0.92675071954727161749 -1.68357026576995849609 -1.13347995281219482422 -0.84997028112411499023 0.55287438631057739258 -1.67418408393859863281 -1.63049685955047607422 -1.74817585945129394531 1.57003700733184792249 0.27691617608070367984 -1.28273594379425048828 0.78337669372558593750 1.63473689556121848376 1.06190884113311767578 -1.20813667774200439453 -1.36348724365234375000 -1.36924064159393310547 0.52568888664245605469 -1.06399154663085937500 0.67820698022842407227 0.29139319062232971191 -0.20594023168087000064 -0.77280300855636596680 0.98294675350189197882 -0.18605414032936090640 0.56488955020904541016 -0.41749370098114008121 0.92434215545654296875 1.22804832458496093750 1.07233488559722900391 1.07795536518096923828 -1.26858615875244140625 1.62726521492004394531 1.22331511974334716797 -1.14284205436706542969 0.42285263538360590152 0.25603032112121582031 0.69017517566680908203 0.17581291496753689851 0.99643301963806163446
-1.18446147441863991467 -0.72366857528686523438 -0.22402715682983390111 1.64589965343475341797 0.41815114021301269531 -0.31769013404846191406 -1.04358851909637428967 -0.16823706030845639314 1.27847945690155029297 0.56510204076766967773 -1.32382011413574218750 -0.46063321828842157535 0.01280246023088689976 0.34075513482093811035 -0.36107289791107177734 -0.68279027938842773438 -0.88179880380630493164 -0.37395957112312311343 0.59282863140106201172 -0.05745867639780039698 -0.22485205531120300293 -0.61766719818115234375 1.20248317718505859375 1.40573239326477050781 -0.18348823487758630923 -1.64748239517211914062 -0.72233009338378906250 1.41306924819946289062 0.75911861658096313477 -1.61141383647918701172 1.09008240699768088611 1.49407863616943359375 0.57670134305953979492 1.59855842590332031250 0.14829309284687039461 -1.45384895801544189453 1.29212725162506103516 -1.28831839561462402344 -1.38071298599243164062 0.82144433259963989258 0.11561370640993109959 -0.02919056639075269868 -1.54686748981475830078 0.36059632897377008609 -1.46321845054626464844 -0.57659113407135009766 1.53126835823059082031 0.98554831743240356445 -1.52355253696441650391 1.77265059947967529297 1.54549705982208229749
0.69687128067016601562 1.24145054817199707031 0.01159629411995410052 0.09586064517498009419 -1.65111196041107177734 -1.58158731460571289062 -0.83656537532806396484 0.58709043264389038086 -1.64426255226135231702 0.72834450006484985352 -0.56850850582122802734 1.67471778392791770251 -0.58741742372512817383 0.33689773082733148746 0.76299905776977539062 -1.34586000442504882812 -0.80913984775543212891 -0.69468659162521362305 1.07916378974914550781 -1.68663132190704367908 -0.76580357551574707031 -0.79569488763809204102 -1.42865014076232910156 1.52275884151458740234 -0.37894287705421447754 -0.65469944477081298828 0.20881094038486480713 1.50905346870422363281 0.18303802609443659000 0.70775365829467773438 -0.04024791717529289936 0.33497431874275207520 -1.02422225475311279297 1.57347679138183593750 1.18859434127807617188 1.36952936649322509766 0.87019526958465576172 1.64618706703186035156 -1.25105297565460205078 0.02301463671028609881 0.35996228456497192383 -1.12554645538330078125 -0.90018153190612792969 -0.82734054327011108398 1.62912344932556152344 -1.47066855430603049548 1.68343245983123779297 -0.84543091058731079102 0.08985608071088789506 -0.12322723120450969347 -1.87642693519592285156
0.27054649591445917300 0.53405517339706420898 -0.29999643564224237613 -0.91290861368179321289 -0.66986477375030517578 1.38963675498962402344 -1.48135495185852050781 0.10459697991609570589 1.63625383377075195312 -1.13946890830993630139 1.59532105922698952405 1.29360604286193847656 0.50081199407577514648 0.73520624637603759766 -1.68705868721008300781 0.52188271284103393555 0.26168504357337951660 1.33613967895507790296 0.25358751416206359863 0.10379312932491299715 0.12973976135253900699 -0.39526864886283868961 -1.60351395606994628906 -0.89080405235290527344 -0.02995330654084680036 -1.48840975761413552014 -1.12872087955474831311 0.86239391565322875977 -1.31683981418609619141 -1.53099465370178222656 0.23606464266777030248 0.99041372537612915039 1.66787803173065207751 1.62764096260070800781 -0.15767769515514371004 -0.55738484859466552734 0.25520288944244379215 -0.62489312887191772461 -1.18074083328247070312 -0.86742645502090454102 1.10997867584228515625 0.74894535541534423828 0.92968416213989257812 0.49583378434181207828 0.41592076420783991031 1.26531958580017089844 -0.56204223632812500000 0.46495309472084039859 -0.03845971077680580136 -1.01589620113372802734 -1.47648167610168457031
0.14620600640773770418 0.15046605467796320132 1.32817935943603515625 1.29779922962188720703 -1.66235148906707763672 1.06240510940551757812 1.67402124404907248767 -0.38904765248298639468 1.23900353908538818359 0.63575416803359985352 -1.55921542644500710217 -0.52447819709777832031 -1.41433799266815207751 -0.55194628238677978516 1.14943039417266845703 0.05358056351542470064 -1.08948636054992675781 0.10640165954828259554 -1.08100509643554687500 1.25749278068542480469 1.31800794601440429688 -0.22618545591831198949 -1.38590037822723410876 -0.94692611694335937500 -0.53587448596954345703 -0.71964567899703979492 -1.36900639533996582031 0.56227743625640869141 -0.26864936947822570801 0.76510870456695556641 -0.02604844421148300171 -1.12709486484527610095 -0.97556298971176158563 -0.54407399892807006836 0.23161351680755609683 0.31925514340400690250 -0.87046784162521362305 -0.96959644556045521124 -0.73956942558288574219 -1.43303334712982177734 1.60135686397552490234 1.35464310646057128906 0.57852244377136230469 -0.86762201786041259766 0.21613514423370361328 1.41870725154876708984 0.23875847458839410953 0.91942977905273437500 1.06209957599639892578 -0.03197449073195449826 0.09181834757328030672
-0.39255958795547479800 0.35205653309822082520 -0.65556389093399047852 -1.12601697444915749280 -1.08411490917205810547 -0.17051568627357480135 -1.28544175624847389905 1.63342332839965820312 -0.98954284191131602899 1.57253527641296408923 0.24319414794445029515 -1.23986005783081032483 -0.12902581691741940584 -0.41108658909797668457 0.27945291996002197266 -0.87634313106536865234 -1.30504858493804909436 -0.53955626487731933594 -0.13951361179351801090 -1.68114411830902099609 -1.66725599765777610095 -1.52230107784271240234 1.17829298973083496094 -0.37231597304344177246 -1.00784754753112792969 -0.89342033863067626953 1.25728368759155273438 -1.68879997730255126953 0.75491714477539062500 -1.64382576942443847656 0.34184446930885309390 0.46005794405937189273 -0.99648487567901600226 1.50975275039672829358 -0.44229084253311157227 -0.41336512565612787418 -0.62214189767837524414 0.89211016893386840820 -0.00436035590246309970 -1.07832729816436767578 -0.15664324164390561189 -1.22793674468994140625 -1.42682039737701416016 -0.64731937646865844727 -0.87582165002822875977 0.42914333939552301578 0.31496274471282958984 0.89535939693450927734 -0.67933630943298339844 1.13260495662689208984 0.01356831286102530044
1.74698102474212646484 1.19416308403015136719 -0.53096199035644531250 -1.31120347976684570312 -1.36232995986938476562 -0.17203231155872339420 0.90436226129531860352 0.54218375682830810547 1.10186266899108886719 1.34331953525543190686 0.98908549547195434570 -0.02017788589000700170 0.06158373504877089760 0.14292040467262259740 1.55104351043701149671 -1.29728603363037109375 -1.07992744445800781250 -1.07167756557464599609 -1.58513724803924560547 1.13921105861663818359 -0.58931148052215576172 1.15998017787933349609 0.80260449647903442383 0.24432937800884241275 0.65842992067337036133 -0.88335955142974853516 -1.72465622425079367908 1.18866169452667236328 1.27863895893096923828 0.89437836408615112305 -1.69815540313720703125 0.65302377939224243164 0.14561671018600461092 -0.73164975643157958984 -1.12134826183319091797 -0.05655403435230250270 -0.71863794326782226562 1.68916475772857688220 1.14697432518005371094 0.16774356365203849095 -0.86277896165847778320 -0.70065838098526000977 -0.27816453576087951660 -0.09583482891321179475 1.32739019393920898438 1.10757935047149658203 -0.06016313657164570200 -0.30646276473999017886 0.08148013800382609972 -0.10680013895034790039 -0.23444935679435729980
0.58920294046401977539 0.43446928262710571289 1.37768948078155517578 1.20045244693756103516 -0.17164324223995208740 0.50724816322326660156 1.40463578701019287109 -1.08343410491943359375 -1.32995975017547607422 -0.96257859468460083008 -0.73013961315155029297 -1.13974690437316894531 1.62554764747619628906 0.24763418734073638916 0.89539879560470581055 -0.02555413730442520140 -0.17706000804901120271 -1.57667005062103271484 -0.15716429054737091064 -1.18672585487365722656 -0.52957481145858764648 1.04421985149383544922 0.47367566823959350586 0.75344049930572509766 0.98359781503677357062 -0.98749852180480957031 -0.08819945901632300633 -0.79107135534286499023 0.71388673782348632812 -1.03752815723419189453 0.21905310451984399966 0.09828376770019529862 0.94180619716644276007 -1.35807466506958007812 1.05996704101562500000 -1.17412590980529807361 -1.58223831653594970703 -1.38917911052703857422 -0.84236598014831542969 -0.02592020854353899867 0.88580483198165893555 -1.18878889083862304688 0.58944904804229736328 1.18444871902465820312 -0.32826566696166992188 1.69020664691925048828 0.80986839532852172852 -0.67038363218307495117 0.07968834787607190218 -1.10964524745941162109 -0.82902550697326660156
0.80510360002517700195 0.57126188278198242188 1.48843860626220703125 1.17822563648223876953 -0.58169531822204589844 -0.86693423986434936523 -0.40615573525428771973 0.54831796884536743164 -1.13932538032531738281 -1.56041395664215087891 0.11484027653932570023 1.16862213611602783203 1.47053050994873046875 -0.89862811565399169922 0.11436992883682249589 -1.41861045360565207751 0.70225721597671508789 -1.71469604969024658203 -0.21975545585155478734 -0.28903380036354059390 -1.57342183589935302734 -0.43550947308540338687 -0.57108759880065917969 -1.46697878837585449219 0.95236498117446899414 -1.41747951507568359375 -1.40272557735443115234 -1.13970911502838112561 -0.71481448411941528320 -1.44439196586608886719 0.72473156452178955078 -0.35149195790290832520 1.63480806350708007812 0.13955125212669369783 -1.29244816303253151624 -1.54012155532836914062 0.05428734421730040116 1.05321645736694335938 -0.67210453748703002930 1.63002717494964599609 1.65728569030761718750 0.35446336865425109863 0.10247596353292459659 1.37763679027557350842 0.08545579761266700047 1.20014369487762428967 0.37961092591285700015 -1.54769361019134521484 0.52634018659591674805 0.10287766903638839722 -1.50225496292114257812
-0.08562411367893210667 -0.36569169163703918457 0.06928811222314830431 0.21059754490852350406 -0.47653493285179138184 1.73911893367767311780 0.14890268445014950838 -1.06598019599914550781 1.44080662727355957031 0.05820026248693459942 1.13944602012634277344 0.17627249658107749242 0.41813367605209350586 -0.57720232009887695312 0.71830886602401733398 -0.56277489662170410156 0.77679628133773803711 -0.29016041755676269531 0.84671252965927124023 1.08632695674896240234 -1.46942758560180664062 1.30150794982910156250 -0.40177670121192932129 1.59522044658660888672 1.33466625213623046875 1.74681556224822998047 -0.17314547300338739566 -1.11614477634429909436 -0.48091837763786310367 1.59754979610443115234 0.10274104773998260498 -1.34779810905456542969 -1.23926663398742675781 0.49193724989891052246 -1.04223012924194335938 -0.42249563336372369937 1.60755085945129394531 -0.09872532635927200317 1.31133294105529807361 -1.39808964729309082031 0.86816304922103881836 -1.00990605354309082031 -1.51357972621917724609 0.43312215805053710938 0.88165134191513061523 -1.44656956195831298828 -1.57316374778747558594 -0.99690455198287963867 -0.78205102682113647461 -1.70131683349609375000 0.93094038963317882196
-0.94611740112304676398 -0.19814111292362210359 -0.12536019086837760228 -0.61884963512420654297 -0.57630318403244018555 -0.20229791104793540257 -1.50418698787689208984 1.42250704765319824219 -1.54144430160522460938 -0.36391988396644592285 1.46439433097839355469 -1.12724113464355490954 1.49605178833007790296 -0.00617378670722240012 -1.28897619247436523438 -1.43688225746154807361 0.60473036766052246094 -1.10359382629394509046 -1.66727912425994873047 1.36189472675323486328 -1.28260207176208496094 -0.38599744439125061035 0.09005547314882270116 0.82749027013778686523 0.15091562271118161287 1.30200517177581809314 -1.71498513221740722656 0.01799059845507140071 0.98530125617980957031 -0.91492742300033558234 1.47329318523406982422 -1.06570172309875488281 0.05015475675463670208 -0.85077130794525146484 1.52604806423187255859 1.05686211585998535156 0.26295712590217590332 -0.62871408462524414062 0.45770302414894098453 -1.29315090179443359375 -0.15696164965629569310 0.19728866219520568848 0.39348098635673517398 0.29159846901893610172 -0.62421244382858276367 -0.33896014094352722168 -1.47034466266632080078 -0.96891522407531738281 -0.24191194772720331363 -1.41432285308837890625 0.52951341867446899414
1.32403242588043190686 1.26375544071197509766 -0.84639710187911987305 -1.45926904678344726562 1.20563638210296630859 0.64174336194992065430 -1.22119426727294921875 1.09917581081390380859 0.21403707563877100162 0.42448112368583679199 -0.28198638558387750797 -1.31787633895874023438 -0.62082231044769287109 -0.78387546539306640625 0.09788674861192700472 0.92362117767333984375 -1.54620778560638449939 -0.83884721994400024414 -0.47133329510688781738 0.33052861690521240234 -1.48360311985015869141 1.29359006881713889392 0.45583826303482050113 1.04595375061035156250 -0.68121057748794555664 -0.11872377246618269486 1.09961688518524169922 0.35019221901893610172 0.80090880393981933594 0.70174789428710937500 0.69549351930618286133 0.55628657341003417969 -0.69517141580581665039 -0.62069588899612426758 0.31717011332511901855 0.80828100442886352539 -1.36883461475372314453 -0.03817608207464209813 0.42189291119575500488 0.06212333217263219659 1.71284294128417968750 -0.48280972242355341129 1.24181091785430908203 0.46676421165466308594 -1.45205163955688476562 -1.26250910758972167969 0.14527942240238189697 0.97624111175537120477 -1.10417795181274391858 -0.27958026528358459473 -0.03255105018615719881
-0.55482143163681030273 -0.00410012481734150017 -0.23442524671554559879 -1.19086968898773193359 -1.29752635955810569079 0.58119875192642211914 -0.37912937998771667480 -0.73289382457733154297 0.76381254196166992188 -0.77778774499893188477 0.36633175611495971680 0.92332148551940917969 -1.42464148998260498047 -1.68315112590789794922 -1.50613534450531005859 1.48951518535613991467 1.09198784828186035156 0.22578418254852289371 -1.62393915653228759766 1.70619940757751464844 -0.48407545685768127441 1.62392759323120117188 0.42695817351341247559 1.18389129638671875000 -1.71027743816375710217 0.62623316049575805664 -0.58016347885131835938 0.48743292689323419742 -1.05767512321472167969 1.63118994235992431641 -1.09613585472106911389 0.13003827631473541260 -0.37643453478813171387 -1.62621128559112571033 -0.39664676785469049625 1.47837805747985839844 1.21660017967224121094 -0.00807093828916539968 0.67494368553161621094 1.38101911544799804688 0.93301373720169078485 0.54908925294876098633 1.48531806468963623047 -1.23566663265228271484 -0.39752280712127679996 -1.36626183986663818359 -1.21868884563446044922 -1.23399591445922829358 -0.12589782476425170898 -1.71795344352722167969 0.31986239552497858218
-1.02575159072875976562 -0.30643317103385919742 -1.13124430179595969470 -1.36875522136688232422 -1.58031475543975830078 -0.56905812025070190430 -1.12803125381469726562 -1.55449986457824707031 0.53527849912643432617 -1.66473448276519775391 -0.53529912233352661133 1.71820867061614990234 -0.58994764089584350586 -0.50170385837554931641 -0.78135502338409423828 1.61065065860748291016 0.73718798160552978516 -1.33695161342620849609 -1.18721187114715576172 -0.18417778611183160953 -1.30092322826385498047 -0.84299886226654052734 0.83456277847290039062 0.04786808043718329686 -0.76189714670181274414 1.68087005615234375000 0.84413152933120727539 -0.96516597270965576172 0.38580757379531860352 -0.01656064391136160066 -0.97829151153564442023 -1.15618288516998291016 -1.09787905216217041016 1.11915552616119384766 -0.19959348440170279759 -0.05213819444179530055 0.93686586618423461914 -0.01046200189739459989 -0.62535768747329711914 0.75097364187240600586 -0.87120527029037475586 -1.45517826080322287829 1.70920538902282714844 0.71592974662780761719 -1.47739982604980490954 -1.46971738338470458984 -1.59971010684967041016 0.58346849679946899414 1.09448194503784179688 0.71768611669540405273 0.51631850004196166992
-2.33207726478576660156 -1.68466985225677490234 -1.45485162734985351562 -0.02788217179477209956 -0.46296080946922302246 -1.60625767707824707031 1.36254656314849831311 -0.58145350217819213867 0.86942476034164428711 -0.16386820375919339265 0.30596637725830078125 -1.08242702484130859375 -0.54386347532272338867 -1.53033339977264404297 0.50371694564819335938 1.02978491783142089844 -0.89476966857910156250 0.01047242805361739935 1.66877710819244384766 0.47524362802505487613 -0.02185829915106289947 0.81746929883956909180 1.25078487396240234375 1.40814435482025168689 0.48358494043350219727 -0.31290206313133239746 -0.00217852089554069995 -1.47241985797882080078 1.46656000614166259766 1.71915090084075927734 1.24082255363464355469 -1.02015650272369384766 -0.35419255495071411133 0.96147620677947998047 -1.35586643218994140625 -0.40262866020202631168 0.36614662408828729800 -0.58500009775161743164 1.00199615955352783203 -0.85739475488662719727 1.13059639930725097656 1.21466350555419921875 -1.57813882827758789062 -1.25431513786315917969 -0.66758412122726440430 -0.78059542179107666016 0.32654631137847900391 -1.57505941390991210938 -1.41979277133941650391 0.62132030725479125977 0.05686152353882779897
0.21904060244560238924 -0.19176137447357169408 0.57958525419235229492 0.60952246189117431641 1.38556396961212158203 -0.86312961578369140625 -0.22583396732807159424 -0.14731684327125549316 -0.17064230144023889713 -0.51874876022338867188 -1.19380724430084250720 0.23336884379386899080 -1.43586921691894509046 -1.33177804946899391858 1.38423287868499755859 0.87952870130538940430 -0.07128121703863139758 0.10993014276027679443 -0.85703700780868530273 1.50896048545837402344 1.00668728351593017578 0.34101426601409912109 -1.60893094539642311780 0.83076548576354980469 0.92555594444274902344 -0.44575145840644830875 -1.00205242633819580078 -0.62464660406112670898 0.75360929965972900391 1.32906579971313476562 -0.76724153757095336914 -0.35343515872955322266 1.19322264194488525391 1.18982756137847900391 0.92972445487976085321 1.00231790542602539062 -1.76786732673645019531 -1.09251606464386008533 1.37660777568817138672 -1.41251170635223410876 0.07976853847503659334 -0.90033060312271118164 1.02806413173675537109 -0.58967286348342895508 -0.16421915590763089265 1.70568525791168190686 -1.65807092189788818359 -1.18136525154113769531 0.99639910459518443719 -0.04186538606882089786 1.11497271060943603516
1.00849008560180664062 0.93049097061157237665 -1.01928007602691650391 -1.71291744709014892578 0.29365822672843927554 -1.24911296367645263672 1.47399544715881369861 -1.33019053936004638672 -0.24307815730571741275 -0.95014840364456176758 -0.47351819276809692383 -1.10439908504486083984 -0.44966381788253778629 1.48836839199066162109 0.36231127381324768066 -0.28444412350654602051 0.96936327219009399414 1.61377811431884765625 1.46063375473022460938 1.50522804260253906250 -1.01093995571136474609 1.69171059131622314453 0.12926809489727020264 -0.82371282577514648438 1.08180367946624755859 0.34465751051902770996 -0.53577440977096557617 -0.18121577799320220947 -0.55546313524246215820 0.22562141716480249576 -0.77622658014297485352 -0.20902550220489499178 -1.30903053283691406250 -1.02240943908691406250 -1.27985501289367675781 0.80678629875183105469 0.34387752413749689273 -1.42693030834197998047 0.27684617042541498355 -1.70641398429870605469 -0.26871863007545471191 1.23990869522094726562 1.09423100948333740234 1.13961565494537353516 1.53048074245452880859 0.85970121622085571289 1.71405422687530517578 -1.59401822090148925781 0.67139679193496704102 -1.10713553428649902344 -1.87357568740844770971
0.02435455285012719934 0.35375466942787170410 -0.71323382854461669922 -1.74891674518585205078 0.99688088893890380859 0.16697999835014340486 -0.31740924715995788574 0.75740188360214233398 -1.21168494224548339844 1.21739137172698952405 0.03825917094945899960 -1.38636720180511474609 0.04212458804249760019 -1.05598056316375710217 1.45331990718841552734 1.11793553829193115234 0.53165501356124877930 -0.24531674385070800781 0.69892174005508422852 -1.23786354064941406250 -0.68327480554580688477 -1.65836322307586669922 1.26185190677642822266 -1.02720677852630615234 0.17343519628047940340 0.17643450200557708740 0.99460256099700916632 -0.12715975940227500218 -0.08078976720571509618 1.05879473686218261719 0.61639851331710815430 -0.17931887507438659668 -0.51614087820053100586 0.15163013339042660799 1.57807207107543967517 -1.42693126201629638672 0.73041963577270507812 0.46038720011711120605 -0.38106620311737060547 -1.72972524166107177734 0.31049817800521850586 -1.59795904159545898438 1.56699001789093017578 1.68694674968719482422 -0.34346917271614069156 -0.27406555414199829102 -0.86976009607315063477 -1.46701824665069580078 -0.04119061678647990138 0.60428839921951293945 -0.31239768862724298648
0.48183885216712951660 0.51439523696899414062 -0.16711287200450888890 -0.28095471858978271484 0.28636980056762689761 -0.22773961722850799561 -1.41414964199066162109 0.83700752258300781250 1.10941600799560569079 0.36461827158927917480 1.35142993927001953125 -1.03147959709167480469 1.26502013206481911389 -1.61095654964447021484 -0.30224314332008361816 -0.37212011218070978336 -0.76448202133178710938 0.70754903554916381836 1.12820529937744140625 1.24390983581542968750 1.07873940467834472656 1.48687815666198730469 -0.01762781105935570108 -0.12330187112092970414 -0.00079245545202859995 0.31304726004600519351 1.43862044811248779297 1.07236111164093017578 1.67393541336059570312 -0.94607031345367442743 1.59828054904937744141 0.19968609511852258853 0.15328331291675559300 -1.20147335529327392578 -0.51531511545181274414 0.68929553031921386719 1.19462192058563232422 0.03331901878118510157 -1.25754415988922119141 0.24399338662624359131 1.53809070587158203125 -0.09887917339801780003 0.53611129522323608398 -0.13638988137245169896 -0.54430663585662841797 -1.68555819988250710217 1.48237335681915283203 1.54597544670104980469 -1.64932155609130859375 -0.51443964242935180664 -1.36111056804656982422
-1.15184068679809570312 -0.68091499805450439453 -0.70843636989593505859 -1.34342265129089355469 1.17580902576446510999 -0.47572627663612360172 1.01912164688110351562 -0.02663674764335149936 -0.44242531061172479800 -1.28461503982543967517 1.06155633926391601562 0.02491287142038340133 -1.11867880821228049548 -1.38347768783569335938 -0.38811865448951721191 1.10949730873107910156 0.74864387512207031250 0.71528750658035278320 1.63108861446380615234 0.27614828944206237793 1.19176054000854492188 -1.64977645874023437500 -0.08013007789850229434 -0.43390285968780517578 0.13162799179553980045 1.07935714721679687500 1.47542214393615722656 -0.41160771250724792480 0.14937184751033780183 -0.93514090776443481445 -0.85558295249938964844 -0.00125553424004460007 0.27067178487777709961 -0.19819469749927520752 -1.04131126403808593750 -1.15387856960296630859 0.44473266601562500000 1.60481429100036621094 1.48184025287628151624 0.00005844916449859738 -0.86355227231979370117 0.14557023346424100008 1.18272745609283447266 1.54799926280975341797 -1.11738145351409912109 0.62425339221954345703 0.86763525009155273438 0.65435647964477539062 1.57693898677825927734 0.41373449563980102539 0.31307774782180780582
1.20390212535858154297 0.37452626228332519531 -0.69289129972457885742 -1.35579681396484375000 0.73993539810180664062 -1.06103134155273437500 -0.41885578632354730777 -1.36682319641113281250 0.36631932854652399234 1.27348315715789794922 -0.54542881250381469727 0.10963530093431470003 0.18257378041744229402 -1.33350265026092529297 0.59315145015716552734 1.44859039783477783203 0.35970222949981689453 0.94046163558959960938 0.94690936803817760126 0.49469575285911560059 -1.58180081844329833984 -0.74206978082656860352 1.25842452049255371094 -0.53490501642227172852 0.41039377450942987613 -1.12477803230285644531 -1.29879128932952880859 0.75621229410171508789 0.70488721132278442383 1.13081634044647216797 1.45337057113647460938 1.41378974914550781250 1.30591225624084472656 -0.93169194459915161133 -0.73287397623062133789 -1.26502883434295632092 1.16627717018127441406 0.94095695018768321649 1.00539851188659690173 1.59656441211700439453 0.19162367284297940340 -0.82976692914962768555 -1.26591598987579367908 -0.14630708098411560059 -1.36375427246093750000 -1.59806108474731445312 -1.54409623146057128906 0.52130341529846191406 -1.59625315666198730469 -0.85314083099365234375 -1.65736544132232688220
-0.23292799293994900789 -0.73327714204788208008 -0.45630949735641479492 0.71937644481658935547 -0.27775025367736810855 -1.47818863391876220703 -0.62009030580520629883 -0.00783871673047539970 1.53542757034301757812 -1.11914384365081809314 0.09280111640691750263 0.25551244616508478336 -0.97029227018356323242 -0.64393234252929687500 -1.10774338245391845703 -0.48605048656463617496 -1.53754866123199462891 -1.64607524871826149671 0.73392522335052490234 -0.79581898450851440430 -1.66789388656616210938 -1.14348733425140380859 1.54213726520538330078 1.72477424144744873047 0.53752553462982177734 1.63636815547943115234 -0.35725027322769159488 0.09538527578115460481 0.77671557664871215820 0.85005110502243041992 0.42750164866447448730 0.36735814809799188785 0.56589138507843017578 1.47172248363494873047 -1.31065440177917480469 -0.77621877193450927734 -1.13746464252471923828 0.53423142433166503906 0.63889235258102416992 -1.63886487483978271484 -1.07348954677581809314 -0.95355272293090820312 0.36602035164833068848 -1.55638015270233154297 -0.54979956150054931641 -1.53521454334259033203 0.44493156671524047852 -0.33128818869590759277 1.01565861701965309827 0.01149833574891090046 1.32529592514038085938
0.96592336893081676141 0.87107235193252563477 0.42566600441932678223 -0.19714224338531491365 0.41861966252326959781 -0.83632797002792358398 0.48060050606727600098 -1.35600280761718750000 -0.39726826548576349429 -1.12318873405456542969 0.51643699407577514648 0.90200895071029663086 1.01984965801238991467 1.05616605281829833984 0.44008731842041010074 0.67010492086410522461 -0.97565680742263805048 0.58555066585540771484 -0.74586087465286254883 0.59647363424301147461 -1.29091024398803710938 0.59817647933959960938 0.13184061646461481265 -0.97137427330017078742 -0.78704118728637695312 -0.50207817554473876953 0.83855003118515014648 0.01093304436653850034 -0.15787261724472040347 -0.26098573207855219058 0.23374557495117179173 -0.64693123102188110352 -1.64821958541870117188 -0.55493545532226562500 0.93671029806137084961 -1.27119827270507790296 0.02944160252809520026 0.86186653375625610352 -1.10217225551605224609 1.12694215774536110608 -0.37826108932495111636 1.78571581840515136719 -1.62064397335052490234 -0.72309434413909912109 -1.48250746726989768298 -1.16811156272888183594 -1.04123675823211669922 -1.63097369670867919922 -1.53429877758026123047 -0.93356138467788696289 -1.96972525119781494141
-1.41904091835021950452 -1.37945318222045898438 -0.98247593641281116827 -1.63086724281311035156 -0.72232580184936523438 -0.86958128213882446289 0.70693045854568481445 -1.06744945049285888672 -0.16939270496368399876 -1.41751039028167724609 0.17847718298435211182 -1.56992721557617209704 -0.80630111694335937500 -0.65583133697509765625 0.98230671882629394531 -0.93517571687698364258 -1.69430541992187500000 -0.40557822585105890445 -0.62406694889068603516 0.35150820016860961914 0.61909413337707519531 -1.64895701408386230469 0.00514886388555159998 -1.27648556232452392578 -1.50868666172027610095 -0.84688258171081542969 -0.21728065609931940250 0.34484863281250000000 1.30901253223419189453 -0.33696290850639337711 -0.57520818710327148438 0.55790877342224121094 0.50096225738525390625 0.20719225704669949617 1.12917065620422363281 -0.08958829194307320332 0.45823439955711359195 1.25300002098083496094 1.66023254394531250000 -1.57306241989135742188 -0.49082115292549127750 -0.92337131500244140625 -0.94827359914779663086 -1.13853394985198952405 0.95367407798767078742 0.30815005302429199219 -1.40038657188415527344 1.13291788101196289062 -0.84799468517303466797 -1.33808243274688720703 -0.41857588291168207340
1.03835260868072509766 0.69351994991302490234 1.06952905654907248767 -0.01874371431767939827 0.93827521800994884149 0.45800444483757019043 1.26637649536132790296 -0.54917293787002563477 0.68719893693923950195 0.81020802259445190430 0.11366111040115349506 0.06277686357498160619 -0.69291251897811889648 -0.84921908378601074219 0.29422104358673090152 0.38799291849136352539 -0.21178965270519251041 0.96816700696945201532 -1.19769430160522460938 1.57525849342346191406 1.27781939506530761719 0.82738548517227172852 1.45050656795501708984 -1.39998006820678710938 0.90779495239257801398 1.14449441432952880859 -1.51157104969024658203 -1.36929368972778320312 -1.55901384353637695312 -1.31887674331665039062 0.41629770398139948062 -0.89994972944259643555 1.31465935707092285156 -0.57750821113586425781 1.42229437828063964844 -1.25206065177917480469 -1.52845752239227294922 0.27494290471076959781 0.36695665121078491211 1.29475665092468261719 -0.78724390268325805664 0.19573721289634699039 0.39844554662704467773 1.39444828033447287829 1.20651543140411376953 -0.98386621475219715460 -0.66794568300247192383 1.30274617671966552734 -0.64715039730072021484 -0.64986461400985717773 -1.84524834156036399158
0.04959280043840399999 -0.60939913988113403320 -1.28850090503692649158 -1.58149325847625710217 0.31836125254631042480 0.88445597887039184570 0.12953418493270871248 0.71209222078323364258 -1.22952091693878151624 0.63202017545700073242 -1.30115604400634765625 -0.00179261364974079998 -1.19470965862274169922 1.24701654911041259766 0.53473913669586181641 -1.59177565574645996094 -0.58598542213439941406 0.56617063283920288086 -0.96431899070739757196 -0.35894581675529479980 -1.29373252391815207751 0.49910452961921691895 0.12341166287660590428 -1.58908236026763916016 1.10071825981140136719 1.11550974845886230469 -1.45845592021942138672 0.67286664247512817383 -0.59315949678421020508 -1.25128793716430664062 -1.40897774696350097656 -0.44325771927833551578 1.04105234146118164062 -1.01076865196228049548 -0.23718157410621640291 0.39675948023796081543 -1.16096389293670632092 -0.62858760356903076172 -0.60893690586090087891 -1.20721018314361550061 1.51376342773437500000 0.20252139866352081299 -0.43533334136009210757 0.01775199361145490123 -0.04399760812520980141 -1.63422501087188720703 -1.31605315208435058594 -0.16566057503223419189 0.86079835891723632812 -0.55857920646667480469 1.05145335197448730469
1.73201143741607688220 1.65600895881652832031 0.98963880538940440790 0.29550606012344360352 -0.88647013902664184570 -1.36987793445587158203 0.80127060413360595703 1.66492235660552978516 0.44944468140602111816 -1.11372554302215576172 0.68559122085571289062 0.46939963102340698242 0.84439516067504882812 1.39251124858856201172 -0.50044816732406616211 0.92070972919464122430 -0.57374304533004760742 0.02946898341178889880 0.44254854321479797363 -1.37539291381835937500 0.06479615718126290058 -1.10686624050140380859 -0.75360548496246337891 1.73837864398956298828 0.47385433316230768375 -1.14130246639251708984 1.12911355495452880859 1.58312606811523437500 0.38996848464012140445 -0.78670555353164672852 0.31911620497703552246 0.69154000282287597656 1.65019345283508300781 -0.13060727715492240208 -1.60015892982482910156 0.69941896200180053711 0.91589385271072398798 0.14632442593574521150 0.86177909374237060547 0.09728198498487469759 -1.17104864120483398438 -0.49368944764137268066 -1.61126124858856201172 0.15898874402046200838 -1.42421185970306396484 -0.52534604072570800781 -0.02164762653410429866 0.30952116847038269043 1.05864834785461447986 1.38393568992614768298 0.89238053560256958008
1.49189472198486328125 1.10365200042724609375 -0.15900036692619320955 -0.90238887071609497070 0.95621335506439197882 1.54360675811767578125 1.52959430217742919922 0.64556521177291870117 1.29425776004791259766 -0.32084497809410089664 0.63863044977188110352 -0.51748889684677124023 -0.01296156272292130034 -0.11228202283382410220 -1.34678995609283447266 -1.74266612529754638672 1.35468506813049316406 -0.99880820512771595343 1.12805604934692382812 -1.01846003532409690173 1.17752325534820556641 1.22905540466308593750 0.73320668935775756836 -1.41759514808654807361 1.45308661460876464844 1.15791296958923339844 -1.16070508956909179688 1.30352532863616943359 0.87804305553436279297 -0.08745566755533210057 -0.72177582979202270508 -0.78970265388488769531 -1.60395789146423339844 1.30361557006835937500 0.18269540369510650635 1.54172825813293457031 -1.54869735240936279297 -1.10474252700805664062 -1.11917257308959960938 -0.23204492032527920808 -0.57483488321304321289 0.58905100822448730469 -1.67076075077056884766 1.49475872516632080078 -0.74931049346923828125 1.43629622459411621094 1.01631760597229003906 1.27902388572692871094 0.04819984361529350281 1.24375975131988525391 -0.36820828914642328433
1.38328135013580322266 1.49861264228820800781 1.81379818916320800781 0.97665697336196899414 -1.42718017101287841797 1.18268048763275168689 0.37197598814964288882 0.66381800174713134766 0.03763538971543309991 1.35860550403594970703 0.91594523191452037469 -0.02353481575846669976 0.12614054977893829346 -0.70002502202987670898 1.37403964996337890625 1.04546391963958740234 1.62220966815948486328 -1.15583539009094238281 1.27807784080505371094 -0.02338966727256770045 0.80231159925460815430 1.26946842670440673828 -1.08271634578704833984 -0.73350274562835693359 0.48163592815399169922 0.70107364654541015625 -0.55285888910293579102 -1.45897734165191650391 1.01301658153533935547 0.44632768630981439761 1.16134619712829589844 -0.76733231544494628906 0.53692650794982910156 1.39096224308013916016 -0.12454251199960700291 -0.00663443468511099987 0.44272145628929138184 0.02013109810650339990 -0.02940912358462810169 1.20018303394317649158 -0.51297551393508911133 1.72094762325286887439 0.54287165403366088867 0.99134588241577159540 0.40507858991622919254 1.71107685565948486328 1.12701594829559326172 0.81383383274078369141 0.26602020859718322754 0.74462413787841796875 0.45897743105888361148
0.37918871641159057617 -0.16087782382965079564 1.28441584110260009766 1.54494953155517578125 -0.93954712152481079102 0.80418407917022705078 -1.01540327072143554688 1.47482275962829589844 -1.34392130374908447266 0.72196465730667114258 -1.13428783416748046875 -0.05498902499675750039 0.56146836280822753906 0.19158600270748130101 -0.11486717313528059525 -0.82973140478134155273 0.20539057254791259766 1.30052816867828369141 0.94995492696762084961 -0.76025885343551635742 -1.04204320907592751233 1.49394559860229492188 0.79338759183883666992 -1.50230646133422829358 -0.65612971782684326172 1.59191882610321044922 1.45818138122558593750 -1.67360925674438476562 -0.59823483228683471680 -1.64104008674621582031 1.20873665809631369861 0.54889816045761108398 0.14593824744224540013 -0.31236442923545837402 -0.69784176349639892578 -0.95913362503051757812 1.42214715480804443359 -1.40717887878417968750 0.72635710239410400391 1.22778475284576416016 1.22821748256683349609 0.36940339207649230957 0.38266944885253900699 0.19333878159523010254 -1.31828320026397705078 1.37146520614624023438 0.71908879280090332031 1.03326654434204101562 0.45812761783599847965 1.12621867656707763672 0.63069522380828857422
1.13827729225158691406 0.64083123207092285156 1.03175330162048339844 -0.39329624176025390625 0.10030063241720199585 0.90938621759414683954 -0.64304929971694946289 -1.52722942829132080078 0.58842420578002929688 -0.77143025398254394531 -0.32966431975364679507 -1.18238854408264160156 -0.94012302160263061523 0.54550451040267944336 -0.92199963331222523077 1.16669905185699462891 0.46275961399078369141 0.05456466227769850297 1.31716132164001464844 -0.84658396244049072266 1.14349615573883056641 -0.96200716495513916016 -0.65041530132293701172 -0.17575633525848388672 -0.14951573312282559480 -1.44081473350524902344 -0.52284073829650878906 -0.44315612316131591797 1.55617439746856689453 -0.88311564922332763672 1.27884602546691894531 1.30598139762878417969 -0.20915536582469940186 -0.62155544757843017578 0.53077656030654907227 -0.18832853436470028963 0.47725811600685119629 -0.60913532972335815430 0.08799044787883750218 1.39780569076538085938 -0.24063929915428158846 -1.48427641391754150391 0.13194744288921350650 -1.08775353431701660156 1.39897739887237571033 -1.09531664848327636719 -0.25240996479988098145 1.21339845657348632812 -1.59204328060150168689 -0.63263529539108276367 -2.01656270027160644531
-0.34474393725395202637 -0.05936243757605549898 0.84947085380554199219 0.69056743383407592773 -1.73678028583526589124 -0.43288567662239069156 0.09591010957956309924 0.19316075742244720459 -0.80708611011505126953 -1.39525794982910156250 0.56057864427566528320 1.32231438159942649158 0.04974665492773049785 -0.23787665367126459293 1.01508915424346923828 0.27130913734436029605 -1.25965297222137428967 -1.16532325744628906250 0.23027035593986511230 0.85764068365097045898 1.35139334201812744141 0.20902657508850089330 -1.48386669158935569079 -1.24285364151000976562 -1.02378928661346435547 1.74796271324157714844 -0.65476548671722412109 0.81732869148254394531 -0.28289508819580078125 1.63231754302978515625 0.85463404655456542969 1.64549028873443603516 0.19226095080375671387 1.19959056377410888672 -0.22694738209247589111 -1.69380140304565429688 -0.32973939180374139957 -0.43418425321578979492 -1.40181481838226318359 0.37787470221519470215 0.47153073549270629883 0.79354977607727050781 -0.01776265725493430050 0.59497094154357910156 -0.67752808332443237305 1.66531181335449218750 -0.99598950147628784180 0.64671182632446289062 -1.42231154441833496094 1.44955372810363769531 0.52850919961929321289
-1.59968185424804687500 -1.32716202735900878906 -0.77172631025314331055 0.69828814268112182617 -0.10987707227468490601 -0.49603009223937988281 -1.27735280990600608142 0.79048740863800048828 1.00301170349121093750 0.35077619552612299136 1.41330683231353759766 1.66430854797363281250 0.54644840955734252930 -0.62141537666320800781 -0.52776378393173217773 -1.68529975414276123047 0.39580029249191278629 -0.48049527406692499332 -0.35131141543388361148 0.10962048172950740466 1.01549565792083740234 0.98511964082717895508 -0.56459254026412963867 -1.17139935493469238281 -0.94478094577789317743 -1.39333331584930419922 0.85606223344802856445 0.93204289674758922235 -1.47968029975891113281 -0.28800162672996520996 -0.19797234237194061279 1.54199457168579101562 -0.11200747638940809769 1.69561827182769775391 0.10642588138580319490 1.42788279056549072266 -1.01032805442810058594 0.94660383462905883789 -0.88509821891784667969 -0.58893990516662597656 -0.01627954654395579945 1.45445704460144042969 -1.60183584690093994141 1.62595295906066894531 0.37338703870773309879 -0.56272649765014648438 -1.00677490234375000000 1.51988160610198952405 -0.70614171028137207031 0.43010923266410827637 0.35601356625556940250
-0.53176277875900268555 -0.35927081108093261719 0.34269750118255609683 1.31857633590698242188 -0.70437490940093994141 1.28792846202850341797 1.33996284008026123047 -0.91187864542007435187 -0.58736747503280639648 -0.49783828854560852051 0.90664523839950561523 -1.03124690055847167969 0.40720388293266290836 -0.94190329313278198242 0.91995024681091319696 -0.79135137796401977539 -0.50546795129776000977 -0.41581970453262329102 0.10457666963338850541 -0.00727179087698449998 0.04960359260439869966 -0.44008433818817138672 1.53269505500793457031 0.15585991740226740054 -1.50872015953063964844 -0.05700116977095599780 0.24837999045848840884 -0.13291671872138968724 1.30655872821807861328 1.69324934482574462891 0.39337077736854547672 -1.62442564964294433594 1.09700584411621093750 -0.16769032180309290103 -1.49918961524963378906 0.80786657333374023438 0.42412403225898742676 1.68023955821990966797 -0.67196410894393920898 -0.66041344404220581055 0.93937844038009643555 0.34314727783203119449 -0.54399645328521728516 0.56449443101882934570 1.43246936798095703125 1.70364439487457275391 -0.21346549689769739322 0.35436883568763727359 0.28840550780296320132 -1.65698063373565673828 1.16969084739685058594
-0.00517334602773180004 0.92703461647033680304 1.82940399646759033203 1.47226071357727050781 -1.66698205471038818359 0.71978449821472167969 0.52607053518295288086 -1.48674190044403076172 1.07292103767395019531 -1.24917495250701904297 -0.01696914434432979929 -0.80636036396026611328 -0.82458096742630004883 0.60621893405914306641 -0.82470035552978515625 -1.34870231151580810547 0.43441161513328552246 -1.36323785781860351562 0.66892665624618530273 0.43420603871345520020 -0.49908962845802301578 0.78687429428100585938 -1.24407076835632324219 -1.40110075473785400391 0.79784542322158813477 0.93601441383361816406 0.27332246303558349609 1.36555063724517822266 -0.08840545266866679797 -1.04485201835632324219 -0.28997257351875299625 -0.83911955356597900391 -0.27031600475311279297 0.49272626638412470035 0.81819027662277221680 0.42933562397956848145 -0.25401970744132990054 1.26238691806793190686 -1.56253778934478759766 0.85166972875595092773 -0.03741289675235739964 0.45398497581481928043 1.28635883331298850329 0.05771534517407409665 0.88709342479705810547 -0.00890834722667930082 -1.24474430084228515625 -0.12798501551151270084 -0.75181668996810913086 1.77409577369689941406 -1.02955806255340576172
-0.86835998296737670898 -0.90283024311065684930 -0.43480113148689270020 1.35132622718811035156 -0.89167118072509765625 -1.35945415496826149671 0.88301610946655273438 1.32264924049377441406 0.45938920974731439761 0.04945021495223039798 -1.45305132865905761719 0.84779191017150878906 0.03743049502372740311 0.32726600766181940250 1.22150635719299316406 1.07696020603179909436 -0.25462153553962707520 -1.26020252704620361328 0.50896728038787841797 0.81245422363281250000 -0.18571986258029929417 1.70371651649475097656 -1.62502682209014892578 -1.27609372138977050781 0.80307507514953613281 -0.89453494548797607422 -1.54401850700378417969 -0.99935460090637195929 -1.27287578582763671875 0.35836896300315851382 -0.10412806272506709704 -0.15074706077575680818 0.11125379055738439382 -1.32102680206298850329 -1.37108159065246582031 0.35488131642341608218 -0.72912657260894775391 -0.60458290576934814453 1.13152110576629638672 -0.77344173192977905273 -0.53996133804321289062 -0.15328165888786310367 -1.41074764728546142578 -0.88245576620101928711 1.09286189079284690173 0.20616254210472101382 0.79353243112564086914 1.59774768352508544922 1.20516014099121093750 0.70757955312728881836 0.98918014764785755499
0.35572332143783569336 -0.42894262075424188785 0.42871436476707458496 1.07262241840362571033 -0.12514914572238919344 -0.98882877826690684930 -0.93152266740798961298 0.66423070430755615234 -1.68109381198883056641 -0.20161861181259149722 0.99167811870574962274 1.10119366645813010486 -1.26920175552368164062 -0.23444820940494529027 1.32423603534698486328 -0.77161246538162231445 -0.75927025079727172852 0.03504600375890729730 -0.24901223182678219881 1.03449130058288552014 1.64711737632751464844 -1.35801935195922829358 -0.76171469688415527344 0.29484108090400690250 0.20222641527652740479 -0.84343272447586059570 -0.57828503847122192383 1.27676904201507568359 1.60228872299194335938 -0.67038977146148681641 -0.05444429442286490006 0.44564691185951227359 1.64057588577270507812 -0.02535763010382649854 -0.03910685330629339734 1.34067559242248535156 -1.72002017498016357422 0.40311506390571588687 0.95578545331954956055 -0.68694329261779785156 0.93448323011398315430 -1.35247373580932617188 -0.27718484401702880859 -1.27507174015045166016 -0.76993709802627563477 -1.16041982173919677734 -0.76483792066574096680 0.26732972264289850406 1.43805825710296630859 -0.12353485822677609529 1.09461486339569091797
-1.52864813804626464844 -1.02485823631286621094 -0.11298093944787969412 -0.49743786454200739078 0.28376072645187377930 1.60903143882751464844 1.28004765510559082031 0.71837490797042846680 1.13271903991699218750 -0.71312046051025390625 1.59131324291229248047 1.11539614200592041016 1.26177382469177246094 1.66466832160949707031 0.33068877458572387695 0.23350398242473599519 0.51605552434921264648 0.63919389247894287109 -1.15305459499359130859 -1.49618375301361083984 -0.09773370623588560624 -0.27238175272941589355 1.44528758525848410876 -0.73082441091537475586 -0.88140499591827392578 -0.19670717418193808812 0.97523289918899536133 -0.94130647182464599609 -0.42209494113922119141 0.64751899242401123047 0.99321943521499644891 -1.38839435577392578125 -0.30559551715850830078 0.79666119813919067383 0.55444014072418212891 -1.13874483108520507812 0.75643020868301391602 0.35935643315315241031 -0.94679713249206542969 -1.32982063293457031250 1.50950646400451660156 -1.14760613441467285156 1.60973942279815673828 0.84700298309326171875 1.35386383533477783203 -1.31367230415344238281 0.93324160575866699219 -1.04392027854919433594 0.38776475191116327457 -1.72048795223236083984 -0.11656130105257030138
2.13291645050048828125 1.66963171958923339844 0.99834644794464122430 0.25497716665267938785 -0.74783229827880859375 0.58474493026733398438 -0.39293769001960748843 1.63565218448638916016 -1.53617274761199951172 -1.42809844017028808594 -1.05163049697875976562 1.56605625152587890625 0.70573079586029052734 0.99492084980010997430 0.88550966978073120117 -0.08376611024141310258 1.64021635055541992188 -0.49152481555938720703 0.97514784336090076788 0.04760221764445300013 -1.55285704135894775391 1.49372494220733642578 0.40642967820167541504 -1.03827023506164550781 0.56523638963699340820 -1.43673908710479736328 1.63983345031738281250 1.18374490737915039062 -1.46451234817504882812 -0.21931105852127069644 1.00830972194671630859 1.80139255523681640625 -1.04309344291686989514 0.14673785865306848697 0.20843963325023651123 -0.01473428774625059993 0.70434635877609252930 -0.36779630184173578433 -0.27314057946205139160 -1.12605822086334250720 -0.76653861999511718750 1.27318704128265380859 1.25175666809082031250 1.22087025642395019531 0.33782377839088439941 -0.05682992562651630053 1.39919304847717285156 0.21431267261505118626 0.98920619487762440070 1.76131129264831542969 -0.19180886447429648656
-1.50226712226867675781 -1.23516929149627685547 -1.40836644172668457031 0.44974893331527709961 -0.07109420001506799869 0.26779535412788391113 0.58044469356536865234 -0.83187550306320190430 -0.26763105392456049136 -1.32332384586334250720 0.32101279497146600894 1.51345753669738769531 1.21030616760253906250 -1.14767980575561523438 -1.47703075408935569079 0.06029093265533440327 -1.68457674980163552014 -1.70557904243469238281 0.40009534358978271484 -1.64570355415344238281 1.58822035789489768298 -0.06192005798220630297 -1.61034715175628662109 0.67713570594787597656 -1.09628939628601074219 -1.49877011775970458984 0.03767933323979370114 1.27662241458892822266 0.66572225093841552734 0.65844291448593139648 -1.28290545940399169922 -0.96279311180114757196 -0.35390117764472961426 -0.27581554651260370425 0.83677852153778076172 -0.88213908672332763672 0.67541015148162841797 -1.09074592590332031250 -1.41569900512695312500 1.33170080184936523438 1.17100644111633300781 -1.48039555549621582031 0.18621242046356201172 -0.49227976799011230469 0.28460142016410827637 1.58401548862457275391 0.60096353292465209961 0.68527895212173461914 -1.31851291656494140625 1.08472836017608642578 0.98407012224197398798
0.33200439810752868652 0.17589041590690610017 -1.34071385860443115234 -1.13317167758941650391 -1.54683756828308105469 1.44734203815460205078 -0.65032547712326049805 0.11629740148782730103 0.56462001800537109375 1.17176306247711181641 -0.84811115264892578125 0.31557199358940118961 1.46185111999511718750 -0.97127789258956920282 -0.01116462331265210065 -0.84486466646194458008 0.71537405252456665039 -0.77101272344589233398 -1.13352501392364501953 0.78717583417892456055 1.25291359424591064453 0.15641330182552329320 -1.42375659942626953125 1.31346940994262695312 -0.80765151977539062500 0.37434622645378107242 -1.03673458099365234375 -1.10334777832031250000 -1.02264475822448730469 -0.99639773368835438117 0.73543757200241088867 -0.86387038230895996094 1.51301264762878417969 -0.25535565614700317383 0.03327248618006699993 -0.39557108283042907715 0.19700072705745688695 0.01816668733954419912 0.07695678621530530061 0.31121844053268432617 -1.04201054573059082031 0.13800059258937830142 0.53611505031585693359 1.64020359516143798828 -1.43169724941253662109 -1.47397780418395996094 0.27335488796234130859 0.72274208068847656250 -0.86532801389694213867 -1.33494520187377929688 -0.01963782683014859975
-1.75447559356689430921 -1.55443310737609863281 -1.06591153144836447986 0.53806990385055541992 -0.52138227224349975586 -1.42736315727233886719 0.48328870534896850586 -1.36814463138580322266 1.10798895359039306641 1.65466189384460449219 -0.63311600685119628906 -0.45588642358779907227 -0.76175719499588012695 0.98208391666412364618 1.64241468906402610095 -0.83207440376281738281 1.60331988334655761719 -0.24203273653984069824 -0.01915384642779819832 0.06620322912931439485 -0.57638800144195556641 -0.42247471213340759277 0.14057290554046630859 0.47102034091949457340 0.92104494571685802118 -1.14768731594085693359 0.29074776172637939453 0.23876471817493438721 -1.61422634124755859375 -0.12487698346376409353 -1.42789232730865478516 1.61291384696960449219 -1.68280565738677978516 -0.72984564304351806641 -0.14101110398769378662 1.27199304103851318359 0.43294671177864069156 -0.09764835238456720523 1.78621435165405273438 1.25808656215667724609 -1.49134874343872070312 -0.97275793552398681641 0.02405859716236589951 -0.48567548394203180484 -0.62961548566818237305 -1.71700274944305419922 1.39044225215911887439 -1.13560807704925537109 -0.42329221963882440738 1.76594054698944091797 0.24517968297004699707
1.35372984409332275391 1.34186756610870361328 -1.02727615833282470703 -1.64679968357086181641 1.11010408401489257812 -0.16350987553596491031 -1.28322088718414306641 -1.12803530693054199219 -1.51901388168334960938 0.65227562189102172852 0.37519687414169311523 -0.71166300773620605469 -0.28422135114669799805 1.48115444183349609375 1.33282423019409179688 1.66420888900756835938 -1.29023540019988991467 0.85876673460006713867 -1.37829291820526123047 0.27769669890403747559 1.52580690383911110608 1.63855814933776855469 1.30769908428192138672 -1.15464055538177490234 -0.10008233040571209993 -0.47165644168853759766 0.81546640396118164062 -0.46026265621185302734 1.24304592609405517578 -0.80298465490341186523 -1.11345994472503662109 0.33546155691146850586 -0.11278198659420010652 1.44546079635620117188 -0.56892585754394531250 -1.72790551185607910156 1.32382750511169433594 -1.58500874042511008533 -0.03085227310657499833 -0.32349839806556701660 -0.67854738235473632812 -0.01651413924992079993 0.63877087831497192383 1.26650750637054443359 -0.31349289417266840152 1.25680005550384521484 -0.56785249710083007812 -1.08788585662841796875 1.51008057594299316406 -0.64092773199081420898 0.05846089869737620265
0.82676732540130615234 1.12129592895507790296 2.01077032089233398438 1.22753560543060302734 -1.04748034477233886719 0.47001841664314270020 -0.67359334230422973633 -0.75120222568511962891 -0.64276832342147827148 -0.90194767713546764032 0.96163761615753162726 1.52660131454467751233 -1.48671507835388183594 -0.23085528612136840820 1.07731974124908447266 -1.57173788547515869141 1.02737939357757568359 1.11592853069305419922 0.99967175722122203485 1.44157087802886962891 1.44042026996612571033 -0.29384160041809082031 -0.59615367650985717773 0.53783160448074340820 0.37823680043220520020 -1.65508925914764404297 1.50412237644195556641 -1.41117727756500244141 1.72341275215148925781 0.29675209522247308902 1.52721595764160156250 -1.27591824531555175781 -1.53270912170410156250 0.42632344365119928531 -0.45797938108444208316 0.78860098123550415039 -0.17381924390792841129 0.35519167780876159668 -1.45703744888305664062 -1.29076611995697021484 -0.20476515591144558992 -0.82525748014450073242 -1.38896858692169189453 1.23346042633056640625 0.63642978668212890625 0.83349031209945678711 0.55506205558776855469 0.18620690703392028809 1.30926704406738281250 1.19049286842346191406 -0.93943077325820922852
-1.14170062541961669922 -0.75258648395538330078 -0.54574632644653320312 0.08338054269552229447 -0.58725124597549438477 -1.51744163036346435547 -0.90576297044754039423 -0.19950480759143829346 0.26712447404861450195 1.61078226566314697266 0.59789001941680908203 -1.58765292167663552014 -0.54164725542068481445 -0.92636406421661376953 -0.55465799570083618164 -1.52652943134307861328 -0.98101049661636363641 -0.78844940662384033203 0.62573409080505371094 -1.19658637046813964844 1.22415935993194580078 -0.87708973884582519531 -0.58118051290512084961 -1.13465595245361328125 -1.28338396549224831311 -1.40999579429626464844 0.67489784955978393555 -0.45939284563064569644 1.46830606460571289062 -1.20972716808319091797 -1.60610961914062500000 1.35146737098693847656 0.97556948661804199219 -1.60157775878906250000 -1.23988771438598632812 -1.15530538558959960938 1.24462032318115234375 1.35861575603485107422 1.44062471389770507812 0.47674381732940668277 0.41279035806655878238 -1.30728280544281005859 0.82770794630050659180 1.11005330085754394531 -1.12343609333038330078 -0.89420098066329956055 1.53718245029449462891 1.70470082759857177734 -0.41639316082000732422 -1.60188615322113037109 0.57340955734252929688
-1.78455209732055664062 -1.35999727249145507812 -1.09486460685729980469 -0.25091814994812011719 -0.76588815450668334961 -0.09708642959594719624 1.44341564178466796875 -1.45360398292541503906 -0.98414504528045643195 0.42031720280647277832 1.09019589424133300781 0.20994177460670471191 -0.84133136272430419922 1.65573811531066894531 1.02704358100891113281 -0.25173288583755487613 -0.91599798202514637335 0.03220722451806060094 1.59053397178649902344 1.27151930332183837891 -0.26798379421234130859 -1.05151355266571044922 -0.65952080488204956055 0.32671204209327697754 0.74273556470870971680 1.41318643093109130859 1.18971776962280273438 -0.48914369940757751465 0.08710517734289169312 1.16083586215972900391 -0.70442682504653930664 -1.42390489578247070312 0.18390767276287078857 0.63227933645248413086 -1.42307519912719726562 0.20953814685344690494 1.55975043773651123047 1.23738157749176047595 -1.59511661529541015625 -0.82782012224197387695 -1.19352984428405761719 -1.67221760749816894531 0.14940984547138211336 -1.51300609111785888672 -0.44511461257934570312 1.39437305927276589124 -0.05108958110213279724 0.16080087423324579410 1.38852858543395996094 -0.63261914253234863281 -0.23152670264244079590
-0.75225895643234252930 -1.29766774177551269531 -1.38417875766754150391 -0.80825281143188476562 -1.56693315505981445312 -0.39743143320083618164 1.43529164791107177734 -0.86652833223342895508 0.62676072120666503906 -1.68570232391357421875 -1.62198245525360107422 -0.32084837555885309390 -1.68739032745361328125 -0.59170621633529663086 0.99313098192214954718 1.46159100532531738281 0.87336969375610351562 -1.63011920452117919922 0.16766439378261560611 1.07941055297851562500 0.86452102661132812500 0.31621366739273071289 -1.23749303817749023438 1.44953525066375710217 1.49827134609222389905 -0.64477032423019409180 1.04576945304870605469 0.04345414787530890027 -1.61302375793457031250 -1.12877714633941650391 -0.82430613040924072266 -1.53764724731445312500 0.29451704025268549136 0.09749303013086310643 -0.35500699281692499332 0.82862365245819091797 1.38734054565429687500 -1.37949657440185569079 0.25518694519996637515 1.27205491065979003906 0.65073031187057495117 0.74776774644851684570 1.67327857017517089844 -0.38590353727340698242 0.74432820081710815430 1.39841151237487792969 1.44277715682983398438 -1.43473780155181884766 0.99469381570816040039 1.21739816665649391858 0.16680529713630670718
1.65472626686096191406 1.03393507003784179688 -0.45419314503669738770 -1.36160326004028320312 -0.28921434283256530762 1.37850069999694824219 1.48050236701965309827 1.49187409877777099609 -1.11993527412414550781 0.04969340562820429713 -1.42231535911560058594 -0.11000461131334300646 -0.72038871049880981445 -1.66293394565582275391 -0.66683608293533325195 1.19656205177307128906 0.95480430126190196649 0.85011857748031616211 0.45753490924835199527 -1.71160125732421875000 -0.89441043138504028320 1.53328955173492431641 0.28963860869407648257 0.37172794342041010074 0.88162136077880859375 0.24843624234199521150 -0.98890310525894165039 0.39059054851531982422 1.10709035396575927734 -1.38506579399108886719 0.16877527534961700439 -1.11984252929687500000 0.83970379829406738281 0.93986642360687255859 1.49119687080383300781 -0.00878238491714000008 -0.36566632986068720035 1.03817510604858398438 1.35027873516082763672 -0.91953462362289439813 -0.56964462995529174805 1.49886715412139892578 -0.26738443970680231265 -1.17475485801696777344 1.16451001167297363281 1.67902445793151855469 -0.56885743141174316406 1.32160234451293967517 1.15199732780456542969 -0.53715091943740844727 -0.54067045450210571289
-0.05230370163917540116 0.06636709719896309589 0.55631238222122192383 0.79386305809020996094 0.92552369832992564813 -0.28648540377616882324 -0.28580912947654718570 1.37826573848724365234 -0.96026301383972156867 1.49576163291931152344 -0.64760905504226684570 -1.36199820041656494141 -0.72393316030502319336 0.68760180473327636719 -0.66654378175735473633 -1.08239889144897460938 0.43935352563858032227 1.27605998516082763672 -0.44938778877258300781 -0.95263862609863281250 0.23474967479705810547 0.12335947155952449450 0.49977540969848627261 0.25259917974472040347 -0.65187412500381469727 1.14522504806518554688 1.29669225215911887439 -1.03094124794006369861 1.70117843151092529297 -1.30134117603302001953 0.48219287395477289371 1.77918171882629394531 0.12663674354553219881 1.07663094997406005859 1.01165711879730224609 1.65013694763183593750 0.00551682012155649965 0.35730719566345209293 -1.36712884902954101562 -1.44095444679260231702 -0.19981032609939569644 -1.39636015892028808594 1.60304224491119384766 0.94207978248596202508 0.30535328388214111328 0.30859819054603571109 1.20667445659637428967 -0.36745804548263549805 -1.62388682365417480469 1.13242435455322287829 0.74615836143493652344
1.59920394420623779297 1.27974665164947509766 0.54299432039260864258 -0.16618275642395019531 -1.03928494453430175781 0.16277782618999481201 -1.48045885562896728516 1.10230612754821777344 -1.17707455158233642578 0.12204144150018690629 -0.30827069282531738281 1.03091216087341308594 0.51486581563949584961 1.09507048130035400391 1.29159688949584960938 -1.50306797027587890625 -1.19651770591735839844 -0.24523794651031491365 1.69284784793853759766 -0.58892709016799926758 -0.89110034704208374023 -1.21562504768371582031 1.44692766666412353516 -0.58421659469604492188 0.08579835295677179507 -0.91470736265182495117 1.31407952308654807361 -0.10348398983478540591 0.20941215753555289525 -1.15248119831085205078 -1.22155654430389404297 -0.03710188344120970289 0.37187123298645019531 -0.11254569143056869507 -0.64778876304626464844 1.10297763347625710217 1.12420690059661887439 -0.44324517250061029605 -0.10090105235576629639 -0.92425709962844837531 -1.70549666881561279297 -0.71352982521057128906 -1.20414340496063232422 0.02181651629507539922 0.99462842941284179688 -0.29957035183906549625 1.25463330745697021484 -0.31395131349563598633 -0.99708956480026245117 0.18568758666515350342 -0.19114765524864191226
-1.06539845466613769531 -1.21468198299407958984 -0.77388191223144531250 0.09652404487133020572 -0.29861956834793090820 -0.37804791331291198730 -0.77043437957763671875 0.44640809297561639957 -0.27452093362808227539 0.72601503133773803711 0.09552896767854690552 0.65090066194534301758 0.12998284399509429932 -1.40765511989593505859 1.47670674324035644531 -1.14806568622589111328 0.21502283215522760562 -0.37899929285049438477 -0.96638482809066761359 1.35899257659912109375 -1.37698125839233398438 1.38259935379028320312 0.86809581518173217773 0.24433459341526028719 1.70625925064086914062 -0.12655532360076898746 -0.78318649530410766602 1.34329152107238769531 -0.08437401056289670076 -0.23211641609668728914 1.37704181671142578125 -0.94333493709564197882 -0.07857596874237060547 1.15014445781707763672 0.73704600334167480469 -0.10842733085155480122 0.42254048585891718082 -0.55535995960235595703 -0.37202170491218561343 0.35006195306777948550 -1.41621291637420632092 0.10644073784351340550 -0.85280668735504150391 -1.20785868167877197266 -0.26286217570304870605 -0.17986333370208740234 -1.35662865638732910156 -0.02265526354312890137 0.58129203319549560547 0.65220963954925537109 0.07039415836334220189
-0.00547618372365829987 0.34354135394096368961 1.19627964496612571033 1.19621694087982177734 0.83381474018096923828 1.26311206817626953125 -1.49977385997772216797 -1.00862634181976318359 1.49550974369049072266 0.25422710180282592773 0.34351107478141779117 1.70645415782928489001 1.56856334209442138672 1.27630555629730224609 1.40238475799560569079 -0.52685385942459106445 1.21744883060455322266 1.36809468269348144531 -1.29668891429901123047 0.21296480298042289037 1.23052835464477539062 -1.50651895999908447266 1.43024182319641113281 -0.25615710020065307617 0.97719913721084594727 1.23153007030487060547 1.10329067707061767578 -1.36077356338500976562 -1.03232741355895996094 -1.75194585323333740234 -0.80368036031723022461 0.44272530078887939453 0.90048569440841674805 -1.34221231937408447266 -1.53373825550079367908 1.50179326534271240234 -1.12686622142791770251 1.13651716709136962891 1.14068102836608886719 -1.25196826457977294922 0.18574434518814081363 -1.50073659420013449939 -0.11282908916473380345 0.83929347991943359375 -1.57781994342803955078 -1.03418266773223876953 -1.07741260528564430921 1.34387135505676269531 -1.26432919502258300781 0.61517351865768432617 0.43306076526641840152
-0.07242947816848749332 -0.57116413116455078125 1.04149222373962402344 1.36546754837036110608 -1.16517007350921630859 -1.19717073440551757812 1.17124474048614501953 1.45515918731689430921 0.96069484949111938477 -0.73801350593566894531 -1.44571304321289062500 -0.57806152105331420898 1.14914762973785400391 0.19602288305759429932 1.64919912815093994141 0.87917232513427734375 0.04205603525042529711 -1.75195121765136718750 1.33620595932006835938 -0.76642167568206787109 -1.05570447444915749280 -0.76475816965103149414 -1.71369361877441406250 -0.75597560405731201172 -1.63539195060729980469 1.39489781856536887439 -0.02077705040574069975 1.52015435695648193359 -0.19416998326778409090 -0.06419612467288969559 -0.87472605705261230469 -1.37366735935211181641 -0.15211796760559079256 -0.58356481790542602539 0.16154767572879791260 0.06753632426261900468 1.20977044105529807361 -1.61924445629119873047 -1.36188447475433349609 -0.36287039518356317691 1.12808275222778320312 -0.76481932401657104492 -0.47147116065025329590 0.41796767711639398746 1.67476749420166015625 -0.96001458168029796258 -1.32965207099914550781 0.67093914747238159180 1.48819804191589355469 -0.30251964926719659976 0.90463703870773315430
-1.03570592403411887439 -0.23252126574516290836 -0.79364013671875000000 0.02572747878730290150 0.40896433591842651367 1.00316202640533447266 -1.69384503364563010486 0.24635693430900570955 1.54846835136413552014 0.35564976930618280582 0.72474670410156250000 1.14797818660736083984 -1.20959436893463112561 -1.01451444625854492188 1.58889079093933105469 -0.27905279397964477539 1.26818275451660156250 1.44792211055755615234 -0.48986217379570007324 -1.05621922016143798828 1.27711069583892822266 -1.53488528728485107422 1.41022264957427978516 -1.23891854286193847656 0.56851965188980102539 -1.46206843852996848376 -1.30905008316040039062 -1.21673572063446044922 -0.41774871945381159000 1.49024140834808349609 1.17059397697448730469 1.00629150867462158203 0.94808465242385864258 0.01436852198094120021 -1.65768849849700927734 -0.44027739763259887695 1.08726298809051513672 -1.24693512916564941406 -0.80212712287902832031 -1.38512969017028808594 -1.21011424064636230469 -0.31925922632217407227 0.29157808423042297363 -0.05025465413928029840 1.64333724975585937500 0.18147554993629450015 1.24416625499725341797 0.77092385292053222656 -0.30249232053756708316 -1.54470825195312500000 1.00005996227264404297
-0.58974325656890869141 -0.20845073461532589998 -0.78411716222763061523 0.07100390642881390657 -0.73821938037872314453 -0.50340944528579711914 1.40127778053283691406 0.73917824029922485352 0.48441240191459650211 0.99606263637542724609 -1.64260184764862060547 0.16516625881195060033 0.52174353599548339844 -1.16789090633392311780 1.36327922344207763672 0.73282879590988159180 0.73253923654556274414 -0.90679478645324718133 1.66868710517883300781 1.58175158500671408923 0.73569375276565551758 -1.30630111694335937500 0.10203771293163299561 0.29953151941299438477 -0.83112007379531860352 0.53391522169113159180 -0.43006423115730280093 -1.57221615314483642578 -1.53855860233306884766 0.85912191867828369141 0.81791996955871582031 0.11520244926214209813 1.61581361293792724609 -0.72507852315902709961 0.80010437965393066406 1.26497519016265869141 1.44387745857238769531 1.67149364948272705078 1.48078131675720192639 0.60086035728454589844 -0.53596448898315429688 0.95309150218963623047 0.92375230789184559210 -1.43222939968109130859 -1.11885344982147216797 -1.45693504810333229749 0.46676921844482421875 -1.25495016574859619141 0.27401161193847650699 0.93132829666137695312 1.08678162097930908203
1.84654355049133300781 1.34338533878326416016 2.12145400047302246094 0.50305670499801635742 -0.49995014071464538574 -1.54025900363922119141 -1.37367498874664306641 1.37290585041046142578 -0.75163984298706054688 -0.27140107750892639160 0.96379154920578002930 -0.68555116653442382812 1.11925363540649391858 -0.64400219917297363281 -0.01654740609228609952 0.65245544910430908203 0.47774365544319147281 0.12662400305271148682 1.45494830608367919922 1.33832371234893798828 0.90671986341476440430 0.30072650313377380371 -0.21755772829055780582 0.54689788818359375000 -1.33200752735137939453 -0.73666828870773315430 -0.18278232216835019197 0.12109102308750149812 0.82924640178680419922 -1.37181818485260009766 1.05227220058441162109 0.61045122146606445312 0.62310111522674560547 0.69068008661270141602 -0.13381221890449521150 -1.75247073173522949219 0.17996309697628021240 -0.90256112813949584961 1.19929063320159912109 -0.45719274878501892090 -0.87074947357177734375 1.17316079139709472656 -0.96382254362106323242 1.53769755363464355469 -1.56078100204467751233 1.33904850482940673828 1.36284244060516357422 -1.20218789577484130859 -0.10558289289474480366 0.43088272213935852051 1.04391288757324218750
1.47354483604431152344 0.76443547010421752930 -0.73198628425598144531 -1.41649866104125976562 -0.88242256641387939453 -0.84216779470443725586 0.02001579292118539979 -1.64860355854034423828 0.27052596211433410645 -0.65805685520172119141 -1.34819900989532470703 0.20442977547645568848 -1.04460430145263671875 1.59169256687164306641 0.39246028661727899722 -1.25276005268096923828 1.30037164688110351562 0.45569658279418939761 -1.76475989818572998047 -1.40588915348052978516 0.04722872376441950015 -1.07165360450744628906 1.56095397472381591797 1.76294720172882080078 0.33828797936439508609 0.83406335115432739258 0.24159602820873260498 0.74396157264709472656 1.34144949913024902344 1.60953164100646950452 0.78978276252746582031 -1.62027347087860107422 0.93905949592590320929 -1.49492084980011008533 -1.47393345832824707031 1.46794903278350830078 -0.21514970064163199681 1.46832215785980224609 -0.91766911745071400031 -0.90065586566925048828 0.52977758646011352539 -0.93053638935089122430 -0.01986014470458030007 -0.17337681353092190828 1.60015404224395751953 -1.58476603031158447266 -0.72832816839218139648 0.72996717691421508789 -0.76702791452407836914 -1.24848115444183349609 -1.68663990497589111328
0.28227734565734857730 0.07711858302354809847 0.90009993314743041992 1.66725015640258789062 -0.84920060634613037109 -0.29456272721290588379 -1.00486826896667480469 -1.51188361644744873047 0.23320293426513669099 0.91617333889007557257 1.02980673313140869141 0.32714501023292541504 1.04505681991577170642 0.55692982673645019531 1.51054644584655761719 1.42450225353240966797 1.35092616081237792969 -0.17159782350063321199 0.63467746973037719727 0.72645026445388793945 -0.66570192575454711914 -1.33527052402496337891 -1.10338115692138671875 -1.63790917396545410156 -0.21738393604755398836 -0.31032809615135187320 -1.23362684249877929688 -0.11129017919301979755 0.80002492666244506836 -0.08418302237987509984 1.16423320770263671875 0.12851175665855399388 -1.48074054718017578125 -0.63163661956787109375 -0.80764722824096679688 -0.40338978171348571777 -1.71637773513793967517 1.47036957740783691406 1.32296657562255859375 -0.33195701241493219547 -0.08555001020431510228 -0.62620490789413452148 0.47401809692382812500 1.28120565414428710938 -1.65027475357055664062 0.13987536728382110596 1.43833947181701660156 1.05241084098815917969 -0.71184802055358886719 -0.55514430999755859375 0.48948282003402709961
-1.03801512718200683594 -0.26249113678932189941 -0.58656251430511474609 -0.33125489950180048160 1.64408898353576660156 -0.95531499385833740234 -0.99218893051147460938 1.59425914287567138672 -1.15844309329986550061 1.52086794376373291016 -0.51843118667602539062 1.03697931766510009766 -0.92537367343902598993 -1.64928483963012695312 -1.68234884738922119141 1.45438122749328591077 0.60774683952331542969 -0.39030146598815917969 1.44368350505828857422 1.08944785594940207751 -1.00605714321136474609 -0.80422931909561157227 -0.65198600292205810547 0.18175691366195678711 0.54924780130386352539 1.02417278289794921875 1.12386572360992431641 1.03659462928771950452 1.47651171684265136719 0.57833015918731689453 1.17370879650115966797 -1.61054563522338889392 -0.82031840085983276367 -0.30630239844322199039 -0.98109424114227294922 0.65803480148315429688 1.52882885932922363281 0.06116496399044989846 0.67309421300888061523 0.06684697419404979357 -0.08010473102331160111 1.28529214859008789062 1.09712648391723632812 -1.56876111030578591077 0.93480485677719116211 0.92348891496658325195 0.37779802083969110660 -1.60252428054809570312 -0.89982026815414428711 -1.17104458808898925781 1.00058054924011230469
-0.05079613626003259830 -0.72772055864334106445 -0.45344787836074829102 1.31423616409301757812 -1.18715679645538330078 -0.54650986194610595703 -0.67606782913208007812 -1.22935914993286110608 0.65056860446929931641 1.04851758480072021484 1.65152812004089355469 -1.22002470493316650391 -0.95329236984252918585 -0.71188449859619140625 0.04096028208732600123 -1.66570699214935302734 -1.49984979629516601562 -1.73844611644744873047 -1.02737951278686523438 -0.24766045808792108707 0.87117910385131835938 -0.56241309642791748047 -1.54531955718994140625 -0.83060342073440551758 0.27139958739280700684 1.31222546100616455078 1.21327805519104003906 -0.01570310629904270172 -0.97846847772598277704 -0.33443322777748107910 -1.14996564388275168689 -1.07455956935882568359 1.07397866249084472656 0.05141281709074969897 0.94702541828155517578 -1.12181699275970458984 0.64245241880416870117 1.14028787612915039062 -1.59979295730590820312 -0.35955643653869628906 0.66381639242172241211 1.42485594749450683594 1.01977860927581809314 0.60223031044006347656 0.58242958784103393555 1.72427523136138916016 -1.55184078216552712171 0.62618875503540039062 -1.01606404781341552734 1.02335309982299804688 1.24301278591156005859
0.04752900078892700192 -0.18257646262645718660 -0.39070731401443481445 -0.56712514162063598633 1.23936545848846435547 1.66991841793060302734 0.12798644602298731021 0.31093317270278930664 1.05141961574554443359 0.47235804796218872070 0.26028323173522949219 -0.03567350283265109667 0.79991328716278076172 -1.55358421802520751953 -0.87188601493835449219 0.65000677108764648438 -0.05105490237474440141 -1.19509875774383544922 -1.73054182529449462891 -0.73428952693939208984 -0.24839244782924649324 0.16969302296638488770 0.18354794383049011230 0.68292450904846191406 -0.41300088167190551758 -0.02518367022275920172 -0.35598665475845331363 0.30366924405097961426 -1.47223496437072753906 1.03464102745056152344 1.37287139892578125000 1.16870164871215820312 0.47423061728477478027 -0.03800009563565250048 -1.65510451793670632092 1.60155522823333740234 1.68922495841979980469 1.70634031295776367188 0.39407902956008911133 0.42624405026435852051 -0.87845462560653686523 0.46724185347557067871 -0.56770479679107666016 -1.62102770805358886719 1.17163908481597900391 -0.93813145160675037726 -0.57654523849487304688 1.57974004745483398438 0.90983891487121582031 -1.40491223335266113281 0.75466567277908325195
-1.03264093399047829358 -1.13046061992645263672 -0.64807522296905517578 1.61491513252258300781 -0.60368686914443969727 0.52130627632141113281 -1.64888632297515869141 -0.40889632701873779297 1.48099374771118164062 -1.22656035423278808594 -0.63560402393341064453 -0.28544557094573969058 0.75993460416793823242 0.59468013048171997070 0.39797249436378479004 1.60008871555328369141 0.12443778663873669710 -1.39820957183837890625 -0.91975349187850963251 -1.38676190376281738281 -0.52193164825439453125 0.16475625336170190982 0.78928142786026000977 -0.89021986722946166992 -1.55343234539031982422 -1.39583194255828857422 0.39475673437118530273 -0.62630850076675415039 -1.25539898872375488281 0.01495873183011999993 0.46616953611373901367 -1.19512033462524391858 1.26093065738677978516 -0.69151765108108520508 1.07404935359954833984 0.18125367164611810855 1.60862565040588378906 -0.49647057056427001953 -0.20052936673164359349 1.24242174625396728516 1.66507804393768310547 0.82258808612823486328 -0.27113291621208190918 -0.49331495165824890137 -0.09646344184875479955 1.58249127864837646484 -0.20935618877410888672 1.59848654270172119141 -1.52252876758575439453 0.63209164142608642578 0.82513856887817382812
-1.37475442886352539062 -1.59217369556427001953 -0.60830461978912353516 0.97218370437622081415 -0.46295335888862609863 -0.35078242421150207520 -1.59536540508270263672 0.20805343985557550601 1.11354851722717285156 -1.63763618469238281250 1.34966480731964111328 -1.53356242179870605469 0.90437304973602294922 1.34880149364471435547 0.58721005916595458984 1.20866274833679199219 1.03222274780273437500 -0.20604437589645380191 -0.74059820175170898438 -1.10521614551544189453 1.31412005424499511719 1.61487448215484619141 -1.59418642520904541016 0.29049545526504511050 1.67923474311828591077 1.05286765098571777344 -1.75154817104339599609 -1.16130650043487571033 -0.15125745534896850586 -1.53224754333496093750 1.45987141132354736328 -1.49338448047637939453 -1.51755845546722389905 0.31507015228271478824 1.37622535228729248047 -0.59270334243774414062 0.00751217687502500012 1.66530406475067138672 -0.87496644258499145508 0.67664420604705810547 1.05199360847473144531 -0.63701111078262329102 -1.56192409992218017578 0.42188668251037597656 -0.47206351161003107242 1.21287178993225097656 -0.48338922858238220215 -0.10405387729406349873 -1.08231508731842041016 1.35220503807067871094 0.20953299105167388916
0.34360992908477777652 0.89192223548889160156 -1.73146128654479980469 -0.82129579782485961914 -0.01116282772272820037 -1.59440624713897705078 -1.56728029251098632812 0.73005855083465576172 -1.46866917610168457031 -0.33425924181938171387 -1.50063133239746093750 -1.10043740272521950452 0.33859926462173461914 -0.56967723369598388672 0.44305744767189020328 0.13907912373542780093 0.24633815884590148926 -1.18773949146270751953 1.45607125759124755859 -1.59664821624755859375 -1.57247233390808105469 -0.00980447512119999968 -1.11918032169342041016 -1.38565373420715309827 -1.19756197929382324219 -0.92123550176620483398 -0.26515793800353998355 0.51449167728424072266 -0.36948385834693908691 0.28833985328674310855 -1.42277455329895019531 -1.30696964263916015625 0.83068948984146118164 -1.15756225585937500000 -0.62363719940185546875 1.65130305290222167969 0.64787030220031738281 1.25925946235656738281 0.38758948445320129395 -1.25564765930175781250 1.42099940776824951172 -0.54302340745925903320 1.47176957130432128906 -0.64913845062255859375 -1.20762550830841064453 -1.57247471809387207031 0.60294151306152343750 1.57149982452392578125 0.87981539964675903320 -0.54088616371154785156 -0.89361536502838134766
0.09526164084672919530 0.11756902188062659520 0.50023186206817626953 1.11446654796600341797 -0.15767997503280639648 1.17166280746459960938 0.17948265373706809300 0.84596180915832519531 0.50698059797286987305 0.49185696244239801578 -0.01169318519532679991 -1.44854235649108886719 -0.37655055522918701172 0.50352436304092407227 0.86045551300048828125 0.07778692245483390111 -1.45026278495788552014 0.73052734136581420898 -1.73206424713134765625 -1.73967611789703369141 -0.38875281810760498047 -0.30734205245971679688 -1.61732840538024902344 1.15674364566802978516 -0.02924871258437630045 1.70702588558197021484 -1.55032396316528320312 -0.36930102109909057617 0.48794126510620111636 1.41723215579986550061 0.82409030199050903320 0.44573506712913507632 1.33826887607574462891 -1.66161334514617919922 0.56113791465759277344 -0.54562032222747802734 0.03948878869414319814 -0.30659994482994079590 0.14822843670845028963 1.10215795040130615234 -0.00100138410925859991 -1.24579811096191406250 -1.01530528068542480469 -1.38415145874023437500 -0.77118980884552001953 -0.54543220996856689453 -0.73294144868850708008 -0.35215428471565241031 0.30924916267395019531 0.42074838280677789859 0.38568192720413208008
-0.06603255867958060521 1.01702499389648437500 0.62383294105529785156 -0.26857596635818481445 0.38258397579193109683 -0.94682836532592762335 0.57450610399246215820 0.24028508365154260806 -1.23084020614624023438 -0.31112366914749139957 0.18934920430183410645 1.44320094585418701172 1.20612037181854248047 -1.43148672580718994141 -1.31624364852905273438 -1.20114445686340309827 -1.08426094055175781250 0.28823056817054748535 -0.54562348127365112305 -1.00338673591613769531 -1.46359324455261230469 0.64131367206573486328 -1.07168972492218017578 0.02407002262771119894 -0.90558111667633056641 1.07515943050384521484 0.13766106963157651033 -0.40289816260337829590 1.72306585311889648438 1.62922966480255126953 -1.51094114780426047595 0.67148929834365844727 -0.40959683060646051578 0.35041657090187072754 1.06398522853851318359 -0.39237889647483820132 -0.26300707459449768066 0.37616267800331110172 -1.33299958705902099609 -0.50006377696990966797 -0.58549124002456665039 0.15846274793148040771 0.98652994632720958368 -1.10184800624847389905 1.68547248840332031250 -1.01848971843719482422 -1.00743532180786110608 0.62136912345886230469 -1.02657508850097656250 1.01762783527374289783 -1.46513438224792480469
-1.02703142166137695312 -0.81769680976867675781 0.08521323651075360384 1.43380141258239768298 0.19833941757678980045 -0.78227949142456054688 0.30725613236427301578 -0.82902091741561889648 -1.48108780384063720703 -0.43145731091499328613 -1.72350227832794189453 -1.53248608112335205078 0.52857750654220581055 -1.64957511425018310547 1.20624995231628417969 -0.49413138628005981445 -0.15795384347438809480 1.60074710845947287829 -1.11859738826751708984 -0.16572499275207519531 1.37280297279357910156 -1.29679405689239501953 -1.31009209156036376953 0.32637315988540649414 1.25956201553344726562 0.96166509389877319336 1.31689059734344482422 0.49569240212440490723 -1.07398986816406250000 0.68133348226547241211 -0.29513472318649291992 0.13628058135509490967 0.39327436685562128238 -1.37935328483581542969 -1.23283088207244873047 -0.06942059844732280383 0.57232993841171264648 -0.38369399309158319644 1.60046243667602539062 1.65684664249420166016 1.37835323810577392578 1.41891849040985107422 -0.98630803823471080438 -0.14863225817680358887 -1.49083054065704367908 -0.21935808658599850740 1.70487809181213378906 -0.45258876681327819824 -1.48138535022735595703 -0.51034814119338989258 1.02036035060882568359
-1.13918745517730712891 -1.22241163253784179688 -1.17929792404174804688 -0.10503236949443810200 0.01712481305003159954 -1.68051159381866455078 -0.53251892328262329102 -0.84463745355606079102 0.51899427175521850586 1.68325483798980712891 -1.26597380638122558594 -1.63943135738372802734 -1.25383019447326660156 -0.60449814796447753906 -0.34464687108993530273 1.10912740230560302734 -1.71447420120239257812 -1.23610472679138183594 -0.78280299901962280273 1.29844689369201660156 -0.50947934389114379883 0.42272943258285522461 -1.71004533767700195312 -0.68300491571426391602 0.89571261405944824219 -0.88281291723251342773 -1.76415586471557617188 0.61971366405487060547 0.57895326614379882812 -0.54047751426696777344 0.17015449702739710025 0.24724747240543359927 -0.85806852579116821289 1.55318379402160644531 1.30765914916992209704 0.69738394021987915039 1.23326170444488525391 0.96317166090011596680 1.27768754959106445312 -0.84516000747680664062 -1.52835559844970703125 1.02658426761627197266 -0.32077476382255548648 1.64610433578491210938 1.46445453166961669922 1.17453944683074951172 -1.44854056835174560547 -1.37837314605712890625 0.67803549766540527344 -1.31247842311859130859 0.32963287830352777652
2.17241501808166503906 1.56236052513122558594 1.62532424926757790296 0.20865620672702789307 -0.58257311582565307617 -0.46999660134315490723 0.52445375919342041016 -0.05544205754995339824 0.02156017161905759982 1.72402524948120117188 -0.04923236370086669922 0.20770968496799468994 -0.60369151830673217773 -1.41308915615081809314 -0.90956884622573841437 1.30223941802978515625 1.22002148628234863281 -0.69821012020111083984 0.24586154520511618871 0.58720648288726806641 0.09319668263196939639 1.09066843986511230469 1.50800061225891113281 1.59724020957946777344 -0.80200165510177612305 0.36221775412559509277 -0.22749304771423339844 -1.43829691410064697266 0.04726141691207880191 0.34402060508728027344 -0.55826610326766967773 1.27663385868072509766 1.14561343193054199219 1.00127863883972167969 -0.02993729151785369871 1.46903717517852783203 -1.26116764545440673828 1.31691622734069824219 -1.10144150257110595703 -0.95180445909500122070 1.22179448604583740234 -0.00812804792076340064 1.12434542179107688220 0.24043796956539151277 -0.48864436149597167969 -0.32034733891487121582 1.21792006492614768298 0.92610025405883800165 -1.12834310531616210938 -0.27203023433685302734 0.37302011251449579410
1.17768645286560058594 0.73833400011062622070 1.61260867118835449219 1.11490225791931152344 1.38784611225128151624 -1.29884386062622070312 1.40895879268646240234 -1.55989205837249755859 0.42874225974082941226 0.87114095687866210938 -1.42279970645904541016 -0.39888915419578552246 1.21488034725189208984 0.17794637382030478734 -0.47099071741104120425 -0.95989859104156483038 -1.69503498077392578125 0.75575762987136840820 -1.56259346008300781250 -1.06834101676940917969 -1.28570616245269775391 0.57103896141052246094 -0.13844001293182370271 1.36085271835327170642 -0.55643445253372192383 -0.76957941055297851562 0.90099966526031483038 0.44468137621879577637 -0.40878483653068542480 0.16459594666957849673 -1.40759408473968505859 1.60494208335876464844 -0.42975813150405878238 -0.79374694824218750000 0.66811740398406982422 1.70357108116149902344 0.05360985174775120127 -0.93816566467285156250 0.13430301845073699951 -0.64221847057342529297 -0.86895889043807983398 -1.00507652759552001953 -1.06587982177734375000 1.36198985576629638672 1.07551133632659912109 -0.94299697875976562500 0.13843171298503870181 -0.64205157756805419922 0.91681045293807983398 -0.08549649268388739842 -1.39662230014801047595
1.79069447517395019531 0.99368077516555797235 -0.45757445693016052246 -1.56110465526580810547 -1.38952505588531494141 -0.94780164957046519891 -0.95951056480407714844 0.92052179574966441766 -1.12436830997467041016 0.97314786911010742188 0.95290148258209239618 0.86025160551071166992 1.00874865055084250720 -0.92862862348556518555 -0.65844893455505371094 -1.63286018371582031250 0.85141497850418090820 1.60530066490173339844 1.42868793010711669922 1.57615470886230490954 0.87442445755004882812 0.88531178236007690430 0.35224631428718561343 -0.29860410094261169434 -1.18292200565338112561 1.09770560264587402344 1.21803629398345969470 0.19010925292968750000 0.64274442195892333984 0.77953737974166870117 1.48023891448974609375 1.79767644405364990234 -1.49632525444030761719 -0.01046449225395910086 1.06482625007629394531 -1.19565331935882568359 0.51929777860641479492 0.13382239639759060945 0.58623939752578735352 0.03985319286584849963 -0.34792187809944147281 -1.31483972072601318359 -1.43936300277709960938 -0.81316733360290527344 -0.42621755599975580386 0.72952419519424438477 1.47428822517395019531 0.69082325696945190430 -0.04560377076268189861 -0.62758982181549072266 -0.75125789642333984375
0.09533682465553279528 0.22617082297801968660 -0.47606503963470458984 -0.70180583000183105469 -0.76622211933135986328 -1.54794871807098410876 -1.61687147617340087891 -0.64212334156036376953 -0.97884005308151245117 1.29846274852752685547 0.48953136801719659976 -0.17092114686965939607 -0.34025341272354120425 0.69779956340789794922 1.05825865268707275391 -1.29568910598754882812 0.74694675207138061523 -0.59040808677673339844 -0.00643588416278360019 0.21538648009300229158 -0.44513791799545288086 -0.37220546603202819824 1.16345715522766113281 0.87676274776458740234 0.14506645500659939851 -1.29012417793273925781 -0.06027197092771530151 -0.49382951855659479312 -1.04978668689727783203 -0.40736192464828491211 0.76450037956237792969 1.73925185203552246094 -1.42071914672851562500 -0.88728988170623779297 -1.24151730537414550781 1.44724655151367209704 -1.09111428260803222656 -0.06279864162206649780 1.62809514999389648438 -1.13074827194213889392 1.31789076328277610095 -0.87649011611938476562 0.89900887012481689453 -1.06885194778442382812 0.64086496829986572266 -1.18881714344024658203 0.14832265675067898836 -0.26166045665740961246 0.09991805255413049869 1.04243087768554687500 -0.20546592772006980199
1.57866501808166503906 1.11695611476898193359 0.08522152900695799393 -0.28752955794334411621 -1.27926301956176757812 1.14864778518676757812 -0.80779832601547241211 1.46362352371215820312 0.40481343865394592285 -0.37281718850135797672 1.51536965370178222656 1.29995286464691162109 -1.10921823978424072266 0.99752813577651977539 -1.42750155925750710217 -0.53668129444122314453 1.43874025344848632812 -1.54430687427520751953 -1.25245547294616699219 -0.69593572616577148438 1.65917253494262695312 -1.67036342620849609375 -1.15631866455078125000 -1.66848635673522949219 -0.48808905482292169742 0.23091997206211090088 -1.42139291763305664062 1.53404867649078369141 -0.79476398229598999023 1.11427080631256103516 -1.72207784652709960938 -0.63149070739746093750 -1.49516808986663818359 0.73762375116348266602 0.05887245386838910188 0.83993053436279296875 0.99920094013214122430 -0.81228756904602050781 -0.23297089338302609529 1.62524831295013449939 -0.64303964376449584961 -0.63929164409637451172 1.33602321147918701172 -1.18478393554687500000 1.65769696235656738281 1.55425584316253662109 1.28101015090942382812 0.38058987259864801578 1.61202979087829589844 -1.47881257534027099609 -0.63151174783706665039
-0.12604001164436340332 -0.32299554347991937808 0.91910088062286376953 1.32255566120147705078 -0.74132335186004638672 -0.82067722082138061523 -1.49928319454193115234 1.41526615619659423828 -1.66364014148712158203 -1.14142811298370361328 1.25910353660583496094 1.09821617603302001953 -1.10116887092590309827 0.89621794223785400391 -0.61814761161804199219 0.65356469154357910156 0.26915198564529418945 -0.34651476144790649414 -0.31301909685134887695 0.47199556231498718262 -0.22623765468597409334 -0.85550314188003540039 -1.08806371688842751233 -1.07940244674682617188 1.27026546001434326172 1.77276408672332763672 -0.65668785572052001953 1.32694184780120849609 0.44401305913925170898 -0.28851985931396478824 -0.67171871662139892578 -0.52500379085540771484 -0.72817200422286987305 -0.18202902376651761140 -1.21030414104461669922 1.57275772094726562500 -1.08497238159179687500 -0.89832723140716552734 0.44854256510734558105 1.19331943988800048828 -0.88367432355880737305 -0.41986435651779169254 -1.68400192260742209704 -0.28382012248039240054 -0.37454274296760559082 -0.75935286283493041992 1.72739803791046142578 -1.64175617694854736328 0.43893438577651977539 1.14852416515350341797 1.18573725223541259766
0.09242347627878179372 -0.57808798551559448242 -0.30557924509048461914 -0.79305881261825561523 -0.92819547653198242188 -0.37998983263969421387 0.40794306993484491519 0.75792318582534790039 -0.54026418924331665039 -0.58654785156250000000 1.46957635879516601562 1.00112795829772949219 1.62581062316894509046 1.25315201282501220703 -1.67609369754791259766 -0.87532216310501098633 0.53347009420394897461 -1.41388058662414550781 1.43817937374114990234 1.15783333778381369861 0.67648059129714965820 1.02752852439880371094 -0.64000266790390014648 -0.81024712324142456055 -0.37231758236885070801 1.49450230598449707031 -0.07903274893760679765 -1.10476195812225341797 0.74538391828536987305 0.63492000102996826172 0.10481058806180949816 1.79010152816772460938 -0.12548746168613431062 1.24610304832458496094 1.74755406379699707031 0.83088797330856323242 0.70441734790802001953 1.40447390079498291016 0.85195857286453247070 -0.66062891483306884766 -0.72743415832519531250 -0.35088264942169189453 1.30332303047180175781 1.44536054134368896484 1.04266512393951416016 -1.17097520828247070312 -1.55812811851501464844 0.28245943784713739566 -1.54214191436767578125 -1.09395790100097656250 0.49496993422508239746
0.76352936029434204102 1.22325956821441650391 0.36930197477340698242 0.18825495243072509766 -0.50818866491317749023 0.47955009341239929199 0.16205005347728729248 0.51198583841323852539 -0.91831946372985839844 0.00596939399838440025 -0.54258096218109130859 -1.07452201843261718750 1.22585594654083229749 0.69205671548843383789 -1.57156860828399658203 -1.29616963863372802734 1.21790754795074462891 1.62619102001190207751 1.34556806087493896484 -1.66088390350341796875 1.33554160594940207751 1.59410810470581032483 -0.03646143153309820001 0.44019076228141779117 -0.84523713588714599609 0.62454205751419067383 -1.36473977565765380859 1.70885384082794189453 -0.37325799465179437808 -1.40949749946594238281 -1.22730481624603271484 0.46748000383377069644 0.93892824649810802118 1.16128039360046408923 1.48808264732360839844 1.60998642444610595703 -0.05474862828850739910 1.34627068042755126953 1.31815385818481445312 -1.24186170101165749280 -1.33033943176269509046 -0.59881049394607543945 -1.49386644363403320312 -0.77644991874694824219 -1.63089108467102050781 -0.03463451191782949967 -0.74242967367172241211 1.64486825466156005859 -0.83819997310638427734 0.76136648654937744141 -1.49295949935913085938
-1.24345409870147705078 -0.89155066013336181641 -1.26734685897827170642 -1.11029839515686035156 0.76963210105895996094 -1.41316342353820800781 0.41051849722862238101 1.45454943180084250720 -0.94282221794128417969 0.51182359457015991211 1.61389255523681640625 -1.07872450351715087891 1.12814509868621848376 -0.94243156909942638055 -0.84498262405395507812 -0.25671833753585809879 -1.73680746555328369141 -0.09995235502719869436 -1.71596813201904296875 -1.17498445510864257812 -1.64079391956329367908 0.71504509449005126953 1.28833019733428955078 -1.62846267223358154297 -1.75528752803802490234 0.22598412632942199707 1.57863223552703857422 1.05857515335083007812 1.38577675819396950452 1.73163926601409912109 1.46792244911193847656 -0.38376271724700927734 -0.48360285162925720215 1.34540939331054687500 -1.07982158660888671875 0.94097071886062622070 1.20425629615783691406 0.90627318620681762695 -1.49188899993896484375 0.44134849309921259097 1.34745001792907714844 1.83047235012054443359 0.38829690217971801758 -1.33856248855590820312 -1.47446405887603759766 -1.23639512062072753906 -1.44220197200775168689 -0.77494025230407714844 -0.41746833920478820801 0.14182625710964200105 0.42910829186439508609
0.93109428882598876953 0.90888261795043956415 0.47525358200073242188 0.47426852583885187320 0.37728947401046747379 1.27362489700317382812 1.41225695610046408923 0.25110492110252380371 -0.96709346771240245477 1.66697859764099121094 -1.59577214717864990234 -0.95453250408172596320 -1.31138551235198952405 0.20321011543273920230 1.15416145324707031250 -1.02695858478546142578 -1.62612724304199218750 0.18205207586288449373 1.33438515663146950452 -0.52746862173080444336 -1.26823651790618896484 0.51301419734954833984 -0.75415098667144775391 1.29532516002655029297 0.27584543824195861816 0.94242876768112182617 -0.59062594175338745117 -0.41837987303733820132 0.41066104173660278320 -0.50997292995452880859 0.26808521151542658023 -0.81734150648117065430 -1.50249814987182617188 1.40773332118988037109 0.35212293267250061035 0.75851607322692871094 0.32435306906700128726 0.34168392419815057925 1.23681688308715820312 1.20406913757324218750 -0.20184026658535000887 -1.47484779357910156250 -0.86893242597579956055 -1.64959073066711447986 -0.68883752822875976562 -0.67410302162170410156 0.94396555423736561163 -0.63899374008178710938 -0.63578033447265625000 0.64773076772689819336 -1.67350614070892311780
-1.74073159694671630859 -1.54883587360382080078 -0.60206085443496704102 -0.09803909808397290315 0.18081940710544580631 -0.56139177083969116211 1.05863654613494873047 -0.51182943582534790039 -0.41794157028198242188 -1.21227145195007324219 -0.53734087944030761719 -0.52757090330123901367 0.70163530111312866211 -1.34343445301055908203 0.30021771788597101382 1.18605637550354003906 -0.75930750370025634766 0.11273205280303949527 0.29690173268318170718 0.23239621520042419434 1.41640174388885498047 0.62667900323867797852 -1.38488507270813010486 -1.53984665870666503906 0.44065630435943597965 -0.78913289308547973633 0.96229255199432361945 -0.02186365053057669899 -0.43366304039955139160 -0.81912213563919067383 -1.66919505596160888672 -1.27801454067230224609 -1.10278952121734619141 -0.70826160907745361328 -0.41875684261322021484 -1.20403385162353515625 0.28434592485427850894 1.20890045166015625000 -1.04972672462463378906 -1.06006574630737304688 0.31513980031013488770 0.77814596891403198242 -1.42015123367309570312 -0.18808461725711819734 -0.19388149678707120027 -1.59275782108306884766 -0.41625922918319702148 1.37666785717010498047 0.87737458944320678711 -1.06402075290679909436 -0.08693340420722960038
-0.97611349821090698242 -1.46487247943878151624 -1.21282470226287841797 -1.39307165145874023438 -0.58156269788742065430 -0.14963175356388089265 -0.44675457477569580078 1.52694904804229736328 -1.61743652820587158203 -0.12765632569789880923 -1.12391185760498046875 0.39303693175315851382 1.32877695560455322266 -1.08886706829071044922 0.27208968997001647949 1.50721418857574462891 -1.72309362888336181641 0.76994329690933227539 0.31375747919082641602 0.18230216205120081119 -1.51946520805358886719 1.26953816413879394531 0.02708251774311060123 -0.97693294286727905273 -0.32660734653472900391 1.61161625385284423828 0.82888114452362060547 1.36612105369567871094 -0.58642876148223876953 0.75730216503143310547 1.49491596221923850329 -0.97803968191146839484 0.10114885121583930272 -0.80803787708282470703 0.79690724611282348633 -0.24664677679538721256 0.58006852865219116211 1.40672695636749289783 1.00029850006103515625 0.89606255292892456055 0.09526222944259639391 1.42440915107727050781 -0.02349396422505370050 1.11709320545196510999 -1.52675497531890869141 -0.70018208026885986328 -0.55075585842132568359 1.62610149383544921875 0.58182770013809204102 0.92815846204757679327 -0.15572756528854370117
1.29552924633026123047 0.32873845100402832031 0.19950881600379941072 0.01629037968814369894 -0.18169263005256650056 -1.17997097969055175781 0.44412049651145929507 -1.23323452472686767578 1.42395853996276855469 0.29863226413726801090 0.80589032173156738281 0.25868564844131469727 0.46874159574508661441 -0.57015383243560791016 0.22313943505287170410 0.81875824928283691406 -1.64902901649475097656 -0.80960434675216674805 -0.56554472446441650391 -1.48122274875640869141 0.51994740962982177734 -0.46446233987808227539 0.57738941907882690430 -0.12650753557682029027 0.75291246175765991211 -0.58471208810806274414 -0.02593728899955740144 -0.00470889499410979961 -0.73240351676940917969 1.66199123859405517578 -1.38106334209442138672 -1.72219514846801757812 -0.60754525661468505859 -0.97176033258438121454 1.31939697265625000000 0.41072171926498407535 -1.07771551609039306641 1.70363974571228049548 -0.53635734319686889648 0.34944742918014520816 -1.31347012519836447986 -0.79776465892791748047 -0.99938547611236561163 -1.65800034999847389905 -1.46022331714630126953 0.35586664080619812012 -0.97331339120864879266 -0.47738224267959589175 -0.57332903146743774414 -0.50088316202163696289 -1.83307981491088889392
0.32186087965965270996 -0.09734341502189630679 0.09823691844940179996 0.17208540439605710115 0.51531344652175903320 -1.35402703285217285156 1.37288725376129150391 0.60622304677963256836 0.27268365025520319156 0.09482745081186290392 1.16463303565979003906 -1.14509165287017822266 -1.34832131862640380859 1.26681458950042724609 -0.45556238293647760562 1.41972386837005615234 0.17079502344131469727 1.67685413360595703125 -1.61398446559906005859 0.73088496923446655273 0.01246679015457629984 1.47003662586212158203 -0.31887507438659667969 1.54902744293212890625 -0.59533131122589111328 -1.36223793029785156250 1.05378305912017822266 -1.36392092704772949219 1.66935014724731445312 1.18029284477233886719 -0.19458754360675808992 -0.54496037960052490234 1.51501095294952392578 -1.46017217636108398438 0.96551167964935302734 -0.23615534603595730867 0.18726310133934020996 0.80241566896438598633 -1.20368981361389160156 -0.04832799360156050245 -0.73262315988540649414 0.36477315425872802734 0.04464179649949070322 0.49256351590156549625 1.03875362873077392578 -1.22407627105712890625 -1.13683545589447021484 -1.22366702556610107422 1.23606264591217041016 0.35384249687194818668 0.37032663822174072266
-0.13736365735530850496 -0.64667606353759765625 -0.06269260495901099461 -1.15239179134368896484 0.43000677227973937988 -1.58854401111602783203 -1.25574600696563720703 1.41828167438507080078 -0.01846708916127679997 -0.89660710096359252930 0.11557281017303459858 -1.08034622669219970703 -0.61811935901641845703 -0.00025372696109110000 -1.69146704673767089844 0.70814347267150878906 0.89979374408721923828 -0.73341792821884155273 0.75269335508346557617 -0.91796708106994640008 -0.79522067308425903320 0.45667341351509088687 1.08847594261169433594 0.65834426879882812500 1.73910892009735107422 0.45289847254753107242 0.22910906374454489964 1.56152677536010742188 -0.81555259227752685547 0.94460910558700561523 1.21354866027832031250 -1.38910984992980957031 -1.35201692581176757812 -1.47066307067871093750 0.86016517877578735352 0.02365498989820480000 0.60288369655609130859 -1.03928971290588378906 -1.21668899059295632092 1.09106385707855224609 -1.18631744384765625000 0.47674688696861261539 1.64367628097534179688 -1.09522294998168967517 1.38933634757995605469 1.60250508785247802734 -0.92142117023468017578 -0.95738327503204356805 -0.17549751698970789127 1.52725005149841308594 0.68510949611663818359
-1.23062825202941894531 -1.71153700351715087891 -0.35237923264503479004 1.45764660835266113281 -0.06143869832158079664 0.92521679401397705078 -1.75193047523498535156 1.20297384262084960938 0.35228678584098810367 -1.37550485134124755859 -1.47003912925720192639 1.06065416336059570312 -0.71479862928390502930 0.50207507610321044922 0.53177684545516967773 1.31122279167175292969 -0.71109819412231445312 -0.38335689902305597476 -1.73596119880676269531 -1.29384577274322509766 1.59955465793609619141 -0.44346877932548517398 -0.63957113027572631836 1.05153965950012207031 -1.04117584228515625000 -1.02174413204193115234 0.98429256677627563477 0.44100290536880487613 -0.95119792222976684570 -1.48061525821685791016 -1.43704879283905029297 1.42899632453918457031 0.44369834661483759097 -1.15071475505828857422 -0.94530957937240600586 -0.27299144864082330875 -0.84233897924423217773 1.11501348018646240234 0.78022813796997070312 1.33609664440155029297 -1.17388403415679909436 0.24805210530757901277 -0.51279371976852416992 -0.64939582347869873047 -0.79069316387176513672 -0.38229939341545099429 -0.91068089008331298828 0.60949963331222534180 -0.78528994321823120117 1.54141163825988769531 0.11685658991336819734
1.94925391674041725842 1.47015511989593505859 0.67610710859298706055 0.03730157017707819850 -0.30859756469726562500 -0.09357837587594980411 1.51836764812469482422 0.38103258609771728516 1.07278180122375488281 0.28183689713478088379 0.72753542661666870117 1.18307006359100341797 1.25263321399688720703 -0.42814704775810241699 1.17000317573547363281 0.74255228042602539062 0.16697540879249569978 0.09060268849134439639 1.13296341896057128906 -0.38416981697082519531 0.58568912744522094727 -1.33212065696716308594 -1.21866297721862792969 -1.14907300472259521484 -1.59312140941619873047 1.67506432533264160156 1.64059019088745117188 0.54494088888168334961 -0.01841216906905170092 1.67537677288055419922 -1.00197935104370117188 -0.66812014579772949219 -0.39596208930015558414 0.27521938085556030273 -0.14532832801342010498 -1.70457065105438232422 -1.59615814685821510999 -1.03485894203186035156 -1.32073485851287841797 -1.67468774318695090564 -1.40721929073333740234 0.30722928047180170230 -0.53274071216583251953 -1.35814344882965087891 0.75481873750686645508 0.74856168031692504883 0.96257048845291137695 1.58249175548553489001 -0.62043857574462890625 -1.46289682388305664062 0.52103328704833984375
0.82769215106964111328 0.52194410562515258789 -1.18844723701477050781 -1.72531533241271950452 -1.72690081596374511719 -0.62107867002487182617 -0.43594530224800109863 0.22009952366352081299 1.61560916900634765625 -0.75914317369461059570 0.22421793639659878816 -1.25022351741790749280 1.24053835868835449219 1.01731455326080322266 1.53335583209991455078 0.51234763860702514648 1.08203291893005371094 -0.37776932120323181152 1.25181484222412109375 -0.06702811270952220568 -1.34079730510711669922 -0.75388044118881225586 0.52832728624343872070 0.14710319042205810547 -0.79672902822494506836 -1.16932368278503417969 1.02789664268493630139 1.44870281219482421875 0.16580988466739648990 -0.30811917781829828433 -0.53082716464996337891 1.14030659198761008533 -1.49014031887054443359 -0.90584427118301402704 -0.51250457763671875000 0.00363520300015799996 -0.89398986101150512695 0.58804744482040405273 -0.65944236516952514648 -0.08908651769161220202 0.15142011642456049136 1.08420932292938232422 1.00331604480743408203 -0.32057151198387140445 -0.47198277711868280582 -0.84308719635009765625 0.32836753129959100894 -0.87527072429656982422 -1.60200393199920632092 0.32169589400291437320 -1.78177773952484130859
0.61140024662017822266 -0.28564229607582092285 0.22684831917285919189 1.33236241340637207031 -0.22590716183185569066 -0.45587143301963800601 1.62479674816131591797 -1.68792676925659179688 -1.43876445293426513672 -0.68966716527938842773 0.63399451971054077148 0.15809221565723419189 1.53733861446380615234 -1.19140934944152832031 -1.14013147354125976562 -0.93408679962158203125 -0.88210052251815795898 0.69949990510940551758 -0.49784728884696960449 -0.56186270713806152344 -1.32823538780212402344 0.34185260534286499023 1.52699804306030273438 -0.24240168929100031070 0.82352280616760253906 -0.99621403217315684930 -1.61448144912719726562 1.15854740142822287829 0.85721474885940551758 -1.07926607131958007812 -0.29517656564712518863 1.73735988140106201172 0.76225191354751586914 0.15788322687149039525 -1.40139198303222656250 -1.54714095592498779297 0.08602923154830929842 1.27459156513214111328 -0.79447758197784423828 -1.27944219112396240234 -0.62715369462966918945 1.12025594711303710938 -1.67520260810852050781 -0.72332531213760375977 -0.43047246336936950684 1.32398128509521484375 -0.59584343433380126953 0.37097883224487299136 1.57955920696258544922 -0.28921970725059509277 0.55434745550155639648
1.74937605857849121094 1.18723571300506591797 1.45049512386322021484 0.25627100467681879215 -0.02415944077074520108 0.31967031955718988590 -0.13774415850639340486 -1.07330191135406494141 0.72681695222854614258 1.23976445198059082031 -1.78475546836853049548 0.41695734858512878418 -1.28187692165374755859 -0.58986246585845947266 1.63557279109954833984 -1.07041084766387939453 1.38832366466522216797 -0.85886520147323608398 0.66039407253265380859 -0.15440216660499569978 0.29637682437896728516 0.32517129182815551758 0.44526118040084838867 1.13660037517547607422 0.99398368597030639648 1.63675320148468017578 0.53274589776992797852 -0.75208729505538940430 0.21149699389934539795 0.01304174493998279914 -0.58886438608169555664 -0.42853775620460510254 0.84990787506103515625 -1.49443089962005615234 -0.44376257061958307437 -0.77416729927062988281 0.76503616571426391602 0.43082368373870849609 1.36795473098754882812 0.02664697356522080160 0.05612506717443459942 0.05535533651709550335 0.92261123657226562500 -1.22501564025878906250 0.41001629829406738281 0.17000621557235709447 -0.69964808225631713867 1.42463064193725608142 -1.44481992721557617188 1.59391021728515625000 0.47075918316841119937
0.71548599004745483398 1.26408207416534423828 2.20809578895568847656 1.22008574008941650391 -0.14591158926486968994 0.10402967035770409321 1.28368103504180908203 1.15555858612060569079 1.57843053340911887439 -0.77195817232131958008 -0.42427757382392877750 -0.03121433965861790047 0.42484962940216058902 1.37993597984313964844 -0.04646697267889970256 1.62529993057250976562 -0.58225017786026000977 -1.48731338977813720703 0.92872303724288940430 -0.04841784760355939687 1.10401618480682350842 -0.60380589962005615234 0.96363812685012817383 -0.39274981617927551270 -1.74490559101104736328 0.43698516488075250797 -1.69300663471221923828 -0.76837468147277832031 1.30988621711730957031 -0.88422805070877075195 -1.12450075149536110608 -0.18771463632583609837 -1.50491058826446510999 -0.58982294797897338867 -0.07767063379287719727 0.76838076114654541016 0.99970930814743041992 1.34660243988037109375 0.40039503574371337891 0.05424302816390989823 -1.78931534290313720703 1.20069038867950439453 -0.38931694626808160953 0.31781062483787531070 -0.73892909288406372070 0.27235803008079528809 -1.35886979103088378906 -1.18668067455291770251 -0.49905130267143249512 0.41446965932846069336 -0.93914759159088123663
0.31178691983222961426 0.17540994286537170410 1.97658264636993408203 1.61511945724487304688 -1.17054176330566406250 0.14384345710277549046 -0.09035998582839960269 1.46531891822814941406 1.15060794353485107422 1.66585516929626464844 0.90213501453399658203 0.07140637189149849628 0.18517799675464630127 -0.63421589136123657227 -0.16242483258247369937 0.21595203876495361328 0.23446172475814819336 -1.38551294803619384766 -1.15957784652709960938 0.74361419677734375000 0.07285708189010620117 -0.23975966870784759521 1.27643561363220192639 -0.32826709747314447574 -0.19821245968341819066 -1.20409679412841796875 0.50533002614974975586 1.60039675235748291016 0.93854296207427978516 -1.59133541584014892578 -0.19104082882404319066 -0.03473000973463050145 1.62494385242462158203 0.15638259053230280093 0.67718112468719482422 0.45794916152954101562 -0.29595154523849487305 1.23018109798431396484 -0.35137739777565002441 0.80175763368606567383 1.27633607387542724609 -1.47421991825103759766 -0.23949378728866568822 0.46880000829696649722 1.57840228080749511719 0.35800322890281677246 0.69203937053680419922 0.00215881550684570008 1.48892712593078591077 -0.96342784166336059570 -0.01940124109387390133
-0.54605954885482788086 -0.81609416007995605469 -0.34503036737442011050 -0.58091515302658081055 0.19428625702857971191 -1.24416911602020263672 -1.65484893321990966797 -0.72386497259140014648 -1.01130402088165283203 -0.32709711790084838867 -1.63298499584197998047 0.04418427497148510324 0.49281284213066101074 -0.58600676059722900391 0.54150962829589843750 0.24037778377532958984 1.34438359737396240234 -1.01049137115478515625 -1.76393353939056396484 -0.97583073377609241827 -0.86385035514831542969 -1.68782174587249755859 0.70063972473144531250 -0.50688052177429199219 0.57624608278274536133 -0.51735550165176391602 -1.03438496589660644531 0.13834464550018310547 -0.64408218860626220703 -0.60337287187576293945 0.92370051145553599969 -0.50181567668914794922 -0.96230012178421020508 -1.28149235248565673828 0.77636718750000000000 0.22146557271480560303 -0.11581031233072279496 0.05699043348431580280 0.31727287173271179199 -1.64898514747619628906 -0.95439124107360839844 1.66338348388671875000 -0.63285362720489501953 -0.07560630142688749833 -0.21763008832931510228 1.49878990650177001953 1.54819953441619873047 -0.43411484360694879703 -0.85714596509933471680 -1.61226809024810791016 0.53105419874191284180
-0.38573607802391052246 -0.97842693328857421875 -2.17623448371887207031 -1.59393537044525168689 -0.30315083265304559879 -0.62247407436370849609 -0.48791134357452392578 0.10863371938467020206 -1.48090755939483642578 -0.70283728837966918945 -0.63501459360122680664 0.76097434759140014648 -0.43016749620437622070 -0.74047291278839111328 1.55173671245574951172 0.45499047636985778809 -1.47896981239318847656 1.67127394676208496094 0.78950053453445434570 0.79903155565261840820 -0.92045134305953979492 0.87463676929473876953 0.23390145599842068758 -0.46501702070236200504 1.22369503974914550781 1.14795625209808349609 0.54321944713592529297 0.32777282595634460449 -1.73954200744628906250 -0.36662384867668151855 -1.21110403537750244141 0.89110785722732543945 0.57961672544479370117 -0.99383580684661876337 0.69766563177108764648 1.53642678260803222656 1.52735424041748046875 -0.88382023572921752930 -0.30109810829162597656 -1.57452774047851562500 -0.98544955253601085321 -1.15636456012725830078 -1.41366720199584960938 1.51103484630584716797 -1.45402383804321289062 -0.22308170795440671053 0.26931962370872497559 -0.23015740513801569156 -1.14499378204345703125 -0.07338386029005050659 1.44956600666046142578
1.27930521965026855469 1.01960086822509765625 -0.05719168111681929845 -1.08537733554840087891 1.39027941226959250720 0.46800553798675531558 1.24393022060394287109 -1.29552865028381369861 -0.09908786416053770585 0.48675486445426940918 1.06001460552215576172 1.55166542530059792249 -0.65604865550994873047 0.44992583990097040347 -0.36690729856491088867 0.90120249986648559570 0.70104050636291503906 -0.76629120111465454102 1.24586200714111328125 1.66967213153839111328 0.87734574079513549805 -1.17702507972717285156 0.69817507266998291016 0.47443509101867670230 1.18661415576934792249 1.38997125625610351562 0.78130781650543212891 1.65506410598754882812 0.73948282003402709961 1.53812253475189208984 -0.47076785564422607422 1.67854654788970969470 0.34184911847114557437 -0.30692699551582330875 -1.44929301738738991467 0.42927390336990350894 0.43302974104881281070 -0.58060526847839355469 0.48314711451530450992 0.84200781583786010742 -0.03479206562042230083 -0.12421227991580960359 -1.49422287940979003906 0.80639773607254028320 1.21505165100097656250 -0.09193906188011169434 0.21200080215930938721 -1.08419227600097656250 -1.59487628936767578125 -0.14601767063140869141 -1.26684904098510742188
-0.70405167341232299805 -0.42098614573478698730 -0.75197958946228027344 -0.85030144453048706055 0.00120494561269869995 -0.41390091180801391602 -1.49394285678863525391 -1.30335986614227294922 -1.38277852535247802734 1.24782526493072509766 1.69215250015258789062 -0.31894642114639282227 1.71117854118347167969 0.69830191135406494141 1.20430767536163330078 0.44377139210700988770 -1.60438215732574462891 0.37491708993911737613 0.33139374852180480957 1.02864110469818115234 1.04765880107879638672 -0.26430696249008178711 1.28557372093200683594 0.51362413167953491211 0.41337147355079650879 0.77454185485839843750 0.65485727787017822266 -0.42241370677947998047 -0.03065337985754009939 0.70218032598495483398 0.08382119983434670185 1.31260859966278076172 1.06035637855529807361 0.04234150052070610043 -0.59703314304351806641 -0.02038644440472120109 0.87490385770797729492 0.29951739311218261719 0.48997423052787780762 -0.78716564178466796875 1.08210623264312744141 -0.08230587095022200150 0.13694012165069580078 1.30233716964721679688 -0.22736476361751550845 0.31073182821273798160 1.72591125965118408203 1.53996515274047829358 1.25041759014129638672 -0.83111613988876342773 0.73026102781295776367
-0.16108563542366019505 -0.80195820331573486328 -0.33022588491439819336 -0.06797723472118369359 0.31595197319984430484 -1.09610855579376220703 1.14695608615875244141 0.94825786352157603876 -1.68133616447448730469 -1.47479283809661887439 0.38781657814979547672 0.66253572702407836914 0.70435130596160888672 -1.61614894866943359375 -1.64384734630584716797 0.74804639816284179688 -0.94517672061920154913 -1.28819739818572998047 -1.18903756141662597656 -1.70489263534545898438 -0.82845056056976318359 -0.92095434665679920538 -1.23455464839935302734 1.64171040058136008533 0.70853358507156372070 -0.52544152736663818359 -1.13180887699127197266 -0.49446845054626459293 0.44515976309776300601 1.01829135417938232422 -1.40809857845306396484 1.13298738002777099609 1.05032157897949218750 -0.07211513072252269396 0.37467679381370538882 -0.05750875547528259968 0.40806409716606140137 -1.34406709671020507812 -0.73144888877868652344 -1.22806215286254882812 -1.40423655509948730469 0.15094761550426480379 -0.46891334652900690250 0.68450808525085449219 1.54639267921447753906 -0.60178011655807495117 -0.54647386074066162109 -1.04136765003204367908 0.19847275316715240479 -0.21613416075706479158 0.89771771430969238281
0.91315388679504394531 1.70854747295379638672 1.92368125915527321546 0.42232170701026910953 -0.34935045242309570312 -1.58258533477783203125 -1.34445834159851074219 -0.18242837488651270084 1.29256248474121093750 1.67829155921936035156 0.88342607021331787109 0.19104588031768798828 -0.93900328874588001593 -0.85594803094863891602 -1.23913478851318359375 0.05084510892629619944 -0.68966853618621826172 -1.20240652561187744141 -0.13880427181720730867 -0.22850814461708068848 -0.00424530124291769978 1.20809590816497802734 -0.55476981401443481445 -0.86362940073013305664 -0.61553263664245605469 -0.18760952353477469701 -1.54165065288543701172 -1.50538718700408935547 0.60615372657775878906 -1.06576025485992431641 -0.34709948301315307617 -0.52401304244995117188 -0.58633530139923095703 0.23433595895767209139 -0.65755724906921386719 0.37304577231407159976 0.10729394108057019319 1.63431441783905029297 -1.10030257701873779297 0.65786910057067871094 -1.04448437690734863281 -1.16991341114044189453 -1.34980297088623046875 -0.67888057231903076172 0.98672825098037719727 1.71354925632476806641 -1.27911794185638449939 1.19554698467254638672 -1.26718187332153320312 -1.20173394680023193359 0.14401477575302121248
-0.19034677743911740389 -0.56029403209686279297 -1.00812315940856911389 -1.01648867130279541016 0.27707919478416437320 0.48671174049377441406 -0.31229868531227111816 -0.34531649947166437320 -0.24291455745697018709 -0.93722623586654663086 1.42256319522857688220 -0.79278177022933959961 -1.18681585788726806641 0.01927615515887729988 1.46199882030487060547 -0.08271641284227369828 1.01819705963134765625 -0.02248651348054400007 0.44785824418067932129 -1.19335007667541503906 -0.57952809333801269531 0.98001182079315196649 0.37215802073478698730 -1.26750338077545166016 1.78369474411010742188 1.78759884834289550781 -1.13802742958068847656 -0.86353331804275512695 1.65212070941925048828 0.87825655937194824219 1.28986704349517822266 0.14883473515510559082 -0.36379635334014892578 1.42098379135131835938 -1.58812415599822998047 1.47317278385162353516 1.58278346061706542969 0.30950781702995300293 -1.42253708839416503906 -1.30931282043457031250 0.40390336513519281558 -0.68395990133285522461 1.61297333240509033203 -1.20486664772033691406 -1.43651437759399391858 0.57837438583374023438 -1.27908074855804443359 -0.00141715945210300009 -0.05533795431256290087 -1.57429873943328857422 1.17100214958190917969
-0.31774646043777460269 -0.31094646453857421875 0.25310823321342468262 0.81210124492645263672 -1.33494615554809570312 -1.18541228771209716797 -0.49507907032966608218 -0.79079508781433105469 0.61565470695495605469 1.62875604629516601562 -0.58629846572875976562 0.57249432802200317383 0.16993321478366849031 -0.10194568336009969534 -0.21446561813354489412 1.72024929523468017578 -0.53457355499267578125 -0.04566401615738859693 -0.22789686918258658666 -0.04298437759280199916 1.27061021327972389905 1.47702944278717041016 -1.12550687789916992188 1.61515867710113525391 1.45973575115203857422 0.24915251135826110840 -0.68522197008132934570 -0.81983554363250732422 -0.14528836309909820557 0.48259580135345458984 -0.86080759763717651367 1.48667025566101074219 1.05089509487152099609 0.33220848441123962402 -0.26901039481163019351 -0.70482540130615234375 -1.49613308906555175781 0.28450438380241388492 -1.41420209407806396484 1.43317508697509765625 -0.78125953674316406250 -0.76266509294509887695 0.63257259130477905273 -0.19082905352115631104 0.30841523408889770508 -0.23240354657173151187 -0.86455011367797851562 0.33801129460334777832 -0.86324381828308105469 -1.63389074802398681641 0.83140349388122558594
1.91588902473449707031 1.32398307323455810547 1.43077480792999289783 1.07306063175201416016 0.26475974917411798648 -1.50586295127868630139 -0.31932431459426879883 0.42876890301704401187 -1.06833922863006591797 -1.20882189273834250720 0.98348593711853038446 0.27080509066581720523 -0.99320143461227416992 0.52712517976760864258 0.66818189620971679688 -0.52602720260620117188 -0.49637505412101740054 -0.98457604646682739258 0.21133011579513549805 -0.68087947368621826172 -0.07004865258932109484 0.22713457047939300537 1.18386876583099365234 -0.10169575363397589940 -0.68908917903900146484 1.60848462581634521484 0.73216867446899414062 -0.22139461338520050049 -0.68909144401550292969 -1.47931814193725608142 -1.15541851520538330078 -1.02360844612121582031 -0.38256421685218811035 1.12686824798583984375 -0.69628161191940307617 0.60121047496795654297 -0.55197447538375854492 0.13936871290206909180 0.73563474416732788086 -0.13543689250946039371 0.93059092760086059570 0.69776183366775512695 -0.12993063032627100162 -0.98330807685852039679 0.08135851472616190128 -0.60108983516693115234 1.49741196632385231702 1.19928705692291259766 0.68455177545547485352 0.53500545024871826172 1.27373456954956032483
0.72448009252548217773 -0.06833802908658979935 0.75723958015441894531 0.51212251186370849609 -0.18838047981262198705 0.25501465797424310855 -1.17548263072967529297 0.23302793502807608861 -0.28248196840286249332 1.16090905666351318359 -0.97359675168991077765 0.95661514997482299805 0.45985683798789978027 -0.52156227827072143555 -1.55534756183624289783 0.28414651751518249512 0.28330683708190917969 0.02424020320177069920 0.21280701458454129305 -0.31586161255836481265 0.27408498525619501285 -0.74029940366744995117 0.62457495927810668945 -1.64312350749969482422 1.75232017040252685547 -0.05473105609416960282 -0.02769276872277259827 -1.18834114074707031250 -0.42351275682449340820 0.38402777910232538394 -0.08805201202630989765 0.78374820947647094727 0.55391126871109008789 -0.71218872070312500000 0.66344028711318969727 1.62162864208221435547 0.07908175140619269627 -0.78041112422943115234 -0.68408215045928955078 -1.02019417285919189453 0.21599489450454709139 1.10537838935852050781 1.16652429103851318359 0.70441067218780517578 1.34114134311676047595 -0.99638998508453358038 -0.70767778158187866211 -1.26518464088439941406 -0.42218306660652160645 1.30784213542938232422 -0.12073820084333419800
0.10985404253005980058 -0.69441753625869750977 -0.05852153524756430192 0.57258611917495727539 0.80772089958190917969 0.79014420509338378906 -1.32506155967712402344 -1.60353648662567138672 -0.89722567796707153320 -0.56023514270782470703 0.75736927986145019531 0.71261769533157348633 -1.11888635158538818359 -0.99977898597717285156 -0.39301282167434692383 0.10878071933984749531 -0.55226039886474609375 0.28414231538772577457 -0.63799047470092773438 -1.62178707122802712171 1.42757916450500488281 -0.00301293679513030006 -0.94256693124771118164 1.22580003738403320312 -1.27344703674316406250 -0.01569715328514570060 -1.56982898712158203125 1.06531572341918967517 -1.19694721698761008533 0.90220010280609119757 -1.17445135116577170642 0.36931174993515009097 1.03842020034790039062 1.19220948219299316406 0.83891093730926513672 -1.11782860755920410156 0.85581290721893310547 -0.59968745708465576172 1.26360344886779807361 0.02354716137051579908 0.78716880083084106445 -1.45734465122222900391 -0.89217966794967651367 -1.14283430576324462891 0.20535683631896969881 1.05190932750701904297 0.67059075832366943359 0.52086472511291503906 0.18094563484191888980 -0.00373720750212660005 1.17245697975158691406
-0.83197307586669921875 -0.46414193511009210757 -0.08536877483129499955 0.06194775551557540200 1.26115357875823952405 -0.59857147932052612305 -0.87198722362518310547 -1.12991034984588623047 -1.41832101345062255859 0.04433520883321760003 1.33733677864074707031 -1.55312311649322509766 -1.36195123195648193359 1.28820919990539550781 0.40206092596054071597 1.65178394317626953125 -1.28711545467376708984 1.10043704509735107422 -0.28158372640609741211 -1.23655164241790749280 0.47735843062400817871 0.16696417331695551090 -1.07078838348388671875 0.69232517480850219727 -1.67132270336151123047 0.88898658752441406250 0.83281105756759643555 -1.64930069446563720703 -1.51587545871734619141 -0.40814977884292602539 0.83043211698532104492 1.45004916191101074219 0.39605098962783807925 0.09225073456764219804 1.59810948371887207031 1.18664634227752685547 -1.79616284370422363281 -0.36105194687843322754 0.21428398787975311279 1.55129337310791015625 -0.87605226039886474609 -0.66834479570388793945 -1.02975487709045410156 0.93194723129272460938 -0.43882599472999572754 -1.65695154666900634766 0.37517175078392028809 -0.84519869089126586914 -0.21890600025653839111 -1.54717254638671875000 1.09554994106292724609
-0.80494022369384765625 -0.14305064082145690918 0.19547845423221579808 0.47665888071060180664 0.84768235683441162109 0.57662910223007202148 -0.23695379495620719212 -1.37422132492065429688 1.69000792503356911389 -0.32938763499259948730 -1.62213647365570090564 -1.36717295646667480469 1.36209511756896950452 -0.21198667585849759187 0.21691623330116269197 1.16298234462738037109 0.27351424098014831543 -1.51923274993896484375 0.50901663303375244141 1.49429976940155029297 -1.65371966361999511719 1.14026165008544921875 1.64290165901184082031 1.64173388481140136719 0.96812671422958362921 0.12742646038532248753 -1.27118694782257080078 -0.31874209642410278320 0.61066138744354248047 1.25761783123016357422 -0.17190167307853698730 1.55390679836273193359 1.25097370147705078125 -0.76938819885253906250 1.42464315891265869141 -0.02175553888082500109 1.07087850570678710938 -1.54434955120086669922 0.01604483649134630027 1.08149671554565429688 -1.73866844177246093750 -0.01258987467736000058 0.17549465596675870027 0.68416130542755126953 1.06917214393615722656 -0.17198708653450009431 -0.10191466659307479858 -1.48378801345825195312 1.58732569217681884766 1.48726284503936767578 1.26989984512329101562
0.63177192211151123047 0.74946260452270507812 -0.47175839543342590332 -1.02679705619811989514 -0.15262688696384429932 0.62541711330413818359 0.41312259435653680972 -1.45105504989624023438 0.12956540286540979556 1.11590087413787841797 -1.24743485450744628906 -1.14892196655273437500 -1.31415271759033203125 -0.71764826774597167969 -0.94249373674392700195 0.28615048527717590332 0.33244314789772028140 -1.74310445785522460938 -0.09456793218851089478 0.99023181200027476923 -0.19240888953208920564 -0.41263476014137268066 0.50798541307449340820 0.13329437375068659000 1.33129835128784179688 0.93014395236969005243 0.90518921613693237305 -0.94174325466155994757 1.13242375850677490234 1.24009358882904030530 1.18854463100433349609 1.80824184417724609375 0.36621969938278198242 1.58528256416320800781 -1.09964478015899658203 -1.68754613399505615234 -1.67014038562774658203 0.90104037523269642218 -1.26820135116577170642 -0.93277949094772338867 -0.84048742055892944336 0.55243963003158569336 -1.44428157806396484375 -0.82056218385696411133 1.21851933002471923828 0.41012707352638239078 1.55818378925323486328 0.85422813892364501953 -0.65618920326232910156 1.05483770370483398438 -2.14032626152038574219
-0.86006182432174682617 -0.61059308052062988281 -1.04259049892425537109 -1.01473331451416015625 0.00809155125170940050 -1.69006502628326416016 0.10001136362552640047 -0.21158984303474420718 0.24199497699737548828 -0.40625199675559997559 -0.83648043870925903320 -0.59743905067443847656 0.80797970294952392578 -0.01081395801156750068 0.85604399442672729492 -1.07415235042572021484 -0.64131337404251098633 1.55374193191528320312 0.02186691388487809959 -0.79891800880432128906 0.28411269187927240543 -0.80234110355377197266 0.96876043081283558234 -0.50780081748962402344 -0.25588563084602350406 0.51042014360427856445 1.54328525066375710217 0.05894233286380760189 -1.64360094070434570312 -1.31670522689819335938 0.47860130667686462402 0.02932943031191819969 -0.95551419258117675781 0.67502778768539428711 -1.43770372867584250720 0.54362785816192626953 0.41457206010818481445 0.89073920249938964844 1.55472362041473410876 -0.19283615052700039949 0.55036669969558715820 0.33337250351905822754 0.87455445528030395508 -0.68436753749847412109 0.35984814167022699527 -0.32041609287261957340 1.17467224597930908203 -0.74124133586883544922 0.48073777556419372559 1.54470133781433105469 0.80309009552001953125
-0.53969097137451171875 -0.78927493095397949219 -0.29003027081489557437 1.28788053989410400391 -0.11420985311269760132 1.64072060585021950452 1.22677671909332275391 0.57236629724502563477 -0.48620486259460449219 -1.08858907222747802734 -0.26767969131469721011 -0.52539265155792236328 -1.05650305747985839844 0.30720025300979608707 0.91877049207687377930 -1.49845612049102783203 0.81006503105163574219 1.23783087730407714844 0.93967300653457641602 0.06798022985458369860 1.59200918674468994141 -1.42085695266723632812 0.12107346951961510395 -0.83441936969757080078 1.30305004119873046875 -1.12523579597473144531 -1.40395915508270263672 -0.62724709510803222656 0.98661947250366199835 0.65996223688125610352 -0.29143071174621582031 0.64616411924362182617 -0.89284825325012207031 -1.45630705356597900391 -0.50841587781906127930 -1.07402145862579367908 1.58620023727416992188 -1.69661283493041992188 -0.97892624139785755499 -1.00106239318847656250 -1.75663411617279030530 0.24540609121322629060 -1.05759549140930175781 -1.32808423042297363281 1.66970324516296408923 1.69749498367309570312 1.37980794906616210938 -1.61514484882354736328 -0.82653051614761352539 0.35997718572616571597 1.14497375488281250000
0.75091683864593505859 0.56396347284317016602 0.38238075375556940250 0.54055589437484741211 -0.97724950313568115234 0.43975225090980529785 -0.53788924217224121094 -0.85534244775772094727 0.12318097800016400423 1.05114543437957763672 -0.41162598133087158203 1.76754295825958229749 1.39547562599182128906 -1.12492084503173850329 -1.05232274532318115234 -1.70379173755645751953 0.93206977844238281250 -1.07509601116180419922 1.10191452503204367908 1.39540851116180419922 1.65305721759796142578 -1.21639823913574218750 -0.02539890073239799845 -1.21076881885528564453 1.69995403289794921875 1.01670241355895996094 1.17930805683136008533 0.69472056627273559570 -1.67272007465362571033 -1.38864600658416770251 -1.57379317283630371094 1.74442911148071289062 1.13289475440979003906 -1.43570828437805175781 -1.44150745868682861328 1.63022184371948242188 -0.46053886413574218750 -1.23143768310546875000 0.17032890021800989322 1.31171071529388449939 1.25295186042785644531 0.71213692426681518555 0.11590018868446350098 0.82798469066619873047 -0.19660164415836328677 0.18081681430339810457 0.48573780059814447574 1.72328209877014160156 -0.22572737932205200195 -0.92899501323699962274 -1.58591735363006591797
0.85201919078826904297 0.78639197349548339844 0.47287172079086298160 0.05189403146505350284 -0.44645985960960388184 -0.53781753778457641602 -1.49477803707122802734 0.29729428887367248535 -0.57061845064163208008 -1.60799455642700195312 0.44918009638786310367 -0.88586425781250000000 0.15355074405670160465 0.34712791442871088199 0.65705966949462890625 0.43108338117599487305 -1.34221327304840087891 -0.48067322373390197754 0.57563769817352294922 0.58644855022430419922 -1.17624521255493164062 -0.32880893349647521973 0.79273265600204467773 -1.59043991565704367908 -1.45504951477050781250 0.99371021986007679327 0.35479196906089782715 -0.19838757812976828832 0.09462977945804590396 -1.71625530719757080078 0.75601166486740112305 1.72456324100494384766 -1.16587853431701660156 1.47967934608459472656 -0.36344158649444580078 1.08976149559020996094 0.41984272003173828125 0.50997132062911987305 0.08969282358884810014 -0.90626728534698475226 0.44083684682846069336 1.43080365657806396484 0.84754598140716552734 0.32099372148513788394 -0.31629848480224609375 1.41587615013122558594 0.36661598086357111148 -1.39774453639984130859 -1.35605895519256591797 0.83323240280151367188 -2.01340174674987792969
1.01220512390136718750 0.81470674276351928711 -0.72331333160400390625 -1.54712092876434326172 -1.50233745574951149671 0.96331381797790516242 -0.32477957010269159488 0.92605924606323242188 1.16466808319091796875 -0.96868002414703358038 0.51256060600280761719 -0.20359280705451959781 0.28707271814346307925 0.18838493525981900301 -0.32073065638542169742 -0.47634905576705932617 0.53354370594024658203 -1.26795446872711181641 -1.72675311565399169922 0.96940231323242198602 1.30593967437744140625 0.80212730169296264648 0.27849885821342468262 1.21050035953521728516 -1.69087457656860351562 0.10969343781471249666 1.65196001529693603516 0.95643663406372081415 0.79335880279541015625 1.36387896537780761719 -0.59565824270248413086 -0.79687929153442382812 0.12892672419548029117 -0.78219854831695556641 -0.69857984781265258789 -1.62519562244415283203 0.34903326630592340640 -0.77667069435119628906 -0.25195887684822082520 0.43933582305908197574 -0.42277991771697998047 -0.80317574739456176758 0.68290197849273681641 0.59890013933181762695 1.08974933624267578125 -1.45450603961944580078 1.29302728176116943359 0.45292615890502929688 -0.75391966104507446289 -1.26085007190704367908 -2.23280429840087890625
-0.59567683935165405273 -1.54630827903747558594 -0.49705308675765991211 -1.01990509033203125000 -0.37624102830886840820 -0.51278835535049438477 0.64800602197647094727 0.32905718684196472168 1.51823723316192649158 -0.68771731853485107422 0.51088494062423706055 -1.22639274597167968750 -0.22382354736328119449 0.96553927659988403320 1.08659827709197998047 -0.38267517089843750000 -0.60176813602447509766 -1.70103478431701660156 -0.26904544234275817871 -0.42562451958656311035 -0.58261364698410034180 1.59292888641357421875 0.25207608938217157535 0.19191238284111020174 0.45735582709312438965 -1.61362445354461669922 -0.23388227820396420564 1.36945569515228271484 0.92992836236953735352 0.68640053272247314453 -1.53223943710327170642 0.80022591352462768555 -1.49600064754486083984 0.39693999290466308594 -0.81041783094406127930 -0.10182540863752359561 0.34032335877418518066 -1.31021022796630859375 0.54519069194793701172 -0.86067378520965576172 -1.40363097190856911389 0.50773924589157104492 -0.00724132638424629990 -1.53854835033416770251 -0.53798443078994750977 0.50828230381011962891 1.22567737102508544922 -1.35455095767974831311 1.29530394077301047595 1.68671905994415283203 -0.63047814369201660156
0.66364771127700805664 -0.06325931102037429810 0.03316353633999819667 0.01787632331252090104 0.21357752382755279541 -1.09102165699005126953 -0.06719512492418279470 -0.71356976032257080078 -1.63709425926208496094 1.01809465885162353516 -1.10432028770446777344 -0.78826171159744262695 1.63256418704986550061 -0.59250408411026000977 -0.48573371767997741699 0.99372464418411243781 1.69839334487915039062 -1.12906754016876220703 -1.09725868701934792249 1.53088402748107910156 -1.57926034927368164062 -0.76903796195983886719 -0.80627065896987915039 1.26635324954986550061 -0.38078194856643671207 -0.19860266149044031314 -1.33299005031585693359 1.61279666423797607422 -1.33463215827941894531 0.05578711628913869680 -0.73674559593200683594 0.31480062007904052734 -1.06653165817260742188 1.39433634281158447266 0.73429661989212036133 0.31412568688392639160 -0.71581435203552246094 0.17252241075038909912 1.20227599143981911389 1.46181476116180419922 0.18751898407936090640 1.56571054458618164062 1.61848545074462890625 1.32363104820251464844 0.83929842710494995117 0.37335258722305297852 -1.22741281986236550061 0.41836440563201898746 -1.57484972476959250720 -0.43622493743896478824 -0.10376983880996699938
0.46453842520713800601 0.65370935201644897461 2.00526118278503417969 1.61239600181579589844 1.60312855243682861328 1.53749740123748779297 0.60941112041473388672 -1.37019646167755126953 -0.65574616193771362305 -1.42577326297760009766 1.50096690654754638672 -0.03528855741024009701 -1.04880905151367209704 -1.37725520133972167969 0.75027072429656982422 1.19233894348144509046 1.22855794429779030530 -0.76353371143341064453 0.56641036272048950195 1.67902052402496337891 -1.52665865421295166016 0.99906069040298461914 -0.65539342164993286133 1.50964164733886718750 1.28177511692047119141 -0.04809329658746710340 0.37256589531898498535 1.16598403453826904297 0.42752602696418762207 -0.90381109714508056641 1.43387889862060569079 -0.03210651502013200237 -1.22055304050445556641 1.20474421977996848376 -1.30759835243225097656 0.28012534976005548648 0.22530001401901239566 -0.12382193654775619507 -0.36922243237495422363 -1.67596852779388449939 -1.09498012065887428967 1.52449226379394509046 -0.04541358351707450169 -0.57459074258804321289 0.25778880715370178223 -1.37662267684936523438 -1.02054417133331298828 1.02446103096008300781 -1.01637125015258789062 0.47245913743972778320 -0.60143488645553588867
0.28736189007759088687 0.28329059481620788574 -0.26243671774864191226 -0.35835969448089599609 -1.66067719459533691406 0.40699696540832519531 -0.75058168172836303711 -0.13435691595077509097 0.92215442657470703125 -0.47787028551101679019 -1.03657543659210205078 1.29685497283935569079 1.08321285247802712171 0.62619739770889282227 -0.47372761368751520328 -0.93326520919799804688 1.40380978584289550781 0.46506145596504211426 -0.13628141582012170963 0.87104320526123046875 0.99664121866226196289 -0.75022411346435546875 -0.27359443902969360352 0.32350748777389520816 -1.42096924781799316406 1.65337932109832763672 0.68422901630401611328 -0.70617753267288208008 -0.41681361198425287418 -0.36709281802177429199 1.31066024303436279297 0.69254446029663085938 -0.84322875738143920898 -0.72388839721679687500 0.03235373646020880262 0.29239299893379211426 -0.07987096905708310213 -0.82750809192657470703 -1.04234552383422829358 -1.54623925685882568359 -0.14895334839820859041 0.00049008033238350001 -0.32084542512893671207 -1.62202417850494384766 1.15433919429779030530 1.67149984836578369141 -1.63463056087493896484 -0.06683017313480370258 -0.69484037160873413086 -1.25636255741119384766 -0.86077821254730224609
-1.05066919326782248767 -0.62281137704849243164 -0.47366252541542047672 -0.42981815338134760074 0.15688462555408469457 1.55979561805725097656 -1.31455016136169433594 -1.58101463317871093750 -0.53333830833435058594 -1.35734629631042480469 0.81078147888183593750 -1.41773653030395507812 1.46127605438232421875 -0.38953015208244318179 0.08487823605537410387 1.59723782539367675781 0.40651774406433099918 1.02705955505371093750 -0.62286418676376342773 0.69243752956390380859 -0.27064266800880432129 -0.34392574429512018375 -0.45727059245109558105 0.98407101631164561883 -0.09905674308538429951 -0.79729700088500976562 -1.39832377433776855469 0.97473180294036876337 0.03286516666412350046 1.41700172424316406250 1.56620550155639648438 0.01876966468989840070 0.85445022583007812500 -0.61927825212478637695 -0.39055159687995910645 -1.73346912860870361328 -0.26807171106338500977 -1.37180542945861816406 0.88028478622436523438 -1.22571599483489990234 1.71346318721771240234 1.18926560878753662109 -0.71511691808700561523 0.81086307764053344727 -1.44212174415588378906 1.20546150207519509046 0.73173499107360839844 1.60503756999969482422 0.49960219860076898746 -0.90385007858276356085 0.79922413825988769531
0.50663828849792480469 1.04557728767395019531 1.03310728073120117188 -0.02719352953135959969 -0.89060252904891967773 0.38531571626663208008 0.33285632729530328922 -1.18720471858978271484 0.30511623620986938477 -1.19314694404602050781 1.21251535415649391858 1.09524965286254882812 0.69586312770843505859 -1.42599165439605712891 -0.15286208689212799072 0.05987492576241489756 -0.04409567639231679742 1.20271706581115722656 -0.52207726240158081055 1.09485304355621337891 -0.52250671386718750000 -0.36517786979675287418 1.00976264476776123047 0.37219378352165222168 -0.49387240409851068668 -1.46680855751037597656 -0.60720795392990112305 -0.68417185544967651367 1.46400964260101318359 -0.74065488576889038086 1.30460393428802490234 1.68958830833435058594 -1.68679189682006835938 1.46815085411071777344 -0.54019975662231445312 -0.79032921791076660156 -0.28216007351875299625 0.88737475872039794922 1.26110005378723144531 -1.28982830047607421875 -0.02160332910716529844 -0.37947449088096618652 0.14546823501586911287 1.46026635169982910156 1.58644735813140869141 -1.73004686832427978516 -0.04726023599505420336 -0.43889877200126647949 -1.52230453491210937500 0.01320291683077809940 -2.22198438644409179688
-1.42295753955841064453 -1.06847202777862571033 -0.78002673387527465820 -0.27315944433212280273 -0.58331400156021118164 1.08738279342651367188 0.28722652792930597476 0.86758685111999511719 -0.35217753052711481265 0.60356009006500244141 -1.44377183914184570312 -0.20407569408416739720 -0.41752764582633972168 -0.89418250322341918945 0.83290058374404907227 -1.41471087932586669922 1.31939637660980224609 0.95393419265747081415 -1.22788858413696289062 0.02564105018973349831 0.09037756174802780151 -0.71532475948333740234 1.30905449390411376953 -0.60788935422897338867 0.59582376480102539062 0.30721539258956909180 -0.37800231575965881348 0.90651273727417003290 -1.40929722785949707031 0.53041815757751464844 0.08823864907026289506 -0.58547484874725341797 -1.02507722377777099609 -1.12812328338623046875 -1.67076361179351806641 1.05640077590942382812 1.24718320369720458984 -1.26427185535430908203 -1.31353664398193359375 0.62070518732070922852 1.69685208797454833984 1.20937764644622802734 -1.28838634490966796875 1.00881385803222656250 1.41732001304626464844 -0.81992566585540771484 -0.32989498972892761230 -1.07231485843658447266 -1.30365240573883056641 1.21380007266998291016 -0.01913683488965029975
1.52987277507781982422 1.08320009708404541016 0.54812610149383544922 -0.24046680331230160799 -0.62363588809967041016 -0.06313022226095199585 0.02536784484982489846 -0.44108542799949640445 1.25116467475891113281 -0.62026470899581909180 -0.03225719928741450221 -0.58033108711242675781 1.62424027919769287109 0.44719374179840087891 -1.67868995666503906250 1.31795608997344970703 1.41563141345977783203 0.73942810297012329102 -1.13259184360504150391 0.96473824977874755859 0.20365366339683529939 1.68293809890747070312 0.23165196180343619603 -0.47129777073860168457 0.64311587810516357422 -1.44475984573364257812 1.17595863342285156250 1.35187315940856911389 -0.55498671531677246094 -0.25709608197212219238 -1.29770195484161376953 1.37731790542602539062 0.57359558343887329102 -1.28683793544769287109 0.37893158197402948550 1.12177693843841552734 1.52230978012084960938 -0.09157013893127440018 0.77343243360519409180 0.62423992156982421875 0.26271551847457880191 -1.05416154861450195312 1.50702440738677978516 0.44372797012329101562 -1.27028155326843261719 0.99034667015075683594 -1.22818243503570556641 1.69454920291900634766 -0.34851121902465820312 0.34519699215888971500 -0.87210965156555175781
0.03850861266255369703 -0.23545448482036590576 -0.43269187211990350894 -0.68485081195831298828 0.07051054388284680452 0.34973922371864318848 1.63025069236755371094 1.20743680000305175781 -0.58480578660964965820 -0.79092413187026977539 -0.09660495072603220157 -1.23588025569915749280 1.69690096378326416016 -0.92467141151428222656 -1.63137435913085937500 0.33451071381568908691 -0.33114212751388549805 -0.62489807605743408203 -0.11712606996297829365 -1.35010302066802978516 0.25816413760185241699 0.40403282642364501953 -0.67586410045623779297 1.42559647560119628906 -0.28915083408355707340 0.86054742336273193359 -0.64833140373229980469 -1.35959315299987792969 -1.54415476322174072266 -0.78925246000289916992 -0.58586144447326660156 -0.67422485351562500000 0.97148382663726795538 -0.09785544872283929996 0.45993256568908691406 -1.67629015445709250720 1.50816547870636008533 -0.28923916816711420230 -1.38030433654785156250 -1.64252996444702170642 -0.68358784914016723633 1.59210169315338112561 -1.05538105964660644531 -0.86538869142532348633 -1.46188139915466308594 1.44320499897003151624 -0.96294283866882324219 -0.52896863222122192383 1.47976183891296408923 0.46751055121421808414 0.43429321050643920898
-1.05249524116516113281 -1.64313781261444091797 -1.15152215957641601562 -1.72267901897430419922 -0.91828864812850963251 0.65591806173324584961 0.46401274204254150391 1.47643482685089111328 -0.82467812299728393555 -1.30059754848480224609 0.30720016360282897949 0.17259366810321799535 -1.65317022800445556641 -0.40095838904380798340 0.79694312810897827148 -1.15830373764038085938 0.09625293314456939697 0.69870746135711669922 -1.12419617176055908203 1.63042044639587402344 0.89331597089767456055 -0.76039731502532958984 -0.90543121099472034796 0.76771301031112670898 1.48284435272216796875 0.72471296787261962891 -0.68757396936416625977 -0.06416688114404670018 0.10117685794830319490 -1.04153656959533691406 0.25485467910766601562 0.00086096610175439995 -1.64201557636261008533 0.86909848451614379883 0.12061817944049829654 1.52863204479217529297 1.08667588233947753906 0.97265559434890758173 0.14877021312713620271 -0.04086397215723990006 1.69518220424652099609 -1.35605669021606445312 -0.23744097352027890291 1.30812287330627441406 -1.23971295356750488281 1.62403225898742675781 -1.05241155624389648438 1.66203296184539794922 -0.95035177469253540039 -1.39419889450073242188 -0.79831790924072265625
-0.80453258752822875977 -1.30711853504180908203 -1.39324748516082763672 -0.55942195653915405273 0.19420281052589410953 -0.07606229931116099963 -1.51078915596008300781 0.89223802089691162109 -0.17449541389942169189 1.01988220214843750000 0.18381878733634948730 -0.52285993099212646484 -0.44293287396430969238 1.37435853481292724609 1.68573331832885742188 -1.73730134963989257812 -1.68258500099182128906 0.44216552376747131348 -0.09079981595277779316 -0.91532969474792480469 -0.70208257436752319336 -0.74733078479766845703 -1.29055047035217285156 0.17999823391437530518 0.40734577178955078125 1.44764780998229980469 -0.51776218414306640625 0.70822840929031372070 -1.32593393325805664062 0.88924980163574218750 0.80726116895675659180 -0.36191770434379577637 -1.06827676296234130859 0.89858984947204589844 -0.57399439811706542969 1.20271158218383789062 -1.30152475833892822266 -0.50606286525726318359 0.55658805370330810547 -0.87479662895202636719 -1.65419566631317138672 0.65208977460861206055 -1.46833038330078125000 -0.82235473394393920898 -0.91268718242645263672 0.55534392595291137695 1.26855814456939697266 -1.18627870082855224609 0.09933398663997650146 -1.28574335575103759766 0.52074730396270751953
0.36978814005851740054 -0.30692973732948297672 -0.22266341745853421297 -1.56589567661285400391 1.27175712585449218750 -0.10165862739086149735 0.68545275926589965820 -0.47337368130683898926 -0.26275396347045898438 -1.34181082248687744141 -1.26348090171813964844 0.53425705432891845703 -1.01235270500183105469 1.55476236343383789062 -0.42185494303703308105 1.43772315979003906250 -1.30974137783050537109 -1.65710270404815673828 1.52859950065612792969 0.75941979885101318359 -0.51561021804809570312 -0.79589986801147460938 -0.86299687623977661133 0.26911908388137817383 -0.16005769371986389160 1.47277104854583740234 0.36717402935028070621 -1.13947534561157248767 1.70147621631622314453 0.36281201243400568179 1.44794166088104248047 1.56669056415557861328 -0.85821640491485595703 0.08673670887947079744 -1.55351829528808593750 0.36171224713325500488 0.49779006838798517398 -0.16007304191589349918 0.52741938829421997070 -1.03037214279174804688 1.14634275436401367188 0.92842853069305419922 1.04708838462829589844 -0.35094046592712402344 -0.13230346143245688695 -1.27026212215423583984 -1.60697317123413085938 0.53331434726715087891 -0.36900737881660461426 0.89678800106048583984 0.36208078265190118961
-0.18086113035678860750 0.13113370537757870760 -0.29640981554985040836 -1.21027123928070090564 1.50178360939025878906 0.62077134847640991211 -0.92528593540191639288 -1.20677900314331032483 0.69933068752288818359 1.33239316940307617188 -1.54055285453796408923 -1.45449542999267578125 -0.21870961785316458958 1.62062895298004150391 0.86400485038757324219 -0.26341933012008661441 1.27093362808227539062 -0.14979232847690579500 -1.27232074737548850329 1.13602828979492209704 -0.05268515273928640191 0.14085519313812250308 -1.31351256370544433594 -0.16195574402809140291 0.46307393908500671387 -0.33001080155372619629 -1.05898106098175048828 -0.44342234730720520020 -0.94595056772232055664 0.83635693788528442383 -0.46860474348068237305 1.22509014606475830078 0.29827246069908142090 1.54902088642120361328 0.61767601966857910156 -0.06848079711198799824 1.18417322635650634766 0.62954932451248168945 1.28108310699462890625 -1.70659482479095458984 -1.05690944194793701172 0.61047375202178955078 -1.69146835803985595703 0.98036903142929077148 1.09029066562652610095 -1.06789815425872802734 -1.63950920104980490954 -1.22091424465179443359 -1.45822334289550781250 1.65440583229064941406 0.49598032236099237613
1.34232938289642311780 0.51468718051910400391 0.83147662878036499023 0.19262045621871939916 -1.15113794803619384766 1.64983856678009033203 0.82483994960784912109 1.19413769245147705078 -1.28820824623107910156 -0.45601257681846618652 -1.28066444396972656250 0.29141584038734430484 0.29672423005104059390 -0.82368546724319458008 -0.80642956495285034180 -0.18510879576206198949 1.19772946834564208984 0.28943133354187011719 1.42961180210113525391 1.28336715698242209704 -0.04836244881153099751 0.88749134540557861328 -0.61324405670166015625 -0.63296955823898315430 -0.38944843411445617676 -1.62496614456176757812 0.47445327043533319644 -0.07615678012371060457 0.17360951006412500552 -0.41473796963691711426 -0.96651673316955555304 -0.96111834049224842413 1.45402622222900390625 -1.07423853874206542969 0.89072555303573608398 0.21827794611454010010 -0.69910883903503417969 1.20713758468627929688 0.86445975303649902344 -1.35785591602325439453 0.02828237786889069988 1.18155264854431152344 -0.89928293228149414062 -0.04529612883925430294 1.46080851554870605469 0.95831960439681995734 0.16837929189205169678 -1.06315839290618896484 0.77378481626510620117 -0.25619003176689147949 -2.05254292488098100122
-1.06826972961425781250 -0.44018712639808649234 0.69751214981079101562 1.21254110336303710938 -1.55505084991455078125 -0.80447453260421752930 0.63211864233016967773 1.34057939052581809314 -1.01622104644775390625 -1.48764181137084960938 -1.15992915630340576172 0.24305577576160430908 1.22816598415374755859 -1.45078110694885231702 -1.33773601055145263672 1.61293947696685791016 0.87281519174575805664 0.58625406026840209961 -1.07775950431823730469 0.82866436243057250977 -0.27487128973007202148 1.07162022590637207031 -0.35260042548179620914 0.55549359321594238281 1.48647379875183105469 -0.06188233569264409845 -1.52097141742706298828 0.00773082068189970013 1.19863295555114768298 0.87346833944320678711 0.01569971255958079945 0.18075565993785849828 1.39764571189880371094 -0.60910147428512573242 1.54677414894104003906 1.47887718677520751953 -1.53086221218109130859 -1.00028395652770996094 0.91129761934280395508 1.06484794616699218750 -0.26711291074752807617 -1.13375961780548095703 1.61369872093200683594 -1.64753997325897216797 -1.22878634929656982422 -1.62303042411804199219 -0.12769269943237299136 -1.48699557781219482422 -1.48337888717651367188 1.28629434108734130859 0.69294822216033935547
0.34384807944297790527 -0.21342535316944119539 -0.01160689536482089994 0.71339625120162963867 0.29838520288467407227 -1.57672464847564697266 -0.47215589880943298340 0.50500893592834472656 1.66291534900665283203 1.63364851474761962891 0.33238056302070617676 -1.66792035102844238281 -1.73803818225860595703 1.28866362571716308594 0.82743376493453979492 -0.61047250032424926758 -0.32412827014923090152 1.50737297534942649158 -0.46427753567695617676 1.46410286426544189453 -0.20160575211048120670 1.71748399734497070312 -0.73939895629882812500 1.20820415019988991467 0.06233395636081690006 -0.49504399299621582031 -1.25277590751647949219 -0.34985241293907159976 1.46059763431549072266 1.58954727649688720703 0.71960604190826416016 -0.74982285499572753906 0.55649501085281372070 -0.83501678705215454102 0.52636158466339111328 -0.74751061201095581055 -0.86844319105148315430 0.14007078111171719637 1.05815136432647705078 1.23907804489135742188 1.56469750404357910156 -0.24623179435729980469 1.67791891098022460938 1.10821998119354248047 1.48519659042358398438 1.64824235439300537109 -1.57227551937103271484 -1.13914549350738525391 -0.02814620919525619852 0.04783998429775229710 0.52846491336822509766
0.75811964273452758789 0.39446392655372619629 -0.50061535835266113281 -0.78338396549224853516 -0.44545361399650568179 -1.37373089790344238281 1.19947803020477294922 0.01643464528024190033 -0.03806068748235699739 -0.80448961257934570312 0.83008092641830444336 -0.24333874881267539281 -1.68865358829498291016 0.43482869863510131836 1.61988508701324462891 -0.07906839251518249512 1.40809214115142822266 -0.16198511421680450439 0.89921814203262329102 1.32463765144348144531 -1.49635565280914306641 -0.08099704235792160034 -0.31206429004669189453 1.03606188297271728516 -0.07755544781684869937 -0.43202507495880121402 0.33205223083496088199 -0.02043149061501019909 -0.88638484477996826172 -0.78722900152206420898 -0.21206013858318328857 -0.94787669181823719367 -1.10738444328308105469 -1.27650785446166992188 1.47775948047637939453 0.60102200508117675781 -0.87460905313491821289 -0.56794726848602294922 -1.55960738658905029297 -0.90312665700912475586 0.01339846756309269991 0.10926508158445349950 -1.66339039802551269531 0.78149479627609252930 -0.51252746582031250000 1.01310658454895019531 1.18075942993164062500 -1.56227874755859375000 -0.84139257669448852539 1.04114592075347900391 -1.66457211971282958984
-0.16800945997238159180 -1.09598791599273681641 -1.41807281970977783203 -1.02007496356964111328 -0.60194432735443115234 -0.54106056690216064453 0.33320569992065429688 0.36433005332946777344 0.75619769096374511719 1.38886904716491699219 1.29009914398193359375 0.60894554853439331055 0.30914118885993957520 0.32219821214675897769 -1.27716314792633056641 -1.38119411468505859375 0.86380469799041748047 -0.65265089273452758789 1.19724559783935569079 -0.07814241945743559403 -0.38514649868011469058 -0.64646422863006591797 0.29552170634269708804 -0.59871912002563476562 -0.02865261584520339966 -1.46931958198547363281 -1.06963527202606201172 -0.04429805651307099773 -0.45058795809745788574 -0.62207233905792236328 -0.19545637071132659912 0.14217096567153930664 -1.26154136657714843750 -0.41030344367027282715 -0.63759094476699829102 0.32857882976531982422 -0.57785826921463012695 -1.36939513683319091797 -0.57794457674026489258 0.99945789575576782227 -1.02094984054565429688 1.36398673057556152344 1.52888345718383789062 -1.45249354839324951172 1.25946104526519775391 1.17192065715789794922 0.11838439851999280061 -0.18586684763431549072 0.03542874008417119802 -1.70334243774414062500 0.64556109905242919922
1.24617254734039306641 0.65340417623519897461 1.68645703792572021484 1.16665792465209960938 0.90089249610900878906 0.15692076086997980289 -1.74671304225921630859 0.47870492935180658511 -1.49382114410400390625 -0.45495697855949401855 0.37330958247184747867 -0.78723502159118652344 -1.12371683120727539062 0.39130198955535888672 0.89634776115417480469 1.56004095077514648438 -0.64881819486618041992 -0.47424080967903131656 1.01197314262390136719 -0.39572975039482111148 0.10725169628858559345 -1.46304965019226074219 -0.43743205070495599918 -0.00896970555186269933 -0.33060050010681152344 1.17494988441467285156 0.77193677425384521484 0.32515892386436462402 0.05115324258804319901 -1.70604586601257324219 -0.04396951943635939858 0.27280610799789428711 0.85425257682800292969 -1.71710705757141113281 0.95694988965988159180 -1.12234830856323242188 1.47669255733489990234 -0.62443166971206665039 0.56466192007064819336 -0.49036076664924621582 -0.94210731983184803351 -0.28962236642837518863 0.36485129594802850894 -0.78352618217468261719 -0.70242345333099365234 1.10891902446746848376 -0.93472790718078602179 -0.95742440223693836554 1.10626745223999023438 -0.64322620630264282227 -1.29009318351745605469
-1.06926023960113525391 -0.27765008807182312012 -1.39316022396087646484 -1.47512507438659690173 1.48956966400146484375 -1.22256028652191162109 1.66597735881805419922 -1.67773628234863281250 -1.21031916141510009766 0.76675677299499511719 0.11551123857498160619 -0.57930660247802734375 -0.00926651246845719943 -1.38311994075775168689 1.61813640594482421875 0.22186170518398279361 1.60927498340606689453 -0.90727460384368896484 1.17719948291778564453 0.04085657000541680073 -0.80706822872161865234 0.35341265797615051270 -0.65784293413162231445 -0.10511159896850580386 -1.66273260116577170642 -1.59527158737182617188 1.53065359592437744141 1.66719925403594970703 -0.32277059555053710938 1.05076551437377929688 0.41444778442382812500 1.73736786842346191406 1.17009127140045166016 -0.26412108540534967593 -0.36464855074882507324 -0.97779601812362682001 -0.96208161115646362305 1.31998968124389648438 0.53909051418304443359 0.37794592976570129395 0.54770052433013916016 -0.90217614173889160156 1.47514414787292480469 -0.03441699966788289849 -0.11865714937448500199 -1.31427419185638449939 1.62587928771972656250 0.64239341020584106445 0.69585347175598144531 0.56150591373443603516 1.27045834064483642578
1.65891575813293457031 1.67411088943481445312 -0.34353637695312500000 -1.11609828472137428967 -1.52407312393188476562 -1.13429164886474609375 0.83328062295913696289 1.18190908432006835938 0.10901606082916259766 -0.90019041299819946289 1.52483534812927246094 -0.95515769720077514648 -1.00848984718322753906 0.93802523612976085321 -0.11105919629335400667 0.13146767020225519351 -1.72962093353271484375 -1.59077906608581542969 0.69385039806365966797 -1.59098005294799804688 -1.46801280975341796875 -1.04671931266784690173 1.19400298595428489001 1.11533021926879882812 -0.45530700683593750000 -1.08231449127197287829 1.18053472042083740234 -1.45438134670257568359 -1.02650785446166992188 -0.06966444849967949604 1.30176126956939697266 -1.37414634227752685547 1.01412796974182128906 -1.22887885570526123047 -0.12704664468765258789 0.27797281742095947266 -0.67748838663101196289 0.37926244735717767886 1.53639602661132790296 1.34180426597595192639 0.23751839995384210757 -1.44784104824066162109 1.62772667407989501953 -0.71151775121688842773 1.38421285152435302734 -1.72897410392761230469 -0.50077164173126220703 -0.34645602107048029117 -1.40792143344879150391 1.52843034267425537109 0.27646622061729431152
0.60978639125823974609 0.61022770404815673828 -0.16589595377445220947 -0.26481264829635620117 -1.53896176815032958984 -1.06448864936828591077 -1.05239593982696510999 -1.02492213249206542969 -0.34390035271644592285 1.54686808586120605469 0.59103894233703613281 -1.34485185146331809314 0.23482853174209589175 0.51595461368560791016 1.21026849746704101562 1.22125804424285888672 -1.51080787181854248047 0.51187586784362792969 -1.25445389747619628906 0.15522654354572290591 -0.93685352802276600226 -1.28047049045562744141 -0.01935178041458129883 0.14303919672966000642 -1.01602900028228759766 0.48419129848480219058 1.13010048866271950452 1.40617215633392311780 -0.64709621667861938477 0.20703959465026849918 0.49558734893798828125 1.32216632366180419922 -1.58823847770690917969 -0.04888911917805670304 0.65455919504165649414 -1.18799054622650168689 -1.18358564376831032483 -0.39814275503158569336 1.76409935951232910156 0.79868388175964355469 -1.32669258117675781250 0.03946830332279199771 -0.25755339860916137695 -1.20419359207153320312 -1.34445226192474365234 1.24184429645538330078 1.56613290309906005859 1.26565444469451904297 0.02317680232226839929 0.92529445886611938477 -1.87427580356597900391
-0.76002776622772216797 -1.06620895862579367908 -0.49945381283760070801 -1.71041870117187500000 1.55549848079681396484 1.48653984069824218750 -0.79689812660217285156 0.13116326928138730135 1.20010209083557128906 0.84671640396118164062 0.77183192968368530273 -1.62292373180389404297 -0.56100279092788696289 0.12904025614261618871 0.85965538024902343750 -0.13315123319625848941 -1.07619726657867431641 1.52313399314880371094 -0.51406186819076538086 -0.63303786516189575195 1.41427195072174072266 0.56115829944610595703 1.67784214019775390625 1.18467712402343750000 1.11382865905761718750 -0.16371171176433560457 -0.55076652765274047852 0.17054864764213559236 -0.28170794248580932617 1.52125918865203857422 0.75561296939849853516 0.32971206307411188297 1.17830288410186767578 -0.38652703166007990054 1.06598734855651855469 -0.94836056232452403680 0.29434540867805480957 0.34008613228797912598 0.30014568567276000977 0.75158154964447021484 0.10828675329685209794 0.46539115905761718750 -0.11117865890264509721 -1.30952024459838889392 -1.33789861202239990234 0.01198883540928359984 -1.22117233276367209704 0.37706935405731201172 1.01717209815979003906 -1.25053966045379638672 0.35112914443016052246
-0.85938143730163574219 -0.99925547838211059570 -0.52778804302215576172 0.36357405781745910645 -1.20658409595489501953 -1.70300507545471191406 0.73026722669601440430 -1.26613855361938476562 -1.18503189086914062500 -1.26903498172760009766 0.61419862508773803711 1.35155761241912841797 -1.63037943840026855469 -1.70070874691009521484 -1.73521649837493896484 1.14749538898468017578 1.20734441280364990234 0.98413908481597900391 1.17791593074798583984 -0.33618956804275512695 -0.62978440523147583008 -1.13941431045532248767 -0.78518605232238769531 0.26676559448242187500 0.01259323861449949955 -0.74527555704116821289 1.61801445484161376953 -1.37437951564788818359 0.82390660047531127930 1.23826408386230490954 1.34024429321289062500 -1.57090425491333007812 -1.28432369232177712171 -0.33836516737937927246 1.74968922138214111328 1.59996950626373291016 0.87280178070068359375 -1.21954369544982910156 -0.83106613159179687500 0.71495687961578369141 0.30846416950225830078 1.71214282512664794922 -1.07348442077636718750 0.21900230646133420076 -0.05031166598200789708 -0.99875301122665405273 -1.38507914543151855469 0.52615916728973388672 0.79298168420791625977 1.70682466030120849609 0.53145527839660644531
1.33420562744140625000 1.66096770763397216797 -0.13793608546257019043 -1.33697414398193359375 -0.72850435972213745117 1.22736346721649169922 0.71482312679290771484 -0.53382623195648193359 -1.02722907066345192639 -1.31575274467468261719 1.22979784011840820312 -0.76865720748901367188 1.66375076770782470703 0.45923942327499389648 1.39609265327453591077 -0.31109008193016052246 0.82246911525726318359 -0.06248713657259939713 0.63491749763488769531 -0.45415675640106201172 0.55338692665100097656 0.31828159093856811523 0.36289572715759277344 -1.55581760406494140625 0.99252682924270640985 1.47758674621582031250 0.32879516482353210449 -1.61220014095306396484 1.47355234622955322266 1.26763725280761718750 -1.59988784790039062500 -0.91529464721679676398 1.60503149032592751233 -0.18445657193660730533 1.66894674301147460938 1.30709028244018554688 1.68405175209045410156 -0.46238601207733148746 1.73635685443878151624 -1.72876822948455810547 0.82723712921142578125 1.30223357677459716797 0.38533234596252441406 0.07590470463037489457 -1.35585975646972656250 -0.08995615690946570653 1.04347252845764160156 0.89189130067825317383 0.24583807587623590640 0.25959762930870050601 -0.07204183191061019897
0.01359460968524209973 0.92383956909179676398 -0.00665639806538820007 0.11433447897434230456 1.35339200496673583984 0.08261249959468840165 -0.17595618963241568822 -0.86053985357284545898 -1.28444027900695800781 -1.08023965358734130859 1.31050252914428710938 1.19378852844238281250 -1.19459283351898193359 -0.95885473489761363641 -1.51392769813537597656 0.20630751550197601318 0.89103919267654418945 -1.75920224189758300781 -0.21376192569732660465 -0.77400410175323486328 -0.89561921358108520508 -1.09174942970275878906 0.65310508012771606445 1.07113564014434792249 -1.67832887172698952405 1.57539415359497070312 -1.34891855716705322266 0.15737730264663690738 -1.39556014537811279297 1.55974185466766357422 0.92244225740432739258 0.70322072505950927734 0.99112236499786376953 1.06039309501647949219 1.17831885814666770251 -0.42298763990402221680 -1.26191926002502441406 -1.02025997638702392578 0.84038233757019042969 -0.54522186517715454102 -0.33609241247177118472 -0.64635604619979858398 -0.27062001824378967285 -0.16508510708808898926 0.98733252286910999640 0.78293615579605102539 0.89047437906265258789 -1.38979411125183105469 -1.54026412963867209704 1.26356399059295632092 -0.85786366462707519531
0.26650208234786987305 0.64122962951660156250 0.95130395889282237665 0.39108338952064508609 0.83162844181060791016 -0.57007080316543579102 -1.45626425743103049548 0.22170053422451019287 0.30777969956398010254 0.95096594095230102539 -1.43976175785064697266 -0.06616353243589399857 0.29152408242225641422 -1.11743104457855224609 -0.86387169361114501953 1.26059865951538085938 -1.27754557132720969470 -0.14313225448131561279 1.38673806190490722656 0.45276677608489990234 -0.31729945540428161621 -0.39571171998977661133 -1.19382834434509277344 0.82802623510360717773 0.12843242287635800447 -0.44367295503616327457 1.04855298995971679688 -1.67196381092071510999 -1.05847001075744628906 1.24884855747222900391 0.04002319276332849673 1.43715262413024902344 -0.39610144495964050293 0.29452887177467340640 -0.95400142669677723273 1.66556954383850097656 -1.13877046108245849609 -1.31558573246002197266 0.80018061399459838867 -0.21863122284412381258 -1.76343071460723876953 0.44864895939826959781 0.86663472652435302734 -1.59497809410095192639 -1.41861629486083984375 1.01712572574615478516 0.16217738389968869295 1.56477689743041992188 1.02104675769805908203 0.47260048985481262207 -0.93549925088882435187
-0.80100226402282714844 -0.86844366788864135742 -0.60569334030151367188 -0.25373002886772150211 1.19643199443817138672 1.01493513584136962891 0.34005942940711969547 -0.53499227762222290039 1.06429100036621093750 0.77396452426910400391 1.22007894515991210938 -1.51493585109710693359 0.99887663125991821289 -0.90366429090499877930 0.52834171056747436523 0.58926802873611450195 0.78742790222167968750 1.26486790180206298828 0.13163660466670989990 0.53500330448150634766 -0.79164099693298339844 -0.06353650987148279361 -0.60621333122253417969 1.73460972309112571033 -0.99253559112548839227 -0.28662773966789240054 -1.46533441543579101562 -1.43222343921661376953 -0.12064357101917259907 1.24296414852142311780 -0.46397843956947321109 -1.59136474132537841797 0.27989244461059570312 -0.95423322916030883789 -0.39684501290321350098 -0.94326454401016235352 0.57436943054199218750 0.37174472212791437320 1.12554931640625000000 0.19796329736709589175 1.00016558170318603516 -0.44802096486091608218 -0.40119445323944091797 -1.59619045257568359375 -1.42367291450500488281 -0.20345285534858700838 -0.95357936620712280273 0.96921139955520640985 -0.71657371520996093750 0.38950064778327941895 0.65908145904541015625
-0.04954810068011279711 0.04343643039464949868 0.89614033699035644531 1.40378987789154030530 -0.71241044998168945312 -0.09842881560325619783 -1.38096535205841064453 0.41345936059951782227 -0.95986163616180419922 -0.20427413284778589420 -1.13828384876251220703 -0.56564128398895263672 1.70381963253021240234 1.22487139701843261719 -1.36907625198364257812 -1.20755672454833984375 0.89384728670120239258 0.86459130048751831055 0.89775717258453369141 1.37268650531768798828 -0.96863329410552978516 -0.53420954942703247070 0.66472262144088745117 -0.15276391804218289461 0.07447725534439079975 1.37629652023315429688 -0.41872203350067138672 -0.88989537954330444336 1.06031215190887428967 1.14810609817504882812 1.03151714801788330078 0.82125592231750488281 1.24911439418792724609 -1.41607463359832763672 0.57518893480300903320 0.98411542177200317383 0.50696247816085815430 0.88889455795288085938 -0.90324634313583362921 1.28578615188598632812 0.52989524602890014648 -1.18561291694641113281 1.32727050781250000000 -0.71738982200622558594 1.15806841850280761719 -0.02964892983436579962 1.15793979167938232422 -0.67571783065795898438 0.49751248955726617984 -1.50997924804687500000 0.47465184330940241031
0.26742276549339288882 0.98831617832183837891 -0.99149739742279041632 -1.76179945468902610095 0.85326045751571655273 -0.00007155626371968538 1.32657027244567871094 -0.21351738274097439851 -1.07978224754333496094 -1.17535197734832763672 1.47262883186340309827 0.84563714265823364258 1.07463943958282470703 1.12788379192352294922 0.42044922709465021304 -1.27992534637451149671 1.19682657718658447266 0.24257251620292660799 0.20724610984325408936 -1.10295796394348144531 1.03938114643096923828 -1.19202041625976562500 0.48598730564117431641 1.66225540637969970703 0.08956828713417050447 -1.61671161651611328125 -1.63277101516723632812 0.40795704722404479980 1.61844849586486816406 1.49373841285705566406 -1.31946122646331809314 -1.18367803096771240234 0.78895187377929687500 -0.42264989018440241031 -0.96465963125228881836 1.04278147220611550061 -1.09877943992614768298 -1.58088827133178710938 0.44406577944755548648 -0.00472631352022289970 -0.32194113731384277344 -0.79029279947280883789 -1.22791755199432350842 -0.59362727403640747070 -0.30002266168594360352 0.77788293361663818359 1.77236306667327880859 0.22673553228378290347 -0.70862209796905517578 -0.70155620574951171875 -1.61607682704925537109
-1.00351715087890625000 -0.36205753684043878726 -1.34176039695739768298 -1.12595355510711669922 0.54769319295883178711 0.86801338195800781250 1.65906822681427001953 1.61078166961669921875 0.09305709600448600072 0.24952316284179679173 0.32824251055717468262 1.50065970420837402344 -0.19427207112312311343 0.06820040196180339465 0.86947047710418701172 1.46509134769439697266 -0.82073003053665161133 0.38559049367904657535 -0.75790178775787353516 -1.20164752006530761719 0.91158944368362437860 -0.98251837491989135742 0.98661261796951282843 0.55137264728546142578 0.37082400918006891422 1.62299513816833496094 -1.05436432361602783203 1.12896430492401123047 -1.13665115833282470703 0.30622974038124078922 -0.82821434736251831055 1.03104245662689208984 -0.43902048468589782715 -0.55805861949920654297 -0.06228268891572950189 -1.08305537700653076172 -0.54124593734741210938 -1.29077708721160888672 -0.25171864032745361328 -1.71159267425537109375 -0.73358184099197387695 -1.43618488311767578125 0.14989119768142700195 1.27764678001403808594 0.17019802331924430150 1.12248635292053222656 -1.00999414920806884766 -0.47365811467170709781 -1.27023661136627197266 -0.60995382070541381836 1.03982162475585937500
-0.12941375374794000797 -0.63582694530487060547 0.04897448420524590229 1.03133094310760498047 0.06039495021104809847 0.17423230409622189607 1.28257477283477783203 -1.12350404262542724609 -1.38183104991912841797 1.46204030513763449939 1.66596806049346923828 -0.96975457668304443359 -1.44034934043884277344 1.28444492816925048828 1.44550418853759765625 1.68835818767547607422 0.70682293176651000977 -0.03091990575194350152 -1.17720961570739768298 1.16396117210388183594 1.04380965232849121094 -0.14213390648365020752 -0.20515136420726770572 -0.86876684427261352539 1.41252708435058593750 0.22275276482105249576 1.10815930366516113281 -0.03747526556253429758 -1.35437524318695090564 -0.79391968250274658203 1.18697667121887207031 0.97758609056472778320 -0.66705632209777832031 -0.58739000558853149414 0.22288343310356140137 -0.78183639049530029297 1.05162680149078369141 -0.37059801816940307617 1.40069127082824707031 1.19539129734039306641 -0.91034203767776478156 0.95689505338668823242 -0.63936483860015869141 1.44361829757690429688 -1.08768844604492209704 0.04820648580789559795 -0.50187325477600097656 1.16616332530975341797 1.26891005039215087891 0.60274636745452880859 1.20639193058013916016
0.01442390773445360007 0.30396822094917297363 0.88396167755126953125 1.29150044918060302734 -1.16987204551696777344 0.76243215799331665039 0.06555777788162230058 -0.70087862014770507812 -0.51231819391250610352 0.38276132941246032715 1.26853275299072287829 1.30981874465942382812 -0.93361896276473999023 -0.55738812685012817383 -1.63687634468078591077 1.17860853672027610095 -0.63344389200210571289 -1.23160290718078591077 -1.52425062656402610095 -0.73179244995117187500 0.63504600524902343750 0.29952961206436157227 -1.27549648284912109375 1.07090067863464355469 -0.07133431732654570145 0.51962316036224365234 -0.48088869452476501465 1.18798398971557617188 0.76918077468872070312 0.74411976337432861328 1.35587465763092041016 -1.15436935424804687500 -0.06978818029165259618 1.68816673755645751953 -0.21974842250347129124 -1.69130742549896240234 0.29190310835838317871 0.61018556356430053711 -0.63163179159164428711 -1.43302774429321289062 1.44061374664306640625 0.37256526947021478824 0.98245078325271595343 -0.03858749940991400285 0.69298046827316284180 -1.14523065090179443359 -0.86953139305114746094 -0.43244093656539911441 0.61066186428070068359 0.85735011100769042969 -0.13245792686939239502
-1.18560647964477539062 -1.67565357685089111328 -0.51644414663314819336 1.30334615707397460938 0.30950614809989929199 0.78875833749771118164 0.49027943611145019531 -0.53523713350296020508 0.84010988473892211914 -0.51603794097900390625 -0.67724424600601196289 0.30678069591522211246 -1.71261703968048095703 -1.10907733440399169922 -0.92908692359924316406 0.43243235349655151367 -1.62975764274597167969 -0.95702254772186279297 -0.56182205677032470703 1.40526473522186279297 -1.04294610023498535156 0.88958138227462768555 0.38811245560646051578 1.01252293586730957031 -0.53066843748092651367 -0.95128911733627319336 0.54715853929519653320 0.82623690366744995117 1.51966595649719238281 -0.27115690708160400391 0.00684070121496910006 -1.40608286857604980469 -1.46294724941253662109 0.58943492174148559570 0.44484764337539667300 1.33379101753234863281 -0.35294765233993530273 -0.84736955165863037109 0.55184978246688842773 -1.39673411846160888672 -1.41330254077911376953 -0.42962500452995300293 -0.39570903778076171875 0.89375120401382446289 -1.16754662990570090564 1.62965273857116699219 -1.58704328536987304688 -0.19279809296131131258 -1.56368625164031982422 1.24006235599517822266 0.18056239187717429417
0.56524878740310668945 1.12798893451690673828 -0.20097497105598449707 -1.07147395610809326172 1.33306407928466796875 1.47730505466461181641 -1.29527187347412109375 1.09770834445953369141 -0.09444444626569739598 0.13122408092021939363 -0.80542665719985961914 -1.43603813648223876953 -0.37553527951240539551 1.04846465587615966797 -0.80564540624618530273 -0.36753398180007929019 0.23124371469020840730 0.07509761303663249621 -1.53472173213958740234 -1.63481521606445312500 -1.65857768058776855469 1.17704045772552490234 1.31191551685333229749 -0.04915278404951090030 1.00858414173126220703 1.54310405254363991467 -0.81365144252777099609 0.94658035039901722296 -0.14068168401718139648 -1.45944154262542724609 -0.80011343955993652344 -0.72030889987945556641 0.44313111901283258609 -0.47602787613868707828 0.77256625890731811523 1.10963320732116699219 1.16782736778259277344 -0.59575396776199340820 -0.75578546524047851562 -1.39912974834442138672 0.47669297456741327457 -0.93837469816207874640 -0.09581796824932090062 -1.69348275661468505859 -0.03984301164746280322 -1.50033724308013916016 0.00815365929156539916 -0.56829810142517089844 0.93091577291488636359 1.52945375442504882812 -2.05684590339660644531
-0.44718733429908752441 -1.07252109050750710217 -0.20255213975906369295 0.76811605691909790039 0.24971793591976160220 -1.10590124130249023438 0.82296824455261230469 -1.23246693611145019531 1.14625990390777610095 1.55741071701049804688 -0.24081495404243469238 -1.08196020126342751233 0.38506564497947687320 -1.66606020927429199219 1.33345675468444824219 -0.01989934407174579964 1.59792745113372802734 -1.33038461208343505859 0.56276059150695800781 -0.40448713302612299136 -0.96683430671691894531 1.64482688903808593750 -0.21408788859844199437 0.03412805125117299859 1.17414271831512428967 -0.28336566686630249023 -0.51569449901580810547 -1.39491808414459250720 -0.57399076223373413086 -0.06682513654232019595 0.11390843987464900622 -0.55741769075393676758 0.29117506742477411441 1.49622821807861328125 0.80296915769577026367 1.24864804744720458984 -1.39326202869415283203 1.67199790477752685547 -1.34470272064208984375 0.56437206268310546875 -1.29488539695739768298 1.34584915637969970703 -0.98408561944961558954 0.90994822978973399774 -0.57823282480239868164 -0.79563510417938232422 0.08701438456773749608 1.45208263397216796875 -0.19427074491977688875 -1.55295205116271950452 0.80464577674865722656
0.88052463531494140625 1.22270178794860839844 -1.37417471408843994141 -1.70542275905609130859 0.80857753753662109375 0.48388862609863281250 0.03338468447327609667 -0.78264528512954711914 -1.16554987430572509766 -1.00246965885162353516 -0.41867670416831970215 0.93857854604721080438 -1.15108489990234375000 1.67545175552368164062 0.20725762844085690584 1.38247418403625488281 -0.82529979944229125977 1.39702141284942649158 0.17722186446189880371 1.38437509536743164062 1.54542684555053710938 -1.34580790996551513672 -1.01073098182678222656 0.20790618658065790347 0.32159882783889770508 0.51284092664718627930 0.09827518463134760074 0.76619392633438110352 -1.40185737609863281250 0.75775152444839477539 0.81245058774948120117 -0.28698930144309997559 1.17975497245788552014 -0.55998563766479492188 -1.47632884979248046875 0.06023050472140310113 0.48436167836189270020 -1.18775987625122070312 0.16764807701110839844 -1.63519608974456809314 -1.77227413654327392578 -0.88134205341339111328 0.13678130507469168919 0.18203100562095639314 -1.46793484687805175781 -1.49183845520019509046 -1.37770581245422363281 0.11591441929340359773 0.93083941936492919922 1.06725704669952392578 -1.05100250244140625000
-0.69956183433532714844 -1.39247798919677712171 -0.75679254531860351562 -0.71320128440856933594 0.20361067354679099339 -0.90416336059570323602 1.33218014240264892578 1.29598283767700195312 0.77708047628402709961 -0.78831553459167480469 -0.71608203649520874023 0.89760911464691162109 1.53251147270202636719 0.46114599704742431641 -0.72231304645538330078 1.73172235488891601562 0.73730188608169555664 0.07246597111225119847 1.14993011951446510999 -1.56730544567108154297 -0.66808247566223144531 0.95671826601028442383 -0.71280688047409057617 -0.46582335233688348941 0.88944429159164428711 -0.69041281938552856445 -0.26626327633857721500 0.02058693021535869944 -0.24177628755569449681 1.41497874259948730469 1.17146754264831542969 -0.03903651982545849886 -1.25861299037933349609 -1.14596974849700927734 0.62441480159759521484 -0.66814517974853515625 -1.64128232002258300781 0.65679293870925903320 1.73866057395935058594 1.12538003921508789062 -0.71739351749420166016 -0.01514159981161350074 1.54346692562103271484 1.56636548042297363281 -1.51069724559783935547 -0.93809103965759277344 1.40539836883544921875 1.42274284362792968750 -1.60468363761901855469 0.85420364141464233398 0.14121754467487329654
0.27464845776557922363 0.09511654824018470067 -0.45810881257057189941 -0.71075171232223510742 -1.11315202713012695312 0.95806854963302601202 -1.75400078296661376953 1.56286656856536887439 -0.19618684053421020508 -1.34681963920593261719 -1.48045790195465087891 -0.86902886629104614258 0.36645147204399108887 -0.58811509609222412109 1.07845270633697509766 0.01654539071023460040 0.10460130125284189395 -1.28000855445861816406 0.33716046810150140933 0.11466172337532040681 1.43226671218872070312 -0.48203352093696588687 -1.15820384025573730469 0.59144341945648193359 1.40250658988952636719 0.33607155084609979800 1.55023908615112304688 0.79843580722808837891 0.93178349733352661133 1.48019194602966308594 0.04901178926229469990 -0.23574237525463098697 0.86760705709457397461 -0.36895257234573358707 1.42344784736633300781 -0.38148373365402221680 -0.94077199697494517938 0.22679209709167480469 0.13972461223602289371 -1.17976105213165283203 -1.15671706199645996094 1.47823143005371093750 -0.27914088964462280273 -0.37123170495033258609 -0.02712276764214029828 -0.24960450828075408936 -0.73508518934249877930 1.08090591430664062500 -1.02650260925292968750 -0.00664770742878310027 -0.61941814422607421875
0.89565503597259521484 0.50882148742675781250 0.85370606184005737305 0.40341085195541381836 -1.41736590862274169922 1.40079975128173850329 1.40140700340270996094 0.07381765544414520264 1.42537283897399902344 -1.44961726665496848376 -1.56100738048553489001 0.99269026517868041992 -0.89961349964141845703 1.41565728187561035156 1.28929162025451660156 1.73291862010955810547 -1.46021473407745361328 0.11576697975397109985 -1.33626425266265869141 0.88719207048416137695 1.36482155323028564453 1.25145685672760009766 1.47553575038909912109 0.42872792482376098633 -0.56223845481872558594 -0.22330939769744870271 -0.39772322773933410645 -1.60104727745056152344 0.48764348030090332031 -0.98498070240020763055 -0.32197496294975280762 1.77087187767028808594 1.33560812473297119141 0.17557761073112479466 -0.97467625141143798828 0.76800161600112915039 0.22956708073616019505 0.05843793600797649729 -0.59112328290939331055 0.09871979057788840550 -1.71987795829772949219 1.07665550708770751953 0.08378028869628899311 1.35282599925994873047 -1.68327546119689941406 -0.74266201257705688477 0.73681002855300903320 0.99357986450195323602 0.15983793139457699861 -0.69471389055252075195 -1.91291630268096879419
-1.56801688671112060547 -1.60929715633392311780 -0.95494115352630615234 -0.16269977390766141023 -0.90519362688064575195 1.59398210048675537109 -1.43565285205841064453 0.73420387506484985352 -0.38679531216621398926 -0.07458336651325220279 -0.44466570019721979312 -0.31214967370033258609 -0.02953696623444549904 -0.19026419520378110017 0.81766158342361450195 0.13502208888530731201 1.13194334506988525391 1.64888978004455566406 -0.40086027979850769043 -1.59700977802276589124 -0.49543574452400207520 -1.00618362426757790296 -0.54544389247894287109 -1.15788006782531738281 1.27057945728302001953 -0.67997652292251586914 -0.42082899808883661441 0.72869634628295898438 -1.63357436656951904297 0.70161384344100952148 1.11758923530578591077 -0.83890402317047119141 1.60998117923736550061 0.41970342397689819336 0.55845743417739868164 -1.40723657608032248767 -0.91181010007858276367 -0.64881783723831176758 0.35746833682060241699 1.39033997058868408203 0.87877184152603149414 1.21429836750030517578 -0.99600416421890258789 -1.47825169563293457031 0.27774327993392938785 0.48050907254219049625 0.79105770587921142578 0.48532506823539728336 1.42198479175567649158 -0.19697162508964530248 -0.03807084634900090303
-0.93225139379501342773 -1.26065826416015625000 -0.44285953044891357422 1.41267180442810058594 0.18715915083885190096 -1.24465584754943847656 0.54974871873855590820 -1.52553391456604003906 0.45318585634231567383 -0.53237223625183105469 0.61845928430557250977 -1.12529885768890380859 1.21703505516052246094 0.01794922724366180070 -0.53843730688095092773 1.18494594097137428967 -0.96860712766647338867 -0.88620775938034057617 -1.68236315250396728516 1.19800579547882080078 -1.01066207885742209704 -0.12090062350034709582 -1.26341652870178222656 0.59111058712005615234 -1.61946129798889160156 -0.69296222925186157227 -0.38026377558708190918 -0.08914218842983240298 -0.78838759660720825195 -0.03997346758842459935 -1.46952509880065917969 1.76211416721343994141 1.05960464477539062500 -0.03339756652712819879 -0.84772998094558715820 -1.40234375000000000000 1.08262205123901367188 -1.18658435344696044922 -1.43062257766723632812 -1.54462563991546630859 1.42689073085784912109 -0.64599084854125976562 0.98600268363952636719 -0.09383919090032570576 -1.32978105545043967517 -1.04824495315551757812 -0.93527013063430797235 1.47451877593994140625 -1.49059665203094482422 -0.60870367288589477539 0.73266559839248657227
-0.40781795978546142578 -0.18353499472141260318 -0.31670150160789489746 -0.48330894112586969547 -1.48955976963043190686 1.33128583431243896484 0.95841556787490844727 -0.02025419287383550121 -0.72048962116241455078 0.16834497451782221011 1.05318486690521240234 0.33533260226249689273 1.52439725399017311780 -1.10527157783508300781 1.02933335304260231702 1.47358274459838889392 -0.19059139490127560701 1.65296304225921630859 -1.17634797096252441406 -1.72033131122589111328 -0.46486449241638178043 -1.23713755607604980469 1.19765043258666992188 0.80013304948806762695 0.87060141563415527344 -0.88974976539611816406 -1.21996569633483886719 -0.07151624560356140137 -0.27207618951797479800 0.51296633481979370117 -0.06866782903671260485 -0.49683678150177001953 -1.61008715629577636719 1.34277224540710449219 0.79793947935104370117 -0.02266973257064809968 -1.03677845001220703125 0.05547929555177680272 1.48299968242645263672 1.10543715953826904297 -0.73389035463333129883 1.60968005657196044922 0.11173205822706219759 1.67850911617279030530 -0.82893717288970947266 0.29533398151397699527 0.72955477237701416016 -1.59208238124847389905 -1.49012553691863991467 0.13195563852787009496 0.45914080739021301270
-1.04254829883575439453 -1.66616046428680419922 -1.09015810489654541016 1.17138767242431640625 0.45089522004127502441 0.82643324136734008789 1.52543830871582031250 0.91211074590682983398 -1.58997416496276855469 0.37199506163597101382 -0.37084046006202697754 -0.74937814474105834961 -0.16890752315521240234 0.97974747419357299805 -1.04357755184173583984 1.43587088584899902344 -0.93785476684570323602 -0.32543542981147760562 -0.52120858430862426758 -1.22744274139404296875 -1.61507725715637207031 -0.28207451105117797852 -1.07161223888397216797 -1.27888846397399902344 -1.26691615581512428967 0.42596006393432611636 0.23105435073375699129 1.58245861530303955078 -1.70896708965301513672 -0.92170697450637817383 0.34699517488479608707 0.99453848600387562140 1.21181392669677712171 -0.61133700609207153320 1.18745660781860351562 -1.31887638568878151624 1.11039960384368896484 1.45018053054809570312 1.29708695411682128906 -1.51777899265289306641 0.15959349274635309390 -0.94457465410232543945 0.51131397485733032227 -0.04801755398511879658 -1.25450122356414794922 0.65654057264328002930 -0.97415649890899658203 0.98100966215133678094 1.37786173820495605469 -0.90406578779220581055 0.65225416421890258789
-0.83159965276718139648 -1.32438075542449951172 -0.76734435558319091797 0.95460414886474598273 -1.32048916816711447986 1.17605412006378151624 0.80055451393127441406 1.18145084381103515625 0.52884697914123535156 1.20804452896118164062 -0.14788596332073208894 0.15672850608825680818 -0.24425375461578369141 -0.60886192321777343750 -1.45521664619445800781 1.08792495727539062500 -0.91694754362106323242 0.38784775137901300601 -0.63199412822723388672 0.80323863029479980469 0.96071344614028919562 -0.09954381734132759785 0.67705017328262329102 0.26965832710266107730 0.18554864823818201236 -0.20259928703308099918 1.64442145824432350842 1.58484208583831809314 -0.15779958665370941162 -1.53596019744873046875 -1.64740204811096191406 0.77109169960021972656 0.39914846420288080386 -0.93852561712265003546 1.66078543663024902344 -0.86717659235000610352 -1.42013084888458229749 0.82908082008361816406 0.98280012607574462891 1.03162121772766113281 -0.95142161846160877570 0.11070726066827769885 -0.53882914781570434570 -0.36650109291076660156 1.38869321346282958984 -1.69989418983459472656 -1.59142327308654807361 -1.09051716327667236328 1.50974249839782714844 -0.82730329036712646484 0.30552589893341058902
-0.79118001461029052734 -0.80294257402420043945 -0.50360000133514404297 1.32489347457885742188 0.91589629650115955695 -1.56314301490783691406 0.31132706999778747559 -1.20250415802001953125 -0.16062220931053158846 -1.66150867938995361328 0.87006479501724243164 -0.83987867832183837891 0.03785526752471919665 -1.46176934242248535156 0.92378395795822143555 -1.33330094814300537109 0.32773318886756891422 0.91873037815094005243 -0.03177585452795019666 -0.41653504967689508609 -0.37943905591964721680 -1.06369841098785400391 1.24205136299133300781 1.28185129165649391858 1.21446025371551513672 1.75226294994354248047 -1.20008993148803710938 -1.60110545158386230469 -0.77838432788848876953 -1.09708225727081298828 0.03702635318040840146 -1.05454707145690917969 -0.35995408892631530762 0.97191768884658802374 0.12666474282741541080 1.27575302124023437500 -1.20588338375091552734 1.43145120143890380859 0.25299677252769470215 -0.55196762084960937500 1.11457192897796630859 -1.47795283794403076172 0.71972703933715820312 -0.97565156221389759406 0.62309408187866210938 -1.16366422176361083984 0.96440166234970081671 -1.61500453948974609375 1.47044610977172829358 1.34227263927459716797 1.42985403537750244141
1.75153195858001708984 1.39171874523162841797 -0.37535116076469421387 -1.40132355690002441406 -0.04867139831185340187 -0.92607772350311279297 1.26418745517730712891 0.95809274911880482062 -1.33604240417480490954 0.55352377891540527344 -1.40031957626342751233 -1.52322888374328591077 -1.60643029212951660156 0.69614785909652709961 -0.62890332937240600586 -0.60732084512710571289 -1.39635956287384033203 -0.71728587150573730469 -0.83532065153121948242 0.82144337892532348633 1.29525268077850341797 0.47733402252197260074 -0.69646328687667846680 -1.38666224479675292969 -0.97986531257629394531 0.23115807771682739258 -1.45257365703582763672 -0.35691118240356439761 0.70174008607864379883 -0.20367075502872458714 0.18926824629306790437 0.60035532712936401367 -1.28469228744506835938 0.42927819490432739258 -1.67907059192657470703 -1.60201990604400634766 -0.68542379140853881836 1.11728537082672119141 0.65347081422805786133 0.87379497289657592773 0.03875155746936789769 0.02883250266313550081 1.10552775859832763672 0.88587290048599243164 -1.24458777904510498047 0.69164943695068359375 1.34346950054168701172 0.75326538085937500000 0.76217299699783325195 0.33666867017745971680 0.49098691344261169434
-0.17687571048736569490 -0.20880819857120511140 -0.88897174596786499023 -1.42093443870544433594 0.02033033780753610090 0.43854525685310358218 -1.43784403800964355469 -0.14956919848918909244 -1.48397457599639892578 -0.07058399170637129350 -0.78897631168365478516 0.94504517316818237305 -0.71085673570632934570 1.27146148681640625000 -0.40369185805320739746 -0.62401956319808959961 -0.98404622077941894531 1.29104340076446510999 1.35015404224395751953 0.92345726490020763055 -1.15770387649536110608 -0.10759907215833659777 0.95367091894149780273 1.35652005672454833984 0.35545852780342102051 1.22332489490509033203 0.65924125909805297852 -0.81618618965148925781 0.35156416893005371094 -0.67446267604827880859 -0.66059660911560058594 0.72376519441604614258 -1.10115396976470969470 -0.10355082154273979878 -0.00554406270384780013 -1.69016611576080322266 -0.06641743332147589940 1.19520163536071777344 0.57144522666931152344 -0.29883709549903869629 -0.02461241185665129921 0.26984116435050958804 -1.40330767631530761719 -0.01031865738332270015 -1.46150302886962890625 -1.06531274318695090564 0.16746112704277030248 0.88110166788101196289 -1.39449274539947509766 -1.13640153408050537109 0.80096310377120971680
0.79295724630355834961 0.21182979643344879150 0.40658310055732721500 0.21072362363338470459 0.54494792222976684570 -1.05189073085784912109 -1.63513767719268798828 -1.66278958320617675781 -0.50093185901641845703 0.73201274871826171875 1.04784572124481201172 -0.35449934005737299136 0.20013247430324548892 -0.54382336139678955078 1.29671585559844970703 1.03471398353576660156 -1.59937798976898193359 0.87367361783981323242 0.46855273842811578922 -0.44633585214614868164 -1.07301604747772216797 1.66783678531646728516 -1.51833665370941162109 0.39076584577560419254 1.42763113975524902344 -0.71842986345291137695 0.31913006305694580078 0.59339767694473266602 0.21648581326007840242 -1.02495956420898437500 1.42362177371978759766 1.60732161998748779297 -0.47164103388786310367 0.81442260742187500000 -1.33925545215606689453 1.17412495613098144531 -1.15346169471740722656 -0.68800038099288940430 1.48077023029327392578 -0.73582404851913452148 1.49999094009399391858 0.35526072978973388672 -0.70157933235168457031 0.01864399388432499971 0.12319204956293100528 1.53788387775421142578 -1.56862413883209250720 1.29560971260070800781 -1.51364910602569580078 -0.72648423910140991211 -1.14849972724914550781
-0.84909760951995849609 -0.38687837123870849609 -0.80325382947921752930 -0.09205073118209830541 -1.14216005802154541016 -0.47193083167076110840 0.82769864797592163086 1.41626405715942382812 -1.72142243385314941406 0.01594081148505209836 1.48926055431365966797 -0.31008619070053100586 -1.48984515666961669922 -1.32468283176422119141 -0.96201485395431518555 0.53180634975433349609 -1.06394708156585693359 0.52993810176849365234 -0.83382087945938110352 -0.30552774667739868164 -0.25842306017875671387 -0.62740749120712280273 -1.37791538238525390625 0.32218503952026361636 -0.19422124326229089908 -1.02303755283355712891 -1.70747804641723632812 0.93149322271347034796 0.35116508603096008301 0.90593558549880981445 -0.32044139504432678223 -1.71162593364715576172 1.40062201023101806641 -1.62184035778045632092 -1.67007696628570556641 -1.11924445629119873047 0.36636686325073242188 -0.86638408899307250977 -1.39125168323516845703 1.61408531665802001953 0.58266192674636840820 0.81585377454757690430 -0.78910976648330688477 1.24442017078399658203 -1.63740563392639160156 1.23523867130279541016 -0.74341881275177001953 0.58987480401992797852 -0.90940409898757923468 -0.03011470660567280161 1.06572806835174560547
-0.89157032966613769531 -0.64951771497726440430 -1.16759490966796875000 0.22101847827434539795 -0.98223644495010375977 -1.60673689842224121094 -0.09889660775661460179 0.41503545641899108887 1.23311591148376464844 0.45904442667961120605 -0.70090544223785400391 0.44359430670738220215 -0.76321631669998168945 1.32301509380340576172 -0.28701412677764892578 1.15123724937438964844 -0.29119113087654108218 1.61450147628784179688 -0.65377008914947509766 1.25669658184051513672 1.49834561347961447986 -0.83249592781066894531 -1.60785520076751708984 -1.08838129043579101562 -1.44164085388183593750 1.72968494892120361328 -0.48114407062530517578 0.95475047826766956671 -0.29322060942649841309 -1.74672091007232688220 -0.32642614841461181641 -0.60170531272888183594 0.64485847949981689453 0.59105253219604492188 0.03031894192099569840 -0.72443467378616333008 -0.01628360152244559891 1.59414350986480712891 -0.58876055479049682617 1.09132301807403564453 0.35011678934097290039 1.31872022151947021484 -0.09139533340930930394 1.27960693836212158203 1.32330524921417236328 1.38177740573883056641 0.84208077192306518555 -0.77628928422927856445 -0.79356712102890014648 0.73491644859313964844 0.87545937299728393555
0.02613195590674869881 -0.33408790826797479800 -0.38260710239410400391 0.20846693217754361238 0.01429753564298149975 -0.02631631493568420063 -1.58881855010986328125 -0.56581330299377441406 -1.27874970436096191406 -0.07206973433494559544 -0.64392203092575073242 1.58971750736236550061 0.59084403514862060547 0.75737702846527099609 1.51457631587982177734 -0.50376868247985839844 0.96738493442535400391 -1.75644266605377197266 1.48854398727416992188 0.11036398261785500263 0.71227633953094482422 -1.68980526924133300781 -0.01592225395143029992 -1.28798484802246093750 0.73827350139617919922 -1.20410513877868630139 -0.43105787038803100586 -1.30852711200714111328 -1.32937073707580566406 -0.31029456853866571597 -1.02923846244811989514 1.25360667705535888672 -0.38471749424934381656 1.56141555309295632092 1.43776607513427712171 -0.28988304734230041504 -0.29649683833122247867 -1.63212132453918457031 0.86137866973876953125 -1.53476095199584960938 -1.43184149265289306641 1.41597044467926047595 0.65765988826751708984 -0.20178401470184320621 0.06873449683189389314 0.68775522708892822266 -0.09110508859157559480 -1.66136538982391357422 -0.61810183525085449219 1.29433715343475341797 1.14983391761779807361
-0.79647094011306762695 -0.32506436109542841129 -0.12791931629180899876 0.11418890953063960680 -0.41433307528495788574 -1.07519996166229248047 0.12100242078304289384 -0.37096154689788818359 -0.17679716646671289615 -0.43562316894531250000 -1.25349032878875710217 0.91003036499023437500 0.20978303253650659732 -0.19845901429653159398 -1.30286562442779541016 -0.70187914371490478516 0.54312705993652343750 -0.41408792138099670410 0.91587889194488525391 -1.69737243652343750000 1.45542395114898681641 1.43039572238922119141 0.41090512275695800781 -0.80169868469238281250 1.31169390678405761719 -1.10445725917816162109 -0.76213169097900390625 -1.55631864070892311780 -0.82639163732528686523 -1.66908502578735351562 1.00217163562774658203 0.00210475805215530002 -0.84364712238311767578 0.62324786186218261719 0.87556815147399902344 -0.37544858455657958984 -1.48933959007263183594 0.83302354812622070312 0.67685526609420776367 0.65420889854431152344 1.30181944370269775391 0.58727753162384033203 -0.00327230407856400011 1.56836426258087158203 1.67390525341033935547 -0.51862084865570068359 1.38696420192718505859 -1.61639857292175292969 -1.06225478649139404297 -1.34234094619750976562 0.53900742530822753906
-1.37914514541625976562 -1.66396296024322509766 -0.62209093570709228516 -0.63588941097259521484 0.16493757069110870361 0.38106980919837951660 -1.20062136650085449219 -1.24723172187805175781 -1.04920291900634765625 -0.33476036787033081055 0.40546900033950800113 -1.64124155044555664062 -0.34734606742858881168 1.18995094299316406250 0.81051605939865112305 0.74351948499679565430 -1.47252321243286110608 1.19503617286682128906 1.28014755249023437500 -0.19198165833950039949 1.21283483505249023438 -0.12574703991413110904 -0.52871114015579223633 -0.84492260217666625977 1.63810884952545166016 -0.08488912880420680651 -0.37516835331916809082 -1.15276110172271728516 1.22261035442352294922 1.39199924468994140625 0.61841881275177001953 -0.60181564092636108398 -1.57723903656005859375 -0.04755156859755509807 -0.79600197076797485352 0.12027248740196219701 -0.04290286079049109719 -1.45032429695129394531 -0.24768598377704620361 -1.12688636779785156250 -1.16534161567688010486 0.60275709629058837891 0.77967214584350585938 1.51947093009948730469 0.51755440235137939453 1.19470989704132080078 0.73647552728652954102 1.11072719097137428967 0.56562781333923339844 1.59235489368438720703 -0.31633281707763671875
-1.55793046951293967517 -1.05546200275421142578 -0.57770580053329467773 1.48723435401916503906 0.64244085550308227539 1.42465174198150634766 0.82333606481552124023 -0.85701435804367065430 -1.15281558036804199219 -0.47174218297004699707 0.60181629657745361328 -1.08329784870147705078 1.27895426750183105469 -1.39725792407989501953 1.53378355503082275391 0.65653449296951293945 -1.40705597400665283203 -0.20598924160003659334 0.80067968368530273438 0.84968864917755126953 -0.83900046348571777344 1.34441280364990234375 1.06093895435333229749 -1.33908891677856445312 -1.48921215534210205078 -0.00847438350319859937 0.28791391849517822266 -1.48948729038238525391 -0.97518241405487060547 1.33631300926208496094 -0.45726493000984191895 -1.10511660575866699219 -0.81135088205337524414 1.47191655635833740234 -0.01982085034251209951 1.25322139263153076172 1.49906885623931884766 0.52873551845550537109 1.41715860366821289062 1.67932009696960449219 1.00155568122863769531 -0.45390895009040832520 -1.55153560638427712171 0.64128190279006958008 -0.78257173299789428711 -1.53970694541931152344 0.98774468898773204462 1.00293695926666259766 -1.60422337055206298828 0.54239600896835327148 0.69928586483001708984
-0.94747287034988403320 0.08573783934116359362 -1.51609432697296142578 -1.71737313270568847656 -0.41195610165596008301 -0.31637340784072870425 -0.19759762287139889803 0.35727605223655700684 1.31203293800354003906 -0.00591681385412809978 0.54118978977203369141 0.36676436662673950195 -0.09202777594327919697 0.90376710891723643915 -0.37305322289466857910 -1.64234972000122070312 1.58134889602661110608 0.93718332052230834961 1.48172080516815207751 -1.43487584590911887439 1.65101444721221923828 -0.65910196304321289062 -1.67405581474304199219 1.30231976509094238281 0.67983669042587280273 -1.00258123874664306641 -1.50088560581207275391 1.49813711643218994141 -0.23043082654476160220 1.39233744144439697266 -0.08694247156381600117 0.34068158268928527832 -0.97709625959396362305 0.77165842056274414062 -1.17307245731353759766 0.41839477419853210449 -1.08565986156463623047 -1.68221795558929443359 0.42986470460891718082 -0.95882207155227661133 1.67991077899932861328 0.33510211110115051270 0.06819297373294830322 0.68710869550704956055 -0.73616123199462890625 -1.67431724071502685547 -0.25576862692832941226 0.45113530755043029785 -0.93942540884017944336 -0.05625596269965169732 0.91823637485504161493
0.54111629724502563477 1.05972874164581298828 0.98984581232070922852 -0.17234480381011960115 1.67484211921691894531 0.50720894336700439453 -0.84454721212387084961 0.62464934587478637695 -1.11405694484710693359 -1.28972434997558593750 0.62390583753585815430 -0.21030992269515991211 1.28167355060577392578 1.25149524211883544922 0.89148253202438354492 1.31957340240478515625 0.63283449411392211914 -0.05848936364054679871 1.35531377792358398438 -0.34002643823623657227 1.15055525302886962891 -0.63544952869415283203 -1.67616558074951149671 1.69883465766906738281 -0.05558924749493589917 -0.33594802021980280093 -1.39784276485443115234 1.64531815052032470703 0.24925872683525079898 -0.88741850852966308594 -0.61687821149826049805 1.37647640705108642578 -0.43920353055000299625 1.74749004840850830078 1.66884934902191162109 0.43659111857414240054 -1.65003550052642822266 -1.44422912597656250000 -0.71798229217529296875 1.23653542995452880859 1.44386112689971923828 -1.57867884635925292969 -0.18646961450576779451 -1.20071029663085937500 -0.55656248331069946289 -0.27463284134864801578 1.71111774444580078125 0.33637124300003051758 1.22838294506072998047 -0.11730124056339259753 -2.03456521034240722656
0.19933238625526419896 0.75216740369796752930 1.76989257335662841797 0.75116628408432006836 1.23347187042236328125 0.48847115039825439453 -1.51278674602508544922 0.34101176261901849918 -0.10381644964218139648 1.24220669269561767578 -1.47497618198394775391 -0.74803674221038818359 -1.43806433677673339844 1.13184654712677001953 1.70913815498352050781 0.66656476259231567383 -0.95574253797531116827 0.84042531251907348633 -1.10116755962371848376 0.87557530403137207031 0.35508081316947931461 1.02269935607910156250 0.58445698022842407227 0.05435511469840999949 -1.17222297191619873047 1.32157993316650390625 0.65718990564346313477 -1.37906932830810569079 1.47943890094757080078 -1.03885996341705322266 -0.73410141468048095703 0.24668714404106140137 -0.17480963468551630191 -1.45224535465240478516 -0.39003664255142211914 0.45271348953247070312 0.27863001823425287418 1.52050316333770751953 -1.38734281063079833984 -0.76632696390151977539 0.48223370313644409180 -1.23748767375946044922 0.05590438842773429867 0.64924818277359008789 -0.45816701650619501285 0.66682267189025878906 1.11208856105804443359 0.34561556577682489566 -0.42172321677207941226 0.74815523624420166016 -0.69272071123123168945
-0.84418737888336181641 -0.31115970015525817871 0.05789051577448840052 0.96630734205245960577 -0.23556801676750180330 0.58354777097702026367 1.27589738368988037109 -0.50296938419342041016 -1.26584708690643310547 -0.86528974771499633789 -0.76275312900543212891 -0.18403832614421838931 1.38008761405944824219 -0.31450620293617248535 1.01240050792694091797 0.53281199932098388672 -1.19502890110015869141 0.34155017137527460269 0.12561433017253870181 1.53882694244384765625 1.20205354690551757812 -1.65584731101989768298 -0.75507098436355590820 0.45739558339118957520 1.21748983860015869141 -0.91885149478912364618 1.23884904384613037109 0.00425174972042439980 -0.93961292505264282227 0.36698552966117858887 1.59394025802612304688 0.99899947643280040399 -0.09384410083293910632 -1.18286669254302978516 -1.36955177783966064453 -1.10355114936828591077 1.36111080646514892578 0.63768488168716430664 0.00454994244500989999 0.26360848546028131656 -0.30546221137046808414 1.44615352153778076172 0.95231413841247558594 1.70987713336944580078 -1.24347937107086181641 1.20620548725128151624 -0.22673259675502768773 -0.53880792856216430664 -1.39111185073852539062 -0.93908274173736561163 0.66663217544555664062
-1.95304667949676469263 -1.53001081943511962891 -1.06912159919738769531 -1.19224762916564941406 -1.07707941532135009766 -0.49413990974426269531 0.57503145933151245117 0.27270638942718500308 1.72128140926361083984 0.19143120944499969482 0.02019936032593249928 0.61356431245803833008 -1.60945641994476318359 1.55723178386688232422 0.79809814691543579102 1.23268496990203857422 1.01829540729522705078 0.42192688584327697754 1.13699519634246848376 -0.43662106990814208984 1.31490004062652610095 -0.66189289093017578125 -0.22359123826026910953 1.30570685863494873047 1.13084113597869873047 0.41524985432624811343 -0.00884906202554699983 -0.20810866355895990543 -1.15527749061584472656 0.91294652223587036133 -0.52036744356155395508 -1.63436198234558105469 -0.60039126873016357422 -1.22152781486511230469 0.90751725435256958008 0.54545676708221435547 0.40414574742317199707 -1.62075245380401589124 -1.25266885757446289062 0.89965039491653442383 0.88748717308044433594 0.42700430750846857242 -0.09301472455263129491 -0.65706092119216918945 0.65694791078567504883 -1.39817583560943603516 -0.54264771938323974609 -0.94813954830169677734 1.35232150554656982422 0.67555141448974609375 -0.62427669763565063477
0.27667269110679620914 0.49105677008628839664 1.86896646022796630859 1.30868256092071510999 -1.53928971290588378906 0.43006071448326110840 -0.14464946091175079346 1.15666782855987571033 -0.09229984879493710603 1.32484614849090576172 -1.77751159667968750000 -0.73837333917617797852 -0.95578390359878540039 -0.20318065583705899324 0.45693761110305780582 0.79260724782943725586 -0.62849074602127075195 -1.12725329399108886719 0.97249323129653919562 0.05074153095483779907 0.03063481487333770056 -1.47795855998992919922 1.34893524646759033203 0.45642152428627008609 -0.19270680844783780183 -0.02416040748357770052 -0.58490210771560668945 0.87459665536880493164 -0.30596721172332758121 0.53838235139846801758 -0.92903387546539317743 0.92261976003646839484 0.09545695781707759509 0.82110053300857543945 -0.02650007791817179936 1.13324034214019775391 0.55464696884155273438 0.56401658058166503906 0.89983350038528442383 0.01834393665194510026 0.14968051016330718994 1.27181816101074218750 1.64958155155181884766 -1.08726036548614501953 -1.22140920162200927734 0.99992293119430541992 -1.25150787830352783203 -0.12470067292451850194 0.86486423015594482422 1.54465103149414062500 -0.79573243856430053711
-0.47042772173881530762 0.36076596379280090332 0.38791871070861810855 -0.01245318166911599939 0.44408959150314331055 -0.53003966808319091797 -1.11921167373657248767 -1.48431932926177978516 0.39081335067749017886 -1.14734864234924316406 -1.02312576770782470703 1.07272064685821510999 -1.21884310245513916016 1.69398069381713889392 -1.02403259277343750000 1.60222566127777099609 1.19991052150726318359 1.64665210247039794922 0.34451374411582941226 -0.19991490244865409154 1.19577634334564208984 1.17318487167358398438 0.94172638654708862305 -0.15522828698158261385 -0.32171851396560668945 0.42756134271621698550 -1.42624938488006591797 -1.48342692852020263672 -0.67250442504882812500 -0.35916122794151300601 -0.46925023198127741031 -0.64543008804321289062 1.52452528476715087891 0.72920173406600952148 1.25642287731170632092 -1.72425961494445800781 1.49145352840423583984 0.98714631795883178711 0.85190635919570922852 -0.56385397911071777344 -1.22767376899719238281 0.34620371460914611816 0.39109638333320617676 -0.82807713747024536133 -1.53644490242004394531 -0.48131448030471801758 1.25044906139373779297 0.71000540256500244141 1.48799777030944824219 -0.73492193222045898438 0.65804386138916015625
-0.96921741962432861328 -1.20606827735900878906 -0.26352921128273010254 1.15206897258758544922 0.33904987573623657227 -0.34877490997314447574 0.84172564744949340820 -1.66136324405670166016 -1.57509553432464599609 -0.01022218260914080010 -0.03371073305606839959 -0.39127328991889948062 1.58882951736450195312 0.86005055904388427734 -1.22147345542907714844 0.23735822737216949463 1.73658525943756103516 1.66233241558074951172 0.04169407114386550206 -0.95909351110458362921 0.39210319519042968750 -0.18341475725173950195 1.34508562088012695312 1.52048301696777343750 0.70282077789306640625 -0.60547906160354614258 -1.40349102020263671875 1.36558520793914794922 -0.36079460382461547852 -0.79400974512100219727 1.65530192852020263672 -1.04950571060180664062 -0.10824301093816750263 -1.26886475086212158203 -1.50966954231262207031 0.76974588632583618164 -0.86793076992034912109 0.05502984672784799747 0.79287046194076538086 -1.17042839527130126953 1.55423092842102050781 1.69946074485778808594 1.55474078655242919922 1.00855958461761474609 0.38434639573097229004 0.12129261344671249390 -1.55789625644683837891 1.61517214775085449219 -0.08938825875520700626 -0.10815817862749099731 0.71449434757232666016
2.11530256271362304688 1.66751813888549804688 0.80342429876327514648 0.13971045613288879395 0.57643175125122070312 -0.37122148275375360660 1.44607996940612792969 -0.46613031625747680664 -0.34612682461738580875 -1.16895055770874023438 -0.08359835296869269627 -1.45606863498687744141 0.55693006515502929688 -1.35897052288055419922 0.39597728848457330875 -0.23456804454326629639 0.01895522512495510098 -1.70032715797424316406 -1.17303681373596191406 1.67400884628295898438 1.42629384994506835938 1.37693524360656738281 -1.63234829902648925781 -0.32847726345062250308 1.25527775287628151624 0.75707262754440307617 1.11098444461822509766 -0.67366755008697509766 -1.21078062057495117188 0.88637280464172363281 -1.69179475307464599609 -0.12014456093311309814 -1.07023823261261008533 0.50729137659072875977 -0.99512922763824462891 -0.64545249938964843750 -0.17041350901126858797 -1.02088367938995361328 1.14641892910003662109 -1.36876523494720458984 -0.93530923128128040656 0.66985845565795898438 0.93763613700866699219 1.67926299571990966797 -0.35095262527465820312 1.51668000221252441406 1.39185118675231911389 -1.39791405200958229749 -0.73758590221405029297 -0.84029394388198852539 0.17313657701015469637
-1.10911619663238525391 -0.79424697160720825195 -0.47132366895675659180 -1.64257574081420898438 -0.24756729602813720703 0.88758933544158935547 1.37945020198822021484 0.09945189207792279329 -1.48192512989044189453 1.25787115097045898438 1.12466788291931152344 0.28666785359382629395 -0.18740856647491449527 -0.77705681324005126953 -0.15301692485809320621 1.73884356021881103516 0.28139150142669677734 1.14859890937805175781 -0.52930885553359985352 1.42845249176025390625 -1.29321920871734619141 -0.71171909570693969727 0.37236848473548889160 0.15283596515655509251 -1.50374794006347656250 -0.08892899006605139989 -0.94679677486419677734 1.58004271984100341797 -0.02919907495379439957 0.72777789831161499023 0.06711039692163460468 1.81087005138397194592 -0.35860586166381830386 0.98083645105361938477 -1.11425054073333740234 -0.26162001490592950992 -0.18581138551235198975 -1.60384881496429443359 1.47066807746887207031 0.55998861789703369141 1.38488435745239257812 0.80530905723571777344 0.25331160426139831543 1.28956913948059082031 -1.15896642208099365234 -0.32047107815742492676 0.07655705511569969868 0.28163436055183410645 1.18250942230224609375 1.20486700534820556641 0.02912719920277589969
-0.68331372737884521484 -0.55554014444351196289 -1.10219073295593261719 -1.35361325740814208984 -1.62659478187561035156 -1.11522781848907470703 -0.20771849155426019840 0.38938817381858820132 -0.89286154508590698242 -0.92542105913162242548 -0.83433228731155395508 -0.37328073382377618961 -1.37779581546783447266 0.62996381521224975586 0.62745386362075805664 0.83839404582977294922 1.16793692111968994141 -1.72380018234252929688 0.45939239859580988101 1.15210390090942382812 1.56279420852661110608 -0.86197209358215332031 -0.52532726526260375977 1.06555581092834472656 -0.65215271711349487305 -1.18450534343719482422 0.14669145643711090088 -0.28178486227989191226 -0.53987759351730346680 -1.25639855861663818359 -1.71047997474670410156 -1.07261681556701660156 0.78707820177078247070 0.15344877541065210513 -0.57387417554855346680 0.25558373332023620605 0.61821359395980834961 -0.19335126876831049136 -1.52006244659423850329 1.56765544414520263672 1.02419281005859375000 0.33808082342147821597 -1.43775129318237304688 -1.10484969615936279297 -0.85029810667037963867 -0.65132057666778564453 -1.28459143638610839844 0.73514270782470703125 -0.83198744058609008789 -1.22855675220489501953 0.56295740604400634766
-0.67704856395721435547 -1.02315485477447509766 -0.55081039667129516602 0.65190601348876953125 -0.36397907137870788574 -1.39180469512939430921 1.51566314697265625000 0.29812818765640258789 0.35115233063697809390 -1.09877502918243408203 1.31144285202026367188 -0.34909757971763610840 -1.25369238853454589844 -1.44156324863433837891 -1.22908949851989768298 -0.79067391157150268555 0.24659496545791620425 -1.51557815074920632092 0.29118201136589050293 -1.26341903209686279297 1.57888841629028320312 -0.39340388774871820621 1.15660524368286110608 -1.17497265338897705078 0.19539694488048550691 0.69577521085739135742 1.28714966773986816406 -0.50345689058303833008 -0.98041045665740955695 1.18660855293273925781 -0.99126827716827403680 1.26424610614776589124 -1.11510384082794189453 1.63270735740661621094 -0.00980279315263029964 0.75061005353927612305 -1.21992111206054687500 -1.67265927791595458984 -0.25393795967102050781 0.30302527546882629395 0.86300122737884521484 0.16695095598697659578 0.66323351860046386719 0.11384750902652740479 -1.46067595481872558594 -1.30212485790252685547 -1.16425693035125710217 0.44266483187675470523 0.42293900251388549805 -0.85942208766937255859 0.59467095136642456055
0.23933188617229458894 -0.61571484804153442383 0.15780043601989740543 0.89534527063369750977 -1.27697825431823730469 0.60605978965759277344 1.39415729045867919922 -0.13376079499721518773 0.09657078981399530582 0.34408366680145258121 1.08726108074188232422 0.75620639324188232422 0.03107552416622630029 -0.22790305316448208894 0.04722701013088220073 -1.06663370132446289062 0.35442134737968439273 -1.54509532451629638672 -1.39283800125122070312 1.59311032295227050781 -1.18675720691680908203 1.65409922599792480469 0.22497795522212979402 0.17449814081192011050 0.94989645481109619141 -1.02618181705474831311 1.21339404582977294922 -0.80084860324859619141 -0.75289136171340942383 -0.50757175683975219727 1.05591368675231911389 0.85307520627975463867 -0.50343650579452514648 -0.61604654788970947266 -1.05967748165130615234 0.27064251899719238281 0.57491242885589599609 0.69594210386276245117 -0.09505376219749450684 1.08529782295227050781 0.59794110059738159180 -0.93251317739486683234 0.72878384590148925781 0.38864344358444208316 0.86541855335235595703 -1.26284980773925781250 -0.26807177066802978516 1.36946260929107688220 -1.13265895843505859375 0.54380691051483154297 0.91706967353820800781
-0.63928771018981933594 -1.22713494300842285156 -1.41468060016632080078 0.35667434334754938297 -0.92661160230636596680 0.87949746847152709961 -1.21705424785613991467 -1.10630452632904030530 -1.30043494701385498047 -1.59205031394958496094 -0.90464729070663441046 -0.69039499759674072266 -0.47592496871948242188 1.63884031772613525391 0.34286543726921081543 -0.18891543149948120117 1.18949091434478759766 -0.11139123886823650011 1.37260794639587402344 0.48373043537139892578 0.53510183095932006836 -1.59132134914398193359 -1.57423615455627441406 -0.16219311952590939607 -0.04318227246403689989 0.09997282177209849963 0.64769792556762695312 -0.95126545429229736328 1.48468208312988281250 1.22719383239746093750 -1.33258998394012428967 -0.67262327671051025391 1.46172058582305908203 -0.36333602666854858398 -0.91629874706268321649 0.28372657299041748047 0.78318923711776733398 0.87179088592529296875 0.45597285032272338867 1.25248658657073952405 1.36988663673400878906 0.74615538120269775391 0.82954931259155273438 -0.65604013204574584961 0.76049435138702392578 1.73247277736663818359 0.23429180681705469302 1.38522064685821510999 0.34700453281402587891 -0.11450255662202829532 1.17832767963409423828
0.62096875905990600586 1.30541753768920898438 0.04313164949417110094 -0.24278141558170310277 -1.41703712940216064453 -1.67086827754974365234 -0.62268644571304321289 0.31240388751029968262 0.01210093218833199931 0.88720184564590454102 0.00318309711292379983 -0.39853042364120477847 0.97867465019226085321 -1.04871499538421630859 0.07282908260822290591 -0.23814724385738370027 -0.45372238755226129703 0.13036006689071649722 0.68548071384429931641 1.21651339530944824219 0.02203387022018429842 -1.00765311717987060547 0.29474839568138122559 -0.59079849720001220703 -0.45017510652542108707 0.16684928536415100098 1.64604675769805908203 0.29714012145996088199 -1.59039771556854248047 -0.17584009468555450439 1.05240845680236816406 1.21855759620666503906 0.70080155134201049805 0.73730051517486572266 -0.78228241205215454102 1.32512354850769042969 -0.93136596679687500000 0.96649301052093516962 -0.30214351415634149722 -1.47246277332305908203 -0.54166692495346069336 1.62598097324371337891 -0.76853603124618530273 -0.18101093173027030248 0.38193434476852411441 0.45531901717185968570 -0.76241761445999145508 -0.79168832302093505859 0.85253363847732543945 1.19993102550506591797 -1.92996144294738791736
1.09045350551605224609 1.59434735774993896484 0.49746224284172058105 -0.80866855382919311523 1.44205474853515625000 0.46908575296401977539 -0.13943146169185630101 -0.22478273510932919588 -0.53397816419601440430 -1.65718579292297363281 0.95169889926910400391 1.60415792465209960938 -1.13410770893096923828 1.07743489742279030530 -0.05508301779627799988 1.02721178531646728516 0.55127173662185668945 -1.46941244602203369141 -0.27540868520736688785 -1.07050943374633789062 0.74631410837173461914 -1.31845200061798095703 0.51264506578445434570 0.51424401998519897461 0.32708150148391718082 1.75799190998077392578 -0.42773652076721191406 -1.05545258522033691406 1.61079370975494384766 -0.08735804259777059377 0.54163229465484619141 -1.38985335826873779297 -0.80072522163391113281 -1.54179215431213378906 -0.92086786031723022461 1.13084030151367209704 -1.09325790405273437500 -0.50734102725982666016 0.38128271698951721191 0.31984820961952209473 -1.48375284671783447266 -1.20980894565582275391 -0.26198002696037292480 -1.69429314136505126953 1.21880698204040527344 -1.62860441207885742188 1.78075444698333740234 0.26805230975151062012 0.88740867376327514648 -1.27802419662475608142 -0.30384781956672668457
-1.12674629688262939453 -1.64897823333740234375 -0.93093794584274280890 1.13821983337402343750 -1.53691601753234863281 1.60067343711853049548 0.69616818428039550781 -0.81700092554092407227 0.63058727979660034180 -1.58954894542694091797 -0.35080060362815851382 1.18985795974731445312 0.53945833444595336914 1.52527487277984619141 -0.85249692201614379883 0.96046906709671020508 0.02369515784084789967 -1.64821529388427712171 0.70944446325302124023 0.06766345351934430208 0.58854979276657104492 -1.28336703777313232422 -1.65874934196472167969 -1.35472965240478515625 -1.35032939910888671875 -1.50298941135406494141 -1.73245525360107421875 -0.03215873986482620239 0.36248940229415888004 -1.50103640556335449219 0.89585763216018676758 0.20005168020725250244 -1.65278458595275878906 -0.65981543064117431641 -0.20739239454269409180 0.45055082440376281738 -0.80274033546447753906 1.57736992835998535156 -0.40848550200462341309 1.45747613906860351562 0.85009604692459106445 1.29503023624420166016 -1.21607065200805664062 0.06607536226511000199 1.42028725147247314453 0.93496292829513560907 0.30490323901176452637 -1.09065997600555419922 0.40829923748970031738 -1.12555015087127685547 0.24016612768173209447
1.88212907314300514905 1.35155069828033447266 0.32329329848289489746 -0.76890754699707031250 0.74117463827133178711 -0.32292115688323969058 0.25407260656356811523 0.85698050260543823242 -1.00359535217285156250 1.40428614616394042969 -0.22309389710426330566 -0.74436837434768676758 -0.57346636056900024414 -0.89994949102401733398 -1.67769455909729003906 -1.54746401309967041016 1.26836562156677246094 1.50476598739624023438 -1.02661955356597900391 -1.19288766384124755859 -0.06133129075169559824 -0.56121903657913208008 0.43951240181922912598 -0.21024811267852780428 0.46295112371444702148 -0.38396909832954401187 0.96975171566009521484 0.80368483066558837891 0.52801674604415893555 0.26467299461364740543 -0.19186046719551080875 1.05779850482940673828 -0.83742451667785644531 0.71324598789215087891 0.76002490520477294922 -0.72977095842361450195 1.21276307106018088611 -0.05380870029330250132 0.10074929147958749942 0.70268452167510986328 1.65097141265869140625 0.33524280786514282227 1.40568554401397705078 -0.50653153657913208008 -1.66155254840850830078 -0.32235544919967651367 -0.77354443073272705078 1.22852253913879394531 0.85499179363250732422 0.59189540147781372070 0.67937529087066650391
1.40427255630493164062 1.05331897735595703125 1.68384850025177001953 1.33763861656188964844 -0.41692304611206049136 1.10214948654174804688 -0.72239011526107788086 1.51746988296508789062 -0.35918787121772760562 0.38930946588516229800 1.14378035068511962891 0.48372453451156610660 0.69587683677673339844 1.35420799255371093750 1.07842624187469482422 -1.03606188297271728516 -0.10822741687297819657 0.59885948896408081055 -1.56888914108276367188 0.98901587724685680048 -0.61454701423645019531 -0.71633809804916381836 -0.64694321155548095703 0.21581169962882990054 1.70692217350006103516 -0.79402625560760498047 -1.59221136569976806641 0.01438539940863839926 -0.48602646589279169254 0.65858870744705200195 -0.83370667695999145508 1.02373564243316650391 -0.23380897939205169678 -1.57572650909423850329 -1.24135267734527610095 0.28570175170898437500 -1.29826927185058593750 -0.44162702560424799136 1.19547653198242209704 1.33843028545379638672 -1.17403364181518554688 -1.08836019039154030530 -0.09495668858289710301 -0.96796911954879760742 1.23483657836914062500 1.11276495456695556641 1.17078316211700439453 -0.75002461671829223633 0.10585147887468329686 1.54789710044860839844 -0.18705365061759948730
0.33406141400337219238 0.96883630752563476562 -0.23643010854721069336 -0.78701478242874145508 1.39312565326690673828 0.51835608482360839844 0.84605568647384643555 -0.66382074356079101562 1.17022132873535156250 -0.85518246889114379883 0.65362375974655151367 0.24917533993720999974 -1.13771963119506835938 1.43779730796813964844 -1.34876251220703125000 1.35580980777740478516 -1.68885958194732688220 -1.23893380165100097656 0.32578048110008239746 -0.13406643271446219701 0.75650954246520996094 -1.16894829273223876953 -1.48121273517608642578 -0.73848122358322143555 -0.62996673583984375000 1.69889616966247558594 0.51852095127105712891 0.86910384893417358398 -0.77943903207778930664 -1.28156495094299316406 -0.27455368638038629703 -1.14921653270721435547 0.86947453022003173828 -1.33077895641326904297 1.75378072261810302734 1.70325875282287597656 1.42444765567779541016 1.49810087680816650391 0.87956601381301879883 -1.27491354942321777344 0.02452592551708220048 -1.37522542476654030530 0.40592688322067260742 1.63291478157043457031 1.69675409793853759766 -0.72593867778778076172 -1.22039830684661887439 -1.42495405673980712891 -1.38353705406188964844 -0.62641805410385131836 -1.52716898918151855469
-0.32279637455940241031 -0.62482720613479614258 -1.10138964653015136719 -0.89030933380126953125 1.67956078052520751953 1.03234064579010009766 1.41115224361419677734 -0.96930223703384399414 0.55466622114181518555 1.72162234783172607422 -0.99183207750320434570 -0.73199540376663208008 -1.23228394985198952405 -1.00060391426086447986 1.54023897647857688220 1.14677488803863525391 -1.21921384334564208984 -1.29285240173339843750 -0.48733779788017267398 -0.44795897603034967593 1.34033989906311035156 0.11222075670957559757 1.13482081890106201172 1.76436543464660644531 -0.95863443613052357062 -1.34358298778533935547 -0.88706529140472412109 0.67861890792846679688 0.11543066054582590274 0.92758536338806163446 -0.96195268630981445312 -0.67148327827453613281 -0.81437516212463378906 0.72520726919174194336 0.14441095292568201236 1.67486608028411887439 0.72536975145339965820 0.76000887155532836914 -1.45902442932128906250 -0.37019795179367059879 1.00761592388153076172 -1.39850938320159912109 -0.93254959583282481805 -0.95629036426544200555 0.53691989183425903320 1.05447876453399658203 0.92190802097320556641 -0.21483476459980010986 -0.24761317670345300845 0.16028359532356259431 1.44961965084075927734
1.12693691253662109375 1.06106925010681152344 -0.13527290523052210025 0.51118183135986328125 0.00876602903008459958 0.24600875377655029297 0.84427034854888916016 -1.17937445640563964844 0.73065257072448730469 -1.16563785076141357422 0.83949553966522216797 -0.36650776863098138980 -1.13908994197845458984 0.25109311938285827637 -0.48167008161544799805 0.37975662946701049805 1.18304824829101562500 -0.93324822187423717157 -0.80369257926940917969 -0.58895516395568847656 0.55997276306152343750 0.14026539027690879124 0.75137948989868164062 1.16808140277862571033 1.61749494075775168689 -0.98864412307739257812 1.69580459594726562500 -0.19321656227111810855 -0.55673682689666748047 1.16041254997253417969 -1.31258356571197509766 -0.51306110620498657227 0.80477535724639892578 0.02996551059186449914 -0.34895810484886169434 1.09881436824798583984 0.26002991199493408203 -1.62842273712158203125 -1.49423551559448242188 -0.63011097908020019531 -0.28586775064468378238 1.71239054203033447266 1.45969653129577636719 -0.88141900300979614258 0.66019064188003540039 1.33633255958557128906 1.04278612136840820312 0.39163628220558160953 -0.76137840747833251953 -1.63442564010620117188 -0.98872280120849598273
-1.40888750553131103516 -1.42549037933349609375 -0.84237080812454223633 -0.04325976222753519923 1.56606519222259521484 0.91936337947845458984 -0.62955111265182495117 -0.63929307460784912109 1.62183177471160888672 1.60289013385772705078 0.10861770063638680195 0.35405853390693659000 0.24681052565574640445 0.88233733177185058594 0.38596671819686889648 0.75655579566955566406 1.44059014320373535156 -0.53737884759902954102 -1.35569024085998535156 1.33045029640197753906 1.54027831554412841797 -1.35751521587371848376 0.53660690784454345703 -1.38377714157104492188 -1.30991744995117209704 -0.55597531795501708984 0.86555010080337524414 -0.92137318849563598633 -1.34175670146942138672 -0.68229138851165771484 -0.91554105281829845087 -1.60300195217132568359 -0.95465487241744995117 -0.02137213014066209962 -1.55953335762023925781 -0.66512167453765869141 -0.62994182109832763672 0.44395110011100769043 0.64128577709197998047 -0.69886654615402221680 1.60440468788146950452 -0.73705762624740600586 -0.02752104774117460073 -1.34084796905517578125 -1.46100831031799316406 -1.25600266456604003906 -1.66621088981628417969 -1.29058539867401123047 -0.11619249731302259965 -0.29742011427879327945 0.44234725832939147949
1.83690321445465087891 1.46542072296142578125 0.08277364075183860082 -0.48960676789283752441 1.20028400421142578125 1.33848321437835693359 -0.77915906906127929688 -1.09235954284667968750 1.48449897766113281250 1.16167986392974831311 1.27281570434570312500 -1.58827793598175048828 -0.02340086549520490125 -1.39369499683380126953 1.53014755249023437500 -1.40164208412170410156 -1.20281374454498291016 -0.61217677593231201172 0.27927711606025690250 0.41813385486602777652 -1.03854095935821510999 0.50925421714782714844 0.04487121477723120255 0.15031938254833218660 -0.63627022504806518555 0.21859411895275110416 -1.53848135471343994141 -0.98378610610961925165 -0.48451638221740722656 0.66616380214691162109 1.44011664390563964844 -1.55377745628356911389 -0.11465600878000259399 1.57991552352905273438 0.31113427877426147461 -1.59288048744201660156 -0.65245354175567626953 -1.49402213096618630139 -0.44104981422424310855 -0.73690509796142578125 -0.61315709352493286133 1.29354786872863769531 1.39888095855712890625 -0.38807198405265808105 -0.46451833844184869937 -0.62176632881164550781 -1.02424347400665283203 1.59331917762756369861 0.14839814603328699283 1.39167141914367675781 0.90445268154144276007
0.87877023220062255859 1.56374895572662353516 0.23912809789180750064 0.51158905029296875000 -1.09559464454650878906 0.65547901391983032227 1.17678093910217285156 0.59514552354812622070 0.28904005885124200992 -0.39968180656433099918 -0.20979753136634821109 0.47136116027832031250 -0.07193100452423090152 -1.28424394130706809314 -1.70803964138031005859 -1.52152562141418457031 1.39977264404296875000 -0.13450999557971948795 1.12118577957153320312 0.50269716978073120117 1.27941524982452392578 0.71416515111923217773 0.47687178850173950195 -1.61103010177612304688 1.10202705860137939453 -1.02042424678802490234 -1.02780604362487792969 1.67621767520904541016 0.04747460409998890268 -0.91157209873199462891 1.59133720397949218750 -0.42324146628379821777 -0.97938477993011474609 -1.53359889984130859375 -0.78532505035400390625 -0.85004872083663940430 -1.24372434616088889392 -1.51402103900909423828 0.36351197957992548160 -0.91287696361541759149 0.47053000330924987793 0.66995114088058471680 1.61328172683715820312 -1.01418697834014892578 -1.53268861770629882812 0.49773043394088739566 -0.08135346323251720080 -1.23451924324035644531 1.32944500446319580078 0.96547603607177723273 -0.60883426666259765625
-0.15664790570735928621 -0.12501047551631919164 -0.11523229628801340274 -0.35441198945045471191 1.06679034233093261719 -0.14235098659992209691 0.75857394933700561523 -0.96515637636184681281 1.45871818065643310547 0.60536879301071166992 -1.47488903999328591077 -1.62461686134338378906 -1.48569524288177490234 -0.50783050060272216797 0.64176148176193237305 0.56343221664428710938 0.37615522742271417789 1.32808625698089599609 -0.11311815679073329577 -0.67353117465972900391 -0.06817744672298430009 -0.75332772731781005859 -1.47833371162414550781 -0.14155693352222439851 0.70323389768600463867 0.46638631820678710938 0.20972558856010428685 -1.24161386489868164062 -1.01817178726196289062 0.66625207662582397461 -0.47398048639297479800 0.51349997520446777344 0.15279178321361538972 -1.14150094985961914062 -0.13798442482948300447 -0.90312772989273082391 1.36747431755065917969 0.93924647569656360968 1.54085600376129150391 0.67078447341918945312 1.35443663597106911389 1.27051436901092529297 1.59310424327850341797 1.34806668758392311780 -0.49945786595344537906 -0.93538677692413318976 0.22045798599720001221 -0.94650298357009876593 -1.64964330196380615234 0.87594366073608398438 0.88432890176773071289
-0.56096273660659790039 -1.22833800315856911389 -0.45512402057647699527 -0.40127056837081909180 -1.60000932216644287109 1.58417415618896484375 -0.77617502212524414062 -0.42986389994621271304 -0.42348527908325189761 -0.26304355263710021973 -0.58555471897125244141 1.03229129314422607422 -0.07682425528764720568 0.80758655071258544922 -1.52643954753875710217 -0.93872678279876720087 -0.81661158800125122070 0.03072993084788320020 0.68767321109771728516 0.53025877475738525391 0.79490149021148681641 1.14539432525634765625 0.07971844822168350220 -0.70279598236083984375 -1.27785003185272216797 -0.67198967933654785156 1.08303439617156982422 -0.09077671915292739868 0.77578312158584594727 -0.64733207225799560547 0.30146557092666620425 -0.46322929859161371402 0.55430895090103149414 1.15996384620666503906 -0.26399239897727960757 0.48341840505599970035 1.12079966068267822266 -0.12197553366422650423 0.89448356628417968750 0.43276837468147277832 -0.74300026893615722656 -1.27706754207611083984 1.48916363716125488281 -0.39893257617950439453 0.87567198276519775391 1.57631039619445800781 0.49268925189971918277 -1.01988744735717751233 1.00410473346710205078 0.41409093141555780582 -0.15477725863456720523
-1.83704042434692405017 -1.69639086723327636719 -1.65900707244873046875 1.24243426322936989514 1.06060552597045898438 0.54876935482025146484 -0.06726894527673719926 1.41464817523956298828 -0.85316169261932373047 1.35968685150146484375 -0.29864367842674249820 1.18073749542236328125 -0.88650476932525634766 -0.75385636091232299805 0.72389286756515502930 0.95480221509933482782 0.92049694061279296875 0.39002597332000732422 -0.93135952949523914679 -1.37434291839599609375 -0.66180622577667236328 -0.37984600663185119629 -0.42085692286491388492 -1.65403354167938232422 0.33316460251808160953 1.24840593338012695312 -0.83138513565063476562 -0.67197215557098388672 1.66830396652221679688 1.25835216045379638672 0.91609323024749755859 -0.02117750607430930049 0.80188089609146118164 -1.41675627231597900391 -0.01433829776942729950 -0.54279178380966186523 -0.22809059917926780003 1.57557082176208496094 -1.01780176162719726562 -0.10239484906196590075 0.01448380202054969958 -1.02995765209197998047 -1.61051476001739501953 -0.01400869991630310056 1.69549262523651123047 -0.92027002573013316766 0.72435027360916137695 -1.39409673213958740234 -0.27999049425125122070 -0.20065590739250180330 1.11606383323669433594
-0.03716187924146650140 0.20004351437091819066 -0.07523895800113669652 -0.47956812381744379215 1.42226493358612060547 -1.09953379631042480469 -0.11221233010292050447 -0.47478151321411127261 1.54120481014251708984 1.03691101074218750000 1.44949829578399658203 1.38638257980346679688 0.46048611402511591129 -0.67790973186492919922 1.19499540328979492188 -0.51678329706192016602 -0.85207736492156982422 -1.67358922958374023438 0.80071663856506347656 -0.54856693744659423828 -0.62481057643890380859 -1.63483369350433349609 -1.25319886207580566406 -1.02462172508239768298 -0.93536418676376342773 0.71211910247802734375 0.51296925544738769531 -0.06844285875558850374 -0.07967157661914819888 -1.26802742481231689453 -1.62411594390869140625 1.60685431957244873047 -0.75537836551666259766 -1.01177287101745605469 0.42011174559593200684 -1.38005447387695312500 1.02007341384887695312 1.18906033039093017578 -1.51134455204010009766 0.83830088376998901367 0.79897892475128173828 1.47840034961700439453 0.96419769525527965204 -0.04327199235558509827 1.48515486717224121094 0.89515268802642822266 1.07237315177917480469 -1.72522616386413552014 -0.13109697401523590088 -1.45782411098480224609 0.39879736304283142090
1.60800564289093017578 1.53551459312438964844 1.94270050525665283203 1.36916077136993408203 1.44959747791290283203 -0.63353997468948364258 -0.45053079724311828613 -1.61306738853454589844 -0.97593939304351795538 -0.06026925891637800042 1.09906959533691406250 -1.39268183708190917969 -0.34673494100570678711 0.86550730466842651367 0.36219480633735651187 -0.56815534830093383789 -1.06249225139617919922 1.46350443363189697266 1.02350533008575439453 0.20177051424980160799 1.42398619651794433594 1.05248689651489257812 0.98243105411529541016 -0.82574164867401123047 0.98567962646484375000 -1.10608696937561035156 -1.18283545970916770251 -0.90629464387893676758 -0.68990999460220336914 -0.24043452739715570621 -0.56690907478332519531 0.18483017385005950928 0.20965653657913199681 -1.21656119823455810547 1.32197332382202170642 -0.67798143625259399414 -0.12730415165424341373 -0.76853835582733154297 -0.44850957393646240234 0.45460912585258478336 1.41364383697509765625 -1.32738125324249289783 -1.01118361949920632092 -1.18246185779571510999 -0.26123619079589838199 1.59785962104797363281 -1.56111717224121093750 -1.44869244098663330078 1.21048927307128906250 0.18480713665485379305 1.65704286098480224609
-0.50811731815338134766 -1.47949957847595192639 -0.73969268798828125000 -0.58563923835754394531 0.22993512451648709383 0.46003416180610651187 1.29340767860412597656 -1.60147094726562500000 1.46147763729095458984 -1.20277595520019509046 1.69181346893310569079 0.92937064170837402344 -0.55997186899185180664 -1.69315111637115478516 -0.18106655776500699129 1.26697194576263449939 0.58592951297760009766 0.89148449897766113281 1.01177024841308593750 -0.59246599674224853516 -0.02835378237068649984 -0.96650820970535278320 1.14144372940063476562 0.35762381553649902344 0.10175099223852150654 -0.16933643817901611328 0.91163533926010120734 1.57170307636261008533 0.71978271007537841797 -1.22900450229644775391 -0.88993531465530395508 0.71669071912765502930 0.16041168570518490877 -1.37443757057189941406 -1.05717349052429199219 -0.27700144052505487613 -0.38295251131057739258 0.41733938455581659488 0.95193338394165039062 -0.06067788228392600319 1.30871260166168190686 0.93662989139556884766 -1.44255590438842751233 1.50707423686981201172 0.33111014962196350098 0.66068464517593383789 -0.51380544900894165039 -0.62331753969192504883 -0.54355949163436889648 -0.92709243297576904297 -0.14452363550662988834
1.82238101959228471216 1.33760225772857688220 -0.90185272693634044305 -1.13733386993408203125 -1.45918428897857688220 -0.64999777078628540039 0.69837117195129394531 1.62907242774963378906 -0.83241683244705200195 1.66064107418060302734 0.68466269969940185547 1.12065029144287109375 0.13255386054515838623 1.01021885871887207031 -0.26588255167007440738 -0.15385496616363519840 -1.55591869354248046875 -0.42854028940200800113 1.29378235340118408203 -0.80450785160064697266 -1.66377413272857688220 -0.92037689685821522101 0.17147743701934808902 -1.21985757350921630859 0.25692105293273920230 -1.62467360496520996094 0.44495037198066711426 1.43842673301696777344 -0.31038534641265869141 -1.58277475833892822266 1.09972214698791503906 -1.17601442337036110608 0.69760268926620483398 -1.47218501567840576172 0.60963237285614013672 1.12559533119201660156 -1.45677065849304199219 -0.93045157194137562140 0.44333258271217340640 -0.24288712441921231355 -0.33603498339653009586 -0.80245560407638549805 -1.69392859935760498047 0.16729247570037839021 -1.25146365165710449219 0.31721413135528558902 -0.43775677680969238281 -0.34054586291313171387 -0.77487975358963012695 -0.56647968292236328125 0.22818127274513239078
0.03812711313366889954 0.83072519302368164062 1.79563534259796142578 1.54563355445861816406 0.32826220989227289371 -0.66576325893402099609 -0.25420209765434259586 -0.63553321361541748047 -0.75585001707077026367 -1.35513842105865478516 0.60507905483245849609 1.11471724510192871094 0.96500480175018321649 -0.63508284091949462891 0.63487893342971801758 1.61457753181457519531 0.33592709898948669434 -0.94550991058349598273 0.28925260901451110840 0.93910992145538318976 1.27305161952972389905 -0.88878566026687622070 0.67668753862380981445 0.30169573426246637515 0.27572298049926757812 1.79573547840118408203 1.54651868343353271484 -0.71889305114746093750 0.87645465135574340820 0.21843525767326349429 -0.81844037771224975586 1.71637070178985595703 0.39528793096542358398 1.22611320018768310547 -0.57825505733489990234 0.78126299381256103516 -0.42244625091552728824 0.09988131374120709505 -0.31103491783142089844 -1.03071904182434082031 -0.01195904985070220077 0.72825694084167480469 -0.86524909734725952148 -1.10750961303710937500 -0.18016232550144190006 -1.35977518558502197266 -1.24609124660491943359 0.51956957578659057617 -0.20723539590835571289 -0.96310746669769276007 -0.44699537754058837891
-0.92625284194946277960 -0.82186049222946166992 -0.32075121998786920718 1.08618760108947753906 1.37894141674041770251 -1.00471937656402610095 -0.65515202283859252930 1.32256555557250976562 1.65567815303802490234 0.49510142207145690918 -1.03830671310424804688 1.74920630455017089844 -0.34573730826377868652 0.03858374059200279926 0.10960085690021509341 0.67244470119476318359 1.56896626949310302734 0.44174259901046747379 -0.73162662982940673828 -0.44633740186691278629 -0.55948185920715332031 0.45666685700416559390 1.66966712474822998047 1.64506435394287109375 -1.26764988899230957031 0.13544261455535888672 -1.07732474803924560547 -0.54738956689834594727 1.72004044055938720703 -0.85828357934951782227 0.82739609479904174805 0.95899802446365356445 1.01748871803283691406 0.13022336363792419434 -1.04859435558319091797 0.98805463314056396484 -1.60628795623779296875 0.11213365942239759965 0.46622678637504577637 1.22126507759094238281 0.56893444061279296875 -0.29586139321327209473 0.71826422214508056641 1.16926455497741699219 -0.41603562235832208804 0.47371622920036310367 -1.00984704494476318359 0.46954721212387079410 1.29519844055175781250 -0.15594033896923059634 1.42592191696166992188
0.81681382656097412109 0.05295208841562269730 0.00817428808659310079 -0.12940995395183560457 1.24100673198699951172 1.04461634159088112561 0.40482625365257257632 -1.29541563987731911389 0.55292516946792602539 -1.55834984779357910156 0.24229648709297180176 -0.26869401335716247559 -0.51813060045242309570 0.70351797342300415039 0.19479297101497650146 -1.72929692268371582031 1.58335435390472389905 -1.58765804767608642578 1.68346726894378662109 0.90472543239593516962 0.44818875193595880679 -1.58794260025024391858 -1.45519018173217751233 -0.59139871597290039062 1.52763593196868896484 0.64313519001007080078 0.61361402273178100586 0.29754489660263061523 -0.94649368524551402704 1.23070633411407470703 -0.98515021800994884149 -1.22874307632446289062 -0.86958110332489013672 -0.33382719755172729492 1.41619193553924560547 1.38763082027435302734 0.75435864925384521484 0.70541942119598388672 0.57763093709945678711 -0.41127288341522211246 -1.23720395565032958984 0.05380763858556739804 -0.71751701831817626953 0.10012473911046980424 0.52328753471374511719 -1.04610407352447509766 -0.91358792781829845087 -0.21438178420066830721 -0.12539041042327880859 -0.82985103130340576172 -0.61343204975128173828
-0.09126105904579159822 0.09104402363300319323 -1.46874070167541503906 -1.46303856372833229749 -0.52203422784805297852 0.27579903602600097656 0.23377521336078641023 -0.34217438101768488101 -0.39041140675544738770 -0.82779663801193237305 -0.20853358507156369295 1.16809630393981911389 1.65533804893493630139 1.65606057643890380859 -0.93929576873779296875 0.13559423387050628662 1.17878258228302001953 1.45292675495147705078 0.49640390276908868961 0.08199277520179740208 -0.94863921403884876593 0.35377010703086847476 -1.30211174488067649158 -1.11816620826721191406 -0.89616477489471435547 -0.42335182428359979800 1.35388147830963112561 1.43724346160888671875 1.02726113796234130859 1.30729484558105490954 0.60501486063003540039 -1.33386421203613281250 1.34787893295288085938 -0.95079857110977161749 -1.17717039585113525391 -1.39439702033996582031 0.42745345830917358398 -1.06666517257690429688 -0.72500526905059814453 0.23289036750793448705 -0.11364012956619259920 0.12101967632770530003 1.68620264530181884766 -0.05304788425564759685 1.05800426006317138672 0.85962390899658203125 -1.63682186603546142578 -0.41184401512145990543 -1.62833333015441894531 -0.33506467938423151187 0.38320726156234741211
0.77395534515380859375 1.31207954883575439453 0.72438722848892211914 0.70696765184402465820 -0.91397273540496837274 -0.51344984769821166992 -0.44385540485382080078 1.22571015357971191406 -1.68434762954711914062 -0.99046105146408081055 0.95421755313873279913 -0.15092332661151880435 -0.91034245491027843133 -0.36713162064552301578 1.32439291477203369141 1.11293900012969970703 -0.31829476356506347656 0.29409196972846979312 -1.02412235736846923828 0.01148204319179049922 -1.32576274871826149671 1.61867606639862060547 0.66507941484451293945 0.30091786384582519531 0.85003882646560668945 -0.58290421962738037109 0.61431044340133666992 0.81971591711044311523 1.40051293373107910156 -0.33931756019592279605 1.16761827468872070312 0.05761125311255450160 -0.06301278620958319920 0.70408785343170166016 0.81555128097534179688 1.05954575538635231702 -1.45109653472900390625 -0.36075425148010248355 -1.41402316093444824219 0.41715705394744867496 -1.59602284431457519531 -1.30688190460205078125 0.75179606676101684570 0.48739913105964660645 -1.18288815021514892578 1.62981951236724831311 -0.98729181289672840460 -0.71063858270645141602 -1.64222013950347900391 0.07550142705440519852 -1.60105347633361816406
-2.03851175308227539062 -1.68795037269592285156 -1.11982417106628417969 -0.94045424461364757196 -1.02132093906402610095 0.30883264541625971011 1.13097190856933593750 -0.78668475151062011719 -1.59054398536682128906 -0.07644494622945779971 -1.66431379318237304688 1.40338230133056640625 -1.52599835395813010486 0.58948320150375366211 1.57817685604095458984 1.12969863414764404297 -0.63683581352233886719 0.55038779973983764648 -0.69065290689468383789 0.35206529498100280762 -0.78436231613159179688 -0.14728882908821100406 0.45465224981307977847 -0.56720036268234252930 0.02591324038803570137 -0.41131022572517389468 -1.55297875404357910156 0.71734231710433959961 -0.81138426065444946289 1.44677615165710449219 -0.63410586118698120117 -0.10378362238407129459 0.25816851854324340820 0.90399020910263061523 -0.49964663386344909668 -0.25349453091621398926 0.53536623716354370117 1.06240165233612060547 1.15318703651428222656 1.49573695659637428967 -1.26434612274169921875 -0.62386661767959594727 -1.67509603500366210938 -0.97824352979660045282 -0.19117970764636990633 -1.72981107234954833984 0.10433001071214670352 0.63883709907531738281 -1.40110111236572287829 0.12224979698657989502 -0.17807024717330929842
-1.30097496509552001953 -1.37194442749023437500 -0.33188152313232421875 1.21202242374420166016 0.30210015177726740054 -0.49644690752029418945 -1.26856124401092529297 0.72757685184478759766 1.51917135715484619141 -0.94691735506057739258 0.62012791633605957031 1.32800006866455078125 -1.26290309429168701172 -0.16821295022964469212 -1.47147762775421142578 0.10191182792186730122 1.42556440830230712891 0.64114242792129516602 -0.80103784799575805664 1.62830197811126708984 -1.27563095092773437500 1.29766142368316650391 -0.18412390351295471191 -0.97476285696029663086 1.55678439140319824219 0.54669368267059326172 -0.27212354540824890137 0.32647359371185302734 -1.00276482105255126953 1.17890655994415283203 1.66766333580017089844 1.06432688236236550061 0.36805209517478937320 1.01574063301086447986 1.75078427791595458984 1.51495981216430664062 1.26538729667663552014 1.12181830406188964844 0.60826057195663452148 1.04279649257659912109 0.57608425617218017578 -1.09674167633056640625 1.14532995223999023438 0.84061187505722045898 -0.70277458429336547852 -1.70819723606109619141 -1.63855075836181640625 -1.02645635604858398438 -1.11043834686279296875 1.75289797782897949219 0.30291947722434997559
-0.37129136919975280762 0.41046184301376342773 1.19355201721191406250 1.64627528190612792969 1.66112899780273437500 -0.91940516233444202765 -0.27113103866577148438 1.03531062602996848376 -0.76585394144058227539 1.08408951759338378906 0.71649515628814697266 1.78557598590850830078 -1.44568014144897460938 1.16172754764556884766 0.41565173864364618472 -0.35537776350975031070 -1.38701891899108886719 1.49485945701599121094 -1.49718832969665527344 0.33505734801292419434 0.95676982402801524774 1.25427007675170898438 1.28383719921112060547 -0.61603778600692749023 1.13442075252532958984 -0.82939201593399047852 0.49244740605354309082 -1.40097475051879882812 1.05306029319763183594 0.36177116632461547852 -1.44260275363922119141 -0.49591377377510070801 -1.43072235584259033203 -1.61328768730163552014 -1.18821322917938232422 -1.14164435863494873047 0.79949784278869628906 -0.42224696278572082520 0.57652848958969116211 -0.70154500007629394531 -1.26164805889129638672 1.57717990875244140625 -1.47204744815826416016 0.80574721097946166992 0.61408853530883789062 0.52001744508743286133 -1.40533375740051269531 -1.19732904434204101562 -1.03777468204498291016 -0.86930376291275024414 1.02822422981262207031
0.28189224004745477847 0.14664404094219199437 -0.25117632746696472168 0.16377149522304529361 1.23916339874267578125 -0.96084403991699218750 0.88583165407180786133 -0.08535217493772499775 -1.07464790344238281250 0.38761487603187561035 0.95051956176757801398 -0.79218959808349609375 0.14132204651832580566 1.04221165180206298828 -0.61526608467102050781 1.15623617172241210938 0.28056412935256958008 -0.12323880195617670230 -1.51810336112976074219 0.22662556171417230777 0.54480415582656860352 -0.47880116105079650879 -0.57455015182495117188 -0.91618895530700683594 -0.23766227066516870670 0.58949726819992065430 -1.17803931236267089844 -0.56604945659637451172 1.46834683418273925781 -0.87967419624328613281 1.32290816307067871094 0.34319463372230529785 0.65718078613281250000 0.86029303073883056641 1.14395046234130859375 -0.91808885335922241211 1.02054631710052490234 -0.10970024764537809892 -0.43896979093551630191 1.26432073116302490234 -1.13763344287872314453 0.66771513223648071289 -0.91928845643997203485 1.41538965702056884766 -0.52534759044647216797 -0.35818541049957269840 0.87794005870819091797 -0.07005958259105679597 -0.89046144485473632812 0.50091749429702758789 0.13393998146057128906
1.64117205142974831311 0.89364355802536010742 -1.32186520099639892578 -1.25595951080322287829 -0.90732723474502563477 0.60856699943542480469 1.48103511333465576172 -1.44843435287475608142 -0.42059195041656488590 1.56301903724670410156 1.36554968357086181641 -1.44242417812347389905 -0.96328961849212635382 -1.57203757762908935547 -0.98212832212448120117 -0.24269388616085049715 -1.46139490604400634766 0.21682362258434290103 -0.51749223470687866211 0.44083270430564880371 -1.03097581863403320312 1.53643548488616943359 1.46559798717498779297 0.69400072097778320312 0.36644595861434930972 -0.98659312725067138672 -0.13980698585510251131 1.01706695556640625000 -1.36932754516601562500 -0.58134329319000244141 0.13665908575057980623 -1.13224983215332031250 -0.17325434088706970215 -1.33388030529022216797 -0.18787485361099240389 0.19966974854469299316 0.32863977551460260562 0.12561385333538049869 0.63565999269485473633 0.06022718548774710218 1.33341455459594726562 -1.64813804626464843750 -0.52122133970260620117 1.06384348869323730469 -0.98216658830642700195 0.65267604589462280273 1.17485439777374289783 -0.00738144200295199997 0.88226264715194702148 0.33101454377174377441 -0.54792147874832153320
-0.11784634739160529393 0.02791220322251319885 -1.49582874774932861328 -1.74909543991088889392 -1.64969718456268310547 -1.56526207923889160156 0.79436731338500976562 1.35237812995910644531 -1.20559680461883544922 -0.59072965383529663086 1.57055425643920898438 -0.59668880701065063477 1.33701860904693603516 -0.70261919498443603516 1.26406204700469970703 0.09405601024627679996 1.50758445262908935547 -0.01498965360224240040 -0.21685086190700531006 -1.71910715103149391858 -0.01737061887979500160 1.61037945747375488281 1.27289724349975608142 1.25182974338531494141 -0.27616584300994867496 -0.37224784493446350098 -1.04067707061767578125 0.59663236141204833984 0.48160570859909057617 0.20668666064739218968 1.36557281017303489001 -1.69450950622558593750 -1.06415355205535888672 0.53791439533233642578 0.43052661418914789371 0.19374954700469970703 -0.26550433039665222168 0.23908819258213040437 -0.37376663088798517398 -1.66584408283233642578 -0.73492872714996337891 -1.63589513301849365234 -1.52928936481475830078 -0.95535957813262939453 1.34419083595275878906 -1.59305787086486816406 -0.95472550392150878906 -1.27240216732025168689 1.40085983276367209704 0.41487058997154230289 0.38407185673713678531
-0.13132093846797940340 -0.29192647337913507632 -1.03527319431304909436 -0.64881128072738647461 -1.22555589675903320312 1.66160225868225097656 -1.21229863166809082031 -0.95586413145065318719 1.50493180751800537109 -1.05496072769165039062 1.18643033504486083984 0.82867908477783203125 -1.12468755245208740234 -1.12207329273223876953 0.32150107622146600894 -1.49105322360992431641 1.23899567127227783203 0.24467663466930389404 0.52502459287643432617 -1.05941593647003151624 -1.67557883262634277344 0.48124721646308898926 0.72064238786697387695 -0.90758991241455078125 -0.23995086550712579898 -1.54503345489501953125 -1.39258003234863281250 0.73618549108505249023 0.20402055978775018863 -0.38440057635307312012 1.10346055030822753906 1.56126165390014648438 -0.57335311174392700195 0.87460404634475708008 0.61463993787765502930 -0.17502804100513449925 -0.60462141036987304688 0.37644323706626892090 1.34984874725341796875 -1.25193524360656738281 -0.52710890769958496094 0.41425859928131097965 -1.53532958030700683594 -0.52176111936569213867 1.44044530391693115234 -0.87491565942764282227 1.15459394454956032483 -0.87589067220687866211 -0.67106521129608154297 -0.28596326708793640137 0.78630840778350830078
0.26434579491615289859 -0.69853401184082031250 -0.52375715970993041992 1.57652616500854492188 0.61035788059234619141 -1.35032474994659423828 -0.07283578068017959595 -0.74307465553283691406 -0.38903403282165527344 1.48029005527496337891 0.37235537171363830566 -1.16133356094360351562 0.80366277694702148438 -0.85723596811294555664 0.57920855283737182617 -0.04497876390814779801 1.72253477573394775391 1.60004627704620361328 0.95573610067367564813 1.51572418212890625000 -1.38701033592224121094 -0.69061845541000366211 1.37513065338134765625 -0.71203184127807617188 0.54186290502548217773 -0.82134121656417846680 1.35573995113372802734 0.83378338813781738281 -0.15615530312061309814 -0.92212957143783558234 -0.18709239363670349121 -0.81879317760467529297 -0.28220012784004211426 -1.61801064014434792249 -0.99826943874359119757 0.91267716884613037109 0.88620722293853759766 0.47841352224349970035 -1.41924154758453369141 0.98040270805358875617 -1.22327494621276855469 1.23479473590850830078 0.32269150018692011050 -1.22687864303588889392 -0.41260370612144470215 1.05712747573852539062 -0.98547691106796264648 -1.39159667491912841797 1.04572713375091552734 -1.26940155029296875000 1.61521255970001220703
1.60225975513458229749 1.56018149852752685547 1.43831634521484375000 0.61063390970230102539 0.24325719475746149234 -0.71295082569122314453 -1.18420076370239257812 -1.58443224430084250720 0.29957076907157897949 0.60795408487319946289 0.38801974058151239566 -0.48657536506652832031 0.13469073176383969392 0.50886011123657226562 -0.69800257682800292969 0.86213123798370361328 -0.07288240641355510363 -1.23408234119415283203 -0.97563475370407104492 1.50294685363769509046 1.03941726684570312500 1.54580450057983398438 1.62915372848510742188 -0.34953784942626947574 -0.90676271915435802118 1.28402185440063476562 -0.34851256012916559390 0.33630153536796569824 0.36639815568923950195 1.69650506973266601562 1.53340768814086914062 0.79433578252792358398 0.52349424362182617188 0.62849730253219604492 0.90422761440277099609 0.34687101840972900391 0.93984377384185802118 -1.38578200340270996094 0.78032237291336059570 0.57186275720596313477 0.99705499410629283563 -0.25024771690368652344 1.21776020526886008533 -0.34001591801643371582 -0.78407496213912963867 1.31115579605102539062 -0.07827512919902800126 0.45548024773597717285 -0.39910975098609918765 -0.05853612348437300245 1.00252521038055419922
1.35846281051635742188 1.46463620662689208984 0.26454815268516540527 -0.58131182193756103516 -1.39453005790710449219 1.66377770900726318359 1.66956043243408203125 -0.17297321557998648900 -0.56616002321243286133 -0.70438134670257568359 -0.88028854131698608398 -0.08720961958169930195 1.21884036064147949219 1.59250247478485107422 -0.89044708013534545898 -0.77637082338333129883 -1.34532523155212402344 1.34853875637054443359 -0.03454102948307990334 -0.95652616024017322882 1.55621004104614257812 0.36252039670944208316 1.37543845176696777344 0.05893228203058240022 0.92410135269165039062 -1.50710558891296408923 -0.50445657968521118164 1.50207090377807617188 -0.50952470302581787109 -0.20243106782436370850 -0.35160943865776062012 -1.04736316204071044922 -0.57798427343368530273 -1.08065545558929443359 1.31266343593597389905 1.56893062591552712171 0.98147559165954600946 1.16684031486511230469 -1.01797187328338623047 -0.95720422267913818359 0.33600077033042907715 -0.97435241937637317999 -0.55880266427993774414 -0.23229071497917169742 0.10453247278928749775 0.05451960116624830072 -0.26794961094856262207 0.80251097679138183594 -1.12336444854736328125 0.47755008935928339175 -0.35745304822921747379
0.42300370335578918457 -0.23860664665698999576 -0.86159217357635498047 -1.53078925609588623047 0.03763652592897410304 -0.65659850835800170898 1.43872594833374023438 0.91827952861785877570 -0.77784788608551025391 -0.08163850754499429874 0.33816930651664728336 1.31312716007232688220 1.45947992801666259766 0.93981146812438964844 -1.50334525108337402344 0.49890315532684320621 1.61670076847076416016 -0.65799748897552490234 -0.68304049968719482422 1.31730175018310569079 -1.54670286178588889392 0.61732959747314453125 -0.73834395408630371094 -0.19633501768112179842 -0.01924552954733370000 -0.92249774932861317023 -0.20990386605262750797 -0.77849853038787841797 0.47629106044769281558 0.18808694183826440982 0.49294871091842651367 -0.11190029978752130679 0.29617756605148309879 -1.69383704662322998047 -0.27592918276786798648 0.67909055948257446289 0.72872871160507202148 -0.20615234971046439427 1.11761498451232910156 0.78192579746246337891 1.68893170356750488281 1.28521275520324707031 -0.00425067963078609983 -1.17798590660095192639 -1.05378377437591552734 -1.32427847385406494141 -1.49651896953582763672 1.40038025379180908203 0.30037984251976007632 -1.54988038539886474609 -0.07941915839910500263
-1.80170512199401833264 -1.55717384815216064453 -0.15233838558197018709 -0.24598948657512659244 1.13472437858581542969 -1.12831413745880126953 -0.28849843144416809082 0.08659702539443969727 -1.06252515316009521484 -1.05204975605011008533 0.03462189435958860223 -1.31966304779052712171 0.57605135440826416016 -0.57671535015106201172 1.70228517055511474609 -0.98339962959289561883 -1.03709745407104492188 -0.27603846788406372070 0.45280203223228449039 -0.90161377191543579102 -0.48179373145103449039 -0.51939511299133300781 -0.65576809644699096680 -0.14392435550689688939 -0.12525367736816400699 1.57300126552581809314 1.41340339183807350842 -0.81556302309036254883 1.23544645309448242188 1.55900859832763671875 0.30307608842849731445 -0.98671281337738037109 0.48936450481414789371 -0.61263024806976318359 -1.29833197593688964844 -0.35024335980415338687 0.52897691726684570312 1.63258230686187744141 0.11668076366186140580 -0.61865013837814331055 -0.37697544693946838379 -1.41629016399383544922 0.52038311958312988281 -0.92212963104248035773 0.21268576383590689916 -1.59571647644042968750 1.19656455516815207751 1.50873720645904541016 0.14528205990791320801 -1.16032373905181884766 0.07019001990556709980
0.60203444957733154297 1.27147626876831032483 -0.43701508641242980957 -1.65204930305480957031 0.32649847865104669742 0.75879144668579101562 1.40956902503967285156 0.93257302045822143555 -0.32454589009284967593 -1.62220525741577170642 -1.07667422294616699219 1.40094685554504394531 1.21288633346557617188 -1.18607342243194580078 -0.04152959585189810315 -0.58089947700500488281 -1.54181933403015136719 -1.45273149013519287109 -0.75801855325698852539 -0.01616437360644340168 -1.47652506828308105469 1.33496177196502685547 1.21411144733428955078 -1.56581604480743408203 -1.16765725612640380859 -1.35408687591552712171 -1.40946114063262939453 0.37808516621589660645 1.74716842174530029297 -1.62774562835693359375 1.16692233085632324219 0.09607975929975509644 1.33201706409454367908 0.71296554803848266602 0.70630055665969848633 1.47124326229095458984 0.49552088975906372070 -0.18610602617263791170 -0.67039781808853149414 -1.41450786590576149671 -0.42116856575012201480 -1.54086029529571510999 0.86741149425506591797 -1.22380328178405761719 0.79330652952194213867 1.18721890449523925781 0.27842316031455988101 1.66846287250518798828 -1.16678440570831298828 -0.31546747684478759766 -1.65367174148559570312
1.50487375259399391858 1.53888142108917236328 -0.00226766406558450003 -0.39125451445579528809 -0.05224387720227240128 -0.00290511199273160020 1.03105258941650390625 -0.45387825369834899902 -0.92119318246841441766 1.30496323108673095703 1.63139605522155761719 -1.61999285221099831311 -0.69591593742370605469 -0.21850243210792538728 -1.50591731071472167969 -1.70339787006378151624 0.89239841699600219727 1.58443951606750488281 1.47812104225158691406 0.73256832361221313477 1.06886327266693115234 -0.63241440057754516602 -0.67612642049789428711 -1.57446134090423583984 0.67874699831008911133 -0.53447866439819335938 -0.50906032323837280273 -0.02616837434470650064 1.25810241699218750000 1.51928865909576416016 1.38676214218139648438 0.74489551782608032227 1.14372062683105490954 -0.42126324772834777832 -1.26987564563751220703 -1.51979947090148925781 -1.78311204910278320312 0.13824008405208579320 -0.76032137870788574219 -1.05197322368621848376 0.48520383238792419434 -0.72316801548004150391 1.16826987266540527344 0.42903104424476617984 -0.03899716585874549862 -1.54345929622650168689 -1.67763996124267578125 0.11654453724622719502 -1.28216814994811989514 0.32170447707176208496 0.64840376377105712891
-0.49388599395751947574 -1.19763934612274169922 -0.90901803970336925165 1.13888716697692871094 -0.24196328222751609105 1.05447876453399658203 0.54541248083114624023 -1.04621958732604980469 -1.29198312759399391858 -0.89932423830032348633 0.23669645190238949861 1.41057944297790527344 0.00754293426871290029 -0.47574770450592041016 -1.30513274669647216797 1.10271084308624289783 -0.57842069864273071289 0.97013175487518321649 -0.04946015402674670131 -0.22619734704494470767 0.34504640102386469058 -1.36777019500732421875 -1.18797004222869873047 0.65495115518569946289 -1.48754799365997314453 -0.98457980155944824219 -0.83199244737625122070 0.28315138816833490543 0.11685597151517859715 -0.32783028483390808105 0.96680688858032237665 0.67438769340515136719 -0.06398092210292810611 -1.13841283321380615234 1.34320724010467529297 -0.04528305307030670163 -1.78905773162841796875 -1.10161304473876953125 0.90334486961364757196 -0.01208562683314079976 0.52592486143112182617 -1.17305672168731689453 0.89306819438934326172 -0.55963677167892456055 0.56468242406845092773 -0.04325690865516659822 1.31496763229370117188 -0.08967687934637069702 -0.06392403692007060656 1.24421060085296630859 0.90334093570709239618
-0.42894074320793151855 0.10273970663547510318 0.97401434183120716437 0.57396727800369262695 0.82999646663665771484 1.28388655185699462891 0.59964144229888916016 1.17867088317871093750 0.82501429319381713867 1.37906360626220703125 -1.29782152175903320312 1.39253306388854980469 -0.28326585888862609863 -1.05222046375274658203 0.46778756380081171207 1.72151756286621093750 -0.16998115181922909822 -0.56480324268341064453 -0.85479485988616943359 0.69619953632354736328 0.89558225870132446289 0.22607524693012229222 -1.00531506538391113281 -0.45549678802490228824 -1.64640748500823952405 0.62685704231262207031 -0.01658126153051850057 -1.67022204399108886719 0.79579406976699829102 0.64323955774307250977 -1.47016906738281250000 -1.26363897323608398438 -1.53645050525665283203 0.35404923558235168457 0.91768032312393199579 -1.14150118827819824219 1.64949440956115722656 0.25476801395416259766 -0.33280491828918451480 1.44942724704742431641 -0.23427452147006980199 0.25952041149139398746 1.50854241847991943359 1.36341691017150878906 1.46691858768463112561 -1.12376534938812255859 -0.66753977537155151367 0.44417995214462280273 1.22933304309844970703 -0.81293296813964843750 0.93263781070709239618
1.43771326541900634766 0.76335906982421875000 2.17868661880493208471 0.93429255485534679071 -1.69970393180847167969 -0.92490804195404041632 1.59501838684082031250 1.64640128612518310547 0.44014957547187799625 -1.30873596668243408203 1.12696123123168967517 1.54119110107421875000 0.94563883543014515265 -0.63841789960861206055 -1.09066712856292724609 1.58454108238220192639 -0.44040691852569580078 1.16030573844909690173 1.18823349475860595703 -1.68700814247131369861 -1.50511455535888671875 0.78583019971847534180 -1.29712200164794921875 1.65532207489013671875 -0.53993898630142211914 -0.57336497306823730469 1.60207283496856689453 -0.48176124691963190250 -0.43883445858955377750 1.39463675022125244141 1.16846203804016113281 0.20186993479728698730 -0.90181803703308105469 -0.83214372396469116211 -1.09680521488189697266 -1.32330274581909179688 -0.29673030972480768375 0.53700101375579833984 0.66275310516357421875 -0.26916971802711481265 -1.78476238250732421875 -1.13600242137908935547 1.10729157924652099609 0.68013340234756469727 -0.10619617998600000552 -0.14467041194438928775 0.81143552064895629883 1.62895202636718750000 1.18551576137542724609 -1.26190233230590820312 -1.30347454547882080078
1.07247185707092285156 0.32150518894195551090 0.20619787275791159886 1.40277433395385742188 0.67960119247436523438 -1.43056941032409690173 -1.35839104652404807361 -1.35540664196014404297 0.38521543145179748535 -0.31362047791481018066 -1.41325020790100097656 -1.59731757640838623047 0.95162403583526600226 -0.37429049611091608218 0.36608922481536859683 0.28560137748718261719 0.81083613634109497070 -1.01576602458953857422 -1.75339734554290749280 -1.69622814655303955078 -0.51184684038162231445 0.07118640840053550023 0.54444885253906250000 1.74176073074340820312 -1.45392858982086181641 -0.96438014507293701172 0.18760260939598080721 0.11986315995454779881 -0.93635249137878417969 -0.06668724119663230199 1.34252548217773437500 -0.53187471628189086914 -0.78369259834289550781 -1.07020783424377441406 1.53216755390167236328 -0.51495939493179321289 -0.84481126070022583008 -0.59582155942916870117 -0.81407815217971801758 1.58657932281494140625 -1.20179522037506103516 -0.80902910232543945312 -0.66414731740951538086 0.08802060037851329455 -0.81925463676452636719 -1.04990494251251220703 1.76817715167999289783 -1.19494330883026123047 -0.83393108844757080078 -0.69067740440368652344 -0.85598176717758178711
0.18756353855133051090 -0.03847397863864889661 -1.28809475898742675781 -1.10994088649749755859 -1.13339865207672119141 0.93653190135955799445 -0.41263297200202941895 1.06989121437072753906 -0.24508622288703910130 1.65429925918579101562 -0.01302169542759649967 -1.52548599243164062500 -0.15003949403762809056 -0.37413790822029108218 -0.88556748628616333008 -1.40961575508117675781 1.05013704299926757812 0.12103103101253509521 1.36114323139190673828 0.23972384631633750218 -1.31166434288024902344 -0.45645087957382202148 0.78432363271713256836 1.08792734146118164062 -0.06146230176091189989 1.73442900180816650391 0.32284724712371820621 -1.01621496677398681641 1.75683879852294921875 -1.06102752685546875000 -0.24306951463222500887 1.78242194652557350842 1.24766373634338378906 -1.10968291759490966797 0.04585507139563559792 -0.80757594108581542969 0.84032738208770751953 -0.55663228034973144531 0.49110028147697448730 -1.08806836605072021484 1.13343751430511474609 0.03158724308013909771 -0.99876469373703002930 0.85696768760681152344 -1.31350481510162353516 -1.28244984149932861328 -0.01874135620892039902 1.60421133041381835938 -0.27682295441627502441 -1.06400525569915749280 0.50917202234268188477
-0.48567169904708862305 0.14933259785175320711 0.88458997011184692383 0.54728341102600097656 -1.05832171440124511719 0.54674512147903442383 -1.76705729961395263672 0.86556345224380493164 -1.19196164608001708984 -0.53384155035018920898 1.04958248138427712171 -0.59766060113906860352 0.86151242256164550781 -0.89173609018325805664 0.55644512176513671875 0.38037621974945068359 -0.64124107360839843750 -0.04950743541121480074 0.98536217212677001953 -0.03564340621232980205 0.58782142400741577148 -1.53666734695434570312 0.02389218844473359887 -0.56730997562408447266 0.10053647309541699495 0.01743482425808899963 0.50048303604125976562 -0.68677902221679687500 0.24896317720413199681 0.17168948054313659668 1.39136970043182350842 -0.36914935708045959473 -0.67043411731719970703 1.75103831291198730469 -1.39074897766113281250 -0.36619523167610168457 0.21420246362686148900 0.69877290725708007812 -1.62089788913726806641 -0.40805083513259887695 -0.76480507850646972656 0.82456749677658081055 1.13093090057373046875 -1.41913104057311989514 -0.39990773797035217285 0.56274062395095825195 0.15118980407714840974 -1.15252304077148437500 -0.38589173555374139957 -1.26554274559020996094 0.66141706705093383789
1.50073921680450439453 1.63524365425109863281 1.83468151092529296875 0.54826980829238891602 -0.91793125867843639032 0.94780683517456043585 -0.85251432657241821289 1.28901481628417968750 -1.28035140037536621094 1.43762993812561035156 0.53041052818298339844 0.69216901063919067383 1.17702531814575195312 0.82246392965316772461 -0.89093202352523803711 0.72252231836318969727 -1.29823315143585205078 -1.57348835468292236328 -0.83825534582138061523 0.70461243391036987305 -0.19094474613666528873 -0.50104862451553344727 0.84561961889266967773 -1.05209267139434792249 0.42726984620094299316 -0.34181553125381469727 -1.19308459758758544922 -0.88275629281997680664 -1.54922568798065207751 0.69081556797027587891 0.69745850563049316406 0.54076302051544189453 -1.59909427165985107422 0.81523877382278442383 -1.24254405498504638672 -1.09080660343170166016 0.98075360059738159180 -0.04339926689863200099 -0.63934224843978881836 1.29112267494201660156 -0.86323833465576171875 -0.34406661987304687500 -0.48586362600326538086 -0.82402569055557250977 -0.72193038463592529297 0.60279649496078491211 1.59179091453552246094 -0.53440928459167480469 -0.75128465890884399414 0.81385874748229980469 0.84752988815307617188
-0.10444039851427069920 0.02168148942291730011 0.84224265813827514648 0.94288522005081176758 -0.34168198704719537906 -1.02572882175445556641 -0.19200921058654779605 0.87406516075134277344 -0.96103703975677479132 -0.14011420309543609619 1.64224576950073242188 -1.15328514575958229749 1.37412965297698952405 -1.07587134838104248047 1.36792135238647460938 0.57029020786285400391 -1.07999265193939208984 -1.26915442943572998047 0.64727979898452758789 0.38978832960128778629 1.35772705078125000000 1.00109684467315673828 -0.77208334207534790039 1.60390222072601318359 0.49070426821708679199 0.25749024748802179507 -0.68579196929931640625 1.64250516891479492188 1.11094534397125244141 -0.14286626875400540437 -0.86880975961685180664 -0.80497688055038452148 1.30367696285247802734 -1.65096247196197509766 -1.50544345378875710217 -0.87054502964019775391 -0.46900674700736999512 0.58794230222702026367 -1.47751295566558837891 -0.11713469773530960083 -0.64616066217422485352 -0.38720282912254327945 -0.78076159954071044922 1.49426865577697753906 1.41944873332977294922 0.81359517574310302734 -1.60870420932769775391 0.77420103549957275391 1.30143308639526367188 -0.07486139237880699848 0.80053389072418212891
0.26290231943130487613 1.16905248165130615234 1.90980398654937721936 1.44711709022521950452 1.07777905464172363281 -0.19542315602302551270 0.13758718967437741365 1.06194043159484863281 -0.16199952363967889957 -0.18245163559913629703 1.35254609584808349609 -1.37807774543762207031 -0.12386400252580639925 0.94657325744628917352 1.59379303455352783203 1.42667055130004882812 0.87762802839279174805 0.20496170222759241275 -0.53160810470581054688 -1.51504993438720703125 -1.32279109954833984375 0.50529181957244873047 -1.69723391532897949219 -1.18518948554992675781 -0.69238823652267456055 -0.89109987020492553711 -0.49344080686569208316 -1.61214911937713623047 0.33567082881927490234 -1.22551584243774391858 0.89409261941909790039 -0.11434735357761380281 1.35136163234710693359 -0.53811192512512207031 1.08190310001373291016 -0.66049891710281372070 -1.31391966342926047595 -0.12447948008775709672 0.53991997241973876953 -1.37234592437744140625 -1.23460698127746582031 -0.71544617414474487305 0.85916781425476074219 -0.81648027896881103516 -1.59793794155120849609 -1.72260320186614990234 1.27521646022796630859 -1.72534215450286887439 0.55365329980850219727 -0.41594794392585748843 -1.08321237564086914062
-0.87227421998977661133 -1.13822495937347389905 -0.78168725967407226562 -1.49894523620605490954 -0.16422964632511138916 0.45678985118865961246 0.71444284915924072266 0.39763069152832031250 1.05071175098419189453 -0.70311862230300903320 -0.00639408873394130012 -0.03484337031841269749 -0.51242411136627197266 -0.13105605542659759521 -0.93742930889129638672 0.93511295318603515625 0.84855872392654418945 1.06248581409454367908 -0.83775174617767333984 -0.07225370407104489412 0.24161326885223388672 -1.49530506134033203125 -0.76468265056610107422 -0.65388929843902587891 -1.02334594726562500000 -0.09981101006269449405 -1.59016346931457519531 -0.26996654272079467773 0.66075426340103149414 0.05005706474184989929 -0.62280941009521484375 -0.09340307861566539416 -0.92114365100860595703 -0.86847227811813354492 -0.30694913864135742188 -0.93781840801239002570 1.50792264938354492188 1.57700097560882568359 -1.17175614833831809314 -1.37118458747863769531 0.61854857206344604492 -1.59836745262145996094 0.95812374353408802374 0.25670984387397760562 1.16257429122924804688 -1.23195815086364768298 0.09005241096019739322 1.13064205646514892578 -1.11185741424560569079 1.23495757579803489001 -0.02189887128770350022
-0.12224668264389029759 0.37482866644859308414 0.27249842882156372070 0.73556739091873168945 0.47401008009910577945 -0.56514954566955566406 0.35684716701507568359 1.07372355461120605469 -1.26473534107208229749 0.58078002929687500000 1.65336418151855490954 0.16107864677906030826 -0.11633718013763419408 -1.49512779712677001953 0.32577621936798090152 -0.33854830265045160465 -0.59154272079467773438 -0.35904818773269647769 -0.43849623203277587891 -1.18600702285766601562 -0.94469666481018077508 -0.02349792048335069827 0.30090951919555658511 0.91400247812271118164 -0.83703690767288208008 -0.73513448238372802734 0.31564122438430780582 -0.83335095643997192383 0.81366240978240966797 1.67321813106536887439 0.65154308080673217773 0.37574979662895202637 0.24165706336498260498 -0.61088949441909790039 -1.31286883354186989514 -0.73758316040039062500 0.24979944527149200439 1.23691689968109130859 -1.42820763587951660156 -1.18488967418670632092 1.54466390609741210938 -1.01606082916259765625 0.45609167218208307437 1.49836325645446777344 -1.16063106060028076172 1.48281860351562500000 1.32150864601135231702 0.34979635477066040039 0.04760049656033509685 0.15089395642280578613 0.37673568725585937500
-0.85564392805099487305 -1.53562355041503906250 -1.27176976203918457031 -0.47739318013191217593 0.27104002237319940738 0.95486152172088623047 -1.51622092723846435547 0.13312377035617820042 -0.67010045051574707031 -0.30890265107154840640 0.78021466732025146484 1.04543805122375488281 -1.15432584285736083984 -0.46311792731285089664 -1.30901992321014404297 -1.64840590953826904297 -0.73070847988128662109 -0.45127141475677490234 -0.81918776035308837891 1.23474681377410888672 -0.22982788085937500000 -1.51140344142913818359 -0.75274622440338134766 -0.43826001882553100586 0.05497836321592330239 -0.77801197767257690430 0.68525725603103637695 -0.61943697929382324219 0.47396257519721979312 1.24070680141448952405 -1.39827692508697509766 -0.59590238332748413086 -0.20347191393375391177 1.26684474945068359375 0.65626233816146850586 -0.26457941532135009766 -1.48967742919921875000 0.15388041734695429019 -1.25664818286895751953 0.68794125318527221680 -1.77086114883422829358 1.25547111034393310547 1.16809022426605224609 -1.57736682891845703125 -0.84956157207489013672 -0.28031969070434570312 -1.33075189590454101562 0.59171539545059204102 -0.85910594463348388672 -0.49768829345703119449 0.26545736193656921387
1.29383528232574462891 0.78126412630081176758 1.04936325550079367908 0.74967539310455322266 -0.37648907303810119629 0.57218766212463378906 0.88028764724731445312 -1.11155927181243896484 -0.00877208076417440065 0.94693690538406360968 -0.43981277942657470703 1.38466548919677712171 -1.71460652351379394531 -0.01444806065410370044 1.57824838161468505859 0.76390260457992553711 -1.43675684928894042969 0.31645151972770690918 -1.19362092018127441406 0.38037994503974909000 1.19520533084869384766 -0.85434150695800781250 1.13779044151306152344 0.84024226665496826172 0.50240844488143920898 -0.20919771492481228914 1.71183264255523681641 -1.09713625907897949219 -1.17173945903778076172 0.18070620298385620117 -0.89226633310317993164 1.53274714946746848376 -1.28088033199310302734 -1.01972854137420632092 0.77342188358306884766 1.43424272537231445312 -1.51896095275878906250 -0.35927712917327880859 0.40607565641403198242 0.56917673349380493164 -0.64836281538009643555 0.42240184545516967773 1.62521052360534690173 -0.57751643657684326172 0.38016170263290399722 -1.39660251140594482422 -0.43920913338661188297 -1.08188796043395996094 1.14220738410949707031 0.58116006851196289062 -1.45223569869995117188
0.30629768967628479004 0.43581977486610412598 -0.41485062241554260254 -0.49385446310043329410 -0.73181039094924926758 0.19591461122035980225 -1.15112352371215820312 0.91586345434188842773 0.56783425807952880859 0.68217462301254272461 0.46690413355827331543 -1.43911623954772949219 1.52397370338439941406 1.49797379970550537109 1.45305585861206032483 0.33663022518157958984 1.36295354366302490234 1.42204988002777099609 0.69703221321105957031 1.65722811222076416016 1.40937435626983642578 -0.27003428339958190918 1.66663193702697753906 -0.26430973410606378726 0.56641715764999389648 1.72868251800537109375 -0.60573345422744750977 -1.18839931488037109375 0.67921894788742065430 0.51306438446044921875 -1.16564142704010009766 0.91730111837387084961 -0.60828548669815063477 -1.16100955009460449219 -1.49308276176452636719 0.58660781383514404297 0.81328737735748291016 -0.97715646028518676758 0.14121037721633911133 0.79614269733428955078 1.38761031627655029297 0.04843424260616299715 -0.34869015216827392578 1.37059283256530761719 1.16551899909973144531 1.29945731163024902344 -1.24402725696563720703 -0.42650738358497619629 -1.21128249168395996094 -1.18589925765991210938 -0.98189449310302723273
-0.93208444118499755859 -0.68938624858856201172 -1.07183158397674560547 0.82400822639465332031 -1.72645413875579833984 0.95015591382980357782 -1.74156165122985839844 -0.44358146190643310547 0.00690978579223149991 -1.05844891071319580078 1.60495734214782714844 1.71391439437866210938 -1.70649194717407248767 0.45694792270660400391 -0.39632502198219299316 1.15300011634826660156 0.16005355119705200195 0.54410910606384277344 1.21971571445465087891 1.44240105152130126953 -0.96123480796813964844 -0.42233607172965997867 -1.66790497303009033203 -0.78077447414398193359 -0.20604625344276419896 0.50346469879150390625 -1.10541975498199462891 -1.05857574939727783203 -0.88035327196121215820 -0.72898131608963012695 0.56082594394683837891 0.23610335588455200195 -1.32089555263519287109 1.67662537097930908203 -1.07444345951080322266 1.21093714237213112561 0.47657784819602960757 1.41474366188049316406 1.69855475425720192639 1.03973674774169921875 0.00680903252214189961 1.18699944019317649158 0.15652832388877868652 1.68185675144195556641 0.11590772122144689382 -1.27136933803558349609 0.97659653425216674805 1.62636089324951149671 -0.20459811389446250218 -1.33760201930999755859 1.07106566429138183594
0.21444773674011230469 0.44257408380508417300 1.42745673656463623047 1.35041439533233642578 0.00273332116194060018 0.75406777858734130859 -1.26153004169464111328 0.94693213701248157843 -0.30565491318702697754 1.07553553581237792969 -0.80446684360504150391 -1.25218808650970458984 0.45547550916671747379 1.09191215038299560547 0.67995458841323852539 0.39644098281860351562 -1.61278855800628662109 0.75808840990066528320 1.42040193080902099609 0.36751973628997802734 1.26979398727416992188 -0.84320414066314697266 -0.28091165423393249512 -1.37361872196197509766 -1.50505220890045166016 0.47322490811347961426 -0.33501631021499628238 0.89368075132369995117 1.13056886196136474609 0.43886157870292658023 0.46196678280830377750 0.52275520563125610352 0.20324337482452389803 0.49200323224067687988 -1.58419215679168701172 -0.39099699258804321289 0.55478328466415405273 -0.80810451507568359375 -0.29074496030807489566 0.27198070287704467773 0.62661170959472656250 0.44006377458572387695 -0.05783931538462629834 -1.64232599735260009766 0.80998253822326660156 0.80658710002899169922 1.74918043613433837891 1.66814565658569335938 -0.92554247379302978516 0.17583395540714261140 -0.04137044027447699807
0.42139232158660888672 0.38782420754432678223 0.27297893166542047672 -0.28061023354530328922 -1.31619930267333984375 0.09017578512430189652 0.28938052058219909668 -0.27908942103385919742 0.48653152585029602051 0.89856714010238647461 1.04400825500488281250 1.63463127613067649158 0.63757824897766113281 -1.12817084789276123047 -0.92579203844070434570 1.03133153915405273438 1.00695002079010009766 0.12483911216258999910 -0.67953944206237792969 -1.73852586746215820312 0.76931351423263549805 -1.03709924221038818359 0.88715541362762451172 -0.93230700492858875617 -1.25174784660339355469 -1.38703584671020507812 0.88145774602890014648 -0.82625043392181396484 -0.92382633686065684930 0.80534666776657104492 1.65191864967346191406 -1.50424110889434792249 1.15372753143310569079 -0.26487490534782409668 -1.44662427902221679688 -1.60286498069763183594 -1.61743044853210449219 0.26992535591125488281 0.41224309802055358887 1.55930864810943603516 -0.03749852627515790071 1.64829790592193603516 -0.18895249068737030029 0.25808763504028320312 0.38194230198860168457 0.40342637896537780762 -0.81341719627380371094 0.48790940642356872559 0.23029917478561401367 -0.23072801530361169986 -1.03713762760162353516
0.24388891458511349764 0.55262011289596557617 1.19820547103881835938 0.66389346122741699219 0.24902455508708951082 -1.46162688732147216797 -1.63943409919738769531 -0.54540091753005981445 -0.75357335805892944336 0.62559491395950317383 1.42206418514251708984 -1.53792381286621093750 -0.18963345885276788882 0.89694386720657348633 0.87353557348251342773 0.59507554769515991211 1.53360044956207275391 -0.42437773942947387695 0.29540315270423889160 -1.63319218158721923828 -0.18779763579368591309 0.23771139979362479466 0.63316023349761962891 -0.87488025426864624023 0.57559317350387573242 -0.44617009162902832031 1.05733954906463623047 -0.49467608332633972168 1.47769224643707275391 -0.26656684279441827945 0.57871270179748535156 1.30836892127990722656 0.88349115848541259766 -1.15603435039520263672 -0.70123535394668579102 -0.03067532181739799843 -0.68504595756530761719 -0.65939992666244506836 -1.32680499553680419922 1.66377055644988991467 -0.42168775200843811035 -1.06946408748626708984 0.18136583268642419986 -0.65556192398071289062 -1.15993034839630126953 0.34948560595512390137 -1.33657908439636230469 0.26867789030075067691 -0.59725099802017211914 0.35108280181884760074 -0.88303428888320922852
-0.67631191015243530273 -0.86238014698028564453 -0.28285416960716247559 0.36732709407806390933 -1.40285754203796408923 1.39475035667419433594 1.65157771110534690173 1.49049925804138183594 1.27045726776123046875 -1.36551463603973410876 0.35085046291351318359 0.52240401506423950195 -1.61583006381988525391 1.35276710987091064453 0.77616959810256958008 -0.18451294302940368652 1.51663625240325927734 -0.69935697317123413086 -1.60280215740203857422 0.94622027873992919922 1.54987251758575439453 -0.96444445848464954718 -0.76325386762619018555 -1.33985662460327170642 0.03047934547066679864 -1.37447679042816162109 -1.60048270225524902344 -0.15668284893035888672 1.10336244106292724609 0.09452923387289040302 -1.18344545364379882812 -0.60793989896774291992 1.56674456596374511719 -0.48386037349700927734 -1.31543445587158203125 0.03924922645092009804 0.51990383863449096680 -0.76815664768218994141 1.15736639499664306641 -0.96213775873184204102 0.39241763949394220523 1.17523741722106911389 -0.04471595212817189996 -0.99534833431243896484 1.28546285629272460938 0.63624274730682373047 1.37247955799102783203 -1.30446982383728049548 0.40332731604576110840 -0.93426412343978881836 0.49753031134605407715
1.29618370532989501953 0.49620738625526428223 0.58227360248565673828 0.95079696178436279297 0.18801823258399960603 -0.66759824752807617188 -0.37569394707679748535 0.42192983627319330386 -1.68081259727478049548 -0.07859577983617779817 -1.15038812160491943359 1.61616218090057350842 0.00475673237815490025 -0.80704832077026367188 1.66377627849578857422 0.81018817424774169922 1.35054481029510498047 0.89947843551635742188 -0.50253307819366455078 -0.28644958138465881348 0.77718716859817504883 0.83115559816360473633 0.94310092926025401727 -0.86402672529220581055 0.71845662593841552734 -0.56073957681655883789 1.11898541450500488281 0.42678681015968322754 -1.11308145523071289062 -1.70478439331054687500 1.58126938343048095703 -0.85204356908798217773 1.25503242015838623047 0.05118264630436890339 -0.62297302484512329102 -1.15081465244293190686 -0.36703833937644958496 -0.81672084331512451172 -0.84423029422760009766 -1.71736824512481689453 1.49372231960296630859 -1.68200755119323730469 -0.42428207397460937500 -0.00517269410192960043 0.42459872364997858218 0.69294244050979614258 -0.18162782490253440160 0.16387102007865900211 1.55009067058563232422 1.76062881946563720703 -1.62203872203826904297
-0.83246016502380371094 -0.99396204948425281867 -0.74703693389892578125 -0.03348597139120099847 -0.34907111525535577945 0.56975013017654418945 -0.93695729970931995734 -1.05617368221282958984 0.93192839622497558594 0.30283284187316888980 -0.66384530067443847656 -1.53737115859985351562 0.08736188709735870361 0.81410598754882812500 -1.31134724617004394531 0.70838916301727294922 0.76582044363021850586 -0.96555811166763316766 0.43687283992767328433 0.65151172876358032227 0.59759426116943359375 0.40081351995468139648 0.23710766434669489078 1.58471882343292236328 -0.24550226330757141113 1.28936862945556640625 -1.23337435722351074219 -1.65730333328247070312 -0.55228739976882934570 -0.43928447365760797672 -0.35197627544403070621 1.47796571254730224609 1.56093895435333229749 0.80817604064941406250 -1.28515028953552246094 1.59001672267913818359 0.48170369863510131836 -1.69092404842376708984 1.47112464904785156250 0.06828823685646050190 1.08384525775909423828 1.42352807521820090564 0.21474869549274439029 0.69613242149353027344 0.50216197967529296875 0.09513133764266959447 -0.29566395282745361328 0.42512646317481989078 0.21480290591716760806 -0.51738077402114868164 0.64049690961837768555
1.96197390556335449219 1.51022124290466308594 2.11732435226440429688 1.09300494194030761719 0.81497848033905029297 0.10924371331930160522 -1.19205403327941894531 1.10290026664733886719 -0.46865975856781000308 -1.27913379669189430921 -0.68475842475891113281 0.66671615839004516602 -0.25336688756942749023 0.53797543048858642578 0.28929185867309570312 -0.05910054221749300174 -0.79991859197616577148 -1.00381624698638916016 1.18162846565246582031 0.29988354444503778629 -0.11076272279024119982 -1.07829701900482177734 1.31623220443725608142 1.66149568557739257812 -0.37664172053337091617 1.45588755607604980469 1.60804915428161621094 1.19262886047363281250 1.12470626831054687500 0.08423255383968350496 -0.33693233132362360172 0.54681652784347534180 0.19329458475112909488 -0.89968866109848022461 1.60773265361785888672 -0.87923973798751831055 -1.10431838035583496094 1.04773223400115966797 0.06594715267419809512 -1.32917749881744384766 1.18091857433319091797 -0.86669081449508666992 0.30041274428367609195 1.25743424892425537109 -0.20925304293632498998 -0.46927392482757568359 -1.44692671298980712891 1.67719662189483642578 0.13292205333709711246 1.45018959045410156250 1.53833210468292236328
0.78051376342773437500 0.40106147527694702148 0.08030461519956580418 0.37740296125411987305 -0.80390369892120361328 -1.04511666297912597656 -1.24169063568115234375 -0.87698054313659667969 0.13141007721424100008 0.34044960141181940250 1.60814964771270751953 -1.65194404125213623047 -0.05156603828072540280 0.74874019622802734375 -0.66406017541885375977 1.75122487545013449939 -1.24788689613342285156 1.14799642562866210938 -1.42017269134521484375 -1.67324173450469970703 -0.69007885456085205078 -0.83427304029464721680 1.07103180885314941406 -0.47199785709381097965 1.71390068531036376953 0.29416924715042108707 -0.11140754073858259721 0.51926761865615844727 -0.10070186853408809313 0.41765817999839782715 0.15937574207782739810 1.04743576049804687500 1.47331809997558593750 0.05755775049328799853 -0.24210397899150840062 0.04320095106959340181 -0.54036480188369750977 -1.36875307559967041016 -0.77651911973953247070 -0.65936678647994995117 -0.04719114676117890095 1.32653188705444335938 -0.07530631870031349873 1.56215023994445800781 0.49510189890861511230 0.16513918340206140689 -0.73200976848602294922 0.16971601545810699463 -0.35092321038246149234 -1.07921898365020751953 -1.29005622863769509046
0.01691081002354620152 0.74407780170440673828 0.54080903530120849609 -0.28506183624267578125 1.47219717502593994141 -1.13681566715240478516 0.70022881031036376953 0.19061145186424249820 0.72692370414733886719 0.46746885776519769840 -1.17857682704925537109 -1.57885086536407470703 1.67567467689514160156 1.23598659038543701172 -1.32982325553894042969 -1.29028367996215820312 -0.58492982387542724609 -0.26268178224563598633 -0.21314036846160888672 -0.05501936003565779942 0.16748483479022979736 1.13687109947204589844 1.38975262641906738281 -0.42793780565261840820 -0.28226044774055480957 -1.13255774974822998047 -0.85965174436569213867 -0.80038076639175415039 -0.88940024375915527344 0.49043837189674377441 0.62040823698043823242 -0.09879121184349060059 -1.42366325855255126953 -0.98789662122726440430 -0.01986838132143019936 -0.95279800891876220703 -1.00982785224914550781 1.01633691787719726562 -1.42744433879852294922 -0.77697604894638061523 -1.62175107002258300781 -1.32521164417266845703 0.39729133248329162598 -1.03994655609130859375 -0.26839852333068847656 1.03862631320953369141 1.41362738609313964844 1.18500387668609619141 -0.47188454866409301758 -0.46967947483062738590 -0.65273588895797729492
-0.80420863628387451172 -0.42701265215873718262 -0.09866818040609359741 0.83803415298461914062 -1.70795285701751708984 1.16457533836364768298 0.81793159246444702148 -0.68719315528869628906 1.50296795368194580078 -1.35778379440307617188 0.37247440218925470523 1.18281102180480957031 -0.71231830120086669922 -1.21810245513916015625 -1.76361405849456809314 -1.08082115650177001953 -0.43341854214668268375 -0.62446898221969604492 -0.17924392223358148746 0.83680158853530883789 -0.21318517625331878662 0.72407448291778564453 -1.28464984893798850329 -1.19277167320251464844 0.52502024173736572266 1.05099225044250488281 1.11681795120239257812 0.69178521633148193359 0.96370273828506480829 -1.33126962184906005859 1.19673299789428710938 1.42624282836914062500 -0.93401920795440684930 -0.64971274137496948242 0.22563815116882318668 -1.53507518768310569079 1.61881434917449951172 0.03991501405835150285 -0.41753819584846491031 0.01283722091466179931 -0.27931129932403558902 0.24765330553054809570 -0.76788890361785888672 -0.70842975378036499023 -1.13297641277313232422 1.60882496833801269531 -1.10585176944732688220 -1.31162416934967041016 0.20725074410438529271 -0.17353019118309020996 0.69630300998687744141
0.61500883102416992188 1.07877445220947287829 0.09021861106157300081 -0.82889908552169799805 -1.09414291381835937500 -1.45022976398468017578 -1.34086799621582031250 0.88236105442047119141 -0.35836458206176757812 1.64211463928222656250 0.20053586363792419434 -0.42792978882789611816 0.87973922491073608398 0.15919819474220270328 -0.13700008392333978824 -0.68602222204208374023 -1.20758128166198730469 0.24463586509227749910 0.46735650300979608707 -0.48670297861099237613 -0.78617960214614868164 0.64502626657485961914 -1.62401318550109863281 1.11765348911285400391 -0.26326537132263178043 -1.26412260532379150391 -1.47158801555633544922 -1.34177279472351074219 -0.16812935471534729004 -0.98436117172241199835 0.93772691488266002313 0.74553388357162475586 -0.71083319187164306641 0.92209243774414062500 -0.53654760122299194336 1.40828728675842285156 -1.54672122001647949219 -0.75103080272674560547 -0.93685984611511241571 0.02138153463602060142 -0.66505056619644165039 -0.75660455226898193359 -0.36593434214591979980 -0.99742543697357177734 1.41042900085449218750 0.64856916666030883789 0.36602130532264709473 0.21587155759334558658 1.45893156528472900391 -0.64655578136444091797 -2.38088870048522904810
0.57659035921096801758 0.74739271402359008789 0.97506266832351684570 1.17818963527679443359 1.44066214561462402344 -0.84334933757781982422 -1.30510210990905761719 0.36802798509597778320 1.12472879886627197266 0.40577432513236999512 -1.71685779094696044922 -1.50893831253051757812 0.24594868719577789307 1.24776434898376464844 -0.28113493323326110840 -1.72819066047668457031 -1.01651453971862792969 -0.60113996267318725586 -0.98408579826354980469 -1.05115425586700439453 1.14264810085296630859 -0.19431002438068389893 0.63446635007858276367 0.22798512876033780183 -0.07326216995716089420 1.29846656322479248047 0.65930253267288208008 -1.07155954837799072266 -0.40781885385513300113 0.44686844944953918457 -1.57513666152954101562 -1.56459975242614768298 0.68804711103439331055 0.35968822240829467773 -0.52661949396133422852 1.51943445205688476562 1.27857112884521484375 -0.95022106170654296875 1.54501175880432128906 0.26203557848930358887 -0.18298019468784329500 -0.29141363501548761539 -1.14646124839782714844 1.41798520088195800781 -0.97488915920257557257 -0.66138654947280883789 1.61884129047393798828 -0.88676100969314575195 -0.79063737392425537109 -1.59457850456237792969 -1.27847242355346679688
1.53814113140106201172 1.49514663219451904297 1.47218739986419677734 1.01640319824218750000 0.33942368626594537906 0.90931397676467895508 -0.67580556869506835938 0.67907065153121948242 -0.02667162753641600173 1.17383921146392822266 0.81883352994918823242 -0.79866182804107666016 -0.33876365423202509097 0.43156963586807250977 -0.65659660100936889648 -1.48979234695434570312 -0.33552816510200500488 1.05217337608337402344 0.09787417203187939729 1.41823112964630126953 -0.06083599478006360139 0.15417101979255670718 0.62366813421249389648 0.25147891044616699219 -1.43588924407958984375 1.14092946052551269531 -1.46339619159698486328 -0.34320893883705139160 0.43723645806312561035 -0.89877939224243164062 -1.51711606979370117188 -0.03021086007356639860 -0.33926886320114130191 0.44712331891059869937 1.59178805351257324219 -0.14961318671703338623 1.47421205043792724609 -0.88391131162643432617 0.14245894551277160645 0.24874827265739440918 -0.95712471008300781250 -1.23841214179992675781 0.04536493495106690144 0.69678205251693725586 -0.52218759059906005859 1.50974202156066894531 -0.44271388649940490723 -0.37336826324462890625 1.11761236190795898438 -0.10052683204412460327 1.22199141979217529297
1.62567794322967529297 1.69143688678741455078 2.60577368736267089844 1.51170635223388671875 1.17797529697418190686 -1.34118914604186989514 1.59723162651061989514 0.07550168782472610474 -0.91710585355758678094 0.91007757186889637335 0.27716913819313049316 0.50947248935699462891 -0.16836813092231750488 1.66109180450439430921 1.42883992195129394531 -0.00332622136920690016 0.29151424765586847476 -0.01278584171086540044 0.78208440542221069336 -1.46175909042358398438 -0.55003345012664794922 0.72372829914093017578 0.22055813670158380679 -0.19662348926067349519 -0.79068905115127563477 0.00698140915483229981 0.93963658809661876337 0.56281000375747680664 -0.26224559545516967773 -0.57543534040451049805 -0.65279352664947509766 -1.58965778350830078125 -1.50459372997283935547 0.25511607527732849121 1.11091113090515136719 1.16094934940338112561 0.68778991699218750000 0.50241482257843017578 0.28909561038017267398 -1.20029413700103759766 0.80796217918395996094 0.60408508777618408203 -0.89836728572845458984 -1.45213866233825683594 0.84270906448364257812 -1.28815817832946777344 -1.01352536678314208984 -1.40188884735107421875 -0.19558683037757870760 0.09445647150278090043 1.82529175281524635999
-0.03101702407002440015 0.02826382964849469964 0.76042133569717407227 1.16642677783966064453 -1.42340874671936035156 1.11438775062561035156 0.34025624394416809082 1.04748761653900168689 0.26773428916931152344 -0.74232828617095947266 -0.19245277345180508699 0.61356407403945922852 -1.64859330654144287109 0.60306912660598754883 -0.62350577116012573242 0.13183219730854028873 -0.57533395290374755859 1.48564994335174560547 -1.53816354274749755859 -0.37292987108230590820 0.32861432433128351382 -0.95797520875930797235 0.79439467191696166992 -0.71952390670776367188 0.37716209888458251953 -0.52038437128067016602 -1.50380635261535644531 -0.80836701393127441406 -1.27115273475646950452 0.08083079755306239733 -1.43304038047790527344 0.98637193441391002313 1.29038727283477783203 1.27669215202331542969 0.26179903745651239566 1.70520675182342529297 0.19676068425178519505 -0.67937421798706054688 1.47021055221557617188 0.51907038688659667969 1.41885066032409690173 1.57472944259643554688 -1.35506808757781982422 1.42903280258178710938 -0.64273911714553833008 1.39933133125305175781 0.09591224789619440250 1.69637763500213623047 1.68171536922454833984 0.83038806915283203125 0.36004528403282159976
0.15263879299163810033 0.23787617683410638980 -0.25899672508239740543 0.06097057089209550335 -0.74418938159942626953 1.34991741180419921875 1.35293400287628151624 0.59497433900833129883 1.43164002895355224609 -1.55369377136230490954 -0.14889830350875848941 0.49881464242935180664 0.17455297708511349764 -0.53475373983383178711 0.52313107252120971680 -1.04404246807098410876 -1.19600307941436767578 -0.24789209663867950439 0.39633709192276000977 0.09379803389310829853 1.38561403751373291016 0.11367639154195779971 0.93126058578491199835 0.51459002494812011719 0.48370864987373352051 -1.59135508537292480469 0.44424241781234741211 -1.33901488780975341797 -0.06559576094150540437 0.47765985131263727359 -1.00984036922454833984 0.85568189620971679688 -1.13765084743499755859 -0.32824271917343139648 0.91232597827911376953 1.09642314910888671875 -0.20018747448921200838 1.66666555404663085938 0.14962173998355859927 1.39261615276336669922 -0.25367262959480280093 -1.56789147853851318359 -1.25459384918212890625 -0.15185731649398800935 1.58960199356079101562 -0.79237604141235351562 -0.26641127467155450992 1.29593002796173095703 -0.39400792121887201480 -0.90192121267318714484 0.06524592638015740131
0.00816448032855979916 0.37195646762847900391 -0.83836615085601806641 -1.06744456291198730469 1.42896163463592529297 -1.14491355419158935547 0.69331967830657958984 0.95976513624191284180 -0.69290643930435180664 1.24745070934295632092 -0.03252179920673369667 0.19972027838230130281 -0.56932973861694335938 0.68505996465682983398 -0.80253988504409790039 0.17597590386867520418 -0.78463923931121826172 1.27097618579864501953 0.80117684602737426758 0.16850191354751581363 -0.00783004146069279927 1.45732045173645019531 1.69224774837493896484 -0.39847326278686517886 0.95834046602249156610 -1.33117604255676269531 1.10777115821838378906 -1.30768334865570090564 0.16468426585197448730 1.10233199596405029297 -1.48136091232299804688 1.76760458946228049548 0.26318597793579101562 1.31585025787353515625 0.87036126852035522461 0.11082284897565840287 0.88641232252120971680 -0.88455229997634887695 -0.88989728689193725586 -1.34990501403808593750 0.75271588563919067383 -0.34257957339286798648 0.54504090547561645508 1.62754404544830322266 -1.67697870731353759766 0.20395636558532709293 0.94531160593032836914 1.26820814609527610095 -1.63935613632202170642 -0.96824449300766002313 0.06801111996173850316
1.78750491142272949219 1.63392889499664306641 0.97914838790893554688 0.48681977391242980957 -0.26920720934867858887 -0.90445202589035045282 0.42579501867294311523 -0.37112557888031000308 -1.38687753677368164062 -0.12707154452800750732 -1.52858102321624755859 -1.58633542060852050781 0.37819451093673700504 -1.36625230312347389905 0.15909376740455619115 -1.70848238468170166016 -1.63541007041931152344 0.23927848041057581119 1.07152903079986550061 -0.63362199068069458008 0.91808348894119262695 1.48069322109222389905 -0.72646021842956542969 -0.34339851140975952148 1.15720438957214355469 -0.57311552762985229492 -1.67661666870117209704 1.15995979309082031250 -0.11057289689779280228 -0.61954903602600097656 0.12721802294254300203 -1.52505385875701904297 0.67410582304000854492 0.16605597734451291170 -0.66323846578598022461 0.35523700714111328125 0.71400743722915649414 -1.11876022815704367908 -0.45163533091545099429 1.47058498859405517578 -0.03144954890012739701 -0.11863128095865249634 -1.59818744659423850329 0.04349371418356889896 -0.21680693328380579166 0.63131302595138549805 -0.94755768775939941406 1.64773774147033691406 -0.07745012640953059802 0.44352120161056518555 0.77643507719039916992
0.62685644626617431641 0.09226942062377929688 0.74390560388565063477 0.38692858815193170718 0.48018059134483337402 -1.36751985549926757812 -0.52055984735488891602 0.30508631467819208316 1.24136734008789062500 0.51079446077346801758 -0.05245098471641539833 -1.56812453269958496094 1.07851767539978049548 -0.60775309801101684570 0.45915555953979492188 -0.45127937197685241699 -0.48542836308479309082 1.18230795860290527344 -0.45078366994857788086 1.13879358768463112561 -0.16798163950443259496 -0.05690561980009069959 1.07158648967742919922 -0.83618509769439697266 1.55754637718200683594 1.18370604515075683594 -0.25122290849685668945 1.18459045886993408203 0.42508336901664728336 1.57124435901641845703 -0.80077344179153442383 1.06730926036834716797 1.09562659263610839844 -1.10669696331024169922 0.19495405256748199463 0.31360149383544921875 1.32010674476623535156 -0.83672797679901123047 1.03340423107147216797 -1.00128555297851562500 -1.60415041446685791016 -0.29625710844993591309 0.83231890201568603516 -0.77494329214096069336 1.11212122440338112561 0.07663544267416000366 1.47814095020294189453 -0.43193876743316650391 -0.22257289290428158846 -1.36293208599090576172 -0.19477422535419461336
0.73750889301300048828 1.04184389114379882812 1.52621173858642578125 0.47576132416725158691 1.52895534038543701172 -0.14437517523765561189 -0.01933152042329309983 0.72993791103363037109 0.60496556758880615234 -1.36734926700592041016 -0.75465428829193115234 0.48573544621467590332 -0.41111698746681207828 0.65980541706085205078 -0.95383179187774658203 -1.01213455200195312500 1.13661706447601318359 -0.59953063726425170898 -1.59300827980041503906 -0.99556750059127796515 1.47437119483947753906 0.86719679832458496094 -1.62298274040222167969 0.87327891588211059570 -0.18151788413524619359 0.17597873508930200748 -0.44952884316444391422 -0.15839263796806329898 -1.52299129962921142578 -1.18207955360412597656 -1.13601744174957275391 0.77584558725357055664 0.93939542770385742188 0.34522524476051330566 -0.19125716388225549869 -0.03969616070389739987 0.81173449754714965820 0.43289393186569208316 -0.97089421749115001337 -1.34373295307159423828 0.85838592052459716797 -1.01086175441741943359 -0.98818111419677723273 -0.88455897569656372070 -1.48190987110137939453 -1.18971180915832519531 -1.27526080608367919922 -0.18011280894279479980 -1.12269604206085205078 0.62203884124755859375 -1.35518443584442138672
1.28114855289459250720 1.22733497619628906250 1.01970779895782470703 0.14747224748134610262 -1.23446094989776589124 1.23941588401794433594 -1.49959123134613037109 -0.29801020026206970215 1.29902946949005126953 -1.59951603412628151624 -1.42233550548553489001 0.34584021568298339844 -1.52803671360015869141 1.18007838726043701172 -1.14685654640197753906 1.07385623455047607422 -0.85975259542465209961 -1.29984462261199951172 1.23794639110565207751 0.90587764978408802374 -1.38083934783935569079 1.62917482852935791016 0.34786114096641540527 0.92569702863693237305 -0.77605003118515014648 0.09204423427581780170 -0.40677225589752197266 -1.42384707927703857422 0.94295322895050037726 1.40357542037963889392 0.20504273474216461182 0.55999988317489624023 -1.42136645317077636719 1.61087644100189208984 -1.48821246623992919922 0.66331255435943603516 -0.89178830385208129883 -0.75772005319595336914 0.91702550649642944336 0.49065732955932611636 0.70564693212509155273 0.60301327705383300781 0.56188541650772094727 -0.17848542332649230957 0.51208525896072387695 -0.56933468580245971680 0.25356003642082208804 0.06909961253404610371 -1.11674797534942649158 -0.19921386241912839021 -0.80014348030090332031
0.39041218161582941226 0.59030520915985107422 0.05304324254393569943 -1.03057622909545898438 -0.20416161417961120605 -1.35509145259857177734 0.23599433898925781250 1.11864876747131369861 0.19248534739017481021 1.28783178329467751233 0.77527624368667602539 -1.02956759929656982422 0.51106625795364379883 1.52916169166564941406 0.15519867837429041080 0.84825897216796875000 1.34857559204101562500 -0.84100586175918579102 0.65630292892456054688 1.01428663730621337891 0.19025199115276331119 -1.65814173221588112561 -0.09345245361328119449 -0.23869863152503958958 0.29699626564979547672 1.32019555568695090564 -0.05967844650149339847 0.20789991319179529361 -1.57875263690948486328 1.33604681491851806641 -0.64780122041702270508 -0.22825394570827481355 -0.96020883321762084961 -1.38916945457458496094 0.56887751817703247070 -0.99924957752227783203 0.88154715299606323242 1.38119852542877197266 -1.24418711662292480469 0.97899460792541503906 -1.68169403076171875000 -0.95542728900909423828 -1.36484658718109130859 -0.04711966961622229833 -0.85582315921783447266 -0.87739461660385131836 0.17787241935729980469 1.66737794876098632812 0.29959109425544738770 1.55241906642913818359 -1.68786978721618630139
0.20006878674030301180 0.09330632537603369969 -1.16272187232971191406 -1.24263548851013183594 -0.69283574819564819336 0.49863472580909729004 -0.69293516874313354492 1.54667651653289794922 -0.25181406736373901367 -0.42648440599441528320 -1.09675204753875710217 -0.61669540405273437500 0.43369230628013610840 -1.04571008682250976562 -1.75542247295379638672 1.52695798873901367188 0.76160794496536254883 0.54403746128082275391 0.33145761489868158511 1.59073555469512939453 0.13056898117065429688 -0.33904930949211120605 -0.92974966764450084344 -0.04383187741041180002 1.76412820816040039062 -0.56770199537277221680 1.07291066646575927734 -0.48189541697502130679 1.17796778678894042969 -1.44484126567840576172 -1.70658051967620849609 0.37068822979927057437 0.33967408537864679507 -1.30879223346710205078 1.10817813873291015625 0.33899658918380737305 0.43017855286598200015 1.53138434886932350842 -1.06226515769958496094 -1.22312211990356445312 1.24844193458557128906 -1.16440844535827636719 -1.18251359462738037109 1.52141964435577392578 0.96660190820693958624 -1.23270642757415749280 1.41787183284759521484 0.26317128539085388184 0.74693471193313598633 -1.53891503810882568359 0.19162772595882410220
-0.74951720237731933594 -0.87266910076141357422 -0.03347310423851009714 1.36733794212341308594 -1.32734143733978271484 1.53048264980316162109 1.40793967247009277344 -1.07819819450378417969 -0.54550111293792724609 1.64857804775238037109 0.03386301547288889796 -0.56239360570907592773 -0.61824011802673339844 -0.79659235477447509766 -1.29862153530120849609 0.58897745609283447266 0.10980343073606489701 0.30136755108833307437 0.00268859509378669998 0.58067244291305541992 0.63178956508636474609 -0.33311519026756281070 -1.13923525810241699219 -0.46581381559371948242 0.87879461050033569336 0.28282263875007629395 -0.19600258767604819554 0.02053043432533739956 0.35700467228889459781 0.58639019727706909180 -1.04011130332946777344 1.16111660003662109375 -1.09326994419097900391 -1.28619432449340820312 -0.52715003490447998047 -1.28004074096679687500 0.99062955379486083984 -1.68125402927398681641 -0.50168514251708984375 0.59644931554794311523 -1.41423118114471435547 1.34777164459228515625 -0.38858625292778009586 -0.50630843639373779297 1.64495623111724831311 1.34459030628204367908 -1.47724831104278564453 -0.07571257650852200594 -0.32441046833991998843 1.19286763668060302734 0.77747827768325805664
0.33889618515968322754 0.25773981213569641113 1.70963728427886962891 0.87314462661743164062 1.37637376785278320312 -0.06252227723598480225 -1.02684223651886008533 0.79245400428771972656 1.64362585544586181641 -0.80890101194381713867 -0.22787305712699890137 -1.16014230251312255859 -1.20532274246215820312 -0.02444012835621829985 0.10896550118923180317 -0.03256691619753829953 -0.49231174588203430176 -1.40526294708251953125 -1.39258337020874023438 1.01562464237213112561 -1.13046360015869140625 0.14922751486301419344 0.05018001794815060007 1.02176022529602050781 0.64201140403747558594 -1.14956223964691162109 -0.09422867745161049580 -1.04535388946533203125 -1.07822203636169433594 0.36527273058891290836 -0.65430814027786254883 -0.11934282630681990189 -1.37490379810333229749 -0.45124784111976617984 1.41362965106964111328 -1.37905907630920410156 0.78383988142013549805 0.22151680290698999576 0.44394415616989130191 -0.23136962950229639224 0.56246894598007202148 0.65686243772506713867 0.26367279887199401855 1.52257752418518088611 -1.04341173171997070312 0.24040442705154418945 1.47628331184387207031 -0.86246311664581298828 -0.74087989330291748047 -1.34407985210418701172 -0.07095964998006820679
0.81808155775070190430 1.60794794559478759766 0.15317143499851221256 -0.83567911386489868164 -0.09198027849197379369 -0.72328251600265502930 -0.59829497337341308594 -0.93592566251754760742 -0.53134524822235107422 0.97462362051010120734 0.41668057441711420230 -0.26297453045845031738 1.11772871017456032483 1.58761906623840309827 -0.52445590496063232422 1.36567509174346923828 -0.22140896320343009251 1.30261766910552978516 -1.59205007553100608142 0.92770206928253162726 -0.19441185891628259830 0.91196233034133922235 -1.64810800552368164062 -0.46070918440818781070 1.05115330219268798828 0.00025450883549629999 0.03059745207428930108 1.43632876873016357422 0.59181886911392211914 -1.02220797538757324219 -1.49048244953155517578 -0.06471003592014309969 -0.66595870256423950195 -1.57943117618560791016 1.53555905818939208984 1.02558112144470192639 -0.30990895628929138184 -1.29122340679168701172 0.81546109914779663086 0.47756874561309808902 -0.00169118959456679993 -1.30009651184082031250 -1.50842642784118630139 1.57571899890899658203 -1.06067943572998046875 0.52154225111007690430 -0.77994865179061889648 0.72375088930130004883 -1.47868645191192649158 -1.01603639125823952405 -0.90895962715148914679
1.47994899749755859375 1.54938411712646484375 2.35351228713989257812 1.51574993133544921875 -0.45973357558250427246 0.36144340038299560547 -0.94227629899978637695 -1.22531604766845703125 1.59757339954376220703 1.10886240005493164062 -0.51907420158386230469 -1.68813872337341308594 1.56159615516662597656 0.19330695271491998843 0.03916158154606810132 -1.09442484378814697266 -0.91759419441223144531 -1.58241617679595969470 1.14447414875030517578 1.05702543258666992188 0.11115872114896770129 -1.17440748214721679688 0.15002934634685510806 0.11970982700586310643 -1.68934917449951149671 0.18611255288124078922 0.17052938044071189183 0.16655637323856350984 -0.82892769575119018555 1.17526412010192871094 -0.84989982843399047852 0.21398490667343139648 0.81935536861419677734 1.17424845695495605469 1.20347464084625244141 -1.38724112510681152344 0.11634554713964459505 -0.61639875173568725586 1.43814885616302490234 -0.60830664634704589844 -0.12625569105148309879 1.08730208873748779297 1.59533512592315673828 0.55650848150253295898 0.98928177356719959601 -0.28036078810691827945 1.63134276866912841797 1.02265346050262428967 1.43602597713470458984 0.36728912591934198550 1.25339174270629882812
0.97873175144195556641 0.44057840108871459961 -1.05547702312469482422 -1.44011485576629638672 -0.07658021897077560425 0.16932153701782221011 0.10274604707956309924 0.71418267488479614258 -1.16982126235961914062 1.25571823120117209704 -0.60447049140930175781 0.34428077936172479800 0.75568389892578125000 0.73796713352203369141 0.83766669034957885742 -1.76553261280059792249 0.03202549368143080277 -1.05310654640197753906 -0.42757642269134521484 0.55123382806777954102 -1.28525853157043457031 -1.45649874210357688220 -1.50029218196868896484 -0.37418285012245178223 -0.91426289081573475226 1.03632628917694091797 0.05095184966921800090 1.61386191844940207751 0.94560164213180541992 -1.37036669254302978516 0.84616416692733764648 0.02995729260146609910 1.49276041984558105469 1.32526338100433349609 0.04479658231139180269 1.14587163925170898438 1.36703085899353049548 -1.35826849937438964844 -1.57599604129791259766 -0.22224186360836029053 -0.73966026306152343750 -1.50164186954498291016 1.30472326278686523438 -1.27012491226196289062 -0.17628850042819971256 0.36601272225379938297 -1.33094787597656250000 -0.90172296762466441766 -0.46862524747848510742 0.63273429870605468750 -1.72934830188751220703
-1.33541893959045410156 -1.57369017601013183594 -0.40218362212181091309 0.43115785717964172363 -0.65679115056991577148 -0.91261678934097278937 -1.65600216388702392578 -1.71693849563598632812 -0.44172981381416320801 -0.15668265521526331119 -1.64753067493438720703 0.47591909766197199039 -0.20705099403858179263 -0.61328083276748657227 1.59564816951751708984 0.66725373268127441406 0.38197508454322809390 -1.25482261180877685547 0.21163116395473480225 -0.18258987367153159398 0.73157298564910888672 -0.03079275786876670140 0.98765224218368519171 0.68504285812377929688 -0.28282743692398071289 -0.08086967468261710423 -1.28832960128784179688 1.33479213714599609375 -0.91256356239318836554 1.13518404960632324219 -1.14332699775695800781 -1.35440087318420410156 -1.52515590190887428967 1.47251403331756591797 -1.47144877910613991467 -1.73520505428314208984 -0.63623410463333129883 0.79684561491012573242 0.21502703428268429842 -0.63927137851715087891 1.26887655258178710938 -0.68041425943374633789 -0.06107059866189949726 0.76634657382965087891 1.36229574680328369141 -0.62814217805862426758 -0.80585271120071411133 0.16720253229141229800 0.74628090858459472656 0.56229436397552490234 -0.18541014194488519840
1.09354722499847389905 0.60903793573379516602 0.00298853358253829996 -0.54314297437667846680 -0.14296075701713559236 1.66605329513549804688 0.38188886642456049136 1.38933885097503662109 -0.83486157655715942383 1.20852875709533691406 -0.75767296552658081055 0.92130368947982799188 1.20822358131408691406 0.92320781946182239874 -0.51006454229354858398 -0.28849628567695617676 0.86792731285095214844 -0.06362962722778320312 0.70604532957077026367 -1.48844647407531738281 0.04878362640738480305 -0.95240116119384754523 -0.87535637617111206055 -0.34686118364334100894 0.62922048568725585938 -1.32330298423767089844 -1.11193060874938964844 -0.81142479181289672852 0.47926032543182367496 1.51885056495666503906 1.09509003162384033203 -0.45186901092529291324 -1.55058586597442649158 0.24064892530441278629 -0.88865363597869873047 1.63956999778747558594 -0.42696091532707208804 1.70711207389831542969 0.29516634345054620914 1.04174041748046875000 1.55519044399261474609 1.37444376945495605469 1.48373103141784690173 1.44936466217041015625 0.84566223621368408203 -0.44881206750869750977 -0.23267045617103571109 1.05093038082122802734 1.59328007698059082031 -0.56174546480178833008 -2.05103278160095214844
0.79033291339874267578 0.44744002819061279297 -0.31375372409820551090 -1.18892276287078857422 -0.67552196979522705078 0.92672157287597656250 0.95082974433898914679 0.42876949906349182129 -1.71730160713195800781 0.75282222032546997070 -1.65517973899841308594 -0.91645210981369018555 1.33906245231628417969 -0.18437919020652770996 -0.31025695800781250000 1.19159805774688720703 -0.26091116666793817691 0.88938796520233154297 1.67462575435638449939 1.03415739536285400391 1.59906589984893798828 0.87701976299285888672 -0.06744407117366789384 0.13521343469619750977 -1.01868605613708496094 0.50012499094009399414 1.48911857604980490954 0.58376252651214599609 -0.01649057120084760145 0.78701269626617431641 1.25589561462402343750 -0.69776666164398193359 -0.19615991413593289461 0.10564795881509779496 1.56740224361419677734 -1.37701213359832763672 1.34576535224914550781 -0.48509550094604492188 0.75273245573043823242 -0.66690808534622192383 -0.59589463472366333008 -0.00376003771089010019 -1.60788404941558837891 1.38030445575714111328 0.90353822708129882812 -1.29218661785125710217 0.12513685226440429688 -0.06116580218076699688 -1.15546619892120361328 -0.90947419404983520508 -1.95891952514648437500
0.70193898677825927734 0.98315089941024780273 -0.19521450996398920230 -1.41938984394073486328 -0.91804444789886474609 0.12682852149009699039 -0.48035359382629388980 1.36247646808624289783 -0.68370324373245239258 -0.31854903697967529297 -1.16955804824829101562 0.53846663236618041992 -0.75982320308685302734 0.25390124320983881168 0.74396997690200805664 -0.24442028999328610506 -0.38469442725181579590 -0.98629575967788696289 1.50993895530700683594 0.06261786073446269640 1.18114507198333740234 0.72423905134201049805 0.36679890751838678531 0.39736789464950561523 1.46601986885070800781 -1.37720727920532248767 0.46116161346435541324 -1.01264572143554687500 -1.30599892139434792249 1.28339612483978271484 -1.08188331127166770251 0.28143915534019470215 0.13730506598949429597 1.48441445827484130859 1.29009795188903808594 -0.77070200443267822266 -1.16140210628509521484 -0.14713941514492029361 1.06757020950317382812 -0.64773988723754882812 -0.10667321085929870605 1.36388504505157470703 0.45723611116409301758 0.99785184860229481085 1.46428084373474121094 0.72142058610916137695 0.69861865043640136719 -1.63555359840393088611 0.85795629024505615234 -0.54997169971466064453 -2.56120061874389648438
-0.62478804588317871094 0.34675538539886469058 -0.44230198860168451480 -1.49284732341766357422 0.44776949286460870914 0.63919198513031005859 0.74601167440414428711 0.78469264507293701172 -1.66329824924468994141 0.45937713980674738101 -0.93947881460189819336 0.68495333194732666016 0.21610063314437860660 0.11235082894563669376 -1.57265686988830566406 -1.57712471485137939453 0.42414453625679010562 -1.56498432159423850329 -1.02768743038177490234 -0.87674951553344726562 -1.22104060649871848376 0.00408151187002649997 -0.26360315084457397461 -0.59493774175643920898 -1.13045024871826149671 -1.19329822063446044922 -1.35720944404602050781 0.36080971360206598453 0.26832419633865350894 -0.09925188869237899780 0.93190234899520885126 0.62967789173126220703 -0.93318277597427357062 0.74358975887298583984 -0.82234853506088256836 1.15240705013275168689 0.21597102284431449193 -1.19641268253326416016 -1.11069667339324951172 -0.07273725420236580586 1.14005315303802490234 -0.25361558794975280762 0.19851869344711300935 1.70803081989288330078 0.58747541904449462891 -0.04977955669164649960 -1.19364523887634277344 1.39963245391845703125 -1.35601663589477539062 -0.08901285380125040225 0.35842919349670410156
-0.78020298480987548828 -1.66650497913360595703 -1.98019635677337646484 -0.89018326997756958008 -0.51848071813583374023 -1.53589916229248046875 1.55217719078063964844 -0.75262582302093505859 0.39800152182579040527 -0.96231579780578602179 -0.10763125121593469791 -1.58782613277435302734 -0.72671419382095336914 0.92018562555313121454 1.55598151683807350842 0.41147640347480768375 0.44690972566604608707 0.78208357095718383789 0.76575416326522827148 1.13585793972015380859 0.24166460335254669189 0.97940349578857421875 -1.39918220043182350842 0.62404626607894897461 -0.25101053714752197266 -1.07528769969940207751 -0.86197042465209960938 1.04383444786071777344 1.61229705810546875000 0.50094425678253173828 1.50040435791015625000 0.25748521089553827457 1.18271386623382568359 0.04497418552637100220 -0.56367212533950805664 0.42136514186859130859 -0.16864290833473200015 0.53449398279190063477 0.02927079983055589849 -1.02451169490814208984 -0.52753281593322753906 -0.27785840630531311035 -0.63053596019744873047 0.12960152328014371004 -0.21877735853195190430 0.12654316425323480777 1.12400650978088378906 0.01249192561954249985 -0.87064743041992187500 1.33359968662261962891 0.72625857591629028320
0.88748699426651000977 1.65379655361175537109 -0.54465907812118530273 -1.27280449867248535156 -0.89814358949661254883 1.43715322017669677734 -1.52893078327178955078 1.63113307952880859375 0.64743924140930175781 -0.32117354869842529297 0.59608453512191772461 1.39365124702453591077 0.03124583512544629876 -1.66516458988189697266 0.19577494263648981265 -0.64689058065414428711 0.50449180603027343750 0.24143117666244501285 -0.88596063852310180664 1.18866264820098876953 1.63918352127075195312 -0.88154035806655883789 -0.61349129676818847656 -1.37679004669189430921 -1.68554186820983886719 0.19727249443531030826 -0.21743504703044891357 -0.16463641822338098697 1.12409019470214843750 -0.17588634788990020752 0.40264955163002008609 0.22600914537906641177 -1.27080738544464111328 1.53132808208465576172 -0.49122726917266840152 0.38130792975425720215 -0.33739998936653131656 0.64275670051574707031 -0.59688651561737060547 0.17743903398513791170 1.08418929576873779297 1.58015775680541992188 -0.60011225938796997070 1.43247365951538085938 0.69088071584701538086 -0.53432071208953857422 0.62654495239257812500 1.21115624904632568359 -0.09302932769060129337 1.55955934524536110608 -0.82867896556854248047
-1.55850970745086669922 -0.98472207784652721063 -0.73656892776489257812 -1.75253295898437500000 -1.49791145324707031250 1.44825875759124755859 -0.65822100639343261719 -0.82650202512741088867 -1.18608474731445312500 -0.80386161804199218750 -0.71989697217941284180 1.72983944416046142578 -0.34989351034164428711 0.77240353822708129883 0.40399125218391418457 -0.33245900273323059082 -0.38386836647987360172 0.52463471889495849609 1.39323520660400390625 0.25472226738929748535 -0.26443308591842651367 0.55801546573638916016 -0.13467009365558618716 -0.51194149255752563477 0.91561931371688842773 0.37982526421546930484 -0.55455321073532104492 0.19371159374713889378 1.56476414203643798828 -0.71508985757827758789 0.06560458987951270360 -1.51319134235382080078 -0.45022264122962951660 0.96975940465927124023 -0.95790946483612060547 1.04989898204803489001 -0.04201187938451760029 0.43679904937744140625 1.35947573184967041016 0.93544679880142200812 -1.68983626365661621094 -0.60919868946075439453 -0.79732954502105712891 1.03004157543182350842 -1.14170551300048850329 0.29786294698715209961 0.54845476150512695312 -1.00513124465942382812 -0.20649099349975580386 0.19088223576545709781 -0.75238150358200073242
0.13636100292205810547 1.03829371929168701172 -0.04379507526755330171 -1.21233570575714111328 1.58828818798065207751 0.30070254206657409668 1.43288600444793701172 1.60844480991363525391 1.37822377681732177734 1.58538329601287841797 1.42960274219512939453 -1.67402911186218261719 -0.74181807041168212891 0.13943946361541739720 -0.38589569926261901855 -0.26145088672637939453 -0.98957937955856323242 0.75914615392684936523 0.38047730922698969058 1.02193033695220969470 -1.62738060951232910156 0.04668560251593589783 1.62585532665252685547 -0.53175824880599975586 -0.52114826440811157227 1.54459118843078591077 -0.04817241430282589998 0.91863000392913818359 -0.86366748809814453125 -0.74748623371124267578 1.36442971229553222656 0.40090113878250122070 -1.15452682971954367908 1.72440361976623535156 -0.32746070623397821597 1.58098816871643088611 0.29730021953582758121 0.33515578508377069644 0.57778835296630859375 -1.33378434181213378906 0.12457635253667830033 0.53007274866104125977 -0.82778334617614746094 0.93587052822113037109 1.59407484531402610095 -1.23514854907989501953 0.23813079297542569246 1.21247363090515136719 0.80351459980010986328 1.46555674076080322266 -1.65994310379028320312
1.29950451850891113281 0.35709249973297119141 -0.27054247260093688965 0.14372150599956509676 -1.55907082557678222656 0.25323560833930969238 -1.22180485725402832031 -0.18606059253215789795 0.79007691144943237305 0.24862156808376309480 -1.21018183231353759766 0.87448906898498535156 -1.47023177146911621094 0.81372064352035522461 0.44428023695945739746 -1.53726923465728759766 -1.74257481098175048828 0.33975097537040710449 -1.44183099269866943359 -0.13776509463787078857 -0.99535948038101196289 0.50281155109405517578 -0.33272489905357360840 0.65325653553009033203 1.63957679271697998047 0.43170073628425598145 -1.18435180187225341797 1.24491965770721435547 -1.71105647087097167969 0.22728060185909271240 -0.71672123670578002930 1.17956638336181640625 -0.48683205246925348453 -1.03434669971466064453 1.29222404956817649158 1.63658857345581032483 -0.09505937993526450414 0.45914542675018310547 1.47882449626922607422 0.86833882331848144531 -0.20855030417442319002 0.96061789989471435547 -1.27481627464294433594 -0.21137106418609619141 -1.64676201343536376953 -1.66861176490783691406 -0.92880260944366455078 -1.34470605850219726562 0.61389040946960449219 -1.61773014068603515625 -1.99685108661651589124
0.80244284868240356445 1.58360767364501953125 0.18064290285110470857 -0.86665362119674682617 0.22660566866397849339 1.18563306331634521484 -1.00099945068359375000 -0.57012528181076049805 -1.00568819046020507812 0.11696738749742499608 1.65969026088714599609 -0.81323128938674926758 -1.53826940059661887439 -0.67855674028396606445 -0.19851061701774588841 -1.06412935256958007812 1.05708122253417968750 0.97687071561813354492 1.20512878894805908203 0.08859259635210030293 0.14509563148021689671 0.24073256552219390869 -0.70151686668395996094 -0.07753588259220120515 -0.77627742290496826172 1.41019964218139648438 0.72759342193603515625 -1.00433254241943359375 1.34920787811279296875 0.44146680831909179688 -0.73432856798171997070 1.55062162876129150391 1.60902106761932350842 -1.24852180480957031250 0.18747831881046289615 -0.30639192461967468262 1.45584130287170410156 1.14742469787597656250 -1.34884214401245117188 1.58844959735870361328 1.26217114925384521484 -0.17202636599540710449 -0.21525150537490839175 -0.84339362382888793945 -0.81473517417907714844 0.59873282909393310547 0.06851312518119810624 -1.65805983543395996094 1.27712917327880859375 -0.99097436666488636359 -1.09326815605163552014
-0.08591642230749130249 -0.14403837919235229492 -1.51123344898223876953 -1.56440198421478271484 0.03150793910026550293 -0.14180134236812588777 -0.57707065343856811523 -1.39501869678497314453 -1.05359375476837158203 -0.08315701782703399658 -1.59295725822448730469 -0.71347886323928833008 -0.05233595520257949829 0.12594039738178250398 0.59259217977523803711 -0.11989898234605779470 1.14913749694824218750 -1.32816445827484130859 -0.19988481700420379639 0.02317844703793520145 1.55020439624786376953 0.94126707315444957391 -1.39560258388519287109 1.24970102310180664062 -0.20948550105094909668 -1.34606039524078369141 1.04455566406250000000 0.61765193939208984375 -0.53967291116714477539 -1.09139490127563476562 0.47997790575027460269 0.27443599700927728824 0.07789870351552960481 1.54673361778259277344 -0.01027760934084650038 1.14518439769744873047 0.00192796008195719997 -0.75204455852508544922 1.10230875015258789062 1.13930714130401589124 0.17652095854282379150 1.70242762565612792969 1.49234700202941894531 1.03084552288055419922 0.31169843673706049136 0.34405300021171569824 -0.31759551167488098145 0.23863647878170010652 -1.55742359161376953125 -0.53577190637588500977 1.10187470912933349609
-1.82010054588317871094 -1.69690620899200439453 -1.03679931163787841797 0.75033062696456909180 -1.15401005744934082031 0.65248292684555053711 -1.06329023838043190686 1.37890851497650168689 -0.72963130474090576172 -1.67272913455963112561 1.03896844387054443359 0.49545896053314208984 -0.69408386945724487305 0.54707777500152587891 -1.57981085777282714844 0.34530356526374811343 -1.29731094837188720703 0.28404885530471801758 -1.68555295467376708984 -0.89193195104598999023 1.23078715801238991467 1.66070914268493630139 -1.57909166812896728516 -0.94677025079727161749 0.51731288433074951172 0.65950399637222290039 0.51791578531265258789 -0.79918795824050903320 -0.64007866382598876953 -1.31530904769897460938 -0.18529364466667169742 -1.32860779762268088611 0.68852818012237548828 -1.00041115283966064453 1.63527739048004150391 -1.01589465141296408923 -0.91563618183135997430 1.06466400623321510999 -1.44743895530700683594 0.29999217391014099121 -0.01842525415122499982 -1.61391341686248779297 -1.64927065372467041016 -0.85252863168716430664 0.11990707367658609561 1.27286005020141601562 1.06000435352325439453 1.43207561969757080078 -1.50072240829467751233 -1.53758811950683593750 0.10158830136060710558
-0.63258898258209228516 -1.55817961692810058594 -0.34553477168083190918 1.32693397998809792249 0.40203678607940668277 1.22891855239868164062 0.57346737384796142578 1.59057152271270751953 0.53900778293609619141 0.99865210056304920538 -0.50167822837829589844 -0.15627582371234891023 1.36774659156799316406 1.50858950614929199219 -1.03119647502899169922 0.21456764638423919678 0.98017084598541259766 0.88256061077117919922 -1.26484119892120361328 -0.55290490388870239258 0.90565240383148204462 -0.31660726666450500488 -0.30215078592300409488 -1.02237308025360107422 1.08676195144653320312 0.53527563810348510742 -1.74836111068725608142 -0.76607424020767211914 -1.20807468891143798828 0.50773632526397705078 0.34969252347946161441 1.31267845630645751953 -0.33948522806167602539 1.35171055793762207031 -1.04368126392364501953 -0.45897677540779108218 -0.51894539594650268555 1.53401315212249755859 -0.71333986520767211914 -1.70316421985626220703 -1.33597838878631591797 1.14106464385986328125 0.89821469783782958984 -0.49062058329582208804 -0.55652070045471191406 1.21484625339508056641 -0.69682121276855468750 1.56703460216522216797 1.33894324302673339844 1.32314515113830566406 0.30259388685226440430
-0.27730756998062128238 -0.61172294616699218750 -0.39769771695137018375 0.60187125205993652344 1.38352715969085693359 -0.72958070039749145508 0.28256312012672418765 1.02149963378906250000 -1.23131012916564941406 -1.08181691169738769531 1.56316339969635009766 1.16280174255371093750 0.21193611621856689453 -0.47896978259086608887 1.63436889648437500000 -1.38155269622802712171 1.66876530647277832031 -1.29270970821380615234 -0.41015061736106872559 1.18039345741271950452 1.65419137477874755859 0.56492733955383300781 1.43751657009124755859 -0.09703005105257030138 0.96344703435897838251 1.72462677955627441406 0.47509273886680597476 1.48322546482086181641 0.47253981232643127441 0.20375959575176239014 -0.93815863132476795538 0.43079718947410577945 0.97675955295562744141 1.53528070449829101562 -0.59438800811767578125 -0.90435236692428599969 -1.47598874568939208984 -0.36040872335433959961 0.22190468013286590576 1.49878358840942382812 -1.64005601406097389905 -0.99242287874221801758 -0.96163213253021240234 -0.36809489130973810367 0.42875787615776062012 1.40281605720520019531 0.11893016099929809570 -0.68525791168212890625 0.92842823266983043329 -1.23866701126098632812 1.56859719753265380859
-0.79800683259963989258 -0.14177331328392028809 -1.20223045349121093750 -0.13500906527042388916 -1.44519782066345192639 -1.69209992885589599609 0.62849438190460205078 -1.49595355987548850329 0.51687222719192504883 0.89929628372192382812 -0.42557716369628900699 -1.63546037673950195312 -0.99103760719299316406 -0.31309944391250610352 0.11644075065851210160 -1.32601404190063476562 -0.76878780126571655273 0.48627340793609619141 1.65443146228790283203 -0.23631502687931060791 0.16803061962127679996 -0.15748679637908929996 1.18906188011169433594 -0.70051050186157226562 0.06490700691938400269 1.24243569374084472656 1.02036738395690917969 0.45926988124847412109 -0.33013316988945007324 -0.14540073275566101074 -0.44570216536521911621 -0.97606766223907481805 -0.28726321458816528320 1.29986178874969482422 -1.48981237411499023438 1.70906519889831542969 -1.52494704723358154297 -1.62158262729644775391 -1.36029744148254394531 -1.62912535667419433594 -0.24746596813201898746 0.72633576393127441406 0.82446670532226562500 1.31922042369842529297 0.16835486888885489720 -0.62712568044662475586 1.77607917785644509046 -0.94481277465820323602 -0.25542855262756347656 -0.71996575593948364258 1.14866971969604492188
-0.87243121862411499023 -1.70059382915496848376 -0.82666051387786865234 0.09877038747072219849 -1.57966768741607688220 1.03274917602539062500 -1.10794484615325927734 -1.71327698230743408203 1.23515725135803222656 0.12262502312660210346 -0.29567590355873107910 0.83031225204467773438 1.32172811031341552734 1.62641942501068115234 -0.23117780685424799136 -0.74964272975921630859 0.73854988813400268555 -0.04646662995219229958 1.03433990478515625000 1.10813105106353759766 1.21272051334381103516 -1.04276263713836669922 1.01353204250335693359 -0.28289100527763361148 0.29492169618606567383 1.50694584846496582031 -0.13436722755432128906 0.42004787921905517578 1.00982677936553955078 -0.39836657047271728516 -0.72887349128723144531 -0.79895901679992675781 -1.27239882946014404297 0.53438067436218261719 -0.48448234796524047852 0.50730884075164794922 1.30193734169006369861 -0.35516947507858270816 0.20611612498760220613 -1.25656545162200927734 0.74431568384170532227 1.67048120498657248767 -1.01927399635314941406 0.44424182176589960269 -1.49196100234985351562 -0.60419076681137084961 0.85747236013412475586 1.27839124202728271484 1.32821965217590309827 -1.03209769725799560547 -0.40944078564643859863
0.30096870660781860352 0.25512945652008051090 -0.40828713774681091309 -1.27428352832794189453 -1.42352426052093505859 0.55385911464691162109 -1.21620905399322509766 0.81264781951904296875 -0.45067456364631647281 -1.30118918418884277344 1.46737146377563476562 -0.73475027084350585938 1.40299832820892311780 0.05713707208633420076 -0.56082487106323242188 -1.37528252601623535156 0.61559450626373291016 -1.28098142147064208984 -1.65537416934967041016 -0.52633333206176757812 -0.19024558365345001221 0.33777236938476562500 -0.47442895174026489258 0.78389167785644531250 -1.63936066627502441406 -0.67104411125183105469 0.63267207145690917969 -1.13977372646331809314 -1.59999501705169677734 -0.51331675052642822266 -1.66676950454711914062 -0.02211395464837550076 0.39706212282180780582 -0.78221899271011352539 -1.48897004127502441406 0.06169504672288889796 -0.87430375814437866211 0.30167716741561889648 0.60936200618743896484 -1.49713277816772460938 1.23790788650512695312 -1.52478718757629394531 -0.62724918127059936523 -0.97168803215026855469 -1.48304784297943115234 0.87468284368515014648 -0.27945291996002197266 -0.79708582162857055664 -0.54529905319213867188 -1.60245239734649658203 -1.08553600311279296875
-2.09537911415100097656 -1.58000171184539794922 -0.79900783300399780273 -0.10473757982254019994 0.14233610033988949861 0.46025139093399047852 0.42361187934875488281 1.46697723865509033203 0.53745722770690917969 -1.16929256916046142578 1.03123009204864501953 -0.07731950283050530170 1.44275605678558349609 -0.83078479766845703125 -0.44713568687438959293 -1.41186261177063010486 -1.54852187633514404297 1.08189022541046142578 0.92081648111343383789 0.09736074507236479325 -0.41087490320205688477 -1.37001574039459250720 1.38496565818786621094 0.72918498516082763672 -1.05098235607147216797 -1.44878029823303222656 0.83625173568725585938 0.88647490739822387695 -0.88692820072174072266 -0.45834457874298090152 -0.90579909086227416992 0.74603641033172607422 -1.12561166286468505859 -0.15185028314590451326 -1.30832266807556152344 -1.05649960041046142578 -0.99665838479995716437 -1.20301866531372070312 1.32815861701965309827 0.58011090755462646484 0.61105573177337646484 -0.95246154069900523798 0.45181253552436828613 1.24728524684906005859 -1.67537963390350341797 -1.20952308177947998047 -1.32561051845550537109 -1.27527081966400168689 1.19208610057830810547 -0.57406252622604370117 -0.15981212258338919896
-1.43720173835754394531 -1.35922956466674804688 -1.00909280776977539062 0.15966236591339111328 -1.14342641830444335938 1.53270208835601806641 0.19205489754676818848 0.33806461095809930972 1.24508404731750488281 1.13382458686828591077 1.30942249298095703125 -0.46133324503898620605 1.36977005004882790296 -0.29388824105262750797 0.30506914854049682617 -0.75996637344360351562 1.69585621356964111328 1.15291380882263183594 0.10120294988155359439 -1.19942474365234375000 1.40412282943725608142 -0.01824156381189820028 0.08379945904016490588 -0.94127172231674205438 0.24762955307960510254 1.17412209510803222656 -1.73459720611572287829 1.17028510570526123047 1.57279896736145019531 0.19862888753414151277 0.56095796823501586914 -0.19483090937137600984 -0.80294340848922729492 -0.00693971896544090007 0.96257692575454723016 -0.12374933063983910297 0.90180557966232299805 -1.46081924438476562500 0.77448689937591552734 1.39341485500335693359 -1.65970075130462646484 0.75601893663406372070 -1.15570211410522460938 1.45311570167541503906 -1.08075904846191406250 0.01496267225593319976 1.24009954929351806641 1.38421773910522460938 -1.33118343353271484375 0.66718846559524536133 0.14849163591861719302
-0.20152929425239560213 -0.75757414102554321289 0.08770879358053200459 1.10832166671752929688 -0.02151038870215410057 -1.13650143146514892578 -0.30205422639846801758 -1.54117298126220703125 1.48266029357910156250 1.51292395591735839844 -0.15564920008182520084 -1.57703399658203125000 0.18746505677700039949 -0.30147698521614069156 1.66699790954589843750 -1.22111105918884277344 -0.08537939935922619905 1.61087405681610107422 1.15469563007354736328 0.99659609794616699219 -0.07938841730356209492 1.26238608360290527344 -0.81563663482666015625 0.40019533038139337711 -0.52078336477279663086 0.99169534444808959961 -0.12149423360824579410 0.07092916965484609426 -0.06627687811851500077 0.58405381441116333008 0.23314653337001800537 -1.42648184299468994141 1.27003514766693115234 -0.77627587318420410156 0.13673877716064450349 -0.89309793710708618164 0.39942520856857299805 -0.44583564996719360352 0.13565883040428158846 -0.66504466533660888672 -0.53902536630630493164 0.74142628908157348633 1.49637532234191894531 -0.97940212488174438477 1.54350888729095458984 -0.86120384931564331055 0.37586233019828790836 -0.89109826087951660156 1.01259315013885498047 -0.33840015530586242676 1.26047587394714355469
-1.79565691947936989514 -1.31396865844726562500 -0.03182993084192269756 0.76918268203735351562 -1.48008036613464355469 1.56566107273101806641 0.68198275566101074219 -0.21983520686626428775 0.41698971390724182129 1.04311990737915039062 0.20491206645965570621 1.16287469863891601562 0.95517504215240478516 -1.25582945346832275391 0.43112215399742120914 -1.33196401596069335938 0.91725397109985362665 -0.19152374565601348877 0.66873627901077270508 1.30013942718505859375 -1.59291052818298339844 -1.32583057880401589124 -1.39043664932250976562 0.53212708234786987305 -0.97024118900299083368 -0.90126734972000122070 -0.67632949352264404297 0.50337475538253784180 -1.70058596134185791016 1.29403293132781982422 1.24674224853515625000 -1.09984624385833740234 -1.57452797889709472656 1.42060422897338889392 -0.59038192033767700195 1.01956820487976074219 -0.88934820890426635742 1.71507072448730490954 -0.29469063878059381656 0.85647630691528320312 -0.26201483607292169742 -1.28210258483886718750 1.07017314434051513672 0.14588311314582819156 -1.40061652660369873047 -0.46747559309005737305 0.22096060216426849365 -0.24194750189781188965 -1.42156636714935302734 -0.27247121930122369937 -0.12225730717182159424
-0.96899288892745960577 -1.02792441844940207751 -0.28868585824966430664 -1.47870314121246337891 -0.27811756730079650879 0.73502540588378906250 0.02342962846159930140 1.53788435459136962891 -0.06366587430238719592 -0.38763070106506347656 -0.57435262203216552734 0.33684188127517700195 -0.46964138746261591129 -1.11294877529144287109 -0.21487322449684140291 0.43778914213180541992 -1.68445384502410888672 -1.14164924621582031250 0.73253005743026733398 -1.09597408771514892578 -1.31468093395233154297 -1.59525632858276367188 -0.09504835307598109850 -0.33395335078239440918 1.48495769500732421875 1.08266425132751464844 -1.14543592929840087891 0.38791406154632568359 0.06090556830167769692 -0.53928828239440917969 0.66954934597015380859 -0.35816100239753717593 -0.19469100236892700195 0.52883541584014892578 -0.62156611680984497070 -1.12370431423187255859 1.24165236949920632092 0.15006047487258911133 -1.42079961299896240234 1.56128203868865966797 0.79329437017440795898 -0.15645262598991391267 -1.46537578105926513672 1.62309527397155761719 -1.01285731792449951172 -0.81345266103744506836 -1.07127547264099121094 1.28072476387023925781 -0.46178475022315979004 -0.03806043416261670198 -0.01690614223480220099
-1.28733897209167480469 -0.85580867528915405273 -0.58161151409149169922 -0.16017574071884149722 -0.37930101156234741211 0.80628347396850585938 -0.06601423025131220035 0.84731501340866088867 0.73444062471389770508 -1.43376362323761008533 -1.32122385501861550061 -0.85460311174392700195 -0.54441374540328979492 -1.61686372756958007812 -1.16720664501190207751 1.11279976367950439453 0.53068178892135620117 0.36971998214721679688 -1.08403944969177246094 -0.90979933738708496094 0.26227810978889459781 -0.24052534997463220767 1.56711494922637939453 -1.16221404075622558594 -0.36604112386703491211 0.74438285827636718750 1.29609048366546630859 0.48313817381858820132 -0.31499409675598138980 0.54583221673965454102 -1.31896317005157470703 0.93051946163177479132 1.48810374736785888672 1.52896618843078591077 -0.25193363428115839175 -1.56098961830139160156 1.26369810104370117188 0.95161706209182739258 -0.47752580046653747559 1.04645478725433349609 -0.55442041158676147461 1.22835898399353049548 0.00040569153497920001 -0.89918100833892822266 -0.88347214460372924805 0.75425249338150024414 1.61711025238037109375 -1.67107355594635009766 -1.31749641895294189453 1.64472889900207519531 0.41403400897979730777
0.64213621616363525391 0.04131539165973659861 -0.03403329476714130053 -1.14674389362335205078 0.15958213806152340974 1.01605415344238281250 0.30484229326248168945 1.37029445171356201172 -1.61210596561431884766 0.39866390824317932129 -0.10105252265930170230 0.09223975986242290148 0.98714137077331542969 -0.00271435780450699979 -1.42274904251098632812 1.01844501495361328125 1.47328758239746093750 0.32093378901481628418 -0.46337646245956420898 0.51045036315917968750 -1.68031895160675048828 -1.14018368721008300781 -1.57289636135101318359 -0.72160369157791137695 -0.29711145162582397461 1.60593235492706298828 1.47819840908050537109 -0.52711027860641479492 -0.54202151298522949219 -0.20920583605766290836 -0.12473514676094049625 -1.41128766536712646484 0.12435024976730339741 -0.90230250358581542969 0.13829979300498959627 -0.26993915438652038574 0.27017185091972351074 0.93888223171234119757 0.21498864889144889134 -0.60226947069168090820 -1.07700860500335693359 -1.48105919361114501953 1.13024151325225830078 -1.08588767051696777344 1.45130050182342529297 0.75554591417312622070 -0.85713440179824829102 1.47085154056549072266 -1.42815124988555908203 0.47337579727172851562 -0.87299805879592895508
0.73614889383316040039 0.22439621388912200928 -0.01217398885637520009 -0.23130737245082849673 1.27595186233520507812 -1.34799969196319580078 0.02544512040913100154 0.60548675060272216797 0.18655757606029510498 0.98533737659454356805 1.41238355636596679688 1.10292744636535644531 -0.61935681104660034180 -0.00660075340419999986 -0.13329015672206878662 0.85759884119033813477 -0.96040874719619762079 0.52755290269851684570 -0.22263690829277030248 -0.78983467817306518555 -1.09094536304473876953 1.19116663932800292969 1.15760016441345192639 -0.77519857883453369141 0.86672514677047729492 -0.89174324274063110352 -1.14196002483367919922 -0.73071885108947753906 1.69417250156402610095 1.58699655532836914062 -0.71956247091293334961 -1.18763685226440429688 0.89874798059463500977 -0.28794842958450317383 -1.17826890945434570312 -1.59080207347869873047 1.32586646080017089844 -0.44244337081909179688 -1.15842425823211669922 0.54133653640747070312 0.04018399864435189678 -1.10305416584014892578 0.06542293727397910374 -0.45061349868774408511 1.42831695079803489001 0.13740500807762140445 -0.94625222682952880859 1.41526496410369873047 -0.16005593538284298982 0.71523195505142211914 -0.85997384786605834961
0.30260109901428222656 -0.56774330139160156250 -0.08096051961183539647 0.88251906633377075195 0.61672872304916381836 -0.07973022758960719714 0.98787647485733043329 0.75567042827606201172 -0.80259823799133300781 0.91139483451843261719 0.20363445580005640201 1.27567803859710693359 -0.99462407827377319336 -1.39286947250366210938 -1.35387539863586447986 -0.34800934791564941406 -0.38415172696113580875 0.06135359406471249666 1.30027294158935569079 0.14074645936489099673 0.42052656412124628238 1.03070044517517089844 -0.45696195960044860840 0.76228815317153930664 -0.35766771435737609863 1.29494726657867431641 -1.13818001747131369861 -0.83558332920074462891 -0.77017116546630859375 0.58819198608398437500 0.32739329338073730469 0.56657987833023071289 1.10898840427398681641 -0.74292790889739990234 -0.29932153224945068359 -1.25451719760894775391 0.32593363523483270816 -1.28739869594573952405 -0.02878743223845950036 0.80110275745391845703 0.35212251543998718262 0.57591897249221801758 -1.33817124366760231702 0.44473996758460998535 -1.16203904151916503906 0.46060737967491149902 1.24695444107055664062 1.57284152507781982422 -1.39796805381774902344 0.36626005172729492188 1.41736376285552978516
2.28352761268615678247 1.62750637531280517578 1.45848286151886008533 0.17513209581375119295 -1.28684628009796142578 1.56096589565277099609 0.47280314564704889468 -0.77187401056289672852 -0.61778825521469116211 -0.43313193321228027344 -1.54658913612365722656 1.74690139293670632092 -1.54852604866027832031 0.99984443187713623047 -0.65239262580871582031 -1.21704041957855224609 -0.51895821094512939453 0.96411710977554321289 -0.73878794908523559570 0.84349626302719116211 -1.29590415954589843750 0.04883350431919090268 -0.18194897472858428955 -0.76920592784881591797 -1.28733503818511962891 1.43559598922729492188 -0.61908507347106933594 0.26765948534011840820 0.08842151612043379350 1.05301415920257568359 0.02322827093303200113 -0.05540066212415690333 1.60340595245361328125 0.58701503276824951172 -1.47511088848113991467 -0.22808854281902310457 -0.51930129528045654297 0.51683759689331054688 0.11275795847177499942 1.33231186866760231702 -0.45017322897911071777 1.10902225971221923828 0.35245174169540399722 0.23801292479038230199 -1.30976152420043967517 0.65412002801895141602 0.92462068796157836914 -0.45650261640548700504 0.85301369428634643555 -0.16629725694656369295 -0.18000154197216031160
0.29297497868537897281 -0.40453660488128662109 -0.85992878675460815430 -0.60917848348617553711 0.43564775586128229312 1.26709997653961181641 -0.65783649682998657227 -1.51847004890441894531 -0.05767008662223809673 1.06895613670349121094 -0.88448530435562133789 1.50837218761444091797 -0.31739738583564758301 -0.56485778093338012695 -1.44949758052825927734 1.58966875076293967517 0.35815042257308959961 1.42319488525390625000 0.07204860448837280273 1.43915891647338889392 -0.97487604618072520868 1.70382022857666015625 -1.46841764450073242188 1.76770663261413552014 0.18336148560047149658 -1.45125842094421408923 1.32051944732666015625 0.99584168195724476202 0.37326014041900629215 -0.97405827045440684930 1.26191079616546630859 1.45624566078186035156 0.59126359224319458008 -1.68881344795227050781 0.67039227485656738281 -1.13573610782623291016 0.89182943105697631836 0.18834419548511499576 -0.98497527837753295898 0.41261938214302057437 -0.40378156304359430484 1.08954048156738281250 -0.15479460358619689941 -1.37233090400695800781 0.40998473763465881348 0.38101020455360412598 1.44286954402923583984 0.11416368931531900577 0.40851071476936340332 1.58703529834747314453 0.80086439847946166992
1.38900983333587646484 1.24386429786682128906 1.70224094390869140625 1.29920828342437744141 -0.82236486673355102539 1.12110340595245361328 -0.99885708093643199579 1.22350144386291503906 -0.41560402512550348453 0.87031644582748413086 -0.19545267522335049715 -0.63129866123199462891 -1.25964093208313010486 -0.17221865057945248689 -1.37207853794097900391 -0.72185671329498291016 0.28975006937980651855 -0.49528983235359191895 0.93863028287887562140 0.74530446529388427734 0.48442757129669189453 1.03896057605743408203 0.56324982643127441406 0.82504045963287353516 1.21643531322479248047 1.47455751895904541016 0.64076870679855346680 0.57761752605438232422 -0.75667876005172729492 -1.37575995922088623047 0.11315055191516870670 -1.07299983501434326172 0.06910245120525360107 1.62386834621429443359 -0.13987907767295829076 0.52843695878982543945 1.25027275085449218750 0.20383249223232269287 1.71704614162445090564 0.16570517420768729466 -1.01331281661987304688 0.08601532131433480000 0.47092327475547790527 -0.06114457175135609712 1.49090516567230224609 -0.20299240946769708804 -0.28090843558311462402 1.50863277912139892578 -1.38872110843658447266 0.07060495764017099551 -0.10648366063833229755
0.53138947486877441406 0.78265643119812011719 -0.66142344474792480469 -0.84217506647109985352 1.59955537319183349609 0.09058941900730130281 -0.06342308223247519749 -0.34091612696647638492 -0.78542190790176391602 -0.77606993913650512695 -0.77498275041580200195 0.36079189181327819824 1.59609377384185791016 -0.51494950056076049805 -0.03410309553146360223 0.37419489026069641113 0.35098704695701599121 1.66412258148193359375 0.32960289716720581055 1.25747525691986083984 1.19139063358306884766 -1.62164175510406494141 -0.06363552063703530048 -0.96193641424179077148 -0.91062831878662120477 0.31091514229774469547 1.61900985240936279297 -1.38237404823303222656 0.11018408089876169376 -0.91524064540863037109 -0.42529135942459100894 -1.68418824672698952405 0.25989213585853571109 1.44544744491577170642 -0.48319485783576959781 0.24851368367671961002 1.41331374645233154297 -0.23103533685207358617 0.63442432880401611328 1.15058565139770507812 -0.98174881935119640008 0.71782320737838745117 1.38048136234283447266 0.83410292863845825195 1.51529598236083984375 1.08868670463561989514 -0.24644660949707031250 -0.81588310003280639648 0.30859538912773132324 -0.36449304223060607910 -1.37535595893859863281
0.02543160878121850099 0.98463106155395518915 -1.41576194763183593750 -1.71972084045410156250 -0.55314457416534423828 -0.11492250859737390689 1.16626548767089843750 -0.59802252054214477539 -1.22207033634185791016 -0.05497269704937930018 -0.03662568703293799660 1.08032834529876708984 1.58638131618499755859 0.36220201849937438965 -0.61911052465438842773 -1.14029884338378906250 0.84539872407913208008 0.38644337654113769531 -1.59248292446136474609 0.80797892808914184570 0.46000045537948608398 -1.57289671897888183594 -0.08855526149272910374 0.37736058235168451480 0.56444925069808959961 -1.56686496734619140625 1.00455164909362792969 -1.24738824367523193359 -1.52661228179931640625 -0.04492224752902979762 -0.12428548932075500488 0.84433948993682861328 0.89900553226470947266 1.15419161319732688220 1.00639355182647705078 -1.65693771839141845703 -0.40184241533279418945 0.82021975517272949219 0.22672848403453821353 -1.53027153015136718750 -0.80009883642196655273 -0.36981633305549621582 1.38832652568817138672 -1.54534411430358886719 1.08975243568420410156 -0.26333454251289367676 1.64943730831146240234 -0.97998332977294921875 0.49278244376182550601 1.48755288124084472656 -1.26570606231689430921
-1.10500109195709250720 -0.99571210145950317383 -1.14707970619201660156 -0.91174298524856556281 0.90794241428375244141 0.41752126812934869937 0.40877863764762878418 0.94785696268081676141 -0.43228620290756220035 -0.59789240360260009766 0.01112211123108860014 -1.52964258193969726562 0.65420484542846679688 -0.99422174692153919562 -0.25545662641525268555 -1.10584676265716552734 -0.47042310237884521484 1.24522697925567649158 1.55528151988983154297 -0.71932321786880493164 0.75251209735870361328 0.02312448062002650170 0.32466658949851989746 -1.58195030689239501953 0.06939848512411110615 -0.20178124308586120605 1.01718056201934792249 -0.42813694477081298828 1.70831704139709472656 -0.76208531856536865234 0.80775058269500732422 -1.15442836284637428967 0.33538642525672912598 0.99215495586395263672 -1.54841685295104980469 0.75600898265838623047 -0.12055447697639459781 0.18259170651435849275 1.37685585021972656250 -1.48701548576354980469 -1.58170425891876220703 -1.45495128631591796875 0.56189364194869995117 1.46017372608184792249 -0.17049549520015711002 0.94854170083999644891 1.61033153533935569079 -1.50514376163482688220 1.38155233860015869141 -1.72411799430847167969 0.53944981098175048828
0.13658969104290000218 -0.15680848062038418855 0.91419994831085205078 1.18349695205688476562 0.50839239358901977539 -0.42023450136184692383 0.20850412547588340062 0.04424198344349859757 0.06119818985462179700 -1.44880783557891845703 -1.65206074714660644531 -1.21144747734069824219 1.59394061565399169922 0.88631331920623779297 0.17080235481262198705 1.57597947120666503906 -0.14742970466613769531 0.23025359213352200594 -1.58701288700103759766 0.06761141866445539994 -1.51520764827728271484 -0.70088422298431396484 0.29279923439025878906 0.24320071935653680972 0.79051566123962402344 -1.29740715026855490954 -0.53858292102813720703 0.58136302232742309570 -1.12675726413726806641 1.00763773918151855469 1.50748658180236816406 -0.19783191382884979248 1.61833477020263671875 -0.84473693370819091797 -0.96907675266265880243 -0.39824679493904108218 1.07502377033233642578 1.58770394325256369861 -1.21511685848236083984 0.66449427604675292969 -1.33726561069488525391 1.55519676208496093750 0.20244990289211270418 1.64046883583068847656 -0.05339492857456200336 -0.89219987392425537109 1.24535381793975830078 0.72706580162048339844 1.57654070854186989514 -1.50701534748077392578 0.91647118330001842157
-0.31896895170211791992 -0.88912808895111083984 -0.55500125885009765625 1.00331032276153564453 0.29925140738487238101 0.12183842808008189806 1.61807274818420410156 -1.13960385322570800781 1.35508179664611816406 -1.09328460693359375000 0.34064716100692749023 1.44984304904937744141 1.69751977920532248767 -1.12698554992675781250 1.21643733978271484375 1.22294163703918457031 -0.77652460336685180664 -0.73499184846878051758 -0.99401557445526123047 -1.42452371120452880859 -1.54383945465087890625 -1.64962100982666015625 0.92291820049285877570 1.17048370838165283203 -0.63585168123245239258 0.04371520131826400063 -0.97119587659835815430 -0.72898125648498535156 0.73336708545684814453 0.36566030979156488590 0.24167236685752868652 1.17714917659759521484 1.65000355243682861328 1.71545994281768798828 0.71404540538787841797 -0.31327953934669489078 0.69980210065841674805 1.56535637378692649158 1.27703320980072021484 1.30735349655151367188 0.26747921109199518375 1.33919680118560791016 1.01094686985015869141 0.09875375032424919819 0.75615054368972778320 1.23833441734313964844 -0.67256021499633789062 -0.94870078563690196649 1.36945509910583496094 0.59811919927597045898 1.47589910030364990234
-0.34776628017425531558 0.17790831625461570042 0.73165088891983032227 0.53291469812393188477 0.38373664021491998843 1.32361912727355957031 -0.20660355687141410130 1.40025579929351806641 -0.94179838895797718390 -0.39022982120513910465 -0.45058518648147577457 -1.39916825294494628906 -0.16133591532707208804 -1.40299892425537109375 0.33220902085304260254 -0.38102415204048151187 1.28264236450195312500 0.50653547048568725586 1.34987866878509521484 -1.69373559951782248767 1.13373792171478271484 -0.79051041603088378906 1.66113519668579101562 1.13393294811248779297 -0.30392271280288690738 -0.38430202007293701172 -0.32807913422584528140 -0.15488351881504058838 0.05877066403627390079 -0.60489648580551147461 0.97289401292800903320 -0.06387198716402049670 1.45430600643157958984 0.84285223484039306641 -1.66214954853057861328 0.55548804998397827148 1.30048394203186035156 1.44482624530792236328 0.33348053693771362305 0.93387705087661743164 1.19924461841583229749 -0.08829858899116510562 -0.16619923710823059082 0.71098560094833374023 -0.53349280357360839844 0.99271517992019642218 0.70788598060607910156 -1.67738223075866699219 -0.57208508253097534180 0.52714198827743530273 0.82017314434051513672
-1.56599247455596923828 -1.11324524879455566406 -0.59070390462875366211 1.40004432201385498047 1.38640284538269042969 -0.02947681955993169955 -0.95881414413452159540 -0.09025271981954570422 1.07150888442993164062 -0.55390411615371704102 1.21920144557952880859 -0.08940810710191719746 0.86953353881835937500 -0.87998789548873901367 -1.42555999755859375000 0.70866250991821289062 -0.03811023011803620075 -1.37215924263000488281 1.63599264621734619141 0.14771798253059378880 -0.65728962421417236328 -1.39644014835357688220 1.64251959323883056641 -0.03823304921388619854 1.49005246162414550781 -0.75269353389739990234 0.51151412725448608398 -0.53157329559326171875 -0.26498723030090332031 0.62028509378433227539 -1.48818874359130859375 -0.81147462129592895508 -0.48632496595382690430 -1.28771209716796875000 -0.74564135074615478516 1.59655535221099831311 -0.66973572969436645508 0.04104334861040109805 -0.56801253557205200195 -0.02348952554166310047 0.24302393198013300113 1.61966395378112792969 -1.03841125965118408203 -1.53986060619354248047 -0.87930965423583984375 0.81238913536071777344 1.40038478374481201172 1.68477582931518554688 -0.05150665715336789907 0.05098780617117879693 1.01944315433502197266
-1.49094402790069580078 -1.05133485794067382812 -0.86408412456512451172 0.97121751308441162109 -1.20355474948883056641 -1.02833783626556396484 -1.54817759990692138672 -0.32565569877624511719 -1.17242336273193359375 0.35130071640014648438 -0.86175239086151123047 -1.66304397583007790296 0.96073812246322642938 0.00173045357223599997 -1.05540716648101806641 1.18754470348358154297 0.84514743089675903320 1.59339380264282248767 0.51652151346206665039 0.23630002140998840332 0.60488623380661010742 -0.68883383274078369141 0.96817600727081298828 -0.25553977489471429996 -0.93762958049774158820 1.75738584995269775391 -1.17131257057189941406 1.43382894992828369141 0.62254637479782104492 -0.67864263057708740234 0.57636404037475585938 0.92016601562500000000 -1.18044626712799072266 -0.25289526581764221191 -0.94233739376068115234 -0.27562943100929260254 -0.89137703180313110352 -1.60524535179138183594 -1.26815521717071510999 0.94590830802917480469 -0.92758697271347034796 -1.39571964740753151624 0.55633383989334106445 0.03113376349210730115 0.10487844049930569734 0.89438831806182861328 -1.12821781635284423828 0.67826288938522338867 0.18616536259651181306 -1.32310712337493896484 0.79732733964920043945
1.81837987899780273438 1.43952119350433349609 2.53546047210693359375 1.05738031864166259766 0.39573624730110168457 -1.25509965419769287109 -0.81784796714782714844 1.60655534267425537109 -0.62607419490814208984 -0.30224832892417907715 0.10701654106378549747 -1.69123375415802001953 -1.74912405014038085938 -0.85149121284484863281 1.61251854896545410156 0.57172805070877075195 -0.53289198875427246094 -0.15004079043865201082 1.50965011119842529297 -1.73492014408111550061 -0.36579945683479309082 1.41433286666870117188 -1.23753654956817649158 1.13586831092834472656 -0.68515074253082275391 0.19041381776332849673 1.10528826713561989514 -1.30390810966491699219 -0.11143892258405679874 1.34689152240753151624 -0.37618908286094659976 -0.57451617717742919922 1.24070894718170166016 -0.83696067333221435547 1.61928963661193847656 -0.82407122850418090820 0.27657318115234369449 0.36112818121910089664 1.36605584621429443359 -0.06107868254184720125 -0.46437492966651910953 0.37394124269485468082 -1.71223425865173339844 -1.16701900959014892578 1.59987151622772216797 1.53682005405426047595 0.38113126158714288882 -0.73325246572494506836 -0.28684979677200317383 -1.15686643123626708984 1.37781190872192382812
1.59619891643524169922 1.10852611064910888672 1.15260815620422363281 0.55238384008407592773 1.16144013404846191406 -0.75415426492691040039 -0.77463912963867187500 0.00128994311671699999 -1.56039047241210937500 0.55386471748352050781 -1.02981281280517578125 1.06294500827789306641 1.35067069530487060547 -1.68387222290039062500 -0.09526269882917400011 -0.48584854602813720703 -0.82117074728012084961 -1.62475216388702392578 -1.70148634910583496094 -0.81085723638534545898 -1.63600575923919677734 -0.33203175663948059082 -0.73697084188461303711 -1.62498056888580322266 0.69065874814987182617 1.67735910415649391858 -0.09942372888326639346 -0.75064361095428466797 -0.82533711194992065430 0.64069300889968872070 1.20214664936065673828 -1.70325422286987304688 0.51043170690536499023 -1.28289413452148437500 -0.67119657993316650391 0.70476502180099487305 -0.47493574023246759586 1.34606933593750000000 -1.39305257797241210938 0.10407891124486920442 1.07785606384277343750 -0.61969131231307983398 0.06943963468074790257 0.86404794454574584961 0.50729703903198242188 1.39684092998504638672 1.62176394462585449219 0.04795211926102629918 1.32526254653930664062 -1.52458727359771728516 0.14800056815147399902
-1.01607954502105712891 -1.12979030609130859375 -0.73156207799911499023 1.67153835296630859375 -0.35346412658691400699 1.43348252773284912109 0.97172862291336059570 0.58375775814056396484 -0.35538628697395319156 0.46427857875823969058 -1.02123725414276123047 -1.26562166213989257812 -1.25615060329437255859 -1.63455474376678489001 0.25573256611824030093 -1.04965841770172119141 -1.67433404922485351562 -0.65870684385299682617 1.26640999317169189453 0.49808028340339660645 -0.75951880216598510742 -1.36176741123199462891 -1.45506358146667480469 -1.43284523487091064453 -1.24910831451416015625 -0.70752459764480590820 -0.93764865398406982422 -1.31498134136199951172 0.33126869797706598453 -0.07913112640380859375 -0.80705130100250244141 1.39152395725250244141 -1.60933530330657958984 -1.61867570877075195312 -1.14170193672180175781 1.10874426364898681641 -0.11583763360977170076 1.11723625659942649158 0.09883740544319150056 0.85992491245269775391 1.49848711490631103516 0.55520057678222656250 -1.40805602073669433594 -0.88606667518615722656 -0.48729118704795837402 -0.74282968044281005859 -0.55528211593627929688 1.45827150344848632812 -0.88408660888671875000 1.04537391662597656250 1.13902342319488525391
0.07875495404005050659 0.39371383190155029297 0.26760384440422058105 0.01519900653511280057 1.72562944889068603516 0.89266145229339599609 0.80626010894775390625 -0.96517622470855723993 0.40826165676116937808 0.15821726620197290591 -0.79349035024642944336 1.34990775585174560547 -0.37043207883834838867 1.61733186244964599609 1.47012269496917724609 -0.57049876451492309570 -1.38367807865142822266 -0.27799788117408752441 1.33615660667419433594 -1.41173398494720458984 0.30475732684135431461 1.24459183216094970703 0.83971422910690307617 -0.94514775276184082031 1.48878359794616699219 -1.11135816574096679688 -0.88268393278121948242 -0.90546697378158558234 -0.64919936656951904297 0.00768494606018059988 -0.68004125356674194336 0.91441315412521362305 1.31220161914825439453 1.12983810901641845703 -0.62006932497024536133 0.76011395454406738281 -1.33542907238006591797 -0.16427628695964810457 -1.25129628181457519531 0.40758147835731500797 0.10617964714765540379 -1.37388885021209716797 -0.85806363821029663086 -0.27683764696121210269 -0.53038650751113891602 -1.65713775157928489001 -1.04826378822326660156 0.43199545145034790039 0.88317352533340454102 0.58385753631591796875 0.04777130857110020029
-0.00236763828434049996 0.05649478361010550065 0.29873743653297418765 1.15634524822235107422 -0.26357060670852661133 -0.65676039457321166992 0.55138862133026123047 -0.24398949742317199707 -1.10405707359313964844 -1.67759418487548850329 -1.12324643135070800781 1.26961433887481689453 -0.03084577061235899836 -1.20769500732421875000 -0.54690229892730712891 0.99132949113845836298 0.58165794610977172852 0.03504237160086629693 1.51149451732635498047 -1.34614741802215576172 -0.19196838140487670898 -0.53883421421051025391 -0.46574631333351129703 -0.32267013192176818848 0.03190670534968369915 -0.69202816486358642578 1.21923744678497314453 0.71614432334899902344 1.49938309192657470703 -1.03485190868377685547 0.35553017258644098453 -0.77337509393692016602 -0.29661992192268371582 0.69525015354156494141 0.00054909067694090005 1.40024399757385231702 0.22145527601242059879 1.62537217140197753906 -0.14288717508316040039 -1.33008003234863281250 -0.10598593950271599506 -1.20589935779571510999 1.65269696712493896484 1.33770430088043190686 -0.07780088484287260575 0.83740425109863281250 0.28978133201599121094 -1.35436296463012695312 -0.09221109747886649388 1.49131524562835693359 0.66738164424896240234
-1.10449159145355224609 -0.46438059210777282715 0.47950112819671630859 1.64826333522796630859 0.07188317179679870605 1.12461829185485839844 -0.72654098272323608398 0.25279965996742248535 -1.34040415287017822266 -0.08675242215394969592 -1.66806983947753906250 1.32754039764404296875 0.59319949150085449219 -0.66891765594482421875 -0.59146606922149658203 -0.78373670578002929688 0.42588439583778381348 1.47386872768402099609 1.36475121974945090564 1.34384393692016601562 -0.71295922994613647461 -1.43012356758117675781 1.48912835121154807361 0.23406751453876489810 1.25478208065032958984 0.60833269357681274414 0.79930758476257324219 0.77943903207778930664 -1.56577444076538085938 -1.01170015335083007812 1.45969784259796142578 -1.06731474399566650391 -1.57681775093078591077 0.23665139079093930330 1.31069970130920410156 -1.28854143619537353516 -0.69465374946594238281 -1.38131606578826904297 1.64549827575683593750 1.42738354206085205078 -1.21868157386779807361 1.73698794841766357422 -0.84479600191116333008 -1.15488708019256591797 0.86623674631118774414 1.59457325935363769531 -0.08590065687894819779 1.26937448978424072266 0.74631780385971069336 1.21540391445159912109 1.35942184925079367908
-1.69333124160766601562 -1.64347195625305175781 -0.57541948556900024414 0.07804607599973670262 0.92883473634719837531 -1.29161810874938964844 -0.70521020889282226562 0.80496048927307128906 0.93513858318328857422 0.50328332185745239258 0.71358954906463623047 0.89612799882888793945 -0.49230396747589111328 -0.60696804523468017578 1.10566067695617675781 -0.22360216081142419986 0.77497309446334838867 -0.76465141773223876953 -1.63214385509490966797 -1.04993224143981911389 0.12963704764842978734 -0.44404071569442749023 1.18022835254669189453 1.27659296989440917969 -0.37872481346130371094 0.04131817072629920262 -0.78424537181854248047 -1.42613565921783447266 -1.26051330566406250000 0.30149123072624200992 -0.07542598992586130313 1.17882227897644042969 -0.86027032136917114258 -1.24727785587310791016 0.16737863421440118961 0.12524755299091339111 -0.89027625322341918945 0.07059963047504419498 -0.42438301444053649902 0.40447682142257690430 -1.31097090244293190686 -0.11995097249746319856 1.65267193317413330078 1.18918645381927490234 0.83240681886672973633 -1.19127631187438964844 -0.18076732754707330875 -0.14397463202476498689 0.32132545113563537598 -0.69053751230239868164 0.10749799758195870136
0.91556805372238159180 1.52905797958374023438 1.79710674285888671875 0.76656156778335571289 -0.82421600818634033203 0.90158224105834960938 0.23219405114650720767 -1.46844923496246337891 1.18207359313964843750 1.12850344181060791016 1.56996393203735351562 1.33993804454803489001 -0.23934002220630640201 1.26283073425292968750 1.61001861095428489001 -1.12459063529968261719 0.74915570020675659180 1.35436511039733886719 0.08673124015331259984 0.29124364256858820132 -1.15112984180450439453 1.21470475196838378906 -0.11865265667438500141 -1.64729714393615722656 1.49520981311798095703 -1.05737495422363281250 0.84408694505691528320 1.69080579280853271484 0.00372239504940800013 1.25679802894592285156 -1.62913119792938232422 -0.74148178100585937500 -0.59791111946105957031 1.54101896286010742188 1.29396510124206542969 -0.83731490373611450195 -0.75568199157714843750 -0.31566271185874938965 -0.20057560503482810277 0.92119592428207397461 1.15452635288238525391 -0.33802488446235651187 -0.76957118511199951172 -1.42512631416320800781 1.63152956962585449219 -1.36212515830993630139 -0.78966385126113891602 0.78022086620330810547 -0.13123944401741019505 -1.21877634525299072266 -0.18355664610862729158
-0.79988968372344970703 -0.86952924728393554688 -0.52663284540176391602 0.73928636312484741211 0.03470845893025389928 0.40623843669891357422 0.46482074260711669922 -0.54542225599288940430 0.33741712570190429688 -0.56488782167434692383 0.22680953145027160645 -0.02205740287899969967 0.11048348248004910555 -1.69875907897949218750 0.99537456035614002570 -1.75371110439300537109 -0.28323802351951599121 1.29649531841278076172 -1.62971353530883789062 -0.88648915290832519531 -0.37238684296607971191 -0.68753832578659057617 0.58589106798171997070 -0.60277116298675537109 -0.33141452074050897769 1.45468425750732421875 -0.32007426023483270816 0.36135360598564147949 0.13142122328281399812 -1.26428067684173583984 1.47049474716186523438 0.34070372581481928043 -0.91496413946151722296 1.00168466567993164062 -1.40520799160003662109 -0.12551468610763549805 1.18877458572387695312 0.56579482555389404297 -0.64647984504699707031 0.41311571002006530762 1.35912215709686279297 -1.24621188640594482422 -0.69591426849365234375 0.27633252739906311035 -0.07390795648097990556 0.26527154445648187808 1.49498498439788818359 -0.57994782924652099609 0.65927141904830932617 0.04835990071296689813 1.03467428684234619141
0.23096610605716699771 0.85034716129302978516 0.19229795038700100984 -0.61927330493927001953 -0.31192472577095031738 0.07530252635478970613 -0.71730470657348632812 0.99651193618774402960 -1.24126756191253662109 -0.02132228203117840157 -0.98407363891601562500 0.48246011137962341309 1.63080501556396484375 0.67692458629608154297 -0.15537273883819580078 -0.39538177847862238101 -0.87526041269302368164 -0.01128242537379259974 1.34229302406311035156 -0.82749396562576293945 -0.62660735845565795898 1.28636300563812255859 0.98818302154541015625 -1.26199364662170410156 0.53094404935836791992 -0.93195575475692760126 -0.48782631754875177554 -0.26655903458595270328 0.45687788724899291992 -0.30203151702880859375 -0.87061238288879394531 -1.57603824138641357422 -0.00368682597763830009 -0.37203535437583917789 0.16379570960998529605 -0.32405245304107660465 1.23875141143798850329 0.64682358503341674805 -1.34515964984893798828 -0.65089982748031616211 -1.34656894207000710217 0.75688731670379638672 1.37056875228881835938 1.29212772846221923828 0.87396669387817382812 0.27931541204452509097 0.14965529739856719971 -0.49787166714668268375 1.48793876171112060547 0.47672268748283380679 -1.77101445198059082031
-1.45217776298522949219 -1.08140969276428222656 -0.18355023860931390933 0.11516906321048729633 1.68933284282684326172 0.55495446920394897461 0.73083257675170898438 -1.53757500648498535156 0.10504013299942009663 -1.06954550743103049548 1.30515694618225097656 1.47970652580261230469 0.38450646400451660156 1.59577214717864990234 -0.00692319357767700021 -1.09919905662536621094 0.45887643098831171207 -1.17970335483551047595 0.98307305574417125360 1.55631732940673850329 1.67039585113525390625 -1.04626405239105224609 1.19340062141418457031 0.97927099466323841437 0.74483215808868408203 1.51958334445953369141 -1.39297735691070556641 0.62692856788635253906 -1.39478874206542968750 -0.69878971576690673828 0.02364060655236240038 -0.95816981792449962274 -0.22178024053573600072 -1.63216304779052712171 -0.79968106746673583984 -0.09572924673557280106 1.58003890514373779297 1.70645511150360107422 0.06410914659500120683 -1.67256581783294677734 0.56734454631805419922 -1.49697363376617431641 -0.67439913749694824219 -0.25259020924568170718 -0.24887929856777191162 0.66383409500122070312 0.84649878740310668945 -0.10671880841255179662 0.77871417999267578125 0.24736958742141720857 0.41967517137527460269
-0.97546672821044921875 -1.60647094249725341797 -0.84819734096527099609 -0.40146505832672119141 0.03608158603310580165 1.28121125698089599609 -0.52313858270645141602 -1.46112227439880371094 -0.32237222790718078613 -0.12054786086082450169 0.81218987703323364258 0.61769509315490722656 -0.64019310474395751953 -0.28340727090835571289 -1.03531932830810569079 0.83304834365844726562 -1.52335500717163085938 0.96049571037292480469 0.94484466314315795898 1.65582275390625000000 -0.51755481958389282227 -0.06022684648632999765 0.68099641799926757812 0.55533671379089355469 0.65016722679138183594 0.30552875995635980777 -1.42351174354553222656 -0.06907650083303450150 -1.68858194351196289062 1.52563655376434326172 -0.47581541538238519840 -0.59505379199981689453 1.22459554672241210938 0.00504829967394470041 1.43393015861511230469 0.00943079404532900026 0.92423897981643676758 -0.24792802333831778783 1.65293335914611816406 -0.51351308822631835938 1.47491931915283203125 -1.64867675304412841797 0.83530861139297485352 -1.66957664489746093750 0.55877834558486938477 0.29437321424484247379 0.09296225756406779894 -1.14892935752868630139 -1.42725443840026855469 -0.17398139834403988924 -0.05162232741713519701
0.84481632709503173828 1.51871752738952636719 0.58898395299911499023 -0.01699315011501309827 -1.40047681331634521484 0.03550229221582409944 0.72264301776885986328 -1.52491807937622070312 1.33864355087280273438 -0.15659305453300470523 1.67740881443023681641 -0.39714908599853510074 -1.35255420207977294922 0.24718345701694480199 0.80308705568313598633 1.58352911472320556641 -1.40238785743713378906 0.90456485748291015625 0.95925861597061157227 1.61094284057617209704 1.35211503505706809314 1.66394364833831809314 -0.27877071499824518375 -1.00524723529815673828 -0.21988284587860099095 -0.08007170259952539615 0.58952885866165161133 -1.13686728477478049548 -1.07599616050720192639 0.90946954488754283563 -0.10649091750383370136 0.14076113700866699219 -0.18945917487144470215 -0.31734737753868097476 -1.43488132953643798828 1.21649587154388449939 0.16347445547580718994 1.36286234855651855469 1.40974605083465576172 0.01250522769987580038 -1.30434572696685791016 -1.08441972732543967517 -0.18723751604557029027 -0.46968296170234680176 0.10207591950893399324 0.31782463192939758301 -1.52047598361968994141 0.81953674554824829102 1.23318588733673095703 -0.48670089244842529297 -1.34668195247650168689
-0.52589815855026245117 -0.25854799151420587711 0.17587320506572720613 1.17069828510284423828 1.15151369571685791016 0.62234562635421752930 -1.41517591476440429688 -0.21288737654685971346 -1.55489516258239768298 0.10468272119760510530 0.37229460477828979492 0.67906880378723144531 -1.03891348838806152344 1.13324844837188720703 -0.50609195232391357422 -0.85990989208221435547 -1.24764311313629150391 0.57896572351455688477 0.97225791215896595343 0.96390610933303844110 -0.09264511615037909764 -1.16882550716400168689 0.00695774145424360013 -1.19428467750549316406 -0.81282734870910644531 1.75438380241394042969 0.35328832268714899234 -0.97124201059341441766 -0.41307842731475830078 -0.06606032699346539583 0.14804844558238980379 -1.32483959197998046875 0.48361805081367492676 -0.03876820579171180031 0.85946244001388549805 -0.57637542486190795898 -1.73717296123504638672 1.63053810596466064453 0.47967201471328729800 -0.99234014749526977539 0.05876531079411499714 -1.07081437110900878906 -0.84398722648620605469 0.19125925004482269287 0.15241873264312741365 -0.83779233694076538086 1.47665345668792724609 -0.46936252713203430176 0.28213790059089660645 -0.76879882812500000000 1.59655737876892089844
0.62500774860382080078 0.99542516469955444336 2.07111072540283203125 1.09690439701080322266 -1.74222218990325927734 -0.32920041680335998535 -0.19390633702278128880 -1.18050706386566162109 -0.64186173677444458008 0.55518275499343872070 1.67236864566802978516 0.63454383611679077148 -0.91127932071685802118 -1.44218051433563232422 -1.37351226806640625000 -1.20424556732177712171 0.33903461694717407227 -1.48542857170104980469 -0.77972131967544555664 -0.31372490525245660953 1.25864565372467041016 -0.58772444725036621094 -0.72167462110519409180 -1.02019047737121582031 -1.04481029510498046875 0.48006793856620788574 0.11744044721126549458 -0.19059085845947260074 -1.33586525917053222656 -0.54975360631942749023 0.04056078940629950086 1.09443879127502441406 -1.54570877552032470703 1.12876784801483154297 1.47090613842010498047 -1.51929128170013449939 -1.14540958404541015625 -0.47045263648033142090 0.42207694053649902344 -1.71581733226776123047 -1.62411475181579589844 -0.87440758943557739258 -0.32099387049674987793 -1.10770249366760231702 -1.46404194831848144531 -0.91941303014755237921 -0.87685453891754150391 1.48638272285461447986 1.18979918956756591797 1.48463940620422363281 -1.55647671222686767578
1.05492186546325683594 0.66684216260910034180 -0.42818614840507507324 -1.54190456867218017578 -1.45885169506072998047 -1.54638969898223876953 -1.54317903518676757812 -0.32936823368072509766 -0.41928160190582269840 0.78550231456756591797 -0.90285360813140880243 -1.18140590190887428967 0.79416543245315551758 -0.95995366573333740234 1.35594177246093750000 -1.33844602108001708984 0.86225956678390502930 -0.21676774322986600008 -0.81448012590408325195 -1.23964834213256835938 -0.41271728277206420898 -1.05711567401886008533 0.26266083121299738101 0.37154540419578552246 0.42408874630928039551 0.14634187519550320711 1.29224216938018798828 0.92578083276748657227 -0.00638313079252829981 0.91960620880126964227 1.00779509544372558594 -0.08827923238277429752 0.16262948513031000308 0.03593508526682850229 -0.95209622383117675781 -1.74809432029724121094 1.50698745250701904297 1.25897622108459472656 0.56864184141159057617 -0.48358801007270807437 1.61772501468658447266 -1.46177327632904030530 1.35551571846008300781 -0.99190932512283325195 0.81236058473587036133 -1.66017723083496093750 1.36300444602966308594 -0.41506037116050720215 1.17303502559661887439 -0.43434500694274902344 -2.61638641357421875000
0.05199864879250520183 0.66171532869338989258 -0.76937675476074218750 -1.27448165416717529297 1.60139572620391845703 -0.24242605268955230713 0.70762306451797485352 -1.34854340553283691406 1.34124720096588112561 0.81623756885528564453 0.70673257112503051758 0.47909572720527648926 -1.45042169094085693359 -0.11558566242456430606 -1.08512032032012939453 -0.96437555551528919562 -0.47882190346717828922 -1.01548027992248535156 -0.77165049314498901367 0.44013091921806329898 1.65874052047729492188 0.89405715465545654297 -0.90225636959075916632 0.17224392294883719701 1.14773416519165039062 -1.28352212905883789062 -1.57841682434082031250 0.81248569488525390625 1.63641393184661887439 -0.49457514286041259766 -1.43441653251647949219 -0.45563340187072748355 -0.77386438846588134766 1.61026334762573242188 -1.43040311336517311780 -1.61806094646453857422 1.58317911624908447266 -1.61270678043365478516 -0.51970738172531127930 -1.00925397872924804688 1.07752084732055664062 -0.62342065572738647461 1.54492342472076416016 0.46670612692832941226 1.17284250259399391858 1.49856364727020263672 -1.46413826942443847656 -0.24665263295173639468 0.03303380683064460061 1.07979726791381835938 -0.86637187004089355469
0.17260588705539700594 -0.11968848854303359985 -0.82303804159164428711 -1.18894457817077636719 0.67377489805221557617 0.81448155641555786133 0.84498339891433715820 -0.69108402729034423828 -1.59989035129547119141 1.21007633209228515625 -0.22284047305583951082 1.42760014533996582031 0.63581818342208862305 -0.98217964172363281250 -0.16965274512767788972 0.41138690710067749023 1.18862164020538330078 0.07615984976291649555 -0.21139922738075250797 0.79015946388244628906 -0.16633373498916620425 1.08361864089965820312 -1.62210214138031005859 -1.09609436988830566406 -0.69657409191131591797 -0.39827573299407958984 1.36671984195709250720 1.01731765270233154297 -0.06094728037714949864 0.02844027988612650090 1.06692028045654296875 1.39092814922332763672 -0.20160444080829620361 0.40548935532569879703 0.13244198262691489476 0.25941246747970581055 -1.15592265129089355469 -1.10299575328826904297 -1.53578543663024902344 -1.10107684135436989514 -0.74542629718780517578 1.07537269592285156250 0.51280021667480468750 1.07430684566497802734 1.08429241180419921875 -1.36569941043853759766 0.13673712313175198640 1.10592281818389892578 0.96991068124771118164 1.19529235363006591797 0.59785139560699462891
-0.10220827907323830341 -0.80361056327819824219 0.12535794079303738680 1.30376505851745605469 1.08635115623474121094 -0.68006646633148193359 0.78765380382537841797 0.18455839157104489412 0.75552165508270263672 1.39586925506591796875 -0.69056785106658935547 -0.47694790363311767578 -0.49925470352172851562 0.83881372213363647461 1.52997386455535888672 -0.54325318336486816406 0.13839767873287200928 1.07889473438262939453 1.64879941940307617188 0.57110214233398437500 -0.67868560552597045898 -0.92332297563552856445 0.04108206927776329731 -1.46163868904113769531 0.08356049656867979569 -0.97531074285507202148 -0.59338361024856567383 0.05563327670097349686 -1.12539851665496848376 0.84859359264373779297 -1.47982847690582275391 -1.51655650138854980469 -0.11517859250307080354 1.37356948852539062500 1.17760467529296875000 0.01103302743285890057 1.66041529178619384766 -0.44924271106719970703 -1.12566292285919189453 0.86611896753311157227 1.50426030158996582031 -1.33934354782104492188 -1.55987715721130371094 -0.13607841730117789525 -0.16478385031223288792 -1.68040430545806884766 -0.41541573405265808105 -0.87728703022003173828 1.16856002807617209704 -1.32298326492309570312 1.17984116077423095703
-1.43216753005981445312 -0.92410987615585316046 0.02492206729948519967 0.66757118701934814453 -1.30610811710357688220 -1.61838650703430175781 1.32186603546142578125 -1.20053946971893310547 1.32073187828063964844 0.13336996734142300691 -0.32135099172592157535 -0.00220027752220629995 -0.05788009241223329715 -0.02700910158455370122 -1.49081945419311523438 -0.79258006811141967773 1.45480406284332275391 0.35858076810836791992 -1.30524313449859619141 -1.04225206375122070312 -0.29063972830772399902 -0.72890543937683105469 1.16359531879425048828 1.42199265956878662109 0.02162721380591390088 0.27981606125831598453 -0.95260161161422718390 -1.15322935581207275391 1.60609781742095969470 -0.10262107104063029894 1.03855955600738525391 1.75702464580535888672 -1.08009588718414306641 1.01892447471618630139 0.37019595503807067871 -0.58872741460800170898 -0.52713662385940551758 -0.40162047743797302246 1.06611335277557350842 -0.20587526261806479710 -0.27866974472999572754 0.26016610860824579410 -1.34873402118682861328 -0.47131675481796259097 -0.65532857179641723633 -0.17314006388187400121 1.40688514709472656250 -1.19122564792633056641 -0.99643361568450916632 0.73414140939712524414 0.37791427969932550601
-0.91196209192276000977 -1.67352044582366943359 -0.72129118442535400391 0.98589754104614257812 -0.81888490915298461914 0.40809246897697448730 0.36798623204231262207 0.40467470884323120117 1.11068201065063476562 -1.58371412754058837891 -0.48653462529182428531 -0.82665449380874633789 -1.46961748600006103516 -1.52789795398712158203 -1.08428657054901123047 1.48481965065002441406 -1.45159459114074707031 0.17078262567520138826 -0.37849146127700800113 -1.52107775211334250720 -0.98264074325561523438 1.18571782112121582031 -0.17474557459354400635 -1.20038890838623046875 0.93574649095535278320 -0.25859668850898742676 -0.86046928167343139648 1.27446675300598144531 1.53126156330108642578 0.56674879789352416992 0.27984961867332458496 -0.22168184816837310791 -1.14577829837799072266 1.16973364353179909436 0.26477730274200439453 -1.11421382427215576172 -0.75461345911026000977 0.03067604266107079938 -0.64745497703552246094 -0.48810595273971557617 -0.77683234214782714844 1.40343940258026123047 1.34461045265197753906 -0.51680272817611694336 -1.23962521553039550781 -1.38178038597106911389 -0.57695257663726806641 -1.36983644962310791016 0.77994501590728759766 1.63999724388122558594 0.31932440400123590640
-1.13848721981048583984 -0.71966117620468139648 -0.56873834133148193359 -0.37315788865089410953 -0.93632674217224121094 0.50005799531936645508 -1.35939276218414306641 0.97292464971542358398 -1.57530760765075683594 1.25959241390228271484 1.49956357479095458984 1.52981829643249511719 0.77813220024108886719 1.68207895755767822266 -0.82582175731658935547 0.36476200819015497379 -0.39700031280517578125 1.31143522262573242188 -0.72832173109054565430 1.45709824562072753906 1.15072834491729736328 0.86898237466812133789 0.90457087755203235968 -1.08861875534057617188 0.68616634607315063477 -0.02873090095818039980 -0.71574389934539794922 -1.29921925067901589124 -0.22128316760063171387 1.36101782321929909436 -0.96101045608520518915 -0.39024478197097778320 -1.31490266323089599609 -1.61328244209289550781 1.45125448703765869141 -0.19300565123558038882 1.32917761802673339844 -0.63219273090362548828 -0.08649076521396630024 -0.07342717051506039705 1.28435885906219482422 1.21032035350799560547 0.54800045490264892578 0.21142783761024469547 -1.33435249328613281250 0.45689457654952997379 -0.56890219449996948242 -1.39403855800628662109 0.84378737211227416992 0.47291529178619379215 0.28766646981239318848
-0.00421316828578710036 -0.12232895195484159989 0.94800364971160877570 0.88946861028671264648 -0.65606796741485595703 -0.75950080156326293945 -0.16723735630512229222 1.08314096927642822266 0.99431872367858875617 -0.82026129961013793945 -0.32379049062728881836 -0.89739906787872314453 0.15800720453262329102 1.58379304409027099609 0.15109609067440030183 1.73093783855438232422 -0.50845831632614135742 0.39051374793052667789 -0.98130577802658081055 1.53767693042755126953 1.22175765037536621094 -1.67624580860137939453 -1.67601907253265380859 0.12025655061006540469 -1.38672375679016113281 -1.17926037311553955078 -0.22965562343597409334 0.04763385653495780248 -0.87392795085906982422 0.18365338444709769505 0.64729094505310058594 -1.33668065071105957031 -0.91623675823211681024 0.57770878076553344727 -0.65880888700485229492 -0.46908512711524957828 -0.94508248567581176758 -1.57123208045959472656 -1.00249874591827392578 0.61590963602066040039 -1.58142805099487304688 -1.35215759277343750000 0.99498403072357177734 -0.74329972267150878906 -1.47087025642395019531 0.51366567611694335938 0.59485936164855957031 0.34047248959541320801 -0.41840302944183349609 1.42442560195922829358 0.26875340938568109683
2.09996724128723144531 1.70333325862884521484 1.28841185569763183594 -0.18711711466312400121 -0.08058039098978039827 0.68203276395797729492 -0.05055319517850870303 -1.30798375606536887439 -0.73705160617828369141 0.22319890558719629459 -0.83516830205917358398 -0.10101970285177229447 -1.27468454837799072266 -0.53719222545623779297 0.80376219749450683594 1.58211827278137207031 1.37068128585815429688 0.55610972642898559570 0.33367362618446350098 -0.17925563454627990723 -0.53447759151458740234 -0.57622539997100830078 -0.28209823369979858398 1.09493315219879150391 0.28243067860603332520 0.68378168344497680664 -0.10068900138139720568 -1.22478270530700683594 1.32561135292053222656 -0.03009703941643230088 -0.13582055270671838931 0.95562541484832763672 -1.00191867351531982422 0.31576943397521972656 0.34484335780143737793 -0.66066402196884155273 -0.92383575439453125000 0.32574707269668579102 1.67278504371643088611 1.39982688426971435547 -0.03881163895130149838 -1.53811264038085937500 0.98463183641433715820 1.27111601829528808594 0.90099859237670898438 -0.37857851386070251465 1.37616455554962158203 -0.45370554924011230469 1.08281683921813964844 -0.50971287488937377930 -0.18617017567157739810
1.07979094982147216797 1.35648834705352783203 -0.26116070151329040527 -0.95304864645004283563 1.52682948112487792969 1.63776755332946777344 -0.88469469547271728516 -0.53975039720535278320 -0.77143096923828125000 0.14355580508708951082 1.14034986495971679688 0.77545779943466186523 -1.75401711463928222656 1.14412760734558105469 -0.37479624152183532715 1.60200464725494384766 -0.85473883152008056641 -0.65585905313491821289 -0.08382795751094809789 1.67845034599304199219 1.12119555473327636719 1.31510734558105490954 1.30936479568481445312 -0.33848130702972412109 0.53900796175003051758 -0.42431232333183288574 -1.30034101009368896484 0.66501176357269287109 0.85899156332015991211 -0.97015488147735595703 1.40375781059265136719 0.91210603713989257812 0.99502253532409679071 -0.94031757116317760126 1.36644947528839111328 -1.63374471664428710938 -1.47992873191833496094 -1.09758734703063964844 -0.15721088647842398900 -0.59313803911209106445 1.71682548522949218750 1.17068934440612792969 0.94195944070816040039 -0.07238946855068199848 -1.38144397735595703125 -0.54996407032012939453 -0.34954082965850830078 0.99461722373962402344 0.64100098609924316406 -1.42783415317535400391 -0.52893275022506713867
-0.60391157865524291992 -0.82273244857788085938 -0.34928253293037409000 -0.99156963825225841180 1.24541628360748291016 0.83647263050079345703 -0.62613755464553833008 -0.53778266906738281250 -1.69678044319152832031 0.36645394563674921207 -0.79107338190078735352 -1.51053798198699951172 0.70889753103256225586 -0.91124439239501964227 -1.07827734947204589844 0.60878002643585205078 -1.73492145538330078125 -0.96082836389541637079 0.53540676832199096680 -0.44450584053993219547 -1.21563434600830078125 -0.98803645372390758173 -1.38311898708343505859 1.65664160251617431641 -1.41652131080627441406 -0.33509814739227289371 0.68047291040420532227 0.42925611138343811035 -0.26363494992256159000 -1.47929275035858154297 1.62245357036590576172 0.09252893924713130602 1.37810313701629638672 -1.49117553234100341797 0.96369665861129760742 0.84547692537307739258 -1.03886377811431884766 -0.49562481045722961426 0.36529475450515741519 0.09405396133661270142 -0.15854172408580780029 1.09503376483917236328 -1.28443086147308349609 -1.46855425834655761719 -0.25955015420913690738 0.31976059079170221500 0.60915637016296386719 -1.12610948085784912109 -0.00463917106389990022 0.52293449640274047852 0.64667946100234985352
1.62831079959869384766 1.21047556400299072266 0.83082425594329833984 -0.24715155363082880191 1.36616659164428710938 -0.10146165639162059435 -0.25003153085708618164 -0.90684843063354481085 -1.36789774894714355469 1.59315526485443115234 0.63372343778610229492 1.74559020996093750000 1.15845322608947753906 0.26235297322273248843 -0.90224432945251464844 -1.47857558727264404297 0.91586595773696899414 -0.02377183735370630088 1.29902327060699462891 -0.19843989610671988744 1.33046519756317138672 -0.03942956775426859767 -0.98489212989807117804 -1.16884875297546408923 -0.56998240947723388672 -0.31291523575782770328 -1.29389274120330810547 1.58330190181732177734 -1.63099694252014160156 0.50555831193923950195 -0.66016125679016113281 1.25213336944580078125 1.47570264339447021484 0.88088500499725341797 1.34693574905395507812 -0.05082817748188969698 1.39244961738586447986 0.56933897733688354492 -1.08529984951019287109 -0.36527907848358148746 -1.09983134269714355469 -0.86379104852676391602 -0.98495656251907359735 0.68703579902648925781 -1.24522984027862571033 -1.38877570629119873047 0.08124975115060799336 -0.25363755226135248355 1.59360837936401367188 -0.95759916305542003290 0.36064222455024719238
-0.39923396706581110172 -1.26716482639312744141 -1.53227281570434570312 -0.07316877692937849564 0.14838737249374389648 1.42453801631927490234 0.19253231585025779027 -0.34179994463920587711 1.19942045211791992188 0.19461715221405029297 -0.53740054368972778320 -1.28001582622528076172 0.52705597877502441406 1.36735999584197998047 0.59509718418121337891 1.69795370101928710938 -0.35932838916778558902 -0.46616551280021667480 -1.20103025436401367188 0.00612018257379530039 0.44042092561721801758 -0.78428328037261962891 1.60788261890411376953 -0.51032388210296630859 1.58363115787506103516 -0.51656585931777954102 -0.12403172999620430683 -1.49251699447631835938 1.54363811016082763672 0.74310559034347534180 -0.86432659626007080078 1.17291200160980224609 -0.89332145452499389648 -0.92173039913177479132 1.53490257263183593750 -0.25591075420379638672 -0.27696678042411798648 -1.70180284976959250720 -1.61326575279235839844 -0.50521457195281982422 0.01597778871655460009 1.73672914505004882812 -1.54572319984436035156 1.56355035305023193359 1.03094947338104248047 -0.93461835384368896484 1.51175093650817871094 -0.50067067146301269531 -0.92154830694198597296 0.10272660851478569721 1.02910697460174560547
-0.50725466012954711914 -0.99129110574722278937 -0.39733266830444330386 -0.00305499392561610003 0.12509678304195401277 -0.88235515356063842773 1.62980628013610839844 -1.24262297153472900391 1.53449881076812744141 1.43735361099243164062 -1.26359391212463378906 0.27331253886222839355 1.40585875511169433594 0.20625326037406921387 -0.66314125061035156250 0.04238176345825189761 -0.42298692464828491211 -0.11064545810222620181 0.51218551397323608398 -0.78913527727127075195 0.82603830099105834961 -0.46386611461639398746 1.09486746788024902344 0.70907682180404663086 1.44344055652618408203 -0.25067284703254699707 0.43689715862274169922 1.06246399879455566406 1.47323894500732421875 1.58052146434783935547 0.49910119175910949707 -0.28063723444938659668 -1.50220203399658203125 -1.03270590305328369141 -0.82388746738433837891 -1.12934839725494384766 1.36910617351531982422 1.71758997440338112561 0.72416239976882934570 0.14379665255546569824 0.56960356235504150391 -1.16747176647186279297 -1.00730025768280029297 -0.71985018253326416016 -1.06214177608489990234 -1.73339211940765380859 0.17499257624149319734 0.44622248411178588867 0.68388146162033081055 0.43938714265823358707 0.46118322014808649234
-0.90932029485702514648 -0.12147744745016089696 -1.21175336837768554688 -1.30970442295074462891 -1.20690345764160156250 -0.61260223388671875000 -0.85099279880523681641 0.58230370283126831055 0.82142585515975952148 -0.87440115213394165039 1.12428748607635498047 0.44693699479103088379 1.32062053680419921875 -0.64019024372100830078 0.33059886097908020020 -1.75815451145172119141 0.93744474649429321289 -0.87293708324432373047 1.18786954879760742188 -1.06946909427642822266 -0.89167338609695434570 -1.65233886241912841797 -0.32660764455795288086 -0.40400937199592590332 0.19316029548645019531 -1.51309251785278320312 -0.61601305007934570312 0.12223318964242929630 -0.90096259117126464844 1.12869560718536376953 -1.06288695335388183594 1.00596070289611816406 -1.34385228157043457031 1.47306895256042480469 1.06932127475738525391 1.69356203079223632812 1.65402173995971679688 0.37037485837936401367 -1.00714576244354248047 -1.71529185771942138672 -1.16061353683471679688 -0.90224033594131480829 1.05474615097045898438 1.32870626449584960938 1.48751652240753151624 1.24529349803924560547 1.28587639331817649158 0.63953852653503417969 1.46783554553985595703 -1.33734345436096191406 0.85087549686431884766
2.08081245422363281250 1.57529449462890625000 0.00873030815273520035 -0.84353983402252197266 0.45407059788703918457 0.87291908264160156250 -0.11414562910795210404 -0.33715522289276117496 -0.39665910601615900211 -0.34767594933509821109 0.77486544847488403320 1.53180313110351562500 -1.05047118663787841797 0.18030868470668789949 -0.62873905897140502930 0.76056057214736938477 0.47981408238410949707 0.75468987226486206055 1.45371639728546142578 -0.12682196497917169742 -1.04598474502563476562 1.59973978996276855469 -1.69699776172637939453 -0.09151457995176309757 0.55401545763015747070 0.89546382427215576172 0.49868175387382507324 -0.66669332981109619141 0.94611400365829478876 -0.70030766725540161133 -1.16840505599975608142 -0.88204789161682128906 -0.02355980314314359836 -0.38044553995132440738 0.03833128884434700012 0.65390938520431518555 1.58199536800384521484 1.11697590351104736328 0.58955365419387817383 0.31181290745735168457 -0.99063462018966674805 1.16064107418060302734 -0.83246916532516479492 0.91618812084197998047 0.39579635858535761050 -1.28122496604919433594 1.20209240913391113281 -0.34087279438972467593 1.28163492679595969470 -1.00148224830627441406 0.44148886203765869141
1.51233434677124023438 1.69906699657440207751 1.45198261737823486328 0.09091255813837050004 0.30551448464393610172 0.73582750558853149414 1.24674510955810569079 0.78412050008773803711 -1.09725677967071510999 -1.26688838005065917969 1.16661334037780761719 0.56550604104995727539 -0.69111353158950805664 -1.67613589763641357422 -0.85088354349136352539 -1.30436325073242209704 -1.48878550529479980469 1.51844024658203125000 0.98950958251953125000 -0.63483190536499023438 1.06667566299438476562 0.59040874242782592773 0.86839032173156738281 -1.06180417537689208984 -1.00752985477447509766 0.50321286916732788086 -0.24787548184394830875 1.01226174831390380859 -0.33674308657646179199 0.99065560102462757452 -1.03532385826110839844 -0.64230400323867797852 0.61996799707412719727 -0.87024760246276855469 -1.08132708072662353516 -0.08893097192049019550 0.51935517787933349609 -0.61224973201751708984 -0.45672544836997980289 0.37592226266860961914 -0.85544723272323608398 -1.26757097244262695312 -0.97293025255203235968 -0.63501155376434326172 0.39589267969131469727 -0.94015532732009876593 0.98145258426666259766 -0.72372627258300781250 1.27076971530914306641 -1.43615281581878662109 0.72614651918411254883
0.64101493358612060547 0.23792932927608489990 0.46588358283042907715 -0.41827607154846191406 1.10218322277069091797 0.16266812384128570557 0.75058770179748535156 -0.18190476298332208804 -0.27942126989364618472 -1.55304384231567382812 -0.55408835411071777344 -1.33769965171813964844 -0.13298854231834408846 -0.68235850334167480469 0.66746640205383300781 -0.61837643384933471680 -0.31709647178649902344 0.77072924375534057617 -0.57755911350250244141 1.51864445209503151624 0.74950671195983886719 0.89620172977447509766 1.55649590492248535156 -1.21396195888519287109 1.22087907791137695312 -0.16484579443931579590 -0.07018572837114329943 1.34493350982666015625 -1.08967375755310058594 -1.34023678302764892578 -0.95779526233673095703 0.10999470949172969469 -1.63812601566314697266 -0.81070244312286376953 0.79370969533920288086 -1.65839052200317382812 -0.29997777938842767886 0.13941717147827140111 0.94002634286880482062 -1.16883099079132080078 0.44907110929489130191 -1.22125327587127685547 -1.31978464126586914062 0.05871979892253870181 0.90279161930084239618 -0.06583935022354120425 -0.96135723590850841180 -0.48761120438575739078 -0.45391470193862909488 -1.48189139366149902344 -0.86594194173812866211
-0.63429284095764160156 -1.44344449043273925781 -0.69910299777984619141 -1.39282464981079101562 -1.02851045131683349609 -1.02012276649475097656 0.68136805295944213867 0.59592026472091674805 0.45628881454467767886 1.68073463439941406250 1.13644719123840309827 1.62123656272888183594 0.75240987539291381836 1.52285933494567871094 -1.21136975288391113281 0.65434759855270385742 0.61709171533584594727 -1.45086503028869628906 0.17967261373996729068 1.43351435661315917969 -1.15059483051300048828 1.13104641437530517578 -1.10274529457092285156 -1.63004124164581298828 -0.34939676523208618164 0.27644735574722290039 1.01159405708313010486 0.14854551851749420166 -1.06573307514190673828 -0.75385260581970214844 1.39383769035339355469 -0.71187198162078857422 -1.15954065322875976562 -0.11946561932563780351 0.91920298337936401367 -0.57513737678527832031 0.45583057403564447574 -0.06432332843542090672 -0.60178869962692260742 0.66732394695281982422 1.46997177600860595703 -0.79119485616683959961 0.90578562021255482062 0.07047948986291879825 0.00801816675811999925 1.50045752525329589844 -0.81233680248260498047 -0.54105645418167114258 -0.89000326395034790039 1.26732897758483886719 -0.43620476126670837402
-0.38486343622207641602 0.18306861817836758699 -0.21530346572399139404 0.46461945772171020508 -1.37956738471984863281 0.31361547112464899234 1.02239978313446044922 -1.46171534061431884766 -0.45372623205184930972 -1.56119143962860107422 -0.17930497229099270906 -1.22589898109436035156 0.49320885539054870605 0.84792602062225341797 1.11897015571594238281 -0.84662818908691406250 0.87907314300537109375 1.44802629947662353516 -0.89641273021697998047 -1.25337195396423339844 0.39440962672233581543 0.04121304675936689893 1.52697718143463112561 -0.95650124549865722656 -0.02272297628223890129 -0.56673526763916015625 -0.43513247370719909668 -1.32954764366149902344 0.41068249940872192383 1.20983123779296875000 -1.17784106731414794922 0.87241077423095703125 1.03227376937866210938 1.34140098094940207751 -0.98057466745376598016 -0.42308783531188959293 0.61018174886703491211 -1.56450831890106201172 1.62015354633331298828 1.03539121150970458984 0.71435153484344482422 0.11116913706064220080 -1.04519212245941162109 0.47091612219810480289 1.64096498489379882812 -0.48037394881248468570 0.94694995880126964227 1.08554565906524658203 -0.59572958946228027344 0.00810107495635739930 0.38554534316062927246
-1.45422208309173583984 -1.09444141387939430921 0.02439952641725540161 1.20811939239501953125 1.59129106998443603516 0.44388750195503229312 -1.46419703960418701172 -0.98169893026351917609 -1.19943034648895263672 1.48928141593933105469 -0.04542681202292440240 1.65951955318450927734 -0.63021367788314819336 0.81925284862518310547 1.37932288646697998047 1.35183775424957275391 -0.21105349063873291016 -0.62268990278244018555 0.80181199312210083008 0.13812403380870819092 0.05032711476087570190 -0.40049922466278070621 -1.32097637653350830078 -1.62224459648132324219 0.45543584227561950684 0.19883382320404049959 0.61770147085189819336 -0.51564836502075195312 0.39253544807434082031 -0.23438538610935211182 1.65464854240417480469 1.23988795280456542969 -1.29320967197418190686 1.00946283340454101562 0.00039785646367810002 1.10196673870086669922 -1.53572595119476318359 0.44084304571151727847 -1.15362596511840820312 -0.87522882223129272461 0.95692670345306396484 0.82331627607345581055 1.06436181068420410156 -0.65294653177261352539 -1.46902596950531005859 -0.68527066707611083984 0.43560776114463800601 1.65379273891448952405 0.84441876411437988281 -0.87508183717727661133 0.55334073305130004883
-0.11572075635194770116 -0.55892044305801391602 -0.67841708660125732422 -1.74080193042755126953 0.20473940670490259341 0.69954872131347656250 1.41079628467559792249 -0.34535506367683410645 -0.72569262981414794922 -0.40434703230857849121 -0.12091712653636929597 0.39717459678649902344 0.75396120548248291016 -0.37104952335357660465 0.81771749258041381836 -0.41695800423622131348 -0.26536226272583007812 -0.60805261135101318359 -0.59023183584213256836 -0.54923695325851440430 1.24338984489440917969 -0.01501163095235820075 1.47625064849853515625 -1.18647325038909912109 -0.52878904342651367188 0.22630064189434048738 -0.58482855558395385742 -1.50063133239746093750 -1.24610018730163552014 -0.09627788513898849487 -1.50044620037078857422 0.59029066562652587891 -0.85463875532150268555 1.65441107749938964844 0.55812698602676391602 -0.58787602186203002930 -0.67255777120590209961 -1.10100483894348144531 0.03066625259816639984 0.23269979655742639713 0.61327791213989257812 -0.27084824442863458804 -1.00161671638488769531 -0.68077671527862548828 -1.31464564800262428967 1.70771098136901855469 1.46376860141754150391 1.05972588062286376953 0.49619066715240478516 -1.17645096778869628906 0.47890248894691467285
1.48922252655029296875 1.06325674057006835938 1.71973884105682350842 0.89382958412170410156 1.09741270542144775391 0.73676985502243041992 -0.51917523145675659180 0.74936878681182861328 1.27340185642242431641 -0.87981724739074707031 0.77391529083251953125 0.84629070758819580078 -1.24595654010772705078 -0.86893415451049804688 -0.93490231037139881476 1.53654813766479492188 0.93721503019332874640 0.05346137657761570322 1.41168808937072753906 -0.78303277492523193359 -0.22729027271270749178 0.78875637054443359375 -1.01615524291992209704 0.86325514316558837891 1.76849484443664550781 0.97241204977035522461 -0.94259208440780639648 1.57485425472259521484 0.00740736769512289998 0.82987827062606811523 -1.63493704795837402344 -0.73643481731414794922 0.85301369428634643555 0.63104242086410522461 1.20585787296295166016 -1.72906982898712158203 0.05891296640038490295 -0.65537959337234497070 -0.66857367753982543945 1.13370585441589355469 -0.89374285936355590820 0.35978114604949951172 0.36318761110305780582 -0.17643736302852630615 1.60896599292755126953 -1.66858339309692382812 -0.78806084394454956055 -0.76113647222518920898 1.28003239631652832031 0.34721189737319940738 0.17746312916278839111
1.12634301185607910156 1.04895615577697753906 0.48954936861991882324 -0.38703164458274841309 1.51320874691009521484 1.40253770351409912109 -0.28490695357322687320 -1.23659026622772216797 -1.39138209819793701172 0.35820597410202020816 0.04889960214495649854 -0.58123332262039184570 -1.04255473613738991467 -0.06443469226360319657 0.80668056011199951172 -1.03911244869232177734 -1.19804322719573952405 -0.42807084321975708008 0.65586131811141967773 0.23298032581806180086 -0.05889390036463729855 -1.56795203685760498047 -1.11299943923950195312 -1.17212450504302978516 1.60437202453613281250 -0.19755874574184409398 1.04209268093109130859 1.09535968303680419922 -0.98497110605239879266 -1.27907812595367431641 1.11175501346588112561 1.77868187427520751953 1.17170655727386474609 0.49411952495574951172 -0.44008857011795038394 0.50914198160171508789 0.17069795727729789037 1.18322801589965820312 -0.97774249315261840820 -0.88800901174545288086 -1.30065214633941650391 1.35933053493499755859 0.69532066583633422852 0.15362533926963800601 0.99475735425949096680 1.71414613723754882812 0.80589699745178222656 -1.27684915065765380859 -0.75055146217346191406 0.33689886331558227539 -1.28762614727020263672
1.15228068828582763672 0.96689814329147338867 0.01144997682422389980 -0.37626150250434869937 -0.00337179214693600002 -1.32874155044555664062 0.53165775537490844727 -0.53524845838546752930 0.71298593282699584961 0.82863575220108032227 1.40794444084167480469 1.52600705623626708984 1.52258944511413552014 -0.65644842386245727539 1.14047944545745849609 -1.52313983440399169922 -1.45194816589355490954 1.55977880954742431641 -0.56022137403488159180 0.39126658439636230469 -0.26383873820304870605 -1.62777924537658691406 -0.74531143903732299805 0.32127630710601801090 1.42681419849395751953 -0.73429900407791137695 0.85843473672866821289 -0.38518527150154108218 -0.69859528541564941406 1.25132095813751220703 -1.60065615177154541016 1.71928429603576660156 0.67719370126724243164 -0.95733195543289184570 -0.59984892606735229492 0.66210478544235229492 1.39254879951477050781 -0.46104383468627929688 -1.11945569515228271484 -0.99313908815383922235 0.04857625067234030286 1.16729807853698730469 1.03965342044830322266 1.54698514938354492188 -0.28177300095558160953 0.02443072572350499932 -0.23846499621868130769 1.00708675384521484375 -1.08488512039184570312 -0.01215756963938469971 -1.60299944877624511719
0.28963306546211242676 0.92108494043350219727 -1.04000854492187500000 -1.59301578998565673828 0.36191162467002868652 -0.35519322752952570132 0.82205373048782348633 -1.14921569824218750000 0.46204015612602228336 0.73418420553207397461 -0.85722714662551879883 1.53854215145111083984 1.29620671272277832031 1.00520229339599609375 -1.03876566886901855469 -0.05751867592334739682 1.41710782051086447986 0.45690262317657470703 -0.68573671579360961914 -1.62305784225463889392 -1.41497588157653808594 0.70562809705734252930 0.83683156967163085938 -1.27159535884857177734 1.47478425502777099609 1.54846084117889404297 1.36217117309570312500 1.19058132171630859375 -0.94968450069427479132 1.38773584365844726562 0.01039587240666150006 -0.20938925445079800691 -0.28293743729591369629 0.45235893130302429199 -0.23037903010845178775 0.79992371797561645508 0.92754036188125599249 1.46720194816589355469 1.44754934310913085938 1.67219066619873046875 -0.30889272689819330386 0.17691506445407859105 1.26235055923461914062 0.17444765567779541016 -0.83230841159820556641 -1.72990667819976806641 0.87599050998687744141 -1.35921585559844970703 -1.57459783554077170642 0.29381141066551208496 -1.66769015789031982422
