-0.89072710275650024414 -1.52878046035766601562 -1.06823313236236550061 -1.01022183895111083984 -0.91442507505416881219 -0.40428110957145690918
-0.31619828939437860660 -0.42887732386589050293 0.37161079049110412598 0.40220007300376892090 -0.27147009968757629395 0.98341351747512817383
-0.88667225837707519531 -0.60831499099731445312 -0.76617878675460815430 0.96562916040420521124 -0.85337424278259277344 1.03175377845764160156
-0.08397828787565229935 -0.41069376468658447266 -0.58214902877807617188 -0.75417232513427734375 -0.77889382839202880859 0.49251249432563781738
0.58363282680511474609 0.05846326053142539975 0.59951329231262207031 1.29799723625183105469 0.65724730491638183594 0.09576960653066629581
0.31741234660148620605 0.44482114911079401187 1.83573234081268310547 1.60177946090698242188 1.38804554939270019531 0.17006455361843109131
-1.59676694869995117188 -1.22353577613830566406 -1.59059548377990722656 -0.74323123693466186523 -0.77402639389038085938 0.35875663161277770996
-0.32584804296493530273 0.41646549105644220523 0.85895115137100219727 0.56216222047805786133 0.14393354952335349339 0.43563055992126459293
0.49281188845634460449 1.02693104743957519531 0.70161926746368408203 0.75746214389801025391 0.50138223171234130859 -1.75921940803527832031
1.15794765949249289783 0.67499279975891113281 0.73858618736267089844 0.22063134610652920808 0.94545674324035644531 -1.63236844539642311780
-0.98609179258346557617 -1.41184234619140625000 -0.87164843082427978516 -0.65830361843109130859 -0.77388799190521240234 -0.18880565464496609773
0.19291031360626220703 0.51877814531326293945 -1.19418108463287353516 -1.12598311901092529297 -1.05105817317962646484 -1.02783727645874023438
0.35602700710296630859 -0.15924912691116330232 -0.99476736783981323242 -0.90952986478805541992 -1.17836713790893554688 -0.07720051705837249756
0.04707150533795349812 0.51373195648193359375 0.57474255561828613281 1.25205135345458984375 0.32451719045639038086 -0.08049312978982919864
0.72504317760467529297 1.06449270248413085938 -0.27349901199340820312 -0.91113644838333118781 -0.21766032278537750244 -2.13273477554321289062
0.87983846664428710938 1.71476364135742209704 2.26476788520812988281 1.59708034992218017578 2.01862859725952104029 1.32053577899932861328
-1.06576657295227050781 -0.50115150213241577148 0.27616482973098749332 1.72680723667144775391 -0.51312655210494995117 1.13986432552337646484
-1.76839923858642578125 -1.41120123863220192639 -0.87251096963882446289 -0.64116364717483520508 -0.64975988864898681641 -0.32509347796440118961
-1.03608405590057350842 -0.63299751281738281250 -0.32357114553451538086 0.72694528102874755859 -0.93787682056427001953 0.65014749765396118164
0.31496411561965942383 -0.42842260003089899234 -0.31995126605033868961 -0.01230421196669339960 0.00289405090734360000 0.75456529855728149414
0.21393395960330960359 -0.55755543708801269531 0.01726823300123209864 0.47093582153320312500 0.09517876803874969482 1.25570678710937500000
2.03623270988464399878 1.35459375381469726562 -0.49146407842636108398 -1.32261240482330322266 -0.17469565570354458894 0.66807818412780761719
1.64578497409820556641 0.91747009754180919305 -0.70327305793762207031 -1.30972337722778320312 -0.70328426361083984375 -1.10697901248931884766
0.64907568693161010742 0.60920721292495727539 -0.03877376392483709855 -0.77827990055084228516 0.19697025418281549625 -2.16035199165344238281
-1.32030487060546875000 -1.45312225818634033203 -0.73457509279251098633 1.19191360473632790296 -0.66182619333267211914 0.24660921096801749486
-0.07944707572460170397 -0.60724657773971557617 -0.82787686586380004883 -0.58902937173843383789 -1.14906692504882790296 0.66802728176116943359
-1.38123214244842529297 -0.78144389390945434570 -0.44656884670257568359 -0.06465828418731689453 -1.16640818119049072266 -0.15738992393016809634
-1.91146790981292724609 -1.10308635234832763672 -0.98837262392044078485 -0.62140810489654541016 -0.77529412508010864258 -0.22620457410812369603
0.86605477333068847656 0.12716436386108390111 1.01629447937011718750 1.09593713283538818359 1.11311805248260498047 -0.38220503926277160645
0.76331764459609985352 1.55248546600341796875 3.33540964126586914062 1.31155788898468017578 3.13494539260864257812 1.59251773357391357422
-0.75055843591690063477 -1.07137978076934792249 0.00127696665003889992 1.58232045173645019531 -0.45340496301651000977 1.11388218402862571033
-0.44610348343849182129 -1.02618956565856911389 -1.00557041168212890625 -1.62206637859344482422 -0.84173005819320678711 -0.11175858974456780170
0.64221692085266113281 0.37453398108482360840 0.69794213771820068359 0.61713707447052001953 0.49423959851264948062 -1.12931275367736816406
0.37538146972656250000 0.25472223758697509766 0.39555019140243530273 0.38113430142402648926 0.22833655774593350496 -0.50566697120666503906
-0.10767441987991330232 -0.46516874432563781738 -1.03969705104827880859 -0.07212188839912410387 -0.93729907274246215820 1.09290826320648193359
2.07407617568969726562 1.70274794101715087891 1.29557847976684570312 -0.38870155811309808902 2.28857231140136718750 0.80848622322082519531
-0.97934985160827636719 -0.64689362049102783203 0.22375686466693869847 0.08909637480974190449 -0.51424759626388549805 0.44809615612030029297
0.72425967454910278320 0.13666148483753198795 -0.10652682930231090197 -0.62561655044555664062 -0.18663761019706720523 -1.25831174850463889392
-0.24571137130260459203 -0.49140027165412897281 0.30976095795631408691 0.85653948783874511719 -0.05066903308033939707 1.24284100532531738281
-0.27890115976333618164 -0.36306682229042047672 -0.06656580418348309602 0.12403939664363859696 -0.02472407929599279922 0.91309696435928344727
-1.42304265499114990234 -0.77329021692276000977 0.21081565320491790771 1.35002148151397705078 -0.68958812952041625977 0.31572058796882629395
1.24926829338073730469 0.47163918614387512207 1.78312277793884277344 1.69096624851226806641 1.80573081970214843750 -0.61809337139129638672
1.99943685531616210938 1.56992721557617209704 0.21650101244449609927 -0.97138679027557361945 0.58783745765686035156 0.29130136966705322266
-0.01769463159143919856 1.18841552734375000000 1.64302444458007790296 1.23971521854400634766 1.18089175224304199219 -0.56644409894943237305
0.60174143314361572266 1.07114791870117209704 1.23049914836883544922 0.77506256103515625000 0.76756453514099121094 -1.14550065994262695312
1.23831725120544433594 0.78041708469390869141 1.80875861644744873047 1.57944214344024658203 1.92239320278167680200 -0.40376609563827509097
1.01455664634704589844 1.33636164665222167969 1.94175922870636008533 0.74147123098373413086 2.14115285873413085938 0.44891980290412897281
-0.74033588171005249023 -0.97971934080123901367 -0.97103393077850341797 -0.70575833320617675781 -0.81503409147262573242 0.16542094945907589998
0.45453423261642450504 -0.42621216177940368652 0.52235454320907592773 1.69167816638946510999 0.75479745864868164062 1.50397837162017822266
1.08231163024902343750 0.53150618076324462891 -0.40092396736145019531 -0.82276445627212524414 -0.07398594170808789339 -2.32060027122497603003
-0.62724620103836059570 -1.09968638420104980469 -0.71722358465194702148 -1.46397042274475097656 -0.62289243936538696289 -0.13016442954540249910
-1.97622394561767600329 -1.66841495037078857422 -1.91131055355071999280 -1.70588254928588889392 -1.31743288040161110608 -0.48422935605049127750
0.50127869844436645508 -0.03851241245865819757 -0.82704216241836547852 -1.37737405300140380859 -0.37714943289756769351 -0.45098128914833068848
0.50573050975799560547 -0.00659906025975940010 -0.76104956865310668945 -0.36864772439002990723 -0.64930009841918945312 0.01577140577137469898
0.49451759457588190250 0.76774334907531738281 1.25016844272613525391 1.34649264812469482422 0.98258620500564575195 -1.18720424175262428967
-1.58574891090393088611 -1.32298517227172829358 -1.15590965747833229749 -0.55978095531463623047 -0.99766331911087036133 -0.18099091947078699283
0.03181253373622890124 0.41504621505737299136 0.90534913539886474609 0.75705015659332275391 0.22439086437225339021 -0.10071978718042369494
-1.36204564571380615234 -1.11109840869903564453 -0.26885807514190668277 0.81901448965072631836 -0.68239748477935791016 0.27446675300598138980
-1.62827706336975097656 -1.14687621593475341797 -0.77859956026077270508 -0.28914129734039301090 -0.81238311529159545898 -0.26653262972831720523
0.09033566713333129883 -0.50755107402801513672 -0.33270853757858270816 -0.69346994161605834961 -0.25562316179275512695 0.62631726264953613281
1.31962847709655761719 0.65530252456665039062 1.58510994911193847656 0.17972056567668909244 2.20360374450683593750 -0.86354309320449829102
0.90701448917388916016 1.60634934902191162109 2.69627308845520019531 1.70521509647369384766 2.75743556022644042969 1.53196215629577636719
-0.83876293897628784180 -1.28704702854156494141 -0.86417841911315917969 -1.02387869358062744141 -0.56478083133697509766 -0.10171609371900550145
-0.61623781919479370117 -0.18643042445182800293 0.74251669645309448242 0.37363132834434509277 0.30762758851051330566 1.14307975769042968750
0.86870777606964111328 1.44976377487182617188 0.19428785145282739810 -0.86968344449996948242 -0.02730247378349300036 -1.07928359508514404297
0.15264780819416040591 0.45372715592384338379 0.39225959777832031250 -1.43523132801055908203 0.41622892022132867984 -1.01239192485809326172
-0.21573804318904871158 -0.41993173956871032715 -1.39959704875946044922 -0.62491387128829956055 -1.08243703842163085938 1.06838798522949218750
2.33345270156860351562 1.72595238685607910156 -0.37762132287025451660 -1.17139780521392822266 0.09883867204189300537 -0.66380673646926879883
1.14489006996154807361 0.51832240819931030273 1.73317730426788330078 1.11151230335235595703 1.63640034198761008533 -0.77691829204559326172
-1.64614582061767578125 -1.23143255710601806641 -0.41363334655761718750 1.73266708850860595703 -0.89819210767745971680 0.57498848438262939453
-0.71741569042205810547 -1.36475384235382080078 -1.16301941871643088611 0.68739771842956542969 -0.98768985271453857422 0.57942050695419311523
1.11539149284362792969 1.35057866573333740234 -0.97249245643615722656 -1.04541528224945090564 -0.73550367355346679688 -0.64073073863983154297
-0.69672977924346923828 -0.49748009443283081055 0.11672300100326529759 0.60359406471252441406 -0.49575167894363397769 0.82486712932586669922
-0.73318320512771606445 -1.08726274967193603516 -0.81990510225296020508 0.08266081660985939716 -0.79461044073104858398 0.47138878703117370605
-0.58622121810913085938 -1.08278524875640869141 -0.94972801208496082648 0.17117746174335479736 -0.68219834566116333008 0.77378869056701660156
0.10350140929222099995 0.39167854189872741699 0.47033855319023132324 0.27219146490097040347 0.22774836421012870091 -0.35006311535835260562
-1.48754179477691650391 -0.86733829975128173828 -0.94008660316467285156 0.97208267450332641602 -0.61494231224060058594 0.88972562551498413086
1.07221114635467529297 0.14316986501216880101 0.48295515775680541992 -0.81412941217422485352 0.44470635056495660953 -1.56926441192626953125
0.68177318572998046875 0.60160231590270996094 -1.60185420513153076172 -1.11963307857513449939 -1.04610085487365722656 -1.74619495868682861328
2.06545138359069824219 1.16764962673187255859 1.30470573902130126953 -0.05883354693651190320 1.97097694873809792249 1.56874430179595969470
1.03742945194244384766 0.72979456186294555664 0.55623114109039306641 -0.40917626023292541504 0.76380991935729980469 -2.04299402236938476562
1.62718451023101806641 1.68065738677978515625 1.29211854934692382812 0.03432122245430940105 1.96284711360931396484 1.29358458518981911389
1.25168430805206298828 1.11303818225860595703 2.41357731819152832031 1.58414578437805175781 3.00484991073608398438 1.11532115936279296875
1.03765809535980224609 1.62207484245300292969 2.47425341606140136719 1.68970930576324462891 2.59641146659851074219 1.95791220664978049548
-2.16015529632568403784 -1.48099124431610107422 -0.81692618131637573242 0.94817149639129638672 -0.90795534849166881219 0.07276427745819090409
1.44340014457702636719 1.07442545890808105469 2.51328325271606445312 1.66937041282653808594 3.32407021522522017065 1.40329861640930175781
0.05217289924621579950 0.62470948696136474609 1.37351465225219726562 1.10367655754089355469 0.40547186136245727539 -0.27156496047973627261
-0.80006474256515502930 -0.50912147760391235352 -0.19927883148193359375 0.62401664257049560547 -0.48778137564659118652 0.73643475770950317383
0.49803373217582702637 -0.19104647636413568668 -0.63698333501815795898 -0.99322289228439319952 -0.40344402194023132324 -0.16508984565734860506
0.29552620649337768555 0.64930385351181030273 0.37188509106636047363 -0.00078813015716150002 0.37908303737640380859 -1.08356285095214843750
-0.79939669370651245117 -1.48791944980621337891 -0.75798642635345458984 0.40440946817398071289 -0.80391490459442138672 -0.11991343647241589632
0.49887481331825250797 0.60732620954513549805 1.04568493366241455078 1.60242748260498046875 1.22676515579223632812 -0.50111043453216552734
0.19562980532646179199 0.27375090122222900391 -0.51612961292266845703 0.21043269336223599519 -0.59977030754089355469 -0.23981666564941400699
-0.59927630424499511719 -0.12782381474971771240 0.88222122192382812500 0.65624189376831054688 -0.02265393361449239903 0.78194218873977661133
-1.23041975498199462891 -1.33072257041931152344 -0.96455991268157958984 -0.38614645600318908691 -0.58175534009933471680 0.26610809564590448550
-0.06864370405673979325 0.56665575504302978516 0.60838657617568969727 0.33198100328445429019 0.02648638561367979913 -0.34518811106681818179
-1.12297558784484863281 -1.63916158676147460938 -1.40296018123626708984 -0.06710711121559140291 -1.04659914970397949219 -0.06218274310231199781
-0.10096274316310879793 0.67776888608932495117 2.00520944595336914062 0.55689901113510131836 1.16509127616882324219 0.04770598560571669838
-1.42585694789886474609 -1.22529339790344238281 -0.64101672172546386719 1.10869574546813964844 -0.89652025699615478516 0.51792037487030029297
0.08583629876375190038 0.15084947645664209537 -0.36927592754364008121 -0.93519926071167003290 -0.64135295152664184570 -0.41778242588043207340
-0.69889581203460693359 -0.85255157947540283203 0.07989989221096030492 1.35024619102478049548 -0.01192915160208939986 1.31419146060943603516
0.04947571828961370294 0.67037248611450195312 2.07822465896606445312 1.25571334362030029297 1.01606404781341552734 0.16653575003147119693
0.06136890873312950134 0.11732371151447290591 -0.31196382641792297363 -0.72202336788177490234 -0.31791558861732477359 -0.19526365399360651187
0.87968289852142333984 1.33578491210937500000 -0.94474583864212036133 -1.47218644618988037109 -1.05220365524291992188 -1.47398066520690917969
-0.05468794330954550309 0.62982279062271118164 0.43325194716453552246 0.29970526695251459293 -0.03426273539662359757 -0.56698387861251831055
1.39564311504363991467 1.49085342884063720703 -0.00367381703108540011 -0.85470068454742431641 -0.08527638018131250552 0.24267123639583579320
-0.57638162374496459961 -0.81299835443496704102 0.15598525106906890869 1.29367303848266601562 -0.26084592938423151187 1.05157673358917236328
-0.30112397670745849609 0.13375449180603019017 0.15460899472236630525 0.96057409048080444336 -0.39220672845840448550 0.80509954690933227539
-1.37856447696685791016 -1.70667815208435058594 -1.11954450607299804688 0.95456105470657359735 -1.06075310707092285156 0.08273796737194059892
0.72452026605606079102 0.07736628502607340030 -0.54904401302337646484 -1.16649889945983886719 -0.31807672977447509766 -0.95146816968917835577
-0.83740848302841186523 -0.97044295072555541992 0.13179680705070490054 1.12074029445648193359 -0.38332870602607721500 0.85151922702789306641
-0.75403404235839843750 -1.53660678863525390625 -1.61015367507934570312 1.02764701843261718750 -0.78891462087631225586 0.83421427011489868164
0.35695394873619079590 0.65917485952377319336 0.15302860736846921053 -0.52604889869689941406 0.13610996305942529849 -1.45898222923278808594
1.28542661666870117188 1.21906697750091552734 -0.53487902879714965820 -1.72850930690765380859 -0.06969921290874479813 -0.89947074651718139648
-1.74873352050781250000 -1.71038520336151123047 -0.63433384895324707031 -0.50713115930557250977 -0.47287693619728088379 -0.49132493138313287906
1.12075984477996848376 0.94560414552688598633 1.79996776580810569079 1.03037083148956298828 2.19744849205017089844 -0.34228396415710449219
0.04297754168510430073 -0.56632119417190551758 -0.24455508589744559544 0.69834655523300170898 0.15588048100471491031 1.37298214435577392578
0.09087269008159630512 -0.09693574160337439793 1.03102135658264160156 1.55172348022460937500 0.50411117076873779297 0.95531153678894042969
-1.51047396659851074219 -1.70192575454711914062 -0.94947332143783558234 1.56732165813446044922 -0.48663592338562011719 0.33170899748802179507
-0.32191953063011169434 -1.15374755859375000000 -1.43239903450012207031 -0.97444301843643199579 -1.14585041999816894531 0.26957195997238159180
1.60405218601226806641 1.68398070335388183594 1.94354152679443359375 1.47757959365844726562 2.63616657257080078125 2.68988180160522460938
1.34943044185638449939 0.91149896383285522461 2.21460151672363281250 1.60988235473632790296 2.67389202117919921875 0.42769861221313471011
-0.76933699846267700195 -1.68852031230926513672 -0.67565089464187622070 1.31241691112518310547 -0.63122642040252685547 0.17330385744571680240
-1.00491499900817871094 -1.13239705562591552734 -0.45795843005180358887 0.21502974629402160645 -0.32967138290405267886 0.31487417221069330386
-1.14433884620666503906 -0.56827509403228759766 -0.73238843679428100586 -0.70882099866867065430 -0.87836509943008422852 0.42805275321006769351
-0.99634712934494018555 -1.00975716114044189453 -1.45154190063476562500 -1.37533915042877197266 -1.21876394748687744141 0.07247884571552269672
0.21265633404254910555 -0.25493478775024408511 -1.13538825511932350842 -1.72572803497314430921 -1.23348104953765869141 -0.19932231307029721346
-1.07503390312194824219 -1.57476806640625000000 -1.57846701145172119141 -1.13632655143737792969 -1.22593080997467041016 -0.22860637307167050447
1.64449357986450195312 1.45978093147277832031 1.33651304244995117188 0.06272809952497479524 2.11431717872619628906 1.44604027271270751953
-0.87307769060134887695 -0.18713110685348510742 0.03389156982302660159 1.42398917675018310547 -0.49337756633758539371 1.19572722911834716797
0.88431757688522338867 1.29202604293823242188 -1.34370994567871093750 -1.61394345760345458984 -1.10592246055603049548 -1.70139718055725097656
-0.79515701532363891602 0.08604802936315529560 0.04095810279250140101 -0.11276944726705549760 -0.79016822576522827148 0.66676342487335205078
0.59200370311737060547 0.81494194269180297852 2.52791690826416015625 1.70735108852386474609 1.80290806293487571033 0.09068679064512250032
-0.44905799627304071597 -0.11280448734760280260 -0.68406063318252563477 -1.69606602191925048828 -0.53992944955825805664 0.39314836263656610660
-0.74744749069213867188 -0.37484684586524957828 0.18548862636089319400 1.37135314941406250000 -0.21265527606010428685 1.19477534294128417969
-1.00156211853027343750 -1.26989233493804909436 -0.19515268504619590062 -1.30772674083709716797 -0.66345989704132080078 -0.55552732944488525391
0.62578779458999633789 0.68606257438659667969 0.98605376482009876593 0.57033413648605346680 0.98177689313888560907 -1.34777545928955078125
1.06879210472106911389 1.23070359230041503906 1.04997324943542480469 0.89677226543426513672 1.60644209384918190686 0.00026828653062690002
0.96286922693252563477 0.31615301966667169742 -0.40487408638000488281 -0.72637158632278442383 -0.25703671574592590332 -1.66448271274566650391
-0.81540209054946899414 -1.52460646629333496094 -1.01424062252044677734 0.51965403556823730469 -0.84604358673095703125 0.08011984825134270405
-0.68421518802642822266 -1.65852987766265869141 -1.39442825317382790296 1.44029664993286110608 -0.99548900127410877570 0.64166909456253051758
0.08358910679817199707 0.50836175680160522461 1.16407775878906250000 1.17888665199279807361 0.73806035518646240234 -0.13322359323501581363
-1.04235982894897460938 -0.28921183943748468570 -1.09667325019836447986 -1.72318422794342041016 -0.70440268516540527344 0.38272294402122497559
-0.69639414548873901367 -0.03287137672305100178 0.66603249311447143555 0.87198424339294433594 -0.03900906443595879985 1.13319480419158935547
-0.12943324446678158846 0.00529859401285640019 -0.75907146930694580078 -0.80615991353988647461 -0.94811081886291503906 0.36157381534576410465
-1.45556807518005371094 -0.69013637304306030273 -0.41588392853736877441 0.37557798624038690738 -0.71574240922927856445 0.28591871261596679688
1.76773273944854736328 1.43542885780334472656 0.12370494008064270020 -0.69594907760620117188 0.96782070398330677374 1.10600376129150390625
0.70888769626617431641 1.53501045703887939453 0.21805426478385919742 -0.03130156919360160134 0.10812354832887649536 -1.25232970714569091797
-0.87093627452850341797 -1.30325055122375488281 -0.44623029232025140933 0.57007527351379394531 -0.30699992179870599918 0.47801232337951660156
0.82604849338531494141 0.33742138743400568179 -0.65138161182403564453 -0.88153564929962158203 -0.65859049558639526367 -1.80817008018493630139
0.69842642545700073242 1.22522997856140136719 1.29666924476623535156 0.56891226768493652344 1.11456203460693359375 -1.15855658054351806641
0.72629445791244506836 -0.20680454373359680176 -0.42406991124153131656 -0.37860929965972900391 -0.42977905273437500000 0.03988402336835859818
2.02088165283203125000 1.62266814708709716797 -0.22742961347103118896 -0.72108370065689086914 -0.07062322646379469437 0.67390733957290649414
0.30055940151214599609 -0.07862095534801480379 0.73766392469406127930 0.28782773017883300781 0.36624205112457269840 0.36958748102188110352
-0.47377076745033258609 -1.17853295803070090564 -1.32871723175048850329 -1.57322049140930175781 -1.27766537666320800781 0.05770123749971389771
-0.89092540740966796875 -0.37889441847801208496 0.20438483357429498843 0.78272485733032226562 -0.32955473661422729492 0.88729649782180786133
0.10144806653261180529 0.22765827178955069798 -0.85162049531936645508 -0.80690747499465942383 -0.94498383998870838507 -0.27020782232284540347
0.95793128013610839844 0.58892333507537841797 0.91188389062881480829 1.54027831554412841797 1.15641784667968750000 -0.94037294387817382812
0.01002385094761839950 0.93536305427551280633 -0.39707005023956298828 -1.13501381874084472656 -0.82814109325408935547 -1.74303472042083740234
0.22208206355571741275 0.72416597604751586914 0.88867843151092529297 0.63165462017059326172 0.61443936824798583984 -1.05591857433319091797
0.18688307702541351318 -0.11339162290096280183 0.62663680315017700195 1.42263400554656982422 0.38752937316894531250 0.97330051660537719727
0.83719867467880249023 1.00360798835754394531 -0.26722028851509088687 -0.68438237905502319336 0.11631392687559119481 -1.91540992259979248047
-1.59305202960968017578 -1.55829584598541259766 -0.54799181222915649414 0.96044576168060302734 -1.03525590896606445312 -0.27208018302917480469
-0.63111561536788940430 -0.67029941082000732422 -0.37230136990547180176 1.54493308067321777344 -0.52826595306396484375 1.34644472599029541016
-0.25551724433898920230 0.37447699904441827945 0.30061164498329162598 -0.12917730212211608887 -0.08817759901285170121 -0.42176899313926691226
0.26534950733184808902 1.15344440937042236328 2.39261889457702636719 1.52295005321502685547 1.85114884376525878906 -0.52122288942337036133
-0.41757464408874511719 -1.03994011878967285156 -0.71353101730346679688 -1.39999425411224365234 -0.63428479433059692383 0.11920780688524240665
0.48472723364830011539 1.21888148784637428967 -0.41141739487648010254 -1.26762962341308593750 -0.41855037212371820621 -2.26623320579528808594
-1.32326304912567138672 -1.60885941982269287109 -0.70891207456588745117 -0.14067657291889190674 -1.03186655044555664062 -0.65468728542327880859
-1.30979776382446289062 -0.57702726125717163086 -0.29500952363014221191 -0.21944746375083920564 -0.64341241121292114258 0.50971400737762451172
1.23821234703063964844 1.39205610752105712891 0.69198101758956909180 -0.27631750702857971191 0.95693010091781616211 -0.06757566332817069310
0.75725293159484863281 0.45373740792274469547 -0.42265722155570978336 -0.48707735538482660465 -0.29165354371070861816 -1.87715005874633789062
0.10157176107168190693 0.86702615022659301758 -0.48688566684722900391 -1.13830387592315673828 -0.69058024883270263672 -1.61189782619476318359
1.09628450870513916016 0.71573376655578613281 1.42574906349182128906 0.52929592132568359375 1.76509714126586914062 -1.06119513511657714844
-1.00462901592254638672 -0.99974977970123279913 -0.80218452215194702148 1.07700800895690917969 -0.99704414606094360352 0.79551410675048828125
-1.06579375267028808594 -1.24710154533386230469 -1.34946346282958984375 -0.33571448922157287598 -1.06450545787811279297 0.46768984198570251465
-1.20523357391357421875 -0.96565902233123779297 -0.47367867827415460757 -0.75399881601333618164 -0.69793820381164550781 -0.23138247430324548892
-0.99754214286804199219 -0.77516031265258789062 -0.44784861803054809570 -0.43081364035606378726 -0.47855699062347412109 0.38666343688964838199
-1.07887434959411621094 -1.01657831668853759766 -1.50550162792205810547 -0.46794134378433227539 -1.12699055671691894531 0.41777509450912470035
-1.96596324443817160876 -1.38629424571990966797 -0.91074782609939575195 -0.11981015652418129658 -0.77720969915390014648 -0.36549940705299377441
-0.32045066356658929996 -0.41166689991950988770 0.70735657215118408203 1.50307595729827880859 0.12958389520645138826 1.65807187557220458984
0.00289561809040599994 -0.63744407892227172852 -0.84514445066452026367 -0.64531427621841430664 -0.32964920997619628906 0.85934776067733764648
1.86002159118652365954 1.26757895946502685547 2.59137296676635742188 1.72911906242370605469 3.47072553634643554688 3.25454807281494140625
0.88347232341766357422 1.10579836368560791016 -0.75766253471374511719 -0.88507860898971557617 -0.36061412096023559570 -1.75503540039062500000
-1.53277933597564697266 -1.41641974449157714844 -0.88584893941879272461 -0.08693463355302810669 -0.44959512352943420410 0.16856923699378958958
-0.39186722040176391602 0.42902776598930358887 -0.53177857398986816406 -0.68718099594116210938 -0.76222449541091918945 0.02562644518911829858
-0.96859139204025279657 -0.81831824779510498047 -0.60647022724151611328 -1.21761214733123779297 -0.52001726627349853516 -0.01011057477444409977
-0.14781104028224939517 -0.47817084193229669742 -0.51803690195083618164 -1.16817474365234375000 -0.53048485517501831055 0.39926689863204950504
-2.10184168815612792969 -1.50486385822296142578 -1.34180617332458496094 0.31639575958251947574 -0.98987096548080444336 0.17695711553096771240
-0.38658636808395380191 0.08055254071950909700 -0.43813574314117431641 -1.66368544101715087891 -0.46429440379142761230 0.01100884284824129970
-0.13285295665264129639 -0.53453099727630615234 0.18560394644737240877 1.53247284889221191406 -0.02972125075757500040 1.39176714420318603516
0.94862699508667003290 0.19253218173980710115 -0.11466781049966809358 -0.55680334568023681641 0.16607938706874839085 -1.18469262123107910156
1.19509756565093994141 1.38944351673126220703 1.91065955162048362048 1.35033655166625976562 2.56360721588134810034 1.09955930709838889392
0.46146059036254877261 0.76099777221679687500 -0.03179446235299109719 -0.50402545928955078125 0.14475645124912259187 -1.72810542583465576172
0.05523737892508499836 0.59640425443649291992 -0.84363859891891479492 -1.34010064601898193359 -0.73776936531066894531 -1.10534727573394775391
0.79712051153182983398 1.01749277114868164062 1.70481598377227783203 1.19253683090209960938 1.93545424938201904297 -0.58536809682846069336
-1.44936084747314430921 -1.56043624877929687500 -0.82964456081390380859 0.39210563898086547852 -0.41400969028472900391 -0.07671213895082469592
-1.44366490840911887439 -0.56115138530731201172 -0.10883186757564540514 0.82355308532714843750 -0.88415110111236572266 0.38644918799400329590
0.63881516456604003906 0.41849154233932489566 0.93610155582427978516 1.13931167125701904297 0.57933515310287475586 -0.60126996040344238281
0.54762971401214599609 1.12024271488189697266 0.13400159776210779361 -0.53531289100646972656 0.15532153844833371248 -1.91693735122680641858
0.20982037484645840730 0.88683760166168212891 -0.47643384337425231934 -0.26134198904037470035 -0.73089009523391723633 -1.66882479190826416016
-0.19127678871154779605 0.32191061973571777344 0.73208117485046386719 0.87956005334854125977 0.55781781673431396484 0.54962486028671264648
-0.07441754639148709383 0.57981306314468383789 1.05577778816223144531 0.87469893693923950195 0.49451071023941040039 0.00133585685398420004
-1.79261124134063720703 -1.55104887485504150391 -0.69081896543502807617 1.27146685123443603516 -0.73670351505279541016 0.33531332015991210938
-0.49049928784370422363 -0.18130047619342801180 0.82182878255844116211 0.25264194607734680176 0.09785552322864529695 0.88241595029830932617
-1.00398254394531250000 -0.19408908486366269197 0.72826319932937622070 1.59164881706237792969 -0.09818918257951729511 1.22851264476776123047
-0.49675548076629638672 0.05396442860364909777 -1.11078751087188720703 -0.69498330354690551758 -0.47052821516990661621 0.90247040987014759406
-0.03718321770429609818 0.76435744762420654297 -1.06487286090850830078 -1.28137958049774169922 -1.11774325370788552014 -1.07544016838073730469
0.71813476085662841797 0.96156990528106678351 -0.18405176699161529541 -0.33873286843299860172 -0.05044696480035779779 -1.90411937236785888672
-1.68744266033172607422 -1.36420154571533203125 -1.97069156169891357422 0.41625156998634338379 -0.46045193076133728027 0.90227472782134998663
-2.28038072586059614721 -1.65397059917449951172 -1.08966469764709472656 -1.42898273468017578125 -0.97327017784118641242 -0.79906308650970458984
1.23296594619750976562 1.57646811008453369141 -0.31309738755226129703 -0.34741738438606262207 -0.16884599626064300537 0.40352189540863031558
-1.46030724048614501953 -0.89926052093505859375 -0.87341117858886718750 -1.52339315414428710938 -0.72964274883270263672 -0.30392003059387201480
-0.89783531427383422852 -1.45393145084381103516 -0.86026334762573242188 -1.39331412315368630139 -0.82784497737884521484 -0.56308329105377197266
1.71174705028533935547 1.32664358615875244141 0.05298747122287750244 -0.60214000940322875977 0.45458492636680597476 0.71604073047637939453
-0.10155077278614040026 0.28471064567565917969 -1.00296044349670410156 -1.19070065021514892578 -0.61931723356246948242 0.11561726033687590165
0.29689630866050720215 0.21090276539325711336 -1.23681735992431640625 -1.23510015010833740234 -1.03025174140930175781 -0.50078779458999633789
0.19977863132953641023 -0.13495492935180661287 -0.51085418462753295898 0.67569190263748168945 -0.40239694714546198062 0.66849023103713989258
1.10819959640502929688 0.36279904842376708984 1.15988540649414062500 1.13769328594207763672 1.74082934856414794922 -0.72844815254211425781
1.11030149459838889392 0.96209120750427234992 0.40952411293983459473 -0.68769943714141845703 0.51910936832427978516 -1.63042485713958740234
0.58583188056945800781 0.33210784196853637695 1.28423273563385009766 1.49035418033599831311 0.95242643356323242188 -0.23540379106998440828
0.80612158775329589844 0.83856177330017089844 0.95162272453308105469 0.89314073324203491211 0.95348912477493275031 -1.42474675178527832031
-0.51177299022674560547 -0.87187379598617553711 -0.13840763270854949951 0.94230073690414439813 -0.37937301397323608398 0.69747787714004516602
-1.00601911544799804688 -0.81668925285339355469 -1.19252562522888183594 0.26925429701805109195 -0.97343796491622924805 0.69628280401229858398
1.72746002674102783203 1.12437272071838378906 1.52227640151977539062 0.71821188926696777344 1.92960333824157670435 1.09307384490966796875
-1.16723895072936989514 -1.47798514366149902344 -1.37812387943267822266 -1.14095830917358398438 -1.08512961864471435547 -0.48796531558036798648
0.98035144805908203125 0.61627286672592163086 1.67488336563110351562 1.56803989410400390625 1.69726002216339111328 -0.76147097349166870117
0.65090745687484741211 1.30667364597320556641 2.35763478279113769531 1.08860814571380615234 1.74456083774566650391 -0.37617808580398559570
1.00863492488861083984 1.45732569694519042969 0.11949470639228819413 -0.44897499680519098453 0.20245954394340509586 -0.50850254297256469727
0.95100533962249755859 0.78397494554519653320 0.34393945336341857910 -0.72161436080932617188 0.44310578703880310059 -2.13908171653747603003
1.29693353176116943359 0.94953829050064075812 1.40688765048980712891 1.28105425834655761719 1.87063217163085959704 -0.25173538923263549805
-0.09369121491909020161 -0.13229049742221829500 -0.96322959661483764648 -1.30172812938690207751 -1.14367496967315673828 0.15005351603031150121
0.94815367460250843390 0.50276541709899902344 1.47267425060272216797 0.69402498006820678711 1.27313506603240966797 -1.30362510681152343750
-0.44611302018165588379 -1.15814268589019775391 -0.58372122049331665039 0.14755253493785849828 -0.96284222602844238281 0.54828745126724243164
0.81649953126907348633 1.12171685695648193359 0.59709167480468750000 -0.49283033609390258789 0.75239193439483642578 -1.81884944438934370581
0.87295871973037719727 0.18687209486961359195 -0.11972867697477339310 -0.90813046693801879883 0.07643618434667580341 -1.34844195842742919922
-0.46348485350608820132 -0.62057173252105712891 0.55266100168228149414 1.48424804210662841797 -0.15124854445457450169 1.15658128261566162109
-0.22466583549976348877 -0.07287820428609839696 -0.82899582386016845703 -0.60801315307617187500 -0.64894795417785644531 0.85823965072631835938
-1.66615962982177712171 -1.12552177906036376953 -0.57968842983245849609 0.25450295209884638004 -0.49529802799224847965 0.06819653511047360506
-0.30136317014694208316 0.19986678659915921297 -0.10912202298641200671 -0.73305857181549072266 -0.09532883763313290681 0.21432988345623010806
-1.21746611595153808594 -0.58718836307525634766 0.00550854904577129968 1.16335070133209250720 -0.53688400983810424805 0.77303218841552734375
-0.00385211431421330014 0.21257504820823669434 1.30946552753448486328 1.24886834621429443359 0.85084301233291625977 0.87020665407180786133
-0.68199032545089721680 -0.25936660170555109195 -0.74081039428710937500 -1.08523952960968017578 -0.83290946483612060547 0.60725235939025878906
-1.24720144271850608142 -1.21334564685821510999 -0.63998746871948242188 -1.15616869926452636719 -0.51182109117507934570 -0.27819079160690307617
1.05599105358123779297 1.54362046718597389905 2.40014767646789550781 1.66066944599151589124 2.14232850074768066406 1.56120777130126953125
0.35385867953300470523 0.62313002347946166992 0.59189039468765258789 0.67840379476547241211 0.39800888299942011050 -1.12548685073852539062
-1.03701078891754150391 -1.09854400157928489001 -0.13725374639034271240 -0.34104594588279718570 -0.58477205038070678711 -0.27979698777198791504
-1.75419747829437255859 -1.53571557998657248767 -1.16502654552459716797 0.49416422843933099918 -1.05155372619628906250 0.01159568596631280028
0.39542055130004877261 0.51602119207382202148 0.13635009527206420898 -0.45860621333122247867 0.20528768002986899632 -1.34178781509399391858
1.76810491085052490234 1.50070464611053489001 -1.28886294364929199219 -1.17560148239135742188 -0.98607635498046875000 0.72935169935226440430
0.36548170447349548340 -0.25147628784179687500 0.78527814149856567383 1.54417347908020019531 0.53224205970764160156 1.05378651618957519531
0.35166078805923461914 0.38970696926116937808 -0.49466443061828607730 -1.63207590579986550061 -0.38317412137985229492 -1.60374510288238525391
-0.60928231477737426758 -1.67932879924774169922 -1.47115862369537353516 -0.65636235475540161133 -0.96574765443801879883 -0.42876502871513361148
-1.24643707275390625000 -1.21672856807708740234 -0.54493540525436401367 1.07464182376861550061 -0.85460633039474487305 0.48405316472053527832
-0.33819669485092157535 0.08361054956912990221 -1.21090841293334960938 -0.82896947860717773438 -0.88211637735366821289 0.68921941518783569336
-1.15879988670349121094 -1.24314725399017311780 -0.98564064502716064453 -0.55690819025039672852 -0.76687270402908325195 -0.20795203745365140047
-1.98310244083404518811 -1.68113219738006591797 -1.00482344627380371094 0.72558593750000000000 -0.83498084545135498047 0.18492808938026419896
0.76855939626693725586 0.83952409029006958008 0.37356844544410700015 -0.60454577207565307617 0.68787872791290283203 -1.87532508373260498047
0.69997334480285644531 0.84079927206039428711 0.28900313377380371094 0.69552814960479736328 0.41815969347953790836 -1.77463710308074951172
0.81866466999053955078 1.44815492630004882812 0.78346174955368041992 -0.41951373219490051270 0.87209099531173706055 -1.10567557811737060547
0.21731603145599359683 -0.91391015052795399054 -0.74653863906860351562 -0.94277513027191162109 -0.60075515508651733398 0.41843080520629877261
-0.17300653457641598787 0.09883842617273330688 -0.66295892000198364258 -1.33266770839691162109 -0.42394962906837457828 0.17224542796611780338
-0.75120848417282104492 -0.35200458765029907227 0.09288970381021499634 0.58652424812316894531 -0.22941803932189938631 0.68420839309692382812
-1.37816977500915527344 -1.46250486373901367188 -0.54609251022338867188 -0.02600189857184879993 -0.61274033784866333008 -0.50453162193298339844
0.77348339557647705078 0.94410645961761474609 -0.14857199788093561343 -1.11657965183258056641 -0.60109364986419677734 -2.68592119216918900904
0.74628877639770507812 0.05428313836455340297 0.88351207971572875977 1.08631336688995361328 0.97491276264190684930 0.07050806283950800113
-1.46734857559204101562 -0.85800582170486450195 0.03296540305018420131 1.70018291473388671875 -0.35074004530906677246 0.67485302686691284180
-1.41013503074645996094 -1.20549726486206032483 -0.87519598007202148438 -1.30816423892974831311 -0.65339273214340209961 -0.37408110499382019043
-0.66585516929626464844 -1.14179491996765136719 -1.08026635646820090564 -0.43853479623794550113 -0.85290223360061645508 0.57495266199111938477
-0.02886348776519289880 0.22829057276248929109 0.29235967993736261539 -0.01384996157139530004 -0.14113835990428919009 0.07271968573331830110
-0.55073505640029907227 0.14602711796760559082 0.70684647560119628906 0.90576225519180297852 0.04770828783512109927 1.16444742679595969470
-0.57276403903961181641 -1.32827544212341308594 -1.22692918777465820312 0.00080576108302920005 -1.23880803585052490234 0.40184974670410150699
-0.56876665353775024414 -1.51337146759033203125 -1.17048692703247070312 0.41318386793136591129 -1.00260674953460693359 0.31231141090393060855
-0.19827039539813989810 -0.76365560293197631836 -1.02141523361206032483 -1.54309427738189697266 -0.90513390302658081055 0.52743476629257202148
-0.10183513164520259509 0.18471550941467279605 -0.47594255208969110660 0.04000495374202719945 -0.55337476730346679688 0.15570038557052609529
0.91573846340179443359 1.02416074275970458984 -0.31701892614364618472 -0.90645295381546020508 -0.07131228595972059769 -1.73804748058319091797
0.21034775674343109131 1.32751214504241943359 0.69957154989242553711 -0.12526531517505640201 0.18267107009887689761 -1.96012830734252929688
-0.84218710660934448242 -0.18323290348052970189 0.27056217193603510074 0.08255798369646069612 -0.48412278294563287906 0.72207754850387573242
-0.59603077173233032227 -0.77507603168487548828 1.17395353317260742188 0.37333756685256958008 0.09861065447330470690 0.74081832170486450195
0.37117919325828552246 0.79916423559188842773 1.22291135787963889392 1.02201104164123535156 1.07319033145904541016 -0.97138714790344238281
-0.93384462594985961914 -1.04594111442565917969 -1.01265692710876464844 1.13752973079681396484 -1.00889062881469726562 0.64684575796127319336
-0.84121286869049072266 -0.52754002809524536133 0.20161837339401239566 -0.27117446064949030093 -0.41183522343635559082 0.54148727655410766602
-0.17884750664234161377 -1.15558516979217529297 -1.55366468429565429688 0.07704048603773110127 -0.93678367137908935547 1.01254379749298095703
0.45679268240928649902 1.05209863185882568359 -1.14607381820678710938 -1.50717985630035400391 -1.04970824718475341797 -2.09682035446166992188
0.78931999206542968750 0.61341130733489990234 0.31887921690940851382 0.03323825076222419739 0.34164625406265258789 -1.71483612060546875000
-1.08113551139831542969 -1.76395905017852783203 -1.27582287788391113281 -0.26426947116851801090 -0.97150325775146484375 -0.04590722173452369687
0.24084715545177459717 0.21081982553005210179 -1.13983798027038552014 -1.17541456222534179688 -0.81899899244308471680 -0.49636441469192499332
0.98478043079376220703 0.71822196245193481445 1.46968507766723632812 1.53345525264739990234 1.49091875553131103516 -0.71265143156051635742
2.19065546989440917969 1.49718475341796875000 1.61508214473724365234 0.76473289728164672852 2.78287601470947265625 1.76135087013244628906
0.12878350913524619359 0.34428238868713378906 1.31426012516021728516 1.50729215145111083984 0.55436933040618896484 0.17461642622947690096
0.56661272048950195312 -0.22798839211463919896 0.10836152732372279772 -0.16052283346652979068 0.60471898317337036133 0.16835720837116238680
0.12965595722198480777 0.23960655927658081055 1.81042814254760764392 1.56397891044616699219 1.23287367820739768298 1.07419371604919433594
-0.85300463438034057617 -1.45936906337738037109 -1.17796909809112571033 -1.09031331539154030530 -0.54656493663787841797 -0.34998863935470581055
1.72948157787322998047 1.41080486774444580078 1.73839855194091796875 1.33075058460235595703 2.56225490570068403784 2.08284425735473632812
0.88821333646774291992 0.10111253708600989598 -0.39357590675353998355 -0.29049503803253168277 -0.18520729243755340576 -1.16362476348876953125
-0.81300848722457885742 -1.28813338279724121094 -0.92335069179534923212 -1.42771470546722389905 -0.82622969150543212891 -0.39473494887351989746
-0.05514796823263160008 -0.35152795910835260562 -0.53338122367858886719 -0.86528658866882324219 -0.55978387594223022461 0.58691048622131347656
0.61949801445007324219 0.67702579498291015625 0.08609125763177870316 0.69281643629074096680 0.23933947086334220189 -1.51865446567535400391
1.28381228446960449219 0.58190721273422241211 1.07672631740570090564 1.27604055404663085938 1.21145749092102050781 -0.92990511655807495117
-0.51326686143875122070 -0.07541958987712860107 -0.35894227027893060855 -1.31525158882141113281 -0.43606939911842340640 0.10634352266788479890
1.71171545982360839844 1.58008074760436989514 2.53267407417297363281 1.31410157680511474609 3.42328882217407226562 3.08640456199645996094
-0.04727306962013239772 0.46325117349624628238 0.73677474260330200195 0.92497217655181884766 0.52658694982528686523 0.09352520108222960038
1.16580164432525634766 1.48848760128021240234 1.80110049247741699219 1.16362977027893088611 2.12161850929260253906 1.48486065864563010486
1.20819675922393798828 0.20407623052597040347 -0.28559949994087219238 -0.11320295929908749666 -0.58039599657058715820 -1.47379696369171142578
-0.22084656357765189427 0.30520337820053100586 -0.62120860815048217773 -1.43697297573089599609 -0.74989378452301025391 -0.47588929533958429507
0.66188037395477294922 0.90525656938552856445 -1.05643808841705322266 -0.89618384838104248047 -0.65861696004867553711 -1.91038680076599121094
-1.33480596542358398438 -0.74797838926315307617 -1.07259368896484375000 -0.22567479312419891357 -0.66410702466964721680 0.36827504634857177734
-1.12540638446807861328 -0.34594091773033142090 -0.18052957952022549715 -1.12957477569580078125 -0.32291409373283380679 0.15458421409130090884
-0.51600450277328491211 0.00351446680724619995 -0.79530155658721923828 -0.08503858000040050158 -0.49027436971664428711 1.02220427989959716797
-0.00587065378203980009 0.07808432728052129568 -0.89004445075988769531 -1.59754061698913552014 -0.84157037734985351562 -0.05635198205709449765
1.50651359558105490954 1.24757552146911621094 1.07975995540618896484 0.73095041513442993164 1.45139527320861816406 0.69089365005493164062
0.05149717256426809830 0.22302919626235959139 -0.09978555142879480533 -0.23537689447402951326 -0.61104488372802734375 0.01359468698501579975
0.32806792855262750797 1.31822824478149391858 -0.58098268508911132812 -1.12942194938659690173 -0.64960002899169921875 -2.21924376487731978003
-1.05893552303314208984 -1.41577374935150168689 -1.29249477386474609375 -0.93075931072235118524 -0.95590466260910045282 -0.19023795425891870670
-1.20328724384307861328 -1.26015138626098632812 -0.92665189504623401984 1.36820375919342041016 -0.84100192785263061523 0.78806519508361816406
0.54306614398956298828 0.15836645662784570865 0.95589637756347656250 0.80627191066741943359 0.77661126852035522461 -0.17109811305999750308
-0.17441560328006738834 -0.09676332026720040058 -0.78204089403152465820 -0.47094091773033142090 -0.50567364692687988281 0.69195580482482910156
0.04720252752304070210 0.33418852090835571289 0.27394157648086547852 0.64989507198333740234 -0.40576857328414911441 -0.15488462150096890535
0.16434119641780850496 -0.43541187047958368472 0.15185734629631039705 1.52958154678344726562 -0.07756777107715599751 1.37485563755035400391
1.34039819240570090564 0.81494909524917602539 -0.21422056853771209717 -0.99734151363372802734 0.05981619656085959691 -1.85015165805816650391
0.97028714418411243781 1.69475901126861550061 2.27926754951477050781 1.02033185958862304688 2.36415958404541015625 1.45833313465118408203
0.53875958919525146484 1.12587392330169677734 1.47128105163574218750 0.51520085334777832031 1.53651738166809082031 -1.26808595657348632812
-1.19076490402221679688 -1.44973134994506835938 -1.34176480770111083984 0.41716787219047540836 -0.82610708475112915039 0.33969241380691528320
0.09473994374275200581 0.08043312281370160188 0.55105453729629516602 -0.39837250113487238101 0.31084531545639038086 0.04839318245649330136
-0.39936158061027521304 -0.83453506231307983398 -1.16884195804595969470 -1.18551647663116455078 -0.78741765022277832031 0.62097913026809692383
1.13602316379547119141 1.54363346099853515625 -0.36635306477546691895 -0.74787855148315429688 -0.49455350637435907535 -0.10229183733463280415
-1.54981923103332519531 -1.23407554626464843750 -0.96206003427505482062 -0.79711830615997314453 -0.78571605682373046875 -0.07312304526567449392
-0.48416647315025329590 -1.36795926094055175781 -0.97559297084808360712 1.03642904758453369141 -1.04559338092803955078 0.72835826873779296875
-0.08002315461635589600 -0.01336489617824549933 0.13970027863979339600 1.19264352321624755859 -0.16745577752590179443 0.99916404485702514648
1.16196286678314208984 0.85687398910522460938 -0.43148839473724359683 -1.70204138755798339844 -0.18507653474807739258 -2.20827507972717285156
-0.43269562721252441406 -0.31759181618690490723 -0.29113194346427917480 -0.38501831889152521304 -0.61234736442565917969 0.70680302381515502930
1.91429471969604492188 1.18404638767242431641 1.08751368522644042969 0.25772687792778009586 2.06927871704101606909 1.41300034523010231702
-1.02019596099853515625 -0.72320407629013061523 -0.70955419540405273438 0.61217379570007324219 -0.48544234037399291992 0.83908420801162719727
-0.11213113367557520084 -1.02082407474517822266 -1.06671929359436035156 -0.05179136991500850329 -0.81460970640182495117 1.11391127109527610095
-0.48481652140617370605 -0.27059915661811828613 -1.04322791099548339844 -1.39020645618438720703 -1.05452692508697509766 0.47524374723434448242
1.12274646759033203125 1.40121793746948242188 0.78183978796005249023 0.06517509371042250199 1.09883975982666015625 -0.01545472536236039938
1.14103484153747558594 1.02173817157745361328 2.88063979148864746094 1.42648971080780029297 3.20091271400451660156 0.62411475181579589844
-0.58503669500350952148 -1.08581686019897460938 -0.57255613803863525391 0.28631967306137079410 -0.83845275640487670898 0.63951069116592407227
1.30279958248138449939 1.69234085083007790296 0.13866926729679099339 -1.08100354671478271484 0.29561629891395568848 0.45559799671173090152
0.94738173484802234992 1.53314149379730224609 0.79492264986038208008 0.08216390758752820100 0.80592310428619384766 -0.16888412833213800601
0.13447342813014981355 -0.01273116935044519941 1.01306986808776855469 1.15472662448883056641 0.39328244328498840332 0.77597421407699584961
-1.50015020370483398438 -0.90130382776260375977 -0.68239390850067138672 -0.16835254430770871248 -0.77844971418380737305 -0.05410761758685109918
1.31179678440093994141 1.53905498981475830078 2.34315729141235307154 1.21083486080169677734 2.58515095710754394531 2.08221530914306640625
-0.78949934244155883789 -0.25127264857292169742 -0.23309849202632901277 -0.60887634754180908203 -0.23939213156700128726 0.88229858875274658203
-0.20412909984588620271 -0.72222954034805297852 -0.13333949446678158846 -0.93747532367706298828 -0.15870133042335510254 0.34941720962524408511
-0.89087671041488647461 -1.41762971878051757812 -0.34272089600563049316 1.26429283618927001953 -0.93069332838058482782 0.40025690197944641113
0.02241090498864650032 -0.93761855363845836298 -0.45964780449867248535 -1.62587821483612060547 -0.40792384743690490723 0.25143167376518249512
-1.22472202777862571033 -1.37660574913024902344 -1.07370638847351074219 1.28155899047851562500 -1.26481568813323952405 0.36375111341476440430
1.55711984634399391858 1.30931651592254638672 -1.08815777301788330078 -1.34420657157897949219 -0.75127834081649780273 0.23091655969619750977
0.14705823361873621158 0.76305109262466430664 0.44280526041984558105 -0.45423188805580139160 -0.02963867224752899862 -1.65434455871582031250
0.31728133559226989746 0.01656584627926339925 -0.44810974597930908203 -1.25578582286834716797 -0.35668176412582397461 -0.48659580945968627930
1.38765716552734375000 1.28295910358428955078 1.88001561164856001440 0.46582320332527160645 2.26381230354309082031 1.17708730697631835938
0.44213813543319702148 0.96083194017410278320 -1.74378800392150878906 -1.54310464859008789062 -1.84181475639343283923 -1.86362767219543434827
1.12274825572967529297 1.61535310745239257812 -0.31154838204383850098 -1.53445124626159690173 -0.34683042764663690738 -0.54763996601104736328
-0.84080755710601806641 -0.04132660478353499672 0.44638332724571228027 0.51873743534088134766 -0.34670501947402948550 1.21993839740753151624
-1.91651225090026877673 -1.45558488368988037109 -0.97914010286331176758 -0.45256498456001281738 -0.72158735990524291992 -0.34865877032279968262
0.15872260928153988924 0.72869247198104858398 2.06587719917297363281 1.48067629337310791016 1.63532304763793967517 0.14606635272502899170
0.44846215844154357910 0.97845512628555297852 0.78469789028167724609 -0.65262538194656372070 0.61021256446838378906 -1.65764594078063964844
1.79951393604278564453 1.24278545379638671875 1.19184458255767822266 0.35788607597351068668 1.69372880458831809314 1.29718780517578125000
0.86510288715362548828 1.55744969844818115234 -0.71156418323516845703 -1.38907587528228759766 -0.09492366015911099519 -0.80340379476547241211
-0.35071769356727600098 0.29663699865341180972 1.44562077522277832031 1.23715722560882568359 0.24726730585098261050 1.05302262306213378906
0.29240092635154718570 0.15301738679409018773 -0.69972354173660278320 -1.40975844860076904297 -0.39277401566505432129 -0.39534825086593627930
0.73126637935638427734 0.40381464362144470215 -0.95247828960418701172 -1.18516159057617209704 -0.77702081203460693359 -1.82887792587280273438
-0.17042276263236999512 0.11634568870067589497 0.97541505098342895508 1.57267487049102783203 0.30511000752449030093 1.09470307826995849609
-0.18556591868400570955 -0.79368990659713745117 0.05584651604294769978 -0.25314670801162719727 0.10901633650064460057 0.77407830953598022461
-1.02112185955047607422 -1.53614091873168967517 -1.49106180667877197266 0.76543337106704711914 -0.84859383106231689453 0.76339697837829589844
-0.42549574375152587891 -0.51250791549682617188 -1.03600955009460449219 -1.26492607593536376953 -0.61111724376678466797 0.62275671958923339844
0.58099812269210815430 0.89056032896041870117 0.66648465394973754883 0.34204331040382379703 0.70387369394302368164 -1.66950476169586181641
-0.83060979843139648438 -1.36989128589630126953 -1.16991472244262695312 0.71924376487731933594 -0.97879344224929798468 0.55029028654098510742
0.32775580883026117496 0.89000451564788818359 -0.45930582284927368164 -0.98425805568695079462 -0.78928565979003906250 -2.02667260169982910156
-0.15747193992137908936 -0.91534513235092163086 -0.63326424360275268555 -0.63326561450958251953 -0.40893849730491638184 0.56566745042800903320
-1.97884035110473632812 -1.60168588161468505859 -0.70327883958816528320 -1.56683874130249023438 -0.72557461261749267578 -1.32081723213195800781
-1.81966221332550048828 -1.56478011608123779297 -0.68559700250625610352 1.42299795150756835938 -0.67909759283065795898 0.42699423432350158691
0.81399422883987426758 0.85884463787078857422 -1.04927027225494384766 -1.23049938678741455078 -1.00694656372070312500 -2.29511499404907226562
1.45763039588928222656 0.97769302129745483398 0.42150241136550897769 -0.22372026741504669189 0.89376479387283325195 -0.53747564554214477539
0.91405278444290161133 1.10220575332641601562 0.31775611639022821597 0.25087261199951171875 0.18952935934066769685 -1.56636250019073486328
-0.00841882918030019932 -0.27424755692481989078 0.26123672723770141602 -0.23552326858043670654 0.14447067677974700928 0.70205372571945190430
1.51679778099060058594 1.09355902671813964844 0.07054940611124030370 0.24866057932376858797 0.52663296461105346680 -0.02087377570569510024
-0.35444569587707519531 0.05305655673146240231 0.06739424169063559789 0.32894113659858698062 -0.20773179829120630435 0.72514641284942626953
0.30108201503753662109 0.76530218124389648438 -1.45425999164581298828 -1.20874285697936989514 -1.13728344440460205078 -1.50944817066192649158
1.23793351650238037109 1.13247489929199218750 1.45083117485046408923 0.84789824485778808594 1.63819682598113991467 0.05792187154293060303
1.08611953258514404297 1.44022274017333984375 1.26968717575073242188 0.35927760601043701172 1.18408775329589843750 0.07716847211122510042
-2.02992057800292968750 -1.63966095447540283203 -0.40652212500572199039 1.72121369838714599609 -0.85753196477890014648 0.03906899318099019830
-2.11467957496643066406 -1.43059885501861550061 -1.71668648719787597656 -1.20758116245269775391 -0.80204802751541137695 -0.20445416867732998933
0.21640183031558990479 -0.55593472719192504883 -0.47529542446136469058 -0.71689206361770629883 -0.70650976896286010742 0.62049746513366699219
-0.67817318439483642578 0.01321455836296079982 -0.56065130233764648438 -0.38397264480590820312 -0.74824547767639160156 0.67954671382904052734
-1.21299827098846435547 -0.75634914636611938477 -0.68821936845779418945 -0.64071846008300781250 -0.71468383073806762695 0.22082975506782528963
0.98470848798751842157 0.78326344490051269531 1.63793468475341796875 0.51711636781692504883 1.64077138900756835938 -1.31699132919311523438
1.98979806900024391858 1.59179031848907470703 -0.52702867984771728516 -0.84847033023834228516 -0.36737018823623657227 0.44229581952095031738
-1.14634680747985839844 -0.90664297342300415039 0.07453379780054089632 0.98601186275482177734 -0.91294699907302856445 0.37344413995742797852
-0.79280608892440795898 0.21142005920410150699 -0.29029357433319091797 -1.41181135177612304688 -0.52977925539016723633 0.26647749543190002441
0.50635343790054321289 0.06348065286874769730 -0.40473806858062738590 0.24822403490543359927 -0.04750812053680419922 -0.14822292327880859375
-0.68446069955825805664 -1.64669620990753151624 -0.72232276201248168945 -1.25355756282806396484 -0.57241046428680419922 -0.62364923954010009766
0.95682036876678477899 0.36557230353355407715 1.07543015480041503906 0.32427555322647089175 1.33000087738037109375 -1.26556348800659179688
1.44536793231964111328 1.44848453998565673828 3.30049991607666015625 1.59232485294342041016 3.70406317710876464844 3.14333152770996093750
-0.15273784101009368896 -0.84471964836120605469 0.16464294493198389224 0.60564929246902465820 0.02199155092239379883 0.91481626033782958984
-1.27012813091278076172 -0.75322622060775756836 -0.73835784196853637695 -0.07136256247758859805 -1.15361225605011008533 0.39953690767288208008
0.64606767892837524414 1.36854147911071777344 3.10714530944824218750 1.69098150730133056641 2.75284647941589355469 0.65673804283142089844
-0.36791178584098810367 -0.04244384914636609857 -0.21167169511318201236 -0.60674118995666503906 -0.25538414716720581055 0.65374362468719482422
-0.21470302343368530273 -0.61823552846908569336 -0.96435588598251342773 -0.87616521120071411133 -1.18301463127136230469 0.58178746700286865234
0.62366741895675659180 0.68698406219482421875 0.76003515720367431641 1.24176204204559326172 0.51912802457809448242 -0.95329135656356800421
0.84792864322662353516 1.43472325801849365234 1.76911294460296630859 0.77784514427185058594 1.59060692787170410156 -0.37146171927452087402
-1.49830150604248046875 -0.71862393617630004883 -1.11217021942138671875 -1.47351002693176269531 -0.95890676975250244141 -0.12128002196550359548
0.68747043609619140625 0.54890793561935424805 0.17889605462551108617 -1.14708042144775390625 0.27255466580390930176 -1.94196724891662597656
-1.41388380527496337891 -0.93716126680374156610 -0.22439998388290399722 0.61188507080078125000 -0.47750219702720642090 0.15507340431213378906
-1.94308960437774635999 -1.66378128528594970703 -0.53576111793518066406 -1.46766233444213889392 -0.71738272905349731445 -1.02999556064605712891
-0.63983207941055297852 -1.21569538116455078125 -0.90016973018646240234 1.06508016586303710938 -1.06043124198913552014 0.92688596248626720087
0.66703212261199951172 0.93146508932113636359 0.11262369900941840428 -1.13314688205718994141 0.09198220074176780003 -2.49406099319458007812
-0.12596353888511649388 -0.92288613319396961554 -0.01053404901176690014 0.66434341669082641602 -0.17023220658302298802 0.88615769147872924805
-1.03578782081604003906 -0.55710059404373168945 -0.37141832709312438965 0.06369667500257490678 -0.58578419685363769531 0.78029108047485351562
-0.46610063314437860660 -0.64541703462600708008 0.27795016765594482422 1.63029515743255615234 -0.28679582476615900211 1.32885265350341796875
-1.16993904113769509046 -1.28830873966217041016 -0.84871941804885864258 -1.71035695075988769531 -1.04045844078063964844 -0.73110455274581909180
-1.88198935985565207751 -1.67787468433380126953 -1.42141640186309792249 -0.35328057408332819156 -0.85071051120758056641 0.01692611537873740107
-0.70188093185424804688 -0.03475535660982129876 0.17446954548358908910 0.60071980953216552734 -0.07563800364732739534 0.70771366357803344727
-0.53597432374954223633 -0.21729527413845059480 0.28889188170433038882 -0.52374267578125000000 -0.23360043764114379883 0.61548459529876708984
-0.04427256062626829664 0.37400287389755249023 -0.19198706746101379395 -0.53152346611022949219 -0.49035182595252990723 -0.51130151748657226562
-0.61439365148544311523 -0.22266717255115509033 0.17313921451568600740 1.23476672172546408923 0.39710357785224909000 1.70320010185241699219
-0.63972133398056030273 -1.34546852111816406250 0.20619243383407589998 1.49932181835174560547 -0.33194056153297418765 0.78145945072174072266
-0.58176678419113159180 -1.45091724395751953125 -1.53563046455383300781 -1.43725168704986550061 -1.19111311435699462891 -0.18750035762786859683
0.51396709680557250977 0.27733522653579711914 0.43835687637329101562 0.91063219308853160516 0.32501846551895141602 -0.44099664688110351562
-0.85919159650802612305 -0.91007828712463378906 -0.25399076938629150391 1.33705961704254150391 -0.52248287200927734375 0.84723544120788574219
-0.72701042890548706055 0.11655957996845239810 -0.64713108539581298828 -0.77498722076416015625 -0.77739888429641723633 0.60526007413864135742
1.30684471130371093750 1.08871567249298095703 -0.55901610851287841797 -1.40934944152832031250 -0.27947318553924560547 -1.19645285606384277344
-1.41155195236206032483 -1.71959078311920166016 -1.22597861289978049548 0.56578153371810913086 -1.04394459724426269531 0.06757273524999610204
1.03338122367858886719 1.57344150543212890625 -0.34475120902061462402 -1.00422108173370361328 -0.45831438899040222168 -0.53585267066955566406
-0.68107241392135620117 -0.91042387485504161493 -1.19545519351959250720 1.47863781452178955078 -1.01544535160064697266 1.45362758636474609375
-1.42488098144531250000 -1.53022623062133789062 -0.68879860639572143555 -1.66990566253662109375 -0.88968491554260253906 -0.73724740743637084961
-0.26512673497200012207 -0.34428188204765319824 -0.80223202705383300781 -1.18017959594726562500 -0.71520918607711791992 0.77397000789642333984
1.11933600902557350842 0.87542992830276489258 -0.32978570461273187808 -1.08196938037872314453 -0.26553782820701599121 -2.41174030303955078125
0.66834163665771484375 1.65879547595977783203 -0.50791883468627929688 -1.02383339405059792249 -0.28231903910636901855 -1.31783485412597656250
-0.15039959549903869629 0.65319430828094482422 -0.64548200368881225586 -1.00708878040313720703 -0.43701779842376708984 -0.64153957366943359375
1.05557417869567871094 0.63331019878387451172 1.82156765460967995374 1.35781967639923095703 1.62754619121551513672 -0.96632206439971923828
1.71542668342590309827 1.00304567813873291016 0.32919380068778991699 -1.05670285224914550781 0.40262696146965021304 -0.58690536022186279297
-0.24326595664024350252 -0.41764435172080988101 -0.21439248323440548982 -0.31801152229309082031 -0.29777857661247247867 0.75915586948394775391
-1.10399925708770751953 -1.29082345962524391858 -0.83906120061874389648 -0.26756942272186279297 -0.96901929378509521484 -0.17494833469390869141
-0.53415441513061523438 -0.33370658755302429199 -1.11797046661376953125 -1.62889909744262695312 -0.83008551597595214844 0.45329821109771728516
-1.12139344215393088611 -1.15039575099945090564 -2.00786662101745605469 -1.66758155822753906250 -1.22316074371337890625 0.29954448342323297672
0.82214337587356567383 1.05714905261993408203 0.91185301542282104492 0.05558563768863670346 0.87392741441726684570 -1.40731382369995117188
-0.53180360794067382812 -1.24026811122894287109 -1.60881972312927246094 -1.60913455486297607422 -1.20606017112731911389 0.36767789721488952637
0.83495509624481201172 1.57822871208190917969 1.28059363365173339844 0.39819899201393127441 1.04296386241912841797 -0.33918079733848571777
1.52142035961151123047 1.48616075515747070312 0.90206605195999156610 0.34763795137405389957 1.42214941978454589844 1.06056165695190429688
1.88388812541961669922 1.42636811733245849609 2.31832742691040039062 1.73503565788269042969 3.24170088768005371094 2.84537649154663085938
1.36701250076293967517 0.40512037277221679688 1.01819622516632080078 0.86668133735656738281 1.58732652664184570312 -1.06544196605682350842
-0.13329076766967770662 0.14052380621433249730 -0.45360842347145080566 -1.17256724834442138672 -0.47634184360504150391 -0.00674562482163309964
-0.03709817305207249727 0.84239804744720458984 0.18392801284790039062 -0.28019943833351129703 0.09353515505790710449 -0.85671526193618774414
1.20733702182769775391 1.33814287185668967517 -0.60996848344802856445 -1.50156915187835693359 -0.64161062240600585938 -1.02775025367736816406
-0.05153001844882960231 0.34162983298301691226 0.72407215833663940430 1.49691569805145263672 0.40131455659866327457 0.47633534669876098633
0.13738596439361569490 -0.40325477719306940250 0.39191147685050958804 -0.30355808138847351074 0.33740258216857910156 0.63188582658767700195
-1.04264485836029030530 -1.56201565265655517578 -0.93912750482559204102 1.56945443153381369861 -0.66718828678131103516 0.56886345148086547852
1.86769664287567160876 1.09883153438568115234 -0.67149752378463745117 -1.56218075752258300781 -0.55075860023498535156 -0.16073134541511530093
0.40957108139991760254 1.21876537799835205078 0.31641814112663269043 0.32736346125602722168 0.23867461085319519043 -2.01985025405883789062
1.47882473468780517578 1.61508786678314208984 1.94447445869445800781 1.30884540081024169922 2.47611713409423828125 2.34565567970275878906
-1.29364991188049316406 -1.00823915004730224609 -1.52176296710968017578 0.33825469017028808594 -1.19951260089874289783 0.95388877391815196649
-1.44979834556579589844 -0.90063714981079101562 -0.81694930791854858398 -0.17435519397258750218 -0.73356622457504272461 0.26283511519432067871
-0.34255203604698181152 0.40636980533599847965 -0.98755174875259399414 -1.45696115493774391858 -0.91678786277770996094 -0.10643354058265680484
0.28557753562927240543 0.29213580489158630371 0.06035686284303660304 0.48182770609855651855 -0.18211142718791958894 -0.54897415637969970703
1.67299604415893554688 1.65487575531005859375 1.00584089756011962891 -0.77494806051254272461 1.53755068778991699219 0.80531215667724609375
-2.00017166137695312500 -1.25074207782745361328 -1.30270516872406005859 -0.86295741796493530273 -0.73838907480239868164 -0.03656420484185209790
-0.54835355281829833984 -1.76492404937744140625 -0.60916036367416381836 0.21019877493381500244 -0.17156237363815299291 -0.02207727730274200093
-0.80884075164794921875 -0.08370204269886009907 0.23093102872371670808 0.16067537665367120914 -0.13619737327098840884 1.05562329292297363281
0.70228368043899536133 1.12298667430877685547 1.77962231636047363281 0.96344691514968883173 1.76812410354614257812 -0.77994006872177124023
1.09535014629363991467 0.52144724130630493164 1.04357719421386718750 0.28512483835220331363 1.24674546718597389905 -1.49495112895965576172
0.64528316259384155273 1.16871249675750710217 -0.75234478712081909180 -1.43419790267944335938 -0.86491632461547851562 -2.46361970901489257812
-1.33026945590972900391 -1.44443631172180175781 -0.10398493707180020418 0.89504635334014892578 -0.54772859811782836914 -0.08552791178226469559
0.76788824796676635742 1.34398114681243896484 0.56755775213241577148 0.08360658586025229710 0.66481775045394897461 -1.10246515274047829358
0.08804170042276379671 1.02015864849090576172 -1.07509124279022216797 -1.52604854106903076172 -0.68617928028106689453 -1.69126164913177490234
-0.84838551282882690430 -0.84472310543060302734 -0.22234936058521270752 1.07656240463256835938 -0.39811870455741882324 0.71881937980651855469
0.67115724086761474609 0.76772272586822509766 1.07102191448211669922 0.40934279561042780093 1.00872373580932617188 -1.35426402091979980469
0.41068381071090698242 0.73215192556381225586 1.34430754184722900391 1.05684351921081542969 0.92368531227111816406 -0.81143611669540405273
-0.76153939962387084961 -0.78141170740127563477 -0.38953128457069391422 0.30583649873733520508 -0.88900655508041381836 0.59347915649414062500
0.12095178663730619950 0.42346748709678649902 0.45871895551681518555 -0.08690400421619409732 0.17587473988533020020 -0.48833405971527099609
-0.62597882747650146484 0.31505650281906127930 0.58104139566421508789 0.74554485082626342773 0.34906530380249017886 0.92560613155365001337
-0.54858314990997314453 -0.36109480261802667789 -0.94021862745285045282 -1.33387124538421630859 -0.60897713899612426758 0.71804767847061157227
2.07368731498718261719 1.58453214168548583984 -0.20650029182434079256 -1.12702572345733642578 0.30685678124427789859 0.28141078352928161621
0.28308138251304620914 0.17018629610538479890 -0.78556740283966064453 -0.34262022376060480289 -0.77360975742340087891 -0.43711030483245849609
-1.49171400070190429688 -0.93218171596527099609 0.17935203015804290771 0.79080832004547119141 -0.52286803722381591797 0.08201000839471810078
-1.57747125625610351562 -1.43991732597351074219 -1.06314134597778320312 -0.89681798219680786133 -0.92510288953781116827 -0.35244905948638910465
0.60028225183486938477 -0.30257356166839599609 -0.43735173344612121582 -1.63702940940856911389 -0.39290833473205560855 -0.50058650970458984375
-0.43783149123191827945 -1.16662311553955078125 -0.84443354606628417969 0.13048605620861050691 -0.59050065279006958008 0.63527292013168334961
-0.44039955735206598453 -0.46762958168983459473 -0.70735698938369750977 -0.21802268922328948975 -0.65962183475494384766 0.95950144529342640265
-0.18465331196784970369 0.09777963906526560001 -1.49589157104492209704 -1.27433061599731445312 -1.23925614356994628906 0.46344256401062011719
1.68734967708587646484 1.46972894668579101562 1.57886493206024169922 0.61646515130996704102 2.25549888610839843750 1.84760403633117675781
-0.57730031013488769531 -0.56324160099029541016 0.26352307200431818179 0.00963771529495710023 -0.19952191412448880281 0.68412101268768310547
1.87489402294158913342 1.59842288494110107422 0.75603824853897094727 -0.51990491151809692383 1.19936561584472656250 0.88363021612167358398
0.65221321582794189453 0.20724685490131369847 -1.37725448608398437500 -1.51041710376739501953 -1.38860476016998291016 -1.40838193893432617188
1.10951066017150878906 1.57212316989898681641 -0.32010903954505920410 -1.30773925781250000000 -0.03206458315253250119 -0.25454908609390258789
-0.12904590368270871248 -0.58076775074005126953 -0.46061086654663080386 -1.31227529048919677734 -0.65531086921691894531 0.15502634644508359041
1.39869666099548339844 1.18758237361907958984 0.58092427253723144531 0.42650309205055231265 0.85745209455490112305 0.15768021345138549805
0.36897876858711242676 0.65864551067352294922 0.56484252214431762695 0.78891110420227050781 0.38454154133796691895 -0.88771927356719970703
-1.11829400062561035156 -0.98866301774978637695 -0.37219974398612970523 -0.95220625400543201788 -0.72838443517684936523 -0.14164747297763818912
-0.04542554542422289759 -0.90801900625228881836 -0.13881911337375640869 1.60964405536651589124 -0.18015241622924799136 1.28956270217895507812
-2.11744070053100585938 -1.50395596027374289783 -1.18595612049102783203 -1.28353548049926757812 -0.74169743061065673828 -0.56880342960357666016
1.64194047451019287109 1.32037591934204101562 -0.19052796065807339754 -1.35329949855804443359 0.31193152070045471191 0.06720619648694990678
-0.46090555191040039062 -0.19274534285068509187 -1.37722611427307128906 -1.57375752925872802734 -0.90636926889419555664 0.67360633611679077148
1.29720795154571510999 1.36638557910919189453 0.42532134056091308594 -0.07055355608463280415 0.30731642246246337891 -0.02463040128350249894
-0.95076376199722278937 -0.37510389089584350586 -0.16687799990177148990 0.79497301578521728516 -0.41709184646606439761 1.22587072849273681641
-1.66927433013916015625 -1.40788292884826660156 -0.47706156969070429019 -0.72136217355728149414 -0.69864654541015625000 -0.54473531246185302734
0.38158938288688659668 0.70878213644027709961 0.16441057622432708740 -0.09983974695205680150 0.01349067781120530038 -1.59065556526184082031
0.26585456728935241699 0.26019316911697387695 -0.67716813087463378906 -1.32260525226593017578 -0.90134185552597034796 -0.97182917594909679071
-0.03491449728608130021 -0.55139076709747314453 -0.61549776792526245117 -0.65353339910507202148 -0.88288879394531250000 0.72783172130584716797
1.59178447723388671875 0.98969483375549316406 1.28950583934783935547 0.56422853469848632812 1.53935265541076660156 0.19254013895988458804
0.79507637023925781250 1.38267874717712402344 0.31108394265174860172 -0.75664818286895751953 0.29488465189933771304 -1.50605940818786621094
1.44680798053741455078 1.48386812210083007812 1.79348504543304443359 0.93895274400711059570 2.52703499794006347656 1.88268446922302246094
-1.48895668983459472656 -1.23090195655822753906 -1.20210981369018554688 -1.48403406143188476562 -0.97016656398773204462 -0.44077897071838378906
-1.07208597660064697266 -0.09026522189378730077 -0.86216676235198974609 -1.70414614677429199219 -0.70136326551437377930 0.27760571241378778629
1.16679465770721435547 1.47915291786193847656 2.90031099319458007812 1.49989306926727294922 3.12901711463928222656 2.23511123657226562500
1.43468260765075683594 0.96294206380844116211 1.12357473373413085938 1.38057315349578857422 1.77465534210205078125 0.15373790264129638672
-1.68630039691925048828 -1.76646471023559570312 -0.89411306381225585938 -0.89307999610900878906 -0.81692171096801757812 -0.66310709714889526367
-0.89776927232742309570 -1.77430093288421630859 -0.54910409450531005859 -0.54863786697387695312 -0.76533192396163940430 -0.97816014289855957031
-1.23525965213775634766 -1.00771248340606689453 -0.10717260092496870560 1.30317008495330810547 -0.57264429330825805664 0.49645805358886718750
0.75452327728271484375 0.03837796673178670015 -0.66598069667816162109 0.19803856313228598851 -0.71269530057907104492 -0.73780161142349243164
-0.36939740180969238281 -0.02621541917324059917 1.02432143688201904297 1.46823215484619140625 0.01225185580551619961 1.38471293449401855469
0.82859885692596435547 0.07492645829916000366 -0.25905027985572809390 0.36310848593711847476 0.07386190444231030550 -0.38623106479644769840
-0.29391559958457941226 -0.68198722600936889648 -0.64314019680023193359 -0.14164203405380249023 -0.74012744426727294922 0.83350050449371337891
-0.74618810415267944336 -1.44279825687408447266 -0.50104856491088867188 -1.31702411174774169922 -0.56844174861907958984 -0.57822334766387939453
1.70583903789520263672 1.28137373924255371094 1.35155546665191650391 0.40988251566886901855 1.64361679553985595703 1.44129705429077170642
0.71513277292251586914 0.52369695901870727539 -0.28205528855323791504 -0.48468720912933349609 -0.45905420184135431461 -1.64992594718933105469
0.00298085273243479986 0.05204524472355839815 -0.47172296047210687808 -1.07972002029418967517 -0.45400905609130859375 -0.18818907439708709717
-0.48189210891723627261 -1.13144540786743164062 -0.69312632083892822266 -1.09339380264282248767 -0.22528058290481559056 0.21353115141391751375
0.15435263514518729466 0.61262089014053344727 1.44860506057739257812 0.90362185239791881219 1.14597988128662109375 -0.25384110212326049805
-0.61368203163146972656 -0.43155467510223388672 0.59849870204925537109 1.26991045475006103516 -0.59611314535140991211 1.02149426937103271484
-0.46879136562347412109 0.13513675332069388646 0.22061744332313529271 0.18811346590518948640 -0.41006687283515930176 0.72330194711685180664
-0.40495538711547851562 0.01730764843523499921 -0.96239757537841796875 -0.76855927705764770508 -0.83745235204696655273 0.73032528162002563477
0.83054852485656738281 0.30747058987617492676 -0.11137372255325310444 -0.35822984576225280762 -0.24603885412216180972 -1.38886046409606911389
0.09059376269578929552 0.93618887662887562140 1.02887415885925292969 1.28377425670623779297 0.75318002700805664062 -0.68287569284439086914
-1.24182224273681640625 -0.54887706041336059570 -0.54619079828262329102 -0.01136715058237310061 -0.63395273685455322266 0.69095474481582641602
0.23697304725646969881 0.23506025969982138890 -0.15481880307197570801 -0.22443383932113639134 -0.33754348754882812500 -0.45853060483932489566
-0.43584525585174560547 -0.62021511793136596680 0.23254433274269101228 1.59555459022521950452 0.08937839418649670686 1.50841379165649391858
-1.31771230697631835938 -1.68996942043304443359 -1.03811025619506835938 1.41013014316558837891 -0.78042399883270263672 0.34358987212181091309
1.02169799804687500000 1.52321445941925048828 2.05040216445922851562 0.86171352863311767578 2.32386088371276899878 1.06702911853790283203
-0.17837406694889060277 -0.07753296941518779406 -1.25297391414642311780 -1.72336745262145996094 -1.08268225193023681641 0.56776320934295654297
0.65871894359588623047 0.63262492418289184570 -1.33073687553405761719 -1.21075952053070090564 -0.76771366596221923828 -1.59191405773162841797
-0.70189738273620605469 -0.91115671396255482062 -1.07057082653045632092 -1.57864928245544433594 -0.95578390359878540039 0.17180669307708740234
0.78583806753158569336 1.49386751651763916016 -0.31808945536613458804 -1.45966565608978271484 -0.30291756987571710757 -1.11281657218933105469
0.32455617189407348633 0.46586981415748590640 -0.50677853822708129883 -1.06227052211761474609 -0.56202495098114013672 -1.28404223918914794922
0.45137026906013488770 0.31065645813941950015 0.96772217750549316406 0.25224971771240228824 0.70074909925460815430 -0.54796832799911499023
0.80739200115203857422 0.01650093309581270040 -0.68458360433578491211 -1.24780499935150168689 -0.27359619736671447754 -0.99002087116241455078
0.78575325012207031250 1.14006435871124289783 1.97695386409759521484 1.29779934883117675781 1.93390524387359596936 -0.34587076306343078613
-0.48699694871902460269 0.12488877773284909334 -0.90775334835052479132 -1.18992090225219726562 -0.75841379165649414062 0.40165528655052179507
-2.07991003990173339844 -1.48569118976593017578 -1.01611161231994628906 1.21492314338684082031 -1.04384315013885498047 0.31827312707901000977
-1.04956793785095192639 -0.71812450885772705078 0.37667262554168701172 0.53060293197631835938 -0.27473378181457519531 0.41212728619575500488
0.29091423749923700504 0.61970895528793334961 0.30881562829017639160 -0.34716266393661499023 0.11133542656898490208 -1.38538253307342529297
-0.93422192335128784180 -1.18295824527740478516 -0.54794037342071533203 0.24502791464328760318 -0.75089818239212036133 0.17845998704433441162
-0.56964689493179321289 -1.16372787952423095703 -0.19401660561561578922 1.15031754970550537109 -0.38278624415397638492 0.74485558271408081055
2.07624268531799316406 1.72108185291290283203 0.01867010630667199911 -0.45699200034141540527 0.24408102035522460938 0.12269526720046990131
-1.51136696338653564453 -1.38332784175872802734 -0.46015954017639160156 1.24330174922943115234 -0.89710772037506103516 0.03540360927581780170
1.45601284503936767578 1.66141223907470703125 2.26231336593627974096 0.86926096677780151367 3.01878952980041503906 2.43094348907470703125
-0.23172004520893091373 -0.17494626343250269107 -0.55677992105484008789 -0.81877684593200683594 -0.53174203634262084961 0.58840173482894897461
0.83449220657348632812 0.49222862720489501953 -0.15554682910442349519 -1.21022939682006835938 -0.11143725365400310168 -1.91919541358947709497
-0.36804008483886718750 -0.69250112771987915039 -0.47559046745300287418 -0.46230226755142211914 -0.51162827014923095703 0.78809100389480590820
0.77820628881454467773 1.27176237106323242188 1.69241094589233398438 0.24382843077182769775 1.50517261028289794922 -0.85854959487915039062
-0.52908694744110107422 -0.75298440456390380859 -0.33321759104728698730 0.28623595833778381348 -0.28020292520523071289 0.93677395582199096680
-1.44433355331420898438 -1.57464015483856201172 -0.35350230336189270020 1.71658825874328591077 -0.77245783805847167969 0.36694908142089838199
0.97154152393341064453 1.37662267684936523438 1.39219367504119873047 1.11252069473266601562 1.41323077678680419922 0.11711485683917989553
0.80490535497665405273 0.86614549160003662109 0.07160177826881400365 -0.68459635972976684570 0.14603732526302329320 -1.96849620342254638672
-2.11681699752807617188 -1.61886703968048095703 -1.01342594623565673828 -0.16577534377574920654 -0.48364827036857599429 -0.36070427298545837402
-0.81647878885269165039 -0.09314236789941779393 -0.98533076047897338867 -0.33989915251731872559 -0.31980672478675842285 1.25168395042419433594
-0.78717774152755737305 -0.50509303808212280273 -0.20387195050716400146 1.31159651279449462891 -0.33959010243415832520 1.52383208274841308594
-0.02467547915875909978 -0.93935394287109375000 -0.93326371908187877313 0.20322477817535400391 -0.81363832950592041016 0.96440547704696655273
0.33664235472679138184 0.15843075513839718904 0.73052567243576049805 0.56285369396209716797 0.56144857406616210938 0.04229344055056569879
0.93243694305419921875 1.22523331642150878906 -0.56796425580978393555 -0.66742897033691406250 -0.53242254257202148438 -1.32734298706054687500
0.66983312368392944336 1.18304860591888449939 1.18641614913940429688 0.82094216346740722656 1.00234901905059792249 -1.23506224155426047595
0.25721848011016840152 -0.58361703157424926758 -0.79888844490051269531 0.07773678004741660374 -0.76297885179519653320 0.75201249122619628906
-1.62681436538696289062 -1.44925844669342041016 -1.29843831062316894531 -1.47481417655944824219 -0.71315717697143554688 -0.47077211737632751465
0.59296298027038574219 1.49759733676910400391 -0.13740757107734680176 -0.54608887434005737305 -0.25658324360847467593 -1.70131683349609375000
-0.88352131843566894531 -0.66002428531646728516 -0.40534093976020807437 -1.03395545482635498047 -0.63277447223663330078 0.13178810477256769351
-0.14554825425148010254 -0.12308207154273979878 0.03033967688679689925 0.28052949905395507812 -0.36895236372947687320 0.82654601335525512695
-1.41765785217285156250 -1.50612211227416992188 -0.73395341634750366211 1.68448138236999511719 -0.74602526426315307617 0.60828864574432373047
-1.56623494625091552734 -1.14809775352478049548 -0.07663086056709289551 0.61983644962310791016 -0.85069185495376586914 -0.20076121389865869693
-1.38181602954864501953 -0.68636721372604370117 -0.83007478713989257812 -0.69038105010986328125 -0.66979759931564331055 0.12275266647338860249
0.96100264787673961298 1.46499764919281005859 -0.13383795320987698640 -1.23783063888549804688 0.28872898221015930176 -1.01337718963623046875
-1.50925719738006591797 -1.14397168159484863281 -1.21267139911651589124 -1.20109260082244873047 -0.93687915802001964227 -0.09902749210596080431
0.80529314279556274414 0.84671485424041748047 0.13797987997531890869 -0.46698224544525140933 0.37109994888305658511 -1.84167575836181640625
-0.83713459968566894531 -1.45015907287597656250 -1.17947387695312500000 1.30883145332336447986 -0.85315394401550292969 0.54193925857543945312
0.19754606485366821289 0.66315418481826782227 -0.99427670240402221680 -1.51853096485137939453 -0.84159052371978759766 -1.38316535949707031250
0.16262392699718469791 0.08627166599035260286 -0.66179704666137695312 0.07625064253807059544 -0.57749021053314208984 0.30931884050369262695
1.44038212299346923828 1.52257764339447021484 -0.55055141448974609375 -1.47248983383178710938 -0.06759735941886900468 0.37453687191009521484
-0.36380335688590997867 -0.39012542366981500797 -0.84939181804656982422 -1.05341744422912597656 -0.36086243391036987305 0.76269578933715820312
0.75984758138656616211 0.81074774265289306641 2.01766228675842285156 1.41972994804382324219 1.64101076126098632812 -0.66842931509017944336
0.69549679756164550781 0.63589417934417724609 0.65822869539260864258 0.15921878814697260074 0.74649006128311157227 -1.75626623630523681641
0.47162410616874689273 -0.27305290102958679199 0.50984108448028564453 0.57694625854492187500 0.40011197328567499332 0.90341818332672119141
0.19007204473018640689 -0.34271487593650817871 -0.41313326358795160465 0.61011326313018798828 -0.61547547578811645508 0.99203413724899280890
0.65864914655685424805 0.16804729402065268773 1.75640070438385009766 1.67100155353546142578 1.47302949428558349609 0.34990736842155450992
-0.25922399759292602539 -0.14476004242897030916 0.69533449411392211914 0.85495305061340332031 0.43209299445152282715 1.02962100505828857422
-0.03369311615824689687 0.34046596288681030273 0.81022059917449951172 1.31797766685485839844 0.35238200426101679019 0.64427167177200317383
-0.91544860601425159796 -0.08468063175678250398 0.31268537044525140933 0.53364253044128417969 0.02452599443495270121 0.93716150522232055664
0.29296708106994628906 0.27583181858062738590 1.04630994796752929688 1.26341140270233154297 0.88180267810821533203 0.11363717168569560656
-2.12161421775817871094 -1.41431462764739990234 -1.17576670646667480469 -1.19937992095947287829 -1.19435286521911621094 -0.55003941059112548828
-1.32440483570098876953 -0.93366992473602294922 -0.66395735740661621094 -1.03532481193542480469 -0.67024326324462890625 0.23033033311367029361
0.53366285562515258789 0.49643221497535700015 0.45883470773696899414 0.29835009574890131168 0.68327039480209350586 -1.05343985557556152344
0.54280060529708862305 -0.13583855330944061279 0.46066802740097040347 -0.30732339620590209961 0.35279181599616998843 -0.36212238669395441226
0.96973603963851917609 1.11761450767517089844 -0.03949746862053869767 -0.87875640392303466797 0.04079855978488920037 -1.45035707950592041016
-0.27588236331939697266 -1.02059769630432128906 -0.32222360372543329410 1.14631628990173339844 -0.65602368116378784180 0.91287750005722034796
-1.97480893135070800781 -1.49057424068450927734 -0.87514275312423706055 0.40513330698013300113 -0.78664141893386840820 -0.10269284248352049393
1.01509785652160644531 1.46138560771942138672 0.79304480552673339844 -0.12027114629745480623 0.60524129867553710938 -0.14581233263015738744
1.38562607765197753906 1.28174591064453125000 0.40209606289863580875 0.25910815596580499820 0.60200500488281250000 0.19352218508720389623
-1.19305419921875000000 -0.73659962415695190430 0.81080663204193115234 1.18197846412658691406 -0.32251763343811029605 0.67901825904846191406
0.20882186293601989746 -0.42788356542587280273 -0.16658887267112729158 0.54059576988220214844 -0.39669251441955560855 0.62053513526916503906
0.00400228751823300012 0.47575038671493530273 1.16122639179229736328 0.62528568506240844727 0.52352225780487060547 0.00909199472516769927
-0.84735089540481567383 -0.27059340476989740543 -1.88800680637359596936 -1.68965840339660644531 -1.00537478923797607422 0.80682921409606933594
-0.33966115117073059082 -0.56290060281753540039 0.27940049767494201660 0.32889667153358459473 -0.25662446022033691406 0.79290342330932617188
0.58749741315841674805 -0.08588622510433190083 -0.08806420117616650667 -1.70067453384399391858 0.25054123997688287906 -0.46105700731277460269
-1.02636873722076416016 -0.30841740965843200684 1.23508405685424804688 0.99670517444610595703 -0.00641456060111519986 1.03413522243499755859
1.14046776294708229749 0.79918593168258666992 -0.41299608349800109863 -1.07917571067810058594 -0.08608347922563550081 -1.89720165729522705078
-0.81740057468414306641 -1.61050021648406982422 -0.37821605801582330875 0.19804179668426510896 -0.48684966564178461246 -0.37234413623809808902
-0.57660770416259765625 -0.64351993799209594727 0.49209219217300409488 0.00340900290757410003 -0.18664477765560150146 0.61177968978881835938
0.50199097394943237305 0.81815004348754882812 -0.20913557708263388890 -0.58796912431716918945 -0.47758740186691278629 -2.19998025894165039062
-0.13587148487567898836 -0.75267970561981201172 0.40294867753982538394 1.13028395175933837891 -0.07535903900861740112 1.02617514133453369141
-0.57906079292297363281 -0.75040215253829956055 -1.17353475093841552734 -1.15059208869934082031 -0.77019858360290527344 0.79937905073165893555
1.33035778999328591077 1.33974945545196510999 0.39014345407485961914 -0.26571139693260187320 0.68976271152496337891 -0.06533181667327879472
2.24053859710693359375 1.70473635196685791016 1.09222936630249023438 0.06220860034227369828 1.70103490352630615234 0.20274393260478970613
0.42859253287315368652 -0.23759225010871878880 -0.37607988715171808414 0.17612601816654199771 -0.55835026502609252930 0.12187340110540390015
0.65976369380950927734 0.91824460029602039679 -0.75361794233322143555 -1.19653260707855224609 -0.72844457626342773438 -2.33232450485229492188
0.42049843072891229800 -0.18579308688640588931 0.21364346146583548802 -0.07989598810672760010 0.08498767763376230411 0.34539842605590820312
-0.28772950172424310855 -1.02137100696563720703 -1.47404825687408447266 -1.01088058948516845703 -1.10175836086273193359 0.48511028289794921875
1.87240755558013916016 1.63479185104370117188 1.08899199962615966797 -0.14424176514148709383 1.80173838138580322266 1.63209486007690429688
-0.38779473304748529605 -1.05844664573669433594 0.16822233796119689941 0.10664927959442130345 -0.10948176681995390458 0.58094930648803710938
0.71119719743728637695 0.13036829233169550113 0.02584693022072310012 1.03920018672943115234 0.31797543168067932129 -0.35896590352058410645
-0.34267738461494440250 0.12771117687225339021 -0.61368954181671142578 -0.76638448238372802734 -0.58020085096359252930 0.29251378774642938785
-1.66716158390045166016 -1.17537474632263183594 -0.02599014341831199990 -1.45349371433258056641 -0.58150678873062133789 -0.84530174732208251953
-0.84500193595886230469 -0.06645403802394860004 -1.27131593227386474609 -0.25689578056335449219 -1.09874165058136008533 1.12048196792602539062
-0.26467865705490112305 -0.62213498353958129883 0.32127383351325988770 0.10879763215780249852 0.06069594621658320338 0.80896526575088500977
1.21649730205535888672 1.55254399776458740234 2.99365091323852539062 1.55608975887298583984 3.02931523323059082031 2.56964635848999023438
0.26028069853782648257 -0.17941151559352869205 0.71200537681579589844 0.93983548879623401984 0.34372758865356439761 0.87337678670883178711
1.82510411739349365234 1.43579101562500000000 -0.77623581886291503906 -1.43067455291748046875 -0.66012626886367797852 0.37093117833137512207
-0.77722626924514770508 -0.37645700573921198062 -0.60066133737564086914 -1.26722002029418967517 -0.99730902910232543945 0.34786245226860040836
-0.41793555021286010742 -0.48428153991699218750 -0.35469499230384821109 -0.87963110208511352539 -0.42045584321022028140 0.53174668550491333008
-0.19078063964843750000 0.90403604507446277960 -0.13270792365074149388 -1.36445116996765136719 -0.29405421018600458316 -1.47893309593200683594
-1.00420570373535156250 -0.98637241125106800421 -0.86074954271316528320 0.82684117555618286133 -0.77134203910827636719 0.83745241165161132812
1.19848847389221191406 0.85061091184616088867 1.24092984199523925781 0.12728391587734219637 1.39474475383758544922 -1.00196290016174316406
0.58404153585433959961 0.30539843440055841617 1.22462105751037597656 1.16327702999114990234 1.20980167388916015625 -0.36502969264984130859
-1.93785595893859841077 -1.67724323272705078125 -2.02801418304443359375 0.56369340419769287109 -1.06795549392700195312 0.72655218839645385742
-0.78721636533737182617 -0.32229784131050109863 0.30653956532478332520 0.27211496233940118961 -0.55105024576187133789 0.89698940515518188477
-0.91143673658370960577 -1.67778337001800537109 -0.84991866350173950195 1.00323879718780517578 -0.60560691356658935547 0.03362062945961950128
0.13501775264739990234 0.13862790167331690006 -0.04773015156388280000 -0.71914482116699218750 0.22970491647720331363 0.00837045162916180002
0.95709717273712158203 0.82015395164489746094 0.25391414761543268375 -0.85500121116638183594 0.60945725440979003906 -1.59740412235260009766
0.41996908187866210938 -0.59514355659484863281 -0.88177037239074707031 -0.45377185940742492676 -1.13345694541931152344 0.60013985633850097656
-1.14908528327941894531 -1.43477427959442138672 -0.64420443773269653320 -0.81504976749420166016 -0.65788394212722778320 -0.15713748335838309544
0.65696012973785400391 0.63930708169937133789 0.02013129368424410037 -0.22539284825325009431 -0.13969627022743219547 -1.96310746669769287109
-1.56602072715759277344 -1.25134265422821044922 -1.79453444480895996094 -1.14499914646148681641 -1.27938771247863769531 0.16370190680026999730
0.28996452689170837402 1.07816004753112792969 1.34635996818542480469 0.18086557090282440186 0.80490708351135253906 -1.69663131237030029297
1.28132379055023193359 1.53076303005218505859 1.37522196769714355469 0.69756692647933959961 1.78894960880279541016 1.26189994812011718750
-0.46702745556831359863 -0.50007867813110351562 0.19498947262763968724 1.35498940944671630859 -0.16844442486763000488 1.18619453907012939453
0.51311641931533813477 0.12401118874549860172 1.94522893428802490234 1.73531997203826904297 1.48557507991790749280 0.54154604673385620117
0.10465379059314719457 0.08687128871679300479 -0.14976553618907920140 0.01935610361397260143 -0.44025427103042602539 0.03390735760331149706
1.38741040229797363281 0.99602675437927234992 -0.87953591346740722656 -1.51810252666473410876 -0.70504838228225708008 -1.55164933204650878906
-0.40913265943527221680 -0.64440667629241943359 0.20555081963539120760 0.04379824921488759820 -0.22152717411518091373 1.08995234966278076172
1.78775763511657714844 1.13863134384155273438 0.17727221548557278719 -0.44369885325431818179 0.68169510364532470703 0.49981880187988281250
0.06388957053422919530 -0.39888978004455560855 0.19311457872390738744 1.69082844257354736328 -0.15193343162536621094 1.64712274074554443359
1.85599637031555197986 1.44988214969635009766 1.27460634708404541016 0.87256056070327758789 2.17411398887634277344 1.96236062049865678247
-0.49183934926986688785 -0.49481442570686340332 0.33479991555213928223 0.46907344460487360172 -0.44789230823516840152 0.66214680671691894531
-1.27619779109954833984 -1.37941396236419677734 -1.20530652999877929688 1.21566307544708229749 -1.02175366878509521484 0.69719111919403076172
0.14884664118289939183 -0.40092191100120538882 -0.90783703327178955078 -1.66003024578094482422 -0.58856499195098876953 0.35342919826507568359
-1.43671560287475608142 -1.67746901512145996094 -1.43940174579620361328 1.33387124538421630859 -0.78552216291427612305 0.52530348300933837891
1.37980902194976806641 1.17414414882659912109 -0.99656343460082996710 -1.42808592319488525391 -0.99027520418167125360 -0.82157045602798461914
1.86981940269470192639 1.67237520217895507812 0.05488467961549749891 -0.48433706164360040836 0.79999029636383056641 0.85444760322570800781
0.10074666887521739611 0.00127599772531530008 1.19331490993499755859 1.63181424140930175781 0.90505135059356678351 1.24225425720214843750
1.40051734447479248047 1.21322715282440207751 1.34987652301788330078 0.44297283887863159180 1.78560948371887207031 0.96206641197204600946
-0.08768316358327860049 0.20952048897743219547 0.88446676731109619141 0.27790066599845880679 0.22214947640895840730 0.25674337148666381836
1.25788378715515136719 0.77903866767883300781 0.54202771186828613281 -0.12667900323867789525 1.03010070323944091797 -1.33887779712677001953
0.07436212152242660522 -0.51867538690567016602 -0.53250348567962646484 -0.73908394575119018555 -0.85123115777969360352 0.58364158868789672852
0.73950433731079101562 1.02114808559417724609 1.21726715564727783203 0.70798540115356445312 1.33300495147705078125 -1.13554406166076660156
-0.78260177373886108398 -1.64527845382690429688 -0.75951558351516723633 -0.44120919704437250308 -0.69253790378570556641 -0.54733908176422119141
0.54451823234558105469 0.66961193084716796875 -0.24998106062412259187 0.21062807738780969791 -0.26665782928466791324 -1.54399776458740234375
-0.17640696465969080142 -0.51876467466354370117 0.16304983198642730713 1.54315924644470192639 0.07942852377891540527 1.43329179286956809314
-1.31428492069244384766 -0.90963250398635864258 0.19649736583232879639 0.70430827140808105469 -0.24690586328506469727 0.40073689818382257632
-0.32285967469215387515 -0.20831733942031860352 0.03440111130475990292 -1.16844892501831032483 -0.53012406826019287109 0.21971322596073150635
-1.68912661075592041016 -0.88751083612442016602 0.04298499599099150220 0.25851491093635559082 -0.37153384089469909668 0.22558909654617309570
0.86278444528579711914 0.95774757862091064453 -0.66473883390426635742 -1.25336790084838889392 -0.58319181203842163086 -2.27842211723327636719
1.45261430740356445312 1.37119662761688232422 1.80639064311981201172 0.59992080926895141602 1.91463983058929443359 1.37097764015197753906
-0.35002028942108148746 -1.57077455520629882812 -0.75568479299545288086 -0.09577209502458569612 -0.51953983306884765625 -0.07509301602840419421
-0.79217845201492309570 -1.00956153869628906250 -0.79256308078765869141 -1.07469463348388671875 -0.94644987583160400391 -0.08162621408700940218
0.77315258979797363281 1.65813374519348144531 2.45037889480590820312 1.48714804649353049548 2.05283546447753906250 0.66540467739105224609
1.32065141201019287109 1.33285212516784690173 0.55574363470077514648 -0.49397075176239008121 0.89015537500381469727 0.03003983944654459864
0.89182239770889282227 1.47580122947692871094 0.44045978784561157227 -0.02149543166160580027 0.00341191422194240005 -0.82224935293197631836
-0.15200693905353540591 -0.36757087707519531250 -1.31479966640472389905 -1.29763805866241455078 -1.25024497509002685547 0.56803101301193237305
-0.59576338529586791992 -0.19708612561225891113 0.01624428853392599972 1.50387966632843017578 -0.49869433045387268066 1.63124501705169677734
0.68635183572769165039 1.37685835361480712891 1.31278252601623535156 0.10359562933444969868 0.95207613706588756219 -1.15229713916778564453
-0.36343875527381891422 -0.41777914762496948242 -0.82602745294570922852 -0.64174139499664306641 -0.78747117519378662109 0.62739890813827514648
1.27312922477722167969 1.35624778270721435547 2.61976957321166992188 1.48117399215698242188 3.13194012641906738281 1.84771275520324707031
-1.08590912818908691406 -0.77752238512039184570 -0.79383784532546997070 0.11373841017484659366 -1.16071903705596923828 0.51693290472030639648
1.96829724311828591077 1.68856179714202880859 0.26647952198982238770 -1.18432617187500000000 0.69245582818984985352 0.38873180747032159976
-0.81857943534851074219 -1.19325339794158935547 -0.20195102691650390625 1.67015671730041503906 -0.17610876262187949437 1.01757586002349831311
-1.70152866840362571033 -1.71016085147857688220 -1.11549544334411621094 -0.81796962022781372070 -1.01202583312988281250 -0.70714873075485229492
0.78662574291229248047 1.30580055713653564453 0.99700313806533802374 0.12983566522598261050 0.79487115144729614258 -1.49562394618988037109
0.43712869286537170410 1.00351834297180175781 1.63563835620880126953 1.24824154376983642578 1.35448384284973144531 -1.01827895641326904297
-0.30945619940757751465 -1.30614268779754638672 -0.99609327316284179688 -0.78325814008712768555 -1.08153188228607177734 -0.11950243264436720414
0.08129924535751339998 0.01768366433680049893 0.57667577266693115234 0.87174195051193237305 -0.22037562727928158846 0.32323822379112238101
-1.37608551979064941406 -1.60290300846099831311 -1.32119762897491455078 -1.71143209934234619141 -0.96738278865814197882 -0.63024246692657470703
-2.05944132804870605469 -1.70593619346618630139 -1.22839343547821044922 -0.30576461553573608398 -0.68475687503814697266 0.05546454340219490048
1.85277903079986550061 1.61647605895996093750 0.38447028398513788394 -0.34347832202911371402 0.78243768215179443359 1.08723974227905273438
-0.53903204202651977539 0.02378492616116999886 0.67802631855010986328 1.59571969509124755859 0.31633517146110529117 1.59819960594177246094
-0.12802207469940179996 -0.38150647282600397281 -1.09629654884338378906 -0.73573678731918334961 -0.74563336372375488281 0.88285136222839355469
-0.89169710874557495117 -1.07336854934692382812 -0.93772995471954356805 -1.58367884159088112561 -0.43707722425460809879 -0.32488167285919189453
0.25936079025268549136 0.38864043354988098145 -0.58542746305465698242 -0.49961465597152709961 -0.72918635606765747070 -1.01351559162139892578
-0.14582329988479608707 -0.69785028696060180664 -0.63690239191055297852 1.13586330413818359375 -0.83872210979461669922 1.40192902088165283203
0.48063752055168151855 0.39695248007774347476 0.33409360051155090332 -0.18382267653942099828 0.17545880377292630281 -0.77171951532363891602
0.37352782487869262695 0.52254176139831542969 -0.15911245346069330386 0.33099383115768432617 0.01308974158018819979 -0.95641005039215076788
1.01256883144378662109 1.44685852527618408203 0.13775642216205591373 -0.88511139154434204102 0.46899008750915527344 -0.72701913118362426758
0.65909540653228759766 0.73483324050903320312 1.42343676090240478516 0.74526453018188476562 1.18448817729949951172 -1.23062014579772949219
0.91228151321411121710 1.27728629112243630139 2.58623075485229492188 1.08887982368469238281 2.62196183204650878906 0.40352395176887512207
0.30009430646896362305 0.90260672569274902344 1.30424869060516357422 0.52174997329711914062 0.95664894580841064453 -1.32321774959564208984
-0.07217238843441009521 -0.80852073431015014648 -0.64729779958724975586 0.24374446272850031070 -0.49595487117767328433 0.89819264411926269531
-1.30546414852142311780 -1.01925623416900634766 -0.38009265065193170718 0.51014906167984008789 -0.74824756383895874023 0.35863628983497619629
0.75911217927932739258 0.31162983179092407227 0.48985004425048828125 0.13280645012855529785 0.71803516149520874023 -0.85723823308944702148
1.07697534561157248767 1.15620911121368408203 2.14386940002441406250 1.56170082092285156250 2.23220419883728027344 0.76106697320938110352
1.15789496898651123047 1.52646887302398681641 1.76380407810211181641 -0.26572519540786737613 2.06320548057556107935 0.80528599023818969727
-0.34055662155151361636 -0.41082969307899469547 -0.27918741106986999512 -0.27469617128372192383 -0.30896911025047302246 0.73583692312240600586
-0.79734772443771362305 -1.49195015430450439453 -0.97418427467346202508 -0.69035953283309936523 -0.86843818426132202148 -0.23572371900081628970
0.28881746530532831363 1.09771513938903808594 0.41234412789344787598 -0.06803473830223079333 0.34740144014358520508 -1.77552139759063720703
0.32170349359512329102 -0.28618955612182611636 -0.93194121122360240594 0.21132008731365201082 -0.90259641408920276984 0.80084699392318725586
-2.18535590171814009253 -1.29463350772857688220 -0.80914217233657836914 -1.72821915149688720703 -0.84662884473800659180 -0.91801369190216064453
-0.05332586169242849866 -0.30032044649124139957 0.48057219386100769043 -0.06313464790582649921 0.12552723288536069002 0.41588675975799560547
1.36294054985046408923 0.94455528259277343750 -0.29848185181617731265 -0.73660838603973388672 0.05681547522544860146 -1.11882615089416503906
1.12152838706970192639 0.61491686105728149414 0.89895325899124145508 0.14724923670291900635 1.28827273845672607422 -1.27940011024475097656
-0.72539484500885009766 -1.66295397281646728516 -0.63446402549743652344 0.38326984643936157227 -1.11221182346343994141 -0.48862528800964349918
0.99234873056411743164 0.35351452231407159976 1.93525624275207519531 1.59449076652526855469 2.30834317207336425781 0.01167235244065520025
-1.00057399272918701172 -1.19511806964874289783 -0.33008480072021478824 1.11616146564483642578 -0.50538855791091918945 0.46279260516166681461
0.54069262742996215820 0.03708995878696440263 0.10574489086866370458 -0.40886545181274408511 0.23895023763179779053 -0.50123983621597290039
-0.14667652547359461002 -0.40980160236358642578 0.72494155168533325195 1.44599354267120361328 0.40062466263771051578 1.46050655841827392578
-0.09856529533863060688 -1.08062195777893088611 -0.36294233798980707340 0.54812818765640258789 -0.65530467033386230469 0.73494821786880493164
0.43006002902984619141 0.73863434791564941406 1.26717174053192138672 0.67585003376007080078 0.92557960748672485352 -1.15975093841552712171
0.33843556046485900879 -0.02502487041056149913 -0.66881096363067626953 -1.17503559589386008533 -1.14037823677063010486 -0.73747193813323974609
-1.17395830154418967517 -1.50353527069091796875 -0.99719506502151478156 -0.47263029217720031738 -1.11981022357940673828 -0.36748299002647399902
-0.82587713003158569336 -0.82483816146850585938 -0.03527533635497089731 -0.00016859632160040001 -0.41826063394546508789 0.42947870492935180664
-0.99309712648391723633 -0.23210614919662470035 0.22660088539123529605 -0.10762570798397060046 -0.47808265686035150699 0.30287313461303710938
0.40065160393714899234 0.40568220615386957340 0.61339414119720458984 0.22431372106075281314 0.63827824592590332031 -1.05490005016326904297
0.56798529624938964844 0.69994616508483886719 -0.84691816568374633789 -0.73894530534744262695 -0.57069724798202514648 -1.90080118179321289062
-0.79699158668518066406 -1.59624445438385009766 -0.68439245223999023438 1.07145249843597389905 -0.86944991350173950195 0.11382920295000069355
-1.52594077587127685547 -1.36366569995880126953 -1.44414627552032470703 -0.13571284711360928621 -0.81618249416351318359 0.47155296802520751953
1.02196311950683593750 1.71147036552429199219 -0.08058656752109520649 -1.18078351020813010486 0.10828255861997600207 -0.33951997756958007812
-1.49082660675048850329 -1.42323434352874755859 -0.46843653917312622070 -0.03153057768940920047 -0.94634938240051280633 -0.30040374398231500797
0.21874208748340601138 1.43137097358703591077 2.02663660049438476562 1.36746537685394287109 1.52847445011138916016 -0.53463160991668701172
0.04541714116930960221 0.46076041460037231445 2.15119314193725585938 1.62755763530731201172 1.37923681735992431641 0.92081135511398315430
-1.27697479724884033203 -0.89026546478271484375 -1.09916305541992209704 -1.10176157951354980469 -0.87051486968994140625 -0.03998687118291850001
0.64051473140716552734 0.28963327407836908511 0.50802952051162719727 0.29480063915252679996 0.67637664079666137695 -0.79541134834289550781
0.06376855075359340319 0.54701203107833862305 -0.43781974911689758301 -0.64008325338363647461 -0.33233943581581110172 -0.87502932548522949219
1.79679059982299804688 1.52214682102203369141 -0.00703294435515989993 -1.44408988952636718750 0.48487642407417297363 0.66333633661270141602
-1.14007735252380371094 -1.15459835529327392578 -0.40747115015983581543 1.57239198684692382812 -0.75209563970565795898 0.73281598091125488281
1.61816465854644775391 1.42992675304412841797 1.02558279037475608142 0.11583493649959560046 1.57792675495147705078 1.55848193168640136719
-0.82042515277862548828 -1.32428014278411887439 -0.33987113833427429199 0.82595062255859375000 -0.22098711133003229312 0.43720760941505432129
-1.23409175872802712171 -0.41014817357063287906 -0.78704982995986938477 -1.09452486038208007812 -0.69028729200363159180 0.38540714979171747379
0.66923719644546508789 1.10558617115020751953 -0.50288313627243041992 -0.71918344497680664062 -0.12942828238010400943 -1.99539923667907670435
0.02759995684027670079 -0.67089575529098510742 0.60189121961593627930 1.19025814533233642578 0.05341779068112369883 1.35291624069213889392
0.36791557073593139648 0.44662046432495111636 0.55096137523651123047 -0.00018898118287319999 0.49751174449920648746 -0.93421310186386119501
-0.66479229927062988281 -0.76064544916152954102 -1.02883195877075195312 -1.06251692771911621094 -0.45929703116416931152 0.38415560126304620914
1.22696936130523681641 0.59357303380966186523 1.94084429740905761719 1.29258167743682861328 2.46722888946533203125 -0.25555109977722167969
0.75307011604309082031 1.41773247718811035156 0.08797293156385420365 -0.05453415587544439835 0.03615144267678260109 -1.15740275382995605469
0.75274366140365600586 1.10106158256530761719 0.94094330072402965204 0.18742285668849939517 0.62963372468948364258 -1.47282767295837402344
0.99687892198562622070 0.54417407512664794922 1.07505047321319580078 0.92808139324188243524 1.18193483352661110608 -1.21334517002105712891
