-1.44563627243041992188 1.29893624782562255859 -0.48530381917953491211 1.64608240127563476562 0.15977634489536279849 0.39685252308845520020 -1.73951542377471923828 0.74258607625961303711 -1.12491893768310569079 -1.42087042331695556641 -0.09423729777336120605 0.02968407422304149973 1.21420311927795410156 -0.38241136074066162109 -1.06005775928497314453 1.05206668376922607422 -1.63028287887573242188 -0.30596196651458740234 0.11836892366409300370 1.56037127971649169922 0.75021773576736450195 0.74053275585174560547 -0.15981158614158630371 0.44190454483032221011 -0.08879462629556650333 -0.12976835668087000064
0.69829213619232177734 1.74060595035552978516 1.32495629787445090564 -0.80169624090194702148 0.99643683433532714844 0.01322314422577610012 1.07664763927459716797 0.72790771722793579102 -0.58277249336242675781 -0.61556661128997802734 1.37805151939392089844 0.37118586897850031070 -1.05082225799560569079 0.70607167482376098633 -0.72911697626113891602 -1.03428423404693603516 0.95092767477035522461 1.75010347366333007812 0.07452996075153349442 0.12888050079345700349 1.35369050502777099609 1.58736622333526589124 -1.30259692668914794922 -1.28927052021026589124 1.02839100360870361328 0.72390300035476684570
0.37061867117881769351 1.01547241210937500000 0.49248045682907098941 -1.68160748481750488281 0.79919689893722534180 1.37088966369628906250 0.27296510338783258609 0.26350167393684381656 0.93188905715942382812 0.13500498235225669164 -0.27456647157669067383 0.04513025656342500164 -1.19509255886077880859 1.73015427589416503906 -1.16908717155456542969 -0.88756942749023437500 -1.49262571334838889392 0.62869906425476074219 0.34781336784362787418 1.12252163887023925781 -0.19253492355346679688 -0.45747700333595270328 0.48535680770874017886 0.55613982677459716797 -0.72822636365890502930 -0.03097250126302239850
-1.46315467357635498047 -1.21687722206115722656 -0.85700464248657226562 -0.93988937139511119501 1.65192925930023193359 0.25117048621177667789 -0.08129119873046869449 -1.19991612434387207031 0.67599582672119140625 0.38686019182205200195 0.39249029755592340640 -0.61249279975891113281 -0.38564616441726679019 -1.31464135646820090564 -0.54432064294815063477 1.45651841163635231702 -0.67036944627761840820 0.44887417554855341129 -1.65251863002777099609 1.22150731086730957031 -0.31658327579498291016 1.50559401512145996094 0.68827879428863525391 0.80908024311065673828 -1.32585418224334716797 -1.09903216361999511719
0.41668486595153808594 -1.60719084739685058594 -0.22811183333396908846 0.44750836491584777832 -1.40366864204406738281 0.55344188213348388672 1.29801285266876220703 0.77374267578125000000 0.80882167816162109375 -0.72808790206909179688 0.12610334157943720035 -1.68313205242156982422 1.12480616569519042969 0.97026002407073963507 -1.12137866020202636719 -1.14084899425506591797 -0.12468595057725899433 1.76534485816955566406 1.02312755584716796875 0.26561722159385681152 -1.60257947444915749280 -0.72841173410415649414 -0.30314218997955322266 1.27612674236297607422 -0.76990127563476562500 -1.23975765705108642578
-0.99956810474395763055 -0.49925836920738220215 0.71444499492645263672 -0.02111137285828590046 -0.77489387989044189453 -0.52099496126174926758 0.53537917137145996094 -1.06428873538970969470 1.34507226943969726562 0.06996955722570419312 0.12294927984476089478 0.69094872474670410156 1.15711724758148193359 1.13545942306518554688 -1.40819537639617919922 -0.59205335378646850586 0.39551386237144470215 -0.81449925899505615234 -0.85127061605453491211 0.86974674463272094727 -1.14855253696441650391 1.68816542625427246094 -1.02006864547729492188 -0.52049171924591064453 0.04981344565749160069 -1.15321075916290283203
-0.65596812963485717773 1.74593210220336914062 0.61206114292144775391 -1.23783588409423850329 0.70822715759277343750 1.40014791488647460938 -1.04066085815429687500 1.27426540851593017578 -1.18459045886993408203 -1.18228495121002197266 0.81886959075927734375 0.54322540760040283203 -0.89794665575027465820 -0.40607967972755432129 0.56303638219833374023 1.65159595012664794922 1.37615942955017089844 1.67328453063964843750 1.41632735729217529297 0.83175534009933471680 0.57505977153778076172 -1.24921762943267822266 0.78973287343978881836 -0.47727197408676147461 -0.31079104542732238770 0.29166403412818908691
-0.46597251296043390445 1.03070819377899169922 -1.46366500854492209704 -0.69616091251373291016 0.65644133090972900391 -1.66694951057434082031 0.84420669078826904297 1.20575845241546630859 1.46405935287475608142 0.68079823255538940430 -1.46569526195526123047 0.86610043048858642578 -0.42094773054122919254 -0.15761937201023099031 0.35885983705520629883 1.36181449890136718750 -1.33573842048645019531 0.08459633588790889391 -1.49705660343170166016 -0.02061343938112249891 -0.07767220586538310656 1.46275746822357177734 -0.60185962915420532227 0.63793498277664184570 -0.41723373532295221500 0.71934229135513305664
-1.70969331264495849609 1.19107341766357421875 -1.03877198696136474609 -1.56024634838104248047 -0.37471973896026611328 0.50304269790649414062 0.96699577569961558954 0.34729409217834472656 0.16539369523525229710 -0.97064161300659179688 0.94463711977005004883 -1.63730704784393310547 -0.11290095746517180009 1.52917945384979248047 0.22701476514339438695 -0.63039952516555786133 -0.86480295658111572266 -1.79403066635131835938 -1.46230876445770263672 0.63842880725860595703 0.21145190298557278719 1.43923461437225341797 -0.02620357461273669850 1.41767024993896484375 1.44482898712158203125 -2.06220459938049316406
-0.00621903687715529962 1.14208137989044189453 -0.33286476135253900699 0.77912765741348266602 -0.18318805098533630371 0.20641139149665829744 0.66668111085891723633 -0.64921635389328002930 0.72000592947006225586 0.67362672090530395508 -0.27709698677062988281 -1.34242093563079833984 -1.76092970371246337891 0.19487640261650079898 -0.64497375488281250000 -1.20927858352661110608 0.75769722461700439453 -1.56466102600097656250 0.25092214345932001285 -1.31043338775634765625 -1.04771304130554199219 -1.70816743373870849609 0.26594665646553039551 0.06846187263727179784 0.83666580915451049805 1.02676570415496848376
-1.72783899307250976562 -0.36062991619110107422 -0.13427501916885370425 0.01475034095346920010 -0.29686495661735529117 -0.48871710896491998843 -0.01950610056519500035 1.46526694297790527344 -0.58971911668777465820 0.31249830126762390137 0.21536307036876670140 -1.23933172225952170642 -1.05475294589996337891 -1.02815687656402610095 -0.27722817659378051758 0.92112392187118519171 -0.30802068114280700684 0.58138155937194824219 -0.04927748441696160053 0.31221956014633178711 0.94906771183013916016 0.06773675233125679707 -0.58571887016296386719 -0.71931368112564086914 -1.38275444507598876953 -0.99113816022872924805
0.71224093437194824219 0.30471628904342651367 -0.18951994180679321289 -0.05498605221509930002 -1.33611679077148437500 -1.31861817836761474609 -1.17333996295928955078 1.25829160213470458984 -0.54566943645477294922 -0.46217885613441467285 -1.34675455093383789062 1.65325427055358886719 1.31080758571624755859 -1.29968392848968505859 -0.60998970270156860352 -0.07699268311262129350 0.13146974146366119385 -0.84661459922790527344 1.07982599735260009766 -0.82472699880599975586 -1.34951508045196510999 -1.49861764907836914062 -0.32938328385353088379 0.86979842185974121094 0.92108994722366321906 0.01511336117982860043
-0.20561863481998440828 -1.37780284881591796875 1.62345683574676513672 0.39010325074195861816 1.07851123809814430921 1.34636175632476806641 -0.35675036907196039371 0.87056005001068115234 -0.12126947194337840685 -1.44761466979980490954 -0.34145882725715631656 0.16433922946453088931 0.72196543216705322266 -0.03728749975562090091 -0.11309719830751409353 0.05821450427174559850 1.64073967933654807361 1.59524381160736083984 1.71997594833374023438 1.42471098899841308594 -1.29499185085296630859 1.27208614349365234375 1.65128159523010231702 -0.53423225879669189453 -0.18625901639461509007 0.28011769056320190430
0.37243944406509399414 0.95095127820968639032 1.23830103874206542969 -1.37232327461242675781 -1.38587927818298339844 0.53132832050323486328 -1.41219913959503151624 1.43050527572631835938 0.26054936647415161133 -0.00787894800305359924 -0.30399718880653381348 0.43818393349647521973 1.13144922256469726562 -1.17371499538421630859 -0.04710322245955460285 0.37565150856971740723 -0.64524275064468383789 -0.53802663087844848633 -1.53157639503479003906 0.60430461168289184570 1.18610405921936035156 -0.38133871555328369141 -0.93565559387207042352 -0.69968760013580322266 -0.42341423034667968750 -0.02339273504912850118
-1.47039163112640380859 0.70455873012542724609 0.47313386201858520508 -0.67465740442276000977 -1.21993267536163330078 -0.31121611595153808594 -0.88970762491226196289 -0.71564960479736328125 1.37557005882263183594 -1.22365105152130126953 -0.07323457300662990221 -1.03862953186035156250 1.45840764045715309827 -1.27561044692993164062 -1.21072804927825927734 -0.04011757299304000157 -1.37038743495941162109 0.56613892316818237305 -0.56226217746734619141 -0.11835761368274680394 0.93589550256729114874 -0.76005280017852783203 1.53851020336151123047 -0.81585365533828735352 1.32103145122528076172 -1.78362321853637695312
-0.86153686046600341797 0.68728119134902954102 -1.57109200954437255859 1.44763576984405517578 0.68715423345565795898 -0.22842717170715329256 -1.32980883121490478516 1.64108800888061523438 0.79640030860900878906 -0.23786905407905578613 -1.45699739456176757812 0.41141408681869501285 1.17554545402526855469 -1.58553647994995117188 0.83684200048446655273 0.37786564230918878726 1.31123566627502441406 -1.75016891956329367908 1.43766975402832031250 1.30474054813385009766 0.33128368854522699527 -1.57347857952117919922 0.73183137178421020508 1.14133751392364501953 -0.53592872619628906250 1.10579156875610351562
-0.43050509691238397769 1.08300220966339111328 -0.21774953603744501285 -0.15200065076351160220 -0.54700404405593872070 1.09348535537719726562 -1.65270960330963112561 0.82946139574050903320 0.96861976385116577148 0.53765457868576049805 -0.92550587654113758429 0.13146439194679260254 -0.66820919513702392578 -1.58558630943298339844 -1.53266739845275878906 -0.20925237238407129459 1.44226074218750000000 1.46042549610137939453 0.02223131246864790134 1.03442847728729248047 1.41798818111419677734 0.52175509929656982422 0.32305920124053949527 -0.05490393564105029711 -1.27349865436553955078 -0.17336952686309808902
0.01048804074525830007 1.24886775016784690173 0.91012734174728404657 1.10367131233215309827 1.51523900032043457031 1.57703888416290283203 -1.54303705692291259766 1.67615139484405517578 -0.83635544776916503906 -1.64683747291564941406 -1.34763669967651367188 0.38409861922264099121 0.44360044598579401187 1.61916291713714599609 -0.64216315746307373047 1.51545369625091552734 -0.50159037113189697266 -1.11892604827880859375 -0.37496280670166010074 -0.20192852616310119629 -0.07136383652687069978 0.83616018295288085938 -1.42070174217224121094 -0.02895900234580039978 -1.33916759490966796875 2.08561420440673828125
0.49722898006439208984 -0.43549373745918268375 -1.70591950416564941406 1.04681885242462158203 -1.08306610584259033203 -0.40775352716445917300 -0.09918848425149910664 1.35823881626129150391 1.67451512813568115234 0.57391840219497680664 -0.18500374257564539127 0.13966520130634299535 -1.24675250053405761719 0.29874503612518310547 -1.71144700050354003906 -1.71979856491088889392 1.35232245922088623047 -0.86210066080093383789 0.32621768116950988770 -0.05673069134354589982 0.54375934600830078125 0.11529996246099470658 -0.60174524784088134766 0.91561782360076904297 0.63024926185607910156 0.88722759485244750977
-1.70195508003234863281 -1.44416856765747070312 -0.73252743482589721680 -1.54749000072479248047 1.00408995151519775391 -1.65919756889343261719 -0.58428406715393066406 -0.26668539643287658691 -0.20576713979244229402 -1.00356316566467285156 -0.10662622749805450439 0.40135324001312250308 -0.56311434507369995117 1.59588551521301269531 -0.78027403354644775391 -0.06261505186557769775 1.36882829666137695312 0.67088407278060913086 -1.65841114521026589124 0.13590835034847259521 -1.54066395759582519531 1.59026598930358886719 -1.25475609302520751953 -0.77537316083908081055 -1.40315043926238991467 -1.81290364265441894531
-0.33014723658561700992 -0.53213560581207275391 1.60021018981933593750 0.84978133440017700195 -0.54738557338714599609 -0.66257345676422119141 0.70328491926193237305 0.53508126735687255859 0.20303089916706079654 1.23592543601989768298 -0.12151408195495599918 0.86596310138702392578 0.84335792064666748047 0.05152656510472290036 0.16513191163539880923 -1.57389426231384277344 -0.09885515272617340088 -0.35708537697792047672 -1.27699577808380126953 0.06748038530349730058 0.86811572313308715820 1.72383832931518554688 -0.91422599554061878546 -1.46431100368499755859 -1.41717314720153808594 0.66809821128845214844
0.84049558639526367188 -0.90101838111877441406 1.55866444110870361328 1.77083325386047363281 -1.63008904457092285156 -0.91423982381820678711 -0.24128997325897211246 0.69213873147964477539 -1.25788676738738991467 -0.58182716369628906250 -0.46898001432418817691 -0.23977412283420559969 -0.89708554744720458984 -0.43581801652908319644 1.13885259628295898438 -1.46154904365539550781 -0.52283006906509399414 -0.93671905994415283203 -1.58500874042511008533 -0.63511574268341064453 -0.08790225535631179810 -1.34991109371185302734 -1.57584047317504882812 -1.67532801628112792969 -0.79025530815124511719 1.16908276081085205078
-1.23332035541534423828 0.12240813672542570634 1.34385704994201660156 1.75270044803619384766 -1.69959688186645507812 1.30400145053863525391 -0.38557022809982299805 0.22845597565174100008 -1.14723873138427712171 0.22276793420314788818 -1.17688143253326416016 -0.29918202757835388184 -1.63228332996368408203 -0.48057675361633300781 1.60695815086364768298 -0.77847236394882202148 0.31328815221786499023 -0.85442370176315307617 1.06980943679809570312 1.29482448101043701172 0.81984066963195800781 1.15874576568603515625 -0.08051133900880809435 0.26839303970336908511 0.44074460864067077637 0.56119215488433837891
0.73726111650466918945 0.19639898836612698640 -0.32075691223144531250 -1.19327855110168457031 -1.44151198863983154297 -0.46766772866249078922 1.12904357910156250000 -0.42044451832771301270 -0.02622140571475019971 -1.09831297397613525391 1.73434221744537353516 0.65989291667938232422 0.06513188779354089908 1.10685074329376220703 -0.52268493175506591797 0.29063153266906738281 1.15498757362365722656 1.63155221939086914062 0.41926506161689758301 -0.69069832563400268555 1.51859807968139648438 -0.30729725956916809082 -1.09345245361328125000 -0.32203906774520868472 -0.22429709136486050691 -0.27890458703041071109
0.87709563970565795898 -0.21741825342178339175 -0.71105670928955078125 1.33048880100250244141 1.69464850425720192639 1.62542843818664550781 1.58140611648559570312 1.58313560485839843750 0.18942740559577939119 0.93561905622482299805 1.44046556949615478516 -1.41517901420593261719 -0.14386692643165580052 0.55495345592498779297 1.22995209693908691406 1.30592525005340576172 -1.68785905838012695312 1.70243155956268310547 -0.88882416486740112305 -0.09579967707395549426 0.73241806030273437500 -0.45018362998962402344 0.78573232889175415039 -0.96448403596878040656 0.13671769201755520906 1.59842085838317871094
0.35376906394958490543 0.59544271230697631836 1.45707666873931884766 -0.61413818597793579102 -1.28918588161468505859 1.32413828372955322266 -0.99003130197525024414 0.25402283668518060855 1.66168498992919921875 1.58463037014007568359 -1.58858287334442138672 -0.55401623249053955078 1.23236751556396484375 -0.82550358772277832031 -0.90233898162841796875 0.10228747129440300678 0.65741813182830810547 -0.34700447320938110352 1.41145265102386474609 -0.95273536443710316046 -1.43675911426544189453 -0.36577293276786798648 1.03632307052612304688 0.33971667289733881168 1.08682239055633544922 0.62814921140670776367
-1.16327369213104248047 0.06456480175256719412 1.05828368663787841797 1.58782887458801269531 -1.28754997253417968750 -0.91772663593292236328 -1.55413496494293190686 -1.25119745731353759766 -1.18881583213806152344 1.24191522598266601562 0.94113773107528675421 -0.98598581552505482062 0.16572514176368710603 0.76135116815567016602 -0.80578428506851196289 -0.30942082405090332031 -0.60698294639587402344 1.66987383365631103516 -1.18502712249755859375 -0.17786861956119529027 1.27620613574981689453 -0.34164863824844360352 -0.17752431333065030183 -0.20529365539550781250 -1.24333608150482177734 0.11160384118556969379
-0.37021774053573608398 0.90990328788757324219 -1.30017888545989990234 0.62641263008117675781 -1.51672732830047607422 0.72261595726013183594 0.90918785333633422852 -0.41979232430458068848 0.82707577943801879883 -0.60222107172012329102 1.68337643146514892578 0.54197627305984497070 -0.77421712875366210938 -1.48767888545989990234 -1.41365885734558105469 -1.10824775695800781250 0.25530326366424560547 -1.58355379104614257812 0.30285486578941339664 1.40711104869842529297 -1.39687454700469970703 -0.05127516761422149655 0.62709897756576538086 -1.20733273029327392578 -1.24760293960571289062 1.13622713088989257812
0.29115208983421320132 -1.62272238731384277344 -0.46073800325393671207 -1.53299224376678489001 -1.62621915340423583984 -0.99340820312500000000 -0.72775512933731079102 -1.63830006122589111328 -1.55464422702789306641 0.20213182270526880435 -1.14576196670532248767 1.03024303913116455078 -0.85624182224273681641 0.03508590161800379664 -1.30424940586090087891 0.21510961651802060213 1.41531252861022949219 1.78354358673095703125 -1.50388717651367209704 -1.27921175956726074219 0.02551708556711669920 -0.60777246952056884766 0.64468419551849365234 -1.22080576419830322266 -1.30910193920135498047 -2.53955459594726562500
-0.97369599342346202508 -1.08515477180480957031 1.40951359272003151624 0.45158866047859191895 -0.83252274990081787109 1.29228734970092751233 0.45881578326225280762 -1.27515339851379394531 1.37235128879547119141 0.70412606000900268555 0.32537102699279779605 1.52374446392059326172 0.13829000294208521060 1.05286741256713889392 0.92006480693817138672 -0.00383386667817829999 -1.45607638359069824219 -1.49938571453094482422 1.32483160495758056641 1.43870663642883300781 -0.40451005101203918457 0.24690559506416320801 1.00172638893127441406 0.22598746418952939119 -1.65728569030761718750 -0.06919737160205839677
0.18358385562896720189 0.53794986009597778320 -0.71129590272903442383 -1.18210434913635231702 -0.40317869186401361636 0.99034404754638682977 -0.09833760559558860082 -0.25132754445075988770 -1.02107214927673339844 -0.23419025540351859349 0.28079363703727722168 1.66378426551818847656 0.62855005264282226562 -0.13268238306045529451 -1.74086725711822509766 -0.90824323892593383789 0.51415669918060302734 0.01979313045740119931 -0.30836299061775207520 0.79299730062484741211 0.71458721160888671875 -0.40663847327232360840 -0.16759376227855679597 -1.65543675422668457031 -0.47529733180999750308 -0.34452971816062927246
0.56713068485260009766 1.17318296432495117188 1.15922415256500244141 -0.23936074972152709961 -1.38590836524963378906 -1.62194359302520751953 -1.26024985313415527344 -0.58271396160125732422 -1.58970224857330322266 -0.46080267429351801090 -0.40440154075622558594 0.18434830009937280826 -1.38883137702941894531 -1.28575015068054199219 -0.96057862043380737305 0.94259583950042724609 0.96311473846435557977 -0.07044608891010280260 -0.16430211067199698705 1.72709465026855490954 -0.30326792597770690918 -0.06117622554302210025 1.19534039497375488281 1.71016561985015869141 1.60030567646026589124 0.67453050613403320312
-1.38805305957794189453 -1.58719289302825927734 0.29165610671043390445 0.62376403808593750000 -0.58899646997451782227 1.66046774387359619141 -1.29261314868927001953 -0.07522127777338019627 1.05344486236572287829 -0.44358327984809869937 1.59329867362976074219 -0.61838835477828979492 1.06198906898498535156 1.61813831329345703125 0.55998623371124267578 -0.67526954412460327148 0.63407665491104125977 1.25829493999481201172 -1.67602264881134033203 1.55722820758819580078 -0.21780790388584128636 -1.40186560153961181641 -0.75418841838836669922 0.18608181178569790926 -1.59267985820770263672 -0.66744560003280639648
-1.17758953571319580078 -0.99023103713989257812 -0.42793956398963928223 1.42921018600463889392 1.60546875000000000000 1.02329432964324951172 -1.18343174457550048828 1.31949043273925781250 0.46528649330139160156 -0.35809829831123352051 0.85735803842544555664 -1.20633268356323242188 1.66496336460113525391 0.03145724162459370005 1.59545731544494628906 0.80974763631820678711 0.03953782096505160243 0.39208325743675231934 1.10088944435119628906 1.68361675739288330078 -1.11215114593505859375 -1.50137472152709960938 0.21557654440402979068 -0.88503950834274291992 1.21233916282653808594 0.04589765146374699678
0.74226117134094238281 1.01078236103057861328 0.85186672210693359375 1.72049283981323242188 -0.93364828824996959344 -0.02495170012116430108 -0.15407267212867731265 0.90511113405227661133 0.23288160562515258789 1.33728301525115966797 -0.20279225707054129857 0.82001566886901855469 0.31357365846633911133 0.39166310429573059082 0.30669012665748590640 -0.74996417760848999023 -0.62155902385711669922 -0.11288519948720930619 -0.91189491748809803351 1.35315752029418967517 1.58164155483245849609 0.07411592453718179874 1.35271465778350830078 -0.71124404668807983398 -0.70849341154098510742 1.84109711647033691406
0.29724469780921930484 -0.36009883880615228824 0.96745771169662475586 1.01286792755126953125 -0.99522662162780761719 -0.41933852434158319644 -0.57428079843521118164 0.81605154275894165039 -0.75390475988388061523 0.13956299424171439427 0.26076060533523559570 -0.64414894580841064453 -0.74414974451065063477 -0.06222235038876530039 0.48702585697174072266 1.50347995758056640625 -0.80541640520095825195 -0.86041665077209472656 -0.16543099284172049779 -1.47450566291809082031 0.54134660959243774414 -1.26776504516601562500 1.66224455833435058594 1.44018006324768088611 -1.13413202762603759766 0.43507412075996398926
1.57510805130004882812 1.46665573120117209704 1.19947981834411621094 -0.92127454280853282587 -1.68300282955169677734 -0.51768153905868530273 1.43292546272277832031 -1.51334095001220703125 0.99625629186630237921 -0.12796795368194580078 0.85812628269195556641 -1.26480364799499511719 1.31786203384399391858 -1.66704380512237571033 0.79539012908935546875 1.00808334350585937500 0.71503293514251708984 1.27586650848388671875 1.43901085853576660156 -0.78100448846817016602 1.17372989654541015625 -0.34255075454711908511 -0.06209292635321610188 -0.65467512607574462891 -0.98280972242355357782 -1.11650586128234863281
-1.07508099079132080078 -1.53847682476043701172 -0.97965204715728759766 1.35803842544555664062 0.55465173721313476562 1.44306027889251708984 -0.19509428739547729492 -1.56288492679595969470 1.37938821315765380859 1.09774935245513916016 0.85159552097320556641 0.26587042212486261539 -0.87495046854019165039 -0.94924390316009521484 -0.11812953650951379947 1.57892096042633056641 0.86393719911575317383 0.79976171255111694336 -1.08236491680145263672 -1.30431854724884033203 0.37330067157745361328 1.30189728736877441406 -1.26809775829315207751 -0.53698992729187011719 1.20639026165008544922 0.04046004265546789685
0.05732014775276179919 -0.79798638820648193359 0.37281966209411621094 -1.54597389698028564453 0.61303770542144775391 1.62554371356964111328 1.52913784980773925781 -1.11788928508758544922 1.38767468929290749280 -1.05070340633392311780 -0.26178139448165888004 0.48018205165863031558 1.34647595882415749280 0.11572679132223119558 -1.72075533866882324219 -1.33124887943267822266 0.02500176057219500106 -1.40328192710876464844 1.10155510902404807361 -1.41205871105194091797 1.00483167171478271484 -0.47182494401931762695 1.43927633762359619141 1.29914724826812744141 1.51124024391174316406 -0.84075635671615600586
1.07680773735046408923 -1.28848886489868164062 -1.06680130958557128906 0.79044461250305175781 0.83721864223480224609 1.62589406967163085938 0.55333709716796875000 -0.58626729249954223633 0.46632125973701471500 -1.62840628623962402344 -1.24384641647338889392 0.97132664918899536133 -1.10376882553100608142 -0.40324622392654418945 0.95027452707290638312 1.22058892250061035156 0.07378916442394249653 -0.34145587682723999023 0.09846016019582740086 -0.01267792191356419997 1.22719824314117431641 -0.94835901260375976562 0.34824827313423151187 0.89222538471221923828 -1.52171576023101806641 0.47106689214706420898
-0.90161305665969837531 0.04688299819827079773 0.48044526576995849609 -1.36805725097656250000 1.32615923881530761719 1.24193274974822998047 -0.89785516262054443359 1.11370003223419189453 -0.58452576398849487305 -1.45473361015319824219 0.78666722774505615234 0.73968231678009033203 0.71121245622634887695 -0.19501951336860651187 -0.02825198136270039989 1.22343015670776367188 1.02145421504974365234 0.40457174181938171387 -0.23404002189636230469 1.56177341938018798828 1.33772337436676047595 -1.06226706504821777344 -1.68466854095458984375 -1.41868579387664794922 -0.73739093542098999023 -0.65892434120178222656
0.54130059480667114258 0.82873237133026123047 -1.23441445827484130859 -1.33290123939514160156 0.52183705568313598633 0.01549565978348249953 -0.80578535795211791992 1.23103177547454833984 1.67228233814239501953 0.83351701498031616211 -0.40015557408332819156 -0.22691130638122550267 1.46531856060028076172 1.08033120632171630859 -0.12159892916679379549 -0.60281443595886230469 1.57060134410858154297 -1.19785070419311523438 0.62082195281982421875 1.60068547725677490234 -1.21366631984710693359 -1.08727514743804909436 -0.42632368206977838687 -1.65573191642761230469 -0.88428950309753417969 0.43240329623222351074
0.42724817991256708316 -0.43671697378158569336 1.57832539081573486328 -0.18647114932537078857 -1.62883841991424560547 -0.63227754831314086914 -1.45276653766632080078 -0.18916791677474970035 -0.91822212934494018555 -0.51552850008010864258 -1.04549837112426757812 1.54353654384613037109 -1.41480255126953125000 1.46903789043426513672 1.16164743900299072266 -0.21120552718639371004 -1.06068193912506103516 0.91323161125183105469 -0.06649223715066909790 -1.29134476184844970703 1.02092695236206032483 -0.91407090425491321906 0.34958720207214349918 -1.08223330974578857422 -1.37763571739196777344 0.35742262005805969238
-1.45563745498657248767 -0.02394775487482540127 -1.82741451263427712171 -1.22420477867126464844 -0.62611716985702514648 1.01610755920410156250 1.10208046436309792249 -0.66049182415008544922 1.55461764335632324219 0.15332522988319388646 -1.37942099571228049548 -1.41967403888702392578 1.55174124240875244141 0.68935543298721313477 -1.16979765892028808594 -0.36135393381118768863 1.23166215419769287109 -1.30716824531555175781 0.21816399693489069156 -1.54034078121185302734 1.17590165138244628906 -0.80913752317428588867 1.24741315841674804688 1.55277597904205322266 1.56685054302215576172 -0.89704418182373046875
-0.25592476129531860352 1.02732038497924804688 -1.33819651603698730469 0.79507678747177124023 0.62262946367263793945 0.36505952477455139160 -0.73459935188293457031 0.94266045093536376953 -0.53074777126312255859 0.56077378988265991211 -0.83496683835983276367 -1.40966010093688964844 0.73829978704452514648 0.33002635836601257324 0.34176051616668701172 -0.46519193053245538882 -0.98315167427062999383 0.93853628635406483038 0.51059424877166748047 -1.54040694236755371094 0.19548872113227838687 -1.08426725864410400391 -1.70135855674743630139 0.38106817007064819336 -1.42868626117706298828 1.49437713623046875000
-0.45306205749511718750 1.17029225826263449939 1.14127039909362792969 -0.47759410738945007324 0.32532083988189697266 1.71889948844909690173 0.24134838581085199527 -0.50437659025192260742 0.49466985464096069336 1.25614297389984130859 0.83455485105514526367 -1.30685234069824218750 -1.54847276210784912109 -1.17537593841552712171 -0.86721163988113403320 0.38397401571273798160 -0.02575965598225590097 -0.04397646710276600229 -1.32068157196044921875 -0.57463401556015014648 -1.35954856872558593750 0.57231312990188598633 0.74548953771591186523 -0.34144937992095947266 -0.93164044618606556281 0.88502401113510131836
-1.16106045246124289783 0.42835509777069091797 -1.72875452041625976562 -0.29038268327713012695 -1.02213859558105490954 -0.97828173637390136719 -0.39190995693206781558 -1.55138337612152099609 1.09330832958221435547 0.08922353386878960346 -0.58200454711914062500 0.86915570497512817383 -0.18730038404464718904 1.35430145263671875000 0.60852307081222534180 -1.37992978096008300781 0.29777547717094421387 0.81002545356750488281 1.19667696952819824219 -0.44760638475418090820 -1.54481565952301047595 1.44084262847900390625 -1.31225109100341796875 -0.36475729942321777344 0.24763593077659601382 -0.35260713100433349609
0.47971084713935852051 -1.33019673824310302734 -0.42276829481124877930 0.45991164445877069644 1.59334564208984375000 0.33200880885124200992 0.17386747896671289615 -0.28977033495903009586 -1.33676838874816894531 -0.86282342672348022461 1.18421638011932350842 -1.74177253246307350842 -1.10501444339752197266 1.19258165359497070312 0.23843500018119809236 0.05171246454119680230 0.42132824659347528629 -0.03970433771610260010 0.86998724937438964844 -1.55235207080841064453 -0.13840779662132260408 1.07097280025482177734 -1.65839254856109619141 -1.71229636669158935547 0.14454537630081171207 -0.33600118756294250488
-0.85122615098953247070 1.11732530593872070312 0.52148228883743286133 -0.71702539920806884766 1.44747507572174072266 -0.44245529174804687500 0.65685665607452392578 0.88424009084701538086 -0.05755826085805890169 -1.34021162986755371094 -1.62977814674377441406 -1.24470818042755126953 1.21647536754608154297 1.40888178348541259766 1.38493871688842751233 -1.41676235198974609375 -1.68985152244567871094 0.02581742219626900064 -1.36703681945800781250 1.77418529987335205078 -1.15317201614379882812 -0.90282857418060302734 1.14897477626800537109 -1.22370314598083496094 1.68048584461212158203 -0.14938460290431970767
-0.70114910602569580078 -0.33318421244621271304 -1.82668685913085959704 -0.26901695132255548648 -0.26891878247261047363 0.50091755390167236328 -0.11059009283781050248 1.41852951049804687500 1.47384154796600341797 -1.11456239223480224609 -0.23769810795783991031 0.20052385330200189761 0.08575365692377090454 -0.59129017591476440430 1.57472062110900878906 1.17619407176971435547 -0.15462878346443170718 1.56527030467987060547 -0.24136543273925781250 -1.42472815513610839844 -0.09053939580917350072 0.41809076070785522461 0.83589172363281250000 0.04953464493155469717 1.71770334243774391858 -0.18851490318775168675
0.45505833625793451480 -0.75542539358139038086 -0.43629521131515497379 -1.03923559188842751233 1.49962151050567649158 0.03275289386510839978 1.57368934154510498047 0.45649856328964227847 -0.49432167410850519351 0.85783863067626953125 -0.22521600127220151033 0.06693209707736960667 0.67146474123001098633 -1.50487184524536110608 0.58968657255172729492 1.50469112396240234375 1.51953458786010742188 -0.98711597919464122430 -0.30446389317512512207 -0.55325418710708618164 0.54883801937103271484 -1.51896345615386962891 -0.80966192483901977539 -1.64772891998291015625 -1.29962885379791259766 -0.61921811103820800781
1.50683176517486550061 -1.04715394973754882812 1.14397335052490234375 0.54290246963500976562 0.55709397792816162109 1.17626249790191650391 -0.75164818763732910156 -1.14655125141143798828 -0.53459548950195312500 0.83598530292510986328 0.18080422282218930330 -0.39123871922492980957 0.17528268694877618961 0.75815838575363159180 1.64680457115173339844 1.33797979354858398438 -1.05950403213500976562 -1.23719429969787597656 -1.46800470352172829358 -0.79364776611328125000 -0.76752871274948120117 -0.79937881231307983398 1.47486531734466552734 0.07957856357097620181 1.67932021617889404297 0.94908845424652099609
0.10944463312625879459 1.23265755176544189453 -0.49161285161972040347 1.26205909252166770251 0.30323928594589227847 1.15845537185668967517 0.51859807968139648438 -0.08705964684486379446 1.40993356704711914062 -0.92097467184066761359 0.52229523658752441406 -1.73890817165374755859 -0.77670162916183471680 -0.41914886236190790347 -0.26183748245239257812 -0.92836087942123401984 1.17698371410369873047 0.10349521785974499788 1.03267431259155273438 0.32741495966911310367 1.49946892261505126953 -0.09925962239503860474 -0.92864096164703358038 -0.46378070116043090820 1.62460911273956298828 1.12425088882446289062
-0.09955355525016780505 0.46250239014625549316 -1.49392092227935791016 -0.02080590836703770027 -1.42274761199951149671 -0.56050223112106323242 0.45636731386184692383 -0.85941523313522338867 -0.26044753193855280093 -0.40970835089683532715 1.38796949386596679688 -0.07858303934335700291 -1.73443913459777832031 0.64043223857879638672 -1.24476683139801047595 0.81305313110351562500 0.77461576461791992188 -1.60166621208190917969 0.19439344108104700259 -1.22577524185180664062 -0.82787477970123291016 -0.32996767759323120117 -0.87706577777862548828 0.33135035634040832520 0.07992089539766310258 0.04165059328079220163
0.44747090339660638980 1.04440009593963623047 1.62682294845581032483 -1.02602660655975341797 1.41346204280853271484 -0.36886149644851679019 -1.42303764820098876953 0.10445006936788550633 0.86606407165527343750 0.60181468725204467773 1.33462715148925781250 0.49160137772560119629 -1.24687075614929199219 1.09207344055175781250 -1.12139284610748291016 -1.45837640762329101562 -0.60989391803741455078 -1.23146128654479980469 1.36754322052001953125 0.17334091663360590152 0.01093785837292669989 -1.59410881996154807361 -0.32874849438667297363 0.21194769442081448640 1.70526635646820090564 1.12370574474334716797
-0.97073668241500843390 -1.29473555088043190686 -0.44794911146163940430 -0.21919636428356170654 1.60940825939178489001 -0.23725599050521850586 0.40192559361457819156 -0.72974169254302978516 -1.09031307697296142578 -1.12195694446563720703 1.74399411678314208984 -1.86612880229949951172 -1.00193572044372558594 0.35944247245788568668 0.83930504322052001953 -1.03066504001617431641 -0.49123603105545038394 -1.55007386207580566406 1.25791800022125244141 -1.45695173740386962891 0.75419688224792480469 -0.02931179478764529833 -1.56809306144714355469 1.09004878997802712171 -0.70761400461196899414 -0.57804018259048461914
-0.63864207267761230469 1.00669026374816894531 -1.45921456813812255859 -0.56475889682769775391 -0.15153543651103970613 0.27125769853591918945 0.41503387689590448550 0.45339509844779968262 -0.71923744678497314453 0.03472638875246040341 0.06601348519325249409 0.19536505639553070068 0.29703775048255920410 -0.84241646528244018555 1.43787634372711181641 -1.36460447311401367188 -1.56106221675872802734 0.53634238243103027344 0.62683922052383422852 0.87497246265411376953 0.87501227855682373047 0.68785941600799560547 0.05031314119696610188 -1.39477252960205078125 -1.08120250701904296875 0.42126181721687311343
-0.91687285900115955695 -0.43989065289497369937 -0.85595500469207763672 -0.50880050659179687500 1.46335458755493164062 -1.50865674018859863281 0.58713865280151367188 -0.24848778545856470279 0.31997981667518610172 -0.72136467695236206055 0.16692374646663660220 -0.37497797608375549316 -0.40270680189132690430 -0.40159952640533447266 -0.70619863271713256836 0.42899835109710687808 -1.34801733493804909436 1.74862122535705566406 -0.08066671341657630223 0.59085112810134887695 0.70305162668228149414 0.04542396962642669678 -0.16615378856658929996 -0.12696710228919980135 1.06397294998168967517 -0.42881435155868530273
-1.30665183067321777344 1.07086086273193359375 -1.54319977760314941406 -1.44308614730834960938 -0.87967801094055175781 -0.07637183368206020007 1.27643823623657248767 -1.48191881179809570312 -1.18879544734954833984 -0.96456760168075561523 0.50747519731521606445 0.56790018081665039062 1.46531045436859130859 0.13409918546676630191 0.86670774221420288086 0.17921693623065940160 0.65513855218887329102 -0.29243364930152887515 -0.05179744586348530161 1.23607504367828369141 1.61489474773406982422 -1.46070015430450439453 -0.44159743189811700992 1.43453645706176757812 0.20389899611473080721 -1.26486742496490478516
-0.14310276508331298828 -1.30592203140258789062 0.48447188735008239746 1.19256985187530517578 1.00810217857360839844 -0.20282256603240961246 -0.51160752773284912109 -0.18303367495536798648 1.17427468299865722656 0.80168950557708740234 -0.24025295674800870027 -1.51452422142028808594 -1.05553066730499289783 0.52677345275878906250 0.93065875768661499023 0.76289975643157958984 0.95414274930953979492 -0.73727619647979736328 -0.09160964190959930420 0.70875847339630126953 -0.89955496788024902344 -1.23083710670471191406 0.02539771609008310144 -1.24846875667572021484 0.31807991862297058105 0.46203243732452392578
0.78015726804733276367 -0.88126367330551147461 1.16763663291931152344 -0.01243450306355949921 -1.65991747379302978516 0.57339549064636230469 0.55293303728103637695 -1.39328896999359130859 1.75983572006225608142 0.09559957683086389713 -0.56701332330703735352 -1.58324074745178222656 0.75918728113174438477 1.12696707248687744141 0.59736692905426025391 1.62326824665069580078 -1.21093225479125976562 -1.73118174076080322266 -0.71071785688400268555 -0.79105538129806518555 -0.33281102776527399234 0.86443537473678588867 -0.69379264116287231445 1.13705062866210937500 1.08783698081970192639 -0.29008495807647699527
-0.50269621610641479492 -0.95369488000869762079 0.11228340119123450536 -1.50686585903167724609 1.62183809280395507812 -1.42943394184112571033 1.58955276012420632092 -0.38306063413619989566 1.30658566951751708984 0.06062675267457959954 -1.38143038749694824219 -1.80060613155364990234 -1.77013814449310302734 0.91315412521362304688 -0.36144345998764038086 1.44236266613006591797 -0.54957830905914306641 -0.74672293663024902344 0.63692802190780639648 -1.36261236667633056641 1.51495945453643798828 1.25141894817352294922 -0.68846708536148071289 -0.67577469348907470703 0.65252679586410522461 -1.28065216541290283203
0.74033999443054199219 -1.13497197628021240234 -0.00462678121402849973 -0.95461368560791015625 1.53560352325439430921 -0.55061578750610351562 0.37815624475479120425 -1.23080909252166770251 -1.18842041492462158203 0.11706382781267160587 1.45603394508361816406 -1.63828575611114501953 1.42292690277099609375 -0.26080739498138427734 -1.15727496147155761719 0.16001011431217190828 0.26667153835296630859 1.48682928085327170642 -0.11401935666799539737 -1.21695709228515625000 0.23932042717933649234 -0.00025418848963450002 -0.23248474299907678775 -0.78312331438064575195 1.28081893920898437500 -0.68670797348022460938
-1.51409888267517089844 0.37095859646797180176 0.60289567708969116211 -0.70240020751953125000 -1.02548468112945556641 -0.63763660192489624023 -0.46339207887649530582 -1.17124927043914794922 0.21668271720409390535 -1.23681235313415527344 -0.26532539725303649902 0.37280431389808649234 -1.79728078842163085938 0.94932430982589721680 1.59029316902160644531 -0.45230391621589660645 0.86105334758758544922 -0.93929702043533325195 0.81540590524673461914 -0.52116167545318603516 -1.45118367671966552734 0.89643579721450805664 1.19154667854309082031 -1.10096788406372070312 0.34405162930488580875 -1.78382766246795632092
0.75579905509948730469 0.91901725530624400751 1.61455786228179909436 -0.10562811046838760376 0.35218060016632080078 -0.90740579366683959961 -0.63673889636993408203 -0.78650456666946411133 -0.97437876462936401367 0.70317012071609497070 1.35036039352416992188 -0.81430405378341674805 -0.66349953413009643555 -1.20760881900787353516 1.03060424327850341797 -0.51652020215988159180 -1.06841230392456032483 -1.67826533317565917969 -0.20288659632205960359 -1.28542041778564430921 1.58576965332031250000 0.05826896056532859802 -1.48802554607391357422 1.54732835292816162109 1.28956854343414306641 1.80174779891967751233
-1.17521727085113525391 -0.14168851077556610107 -0.58221358060836791992 -0.75243550539016723633 -1.62687385082244873047 0.58086669445037841797 -1.49900424480438232422 -0.93672311305999755859 -0.34791368246078491211 -0.98232686519622802734 -0.61829739809036254883 1.18494319915771484375 -0.54721808433532714844 1.28794121742248535156 -0.63588142395019531250 0.20589067041873929109 -0.00137997197452929994 0.88121742010116577148 1.41330254077911376953 -1.02679133415222167969 0.43297588825225830078 -1.64943540096282958984 0.74679434299468994141 -1.19708204269409179688 -1.21136581897735595703 -1.42713630199432350842
1.66835725307464599609 -0.70823633670806884766 -0.45059671998023981265 1.36399948596954367908 0.71591168642044067383 1.45197987556457519531 -1.11885464191436767578 -0.89704656600952148438 0.26706907153129577637 1.13422834873199462891 -0.06618636101484290379 -0.15652124583721160889 -0.77526068687438964844 0.83534264564514160156 0.69965112209320068359 1.32496905326843261719 -0.80250585079193115234 1.35409975051879882812 -0.81179898977279663086 0.43532493710517877750 -1.19949066638946510999 -0.28003019094467157535 1.38352608680725097656 0.79024076461791992188 0.17752085626125330142 0.98129040002822875977
-0.42926135659217828922 0.15162599086761469058 -0.85809177160263061523 0.13932313024997711182 1.54239928722381591797 0.64024513959884643555 0.45419394969940179996 1.14674007892608642578 0.43501642346382141113 -1.55705487728118896484 1.71288514137268088611 -1.85911607742309592517 1.67140579223632790296 1.17621350288391113281 0.79056394100189208984 0.50394028425216674805 1.16563212871551513672 1.78638422489166259766 1.55779743194580078125 0.58370661735534667969 1.65785634517669677734 1.30530834197998046875 -1.52507579326629638672 -1.51567959785461447986 -0.55586099624633789062 0.47088021039962768555
1.59675228595733642578 -1.29190468788146950452 -0.03729825466871260209 -0.18193839490413660220 0.65304708480834960938 0.81564551591873168945 -1.14726197719573952405 -1.05417633056640625000 1.24101710319519042969 -1.05002951622009277344 -1.06029582023620605469 1.43861746788024902344 1.61545133590698242188 0.06399422138929360127 -0.64514034986495971680 -0.09940969944000239977 -1.28865075111389160156 0.27284887433052057437 0.63143616914749145508 0.11311749368906019730 -1.62004745006561279297 -0.28664001822471618652 -1.40450394153594970703 -0.93434268236160278320 -0.63087022304534912109 -0.59222674369812011719
0.51359188556671142578 -1.62025785446166992188 -0.19624088704586029053 -0.45467442274093627930 1.43583095073699951172 0.29351258277893060855 -0.66764634847640991211 -1.20301902294158935547 -0.70407551527023315430 0.65021008253097534180 -0.99675059318542480469 -0.05699066072702400204 0.67210578918457031250 -1.21945524215698242188 -0.81520158052444458008 -0.25292569398879999332 0.82119494676589965820 -0.38749998807907098941 0.92702031135559082031 -0.49129346013069147281 0.65499502420425415039 0.40508079528808588199 1.54723680019378662109 0.89776325225830078125 -0.86890006065368652344 -1.10122966766357421875
0.90916657447814941406 -1.44443905353546142578 0.86740452051162719727 0.55659478902816772461 -0.28631103038787841797 0.05749947577714920044 -1.43192183971405029297 0.03125986084342000093 0.51669204235076904297 0.65133970975875854492 -0.49000415205955499820 -0.78553438186645507812 1.71229517459869384766 -1.43501806259155273438 0.39806774258613580875 1.67447483539581298828 1.16136097908020019531 1.48719358444213889392 1.42251825332641601562 -1.24594223499298095703 0.22666506469249719791 1.58497977256774902344 -1.44601643085479736328 -0.30554208159446710757 1.55527555942535400391 -0.77325534820556640625
-0.89915645122528076172 0.75959163904190063477 -0.88689476251602172852 -0.37000364065170288086 1.14064514636993408203 -1.01589465141296408923 1.25424265861511230469 0.54907226562500000000 -0.38292014598846429996 1.51526868343353271484 0.70223253965377807617 0.83735519647598266602 -0.46726238727569580078 0.83167833089828491211 -0.14771254360675808992 -1.67240822315216064453 0.23263968527317038792 -1.08437466621398925781 0.32749363780021667480 0.39145550131797790527 0.81458681821823120117 -0.33640488982200622559 -0.73655682802200317383 -0.09682373702526089754 -1.58139526844024658203 -0.14866772294044489078
1.16487812995910644531 0.41084328293800348453 1.60755169391632080078 -0.30082339048385620117 1.18926000595092751233 -0.86231201887130737305 1.53083610534667968750 -1.11508202552795410156 -0.36625036597251892090 0.98703616857528675421 0.91356068849563598633 1.48419845104217529297 0.07515908032655710391 -1.15469253063201904297 1.42604327201843261719 0.13712008297443389893 -1.10330903530120849609 1.25420188903808593750 -0.77979797124862670898 -1.56452584266662597656 -0.53233152627944946289 1.05087685585021950452 -0.88105547428131103516 -0.94777619838714599609 0.27025312185287470035 1.86031413078308105469
-0.03145342320203779740 0.52146440744400024414 -1.13175046443939208984 1.61660492420196510999 0.42806622385978698730 0.93607079982757557257 -0.64783239364624023438 -0.19324207305908200349 0.38938796520233148746 -1.51505684852600097656 0.22909179329872131348 0.55139482021331787109 0.21120396256446830052 -1.55686986446380615234 1.01918041706085205078 1.54408133029937744141 1.55314028263092041016 0.86887615919113159180 1.07523179054260231702 -1.67154622077941894531 0.79887658357620239258 0.74482548236846923828 0.10258942097425459428 0.96676743030548095703 0.52621346712112426758 1.66336500644683837891
-1.62295114994049072266 0.50894945859909057617 -1.19529986381530761719 -1.59915411472320556641 -1.06082522869110107422 -0.69182032346725463867 -1.31977140903472900391 1.54267656803131103516 1.30866372585296630859 -0.78408253192901611328 -1.30002546310424804688 -1.36222159862518310547 -1.28276991844177246094 1.51792120933532714844 -0.94296890497207641602 -0.71688240766525268555 0.65240269899368286133 0.20821453630924219302 -0.92365097999572765008 -0.16959215700626370515 -1.58856666088104248047 -1.48604452610015869141 0.97387987375259399414 -1.15926194190979003906 0.75747597217559814453 -1.85268664360046408923
-0.94038182497024536133 1.42933964729309082031 1.32815384864807128906 -0.38129395246505737305 -0.87548363208770751953 -1.67075419425964355469 -1.14419710636138916016 -1.14021337032318115234 0.11808735132217400288 0.38464519381523132324 0.47197046875953668765 0.90787142515182495117 0.50998806953430175781 1.72040271759033203125 -1.02414453029632568359 0.25214466452598571777 -0.11654659360647200150 -1.13754582405090309827 -1.59582984447479248047 -0.05928146094083779766 0.69201064109802246094 0.46016293764114379883 -0.12892062962055200748 1.55529904365539550781 1.64597260951995849609 0.09481005370616910066
0.67233693599700927734 -1.23700869083404541016 0.88145232200622558594 -0.84102439880371093750 -0.42162114381790161133 1.49810540676116943359 0.54203951358795166016 0.46220958232879638672 1.45304727554321289062 -0.63805937767028808594 -1.15302765369415283203 -0.13879354298114771060 -1.55235660076141357422 1.44463121891021728516 1.60246694087982177734 0.31430575251579279117 1.58382415771484375000 -0.28945848345756530762 -1.61857879161834716797 1.37351894378662109375 -0.37551280856132507324 0.91164964437484741211 1.65049409866333007812 0.93242675065994262695 0.59617465734481811523 -0.85875385999679565430
-0.68046063184738159180 1.57858991622924804688 -1.51370632648468017578 -1.18893122673034690173 1.33526682853698730469 -0.05237564444541929765 0.62973773479461669922 0.25474780797958368472 0.71543961763381958008 0.42515489459037780762 -0.49743917584419250488 1.15611279010772705078 1.08064794540405273438 -1.56094956398010231702 -1.27961564064025878906 0.93495821952819824219 0.73928302526473999023 1.39310574531555175781 -0.16724893450736999512 0.40670210123062128238 -0.45078450441360468082 0.24278944730758658666 0.37329313158988952637 1.27022409439086914062 -1.26685607433319091797 0.52732026576995849609
0.85807633399963378906 -1.54032695293426513672 -1.52785050868988037109 0.78421926498413085938 -1.46310925483703591077 -0.54593402147293090820 -0.54832702875137329102 -1.50062215328216552734 0.85397285223007202148 1.14721572399139404297 -1.01146209239959716797 1.69539296627044677734 -0.53726375102996826172 -0.25206786394119262695 -1.42958104610443115234 0.13791547715663909912 1.57498133182525634766 0.55235934257507324219 1.39741873741149902344 -0.86040556430816650391 0.45554214715957641602 1.30226409435272216797 -1.68728065490722656250 -0.96571886539459239618 0.03213524445891380310 -0.59925663471221923828
-0.71935868263244628906 0.22470355033874508943 0.89534705877304077148 -0.57648634910583496094 -0.02673976123332970009 0.68829959630966186523 -0.59892535209655761719 1.51583075523376464844 0.87400394678115844727 0.00179204076994210005 -0.43956843018531799316 -1.02609324455261230469 1.24725878238677978516 1.35546171665191650391 -0.82753133773803710938 -0.16299217939376831055 0.52196067571640014648 -0.98117232322692882196 1.73314070701599121094 -1.68772709369659423828 -0.62316620349884033203 -1.44712662696838378906 1.44427156448364257812 1.60408198833465576172 0.93384832143783558234 -0.49933359026908868961
-1.15347361564636230469 -0.80478394031524658203 1.14432716369628906250 -0.93209493160247802734 -0.14614224433898920230 0.55782866477966308594 1.61901605129241943359 -1.49518644809722900391 0.96069866418838500977 0.50326013565063476562 1.38939011096954367908 0.48832359910011291504 1.11146295070648193359 0.67301255464553833008 1.25255382061004638672 1.09516739845275878906 -0.82056891918182373047 1.55581760406494140625 0.76236307621002197266 0.07102959603071209993 -0.59595829248428344727 -0.84942662715911865234 0.13623990118503570557 -1.43187785148620605469 0.64217585325241088867 -1.36133217811584472656
0.73428487777709960938 -1.63856363296508789062 -1.15212678909301757812 -1.61864876747131369861 -0.81541627645492553711 0.83229392766952514648 1.48254776000976562500 -0.40539583563804620914 -1.64024055004119873047 -0.95609617233276356085 -1.33387303352355957031 0.35311010479927057437 -1.13421535491943359375 0.58774083852767944336 -0.61458355188369750977 -1.61591196060180664062 0.99157327413558959961 -0.93287074565887440070 1.45415425300598144531 0.92931282520294200555 -0.01172356866300099977 0.27479904890060419254 0.12388644367456430606 -0.30938899517059320621 -0.56612056493759155273 -2.22742319107055664062
-0.21250815689563751221 0.98405790328979481085 0.19648030400276181306 -0.84453123807907104492 -1.39494729042053222656 -0.09740096330642700195 -1.76857376098632790296 -0.01337444316595789995 -1.51306664943695090564 -0.37035566568374628238 0.86906760931015014648 -0.92026370763778675421 1.25245404243469238281 -0.66315078735351562500 -0.44777664542198181152 -1.71490156650543190686 -0.95937234163284301758 1.20814132690429687500 -0.05550977215170860291 1.08842670917511008533 1.16968905925750710217 -0.85955953598022460938 0.43163377046585077457 -0.99895989894866943359 -0.09305535256862640381 -0.61664730310440063477
0.37778487801551818848 -1.44151985645294189453 1.29107725620269775391 -0.13297444581985470857 0.33878028392791748047 -1.34119284152984619141 -0.50154381990432739258 1.53001952171325683594 1.19781708717346191406 1.66395604610443115234 0.38420739769935607910 0.49122640490531921387 -0.60870105028152465820 -1.00231862068176269531 -1.09532690048217751233 -0.62981462478637695312 0.65554577112197875977 0.71791321039199829102 -0.59472036361694335938 -0.36532637476921081543 0.79133111238479614258 1.31259620189666770251 -0.35193231701850891113 0.10272832214832300357 0.08498015254735939716 -0.27033004164695739746
0.81481599807739257812 -0.07399991899728769473 -1.18470144271850608142 -0.69709116220474243164 -0.11764573305845260620 -0.49492737650871271304 -0.93221712112426757812 0.89273303747177124023 -1.44982278347015380859 0.07835192978382110596 -0.15426205098628989476 -1.39850354194641113281 -1.78974270820617675781 0.32797417044639587402 0.15445284545421600342 -0.09972158819437020039 -0.43269470334053039551 0.56492882966995239258 0.67595291137695312500 0.51759433746337890625 1.04902529716491699219 0.28062331676483148746 1.30528736114501953125 1.66403841972351074219 1.27780020236968994141 0.42799368500709528140
-0.89446449279785156250 -0.79914492368698120117 -0.47519525885581970215 0.91213423013687122687 -0.72396081686019897461 -0.04439016431570050325 0.53404253721237182617 0.16136607527732849121 1.22310829162597656250 0.96665537357330322266 0.06544491648674009843 -0.05009498819708819994 0.14617753028869628906 -0.12998737394809720125 1.27961027622222900391 -0.76148080825805664062 1.26432371139526367188 0.81899964809417724609 1.53312027454376220703 1.41582036018371582031 -0.97166115045547485352 1.66170144081115722656 -1.49950432777404807361 -1.60507011413574218750 -0.97839289903640758173 -0.35614755749702448062
0.82197773456573486328 0.05312962085008619828 -0.97725480794906616211 0.18088752031326291170 0.76488959789276123047 -0.15532538294792169742 1.67685878276824951172 1.48064219951629638672 -1.25997078418731689453 0.20607328414916989412 -1.59528672695159912109 0.97073549032211303711 -0.56182771921157836914 -0.61283701658248901367 -1.69188022613525390625 -1.26773023605346679688 -0.08894392102956770463 -1.19077801704406738281 0.41759580373764038086 -0.94981306791305541992 1.09963738918304443359 0.66609233617782592773 0.34956926107406610660 1.45149493217468261719 0.49516013264656061343 1.64483582973480224609
1.67126202583313010486 0.34516859054565429688 -0.99640995264053344727 0.55294281244277954102 1.16787755489349365234 -1.07230436801910400391 -0.43631732463836669922 0.73760867118835449219 0.35305368900299072266 0.71077817678451538086 -1.02926445007324218750 -1.44875812530517578125 0.65359681844711303711 0.97041773796081542969 1.60877954959869384766 1.10057175159454367908 -0.72116929292678833008 -0.40317967534065241031 1.32079684734344482422 0.42846262454986572266 -0.26853641867637628726 0.58495825529098510742 0.09524143487215039339 -1.15358304977416992188 1.34403836727142311780 1.72838306427001953125
1.54392015933990478516 -1.58883309364318847656 -0.34144458174705499820 1.74487745761871337891 1.23217487335205078125 -0.13893456757068631258 0.73815888166427612305 0.86576676368713378906 0.03051383048295969874 1.01192545890808105469 1.03844714164733886719 -1.05219078063964843750 1.22231042385101318359 1.33537435531616210938 1.09108603000640869141 -1.44732606410980224609 1.64677619934082031250 -0.43019342422485351562 0.31009629368782037906 -1.16004300117492675781 -1.13481295108795166016 -1.09142351150512695312 0.81400406360626220703 0.32080173492431640625 1.29585564136505126953 -0.09407809376716609606
-0.34353849291801452637 1.67412221431732177734 0.84167730808258056641 0.47936746478080749512 -0.35096177458763122559 -1.11762273311614990234 0.73539119958877563477 -0.80096864700317382812 -1.37935745716094970703 0.36792355775833129883 -0.93020296096801757812 -1.25950455665588378906 -0.58528608083724975586 -1.40578925609588623047 -0.28721320629119867496 0.83663481473922729492 0.17787398397922510318 -1.31429028511047363281 -1.03297734260559082031 -1.15340459346771240234 -1.07096338272094726562 -0.15840798616409298982 -0.52094095945358276367 -0.48588773608207702637 1.69974565505981445312 1.30541074275970458984
0.69846451282501220703 -1.38123655319213889392 -0.10926441103219980411 -0.90073305368423461914 0.12295763939619060168 -0.89465016126632690430 -0.17617426812648770418 1.69321143627166770251 1.61834442615509033203 0.54438996315002441406 -1.32276201248168967517 0.15458935499191278629 0.72438812255859375000 -1.59789752960205078125 -0.49895220994949340820 0.22820320725440979004 -1.03802204132080078125 -0.40029335021972650699 0.95104086399078358038 -0.50893610715866088867 1.69045650959014892578 0.81123477220535278320 -0.99286782741546641962 0.65085822343826293945 1.75675475597381591797 -1.35757362842559792249
-1.20789921283721923828 0.53740727901458740234 -0.04234408214688299699 -0.77951759099960327148 0.51584827899932861328 -0.36521926522254938297 0.27189245820045471191 1.29679107666015625000 0.51384902000427246094 1.06305634975433349609 -1.19091451168060302734 1.39233219623565673828 -1.10823547840118408203 1.24522125720977783203 1.14922690391540527344 1.47285664081573486328 0.37217390537261957340 0.95027440786361683234 -0.78149658441543579102 1.51687204837799072266 -0.61698293685913085938 -0.55207997560501098633 -0.84664881229400634766 0.72331780195236206055 -0.62167412042617797852 -0.92694938182830799445
1.13250136375427246094 0.50649833679199218750 -0.59424632787704467773 1.37483334541320800781 -0.30653488636016840152 0.96250474452972401007 0.33328026533126831055 -1.44601905345916770251 -0.96569800376892078742 -0.03997933492064469768 1.59972989559173583984 1.35205805301666259766 1.53640234470367431641 0.75831520557403564453 1.43490552902221679688 0.36100810766220092773 0.72901225090026855469 0.84413135051727294922 -0.79158753156661987305 -0.69965481758117675781 -0.05340469256043429980 1.72845101356506369861 -0.67644953727722167969 1.14961659908294677734 0.95806157588958740234 1.42153942584991455078
-1.50102937221527099609 0.89245170354843139648 -0.92894089221954356805 -1.26602077484130859375 0.52981209754943847656 -0.70173591375350952148 0.57954049110412597656 0.65463322401046752930 1.30355060100555419922 -0.23902778327465049046 -0.76759558916091918945 0.31607222557067871094 -0.46225991845130920410 0.40500268340110778809 0.70360511541366577148 0.72387129068374633789 1.59295833110809326172 -1.76227104663848876953 -1.56996309757232688220 0.21449136734008789062 -1.20519268512725830078 1.15943515300750710217 -0.31737825274467468262 -0.80189716815948486328 0.83538681268692016602 -1.18180406093597389905
1.57007896900177001953 0.42207941412925720215 -0.06440901756286619706 0.19038569927215570621 1.66848814487457275391 -0.96264410018920898438 1.38840126991271950452 1.37324845790863037109 0.97878509759902965204 -0.93265324831008922235 -0.36841753125190729312 -1.84075689315795898438 0.24775016307830810547 1.11172878742218017578 -1.24895477294921875000 0.01877953670918940110 -1.32777261734008789062 -0.27876865863800048828 -0.03907046094536779923 -1.06834805011749289783 1.01491749286651589124 0.11688426882028579712 -1.57059013843536376953 0.29701846837997430972 -0.15784004330635070801 1.08158123493194580078
-1.32674300670623779297 -1.20536684989929199219 1.19569551944732688220 -0.46022465825080871582 -0.08556134253740310669 -1.60700607299804687500 1.27415132522583007812 0.38004264235496520996 -0.89182001352310180664 0.73074346780776977539 0.77255475521087646484 1.53625345230102539062 -1.31564998626708984375 0.48680377006530761719 1.38677072525024391858 0.60911053419113159180 -0.59881186485290527344 0.17344132065773010254 0.18632985651493069734 0.11358083784580229325 1.19004213809967041016 -0.86531859636306762695 -0.69918042421340942383 1.30074155330657958984 -0.50849765539169311523 -0.94892150163650523798
-0.10373865813016890092 0.48051479458808898926 1.20901513099670410156 -0.03083248063921920079 -0.79962784051895141602 -0.32307645678520202637 0.29789236187934869937 0.32014411687850952148 -0.75999981164932250977 1.01407325267791770251 -1.41662669181823730469 -1.77363336086273193359 -0.30210220813751220703 1.48198878765106201172 -0.42365792393684381656 -1.59171795845031738281 -1.21466827392578125000 -1.79128015041351318359 1.06843924522399902344 -1.66516268253326416016 -0.57452315092086791992 -1.02089011669158935547 0.27012124657630920410 1.29432344436645507812 0.18855905532836911287 0.49429216980934137515
-1.70179867744445800781 1.71842229366302490234 -0.03785235434770579943 -0.32413971424102777652 -1.69891679286956809314 1.03520548343658447266 0.65185892581939697266 1.39734935760498046875 -0.29819399118423461914 -0.12525801360607138890 -1.15183460712432861328 0.94237166643142700195 -0.56260877847671508789 -0.18620230257511138916 -0.55799496173858642578 -1.43908786773681640625 1.46884787082672119141 -0.00062710524070999998 -0.49230813980102539062 1.52539920806884765625 0.04258944466710089943 0.45975717902183532715 -1.44843983650207519531 -0.03105897642672059838 0.50440639257431030273 -1.95704257488250754626
-1.52465891838073730469 1.55357730388641357422 0.35677224397659301758 0.43657872080802917480 1.16169857978820800781 -0.61155599355697631836 -0.61614412069320678711 1.33619940280914306641 0.66137844324111938477 0.79342931509017944336 -0.39841681718826288394 1.57883596420288085938 -1.80872774124145507812 0.65423685312271118164 -0.05172300711274140095 -1.10936141014099121094 0.63038134574890136719 0.41588112711906427554 -0.31547993421554559879 -0.46296072006225580386 -1.70118272304534912109 -1.55235815048217751233 -1.57009482383728049548 -0.39273887872695917300 0.18852290511131281070 -0.22549512982368469238
-1.31726515293121337891 0.12612947821617120914 -0.80038148164749145508 1.18953907489776589124 -1.59352469444274902344 0.79822981357574462891 -1.00437307357788085938 -0.36347460746765131168 1.53195822238922119141 -0.13885219395160669498 -0.84981977939605712891 -0.72804588079452514648 0.95761859416961681024 0.18388548493385309390 -0.56162446737289428711 0.09924319386482230443 0.92574733495712280273 1.60822045803070090564 1.38368201255798339844 -1.00098752975463889392 0.36433973908424377441 -0.95747655630111683234 1.53433310985565207751 0.47409445047378540039 -0.49460968375205988101 -0.80162072181701660156
0.19374461472034448795 0.94538813829421997070 -0.62555217742919921875 0.90720379352569580078 -0.43451881408691400699 0.36444863677024841309 -0.49179783463478088379 1.44715774059295632092 -0.12235768139362329654 -0.79756546020507812500 1.28702330589294433594 1.53856229782104492188 -0.23554341495037078857 0.15267260372638699617 1.12438738346099831311 -0.18137319386005398836 1.34663105010986328125 -0.44917282462120050601 -1.39388227462768554688 -0.24246038496494290437 1.61051535606384277344 0.01423611119389530007 0.35602870583534240723 1.00980877876281738281 -0.38428083062171930484 0.94811660051345836298
0.63121104240417480469 -1.51499879360198952405 0.36324229836463928223 1.18504154682159423828 0.40296000242233270816 -1.17936933040618896484 1.07371795177459716797 0.57324028015136718750 -1.05788624286651589124 -0.00638230564072720004 -0.39878052473068237305 -0.22917753458023071289 1.30546045303344726562 0.40676790475845331363 -1.47319865226745605469 0.11025726050138469347 0.11036831140518180150 1.79506921768188476562 -1.16459500789642311780 0.86978745460510253906 -1.50141704082488991467 -0.43359515070915222168 1.09250795841217041016 0.14206391572952270508 0.81970316171646118164 -0.18496017158031460847
-0.75658762454986572266 -1.70551395416259765625 -1.32507729530334472656 1.19218516349792480469 -0.88548845052719116211 1.03246271610260009766 0.96745604276657104492 0.02768712677061550137 -0.56535506248474121094 1.56948661804199218750 0.07251828163862220067 1.54313492774963378906 0.70673197507858276367 -0.85742318630218505859 1.57415068149566650391 0.60379499197006225586 -1.20698809623718261719 -0.28583222627639770508 -1.49511528015136718750 0.87040603160858154297 -0.49454769492149347476 -1.33913075923919677734 -1.50156247615814208984 0.45299580693244928531 1.46551012992858886719 -0.35829567909240722656
-0.49843883514404291324 1.43556785583496093750 1.15908408164978049548 -0.82877188920974731445 -0.06252527236938469624 -0.39451363682746881656 0.77301716804504394531 -0.62989622354507446289 -0.74060207605361938477 -0.07662146538496010517 -1.19410896301269509046 -0.09387217462062830142 -1.58665025234222389905 -1.29903936386108398438 -1.54294335842132568359 0.39286857843399047852 -0.85126996040344238281 -1.13464713096618630139 1.62242317199707031250 -1.29482603073120117188 -0.48019486665725708008 -0.03159032016992559949 0.96743339300155639648 0.31591477990150451660 -0.74827462434768676758 0.18708294630050659180
1.57705307006835937500 -0.97172510623931884766 -0.22590240836143490877 -0.88651043176651000977 0.65710735321044921875 1.29288876056671142578 -0.99084162712097156867 1.61208605766296408923 0.31271320581436157227 1.75353050231933593750 -1.48731625080108642578 0.20050670206546780672 -0.20229761302471160889 1.36392343044281005859 -1.24040734767913818359 -0.66292929649353027344 -0.60273480415344238281 0.68682676553726196289 0.25355285406112670898 -0.53223013877868652344 1.29518234729766845703 0.46588075160980219058 1.57820916175842285156 0.19754685461521148682 -0.81770193576812744141 -0.38474974036216730289
-1.31546187400817871094 -0.29439824819564819336 -0.40559321641921991519 -0.87714171409606933594 0.23494228720664969701 1.12536704540252685547 -0.93062990903854359015 1.49439978599548339844 0.13432696461677551270 -0.43474796414375299625 0.58682590723037719727 1.70529949665069580078 0.82452350854873657227 0.15377593040466300267 1.04855227470397949219 0.84714531898498535156 0.23444533348083490543 -0.38573795557022089175 1.00626111030578591077 0.63659656047821044922 -0.88992756605148315430 -0.56138104200363159180 -1.15096998214721679688 -1.61123764514923095703 0.99054139852523803711 -1.51002383232116699219
-1.51453471183776855469 1.21936655044555664062 0.01180499326437709981 -1.60561454296112060547 1.32125949859619140625 -1.16958916187286376953 1.30873191356658935547 0.99555677175521839484 -1.16156625747680664062 -0.17496314644813529271 -1.62964785099029541016 1.40344095230102539062 -0.04124556109309190227 -1.29483354091644287109 0.14704841375350949373 -0.43378782272338861636 -1.08991050720214843750 -0.25803542137145990543 1.56543695926666259766 1.33134388923645019531 -1.75657033920288085938 -0.88087433576583862305 1.69226825237274169922 -0.79747909307479858398 -0.87647622823715209961 -1.34021794795989990234
-0.43612596392631530762 0.55148541927337646484 -0.83472120761871337891 -0.22034808993339530248 0.20609216392040249910 -0.62380445003509521484 -0.84927010536193847656 0.41517403721809381656 -1.57790434360504150391 1.35908246040344238281 -1.55050063133239768298 0.07318473607301710648 0.09513817727565759830 1.22200226783752441406 -1.42748057842254638672 0.48086115717887878418 -0.46464368700981140137 0.07495474070310589876 -0.28548637032508850098 -1.32572615146636962891 1.10950517654418967517 -1.46234953403472900391 -0.66516143083572387695 1.33466756343841552734 1.19696545600891113281 0.07688615471124639333
-1.14614748954772949219 1.73545420169830322266 0.33422759175300598145 -0.98667198419570922852 1.50114333629608154297 0.90316015481948841437 -0.95202046632766723633 -1.14525306224822998047 -0.42202562093734741211 -1.36897265911102294922 -0.37508895993232721500 1.47705209255218505859 1.33655714988708496094 1.67475795745849609375 0.56075817346572875977 1.41533041000366210938 -1.44741535186767578125 -1.04185044765472389905 0.54537421464920043945 0.99450439214706420898 -1.57883334159851074219 -1.26213610172271728516 0.71695029735565185547 1.38240706920623779297 -1.59613323211669921875 -0.31927734613418579102
-1.22267174720764160156 -0.58916354179382324219 0.53558528423309326172 0.82919400930404663086 -1.67514419555664062500 -1.01751625537872314453 0.68977290391921997070 -1.55238723754882790296 0.00172079459298399989 -0.56889098882675170898 1.35971820354461669922 -0.18783254921436309814 -0.39978197216987609863 1.51395130157470703125 -1.33537280559539794922 0.18831388652324670963 0.67058128118515014648 -0.18243731558322900943 -1.04437077045440673828 0.72987473011016845703 -0.10985539108514780215 -0.19268362224102020264 0.13910335302352899722 -0.65957123041152954102 1.15654444694519042969 -0.96479177474975597040
-1.06875419616699218750 -0.04769226163625710224 -0.46389612555503839664 -0.83159315586090087891 0.32689523696899408511 -1.26098334789276123047 0.62978196144104003906 1.51589965820312500000 0.87958806753158569336 1.66476082801818847656 1.61300754547119140625 1.14260149002075195312 -1.22435629367828369141 -1.23023080825805664062 -0.15321245789527890291 0.09907071292400360107 -1.35772323608398437500 -1.41012763977050781250 1.41838574409484863281 0.00658833887428039982 -0.28378194570541381836 -0.91617649793624877930 0.09233832359313960680 0.18073065578937530518 0.55738717317581176758 -1.14752185344696044922
0.97655880451202403680 0.65852254629135131836 -0.16086147725582120027 -0.29807719588279718570 0.06854379177093500308 0.59817141294479370117 1.50436699390411376953 -0.99098294973373401984 -0.48106601834297180176 -0.79313862323760986328 1.12364101409912109375 -0.64570271968841552734 1.68603014945983886719 0.18619312345981589574 -1.56292474269866943359 0.43592527508735651187 0.33326870203018188477 -1.39457595348358154297 0.29549932479858398438 1.03904008865356445312 1.56823575496673583984 1.58019506931304909436 -1.09877955913543701172 -0.24981687963008880615 -0.79066383838653564453 0.19572474062442779541
0.85552930831909179688 1.08429050445556640625 -1.63134694099426269531 0.50797677040100097656 -1.17937505245208740234 -1.43731105327606201172 1.18657934665679909436 -0.03782920911908149719 1.30615067481994628906 -1.47170805931091308594 -0.14168469607830039281 -0.98743546009063720703 -0.17302772402763361148 -0.71028047800064086914 0.04005483910441390294 -0.58624911308288574219 -1.22649466991424560547 1.77917540073394775391 -1.01951587200164794922 -1.22444307804107688220 -1.17278110980987571033 -0.88966840505599975586 0.74089664220809936523 0.76398319005966186523 1.07962763309478759766 1.10908603668212890625
0.49985718727111810855 1.18121826648712158203 0.71492666006088256836 -0.57107150554656982422 -0.81535428762435913086 -0.95234096050262440070 0.64796149730682373047 1.21127867698669433594 1.44360339641571044922 0.86484968662261962891 -0.22908926010131830386 1.55469596385955810547 -0.97942787408828735352 -0.58280736207962036133 0.21404740214347839355 0.22466245293617240208 1.62292599678039550781 1.04428756237030029297 -0.58997845649719238281 -0.60842031240463256836 0.65597015619277954102 0.85850363969802856445 0.48408526182174682617 0.98880499601364135742 0.81466281414031982422 0.45463982224464410953
0.34806439280509948730 0.32600992918014520816 -1.72463905811309792249 0.62602269649505615234 -0.65213084220886230469 -1.15430402755737304688 -0.47707203030586242676 -0.60171520709991455078 0.37069720029830932617 -0.44922265410423278809 0.83346599340438842773 -1.76028287410736083984 -1.58890902996063232422 -0.61010456085205078125 0.55629950761795043945 -0.96762293577194202765 -1.34595346450805664062 -0.62000346183776855469 0.12528729438781729955 0.95037037134170521124 1.69727170467376708984 -1.59769570827484130859 1.06582748889923095703 -1.22162675857543967517 0.22128331661224359683 1.65732228755950927734
0.44937899708747858218 0.91091418266296397821 0.98010540008544921875 -0.17403687536716461182 -1.13621270656585693359 1.56861674785613991467 1.39744341373443603516 0.52522087097167968750 -1.45354616641998291016 1.06598758697509765625 -0.29596990346908569336 -0.64048850536346435547 -0.88835853338241577148 0.31934177875518798828 -0.06527887284755699848 1.28857696056365966797 1.41596674919128417969 0.21354623138904568758 0.74689871072769165039 0.02139705047011369876 0.22289431095123291016 0.66954118013381958008 0.97125476598739624023 0.11166700720787040013 0.10657206922769539570 0.68816852569580078125
0.44600242376327509097 0.67511594295501708984 -1.13481032848358154297 -0.35056108236312860660 -0.77344995737075805664 0.76833909749984741211 -0.49583193659782409668 -1.36651170253753662109 -0.47534042596817011050 -0.13076755404472351074 0.77123445272445678711 -0.67127943038940429688 0.08648391813039779663 -0.88161039352416992188 -1.62025630474090576172 1.57119083404541015625 -0.64278674125671386719 1.35345315933227539062 -0.24310603737831110172 0.09955604374408720536 1.71780669689178489001 -0.94957882165908802374 -1.15039765834808349609 0.40207806229591369629 1.04791557788848876953 0.56626105308532714844
0.77369022369384765625 -1.26961171627044677734 -1.60821652412414550781 -0.83451205492019653320 1.70105671882629394531 0.89071363210678100586 -0.42310571670532221011 -0.47919312119483947754 -0.77603870630264282227 0.00826818309724330035 1.10004377365112304688 -0.12854628264904019441 -0.40691441297531127930 -0.47787988185882568359 0.96167361736297596320 -1.21830880641937255859 -1.68898558616638183594 -0.38836598396301269531 -1.43674147129058837891 -0.54664897918701171875 -1.40332925319671630859 -0.46471816301345819644 -1.59992253780364990234 -0.60858821868896484375 1.10944354534149169922 0.07145269960165019640
0.66894596815109252930 1.42041218280792236328 0.92874675989151000977 -0.38551127910614008121 1.11516475677490234375 0.03045189566910259937 1.43970465660095192639 -1.12079489231109619141 -1.62279832363128662109 -1.60951018333435058594 -0.75294429063796997070 0.64957898855209350586 0.93282514810562122687 -0.50513410568237304688 -1.49961984157562255859 1.15245974063873291016 -0.15086886286735529117 -0.73084592819213867188 -0.21033793687820429019 -0.75031149387359619141 -1.21627914905548095703 1.51145744323730490954 -0.91670519113540638312 1.39782869815826416016 -1.32902264595031738281 0.83370536565780639648
-0.37588644027709960938 -1.06144309043884277344 -0.39078852534294128418 -0.81281304359436035156 -0.15378287434577939119 1.16952741146087646484 -0.32789364457130432129 1.56265151500701904297 -1.60219895839691162109 -1.06609356403350830078 0.64632254838943481445 -0.27369648218154907227 -0.02983521111309520024 1.14169788360595703125 -0.67164051532745361328 0.43580028414726257324 1.18751001358032248767 1.55503714084625244141 -0.15622523427009579744 1.36735785007476806641 -0.82738959789276123047 -0.75361239910125732422 0.51951646804809570312 0.85629940032958984375 -0.67695003747940063477 -1.46126353740692138672
1.11013233661651589124 -0.22363175451755520906 0.95907586812973022461 0.00799736101180309987 1.28639960289001464844 0.76219832897186279297 -0.22057895362377161197 0.89927756786346435547 -0.17258700728416440096 -0.55605107545852661133 -0.64041686058044433594 0.11086360365152350682 -1.52127480506896950452 -0.72460651397705078125 0.60367709398269653320 0.27414488792419428043 0.38109028339385980777 0.69865632057189941406 1.47443306446075439453 0.61867821216583251953 -0.86650776863098144531 -0.14225168526172629613 0.95755481719970703125 1.22168767452239990234 1.18458497524261474609 1.29106605052947998047
0.95639568567276000977 0.78740209341049194336 0.94389605522155761719 -0.12005659192800520463 -1.52078425884246848376 -1.62804079055786110608 0.96276181936264038086 0.91086387634277343750 -1.69907748699188232422 -0.42112624645233148746 0.65588963031768798828 -1.16761124134063720703 1.37129974365234375000 0.09996555000543590197 -0.69655746221542358398 0.05732085555791850001 1.53443503379821777344 1.33176195621490478516 1.18249320983886718750 -0.84781759977340698242 1.65422010421752929688 -1.11616230010986328125 0.56688481569290161133 -1.23069643974304199219 -1.11613440513610839844 0.34066799283027648926
-0.28569611907005310059 -0.71922290325164794922 -0.31939035654067987613 -1.35618507862091064453 -1.17622745037078857422 0.64268898963928222656 -1.29792225360870361328 1.25692498683929443359 -1.61416745185852050781 1.22128725051879882812 1.14076888561248779297 -0.13610792160034179688 -1.42077314853668190686 -0.01541465241461990009 -0.23054686188697809390 -1.38985538482666015625 -0.46316155791282648257 -0.67442280054092407227 0.57115375995635986328 1.28721547126770019531 1.48382461071014404297 -0.06322900205850599809 -0.59068149328231811523 1.21371221542358398438 -0.60946536064147949219 -1.57866668701171875000
0.11528650671243660664 0.35865095257759088687 -0.93604820966720581055 -1.18214797973632790296 -0.14892792701721188631 1.70568132400512695312 1.05247664451599121094 1.52239775657653808594 -1.04676222801208496094 -0.15458074212074279785 -0.75806832313537597656 -0.99171203374862682001 0.12338063865900039673 -0.07240539044141769409 0.79375588893890380859 -0.14130724966526028719 0.53709906339645385742 -0.45811927318572998047 0.93338620662689197882 -0.61276626586914062500 -1.75394392013549804688 0.00766546651720999977 0.94071900844573963507 -0.11384169757366180420 -0.16997732222080230713 -0.44332018494606018066
0.15833967924118039217 -0.34277600049972528629 -0.99649584293365478516 1.58442819118499755859 1.11968159675598144531 -0.94927179813384998663 1.48666369915008544922 0.32687970995903009586 -0.66224825382232666016 -1.22976684570312500000 0.43518081307411188297 -1.37546026706695556641 0.14189766347408289127 0.69576185941696166992 -0.73665696382522583008 -1.70830440521240234375 0.25080898404121398926 -0.83862709999084472656 0.62996584177017211914 -0.14370933175086969547 0.74722212553024291992 -0.81013011932373046875 -0.42473575472831720523 1.66938209533691406250 -0.89594084024429321289 1.49608695507049560547
-1.18877410888671875000 0.41638755798339838199 -0.80859631299972534180 -1.26778054237365722656 -1.17431128025054909436 -0.24592545628547660130 -0.15334348380565640535 -1.55345261096954367908 -1.48362445831298850329 -0.33622431755065917969 1.14783632755279541016 -0.46023097634315490723 -1.44906389713287353516 1.03532063961029030530 1.11014127731323242188 0.65590757131576538086 -1.37573790550231911389 -0.07431706786155700684 1.08331978321075439453 0.71405941247940063477 1.71262288093566894531 -0.93204945325851440430 0.68191587924957275391 1.74113655090332031250 -0.64926117658615112305 -1.46757495403289794922
0.61190116405487060547 1.63466751575469970703 0.35211411118507379703 -0.90686148405075084344 -1.10843610763549804688 -1.40913641452789306641 0.06566609442234039307 1.03695452213287353516 1.27420508861541770251 -0.24368077516555780582 -0.55161732435226440430 -0.56126266717910766602 -0.32959058880805969238 -0.03656872361898420160 0.92808979749679565430 1.31937277317047119141 0.67025905847549438477 -1.06493246555328369141 -0.12737202644348138980 -1.42364716529846191406 -1.39112305641174316406 -0.92402756214141834601 -0.33629235625267028809 -1.64894020557403564453 0.19996628165245050601 -0.52549976110458374023
0.85653972625732421875 0.52866798639297485352 -0.94775485992431640625 0.71800023317337036133 1.18921101093292236328 -0.79071074724197387695 0.78979200124740600586 -0.34082943201065057925 0.35339549183845520020 -1.29870665073394775391 -0.09708581864833830399 1.72625529766082763672 -0.21610470116138449925 1.35070025920867919922 0.54715973138809204102 0.49102985858917230777 1.28596115112304687500 -0.27875310182571411133 1.10823476314544677734 -1.19971215724945090564 -0.73757028579711914062 1.74648499488830566406 -1.56334531307220458984 0.09124833345413199681 -1.53229892253875710217 1.72412109375000000000
-1.43173122406005859375 1.73686861991882324219 1.53522253036499023438 1.24942970275878906250 0.73139357566833496094 -1.64019024372100830078 -0.61491948366165161133 0.41145083308219909668 0.04628269374370570094 0.29746887087821960449 -0.82221782207489013672 -0.22005312144756308812 -0.12982308864593500308 -0.59757447242736816406 -0.46045655012130737305 0.19317452609539029207 1.37345492839813232422 0.49774754047393798828 1.06360924243927001953 1.68296468257904030530 -1.60066449642181396484 0.08437402546405789461 -1.24214208126068115234 -1.73621225357055664062 -1.23660659790039062500 0.89575964212417602539
-1.48550200462341308594 1.14949715137481689453 0.32468461990356439761 -1.69329488277435302734 -1.02834856510162353516 -0.88700050115585327148 0.63686013221740722656 -1.49707257747650168689 -1.50905704498291015625 1.45104169845581032483 0.49907398223876947574 1.33461654186248779297 0.60738635063171386719 0.92457187175750721320 0.13252608478069299869 -1.18352544307708740234 -1.66094839572906494141 -0.78507393598556518555 1.60980057716369628906 -0.53664994239807128906 1.06794083118438720703 -1.56431674957275390625 -1.01288044452667236328 -0.56133395433425903320 -1.55671775341033935547 -2.39054751396179199219
-1.70897281169891357422 0.60235297679901123047 0.37322041392326349429 -1.59408628940582275391 -0.75181394815444946289 1.61190307140350341797 1.11821973323822021484 -0.13571606576442710179 1.42375457286834716797 -1.57169234752655029297 1.24812364578247070312 -0.61379724740982055664 -1.01187694072723410876 1.41445422172546408923 1.25978386402130126953 0.63376861810684204102 -0.71722871065139770508 0.36870625615119928531 0.60446244478225708008 -0.12570826709270468968 -0.37066417932510370425 -0.41260585188865661621 0.27304279804229730777 1.19317209720611550061 -1.22333478927612304688 -2.53675150871276899878
1.29549384117126464844 -0.23641742765903470125 0.73229718208312988281 -1.17246162891387939453 -1.39828753471374511719 -0.15403158962726590242 0.36103922128677368164 0.06518986076116560502 -0.68011170625686645508 1.10358345508575439453 0.27255144715309137515 1.28506124019622802734 0.04500130191445349953 1.35675203800201416016 0.02889459952712050000 1.02252078056335449219 1.64011776447296142578 -0.57591754198074340820 -0.06387323141098019685 -0.52288901805877685547 1.65683889389038085938 0.25629973411560058594 1.36556732654571510999 0.04203500598669050042 0.98780035972595203742 -0.70059394836425781250
1.07753145694732688220 -0.72070598602294921875 0.17337447404861450195 1.64587163925170898438 -0.51072210073471069336 0.11561548709869380602 -1.44431960582733154297 -0.27366954088211059570 -0.59980911016464233398 -0.56375759840011596680 0.13450251519680020418 -0.20007796585559839420 1.42460834980011008533 -0.43270435929298400879 -0.54499548673629760742 0.22978959977626800537 1.18091416358947753906 -0.80558741092681884766 0.57911968231201171875 -0.37066248059272760562 -0.54955321550369262695 -0.67076498270034790039 -0.20148086547851559724 0.75120210647583007812 1.35802423954010009766 0.74748080968856811523
0.99647641181945800781 -0.84007871150970458984 1.17171669006347656250 0.13456742465496060457 -0.64840054512023925781 -0.24697284400463098697 0.18292006850242609195 -0.09208991378545759721 0.35853239893913269043 -0.86890655755996704102 -0.65435039997100830078 -1.78713953495025634766 -0.69823259115219116211 -0.83448004722595214844 -0.44840213656425470523 -0.97784626483917236328 1.16704690456390380859 0.18758840858936309814 -1.45183312892913818359 -1.39245963096618630139 -1.30878627300262428967 -0.09305197745561599731 -0.26847961544990539551 -0.06228442117571830056 0.97073954343795776367 0.38328906893730158023
-0.87465429306030273438 1.37052500247955322266 1.60010302066802978516 -0.33888146281242370605 -0.26177459955215448550 0.28385195136070251465 1.20807993412017822266 -0.53569561243057250977 0.27874702215194702148 -0.48734343051910400391 -0.14531765878200531006 1.22855770587921142578 0.53118270635604858398 1.21155190467834472656 -0.38053220510482788086 -1.36681973934173583984 0.94474107027053844110 0.88204944133758544922 1.67960715293884277344 -0.50590580701828002930 0.46365749835968017578 -1.13614189624786376953 -0.75803345441818237305 -1.29828417301177978516 -0.70049399137496948242 0.52828514575958251953
0.98048192262649536133 -1.52256894111633300781 -0.34842503070831298828 1.76094734668731689453 1.52457094192504882812 -1.24598693847656250000 -0.44208392500877380371 -0.01299156155437230023 0.58214133977890014648 1.31721544265747070312 1.29486763477325439453 -0.05200515314936630246 0.68216007947921752930 -0.73894226551055908203 0.14537204802036279849 1.48476076126098632812 1.22652351856231689453 1.10173273086547829358 1.31851601600646950452 0.39870858192443847656 -1.73110628128051757812 1.25456202030181884766 -0.87503850460052490234 1.33839225769042968750 -1.68114006519317649158 0.30332890152931207828
0.30555456876754760742 1.28862702846527099609 0.66654193401336669922 1.50792968273162841797 1.08461904525756835938 0.44930690526962280273 -0.13850447535514828767 0.34817764163017267398 -0.83176904916763305664 0.14264206588268280029 1.34724426269531250000 -0.08093630522489539403 0.08155040442943570222 0.72927391529083251953 -1.44870662689208984375 0.69370973110198974609 -0.45505425333976740054 0.48924773931503290347 -0.58581042289733886719 1.50064671039581298828 0.18917621672153470125 -0.58450764417648315430 1.58805871009826660156 0.06545808166265479344 0.22350473701953879613 2.23020339012145996094
-1.26740145683288552014 0.33645606040954589844 -1.70402753353118896484 1.41902625560760498047 1.30546975135803222656 -1.64494085311889648438 -0.51216095685958862305 0.69254326820373535156 -0.89322233200073242188 -0.28789412975311279297 -0.78168123960494995117 1.07346355915069580078 0.55077975988388061523 0.99986666440963756219 -0.58476251363754272461 0.50308525562286376953 0.84101986885070800781 1.79379332065582275391 0.95636498928070079462 0.93483316898345958368 -0.58731597661972045898 -1.05250513553619384766 -0.90277588367462158203 -1.64774668216705322266 -0.51834952831268310547 1.10746502876281738281
-0.05365799367427819683 -0.00668208627030250028 0.79853028059005737305 -0.14835873246192929353 1.31299495697021484375 -0.28981697559356689453 1.45288383960723876953 -1.25386607646942138672 -0.93800067901611317023 0.29288902878761291504 -0.30593147873878479004 -0.94866669178009044305 1.33909320831298850329 0.27825742959976190738 1.56523334980011008533 0.23631106317043298892 0.51507967710494995117 -0.41949108242988580875 -0.39579313993453979492 -1.06544113159179687500 1.30237185955047607422 -1.42247903347015380859 -1.30977642536163330078 -1.00565242767333984375 1.60754215717315673828 0.55447840690612792969
-0.14738622307777399234 -0.21872587502002710513 0.02909427322447299957 1.76479423046112060547 -1.20419144630432128906 -1.55005991458892822266 0.62961488962173461914 1.64768195152282714844 1.37889993190765380859 -1.67714214324951149671 0.76422500610351562500 1.68035674095153808594 0.14466984570026389378 1.23225986957550048828 1.71614038944244384766 -1.66641855239868164062 1.62923514842987060547 -1.04931747913360595703 0.39352452754974359683 1.57479119300842285156 1.04025435447692871094 -0.82351022958755493164 0.69404524564743041992 1.33344185352325439453 -0.74703127145767211914 0.56902790069580078125
1.40211451053619384766 -1.19032037258148193359 -1.44651174545288085938 -0.75869697332382202148 -0.46328321099281311035 0.73344117403030395508 -0.27388933300971979312 -0.49703466892242431641 1.44978499412536621094 1.24538433551788330078 0.00683039706200360038 -1.60698997974395751953 1.53625905513763449939 0.87272006273269653320 0.16874760389328000154 -0.16269278526306149568 -1.34807813167572021484 1.20901823043823242188 -1.08689236640930175781 0.34718766808509821109 1.07960045337677001953 0.74412447214126586914 1.24636745452880859375 0.34884241223335260562 1.64580833911895751953 -0.56557458639144897461
1.10859739780426047595 -0.36253526806831359863 -1.67856717109680175781 -1.68440961837768554688 1.16181874275207519531 0.45822560787200927734 -0.20087400078773490208 -1.32578837871551513672 -0.71438163518905639648 -0.93506830930709838867 0.62304955720901489258 1.71754908561706542969 -1.52505934238433837891 1.46673345565795898438 -1.20419943332672119141 0.83956676721572875977 -0.66530203819274902344 -0.80166810750961303711 -0.14242133498191830721 -0.95306259393692016602 -1.03454864025115966797 -0.72509455680847167969 1.02208805084228515625 -1.14847254753112792969 0.37164095044136047363 0.07768392562866209550
0.16493844985961911287 -0.67697483301162719727 0.89637547731399536133 -0.59785580635070800781 1.39567077159881591797 1.65176701545715309827 1.14266157150268554688 -0.63312190771102905273 -1.56337594985961914062 -0.90921086072921764032 -0.65302562713623046875 -0.10668375343084329776 -0.32991352677345270328 -1.41719508171081542969 1.56841695308685302734 1.04329764842987060547 1.23115658760070800781 -1.37513864040374755859 0.90311062335968017578 1.10030233860015869141 1.45114374160766601562 -0.85184186697006225586 1.68843591213226318359 -0.72316706180572509766 1.66631114482879638672 0.17633785307407379150
0.71749693155288696289 0.71453458070755004883 0.34068477153778070621 1.56406271457672119141 0.79652750492095947266 -0.62455660104751586914 1.62681055068969726562 1.45700538158416770251 0.04464640840888019907 -0.08579384535551069779 0.04657874628901480241 1.08328938484191894531 -1.30395758152008056641 -1.32446515560150168689 0.32926815748214721680 1.65463364124298095703 0.76147925853729248047 -0.62202560901641845703 0.88071584701538085938 -0.74492520093917846680 -1.05497455596923850329 1.28613507747650168689 -1.13159906864166259766 0.74822700023651123047 1.15279495716094970703 1.69696545600891113281
0.94724911451339721680 -1.37949407100677490234 -0.90436232089996337891 0.15309968590736389160 0.12266349047422399343 0.53061693906784057617 -1.70358872413635231702 0.19249868392944330386 -1.55343866348266601562 1.20403265953063964844 0.28484162688255310059 -1.30109417438507080078 -1.27352535724639892578 0.94941097497940063477 0.35028776526451110840 0.71459621191024780273 -0.31250953674316400699 1.45031106472015380859 -0.95838999748229980469 -0.17020227015018460359 1.15926873683929443359 0.70412373542785644531 0.19957664608955380525 0.98598533868789683954 -1.66823244094848632812 -0.30023303627967828922
0.80389648675918579102 -1.28702139854431152344 0.43537551164627069644 -1.07011032104492209704 -0.21367192268371579256 -0.61001080274581909180 0.60026204586029052734 0.10889828205108639803 0.36242914199829101562 -1.36509752273559570312 1.68155860900878906250 0.62565082311630249023 -1.31422150135040283203 -1.28027725219726562500 0.11173723638057700414 -1.01613342761993408203 0.64274436235427856445 -1.74334156513214111328 1.01084375381469726562 -0.76880043745040893555 -0.42514413595199579410 1.19365084171295166016 1.06516718864440917969 0.23260931670665740967 -0.58504837751388549805 -1.41049110889434792249
-1.42890524864196777344 -0.52833402156829833984 0.52443772554397583008 0.38379126787185668945 0.60912960767745971680 0.62265741825103759766 0.06184601038694380326 0.39364665746688842773 -0.21660123765468589085 1.12497735023498535156 -1.56720936298370361328 -1.18469941616058349609 -1.21318054199218750000 -0.57026845216751098633 0.17088663578033438939 -0.42060562968254089355 -0.02730009518563740120 0.76912140846252441406 -1.56401216983795166016 -0.25235730409622192383 -0.71396034955978393555 0.70079499483108520508 -0.40474772453308099918 -1.02990055084228515625 1.66866278648376464844 -0.56781619787216186523
-0.86271053552627563477 1.30975270271301269531 1.53519964218139648438 -1.33681905269622802734 0.21229825913906089085 -0.18802553415298459139 -0.94968956708908081055 -1.42169725894927978516 1.13649129867553710938 -0.79894739389419555664 0.39330324530601501465 0.17090071737766260318 -1.54992520809173583984 -0.31715899705886840820 -1.14859068393707275391 1.50639331340789794922 1.37751793861389160156 1.11105835437774658203 0.08692678064107889346 0.39608255028724670410 1.47356903553009033203 -0.33855912089347839355 0.65520089864730834961 0.12382916361093519730 -0.39939138293266290836 0.02594918571412559855
0.51956796646118164062 -0.85046559572219848633 -1.20815622806549072266 -1.42205035686492919922 0.55785614252090454102 -0.69039011001586914062 -1.55679178237915039062 1.53461754322052001953 -0.05659406632184980218 -0.89025664329528808594 -1.25939834117889404297 0.51055175065994262695 1.54416692256927490234 -0.43709984421730041504 -0.59324288368225097656 1.14769685268402099609 -0.23793236911296838931 1.59282219409942649158 -0.68487924337387084961 -1.28904807567596435547 -0.28165152668952941895 -1.14849734306335449219 1.72411096096038818359 1.43183791637420632092 0.20110143721103659886 -0.91673821210861194952
1.41127955913543701172 -1.37990784645080566406 0.21046863496303550023 0.38770997524261469058 0.10992468148469919376 1.01196837425231911389 0.32747840881347650699 1.32879245281219482422 -0.93162810802459716797 1.55440652370452880859 0.80874437093734741211 1.52870881557464599609 -1.20865666866302490234 -1.59712505340576149671 0.97902500629425037726 0.93160909414291381836 -0.73556846380233764648 1.36340773105621337891 -1.39084589481353759766 1.09574139118194580078 0.58823961019515991211 -1.04462587833404541016 -1.10038518905639648438 -0.84446531534194946289 -0.25936290621757507324 -0.62810045480728149414
-0.28285458683967590332 -0.65454459190368652344 -1.36189794540405273438 -1.36907351016998291016 1.53512990474700927734 0.71054786443710327148 -0.53524649143218994141 1.37106657028198242188 1.02488374710083007812 -0.11019878834485999364 -0.52945673465728759766 1.19116187095642089844 -0.64506077766418457031 1.44703948497772216797 1.51274585723876953125 -1.38132154941558837891 0.89915049076080322266 0.33684018254280090332 -1.51282417774200439453 0.72392749786376953125 0.59214311838150024414 -1.07676959037780761719 0.10534378141164779663 -0.82166016101837158203 -0.70898091793060302734 -0.58830034732818603516
-0.00471483264118429963 -1.22914433479309082031 1.45549190044403076172 0.75654351711273193359 -0.16022026538848868626 -1.00980639457702636719 0.04057628661394110242 -0.87487453222274780273 -0.93434828519821155890 1.72027063369750976562 1.59606814384460449219 -0.00903518591076130084 -1.80170524120330810547 0.08978646248579019717 1.38468790054321289062 0.78176903724670410156 0.87697941064834594727 -0.47621211409568781070 -0.63177639245986938477 0.05190345644950859760 -0.87786310911178588867 -0.95476776361465442999 -1.36685037612915039062 0.33755782246589660645 -0.18715025484561920166 0.41004976630210870914
1.65878021717071510999 -0.70620906352996826172 0.50289791822433471680 0.21396042406558990479 1.35165297985076904297 -1.22644269466400168689 1.32765245437622070312 0.71956402063369750977 0.57557445764541625977 0.79906958341598510742 -0.12050169706344600329 0.90116339921951282843 -0.46079352498054498843 -0.63268584012985229492 -1.01988852024078369141 1.40390658378601074219 1.56066095829010009766 -0.44889983534812927246 0.35402753949165338687 0.00421632640063759976 -1.01440536975860595703 0.05061876773834220189 -1.14192974567413330078 1.45981001853942871094 1.57992792129516601562 0.79674392938613891602
0.23145511746406549625 0.01477763988077640013 -1.34192681312561035156 0.08381087332963939318 -0.03053733147680750062 -1.67940866947174072266 0.88747113943099975586 0.62730240821838378906 0.79369431734085083008 -1.36221325397491455078 0.50348865985870361328 -1.59943222999572753906 1.16805946826934792249 -1.39186978340148925781 0.75850743055343627930 -1.47859370708465576172 1.32893717288970969470 1.22686707973480224609 0.02064566500484939920 1.10503792762756369861 1.47334873676300048828 0.95941448211669921875 1.35863304138183593750 -0.54428291320800781250 0.62693005800247192383 1.06003499031066894531
-1.65236759185791015625 0.73472046852111816406 -0.14557258784770960025 -0.04838732257485389709 -0.47412067651748657227 1.47442996501922607422 0.66982853412628173828 -0.83149385452270507812 -1.54366362094879150391 -1.23801696300506591797 1.03260886669158935547 1.07349669933319091797 -1.07376086711883544922 0.50988209247589111328 -1.45358455181121848376 -0.93043011426925659180 0.90674018859863281250 -0.13779962062835690584 -0.29643216729164117984 0.26931017637252807617 0.86169439554214477539 0.53381931781768798828 0.56572234630584716797 -0.42802137136459350586 0.02719997987151140037 -1.10635995864868164062
1.30326294898986816406 -0.01402071490883819924 0.10959880053997039795 -0.58606487512588500977 -0.63438290357589721680 1.57951724529266357422 0.54329127073287963867 0.05049674212932579731 -1.53439104557037353516 -1.11543798446655273438 -1.24408340454101562500 0.65113663673400878906 -1.25710654258728049548 0.95764315128326416016 0.10560836642980570010 0.32938989996910089664 -0.56404083967208862305 -0.65488243103027343750 0.24567474424839019775 1.76519083976745605469 -0.65244156122207641602 1.02570557594299316406 -1.42810034751892089844 -0.69140934944152832031 -0.45434892177581781558 -0.09696759283542630281
-1.51026809215545632092 0.38838380575180048160 0.97684997320175159796 1.47896575927734375000 -1.21252036094665527344 1.37532246112823486328 0.00985114276409139976 0.56281906366348266602 -0.91539216041564941406 0.37610304355621337891 -0.23149418830871579256 1.28285825252532958984 -0.83779692649841308594 1.29614734649658203125 1.68201255798339843750 -1.11522698402404807361 -0.47935578227043151855 0.37333518266677850894 -0.29794779419898981265 -0.82892000675201416016 -0.44916611909866327457 1.54938876628875710217 1.09258365631103515625 -1.23028874397277832031 -0.02422766014933579876 -0.14611664414405819978
-0.52007609605789184570 1.21851754188537597656 -1.62210154533386230469 0.77186387777328491211 0.99559891223907481805 0.64976352453231811523 -1.73446464538574218750 -1.54633605480194091797 0.64800721406936645508 -0.46259105205535888672 -1.10922813415527343750 -0.12633024156093589085 0.69366347789764404297 -1.47708380222320556641 -0.66455209255218505859 -1.03758633136749289783 -1.00959515571594238281 1.16433537006378151624 -0.81355124711990356445 -0.61627221107482910156 0.88375866413116455078 -0.61171615123748779297 1.08434689044952392578 -0.78620463609695434570 1.72529125213623046875 1.82920944690704367908
-0.37907534837722778320 1.51966369152069091797 0.77476906776428222656 0.77230173349380493164 1.51106727123260498047 -1.06346213817596435547 1.49214351177215576172 0.19340303540229789037 -0.19333109259605399388 -1.49933695793151855469 1.50960969924926757812 1.44847369194030761719 0.96637570858001720087 1.57254254817962646484 -0.24948811531066888980 1.03003680706024169922 -0.46674257516860961914 0.88200497627258300781 -0.99132329225540161133 -0.51185017824172973633 -0.99262726306915283203 0.83387029170989990234 0.01894574426114550153 0.41505095362663269043 0.65676295757293701172 1.93784260749816894531
-1.25775980949401855469 -1.53557312488555908203 -1.73007822036743164062 0.32792311906814569644 -0.72743755578994750977 0.25932526588439941406 -1.11041188240051269531 -1.11956059932708740234 -1.54684150218963623047 1.73955059051513671875 -0.08587271720170970568 0.16749599575996398926 -0.22339314222335809879 1.00842344760894775391 1.25944578647613525391 0.56299829483032226562 1.41544783115386962891 1.12356114387512207031 -0.94926142692565917969 -0.51733988523483276367 0.33576789498329162598 -1.34252393245697021484 -0.40513512492179870605 -1.13939821720123291016 0.25787258148193359375 -0.69809579849243164062
-0.52200561761856079102 1.71559894084930419922 -0.18409812450408929996 -1.63236844539642311780 -0.52012264728546142578 0.12935036420822140779 0.35808363556861877441 0.99588751792907714844 0.96721959114074718133 -1.24501347541809082031 0.20456813275814050845 0.92727899551391601562 0.45409366488456720523 0.54245609045028686523 -1.43500602245330810547 -1.64951550960540749280 1.44315314292907714844 -0.36878472566604608707 0.54663950204849243164 0.22749173641204831209 -1.26030349731445312500 -1.15513443946838378906 -0.59425890445709228516 1.74773371219635009766 -0.18460649251937860660 -0.51286244392395019531
-0.04276179894804949672 -0.60992920398712158203 -1.56331515312194824219 0.06534322351217269897 -0.48594406247138971500 0.48033589124679559879 1.39434087276458740234 0.26277199387550348453 -1.07157611846923850329 -0.48536777496337890625 -1.56440234184265136719 0.17416785657405850496 0.36965435743331909180 1.71255218982696510999 -1.47312378883361816406 -1.49487364292144775391 1.09183394908905029297 0.61120837926864624023 -1.32804965972900390625 -0.99885439872741699219 0.80815625190734863281 -1.33839905261993408203 -1.55873513221740722656 0.54889935255050659180 1.62380099296569824219 0.23162110149860379305
0.74380141496658325195 1.21019995212554909436 -1.72845184803009033203 1.41077995300292968750 1.27864480018615722656 1.60092365741729736328 -1.76148462295532248767 -1.20508849620819091797 -0.78598356246948242188 -0.43473538756370538882 -0.80545431375503540039 -1.52302765846252441406 -1.49011564254760742188 -0.62528222799301147461 0.37843060493469238281 -0.52964550256729125977 0.75405657291412353516 1.09324085712432861328 -1.19002985954284690173 0.28586599230766290836 0.13571362197399139404 1.69829082489013671875 -0.22359852492809290103 -0.77691656351089477539 -1.11119222640991210938 2.68204069137573242188
-0.21666452288627618961 -0.31205472350120538882 -0.31444776058197021484 1.24236774444580078125 -0.68603044748306274414 0.07504282891750330142 -0.48801326751708978824 -0.20795117318630210179 -0.04396829009056089921 -1.31623411178588889392 1.63492131233215309827 0.42907914519309997559 -1.11055862903594970703 -0.63018083572387695312 -0.57082897424697875977 -0.74021136760711669922 -0.40436476469039911441 -1.79450619220733642578 -0.04393266141414640252 0.42862159013748168945 1.03266704082488991467 1.34448814392089843750 0.50652104616165161133 0.53550225496292114258 1.32719790935516357422 0.38473525643348688297
-0.93259364366531360968 1.32669949531555175781 1.32193624973297119141 0.13530029356479639224 -0.33140328526496881656 -0.57163119316101074219 -0.21420091390609741211 -1.58434116840362571033 1.60083532333374023438 1.44467854499816894531 -1.59533345699310302734 0.88170522451400756836 1.02666127681732177734 -1.59619915485382080078 1.30138981342315673828 -0.65686762332916259766 -0.99053031206130981445 0.65108186006546020508 -0.90282577276229858398 -0.17009767889976498689 -0.61804670095443725586 1.65374124050140380859 -0.29432964324951171875 -0.93014508485794078485 0.58911919593811035156 0.15284271538257598877
1.20042049884796142578 1.15426254272460937500 0.42318442463874811343 -0.01888663321733469874 0.57674962282180786133 1.16118824481964111328 1.58834254741668701172 0.98914659023284923212 -1.49386382102966308594 -1.39174854755401589124 -0.00428711855784049984 1.54580008983612060547 0.14165836572647089175 1.77354466915130615234 -1.41140377521514892578 1.32087624073028564453 -0.47427120804786682129 -0.75094407796859741211 -1.00282454490661621094 -1.41196703910827636719 1.04318940639495849609 1.32043766975402832031 0.53095883131027221680 0.52733218669891357422 1.39680135250091552734 0.05556762963533400101
-0.72822302579879760742 0.78355431556701660156 -0.52251070737838745117 -0.83379220962524414062 1.45345711708068847656 -1.16971409320831298828 0.78818416595458984375 1.31407272815704367908 -0.29844379425048828125 1.64421451091766357422 -0.08216835558414449514 0.10632999241352079911 -1.24542284011840820312 0.22090950608253479004 0.63197898864746093750 0.28217652440071100406 -0.14637899398803710938 -1.07038629055023193359 1.73542416095733642578 1.17839205265045166016 1.60258781909942649158 -1.06230354309082031250 0.81769716739654541016 1.70771300792694091797 -0.73092240095138549805 0.24383020401000971011
-1.47927224636077880859 0.70421642065048217773 0.35176491737365722656 1.50518512725830078125 1.20831406116485595703 1.15104413032531738281 1.09583365917205810547 -1.45290207862854003906 0.16938753426074978914 1.66546678543090820312 -1.21642756462097167969 1.24437534809112571033 0.36004722118377679996 1.66563725471496582031 1.37550425529479980469 1.64085125923156738281 -0.12227152287960049715 -0.74557095766067504883 0.09309165179729460282 -0.37310895323753351382 -0.96525567770004283563 -1.08036208152770996094 -1.29560184478759765625 0.08936380594968790225 1.24850523471832275391 0.15113170444965359773
0.97548198699951160773 -0.90518897771835316046 1.40674722194671630859 1.53623986244201660156 1.25591695308685302734 0.30284994840621948242 -0.36249306797981262207 0.73780286312103271484 -0.65485894680023193359 1.20703685283660888672 0.13567623496055600252 -1.32999634742736816406 -0.13838450610637659244 -1.05984055995941162109 -0.26241117715835571289 -0.31332147121429437808 -1.45229709148406982422 0.80078768730163574219 -0.25202903151512140445 -0.37829244136810302734 0.95881497859954845087 -1.04413545131683349609 -0.80405449867248535156 0.10811164230108259721 -1.61704468727111816406 1.52195727825164794922
1.30369973182678222656 -0.23728367686271659154 -0.49039661884307861328 0.57945591211318969727 -1.35027146339416503906 0.17636233568191519994 -0.51402992010116577148 1.03866064548492431641 0.49337473511695861816 0.66953885555267333984 0.11813549697399139404 -0.33184042572975158691 -0.81278550624847412109 -0.96074527502059936523 1.03676676750183105469 -0.85834306478500366211 0.74802273511886596680 1.64750671386718750000 -0.57698410749435424805 -0.57074058055877685547 0.37532365322113031558 0.86877548694610595703 0.64720773696899414062 -0.06816202402114859837 -1.11139678955078125000 0.44995784759521478824
-0.63877093791961669922 -0.23611511290073389224 1.15796697139739990234 0.93975865840911876337 1.13210487365722656250 -0.27282023429870599918 1.31641614437103271484 0.26370635628700250797 0.00408299034461370031 -0.65690588951110839844 0.19943016767501831055 1.57010185718536376953 -0.33264699578285217285 -0.07543093711137770219 0.44030290842056268863 -0.82179552316665649414 0.74341857433319091797 1.76858210563659690173 -1.20160055160522460938 0.17908729612827301025 -0.38487699627876281738 1.38436865806579589844 -0.61445575952529907227 -1.73961305618286110608 1.46819269657135009766 1.08824717998504638672
-0.90794551372528076172 1.60163569450378417969 -1.50842142105102539062 1.14762914180755615234 0.84663659334182739258 -1.59435331821441650391 0.70831274986267089844 -1.61412692070007324219 1.42097890377044677734 -0.20700949430465689916 -0.45647895336151117496 -0.10354889929294580631 1.01758205890655517578 -1.40344059467315673828 -1.10764718055725097656 -0.73055630922317504883 0.57444471120834350586 0.57232511043548583984 1.32308757305145263672 -0.67061406373977661133 -0.18713423609733578767 -1.53043925762176513672 1.48292553424835205078 -0.94902795553207397461 -0.84797632694244384766 1.10540688037872314453
-1.74464464187622070312 -1.40902817249298095703 -1.79318296909332275391 0.50987070798873901367 -0.82282602787017822266 -0.68251514434814453125 -0.68129211664199829102 -1.65445446968078591077 1.00715410709381103516 1.66925704479217529297 -1.23567318916320800781 0.20631784200668329410 -0.96217280626296997070 -0.61187398433685302734 -0.01129844225943080031 1.45793688297271728516 -0.83122760057449340820 -0.15202260017395019531 1.03106665611267089844 0.67903345823287963867 1.36774194240570090564 1.34671235084533691406 0.17667236924171439427 1.47528851032257080078 1.11687445640563964844 -0.37204626202583307437
0.83868598937988281250 0.73391807079315185547 -0.67998576164245605469 1.02794921398162841797 0.22439503669738769531 -0.96121376752853404657 -0.91599935293197642938 0.98514193296432495117 0.86092352867126464844 1.26771795749664306641 -0.79864829778671264648 -0.37449738383293151855 -0.48330774903297418765 -0.39750328660011291504 -1.55731034278869628906 0.10204604268074030093 -0.79206681251525878906 -0.00570221198722719973 0.18744979798793789949 -1.44697034358978271484 -1.50794899463653564453 0.56417679786682128906 -0.52565866708755493164 -0.74776202440261840820 1.17871713638305664062 1.40624737739563010486
-0.97410768270492564813 1.47497105598449707031 -1.63819575309753417969 0.54667824506759643555 0.74363344907760620117 -1.11669695377349831311 -0.34850960969924921207 -0.94035750627517700195 0.58487057685852050781 0.76608204841613769531 0.83859211206436157227 1.17237794399261474609 -0.32026970386505121402 1.57211351394653320312 -0.21900677680969229955 -0.04812123998999590091 0.86625957489013671875 0.45393437147140497379 -1.68159675598144509046 0.00876914337277409986 0.06689502298831939697 -1.25886094570159912109 0.52578645944595336914 1.52544414997100830078 0.82244789600372314453 1.13483381271362304688
-0.27387851476669311523 1.09018158912658691406 -1.59438264369964599609 1.28401505947113037109 -0.98331558704376220703 -0.23090882599353790283 -1.24952077865600608142 -1.29371774196624755859 1.34798574447631835938 -0.80276173353195190430 0.81351977586746215820 0.89270710945129394531 -1.33163642883300781250 -1.15362620353698730469 -0.83708643913269042969 1.66441059112548850329 0.09007082134485240588 0.52800339460372924805 1.68538904190063476562 1.51527106761932350842 0.87987977266311645508 0.85325372219085693359 1.21531820297241210938 0.90902596712112437860 -0.46525645256042480469 1.68624520301818847656
-0.92058026790618896484 -1.52973735332488991467 0.39038127660751342773 -0.80782973766326904297 0.84711760282516479492 0.40748733282089227847 -1.00727033615112304688 -0.95495533943176280633 1.09224617481231689453 -0.92171734571456920282 -0.39858004450798029117 -0.77198779582977294922 -0.92759984731674205438 0.63982272148132324219 -1.67985093593597389905 -0.91379958391189575195 -1.21118223667144775391 0.35126751661300659180 -1.12152409553527832031 -0.67258012294769287109 0.53542160987854003906 0.06023015826940530254 -0.87657219171524047852 1.38239955902099609375 -1.19311535358428955078 -1.66000247001647949219
-1.60704815387725830078 0.99906021356582641602 -0.49653926491737360172 1.69906604290008544922 -1.25248539447784423828 -1.62425601482391357422 -0.27762103080749511719 1.63614785671234130859 1.21448624134063720703 -0.88217896223068237305 0.30693724751472467593 0.47058412432670587711 1.54087877273559570312 1.64153838157653808594 -1.00280117988586447986 -1.23928475379943847656 0.30283904075622558594 -0.51933109760284423828 -0.17354132235050198640 1.00669991970062255859 0.30645868182182312012 0.11287886649370189318 0.94528353214263916016 -0.77632170915603637695 -0.77753299474716186523 -0.70008289813995361328
-0.50308299064636230469 1.59671866893768310547 1.55194926261901855469 1.40040898323059082031 0.21759161353111258763 0.90941852331161499023 -0.13122552633285519685 -1.21985363960266113281 1.27007353305816650391 1.64831387996673583984 0.33953052759170532227 -0.79263025522232055664 1.05883967876434326172 -1.05668675899505615234 -0.69031643867492675781 0.35417592525482177734 -0.60405313968658447266 -0.85444867610931396484 0.65209347009658813477 -0.56967276334762573242 1.22943437099456809314 0.79168194532394409180 -1.04172086715698242188 -1.60407650470733642578 1.09059190750122070312 2.23007202148437500000
1.36264777183532714844 0.99684065580368041992 -1.27136158943176269531 -0.23071652650833129883 -1.16405582427978515625 -0.29268392920494079590 0.72474187612533569336 1.53391504287719726562 -0.48193156719207758121 0.71698379516601562500 -0.05120622366666789660 0.66178166866302490234 1.41455948352813720703 -1.57913184165954589844 -0.27473279833793640137 0.00305020087398579984 -0.91739112138748157843 -0.28208836913108820132 1.27795422077178955078 -1.02910554409027099609 -0.00235266773961480009 0.79007339477539062500 -0.16012181341648099031 -0.12571625411510459203 -0.48720219731330871582 0.52213197946548461914
-0.71431535482406616211 -0.82306879758834838867 0.58606612682342529297 -0.56902575492858886719 0.95128202438354481085 -0.93764793872833240851 0.12327831983566280016 1.30887842178344726562 1.02882552146911621094 1.68629491329193115234 -1.36164522171020507812 0.19464221596717828922 0.50131201744079589844 0.24631302058696741275 0.33681771159172058105 -1.07003295421600341797 -0.25845125317573547363 -0.54548990726470947266 1.40962922573089599609 -1.04381132125854492188 -1.52896761894226074219 -0.27601829171180719547 -1.21075820922851562500 -1.44160604476928710938 -1.33478033542633056641 -1.04406023025512695312
-1.74679982662200927734 0.96800905466079723016 1.10155975818634033203 1.35866677761077880859 -0.71786314249038696289 -1.27033340930938720703 0.30454334616661071777 -0.85802972316741943359 -0.35607892274856567383 1.16469216346740722656 0.81340116262435913086 -1.61022424697875976562 1.37061536312103271484 1.03467714786529541016 0.40789255499839782715 -1.37967133522033691406 0.21533949673175808992 -1.68815171718597389905 1.18108868598938010486 -0.20744271576404568758 -0.56042957305908203125 -0.00398820592090480021 0.81125032901763916016 0.43032437562942499332 -0.86221331357955932617 -0.36533024907112121582
-0.37848547101020807437 0.33561936020851129703 0.67858397960662841797 0.42819425463676452637 1.16756308078765869141 0.19440893828868860416 0.93192726373672485352 -0.43963158130645751953 1.66903948783874511719 -1.14595186710357688220 -1.22607028484344482422 -0.35006543993949890137 -0.04376588389277449864 0.69579207897186279297 0.59035843610763549805 -1.72085022926330566406 -1.15425443649291992188 -1.40006065368652343750 0.51407557725906372070 -0.05400864034891120213 -0.84051716327667236328 0.02294868603348729913 -0.80751222372055053711 -0.19117660820484161377 -1.13749504089355490954 0.76186829805374145508
0.17123754322528839111 0.07119688391685480289 1.58016455173492431641 0.73318505287170410156 0.53496247529983520508 -0.97868245840072642938 -0.46283161640167230777 0.81797486543655395508 -0.53488910198211669922 0.76892417669296264648 -1.49737215042114257812 -0.04637059569358820132 -1.58649480342864990234 0.18147775530815118961 -1.06606662273406982422 0.68333357572555541992 0.56339448690414428711 1.74232351779937744141 1.10956394672393798828 1.77486801147460937500 -0.26984846591949457340 -1.51877427101135231702 -1.46597182750701904297 0.53088241815567016602 1.66697335243225097656 1.73315787315368630139
1.20173966884613037109 0.11220475286245340518 -0.79785102605819702148 1.11760175228118896484 -0.76434880495071411133 -0.88941091299057006836 0.41961854696273798160 -0.03246996551752089760 0.09728423506021499634 1.33349275588989257812 0.73706650733947753906 -1.16020119190216064453 1.53828132152557350842 -1.03639328479766845703 1.63513982295989990234 0.92198956012725841180 -0.60561066865921020508 -0.18096655607223510742 -0.63330692052841186523 -0.10352624207735060258 0.55041170120239257812 0.07739858329296110673 0.43051519989967340640 -1.48727941513061523438 -0.10603033006191249499 0.94051212072372436523
-0.66730564832687377930 -1.71575188636779807361 -1.24493515491485595703 -0.60717892646789550781 0.99999815225601196289 1.51154994964599609375 1.47108876705169677734 1.22039437294006369861 -1.61162817478179909436 0.20017349720001220703 1.50092589855194091797 1.23267066478729248047 0.14730568230152130127 -1.65715634822845458984 -0.05528016388416290283 -0.11593099683523169774 -0.00208451738581060019 0.81875526905059814453 -0.30591315031051630191 -1.52571260929107688220 0.07848615944385520238 -1.25947916507720969470 -0.76704514026641845703 0.29793888330459589175 -0.00966771598905320079 -1.18606507778167724609
-0.32445305585861200504 1.00037419795989990234 0.96451741456985484735 -1.68153369426727294922 -1.08788442611694335938 0.08588152378797529740 -0.06621595472097389912 -0.60396295785903930664 -1.60981464385986328125 1.47240734100341796875 1.36905825138092041016 0.63902103900909423828 -0.38607245683670038394 -0.53365027904510498047 0.16376496851444238834 0.03232567757368080136 1.50689613819122314453 -1.11400485038757324219 0.83712232112884521484 0.10452544689178459858 0.15389676392078399658 1.41457629203796408923 0.64479416608810424805 -1.12936627864837646484 -0.03752642124891279740 -0.74942249059677124023
-1.21639513969421408923 -0.31035891175270080566 -1.14182388782501220703 -0.91818362474441517218 -1.66910767555236816406 0.14683754742145530003 1.04522979259490966797 0.18271841108798980713 -1.05305278301238991467 -0.66254603862762451172 -1.56876218318939208984 0.70887666940689086914 0.91767191886901855469 -0.52317321300506591797 0.48010581731796259097 -1.34363055229186989514 -0.96533173322677601202 0.10637993365526199341 1.32418453693389892578 -1.26790916919708229749 1.15478515625000000000 -1.47049474716186523438 1.06639683246612571033 0.41369313001632690430 -0.32686474919319147281 -1.81168508529663085938
-1.47241210937500000000 0.52164143323898315430 0.89352780580520629883 -1.36126363277435302734 -0.40929198265075678043 0.73076498508453369141 -1.13941371440887428967 -0.05541562288999549862 -0.72564470767974853516 -1.66312539577484130859 -1.30676865577697753906 0.98028910160064697266 -0.22061623632907859105 1.57367360591888449939 -0.47705838084220880679 -1.19040298461914062500 0.56623363494873046875 1.30254578590393088611 -0.62569546699523925781 1.60520315170288085938 0.77884858846664428711 1.09559726715087890625 1.43366396427154541016 1.42708730697631835938 0.82415807247161865234 -1.64444136619567871094
-1.58296334743499755859 0.17490054666995999422 -1.83054280281066894531 1.03981983661651589124 -0.75931274890899658203 -0.00687489053234449990 0.08651809394359580296 -0.74624812602996826172 0.99270617961883544922 1.28631603717803955078 -0.57019251585006713867 0.42210564017295837402 1.20262730121612571033 1.48502492904663085938 -0.83921474218368530273 0.09439633041620250353 0.60605305433273315430 0.85579025745391845703 -1.09120392799377441406 -1.31821525096893310547 1.11121547222137428967 -1.21455430984497070312 -1.45246565341949462891 1.73389375209808349609 -0.45939990878105158023 0.36844569444656372070
0.29860150814056390933 -0.53355717658996582031 -1.09472239017486550061 0.56906598806381225586 -1.55765974521636962891 -1.11624515056610107422 0.58453702926635742188 -1.24813508987426757812 1.69074082374572753906 1.52023780345916770251 -0.78738582134246826172 1.10324680805206298828 0.11233460158109659366 0.33616048097610468082 1.66903710365295410156 0.93661010265350341797 1.34256303310394287109 -1.76225173473358154297 -0.30408784747123718262 0.38217154145240778140 -1.05457043647766113281 1.52342307567596435547 1.56777477264404296875 -0.91137462854385375977 0.08203867822885510530 0.27841889858245849609
0.98204320669174205438 -1.05014991760253906250 -0.97695261240005482062 -1.53999710083007790296 0.11654294282197949495 0.44001391530036920718 -0.39002487063407897949 1.46390080451965309827 1.15976512432098410876 -0.28595882654190057925 1.11082577705383300781 0.83645200729370117188 1.39732635021209716797 -0.22723636031150809544 0.88756394386291503906 -0.97814971208572398798 -1.00547146797180175781 -1.06074619293212890625 -0.56034052371978759766 -0.37816581130027770996 0.26323100924491882324 -0.30072623491287231445 -0.08881934732198709659 1.68406641483306884766 0.82621091604232788086 -0.90797340869903564453
1.45775640010833740234 0.43494427204132080078 -0.13518208265304559879 1.77624404430389404297 -1.31823110580444335938 0.68586736917495727539 0.24396991729736319798 -1.32145094871520996094 0.05024797841906539914 -0.39737606048583978824 0.30563890933990478516 -1.04510390758514404297 0.51282566785812377930 1.26868748664855957031 -0.02190713770687580109 -0.91683155298233043329 0.90739667415618896484 1.48396325111389160156 1.04826343059539794922 -1.08645594120025634766 0.21528935432434079256 -0.18864208459854120425 -0.48952147364616388492 -0.61653953790664672852 0.00231814337894320011 1.04261434078216552734
-0.15560449659824371338 -0.87491625547409057617 0.35389545559883117676 -1.07245922088623046875 -1.62374544143676757812 1.23612928390502929688 -1.61901891231536887439 -1.36543071269988991467 0.96439909934997558594 0.93659907579421997070 -0.37501400709152221680 0.90522783994674682617 -0.55029046535491943359 -1.15318715572357177734 1.61480665206909179688 -1.35979974269866943359 -0.01412681769579639951 1.41737031936645507812 -1.34876585006713889392 1.72964096069335937500 -1.64063143730163552014 -0.36383783817291259766 -0.95457386970520019531 -0.97030264139175415039 -1.48211336135864257812 -1.51011192798614501953
-1.16894304752349831311 -0.16556054353713989258 -0.21275284886360160130 -0.59421479701995849609 0.16849397122859949283 0.66638129949569702148 1.55581259727478049548 0.19313238561153409090 -0.78394287824630737305 -0.83494174480438232422 1.40466928482055664062 -0.13904796540737149324 0.76042872667312622070 0.45257014036178588867 -0.28201615810394281558 -0.64394325017929077148 0.12322518974542609471 0.87705427408218383789 -0.98771423101425159796 -0.37521135807037347965 -0.82910126447677612305 -0.30502799153327941895 -0.28425234556198120117 -0.51480305194854736328 0.77983844280242919922 -0.99196469783782958984
-1.32352578639984130859 -0.57150948047637939453 1.06306707859039306641 -1.09608495235443115234 -0.44535127282142639160 -1.38509523868560791016 0.80130130052566528320 -0.48259392380714410953 0.75679272413253784180 -1.25218904018402099609 1.77524018287658691406 0.48695823550224298648 0.73922210931777954102 -1.01539933681488037109 -0.13050827383995050601 0.48936468362808227539 0.72455507516860961914 1.23292434215545632092 -0.70792567729949951172 0.92661666870117198602 -0.76542961597442626953 0.24752518534660339355 1.10823369026184082031 -0.62291508913040161133 -0.02906120568513869892 -1.23990750312805175781
-1.73471164703369140625 1.47461605072021484375 0.81730717420578002930 1.37163555622100830078 -0.09918018430471420288 -0.44818350672721857242 -1.26004886627197287829 1.37055873870849609375 1.10308432579040527344 -0.12097015976905819978 1.36773967742919921875 -0.73908317089080810547 -0.23634830117225638646 -0.58921390771865844727 -0.28322410583496088199 -1.47428250312805175781 -1.48425650596618630139 1.30630314350128151624 -1.42769622802734375000 -1.51448392868041992188 1.54952061176300048828 0.38773751258850097656 0.08387189358472819933 -0.21059259772300720215 0.06649879366159429372 -0.39602524042129511050
1.65514004230499289783 -1.49933612346649169922 -0.87971037626266479492 0.36106860637664789371 0.84070938825607299805 0.46034127473831171207 0.77600193023681640625 -0.50068330764770507812 0.34828010201454162598 -1.02246260643005371094 1.08165335655212402344 0.11371491849422450671 1.26208591461181640625 1.60732376575469970703 0.64814484119415283203 -0.03891741856932640076 0.77388751506805419922 1.72971856594085693359 0.40586566925048828125 -1.31330180168151855469 0.86528980731964111328 0.63907003402709960938 0.89275866746902465820 0.78942865133285522461 1.76364481449127197266 -0.33243680000305170230
-0.05990432575345029653 -1.20542466640472389905 0.30683973431587219238 0.74334353208541870117 1.32611429691314697266 1.52561414241790749280 1.46774041652679443359 1.38187682628631591797 -0.62348502874374389648 1.44003534317016601562 -0.84522902965545654297 0.38897377252578729800 1.10710644721984863281 -0.73012453317642211914 0.71922743320465087891 -0.42777195572853088379 1.50143301486968994141 0.27670249342918390445 -1.26637649536132790296 -0.67999851703643798828 0.85949921607971191406 -1.10592460632324218750 -0.29961147904396051578 0.31041997671127319336 0.88940858840942382812 -0.28617736697196960449
-1.72850298881530761719 1.66033875942230224609 1.09407055377960205078 -0.71444869041442871094 -0.31798166036605829410 1.29119884967803955078 -0.67455667257308959961 0.59293526411056518555 -1.33556175231933593750 -0.57652944326400756836 1.72293674945831298828 -1.08638906478881835938 -0.62150716781616210938 0.12110172212123869462 1.68836450576782248767 1.29265558719635009766 1.61395025253295898438 1.18724381923675537109 -1.57090294361114501953 -0.37158787250518798828 -1.68959438800811767578 -1.55542421340942382812 -0.48675191402435302734 -0.84773296117782592773 0.58807516098022460938 -1.45523500442504882812
1.73551535606384277344 -0.85640662908554077148 -0.24036434292793271150 0.37522032856941217593 -0.45319506525993341617 0.52980327606201171875 -0.01067146100103849929 -0.49355867505073547363 0.91713726520538318976 1.74063086509704589844 -1.28218817710876464844 -1.60273909568786621094 0.46144261956214899234 -0.30996054410934448242 -0.80534446239471435547 1.28773987293243408203 -1.55127298831939697266 -1.36278855800628662109 0.15617355704307550601 -1.40378034114837646484 0.64742457866668701172 -1.15307009220123291016 -1.34096884727478049548 1.53329813480377197266 0.82439756393432617188 -0.05349926650524129690
-0.37671995162963861636 -0.35173547267913818359 -0.22701595723628989476 -0.39680716395378107242 -0.61831283569335937500 -0.64761579036712646484 0.13480292260646820068 -1.38308632373809792249 1.10224258899688720703 -0.32427519559860229492 0.19227680563926691226 -0.45099371671676630191 -0.00480438396334639979 0.70696359872817993164 1.14428853988647460938 -0.68354517221450805664 -0.84909826517105102539 -0.86692625284194946289 -1.53224480152130126953 -0.10093560814857480135 -0.51863425970077514648 -1.59973454475402832031 -0.61512160301208496094 -0.64043807983398437500 0.68891835212707519531 -0.86652475595474243164
0.77064102888107299805 0.63316553831100463867 -1.85794556140899680408 0.83988869190216064453 -0.62397247552871704102 -0.44163808226585388184 1.44574439525604248047 -0.62876564264297485352 -1.70657277107238769531 -1.53782844543457031250 0.23832306265830990877 0.54239881038665771484 -1.17560923099517822266 0.37378957867622369937 0.37022390961647028140 1.60027861595153808594 0.66292327642440795898 -0.09785582870244979858 0.71712249517440795898 -0.33181932568550109863 0.36973124742507929019 1.35946214199066162109 -0.04190028086304659755 -1.67518925666809082031 -1.47032105922698952405 1.73739600181579589844
-0.79916584491729736328 -1.13510251045227050781 -1.46091973781585693359 -0.33331179618835449219 0.71258693933486938477 -1.37607455253601074219 0.64548259973526000977 0.41528344154357910156 0.02255226671695699861 -1.04323720932006835938 -1.45339727401733398438 -0.40759202837944030762 0.64595407247543334961 -0.45610177516937250308 -0.82460540533065795898 -0.97001904249191284180 -0.90566653013229359015 0.53884249925613403320 -0.07865491509437559647 -1.17227554321289062500 -1.07726395130157470703 0.75643485784530639648 -1.70131897926330566406 1.56940436363220192639 0.40246069431304931641 -0.47974556684494018555
-0.91144257783889759406 0.38929709792137140445 0.22589766979217529297 -0.06571558117866510562 0.53583806753158569336 -0.75750464200973510742 0.47991597652435302734 1.15014350414276123047 -1.54522526264190673828 1.38721299171447753906 0.58122712373733520508 0.44188714027404779605 1.31940484046936035156 0.45832878351211547852 -1.38905692100524902344 1.64502954483032248767 1.57233095169067382812 1.16166925430297829358 -0.36937996745109558105 0.34396755695343017578 0.02106888778507700136 1.46847486495971679688 -1.26692783832550048828 0.05196788161993019795 -1.54154193401336669922 -0.58587235212326049805
0.05640142038464539959 -0.34667375683784479312 0.47862985730171198062 -0.32937604188919067383 0.70406824350357055664 0.04813141748309129886 -1.62489950656890869141 0.96088451147079478876 -1.66205835342407248767 -0.82778960466384887695 -0.49179041385650629215 -1.34337449073791503906 -0.18998458981513968724 0.03145100548863410256 1.65241479873657248767 1.16951692104339599609 1.44144415855407714844 -1.69742941856384277344 -0.54256629943847656250 1.55575191974639892578 -1.55324435234069824219 0.82122641801834106445 0.88930398225784301758 1.26576709747314430921 1.22671949863433837891 -0.01029525510966769995
-0.74452811479568481445 1.44414067268371582031 -1.46630918979644775391 1.31024742126464843750 -0.46180719137191772461 -1.48611676692962646484 -0.31801140308380121402 1.22227227687835693359 1.75228595733642578125 -1.52671444416046142578 -0.17555955052375790681 0.81240636110305786133 1.48865330219268798828 1.15204596519470192639 -0.96099805831909179688 0.74318015575408935547 1.58329164981842041016 0.90580791234970081671 -0.50570082664489746094 -1.35109055042266845703 -0.09723333269357679887 -1.47421324253082275391 -0.40282455086708068848 0.04841158166527739781 -0.85296529531478881836 1.30790352821350097656
-0.01905541680753230008 1.03341960906982421875 1.02526974678039550781 -0.98951196670532237665 -1.28667366504669189453 -0.60793817043304443359 -1.39664924144744873047 0.38510629534721368961 0.03161925449967380175 -0.17939479649066919498 -0.69554078578948974609 -1.41248345375061035156 -0.31495252251625061035 -0.07354590296745300293 0.61830079555511474609 -0.32469254732131958008 1.50444245338439941406 -0.78769648075103759766 0.52215886116027832031 1.62502408027648925781 0.61379802227020263672 -0.23980444669723510742 -1.10730707645416259766 -1.19559848308563232422 -0.70708912611007690430 0.08894263207912439517
0.95671314001083362921 -0.26915958523750299625 0.85633963346481323242 0.89190685749053955078 -0.89153027534484863281 0.47522428631782531738 -1.46392190456390380859 1.12894129753112792969 0.57630455493927001953 1.26582145690917968750 -0.51077330112457275391 -0.03576688468456259984 -1.55662631988525390625 -1.55422234535217285156 1.69149804115295410156 0.60076087713241577148 -0.95142328739166259766 0.85324048995971679688 1.11327600479125976562 -1.22314584255218505859 1.19832324981689430921 -1.02490174770355224609 -1.56675004959106445312 0.14358031749725339021 -0.38941153883934020996 0.83646130561828613281
0.05143831297755240006 -0.19120979309082031250 0.75194543600082397461 1.52485191822052001953 -1.49312698841094970703 -1.01599490642547607422 0.72345453500747680664 -0.14901025593280789461 1.34230196475982688220 1.75134575366973876953 1.58145141601562500000 -0.65425395965576171875 1.53379380702972389905 1.06378531455993630139 0.22614613175392150879 1.29271686077117919922 -1.08883225917816162109 0.88178199529647827148 0.01140480581670989986 -1.49732065200805664062 0.82849109172821044922 -1.26423382759094238281 -0.18978604674339288882 0.94943100214004516602 -1.56477355957031250000 0.73115444183349609375
-1.58674144744873046875 1.58568727970123291016 -0.16352282464504239168 0.77411413192749023438 -0.66431415081024169922 -1.13361120223999023438 1.59208607673645019531 -0.95905363559722900391 -1.09222948551177978516 -1.52793216705322287829 -1.02133774757385231702 -0.34452807903289789371 0.49543675780296320132 -1.46553456783294677734 -1.37348520755767822266 -0.25557863712310791016 1.02612924575805664062 -0.13498181104660028629 1.48461711406707763672 1.32284569740295410156 -1.67046785354614257812 0.73893898725509643555 1.24128305912017822266 -0.45985093712806701660 -0.71156328916549682617 -0.83621305227279663086
-0.70123094320297241211 -1.46976816654205322266 -0.57057619094848632812 0.02456567808985710144 -0.75888252258300781250 -0.35423108935356140137 -1.52294695377349831311 -1.33461236953735351562 -0.71113371849060058594 0.59047544002532958984 0.34978169202804559879 0.39398035407066339664 0.39030399918556207828 -1.41238522529602050781 0.53419786691665649414 -0.26772293448448181152 -1.39299273490905761719 1.18240344524383544922 1.39735913276672363281 1.67460715770721435547 -1.70644664764404296875 -1.29185903072357177734 -0.93507176637649536133 -0.25950577855110168457 -1.54996824264526367188 -1.24149096012115478516
0.45463189482688898257 0.21194480359554290771 -1.06849455833435058594 -1.20672321319580078125 1.25157344341278076172 0.98979902267456043585 -0.17034490406513211336 0.14502561092376708984 0.64830410480499267578 -0.30518582463264459781 -1.14007031917572021484 -0.42209127545356750488 0.97572612762451160773 -0.26270222663879388980 1.52186596393585205078 1.18166840076446510999 0.89081996679306030273 0.55910152196884155273 1.06593561172485351562 -0.74586570262908935547 -1.17447173595428489001 -0.63905799388885498047 -0.30545961856842041016 0.45033341646194458008 -0.45321407914161682129 0.32996433973312377930
-0.29556038975715631656 -1.56591129302978515625 -0.10603451728820799393 1.44462788105011008533 -0.37538558244705200195 0.52168571949005126953 1.08996784687042236328 0.04938529804348940067 -1.40203166007995605469 0.04981562122702590245 -0.44053721427917480469 -0.33023250102996820621 -0.39118212461471557617 -0.08194594085216519441 1.73262798786163330078 -0.78550201654434204102 -1.08284854888916015625 1.77967929840087890625 1.13076555728912353516 -1.23163044452667236328 -0.03598692268133159983 1.00307631492614768298 -0.42547860741615289859 0.93331843614578235968 1.72157835960388183594 -0.28308036923408508301
-0.97543591260910045282 1.32958102226257324219 -0.84393352270126342773 -1.04634690284729003906 1.14399755001068115234 1.63199114799499511719 -1.16444146633148193359 -1.44985914230346679688 0.16198322176933280248 -0.71962052583694458008 -1.51533985137939430921 1.20904767513275168689 -0.24743534624576560277 -0.61772865056991577148 0.35115119814872741699 -1.09424471855163552014 1.08704364299774169922 -0.32277631759643549136 1.07442057132720969470 -0.22825461626052850894 -1.77167534828186035156 0.08701739460229869494 0.46966946125030517578 -0.16981524229049679842 -0.96965366601943958624 -0.12104698270559309525
-0.91622549295425415039 -1.43797481060028076172 1.43784809112548850329 -0.98879075050354003906 0.11692904680967329545 0.62318122386932373047 1.42037451267242431641 0.36973956227302551270 -1.42231214046478271484 -1.05905938148498535156 1.32049417495727539062 1.50374615192413330078 1.58191835880279541016 0.03881663084030149979 0.07034398615360260010 -1.72184145450592041016 -0.44816958904266357422 -1.54718744754791259766 1.53059232234954833984 0.20467567443847650699 0.28884428739547729492 -0.52830952405929565430 -1.62281894683837890625 1.36837685108184792249 -1.64254641532897949219 -0.88001602888107299805
-0.58705508708953857422 -0.23875650763511649388 1.46502625942230224609 -0.24992457032203668765 -0.02498883381485930005 -0.97751861810684204102 0.01064884476363650058 0.28187543153762817383 -0.32194861769676208496 -0.15970550477504730225 0.64296722412109375000 0.08807310461997980289 -0.84215468168258666992 1.39513242244720458984 0.50682461261749267578 1.17334544658660888672 0.56757813692092895508 1.26581287384033203125 0.49059882760047912598 1.01902556419372558594 1.21044075489044189453 -0.53781330585479736328 1.44267868995666503906 1.32583284378051757812 -0.06789394468069069599 0.29817155003547668457
0.95509105920791637079 -1.62002873420715309827 0.97130709886550903320 1.22093009948730490954 0.47705313563346857242 -1.04362463951110839844 -0.77902305126190185547 1.66191136837005615234 1.23379874229431152344 1.30893385410308837891 1.18839788436889648438 -0.84752571582794189453 -0.75583553314208984375 1.20345795154571510999 0.74677771329879760742 -0.23236653208732599429 -1.08491933345794677734 0.43029463291168207340 -0.65795511007308959961 0.26799431443214410953 -0.58948671817779541016 -0.90361267328262317999 0.09919887781143180150 -1.59618091583251953125 -0.06216833740472790110 -0.06658529490232459325
-0.05442273244261740250 -0.24501879513263699617 0.68325591087341308594 -1.58140933513641357422 1.54209601879119873047 -0.94038766622543323859 0.96410250663757324219 -0.45233541727066040039 0.64878344535827636719 0.48479619622230529785 0.83131676912307739258 1.58244752883911110608 -0.70501655340194702148 -0.70599091053009033203 -0.83170425891876220703 1.26693701744079589844 -1.62507450580596923828 -0.99304449558258056641 1.63562929630279541016 1.74294281005859375000 -0.57822740077972412109 -1.30221581459045410156 0.32411751151084899902 0.24272376298904418945 0.59108477830886840820 -0.48473227024078369141
-0.03654216974973670262 -0.83391988277435302734 -0.78321373462677001953 -1.60087609291076660156 1.15418815612792968750 -0.38367965817451471500 -1.20192265510559082031 0.88550835847854614258 1.57844483852386474609 -1.23434889316558837891 1.46475124359130859375 -1.86168920993804909436 -1.72788536548614501953 -1.57951736450195312500 -0.76713907718658447266 -1.57333445549011230469 -1.68115103244781494141 0.45466306805610651187 -1.44486999511718750000 -1.04624450206756591797 1.20911371707916259766 0.98733824491500843390 0.23975184559822079744 -1.40737879276275634766 -0.25607228279113769531 -1.20841073989868164062
0.98308223485946655273 0.81946921348571777344 -0.91122472286224365234 1.46897959709167480469 0.69507938623428344727 1.21282017230987571033 -1.53607606887817382812 1.28211128711700439453 0.80928397178649902344 0.55220031738281250000 -0.23728354275226590242 1.66575610637664794922 0.10227561742067330097 0.28671711683273309879 0.77046602964401245117 1.51800966262817382812 0.16080154478549948949 -0.80524945259094238281 0.75084149837493896484 1.40757560729980490954 0.17285831272602081299 1.34318447113037109375 -1.68879854679107688220 -1.07699549198150634766 0.62371999025344848633 1.86044287681579589844
-0.27024787664413452148 -0.07161580771207809448 -1.83267569541931152344 -0.66374027729034423828 1.61134552955627441406 -0.87196338176727294922 -1.25649297237396240234 -0.26377192139625549316 0.03232097998261450333 -0.41420653462409967593 0.55999052524566650391 -0.10392066836357109760 -1.62437784671783447266 1.56044781208038330078 0.93078893423080444336 -1.01720178127288818359 -0.17416119575500479955 -1.60581910610198952405 0.05288346111774439723 -1.01927995681762695312 0.74708276987075805664 1.14331674575805664062 -0.96521472930908203125 -0.98125189542770396844 0.65574979782104492188 0.45828688144683837891
-0.55768668651580810547 -1.08205306529998779297 0.17620517313480368871 1.01017999649047829358 -0.40818750858306879215 1.31993246078491210938 -1.30517804622650168689 1.40068721771240234375 1.38297975063323952405 -0.90666282176971435547 -1.16768205165863037109 -1.41245770454406738281 -0.65764153003692626953 0.99882125854492198602 -1.32024788856506369861 -0.71468198299407958984 -1.40737640857696510999 -1.14610505104064941406 -0.70805531740188598633 0.95224565267562877313 -0.14003442227840420808 -0.43476882576942438297 1.51379787921905517578 -0.78849840164184570312 1.31026542186737060547 -0.67659008502960205078
1.07924735546112060547 -1.44005525112152099609 0.04968980699777599680 0.60110133886337280273 -0.64671528339385986328 0.18289342522621149234 -0.53761720657348632812 1.02903473377227783203 -1.27252435684204101562 -0.83447390794754028320 0.53996813297271728516 -1.43977022171020507812 -1.08658695220947287829 -0.10623931139707559757 0.68895977735519409180 0.38734102249145507812 -0.37342992424964899234 -0.75449311733245849609 0.34190213680267328433 1.11261487007141113281 1.20127093791961669922 -1.34037244319915749280 -1.58524978160858154297 0.08757569640874859895 0.44996514916419977359 -0.49489790201187128238
0.94724571704864501953 -1.12445020675659179688 0.54423218965530395508 -1.07097518444061279297 -0.38532325625419611148 1.08612430095672607422 -0.06075186282396310283 -0.50817006826400756836 0.83989500999450683594 -0.11558845639228819413 0.70399504899978637695 -1.20862674713134765625 1.02400815486907958984 1.16945576667785644531 -0.93646526336669921875 -1.50205516815185569079 0.01812666654586789911 -0.63152903318405151367 -0.81859731674194335938 -1.20506918430328369141 0.53951287269592285156 -0.42726761102676391602 -0.99196517467498779297 0.67051488161087036133 0.03655425459146489919 -1.30359041690826416016
-1.72698557376861550061 -1.25228416919708229749 1.23941254615783691406 -0.69406265020370483398 -0.60956537723541259766 0.09244140237569800633 1.61861073970794677734 1.49574947357177712171 -1.16293835639953591077 1.58879697322845458984 0.66548705101013183594 0.08544573932886119494 1.27385520935058593750 -0.85412341356277465820 1.38134419918060302734 0.26675707101821899414 0.70549106597900390625 0.52063411474227905273 1.54480099678039550781 -0.59915167093276977539 -1.01479899883270263672 -0.68016326427459716797 -0.87057167291641235352 -0.43203443288803100586 -1.30443513393402099609 -1.63961827754974365234
-0.33479124307632440738 0.12375760078430170230 0.03607133403420439977 -0.68644899129867553711 -0.65556013584136962891 1.67036342620849609375 -0.92234873771667480469 -1.66397452354431152344 -1.29178261756896950452 -0.82225310802459716797 0.82087957859039306641 -0.74355441331863403320 -1.78579235076904296875 -1.48107528686523437500 -1.45816707611083984375 1.02807474136352539062 0.98535096645355224609 1.28404998779296875000 -0.61966735124588012695 -0.60019087791442871094 0.75221204757690429688 0.31703725457191467285 0.15870958566665649414 0.54557651281356811523 1.41663551330566406250 -1.05145418643951416016
-0.50493764877319335938 0.06678453832864759965 1.37154090404510498047 -1.09659588336944580078 -0.80286842584609985352 0.36328613758087158203 -0.70467334985733032227 -1.38328313827514648438 -0.10394676774740209402 0.62331962585449218750 -1.44771814346313476562 1.20264697074890136719 -0.22530204057693478670 -1.07537484169006369861 0.37715393304824829102 -0.26699960231781000308 -0.45584654808044428043 -1.51509761810302712171 -0.88075858354568481445 -0.95717978477478038446 1.19870364665985107422 1.13279795646667480469 1.67432796955108642578 0.40335845947265619449 1.07613277435302712171 -0.51680469512939453125
-0.24660898745059958714 -0.67915725708007812500 -0.83895486593246459961 -1.42772305011749289783 -0.18646040558814999666 -0.83110994100570678711 1.10034739971160888672 -1.01616215705871582031 -1.15217721462249755859 0.88451421260833740234 -1.28676879405975341797 -0.49810665845870971680 0.84389138221740722656 -1.51672232151031494141 0.17394274473190299291 1.60349261760711669922 1.46195805072784423828 -0.20592227578163138646 0.56902736425399780273 -1.14585983753204367908 -1.00268805027008056641 -1.09430778026580810547 0.54506504535675048828 1.04022598266601562500 0.61868560314178466797 -1.31619405746459960938
-0.52803957462310791016 0.06536167114973059911 1.20061099529266357422 1.53759932518005371094 1.41932642459869384766 -0.19800749421119689941 0.48621892929077148438 -0.59702008962631225586 -0.48895531892776489258 1.67279028892517089844 -1.32770776748657248767 -0.90764075517654418945 -0.82179617881774902344 0.18640610575675958804 0.68753087520599365234 -1.72448050975799560547 0.49670585989952087402 -0.01185204554349180046 0.25908383727073669434 -0.18598660826683038882 1.39216220378875710217 -0.92919909954071044922 -0.84500700235366821289 -1.04849076271057128906 -1.62617492675781250000 1.66451084613800048828
-1.58495271205902099609 1.13021934032440207751 0.61110329627990722656 -1.11788237094879150391 1.54008340835571289062 -0.68001890182495117188 -0.41120997071266168765 0.92465400695800781250 1.44441890716552712171 1.03825914859771728516 -1.51518654823303222656 0.38111051917076110840 1.32487094402313232422 -0.54417133331298828125 1.04798090457916259766 0.28927522897720331363 0.76946794986724853516 0.61475771665573120117 1.42803490161895751953 0.54917854070663452148 -1.33063304424285888672 1.67241406440734863281 0.61749458312988281250 1.75892519950866699219 0.31801137328147888184 -1.46873545646667480469
-0.80164760351181030273 -1.47118163108825683594 1.30793607234954833984 1.78644466400146484375 -1.32763314247131369861 1.52772676944732688220 0.34271138906478881836 -0.12134929746389379324 0.42687681317329401187 -0.10753247141838069567 -1.51164615154266357422 1.62976789474487304688 0.55111253261566162109 1.76713955402374289783 -0.54020226001739501953 0.07488609850406639790 1.27858304977416992188 -1.25543534755706809314 1.02857291698455810547 0.12090291082859039307 -0.89650583267211914062 -1.04649245738983154297 -0.40846553444862360172 -1.65570521354675292969 1.16498959064483642578 0.13786044716835019197
1.09704816341400168689 -1.51022434234619140625 -1.56571090221405029297 0.38224607706069940738 -0.70464116334915161133 1.08797788619995117188 -0.57027620077133178711 -0.85897928476333618164 -0.89041537046432495117 -1.61187624931335449219 -0.66684329509735107422 1.11698496341705322266 1.26593244075775168689 0.10159804672002789583 -1.20353424549102783203 1.22445154190063476562 -1.51818573474884033203 -0.47807180881500238590 -1.17071390151977539062 0.45398959517478937320 0.94294613599777221680 1.00216472148895263672 -1.36354064941406250000 -0.21745972335338589754 -1.53842079639434792249 -0.15529322624206540193
1.46401000022888183594 -0.94293349981307983398 1.00029325485229492188 -0.34916460514068597965 -1.18948423862457275391 -1.40270376205444335938 0.17244279384613028783 1.27640509605407714844 1.04683077335357688220 -0.73821371793746948242 -1.56887543201446510999 1.13289713859558105469 0.74089103937149047852 0.46763321757316589355 -1.20512580871582031250 -0.33715641498565668277 1.39966285228729248047 -1.77912032604217529297 0.48220109939575189761 1.69825792312622070312 -1.10174632072448730469 1.20760703086853049548 1.49260675907135009766 -0.05955050140619270321 -0.99586427211761474609 -0.14805243909358969945
-1.42690074443817138672 0.52627927064895629883 -0.87304925918579101562 0.67868542671203613281 1.05085945129394509046 -0.50381630659103393555 0.08787565678358069676 -0.69759750366210937500 -1.33574533462524391858 1.60778188705444335938 -0.36566406488418579102 1.06813383102416992188 1.20928549766540527344 0.49898511171340942383 -0.64633399248123168945 -1.03744947910308837891 0.77208828926086425781 -1.04155135154724121094 0.99659079313278198242 1.13556826114654541016 -1.23824620246887207031 0.79930734634399414062 0.73246628046035766602 0.55698704719543457031 -0.64413511753082275391 -0.37089177966117858887
1.26552963256835937500 -0.58915519714355468750 -1.78779160976409912109 -0.54540157318115234375 0.50382941961288452148 -0.57202470302581787109 -0.26683151721954340152 -0.26563459634780878238 -0.42352390289306640625 -1.09704828262329101562 -0.98831486701965320929 0.93452614545822143555 -0.40960630774497980289 -1.38735485076904296875 1.20422875881195090564 -0.80190807580947875977 -0.66330063343048095703 0.15882249176502219457 0.63861840963363647461 1.55514514446258544922 -0.09478814154863350605 0.75134760141372680664 -0.59488958120346069336 1.59237706661224365234 0.59281092882156372070 1.12863218784332275391
-0.82894772291183471680 0.54124623537063598633 -1.50621294975280761719 -0.00206161988899110013 1.42493104934692382812 0.22635388374328610506 1.12512934207916259766 0.27515816688537597656 0.23660102486610409822 0.11676888167858119616 0.64771735668182373047 -0.89731204509735107422 0.63416391611099243164 -1.07874286174774169922 1.04736137390136718750 -1.68446230888366699219 0.57418662309646606445 -1.05332565307617209704 -0.28290396928787231445 0.63293957710266113281 -1.61273396015167236328 1.53670215606689430921 -0.59857785701751708984 0.54195380210876464844 -0.28889265656471252441 0.51474326848983764648
0.88566648960113525391 0.65919339656829833984 0.58749645948410034180 0.45084691047668451480 0.48661521077156061343 0.56212735176086425781 0.54102396965026855469 0.18630811572074890137 -0.72733390331268310547 1.46764016151428222656 0.07991622388362880358 0.13963116705417630281 -1.65090215206146240234 0.82623362541198730469 -1.57842314243316650391 -1.72136569023132324219 1.51595532894134521484 0.08907037973403930664 0.71727019548416137695 0.66531336307525634766 -0.62281072139739990234 -1.12941300868988037109 -0.87014102935791015625 -0.51497644186019897461 -1.54063928127288818359 1.16579055786132790296
1.58256077766418457031 0.47212025523185729980 -0.92080634832382202148 1.62278783321380615234 0.33245405554771417789 -0.38159465789794921875 -1.51104545593261718750 0.79003959894180297852 -1.66231203079223632812 -0.65332686901092529297 -1.44384980201721191406 1.52889275550842285156 1.19368672370910644531 1.23851871490478515625 1.68523573875427246094 1.44435751438140869141 -1.40279006958007790296 0.17640173435211178865 1.13939058780670166016 -0.50301074981689453125 1.54609084129333496094 0.79736745357513427734 -0.93699139356613159180 -0.84798616170883178711 -0.82691937685012817383 1.93083584308624289783
0.56462705135345458984 1.21458542346954367908 1.21076929569244384766 -0.75349247455596923828 -0.41736692190170288086 -1.62428665161132790296 0.17657494544982910156 1.35044550895690917969 -0.49328869581222528629 0.58810693025588989258 -0.94963091611862182617 1.63240599632263183594 -1.10014641284942649158 -1.57750284671783447266 0.18619702756404871158 -1.15197801589965820312 0.40881305932998657227 -0.93149691820144642218 -1.51669168472290039062 0.66613709926605224609 0.17338202893733969945 -0.64841568470001220703 -0.00847209431231019973 0.51547610759735107422 0.48462298512458801270 0.66344588994979858398
-1.35159051418304443359 -1.50542271137237571033 1.27178490161895751953 0.98915928602218639032 -0.15442000329494470767 -1.31194674968719482422 0.61269861459732055664 -0.32785505056381220035 0.22020192444324490633 -1.05498039722442649158 0.74562662839889526367 -0.38628044724464410953 0.51373893022537231445 0.96646702289581298828 -1.01257145404815673828 -0.59697550535202026367 0.53769904375076293945 1.58231580257415749280 -1.23949980735778808594 0.72746044397354125977 -0.05185430869460100345 0.58869403600692749023 0.59295696020126342773 -1.28170990943908691406 -1.06894171237945556641 -0.39378592371940607242
-1.13069760799407958984 1.16148746013641357422 0.60626095533370971680 0.21497467160224909000 0.62897592782974243164 0.19368155300617209691 -1.47173762321472167969 0.72105258703231811523 1.46352231502532958984 1.48037827014923095703 0.86957806348800659180 1.22168004512786887439 0.52160060405731201172 -0.85954141616821289062 -1.70672714710235595703 -1.15727603435516357422 0.54002970457077026367 -0.72146600484848022461 -0.23437485098838800601 0.65483260154724121094 -0.90374201536178599969 0.95507484674453735352 -0.65277397632598876953 -0.06809607148170469804 -1.20925521850585937500 0.00829121004790060040
-0.50331020355224609375 0.64197701215744018555 0.09750021994113919344 -1.28228402137756369861 1.19959974288940429688 -1.62254953384399391858 1.64628124237060569079 1.46406877040863037109 -0.14896312355995169896 0.69194358587265014648 1.34435820579528808594 1.56020581722259521484 0.15882560610771179199 -1.25054752826690673828 -0.18256269395351409912 0.70210123062133789062 -0.28954300284385681152 1.62427806854248046875 0.06379888206720349397 1.02452552318572998047 0.88797193765640258789 -0.06077013537287710015 1.45124590396881103516 1.05559647083282470703 -0.12940590083599090576 -0.49703016877174377441
0.21050636470317840576 -1.52366387844085693359 -1.78329455852508544922 1.63599658012390136719 0.58906590938568115234 -1.08052420616149902344 1.60601162910461447986 1.18074107170104980469 -1.15709137916564941406 -1.14736127853393554688 -0.80493998527526855469 -0.49506300687789911441 1.28184902667999289783 -1.42024672031402610095 1.19354724884033203125 -1.20533645153045632092 -1.39762675762176513672 -1.06699419021606445312 1.20408737659454367908 -0.22115689516067499332 -0.07578271627426140522 0.01440942566841840050 0.71313595771789550781 0.54612988233566284180 1.68888533115386962891 0.97004985809326160773
0.15167576074600219727 -1.61838924884796142578 1.37968850135803222656 1.44699144363403320312 -0.76204442977905273438 -0.80695313215255737305 -1.44181823730468750000 1.07108485698699951172 -0.29414698481559747867 0.18485951423645019531 -1.30642354488372802734 0.76478630304336547852 -0.00519110821187490027 -0.26419505476951599121 0.93488258123397838251 0.54656213521957397461 0.45928207039833068848 -1.47100651264190673828 1.43638634681701660156 1.22733974456787109375 -1.71219325065612792969 0.61733794212341308594 -1.06662118434906005859 -1.39124774932861328125 -0.94274443387985240594 -0.31415724754333490543
1.02462494373321510999 -0.86638653278350830078 1.46852290630340576172 -0.85834097862243652344 0.99962270259857177734 0.18356451392173758763 -0.18361233174800870027 0.52191585302352905273 -0.07533190399408340454 1.25717735290527343750 0.79432016611099243164 0.92226290702819824219 1.48631274700164794922 -0.38119274377822870425 -0.71622109413146972656 0.18187208473682400789 -1.45015990734100341797 -0.09153320640325539326 1.44804823398590087891 1.50422167778015136719 0.45702290534973138980 0.78625100851058959961 -1.23497092723846435547 0.35693222284317011050 -1.23405027389526367188 0.05773832648992530125
0.17519366741180419922 0.28043860197067260742 -0.40705928206443781070 -1.21804285049438476562 1.19414615631103515625 -1.56545591354370117188 0.84692347049713134766 -1.12744081020355224609 -1.32155692577362060547 -0.37964582443237299136 1.69430804252624511719 -0.92083662748336803094 -0.85725688934326171875 -1.66747081279754638672 -0.59638655185699462891 -0.68527418375015258789 0.91582912206649780273 1.26406896114349365234 0.93308508396148681641 -0.12516136467456809300 0.29320618510246271304 0.74726021289825439453 1.59629154205322287829 0.59799444675445556641 0.86284798383712768555 -0.13631372153758999910
0.46303147077560419254 -1.12787711620330810547 -1.10461008548736550061 -1.47218894958496093750 -1.00610888004302978516 1.66152048110961914062 1.10888791084289550781 -0.84540641307830810547 -0.57967865467071533203 0.86673521995544433594 -1.38708281517028808594 1.38434064388275168689 -0.32986888289451599121 0.40914082527160638980 1.60373628139495849609 -1.50972986221313476562 -0.55941259860992431641 -0.06271719932556149568 1.56693923473358154297 0.77030783891677856445 -1.41994428634643554688 -1.51181769371032714844 -0.60108315944671630859 1.23080694675445556641 -1.66666269302368164062 -1.66627180576324462891
0.82778775691986083984 0.20745374262332910709 0.31811371445655822754 0.93796223402023315430 -0.62972307205200195312 0.52176833152770996094 -0.88811230659484863281 -0.97935873270034801141 -1.19564175605773925781 1.34914982318878151624 0.67903912067413330078 -0.00702204229310149971 -0.69333678483963012695 -0.79083311557769775391 0.17435348033905029297 0.19459284842014309969 -0.83931154012680053711 1.45226085186004638672 -1.03449296951293967517 0.74660408496856689453 1.22816359996795632092 0.67696481943130493164 -0.27124920487403869629 1.42435860633850097656 -1.51973962783813476562 0.93683654069900523798
0.06545282900333400378 -1.53097748756408691406 -0.08165597170591350207 -1.61418318748474121094 0.37359446287155151367 -0.86674511432647705078 1.36483943462371848376 -0.32151961326599121094 -0.39728271961212158203 0.95032697916030883789 0.14066684246063229646 0.08651592582464209813 0.71088850498199462891 -1.09108388423919677734 1.55659449100494384766 0.89345407485961914062 0.52113634347915649414 1.62972271442413330078 0.26067641377449030093 -0.87442672252655029297 0.60355961322784423828 -0.71319431066513061523 0.99683570861816395148 1.35744297504425048828 -1.48960196971893310547 -2.00377845764160156250
0.56086742877960205078 1.19921815395355224609 0.55280238389968872070 -1.32067394256591796875 1.60054409503936767578 0.13281050324439999666 -1.66681945323944091797 -0.43198978900909418277 -0.37762236595153808594 -0.30021640658378601074 -0.69019365310668945312 -0.07140228897333139590 0.94058841466903675421 0.05866490304470060174 0.47925549745559692383 0.11234644055366510562 1.50187575817108154297 -0.33945420384407037906 -1.03466999530792236328 -0.92194747924804676398 0.25495219230651849918 -0.06062897294759749672 0.13621841371059409398 -0.87072461843490600586 -0.12505656480789179019 0.71380424499511718750
1.02380430698394775391 -1.56136572360992431641 0.27104139328002929688 1.08612525463104248047 -1.43657958507537841797 1.62224507331848144531 -0.46513700485229492188 -1.17430615425109863281 0.98266261816024780273 0.82338601350784301758 -0.68941205739974975586 0.47280216217041010074 0.85644644498825073242 1.42812466621398925781 -0.85402262210845947266 -0.04726720228791229939 -0.04988163337111470308 0.18491098284721368961 0.55333161354064941406 -0.71836698055267333984 -0.83447033166885375977 0.69556266069412231445 1.09175002574920632092 1.55737066268920898438 -0.93634200096130359992 -1.35264265537261962891
-1.11499786376953125000 -0.67906957864761352539 -1.67239344120025634766 -0.34720516204833978824 0.65560227632522583008 -1.21024537086486816406 1.42636728286743164062 1.12431871891021728516 -0.35315287113189697266 -0.86452180147171020508 1.14533305168151855469 0.02000465989112849841 0.27015635371208190918 -0.89495128393173217773 -0.32849436998367309570 -1.64934515953063964844 -1.03064119815826416016 1.12373638153076149671 -0.39944279193878168277 -1.48684704303741455078 -0.40282738208770751953 1.58624374866485595703 -1.08310544490814208984 0.90931069850921641962 0.27318787574768060855 -0.45591884851455688477
1.62933278083801269531 -0.14837031066417691316 1.43590807914733886719 0.31138557195663452148 1.60424757003784179688 0.33686947822570800781 0.42301371693611139468 -1.43876361846923850329 -1.56363654136657714844 -1.61102080345153808594 -0.60689210891723632812 0.22785416245460510254 0.48224562406539911441 -0.40297538042068481445 -0.94741940498352039679 -1.69360172748565673828 -0.30271992087364191226 -0.60217314958572387695 0.50230717658996582031 0.85536158084869384766 1.42468154430389404297 1.23688495159149169922 0.02125434391200540021 1.18766057491302490234 0.17517675459384909886 1.72850608825683593750
-0.45982071757316589355 0.55768769979476928711 0.09573382139205929842 1.52997744083404541016 -1.12756574153900168689 0.66779768466949462891 0.83414947986602783203 1.61688065528869628906 1.30942690372467041016 -0.33792594075202941895 1.24520993232727050781 0.45824408531188959293 1.22035551071166992188 0.12492305040359490131 1.79467737674713112561 -0.83267152309417724609 0.47711801528930658511 1.73328077793121337891 0.33913332223892211914 -1.34408295154571510999 1.70687162876129150391 -0.11998610198497769441 -1.12659084796905517578 -0.06992787867784500122 0.91497820615768443719 0.62638986110687255859
-0.73391491174697875977 0.40660250186920160465 0.46728339791297912598 -0.82004034519195556641 1.14428675174713112561 -0.80275326967239379883 0.16938985884189600162 -0.58782649040222167969 0.23752528429031369295 1.52807915210723876953 -0.26375156641006469727 1.38222384452819824219 0.76131021976470947266 -1.57645297050476074219 -0.12653614580631250552 1.07549345493316650391 -1.06593692302703857422 -1.62977898120880126953 -0.82852506637573242188 -0.15883840620517730713 -0.57854294776916503906 -0.56537330150604248047 0.08624221384525289358 -1.31315553188323952405 -1.42835152149200439453 -0.58247393369674682617
-0.76818132400512695312 0.18950703740119931306 1.00903975963592529297 0.81108975410461425781 0.64731091260910034180 1.58490967750549316406 -0.12506061792373648900 1.47540009021759033203 -0.62608116865158081055 1.00002074241638183594 -0.36109709739685058594 -0.23657217621803280916 0.22676828503608700838 -1.05397880077362060547 0.56162279844284057617 0.35746520757675170898 -0.52418798208236694336 -0.97912746667861938477 -0.54079872369766235352 -0.63165408372879028320 0.64565294981002807617 -1.47334110736846923828 1.09769594669342041016 1.26424646377563476562 0.97981119155883800165 0.88619029521942138672
0.47168850898742670230 -1.52824735641479492188 -0.51289230585098266602 -0.91199260950088500977 1.69362282752990722656 -1.52377593517303489001 -0.42817720770835870914 -1.27295660972595192639 -0.88015466928482055664 1.19114172458648681641 -0.12126190215349190449 0.14275357127189630679 0.25166860222816467285 -0.56923514604568481445 -0.08025129884481430054 0.58046972751617431641 1.00210475921630859375 -0.95039927959442138672 1.44680607318878151624 -1.46175789833068847656 -1.65310049057006835938 -0.98848199844360362665 -1.68115365505218505859 -0.38608065247535700015 0.89213526248931884766 -0.96773421764373779297
-0.20686902105808249730 -0.96234107017517078742 0.24643680453300470523 -0.39012712240219110660 -0.97215205430984497070 -0.09184917062520979447 -0.72816765308380126953 1.45772266387939430921 -0.26368826627731317691 1.35954034328460693359 0.59653913974761962891 -0.25310999155044550113 0.56343793869018554688 0.86374777555465698242 0.90018081665039062500 0.68896353244781494141 -1.58430230617523193359 0.19922061264514920320 -0.95739620923995960577 -0.42664864659309381656 0.77407348155975341797 0.71553546190261840820 0.86541545391082763672 -0.57206451892852783203 -1.24802744388580322266 -1.03879308700561523438
0.68763297796249389648 0.35356047749519348145 -1.70043873786926269531 -0.49370226263999938965 0.25224214792251581363 -1.46529340744018554688 1.27769875526428222656 -0.52158087491989135742 1.42853057384490966797 -0.28699740767478937320 1.16366744041442871094 -0.62738084793090820312 1.49924802780151367188 -0.74157941341400146484 1.57045042514801047595 -0.26229718327522277832 -0.49225938320159912109 -0.01917439512908450036 -0.28871998190879821777 -0.68457937240600585938 -1.60244834423065207751 -1.27885007858276367188 -1.39758265018463112561 -0.78247082233428955078 1.36752676963806152344 1.10042524337768554688
1.11410403251647949219 1.07351398468017578125 1.11116600036621093750 -0.48400998115539550781 1.33030259609222389905 1.28467047214508056641 0.87129724025726318359 0.90778583288192760126 0.45907670259475708008 -0.61219602823257446289 0.17332944273948669434 -1.41619086265563964844 -1.21607577800750710217 1.58525776863098144531 -0.09518788754940030183 -0.86342281103134155273 1.16925525665283203125 0.97012287378311157227 -0.38167792558670038394 -0.17685258388519278783 -1.26749384403228759766 1.75306832790374755859 1.44997525215148925781 -0.76246803998947143555 -0.03874810039997100136 1.16136395931243896484
1.19157505035400390625 -0.27508020401000971011 0.96154087781906116827 0.01358777470886700020 0.06862238049507139726 1.38634419441223144531 -1.55027365684509277344 -1.37958967685699462891 0.80887860059738159180 1.48728501796722389905 1.77743113040924072266 -0.63174289464950561523 1.44562435150146484375 1.44696104526519775391 1.49209785461425781250 0.95559960603714000360 -1.10089874267578125000 -1.04034197330474831311 -1.37653374671936035156 1.20299685001373291016 0.06199966743588439938 0.56131750345230102539 1.69315493106842041016 0.19807541370391840152 1.75340485572814941406 0.88466107845306396484
0.52956157922744750977 -0.05735308676958079943 0.72911894321441650391 -1.27232515811920166016 -0.27845180034637451172 -1.21713471412658691406 -1.00248003005981445312 -1.35833477973938010486 -1.60141396522521950452 -0.13029305636882779207 1.65375185012817382812 -1.31631457805633544922 -1.65756475925445556641 -1.68132841587066650391 0.34094685316085809879 1.25599932670593261719 -1.08056926727294921875 0.32956996560096740723 0.57466435432434082031 0.52773791551589965820 -0.75062859058380126953 0.33035826683044428043 1.11536180973052978516 -0.72376543283462524414 -1.21313619613647460938 -0.28656002879142761230
0.40300804376602167300 -0.61117732524871826172 -0.51690208911895751953 0.33399263024330139160 0.53511607646942138672 -1.60900926589965820312 1.56226825714111328125 0.61987590789794921875 -1.58203732967376708984 0.97313588857650756836 0.13374239206314081363 -0.45750790834426879883 -1.44066870212554909436 -0.69243282079696655273 0.80480647087097167969 -0.16843055188655850496 -0.17574155330657958984 -1.21340513229370117188 -1.37551379203796408923 1.43737924098968505859 1.59936797618865966797 0.31013363599777221680 1.60226273536682128906 -0.88950103521347045898 1.71614205837249755859 -0.06915120035409920429
1.66508901119232177734 0.94159168004989624023 1.20938575267791770251 1.31755185127258300781 1.10476362705230712891 0.59840023517608642578 -1.62257099151611328125 0.91802692413330078125 -1.28964281082153320312 0.74265277385711669922 0.55529928207397460938 -1.08807742595672607422 -1.70448958873748779297 0.47994491457939147949 -1.19851887226104736328 1.15012025833129882812 0.21030190587043759431 0.35841986536979669742 -0.79577153921127319336 0.55535894632339477539 0.96911209821701038702 -0.08799655735492699360 1.06300854682922363281 0.62057453393936157227 -1.01060354709625244141 1.70175564289093017578
0.48493438959121698550 1.07492637634277343750 0.14468124508857718724 -1.70202291011810302734 -0.43411526083946228027 -1.58424067497253417969 1.25980830192565917969 0.48421236872673029117 1.27967262268066406250 1.06688249111175537109 1.66233205795288085938 -0.58507573604583740234 -1.43513488769531250000 1.73350870609283447266 -0.44197988510131830386 1.54474532604217529297 0.17408351600170129947 0.04532311856746670115 0.68764996528625488281 0.57122093439102172852 0.64252030849456787109 0.43522113561630249023 0.23002557456493369359 -0.02627646923065179996 0.26817440986633300781 -0.18860568106174468994
-1.44604337215423583984 -0.01423421874642370050 1.46313786506652832031 1.24802732467651367188 1.06885278224945090564 -0.39805883169174188785 0.35220152139663690738 -0.04516699537634839834 0.77360618114471435547 0.39125171303749078922 1.42682754993438720703 -0.88378924131393432617 -0.27191361784934997559 1.58487272262573242188 1.06859397888183593750 -0.29194313287734979800 0.20443466305732718724 0.46816807985305780582 0.63986045122146606445 -1.40436995029449462891 0.39277249574661249332 -0.73742634057998657227 0.02449304796755310057 -0.95775002241134643555 1.58449196815490722656 0.72772902250289916992
0.68386900424957275391 0.04329805821180340158 0.99110180139541637079 -1.60945034027099609375 -1.16185212135314941406 -0.68362307548522949219 -0.27854374051094049625 -1.57602071762084960938 -0.39681383967399591617 1.57203173637390136719 -0.52984380722045898438 -1.67315435409545898438 1.36068630218505859375 0.74491715431213378906 -0.51945942640304565430 -0.57427656650543212891 -0.21404041349887839574 -0.40905660390853881836 -1.62688910961151123047 -1.02314364910125710217 1.13551735877990722656 0.15762539207935330476 -0.83431446552276611328 -0.78567707538604736328 0.85771685838699340820 -0.72610211372375488281
-1.44224786758422829358 0.32511210441589349918 -0.44397357106208801270 -0.19874103367328641023 1.39231812953948952405 0.54058665037155151367 -0.27817177772521972656 0.51082152128219604492 -0.68212920427322387695 -0.83353769779205322266 -1.46624886989593505859 -1.77593255043029807361 1.34104120731353759766 1.38098275661468505859 -0.11979492008686060123 -0.57925683259963989258 1.24374055862426757812 0.67100566625595092773 -1.58617436885833740234 -0.11636268347501750597 0.17829066514968869295 -0.51647806167602539062 0.62027651071548461914 1.68041348457336447986 -0.20214782655239099673 -0.92969888448715198859
-1.63249099254608154297 0.34579807519912719727 -1.20082604885101318359 -0.66976714134216308594 -0.51938694715499877930 0.75722670555114746094 -1.50783395767211914062 -0.56313717365264892578 -1.46434700489044189453 -1.05939066410064697266 -0.45636954903602600098 -1.12924301624298095703 -0.74605363607406616211 -0.86638152599334716797 -0.31669285893440241031 0.16105507314205169678 0.41065055131912231445 0.34360703825950622559 0.03727261349558830261 0.20842644572257990054 0.27670925855636591129 0.09540265798568720035 -0.19248622655868530273 0.97381132841110240594 -0.66483372449874877930 -1.54168748855590820312
-1.42930662631988525391 0.82516485452651977539 -0.31763851642608642578 -1.00279068946838378906 1.16968226432800292969 -0.94112193584442138672 -1.03743255138397216797 0.98745137453079223633 -1.42191374301910400391 0.00213444465771309979 1.60778796672821044922 1.26079380512237571033 0.35301914811134338379 -0.91180127859115600586 -0.93366557359695434570 -1.13260114192962646484 1.23060739040374755859 1.55518710613250710217 -1.43794298171997070312 -0.84287887811660766602 0.25564444065093988590 1.58473801612854003906 -1.00237762928009033203 1.41845345497131369861 0.26210853457450861148 -1.21393764019012428967
-0.90528851747512817383 1.47817564010620117188 1.42102158069610595703 0.45180311799049377441 1.08979463577270507812 -0.57676458358764648438 -0.30347621440887451172 -0.90342324972152721063 0.01632581464946269989 1.71138942241668701172 0.14831228554248809814 1.20034551620483398438 0.18599045276641840152 -0.32033324241638178043 0.71773570775985717773 0.71814352273941040039 -1.12698853015899658203 -0.45184978842735290527 -1.19663155078887939453 -1.01436614990234375000 1.42563962936401367188 0.65524047613143920898 1.32912242412567138672 1.43202304840087890625 0.95353412628173839227 1.46960175037384033203
-0.43937078118324279785 0.30209437012672418765 -1.04355406761169433594 -0.39116251468658447266 -1.48408019542694091797 -0.31872755289077758789 -1.35066723823547363281 -0.85667282342910766602 0.70103442668914794922 1.05992031097412109375 -0.50283825397491455078 -0.16222223639488220215 0.08739069849252699418 1.16529679298400878906 1.78184044361114501953 1.23950374126434326172 0.41777896881103510074 0.07604178041219709916 1.18005573749542236328 -1.30063962936401367188 -0.82112079858779907227 0.82383638620376586914 0.94238001108169555664 -0.01293161232024430014 0.08597388863563530659 -0.58536058664321899414
0.17511543631553649902 -0.71196955442428588867 0.08343821763992309570 -0.51272189617156982422 -1.61114633083343505859 -0.60222172737121582031 0.43809300661087030582 -1.62349271774291992188 -1.59050965309143088611 -0.61793643236160278320 0.00482213078066699979 -0.37469258904457092285 -0.37611833214759821109 0.72844094038009643555 0.40643063187599182129 -0.87365919351577758789 -1.37027728557586669922 -1.21316802501678489001 -1.27105426788330078125 1.28845238685607910156 -1.75278699398040749280 -0.78470587730407714844 1.41901087760925292969 0.46661713719367980957 -0.32982158660888671875 -0.84110999107360839844
-1.03100061416625976562 -1.35663712024688720703 -0.36026927828788757324 -0.56072705984115600586 -0.09268870204687110204 0.03946610540151589824 -1.11457479000091552734 -0.64592593908309936523 1.38980245590209960938 -1.56386399269104003906 -0.76685875654220581055 0.01870171166956419856 0.98661249876022338867 0.32115319371223449707 -0.04702071100473399767 0.92430943250656116827 0.28329235315322870425 -1.37063300609588623047 -1.38048970699310302734 -0.11738394945859899343 0.85146170854568481445 -0.26047956943511957340 1.63532793521881103516 0.06913959980010979389 0.14158104360103598851 -1.49329900741577170642
0.52841174602508544922 -0.34964582324028009586 0.05867085605859750225 1.62330794334411621094 -0.91405749320983875617 -0.67926597595214843750 1.32760477066040039062 0.87629419565200805664 -0.82045334577560424805 0.38180577754974359683 1.04846405982971191406 0.23426714539527890291 -1.81711447238922074732 -0.47326466441154479980 1.35463833808898925781 1.15982174873352050781 -1.35799813270568847656 1.45310831069946289062 -0.43634870648384088687 -0.34157717227935791016 1.62766826152801513672 -0.04205925762653350136 1.26777875423431396484 -0.83346003293991088867 -0.81502485275268554688 0.67279565334320068359
-1.57861256599426269531 0.99208623170852661133 -0.25106129050254821777 1.32461249828338623047 -0.10913293808698650011 -0.86359179019927978516 1.40585792064666770251 1.33343446254730224609 -0.37312972545623779297 -0.03743696957826610217 0.50443613529205322266 -1.48256981372833229749 0.55713135004043579102 -1.03984653949737571033 0.29810523986816400699 -1.00444912910461447986 -1.41401171684265136719 0.09772325307130809435 0.04181827232241629860 0.26104703545570367984 -1.36868941783905029297 -1.31187045574188232422 -1.31674444675445556641 0.22296085953712460603 1.00196313858032248767 0.04672241210937500000
0.84903311729431152344 0.02630862407386300172 -0.86384385824203491211 0.64881855249404907227 1.26134645938873291016 1.48497343063354492188 0.20789144933223718814 -0.59359836578369140625 1.26080000400543190686 -1.19975900650024391858 -0.66542345285415649414 -0.29908165335655212402 -0.98796904087066639288 -0.02720254845917220027 -0.46737027168273920230 0.68361651897430419922 -0.13764697313308710269 0.35447913408279418945 -0.26659730076789850406 -1.47343635559082031250 -0.08473116159439079975 0.16827073693275448885 -0.83821320533752441406 -0.04090580344200130114 -1.41394793987274169922 1.40866315364837646484
-0.88330918550491333008 -0.67154163122177124023 -1.53854143619537353516 0.08261664211750030518 -0.57347708940505981445 0.06703836470842360062 -1.32008135318756103516 1.42326605319976806641 1.13145017623901367188 0.32306015491485590152 -0.62686884403228759766 0.31527978181838989258 0.14483475685119628906 -0.24534824490547180176 -0.41430366039276117496 0.10071451216936110062 -0.87399715185165405273 -0.14552012085914609041 1.00911569595336914062 -0.59187602996826171875 1.46541905403137207031 -0.34606161713600158691 0.49444827437400817871 0.74101257324218750000 0.06034877151250830213 -0.39068299531936639957
0.29336598515510559082 -1.47139298915863037109 0.66854327917098999023 -1.68062174320220969470 -0.00223763845860949990 0.27506330609321588687 0.51494526863098144531 -0.72848880290985107422 0.93114721775054920538 -0.31350213289260858707 0.49960422515869140625 1.69999468326568603516 -0.48755744099616998843 1.67912924289703369141 -1.14809095859527610095 -1.32330787181854248047 0.03425746038556089917 0.40276110172271728516 -0.82025843858718872070 1.76563024520874023438 -0.31367069482803339175 -1.71154046058654807361 1.18747556209564208984 -1.03955745697021484375 -0.89691722393035888672 -2.05404973030090376440
0.84269130229949951172 1.04220962524414062500 -0.13203379511833190918 -0.70676314830780029297 1.10675716400146484375 1.22850823402404807361 -0.95862942934036243781 -1.07637059688568115234 -0.88886022567749023438 -1.44514775276184082031 -0.06431841850280760331 -0.44092205166816711426 1.45798313617706298828 0.33035132288932800293 -0.93427342176437377930 -0.26874345541000360660 -1.24442434310913085938 -0.10930713266134259309 -1.26814901828765869141 0.69135153293609619141 0.68634194135665893555 -1.29961955547332763672 0.89306288957595825195 0.72453665733337402344 -0.95472681522369384766 0.48276919126510620117
-0.75434052944183349609 -0.15805043280124658756 0.51469790935516357422 -1.34008395671844482422 1.54956114292144775391 0.75424373149871826172 1.11416363716125488281 -1.46530342102050781250 0.84553682804107666016 -1.52397000789642311780 -1.31190013885498046875 -0.55868017673492431641 0.16519679129123679417 0.26419851183891290836 0.24626007676124569978 -1.28374660015106201172 -1.13655781745910644531 1.16747558116912841797 -0.13299438357353210449 1.46116542816162109375 -0.39724564552307128906 -0.53820788860321044922 -0.37542274594306940250 -0.83272099494934082031 0.24920366704463958740 -0.70074939727783203125
1.04840660095214843750 -0.61758887767791748047 -0.30299225449562072754 1.49749970436096191406 -1.54234457015991210938 0.08000244945287700304 0.96659082174301158563 1.05348098278045632092 1.30360722541809082031 0.57840049266815185547 0.79537272453308105469 -1.78043651580810569079 0.63232016563415527344 -1.02970695495605490954 1.40212285518646240234 -0.30260902643203729800 0.21600967645645138826 -1.16913163661956809314 -1.45484864711761474609 -0.78019958734512329102 -0.46174576878547668457 0.71032720804214477539 -0.20316536724567410555 -1.47037351131439208984 1.19812309741973876953 1.07564723491668701172
1.45485901832580566406 -0.28238528966903680972 -0.67701584100723266602 -0.57193821668624877930 1.27431511878967285156 1.17798817157745361328 -1.59781074523925781250 -0.83754229545593261719 1.22592031955718994141 0.99744319915771484375 0.20366354286670679263 1.04226624965667724609 1.13888871669769287109 -0.80129837989807128906 -1.58038294315338112561 -0.97302997112274158820 0.85219871997833251953 -1.01631665229797363281 1.63922929763793967517 1.45181369781494140625 1.18804407119750976562 -0.44085958600044250488 -0.21072034537792200259 -1.42997574806213378906 -0.21549266576766959447 0.68375903367996215820
1.07199156284332275391 -1.68636763095855712891 1.34794414043426513672 0.64913034439086914062 -0.47888359427452087402 -0.56056511402130126953 -0.72196394205093383789 1.24133682250976562500 1.10107505321502685547 -1.48522973060607910156 -1.55494713783264160156 0.20051023364067069310 1.54217290878295898438 0.23331925272941589355 1.00154626369476318359 -0.21271717548370361328 -0.60673958063125610352 0.30365225672721857242 -0.83742064237594604492 1.12264943122863769531 0.71067917346954345703 -0.58681833744049072266 1.67807030677795410156 0.03478302061557769775 1.38250780105590820312 -0.14737248420715329256
-0.78273391723632812500 1.06409060955047607422 0.57273977994918823242 -0.77104038000106811523 -0.37449201941490167789 -0.08556721359491339940 0.36365637183189392090 -1.08837485313415527344 -0.15351442992687219791 -1.26772165298461914062 1.64245986938476562500 -0.12526856362819668855 -1.73924958705902099609 0.34614786505699157715 -1.23562383651733398438 1.62066566944122314453 -0.21497718989849090576 1.67614090442657470703 1.10040056705474831311 1.74697613716125488281 -0.44355458021163940430 -1.37903165817260742188 -0.75653141736984252930 1.31174659729003906250 -0.45818138122558588199 -0.38309556245803827457
-0.51564782857894897461 -1.45476365089416503906 1.14198434352874755859 -1.21589374542236328125 0.67656731605529785156 0.78326171636581420898 0.13542948663234710693 -0.57219195365905761719 0.89151722192764282227 -1.62868154048919677734 -1.64284753799438476562 -1.72664415836334250720 1.37091410160064697266 -0.91873455047607421875 0.25465103983879089355 -0.12677824497222900391 -0.36602431535720819644 -0.43065047264099121094 -0.00709176575765009965 1.68332362174987792969 0.83714842796325683594 0.18882071971893310547 -0.55382198095321655273 -0.23946557939052579012 -0.52395492792129516602 -1.06687068939208984375
-1.54522633552551269531 1.71616315841674804688 -1.60427999496459960938 -0.60571163892745971680 -0.42099460959434509277 1.65549552440643310547 0.18167218565940851382 0.52828210592269897461 0.99158561229705799445 0.27095887064933771304 0.21700471639633178711 1.57422351837158203125 0.12785719335079190340 -0.62392139434814453125 -0.23450562357902521304 -0.29292327165603637695 -0.47974881529808038882 1.38087475299835205078 -0.89466363191604614258 -0.66445136070251464844 -1.78300273418426513672 0.07573482394218440661 1.23146677017211914062 -0.09365138411521910233 -0.02809388935565940160 -0.60903090238571166992
1.44945895671844482422 -1.71533489227294921875 0.27505502104759210757 -0.07738401740789410677 -0.50043743848800659180 -0.47604158520698547363 0.35556179285049438477 1.57255923748016357422 -0.74780589342117309570 -0.78585606813430786133 0.41981241106986999512 0.71522772312164306641 -0.69542431831359863281 -1.58537137508392311780 0.40622052550315851382 1.02556550502777099609 0.60909688472747802734 -0.98182713985443115234 1.25321614742279030530 -0.54979455471038818359 -1.56556761264801047595 -1.67259514331817649158 0.95114076137542724609 0.50031477212905883789 -0.00375151936896140010 -1.46813297271728515625
-0.79362660646438598633 0.48493093252182001285 0.16664606332778930664 1.58740246295928955078 1.34571254253387428967 0.97158807516098022461 -1.32962143421173095703 1.15403819084167480469 0.30850815773010248355 -0.49394521117210388184 0.25819599628448480777 -0.60010445117950439453 -0.58488833904266357422 1.60653948783874511719 0.26211458444595331363 0.19618074595928189363 -0.79901015758514404297 -0.54501962661743164062 -1.11298239231109619141 -0.73954951763153076172 -1.73983848094940207751 -0.83084875345230102539 -0.79997092485427856445 -0.55358570814132690430 -0.31972551345825189761 1.49466550350189208984
1.65500402450561523438 0.20495875179767608643 -0.72773247957229614258 0.20469309389591208714 -1.45009541511535644531 -1.36901104450225830078 -1.57133066654205322266 1.50151085853576660156 -0.72464853525161743164 0.03102626837790009931 1.61637949943542480469 1.50441062450408935547 0.96877789497375477179 1.00106132030487060547 -0.31584462523460388184 0.55666136741638183594 -1.22251689434051513672 -1.45267641544342041016 -0.23994195461273190584 0.29088279604911798648 0.75838184356689453125 -0.08517363667488089818 1.24229574203491210938 0.79232662916183471680 0.94937700033187877313 0.31099855899810791016
-1.33045804500579833984 0.61078071594238281250 0.98170149326324462891 0.11492943018674850464 0.73994421958923339844 -1.34524643421173095703 -0.40225651860237121582 -0.34428879618644708804 -0.10141968727111809467 -1.52396154403686523438 -0.77625429630279541016 -0.57633197307586669922 0.91172820329666137695 0.76116961240768432617 0.26080858707427978516 1.21918582916259765625 0.23862797021865839175 0.72619074583053588867 0.26085045933723449707 0.62298780679702758789 -0.82851123809814453125 0.66484171152114868164 0.82379829883575439453 0.03647428005933760209 1.24783694744110107422 -0.06459888815879820390
1.65347945690155029297 0.21042153239250180330 -0.76276111602783203125 1.40428614616394042969 1.67285346984863281250 -0.12914155423641199283 -0.89214968681335449219 0.56305825710296630859 -1.63749325275421142578 -0.84479135274887084961 0.03572539612650869889 0.05575378611683839969 1.56950414180755615234 -1.59699785709381103516 0.77563548088073730469 -0.13655452430248260498 0.51030200719833374023 1.37222898006439208984 1.70292258262634277344 -0.16944253444671630859 0.35179966688156127930 -0.97397118806839000360 -0.31033518910408020020 1.32956159114837646484 1.75074744224548339844 2.50138139724731445312
1.55637168884277343750 -0.81913799047470092773 0.99273961782455444336 1.13889932632446289062 0.28805497288703918457 1.62988805770874023438 -0.98080241680145263672 -0.07623140513896939363 0.99775511026382435187 -0.27008464932441711426 -0.33778429031372070312 -1.15987777709960937500 -0.14109045267105099764 -0.66094189882278442383 -1.36456763744354248047 1.64818322658538818359 0.22287881374359130859 -1.64770448207855224609 -1.03355622291564941406 -1.67712926864624023438 -0.91368174552917480469 0.77879965305328369141 1.02450919151306152344 -0.88381600379943847656 1.29898476600646950452 1.06365394592285156250
1.66589844226837158203 1.70174252986907958984 0.53598886728286743164 1.37275195121765136719 -0.77549362182617187500 -1.23903262615203857422 -1.37488341331481911389 -1.02666413784027099609 -0.29375389218330377750 0.22550909221172329988 0.18198360502719879150 -0.56767773628234863281 -0.49658849835395807437 -0.23298074305057520084 -1.61934375762939430921 -0.76388478279113769531 -1.38039445877075195312 0.76722848415374755859 -0.97371470928192138672 0.20659248530864710025 -0.40425646305084228516 -0.08293808251619330663 0.50556367635726928711 0.63767260313034057617 -0.96011084318160999640 -0.27348703145980829410
0.98357653617858875617 0.17621320486068720035 1.37604975700378417969 1.77239143848419189453 -0.17808434367179870605 -1.53169810771942138672 -0.06377544999122619629 0.98120266199111938477 0.98708510398864757196 -0.85958588123321533203 -0.36908408999443048648 0.00506036123260850037 1.62318134307861328125 -1.46777272224426269531 -0.48657551407814020328 1.15318846702575683594 1.55873477458953857422 1.17012083530426047595 0.74852675199508666992 1.44161868095397949219 -0.25800386071205139160 -0.65932863950729370117 0.17958280444145199861 -0.75644654035568237305 1.11780488491058349609 1.96866226196289040296
-0.64781361818313598633 1.27787697315216064453 0.53262585401535034180 -1.24102735519409179688 -0.76928240060806274414 -1.21379685401916503906 -0.04812063649296759865 -0.43308269977569580078 0.25436550378799438477 1.18974483013153076172 -0.89644873142242431641 0.18672068417072290591 -0.59265708923339843750 -0.00216092891059809986 1.45064675807952880859 -1.21961915493011474609 -0.33855909109115600586 1.10471379756927490234 -0.28674259781837457828 0.01845099963247770133 -0.65586209297180175781 -1.63313508033752441406 -1.01137101650238037109 1.73860895633697509766 0.18301616609096518773 -0.57939809560775756836
1.22894144058227539062 -0.33003729581832880191 -1.25166141986846923828 0.43815264105796808414 -0.74723470211029052734 -0.37982854247093200684 0.75402468442916870117 -1.30801105499267578125 0.19721500575542449951 0.82762420177459716797 -1.12678241729736328125 -1.79570007324218750000 0.15646742284297940340 -1.51193201541900634766 -0.19734886288642880525 -1.54077303409576416016 -0.70851868391036987305 -1.47254848480224609375 1.70039093494415283203 -0.00123446155339469992 -0.22995249927043909244 0.59372597932815551758 1.25674533843994140625 1.31671702861785888672 -0.54119861125946044922 0.63689881563186645508
0.83049279451370239258 -0.00059610430616880003 -0.00420835288241499985 -0.14744730293750760164 -1.02717924118041992188 -0.25354936718940729312 1.59678685665130615234 1.66677033901214599609 1.18457436561584472656 -1.31851685047149658203 1.38243794441223144531 1.68473470211029030530 0.44053077697753900699 0.92605972290039062500 -0.18546691536903381348 0.02234609611332409942 -1.29104447364807128906 1.54574847221374511719 -1.56160914897918701172 -0.27772197127342218570 -0.52203160524368286133 1.56062698364257790296 -1.53557991981506369861 1.05712282657623291016 1.05167090892791770251 0.03901233524084089799
1.43660461902618408203 -0.76620191335678100586 1.01860463619232177734 1.71326601505279541016 -1.11755704879760742188 0.33276271820068359375 0.23869468271732330322 -1.66259360313415527344 0.37416529655456537418 1.12315666675567649158 -1.51722896099090576172 -0.40104261040687561035 -0.32779294252395629883 0.08806792646646499634 -0.65269422531127929688 -1.61315441131591796875 -0.96052324771881103516 -0.71885818243026733398 -0.51416391134262084961 0.36279216408729547672 -1.18997728824615478516 0.50377941131591796875 -1.13582015037536621094 0.13109685480594629459 1.19485020637512207031 1.00390434265136718750
1.07596039772033691406 0.96049839258193958624 1.01048219203948952405 -1.06389379501342751233 -1.26532566547393798828 1.33483934402465820312 1.56893754005432128906 1.33842492103576660156 -0.52342385053634643555 1.55693209171295166016 -0.94083553552627563477 0.37717491388320917300 -0.34601283073425287418 -1.17258071899414062500 -0.44287788867950439453 -0.17253696918487548828 -1.52465450763702392578 0.32252964377403259277 -0.21285070478916159886 1.66187632083892822266 0.41127523779869079590 -1.37386715412139892578 1.49452424049377441406 -1.34063827991485595703 1.65269660949707031250 -0.38286477327346801758
-1.33679854869842529297 -0.83960783481597900391 0.38152375817298889160 0.05158447846770280315 1.64169442653656005859 -0.41514018177986139468 0.49011713266372680664 -1.14061474800109863281 0.00940275751054280018 1.63400042057037353516 -0.95434904098510742188 -0.84887832403182983398 -0.24643817543983459473 0.77501875162124633789 -0.12028875201940529560 1.32457900047302246094 1.59097445011138916016 -0.21075539290904998779 0.52430540323257446289 -1.44375383853912353516 -1.25957489013671875000 0.94282621145248401984 0.85270559787750244141 -1.60748922824859619141 -1.68562984466552712171 -0.59999996423721313477
0.00467024417594069999 -1.11533415317535400391 -1.32038557529449462891 0.74241840839385986328 -0.05088723823428149828 1.49913656711578369141 -1.68161094188690207751 1.00271058082580566406 1.06028807163238525391 0.10544800758361809467 -1.46690011024475097656 0.22134743630886069554 0.65796214342117309570 1.69656658172607421875 0.09797870367765419697 -1.22936463356018088611 1.29171240329742431641 -1.74089622497558593750 -1.26599311828613281250 -1.11286306381225608142 0.71166259050369262695 1.20204401016235351562 1.31917095184326149671 0.27863833308219909668 -1.44183897972106911389 0.29427930712699890137
0.56083238124847412109 -0.54602271318435668945 1.48018240928649902344 0.72670018672943115234 0.91643136739730834961 0.83086824417114257812 -1.20005369186401367188 -1.64125823974609375000 1.20486819744110107422 -0.35682421922683710269 0.02491759136319160114 0.27189758419990539551 -0.87069553136825561523 -0.07220666855573650011 -0.12715761363506308812 1.42881357669830322266 -0.75908589363098144531 -0.81875580549240112305 1.00168955326080322266 0.73521029949188232422 -1.44117581844329833984 1.43573880195617675781 -0.05038984492421150208 -1.19868075847625710217 -0.57496678829193115234 1.41622364521026589124
1.59345519542694091797 1.78430414199829101562 1.57155132293701149671 0.38318377733230590820 -0.46265003085136408023 0.19025799632072448730 0.72147810459136962891 0.25461181998252868652 -0.06603538244962689485 -0.06854982674121849751 -1.21197617053985595703 0.34188866615295410156 1.25106394290924072266 1.61246466636657714844 1.50236713886261008533 -1.01364147663116455078 -0.46886876225471491031 -0.38945239782333368472 1.73168814182281494141 1.67319524288177490234 0.10748652368783949418 -0.03088291361927979900 0.14914642274379730225 -0.85934150218963623047 -1.05980205535888671875 -0.29063451290130609683
-0.76604896783828735352 1.07749867439270019531 0.63818132877349853516 0.76403957605361938477 -1.44540560245513916016 -1.03620505332946777344 1.38535547256469726562 1.46929085254669189453 -0.09941393882036199392 -0.22738669812679290771 -1.08540344238281250000 -0.59439700841903686523 0.37310013175010681152 -0.30299732089042658023 -1.61995649337768554688 0.74414443969726562500 0.64498084783554077148 1.19148290157318115234 -1.54619705677032470703 -1.22768175601959250720 -1.14661455154418967517 1.54939401149749755859 -0.03626083582639690051 0.13284863531589499730 -1.04301238059997558594 0.28499516844749450684
-0.86787688732147216797 1.76882863044738769531 -1.04019558429718017578 -1.10184514522552490234 -1.40005576610565207751 1.35399580001831032483 -0.78102999925613403320 -0.76693570613861083984 0.90157270431518554688 1.50795197486877441406 1.03827524185180664062 0.30554467439651489258 -0.28279024362564081363 0.22684994339942929353 0.21826723217964169588 -0.76732516288757324219 -0.22805541753768920898 -0.53958493471145629883 0.30551350116729730777 -1.21501386165618896484 -0.11501505970954889468 -1.18763053417205810547 0.98057365417480479852 -1.54632353782653808594 -0.68117636442184448242 -0.92964756488800037726
-1.30941677093505859375 -1.09610831737518310547 0.18750967085361480713 -0.25996154546737670898 1.22570645809173583984 -0.64617139101028442383 -0.61365622282028198242 0.20367339253425589818 -1.05857563018798850329 1.44854247570037841797 -0.25323125720024108887 -0.67262560129165649414 -0.62844455242156982422 1.48626005649566650391 -1.41238641738891601562 1.58336246013641357422 -0.52318882942199707031 -0.11052136123180389404 -0.64689111709594726562 -1.46009385585784912109 -1.18401122093200683594 0.74037206172943115234 -1.47311317920684792249 -1.75844454765319824219 -0.93400377035141002313 -1.36696934700012207031
-0.42188295722007751465 -1.34659242630004882812 0.99497038125991821289 0.82052743434906005859 -0.19277828931808468904 0.87343728542327880859 -1.72254800796508789062 -0.19689558446407309789 1.15103721618652343750 1.05240821838378906250 -0.30136001110076898746 0.69469743967056274414 -0.87582397460937500000 0.42460113763809198550 -1.71906065940856911389 1.03640854358673095703 -0.20355874300003048982 -1.07890021800994873047 -0.64738601446151733398 0.41544586420059198550 0.54263502359390258789 -0.00168714777100829991 0.59868818521499633789 -1.19236350059509277344 -1.67495536804199218750 -0.18126688897609710693
-0.35079151391983032227 0.29465904831886291504 0.72471648454666137695 1.36784374713897705078 -1.30395734310150168689 0.95029044151306163446 1.56804645061492919922 -1.16985499858856201172 1.44910955429077170642 -1.65852379798889160156 -0.90949678421020518915 1.27057445049285888672 -1.33849585056304909436 -1.27347230911254882812 1.66065001487731911389 -0.38316771388053888492 -0.92346006631851196289 0.42433327436447138004 1.08471846580505371094 -1.19760370254516601562 1.06337690353393554688 -0.63734966516494750977 -0.31504178047180170230 -1.26289308071136474609 -0.23204736411571499910 0.40537354350090021304
-1.01011312007904030530 0.65089309215545654297 -0.16257619857788080386 0.69923305511474609375 0.18868838250637048892 -1.33960771560668967517 1.14376199245452880859 -0.67248290777206420898 -1.41228032112121582031 0.75557130575180053711 -0.03074205853044980133 -0.74723738431930541992 -0.56141895055770874023 1.02545154094696044922 -0.46150597929954528809 -1.55526995658874511719 -0.61392652988433837891 0.73903393745422363281 -0.01741679571568960014 1.24057996273040749280 -0.29490116238594049625 1.27293586730957031250 -0.99091029167175281867 -1.39694571495056152344 -0.95425850152969360352 -0.09342236071825020527
1.53870475292205810547 -0.33438175916671747379 0.83127772808074951172 -0.64640814065933227539 1.01314353942871093750 -0.99879789352417003290 0.49361315369606018066 -0.86936682462692260742 0.49434474110603332520 0.62636470794677734375 -0.10316745191812509708 -0.12233999371528619937 1.14344525337219238281 1.54788005352020263672 -1.65039205551147460938 -0.50830775499343872070 1.38706529140472389905 -1.21810042858123779297 -0.59416723251342773438 0.10658703744411460179 0.30870750546455377750 -0.92539900541305541992 -0.06287574023008339619 0.57900184392929077148 -0.89303225278854370117 0.94491893053054798468
-0.57435172796249389648 -1.40299892425537109375 -1.44739115238189697266 -1.54859995841979980469 0.24889762699604028873 -1.26327097415924072266 -0.75755059719085693359 1.15413975715637207031 -0.67330318689346313477 0.65625381469726562500 1.78582453727722167969 -1.59812617301940917969 0.15727837383747100830 -1.61425256729125976562 -1.25885963439941406250 -0.50701040029525756836 -1.35454380512237571033 1.61445081233978271484 1.20703446865081809314 -1.30055558681488037109 -1.73756432533264160156 0.93271416425704956055 -0.84934198856353759766 -0.79702454805374145508 -1.55459284782409690173 -1.48722505569458007812
0.47676047682762140445 -0.93739384412765502930 0.93366312980651855469 -1.60087013244628906250 -0.96617084741592396124 1.31857204437255859375 0.01365186925977459990 -1.50047695636749289783 -0.30168178677558898926 0.84187644720077514648 1.62876868247985839844 1.28465723991394042969 -0.76701730489730834961 0.74756979942321777344 -0.80512607097625732422 -0.45019209384918207340 -0.82353490591049194336 0.02631521038711069974 1.04648661613464355469 -1.65299582481384277344 -1.64690649509429909436 -0.41431736946105951480 -0.91416132450103759766 -0.10954096913337700581 -1.14326786994934082031 -1.65173876285552978516
1.03713381290435791016 0.35990396142005920410 1.56344330310821510999 -0.21308988332748410310 0.41010168194770807437 -1.11084926128387428967 -1.01082193851470969470 -1.38093721866607688220 1.56668245792388916016 0.93302857875823963507 -0.75988119840621948242 -0.76408725976943969727 -1.19008791446685791016 1.68130350112915039062 -0.10254105180501929540 -1.35964977741241455078 1.19253742694854736328 -0.36993795633316040039 1.00580501556396484375 -1.64683985710144042969 1.34276342391967751233 -0.24880720674991599339 -1.34273552894592285156 -0.70145612955093383789 -0.77373665571212768555 1.25094711780548095703
1.40822768211364768298 -0.83235377073287963867 0.32023817300796508789 0.60364806652069091797 -1.35808920860290527344 1.25406074523925781250 -0.22065658867359161377 -0.99676620960235595703 0.75288087129592895508 -1.23531138896942138672 -0.13385693728923789281 -0.09860328584909429372 -0.83390653133392333984 0.45938649773597717285 -0.99810761213302601202 -1.66438698768615722656 -1.64643180370330810547 0.16124971210956570711 -1.14979660511016845703 -0.06591317802667609471 -0.98386406898498535156 0.16066300868988028783 -1.69836390018463112561 0.31761389970779418945 -0.24284188449382779207 -0.38610923290252679996
0.99739789962768554688 -1.37465834617614768298 1.07017004489898681641 -0.60075479745864868164 -0.51151722669601440430 -0.42598634958267211914 0.60056358575820922852 0.03503540903329840223 -1.14172065258026123047 0.87377023696899414062 1.36497032642364501953 1.72164118289947509766 0.40809553861618041992 -0.48043614625930780582 -0.63087356090545654297 -1.60722362995147705078 -1.67839646339416503906 -0.76062196493148803711 1.45388352870941162109 1.20151853561401367188 -1.23668706417083740234 -0.51718133687973022461 0.30291855335235590152 1.07284927368164062500 -1.12992525100708007812 -0.26750606298446649722
-0.44112849235534667969 1.33407878875732421875 0.38753011822700500488 -0.24394403398036951236 0.00395511137321589989 1.20744359493255615234 -1.07344007492065429688 1.45879125595092751233 1.19915390014648437500 -1.21645736694335937500 -0.56701135635375976562 0.27437520027160638980 0.13184471428394309300 -1.15173864364624023438 0.73834794759750366211 1.19800567626953125000 1.00943839550018310547 -1.12578225135803222656 -0.76303440332412719727 -1.49821269512176513672 1.71916472911834716797 0.49981525540351867676 0.13642333447933188695 0.60978215932846069336 0.12298115342855449328 -0.02492804452776899854
1.65019083023071289062 -0.25996327400207519531 0.58100455999374389648 -0.56394475698471069336 0.42448514699935907535 -0.90665221214294444696 -0.11440829932689659809 1.25775098800659179688 -0.17157125473022460938 0.06822868436574930362 -1.06051409244537353516 1.60675871372222900391 0.66659301519393920898 -0.51639330387115478516 0.20622818171977991275 1.61956334114074707031 -0.61427456140518188477 1.05132544040679909436 1.69491040706634521484 -0.70554983615875244141 0.16715754568576809969 1.30410766601562500000 -0.65126323699951171875 -1.21664404869079589844 -0.85111981630325317383 0.18650721013545989990
0.25982466340065002441 -1.09713351726531982422 0.26072785258293151855 -1.12918388843536376953 -1.37526476383209250720 -1.52304100990295410156 -0.72046226263046264648 1.59164261817932128906 1.15426135063171408923 1.39675962924957275391 0.36536452174186700992 -0.05549779161810870082 -0.89657354354858398438 -0.46037009358406061343 -1.60228657722473144531 1.65702044963836669922 0.39395645260810852051 0.17770102620124811343 0.52194756269454956055 -0.51772588491439819336 0.50842970609664916992 1.01949620246887207031 -1.44373273849487304688 -1.05953860282897949219 -1.56743299961090087891 -1.70738482475280761719
0.01508081518113610006 0.87768256664276123047 1.19157743453979492188 0.34034669399261469058 0.85545343160629272461 0.27267068624496459961 -0.00738493399694559963 0.25874903798103332520 1.45419883728027343750 1.28162765502929687500 1.09286594390869140625 -0.23429055511951440982 -0.80651825666427612305 -0.84335613250732421875 -1.42439210414886474609 1.48506724834442138672 0.77722316980361938477 -0.46507287025451660156 -0.65204423666000366211 1.16347229480743408203 -0.95626431703567504883 -0.14988712966442099828 0.33955100178718561343 0.38502916693687438965 -1.06632077693939208984 1.24219822883605957031
1.60835707187652610095 -1.20926237106323242188 -1.77917814254760742188 -1.43933129310607910156 0.24852451682090759277 0.52724415063858032227 1.55114924907684326172 1.41398370265960693359 0.68135577440261840820 -0.41499984264373779297 0.13491284847259518709 -1.08589065074920632092 -0.18534152209758750218 -0.16734181344509119205 1.67794704437255859375 -0.07594650238752359561 -0.20797023177146908846 -0.89670896530151367188 0.98935061693191517218 1.05934894084930419922 -0.91845500469207763672 0.09191162139177319612 -0.29681563377380371094 1.71554410457611083984 0.86156892776489257812 -0.38571745157241821289
1.13420021533966064453 -1.62008929252624511719 0.54819440841674804688 0.99567449092865001337 -1.26651322841644287109 0.50035625696182250977 -0.56614732742309570312 -0.48905676603317260742 1.54031515121459960938 0.69300937652587890625 -1.36518764495849609375 -0.34059488773345947266 1.67737495899200439453 1.16736125946044921875 -0.99325990676879882812 0.94504511356353759766 -0.07135673612356180362 -0.11563201248645779695 1.02758371829986550061 0.32041868567466730289 -0.44796013832092279605 -1.41570103168487571033 -1.60491752624511718750 -1.17484068870544433594 1.56524944305419921875 -1.16491556167602539062
-0.97568756341934204102 -0.90298831462860118524 -0.46868664026260370425 0.58515411615371704102 0.52190911769866943359 -1.63311779499053955078 -0.62715226411819458008 -0.77753531932830810547 1.20961344242095969470 -1.32141137123107910156 1.49636411666870117188 -0.29218688607215881348 -1.28702735900878906250 -1.58246421813964843750 -1.18930029869079589844 0.69367200136184692383 -1.28341674804687500000 -1.28692495822906494141 -0.26734033226966857910 -0.00029678098508150000 -1.30754292011261008533 1.62877357006072998047 -0.19078770279884330052 1.31549131870269775391 1.12039697170257568359 -0.55857282876968383789
0.04649867489933959958 -1.05134904384613037109 -1.30839753150939941406 -0.64246910810470581055 1.30324673652648925781 -1.48357796669006369861 1.41139757633209250720 -0.53757476806640625000 -0.58689701557159423828 1.74849927425384521484 -1.48010158538818359375 -1.24612593650817871094 0.18315899372100830078 -0.71137249469757080078 1.20255851745605490954 1.50753593444824218750 -1.29068231582641601562 0.01556917093694210052 0.22437326610088340062 -0.88592344522476196289 0.22489422559738159180 1.28171885013580322266 -0.62827885150909423828 -0.12733851373195639867 0.99525582790374755859 -0.35189831256866449527
-0.11304780095815650243 0.66869282722473144531 -0.93659889698028564453 0.64369112253189086914 1.49281048774719238281 1.00451433658599831311 -0.75696343183517456055 0.73050665855407714844 0.06306633353233330463 -0.17469762265682220459 -0.78032463788986206055 -0.47485086321830749512 -0.01540625002235170016 0.28744822740554809570 0.12868493795394889134 0.14072981476783749666 0.83044528961181640625 1.14259397983551047595 1.69906461238861083984 -0.74244171380996704102 -0.95933234691619884149 -0.20900201797485348787 1.28801357746124289783 -0.62665933370590209961 1.75967431068420410156 1.51456999778747558594
-1.01638054847717285156 0.46941828727722167969 -1.34738659858703591077 -0.21090227365493768863 -0.36144989728927612305 1.16550135612487792969 0.69231021404266357422 -1.05280804634094238281 0.33340668678283691406 -1.08133864402770996094 0.03646294400095929922 1.61620616912841796875 -0.21223278343677520752 -0.92557138204574584961 0.23492445051670068912 -0.74243509769439697266 -0.80699384212493896484 -0.53731793165206909180 0.95642995834350597040 0.30777096748352050781 -0.43850547075271600894 -1.68639314174652099609 -0.77613979578018188477 0.99564921855926524774 1.49222505092620849609 -0.21486069262027740479
-0.19830349087715148926 0.58234059810638427734 1.12476682662963889392 -1.14557754993438720703 1.11503434181213378906 -0.04623652622103689713 -1.22289848327636718750 0.08777619153261180529 -0.67001205682754516602 0.68604552745819091797 1.35121130943298339844 -1.75861513614654541016 0.74596500396728515625 0.11446069180965419421 0.72107309103012084961 -1.10505378246307350842 -0.54976683855056762695 0.10179562121629709415 -0.18043537437915799226 1.38997781276702880859 0.33522084355354309082 1.23045194149017311780 0.49536025524139398746 0.65880072116851806641 -0.54623168706893920898 0.09142035245895380191
0.07408282160758969392 1.28140795230865478516 1.49000430107116699219 0.44301328063011169434 -1.45779144763946510999 -1.11021113395690917969 0.23339611291885370425 1.07010519504547119141 -0.18220299482345581055 0.47497364878654479980 -1.39951848983764648438 -1.20974874496459960938 0.39232182502746582031 -0.15303479135036460179 -0.69620317220687866211 0.06463848799467079853 -1.40145504474639892578 0.25937440991401672363 -0.85308504104614257812 1.67974054813385009766 -0.73563933372497558594 -0.22795170545578000154 1.62511384487152099609 1.58483684062957763672 1.73441314697265625000 1.20839512348175048828
0.82032412290573120117 0.37770470976829528809 -1.03051292896270751953 0.58340746164321899414 0.68559783697128295898 -0.82497066259384155273 -1.49509513378143310547 0.14972828328609461002 1.68727099895477294922 0.71260756254196166992 -1.01470863819122314453 0.98071992397308360712 0.20223681628704071045 -0.55520319938659667969 -1.58383488655090309827 1.23921704292297363281 -1.67089641094207763672 -0.72640401124954223633 -1.03946864604949951172 -1.02027094364166259766 1.66062879562377929688 0.82392436265945434570 0.35562583804130548648 -0.41722470521926879883 1.72248637676238991467 1.50601065158843994141
-1.50864505767822287829 0.02591278217732900097 -1.56402122974395751953 -0.61925411224365234375 0.87901794910430908203 -0.46525117754936218262 1.33823895454406738281 0.35522598028182977847 1.03702235221862792969 -1.45008361339569091797 -0.45103594660758972168 -0.45274609327316278629 0.79486161470413208008 -1.02460384368896484375 -0.81844037771224975586 -1.62679064273834250720 1.24822711944580078125 0.31593129038810729980 0.89917528629302978516 -0.67324018478393554688 -0.39403039216995239258 -0.11664248257875439729 0.38130888342857360840 -1.47444486618041992188 -0.36744588613510131836 -0.26226899027824401855
1.48744523525238037109 -1.09866714477539062500 0.76449507474899291992 0.10527887195348739624 0.70021855831146240234 1.29923045635223410876 -1.69677102565765380859 -1.11429417133331298828 -0.48688215017318720035 -1.13022220134735107422 0.89865243434906005859 0.95852530002594005243 1.37163627147674560547 1.19291400909423850329 1.04072511196136474609 0.91134798526763916016 -0.72169929742813110352 -0.79342931509017944336 -1.59123814105987571033 1.13984704017639160156 1.43255245685577392578 1.49460518360137939453 -0.65725803375244140625 1.38229429721832275391 1.07992625236511230469 0.31665211915969848633
0.54333734512329101562 0.62795710563659667969 -0.97468137741088878290 1.16104388236999511719 -0.92653214931488037109 0.69547879695892333984 0.71498107910156250000 1.18414974212646484375 -0.90802717208862304688 0.37347140908241271973 -0.03007543459534639876 -1.77725732326507568359 1.62597393989563010486 -0.11389099806547159366 0.55407935380935668945 0.02549183182418340160 0.41326463222503662109 0.75254780054092407227 -0.41944545507431030273 1.18510079383850097656 0.43024376034736627750 -1.34286856651306152344 -1.71101450920104980469 -1.58189499378204367908 -1.54256808757781982422 1.27779936790466308594
-1.29145097732543967517 1.32520473003387428967 -0.31174346804618829898 1.61680817604064941406 -1.53784382343292236328 -0.89847332239151000977 0.03265858069062230196 1.63436543941497802734 -1.65205180644988991467 -1.46332466602325439453 0.03461986407637589885 0.30669137835502618961 -1.56144106388092041016 1.65968477725982688220 1.63128948211669921875 -1.53783285617828369141 0.97863852977752685547 1.67849135398864768298 0.60097581148147583008 1.17920327186584472656 -1.40117716789245605469 1.55678045749664306641 0.10730197280645370483 1.64184725284576416016 1.16590440273284912109 -0.34929874539375299625
0.27096664905548090152 -0.71070885658264160156 -0.20069879293441769685 -0.98594641685485839844 0.01811288483440870109 -1.23279726505279541016 -0.92665159702301036493 -1.39137470722198486328 0.45941376686096191406 1.22979760169982910156 1.42518675327301047595 -0.65825235843658447266 -0.38225704431533807925 0.69111478328704833984 -0.54870516061782836914 -1.53596377372741699219 -0.30153229832649230957 0.02067860960960379857 -1.54569649696350097656 -1.24843025207519509046 0.54180777072906494141 0.75575828552246093750 0.48778867721557611636 -0.43105188012123107910 1.70032906532287597656 -1.16486251354217529297
1.24615740776061989514 0.89342421293258666992 1.21136319637298583984 -0.37808963656425470523 0.65417647361755371094 -1.59263765811920166016 0.49193570017814630679 0.47421321272850031070 -0.93238282203674316406 1.78220319747924804688 0.95250296592712402344 0.08742801845073699951 0.27721658349037170410 0.27769064903259277344 0.28483137488365167789 -0.17745921015739440918 1.14650881290435791016 -0.10939455777406689729 -1.22901701927185058594 1.44834625720977783203 -0.79666006565093994141 -1.64861023426055908203 -0.10079344362020489778 -1.56207311153411887439 0.32696980237960809879 1.11288785934448242188
1.31002414226531982422 0.13631160557270050049 -1.39158070087432861328 -0.97745579481124877930 -1.28661584854125976562 -1.45729124546051047595 1.20122325420379638672 -0.94248241186141956671 -1.47742187976837158203 0.05849018320441239788 0.86661094427108764648 0.22304542362689969148 -0.30769693851470947266 -1.61272072792053222656 -1.12468981742858886719 1.02329194545745849609 -1.23183906078338623047 -1.26017916202545166016 -0.50968450307846069336 1.76842784881591796875 1.02792274951934792249 1.23397433757781982422 -1.07338774204254150391 -1.31399786472320556641 -0.59145462512969970703 0.13105894625186920166
1.50159204006195090564 1.40055787563323952405 0.79864692687988281250 0.07597471028566360474 0.70777773857116699219 0.41579276323318481445 0.22164781391620630435 -0.87234443426132202148 1.32300305366516113281 -1.44759142398834250720 -0.27480763196945190430 0.55134254693984985352 -0.92219740152358997687 -0.39472058415412897281 -1.58599615097045898438 0.01491371914744370024 -0.93631488084793079718 0.50349187850952148438 -0.63132888078689575195 0.46244871616363519840 -1.31918835639953591077 1.45350444316863991467 1.48700904846191406250 -0.91735148429870605469 1.10293555259704589844 -0.21696929633617401123
-0.79795724153518676758 -0.26788559556007379703 -0.88995331525802612305 1.23883831501007080078 -1.66166400909423850329 -0.69031774997711181641 -0.60923653841018676758 0.95700645446777343750 -0.76301974058151245117 -0.77975201606750488281 -1.39212441444396950452 -0.31659218668937677554 -1.05687594413757324219 -0.57769680023193359375 -1.74612259864807128906 1.39425194263458229749 -0.59441649913787841797 0.85417270660400390625 0.84494787454605102539 0.15197436511516571045 0.15442682802677148990 -1.08537507057189941406 -1.28987860679626464844 0.87961047887802124023 -0.46069857478141779117 0.14959698915481559056
-0.87553596496582031250 -0.33330175280570978336 -1.75000739097595192639 -0.74425429105758666992 1.42891430854797363281 1.60786128044128417969 0.63931709527969360352 0.29644173383712768555 0.18911947309970850162 -1.42279374599456809314 0.87694066762924194336 -1.87764096260070800781 1.31788897514343261719 1.71705615520477294922 1.33717751502990722656 1.34918844699859619141 -0.78918838500976562500 -0.00954628549516199978 -0.28548479080200189761 1.34046030044555664062 -0.62596517801284790039 0.34392833709716791324 0.33126080036163330078 1.15120732784271240234 -0.13655142486095420140 0.05846602097153660166
-0.84952062368392944336 0.13303820788860321045 -0.38514125347137451172 0.04598318040370939774 -1.50123643875122070312 0.11883284896612160420 0.24730558693408960513 1.43192970752716064453 1.06801331043243408203 -0.30792081356048578433 0.80116325616836547852 -0.79822635650634765625 -1.20628011226654030530 0.74975591897964477539 -1.41906905174255371094 -0.74321633577346801758 0.28923583030700678043 -0.57130861282348632812 1.47278511524200439453 0.39848092198371881656 0.70870655775070190430 0.45583337545394897461 -1.61855161190032958984 -0.88135874271392822266 -0.42201542854309082031 -0.60543149709701538086
-1.09149396419525168689 -1.69065809249877929688 1.43408298492431640625 0.67421191930770874023 0.85855150222778320312 1.51222813129425048828 0.57453715801239013672 0.17075638473033899478 -0.71380174160003662109 -0.09071696549654000019 1.40705955028533935547 0.95816379785537719727 -1.52462279796600341797 -1.56532680988311767578 -1.54939913749694824219 -1.36244285106658935547 0.93439787626266479492 0.01646793074905869916 -0.71623325347900390625 -0.48700398206710809879 -0.06916698813438409976 1.64540636539459250720 0.37499091029167169742 -1.25326991081237792969 -0.51237112283706665039 -0.16297918558120719212
1.38964819908142089844 -1.06854414939880371094 0.88208150863647460938 -0.05500290170311920163 -0.42361524701118469238 1.44438755512237571033 0.63574934005737304688 -0.35107874870300287418 0.57510954141616821289 0.39880239963531488590 -0.34911704063415527344 1.14153718948364257812 0.83059698343276977539 -1.00538265705108642578 0.21669496595859519261 -1.45237171649932861328 1.04009294509887695312 -0.38236075639724731445 0.47298508882522577457 0.09897141903638839722 -0.16678449511528009586 -1.45200109481811523438 -0.86616051197052001953 -1.31084585189819335938 -0.41974523663520807437 -0.27882325649261469058
0.51820904016494750977 0.69392311573028564453 -0.75863665342330932617 1.72140824794769287109 0.15757343173027030248 -1.28141105175018310547 0.81736826896667480469 0.91053670644760120734 1.11743211746215820312 -1.01536142826080322266 -1.27048766613006591797 1.38551247119903564453 0.11583393812179559879 0.48796164989471429996 -1.56545245647430419922 1.20704090595245361328 -0.04733231291174880284 1.50251650810241699219 -1.12739515304565429688 -1.31144320964813232422 1.08234596252441406250 -0.07554809749126430163 -0.26628112792968750000 0.81407684087753295898 -0.24964553117752069644 1.70994567871093750000
-1.19059526920318603516 0.75359976291656494141 0.93994712829589843750 -0.97853326797485362665 -1.71077322959899902344 0.65575641393661499023 0.14703981578350058812 -0.62434726953506469727 -1.33239972591400168689 -0.74385327100753784180 -0.38925361633300781250 0.42471346259117120914 0.20082981884479519930 -0.80791121721267700195 -1.68902480602264404297 -0.10520196706056590685 -0.75388109683990478516 -1.25843155384063720703 -1.67511415481567382812 0.42564374208450317383 1.54730892181396484375 1.34458720684051513672 1.23369705677032470703 -1.60294783115386962891 -1.64081203937530517578 -1.36290895938873291016
-0.17247124016284939851 0.58222299814224243164 1.06236326694488525391 -0.36904707551002502441 -0.78806662559509277344 0.05261573567986480016 -1.56230425834655761719 -0.09761776775121680516 1.32307279109954833984 0.45181393623352050781 1.71441829204559326172 1.02137970924377441406 -1.60097682476043701172 0.02112362720072260072 -0.01488452591001979998 1.36588215827941894531 0.57381230592727661133 -1.22113037109375000000 0.70565867424011230469 0.09334723651409139455 0.33542454242706298828 1.10575151443481445312 -0.63588911294937133789 -1.14741063117980957031 1.10381734371185302734 0.44067257642745971680
-1.35017585754394509046 0.64561277627944946289 0.70499676465988159180 1.34508121013641357422 0.81877702474594116211 -1.63424205780029296875 0.56524485349655151367 -0.88560849428176879883 0.11630512773990629716 -0.67662954330444335938 -1.30406582355499289783 1.08729505538940429688 1.36093032360076904297 -1.62308609485626220703 -0.23665915429592129793 1.35448944568634033203 1.20351552963256835938 0.82813888788223266602 0.51522833108901977539 0.34892740845680231265 0.33092141151428222656 0.27986773848533630371 -0.92481642961502075195 -0.03030513040721409881 -1.16446733474731445312 0.49096783995628351382
-0.77475106716156005859 -0.15281403064727780428 -0.51595866680145263672 -0.01016838010400530033 1.45470714569091796875 1.70281636714935302734 -0.99551987648010242804 -1.50511658191680908203 1.48480117321014404297 1.48988890647888183594 1.61470055580139160156 -0.26338502764701837711 -1.27982068061828591077 0.25026190280914301090 -0.76093125343322753906 -0.56049573421478271484 -1.39539074897766113281 0.09621201455593099416 -0.42955604195594787598 -0.99499154090881358758 -0.11260219663381569599 -1.13755214214324951172 -1.03480350971221923828 -0.10263018310070029515 1.61894905567169189453 -0.00483443727716799995
1.59877884387969970703 -1.50252211093902610095 -1.26224887371063232422 1.41080498695373535156 -1.24088668823242209704 -0.29330322146415710449 -1.69723987579345703125 -1.34885942935943603516 -1.31900823116302490234 1.70846569538116455078 0.27857905626296991519 -1.46601402759552001953 1.02017998695373535156 1.40888559818267822266 1.59840118885040283203 1.13542842864990234375 1.29165768623352050781 -0.32610952854156488590 0.80700874328613281250 1.41477727890014648438 -0.23249450325965881348 0.16683737933635708894 -0.82384467124938964844 -0.71808838844299316406 -1.38485538959503151624 0.14386422932147979736
0.47761455178260797672 0.53368473052978515625 -0.48301973938941950015 -1.30067682266235351562 -0.61329352855682373047 -1.24064254760742209704 -0.19181069731712341309 -0.69548928737640380859 -0.67012834548950195312 0.53439152240753173828 -0.91693079471588123663 -1.25785183906555175781 -1.08563053607940673828 0.45705249905586242676 -1.31875205039978049548 1.15728127956390380859 -0.44369345903396600894 0.86127579212188720703 1.08864378929138183594 -1.23820924758911110608 -0.10647676140069960160 -1.20885324478149391858 0.97459930181503295898 0.29029664397239679507 -0.51451843976974487305 -0.25738209486007690430
-1.37537240982055664062 0.33147355914115900211 0.17202396690845489502 -0.40791314840316772461 0.99718493223190318719 0.71400547027587890625 0.89919632673263549805 1.58827149868011474609 -0.48252168297767639160 1.49339187145233154297 -1.39924335479736328125 -1.18768131732940673828 0.28256770968437189273 1.07834386825561523438 -1.04578042030334472656 0.18739104270935050267 -0.35012170672416681461 -1.07560265064239501953 -1.43133318424224831311 -0.51804178953170776367 0.87622416019439697266 1.21780288219451904297 -0.11601185798645019531 1.48696434497833229749 1.34099721908569335938 -1.13277435302734375000
-1.61470758914947509766 0.12822732329368591309 1.51690566539764404297 1.36181128025054909436 1.32459521293640136719 0.78024637699127197266 0.13647973537445060033 1.44526255130767822266 -0.46692433953285217285 -0.79079842567443847656 1.10128152370452880859 -0.58814716339111328125 0.12384912371635430073 0.40819695591926569156 -0.65331864356994628906 1.55142748355865478516 -0.72126787900924682617 0.85425579547882080078 0.93059277534484863281 -0.27907475829124450684 0.09791651368141170153 0.31786397099494928531 -0.42025846242904657535 -0.69260901212692260742 -0.75263512134552001953 0.93768692016601562500
-0.72535443305969238281 -0.97011017799377441406 -0.76469486951828002930 0.33468610048294067383 0.56628519296646118164 -1.34044241905212402344 -1.35147809982299804688 1.04868423938751220703 -0.55809229612350463867 -0.77615010738372802734 -0.78074765205383300781 -1.81131041049957275391 0.34971460700035089664 -1.50059592723846435547 0.19700239598751059789 1.27003562450408935547 -0.80090814828872680664 -0.93531149625778198242 1.03438520431518554688 -0.63380396366119384766 -1.06041002273559570312 1.49190342426300048828 1.16565299034118630139 0.78222000598907470703 -1.05737984180450439453 -0.33895885944366449527
0.00354224885813889979 1.15024864673614501953 -1.31212580204010009766 1.25670754909515380859 1.57832443714141845703 1.57547008991241455078 1.56283080577850341797 1.52236485481262207031 0.46606424450874328613 -1.52769601345062255859 -0.28404074907302850894 1.63542807102203369141 0.71097052097320556641 0.01436740439385169980 -0.07864115387201299490 -1.54686832427978515625 -1.44374370574951149671 1.12219083309173583984 -0.83736997842788696289 1.63955020904541015625 0.18598222732543939761 -0.67318332195281982422 -1.03163003921508789062 0.03615374118089669658 1.06311964988708496094 2.05876231193542480469
-1.66868865489959716797 0.56392550468444824219 -0.06879131495952600650 -0.94351333379745483398 1.02076804637908935547 -0.53250151872634887695 0.32636439800262451172 1.48953652381896950452 1.69778966903686523438 0.58309543132781982422 -0.28105592727661127261 0.86242026090621948242 -1.66536009311676047595 -1.15429198741912841797 0.72907578945159912109 -1.65623414516448952405 1.44459426403045632092 -1.32009994983673095703 -1.06539022922515869141 1.26103699207305908203 -0.95849388837814319952 0.77129763364791870117 0.35709172487258911133 1.20509314537048339844 -1.37747001647949218750 -1.52180600166320800781
0.12098003923892970690 0.24392807483673090152 1.59113168716430664062 -0.99197149276733398438 0.96066600084304798468 -0.86155235767364501953 -1.52382802963256835938 -1.20921504497528076172 -1.35295403003692649158 -1.21612930297851562500 0.85930979251861572266 1.53659212589263916016 -0.48258277773857111148 -1.63809597492218017578 -1.51883757114410400391 -0.47728383541107177734 -1.37450480461120605469 -1.74741160869598410876 0.62789112329483032227 -0.36194297671318048648 1.29648315906524658203 -0.28778195381164550781 0.05030317604541770238 1.36663079261779807361 0.97764110565185557977 1.06288909912109375000
-1.66984915733337402344 1.37451195716857910156 -0.19263075292110440340 1.76066064834594726562 -1.67327940464019775391 -1.70341336727142311780 -0.16050170361995688695 -1.64012789726257324219 1.68968272209167480469 0.02190029807388780073 1.72609305381774902344 -0.72517806291580200195 0.57834911346435546875 0.07554762810468669543 -1.37245142459869384766 -1.00514233112335205078 -0.85912770032882690430 -1.76945519447326660156 -0.26179969310760498047 -1.18615531921386718750 -1.64919793605804443359 -1.40962016582488991467 0.98225742578506480829 -1.39330244064331032483 -0.11539264768362039737 -0.56968700885772705078
-0.35428473353385919742 -1.26627171039581298828 0.72424644231796264648 0.08994647115468970555 0.00254962430335580002 -0.55025798082351684570 0.05920658633112899777 0.07996613532304759631 0.26376059651374811343 -0.54384005069732666016 -1.53564715385436989514 -0.03767360001802440295 1.68421626091003417969 0.25290042161941528320 0.30593249201774591617 -1.37121009826660156250 -1.30004823207855224609 -0.87082272768020629883 -0.85413950681686401367 -0.12194486707448959351 -1.20142829418182350842 0.79977893829345703125 1.74350082874298095703 0.70296645164489746094 -0.08256597071886059847 -0.67336642742156982422
-0.32560133934020990543 1.47606575489044189453 -0.42474979162216180972 -0.38279053568840021304 0.57790666818618774414 -0.00538907339796420009 -0.41525876522064208984 -0.20507250726222989168 -1.30866384506225608142 1.03289353847503662109 -1.11090946197509765625 1.52753305435180664062 0.41396269202232360840 0.10035152733325949925 -1.48366808891296408923 -0.92330735921859741211 0.19731028378009790591 0.59778833389282226562 0.82244110107421875000 0.83436125516891479492 -1.63110923767089843750 0.03556333854794500177 -0.84945547580718994141 1.12580847740173339844 -0.43171012401580810547 0.41433516144752502441
-0.61428570747375488281 1.27072620391845703125 1.45478940010070800781 0.74338716268539428711 0.38768008351325988770 -0.80758839845657348633 -0.90871453285217285156 -0.10853914916515350342 -1.66525948047637939453 -0.23278476297855368871 1.04338693618774391858 1.30885004997253417969 -0.65672600269317626953 -0.97370898723602294922 0.05106822028756140275 -0.57453584671020507812 1.07999384403228759766 0.34617334604263300113 -1.27427363395690917969 -0.24416455626487729158 -0.55802404880523681641 0.46085977554321289062 0.23349955677986139468 -1.62328302860260009766 -0.04712804779410360162 1.61701941490173339844
-0.60039979219436645508 1.50141227245330810547 0.92067104578018199579 1.67793679237365722656 -0.61825907230377197266 -0.41389924287796020508 -0.93050551414489757196 0.34471502900123590640 0.28084194660186767578 1.13778579235076904297 -0.97173744440078735352 1.40356183052063010486 0.35554918646812438965 -1.08427345752716064453 1.35312294960021950452 1.61095190048217751233 -1.50826168060302712171 -0.09521972388029090184 0.48288559913635248355 1.25640845298767089844 0.99101936817169200555 -1.52740442752838112561 0.69573223590850830078 1.75949704647064208984 1.35783421993255615234 1.74094855785369873047
-0.60935574769973754883 -1.33817422389984130859 -1.42484068870544433594 0.37371277809143060855 -0.37933176755905151367 0.17959299683570859041 1.01780855655670166016 -1.03230166435241699219 -0.46396103501319879703 -1.66671454906463623047 0.61727982759475708008 0.65698534250259399414 -0.34822142124176019840 1.03699374198913552014 -0.14522823691368100252 -1.34418380260467529297 -1.16620159149169921875 -0.31214854121208190918 -0.55304902791976928711 -1.64680600166320800781 1.48601126670837402344 -0.40430408716201782227 1.73179125785827636719 -0.94399160146713256836 0.37887403368949890137 -0.51010966300964355469
-0.79491025209426879883 0.63410604000091552734 0.23734077811241149902 0.11370909214019769840 -1.56548690795898437500 0.57163906097412109375 -1.01994073390960693359 -1.53765106201171875000 1.57130694389343261719 0.09527327865362160420 -0.62945353984832763672 0.52939760684967041016 -1.02985978126525878906 -0.83681845664978027344 -0.38342186808586120605 -0.70403283834457397461 1.04352045059204101562 -1.02598321437835693359 0.98977226018905639648 -0.77664470672607421875 0.45697304606437677554 -1.62715053558349609375 -1.09639167785644509046 -0.94172495603561401367 0.00901193544268599940 -0.58476394414901733398
-0.57191538810729980469 -0.66458541154861450195 0.00548792816698549964 0.80255162715911865234 -1.11909031867980957031 1.69959402084350608142 1.52540004253387428967 -0.10330618917942040180 -0.96966934204101562500 -1.48733615875244140625 0.91903674602508544922 0.13711529970169059056 1.63852059841156005859 -1.39776730537414550781 1.49376952648162841797 -0.89354658126831054688 0.18474479019641870670 1.27749919891357421875 -1.09478020668029807361 1.25979351997375488281 -0.29288348555564880371 0.39251619577407831363 -0.04103039577603340149 -0.30182382464408868961 0.72131276130676269531 -0.56832116842269897461
1.39823985099792480469 -1.61316573619842529297 0.90801703929901123047 0.13739080727100369539 -0.89935439825057983398 0.95803761482238758429 -1.38136208057403564453 -0.89212590456008911133 1.57569169998168967517 -1.10286688804626464844 -1.48128974437713623047 0.72294968366622924805 1.19953835010528564453 -0.37224045395851129703 0.77352845668792724609 -0.86338651180267333984 0.06407736241817470202 -0.49984166026115417480 -0.80256801843643188477 0.25890156626701349429 1.58419907093048095703 0.32806318998336791992 -0.85481292009353637695 -1.34200835227966308594 1.11980915069580078125 -1.04456830024719238281
0.42298713326454162598 -0.49946084618568420410 0.81416648626327514648 -0.46800005435943597965 -0.35543292760848999023 -1.14738214015960693359 1.43866825103759765625 0.78849625587463378906 -1.70404803752899169922 1.45298671722412109375 1.35319852828979492188 1.32768857479095458984 0.47878706455230707340 1.56334698200225830078 -0.24099405109882349185 0.19248725473880759496 1.10647344589233398438 -0.33402010798454279117 -0.72301024198532104492 -1.21674835681915283203 1.15717673301696777344 1.42035233974456809314 1.59447050094604492188 -1.35666882991790749280 -1.33059346675872802734 -0.22527197003364560213
-1.38181388378143310547 -1.51740300655364990234 0.42166537046432489566 -1.00163471698761008533 0.93150639533996582031 0.90800505876541137695 -0.78017759323120117188 -0.05020926892757410220 -0.97839194536209117548 0.22132724523544308748 1.40143465995788552014 1.09056925773620605469 0.94447195529937744141 1.35588276386261008533 0.81371319293975830078 -1.33718562126159690173 -0.71427392959594726562 -0.43293941020965570621 1.17794144153594970703 1.36717069149017311780 0.43905174732208251953 0.98313999176025401727 0.73074823617935180664 -0.57141554355621337891 0.30750966072082519531 -1.37422895431518554688
0.48239099979400629215 -1.34440255165100097656 -1.33518457412719726562 1.05671763420104980469 -1.14184534549713112561 1.26186180114746093750 1.12534749507904030530 -1.54702472686767578125 1.25556635856628417969 -0.91034716367721557617 0.22776785492897030916 -1.14712500572204589844 1.69962084293365478516 -0.70860058069229125977 0.08034445345401759753 0.91711372137069702148 -1.39792168140411376953 0.79446178674697875977 -1.25719451904296875000 -0.35330480337142938785 -0.86788225173950195312 1.16718947887420632092 -1.34878146648406982422 0.47368597984313959293 -0.07004347443580620503 -0.19463236629962921143
0.19093090295791620425 -0.29991468787193298340 -0.45524007081985468082 0.75878196954727172852 0.80249881744384765625 -0.40535295009613031558 -0.19834789633750909976 -0.89269763231277465820 0.06797758489847180452 0.44273835420608520508 0.21827360987663269043 -1.72093224525451660156 -1.52641761302947998047 -0.17782379686832419652 1.39409005641937255859 1.59439337253570556641 0.65382987260818481445 -1.51716423034667968750 -1.24437475204467751233 1.18999755382537841797 -0.47534573078155517578 1.34597194194793701172 -0.16633138060569760408 1.51856625080108642578 0.08331348747014999390 0.69474673271179199219
-0.62725210189819335938 -0.51505762338638305664 -0.76035183668136596680 -0.68500602245330810547 1.00139081478118896484 1.55714964866638183594 -0.11977179348468780518 0.82062500715255737305 1.17953836917877197266 -0.65875631570816040039 -1.24946188926696777344 -0.34368890523910522461 0.80531924962997436523 -0.55243593454360961914 -0.93618828058242797852 -1.48454988002777099609 1.10684275627136230469 -0.14858043193817138672 -0.15710982680320739746 -1.32686638832092285156 0.17762857675552359837 -1.17539286613464355469 -1.66713786125183105469 -1.48079037666320800781 -1.44266128540039062500 -0.79530197381973266602
-0.84026408195495605469 -0.29284724593162531070 -0.58253407478332519531 -1.11635196208953857422 0.69059401750564575195 0.71259087324142456055 -1.26608657836914062500 0.30740419030189508609 -0.05944177508354180073 0.25711181759834289551 -1.34744203090667724609 0.76863521337509155273 -1.33962798118591308594 1.27410840988159179688 -0.18583919107913970947 0.66345202922821044922 1.49334764480590820312 -0.06221063807606690144 1.18704664707183837891 1.76608133316040039062 0.98129421472549438477 -1.14443135261535644531 -1.54653382301330566406 -1.67403960227966308594 -0.35219544172286987305 -1.26396560668945312500
1.51575636863708496094 -0.95610737800598144531 -0.87093019485473632812 0.01378124672919510060 1.37551784515380859375 1.68333792686462402344 -0.68371522426605224609 -1.21897220611572287829 0.22552978992462149876 1.30392313003540039062 0.98581528663635242804 0.15878495573997489232 -0.39529386162757867984 -0.13879981637001029271 -1.55782675743103049548 -1.47240173816680908203 -1.28852164745330810547 -0.96376466751098643915 1.42440438270568847656 1.35061824321746848376 -1.27175140380859375000 1.00092065334320090564 1.59129631519317649158 -0.78001993894577026367 -0.78807049989700317383 0.46902132034301757812
1.37353324890136718750 1.32704305648803710938 -0.52966415882110595703 -1.60717785358428955078 -0.95884805917739879266 -0.02167763561010360024 1.62924814224243164062 -0.91589647531509399414 -0.68986141681671142578 -0.20082472264766690340 -1.50653326511383056641 0.29759955406188959293 -1.75615847110748291016 -0.77125662565231323242 -1.24533784389495849609 -0.67068845033645629883 -1.00218737125396728516 -1.30910980701446510999 0.03703928366303439745 1.30579066276550292969 0.67362147569656372070 -0.63437974452972412109 0.84511834383010864258 0.60183018445968627930 -0.93881058692932117804 -1.33108437061309792249
0.56132739782333374023 1.40414547920227050781 1.37614691257476806641 -1.37606132030487060547 -1.49751114845275878906 0.80968397855758666992 -0.67656975984573364258 -0.24266590178012839574 -1.08191430568695090564 -1.21048665046691894531 0.25844421982765197754 0.04084563255310050267 -0.14141272008419031314 -0.23562791943550109863 0.93507188558578480109 -0.60211932659149169922 -0.40421986579895019531 -0.22643892467021939363 -0.35383698344230651855 1.12146782875061035156 0.06154014915227890015 1.31811821460723876953 0.08494964987039560489 -1.68034327030181884766 -1.61117041110992431641 0.20208518207073208894
-0.48714035749435419254 -0.50889039039611816406 1.18078327178955078125 -0.51867616176605224609 -1.22904050350189208984 0.58576667308807373047 -0.76464813947677612305 -1.15297603607177712171 0.51265811920166015625 -0.26143506169319147281 -0.98633927106857299805 1.34338831901550292969 -0.79058253765106201172 0.49772897362709039859 -0.54686975479125976562 0.10742226988077159533 0.69186025857925415039 1.18245732784271240234 1.50997650623321510999 0.29821133613586420230 -1.26106095314025878906 -0.15049780905246729068 -0.10646329075098029393 -0.00355948228389020007 -1.11575210094451904297 -0.45801168680191040039
