-1.78378236293792724609 -1.20940101146697998047 -0.18361039459705350008 -1.41578388214111328125 -0.88270694017410278320 -0.47104808688163757324 0.59569579362869262695 -0.74005132913589477539 -1.60738575458526589124 1.19470584392547607422 1.13437604904174804688 0.87278544902801513672 -1.28194904327392578125 -1.14800059795379638672 0.54123294353485107422 0.00845968909561630074 1.39576160907745361328 -0.92852026224136363641 -0.60087782144546508789 1.21407234668731689453 1.61096096038818359375 -0.92890071868896484375 -0.62411659955978393555 1.66051352024078369141 -0.15223120152950281314 -0.75403684377670288086 -0.29761075973510742188 0.62040656805038452148 -0.73510020971298217773 -0.17127421498298639468 1.26453185081481911389 0.74068820476531982422 0.11450301110744469379 0.68501281738281250000 1.56490087509155273438 -0.79874837398529052734 -0.66536712646484375000 1.64930605888366699219 1.18238878250122070312 0.55435067415237426758 -0.08075395226478569721 -0.35842072963714599609 -0.65145981311798095703 0.20992541313171381168 -0.26097962260246271304 -0.59633833169937133789 1.30129134654998779297 -0.71775621175765991211 -0.97640740871429443359 1.73696291446685791016 -1.45638096332550048828
0.40312924981117248535 0.03926967829465859844 0.75030773878097534180 1.12646794319152832031 0.51760107278823852539 -1.21312594413757324219 -0.06656745821237559924 1.04971599578857421875 -1.13797664642333984375 0.87069201469421386719 0.36710676550865167789 1.10074245929718017578 0.08145408332347869873 1.65952003002166770251 0.20012280344963070955 -0.61882948875427246094 1.31736171245574951172 1.22277843952178955078 -0.09939333796501159668 1.27029645442962646484 1.25239300727844238281 -0.59376233816146850586 -0.62096834182739257812 -1.11859595775604248047 0.73384195566177368164 -1.10645282268524169922 0.61809873580932617188 0.39751347899436950684 1.34530544281005859375 1.37716829776763916016 -1.35804355144500710217 0.23740689456462860107 -0.90585595369339000360 0.56313002109527587891 -0.85075581073760986328 -0.88741135597229003906 0.55291509628295898438 0.95458763837814319952 0.51017296314239501953 1.30288004875183105469 1.23594653606414794922 -0.63999718427658081055 0.53035420179367065430 0.50363826751708984375 0.06538881361484520649 1.44709014892578125000 -1.60764074325561523438 -1.10632753372192382812 0.61049878597259521484 -1.07298994064331032483 0.62762856483459472656
-0.00189530011266460002 -0.75886934995651245117 0.02511225081980220097 0.70577102899551391602 -0.22999924421310419254 -1.34077537059783935547 0.67215389013290405273 1.56707394123077392578 0.00030021346174179998 -0.04027578234672540142 -0.26987844705581659488 -1.27083826065063476562 -0.01178734283894299940 1.19735503196716308594 -0.23732453584671020508 -0.91217696666717518195 0.53215891122817993164 1.50946414470672607422 -0.27098467946052551270 1.08369290828704833984 0.30380925536155700684 -0.43149235844612121582 1.64332008361816406250 0.99952018260955799445 0.87728106975555419922 -1.52930498123168967517 0.32958585023879999332 -1.52070701122283935547 0.15897682309150690250 -0.87052005529403686523 0.51865082979202270508 1.06620168685913085938 1.00963902473449707031 -1.46108591556549072266 -0.79851323366165161133 0.62201803922653198242 0.88826066255569458008 1.12682437896728515625 -1.46701097488403320312 -0.20767362415790549535 1.28567051887512207031 0.26999309659004211426 -1.31424856185913085938 0.45824861526489257812 -0.23786181211471549291 -0.12118033319711679630 0.19140483438968650121 -1.15775763988494873047 0.40707117319107050113 0.15600961446762079410 0.60091024637222290039
-1.11351394653320312500 -1.35220217704772949219 -0.79376405477523803711 -0.01686690561473359884 -0.38486680388450622559 -0.63945490121841430664 -0.39747628569602960757 -1.40033388137817382812 1.31771528720855712891 -1.09457278251647949219 -1.39823293685913085938 1.63376498222351074219 -1.51245605945587158203 1.67087697982788085938 -1.50785112380981445312 -1.00460886955261230469 0.16451820731163019351 -1.09134030342102050781 0.97469872236251842157 0.94268488883972156867 -0.85239475965499877930 -0.14794470369815820865 1.20037257671356201172 -0.76744681596755981445 -1.52189195156097389905 0.87740093469619750977 0.24903516471385950259 -1.53108513355255126953 0.65966290235519409180 -1.31043601036071777344 0.43431460857391357422 -1.38942611217498779297 0.76862722635269165039 0.63008421659469604492 -0.52495908737182617188 -0.10184772312641139635 -0.59125453233718872070 0.97411978244781483038 -0.78244554996490478516 1.60838377475738525391 1.64460504055023193359 1.66614437103271484375 -0.37876725196838378906 -0.13861772418022150211 1.58119058609008789062 -0.28319251537322998047 -1.51063060760498046875 -1.14530348777770996094 1.56133329868316650391 1.02436184883117675781 -0.23959051072597500887
1.29788458347320556641 1.70058143138885498047 2.43756079673767089844 0.77574127912521362305 2.58806657791137695312 -1.46981835365295410156 -0.04532437026500699823 0.38467571139335632324 -0.65061223506927490234 -0.24782578647136679906 -0.25224715471267700195 1.48214519023895263672 -0.93970483541488636359 1.21241414546966552734 -0.64326518774032592773 0.87187695503234863281 -1.39367640018463112561 0.81237417459487915039 -0.68239313364028930664 -0.01219807378947729976 0.46166881918907159976 1.27516984939575195312 0.84815531969070434570 -1.13640725612640380859 -0.55739516019821166992 0.90161901712417602539 0.15048807859420770816 -0.72033292055130004883 1.26475441455841064453 -0.71408677101135253906 -1.20348703861236550061 1.67354559898376464844 -1.47698163986206032483 0.31810334324836730957 0.43134781718254089355 -0.78433817625045776367 -0.46762347221374511719 -1.10019659996032714844 -1.64269101619720458984 0.54856902360916137695 -1.10468888282775878906 -1.41759121417999289783 -0.36285915970802301578 -1.07873284816741943359 0.99035912752151478156 -0.82961064577102661133 -0.55472880601882934570 -0.57713210582733154297 -0.45500266551971429996 0.94184952974319458008 1.77606534957885742188
-0.81019294261932373047 -0.06190177053213109792 0.17914149165153500642 0.10910792648792259907 -0.36466825008392328433 1.55221533775329589844 -0.22903969883918759431 -1.30743765830993630139 1.08372187614440917969 0.96126121282577514648 -0.37329864501953119449 0.90089052915573120117 0.35937631130218500308 -1.53143846988677978516 -1.01746118068695090564 0.23102924227714530248 -1.17108559608459472656 1.11617064476013183594 -1.10303390026092529297 -1.01307177543640136719 -1.38030302524566650391 -0.23000986874103540591 0.64783799648284912109 1.31387615203857421875 -0.84022605419158935547 1.25452589988708496094 -0.97827976942062377930 0.21554908156394950169 0.69147402048110961914 0.68124002218246459961 0.28101348876953119449 1.36794340610504150391 1.26309323310852050781 -1.59878015518188476562 0.40212196111679071597 0.32449695467948908023 -1.50666058063507080078 0.90530282258987437860 0.17408482730388641357 0.20332844555377960205 -0.34105521440505981445 -0.27815628051757812500 0.73757147789001464844 0.32840546965599060059 -1.77598965167999289783 -0.11513861268758769640 0.32670319080352777652 0.49386385083198547363 -0.84429639577865600586 -1.67313921451568603516 0.48444247245788568668
0.52096313238143920898 0.28619968891143798828 1.22849822044372558594 1.24486207962036110608 0.66709667444229125977 -1.05412971973419189453 -0.37917190790176391602 -1.38479316234588623047 1.12764739990234375000 0.62181884050369262695 -1.42544043064117431641 1.39132773876190207751 1.20951294898986816406 0.59961491823196411133 -0.18485851585865020752 0.10677134990692130345 -0.13900001347064969148 0.88722568750381469727 1.05041170120239257812 0.80166244506835937500 -0.55678230524063110352 0.46342113614082330875 -1.12165629863738991467 0.77232873439788818359 1.58368766307830810547 -0.39258372783660888672 -1.55119466781616210938 0.32860112190246582031 0.19369700551033020020 1.71715223789215087891 1.29050850868225097656 0.39334544539451599121 -0.15957966446876520328 1.66375577449798583984 -0.60189890861511230469 1.49881517887115478516 0.90939366817474365234 -1.59251463413238525391 1.05014586448669433594 -1.19480586051940917969 -1.76769232749938964844 -1.46964371204376220703 -1.22205996513366699219 -0.35472226142883300781 1.77037930488586447986 -0.38426816463470458984 0.77711278200149536133 0.84251886606216430664 -1.36900484561920166016 1.15207195281982421875 -0.09501721709966659546
-1.05519270896911621094 -0.27175122499465942383 -0.29866838455200189761 -0.43690189719200128726 -0.45012244582176208496 0.40628230571746820621 1.57689702510833740234 -0.46606037020683288574 -0.89547067880630493164 1.34057450294494628906 0.02977501787245270121 0.03492796793580049686 -0.18438780307769769840 -1.52305865287780761719 1.00748121738433837891 -0.37013962864875787906 1.40358722209930419922 0.59297925233840942383 -0.50891298055648803711 0.45453694462776178531 -1.30060422420501708984 1.15781795978546142578 1.31233155727386474609 1.10740244388580322266 1.63841390609741210938 -0.52179837226867675781 -0.80517727136611938477 1.30234110355377197266 -0.13023638725280758943 1.33319079875946044922 0.08659579604864120483 0.77703160047531127930 0.36321175098419189453 0.22672310471534729004 0.78658664226531982422 1.38500535488128662109 0.99907851219177234992 0.75908178091049194336 -0.79516935348510742188 -1.70247423648834250720 -1.63063383102416992188 1.31330776214599609375 -0.62052375078201293945 -0.12941272556781768799 -1.00486397743225097656 -1.33660137653350830078 -0.42152595520019531250 -1.29700136184692382812 -0.73365128040313720703 -1.07438623905181884766 0.25733679533004760742
-0.80112427473068237305 -1.40484905242919921875 -1.20010721683502197266 1.53589844703674316406 -0.84077221155166625977 1.70285987854003906250 -0.73927605152130126953 -1.04124832153320312500 -1.20251226425170898438 0.31873708963394159488 -1.13730394840240478516 1.07122457027435302734 0.82265859842300415039 1.70504248142242431641 1.72661066055297829358 -1.36424648761749289783 0.79061239957809448242 -1.66414582729339599609 1.69638085365295410156 -0.71944493055343627930 -1.30350577831268310547 -0.00130800541955970002 -0.26347091794013971500 0.36240112781524658203 -0.30747348070144647769 1.44686603546142578125 0.43644830584526062012 1.37774503231048583984 -0.02561830170452589900 0.95176178216934204102 -1.56955754756927490234 -0.87721449136734008789 1.25911474227905273438 1.27967345714569091797 -0.81876337528228759766 1.44558453559875488281 -1.32723808288574218750 -1.05510544776916503906 -0.99296259880065917969 1.28410589694976806641 1.03338444232940673828 -1.61475551128387428967 1.64735877513885498047 -0.17336423695087430086 -1.71458613872528076172 0.91581982374191284180 0.04459783807396879712 0.29125285148620599918 0.09726919978857040405 -0.74136286973953247070 0.45248532295227050781
1.60435593128204367908 1.11023330688476562500 -0.83189409971237182617 -1.00745725631713889392 -0.67058074474334716797 -0.82957983016967773438 1.50105905532836914062 1.01396787166595458984 -0.67334878444671630859 0.43475148081779479980 0.16412454843521109837 -1.66258966922760009766 -0.24335156381130210179 -1.04342114925384521484 0.09817699342966079712 -1.37441718578338623047 -1.04680085182189941406 1.12573289871215820312 1.38481974601745605469 -1.68460059165954589844 -0.79046964645385742188 0.86237668991088867188 -0.25919979810714721680 0.92991697788238525391 0.16006968915462491121 0.72247380018234252930 -1.46557247638702392578 0.39332982897758478336 -0.86251622438430786133 1.03445374965667724609 0.07237386703491209550 1.66464221477508544922 -0.50791329145431518555 -0.91467726230621337891 -1.53376865386962890625 -0.48756518959999078922 -0.66512233018875122070 0.18429097533226010408 0.94645786285400401727 -0.91911441087722778320 0.59007936716079711914 -0.92343604564666759149 -0.87801468372344970703 0.64350527524948120117 -0.21748779714107510652 -1.51957404613494873047 1.04359912872314430921 -0.73309218883514404297 -1.60579860210418701172 -0.90434950590133678094 -1.07130420207977294922
-1.79430937767028808594 -1.20824730396270751953 -0.99661642313003540039 -1.01666820049285888672 -0.71456545591354370117 0.94682043790817260742 1.64695358276367209704 0.45047071576118469238 1.22715091705322287829 -0.83510047197341918945 0.15197654068470001221 -1.60594797134399391858 0.31391882896423339844 -1.30587363243103049548 0.84420454502105712891 -1.33233618736267089844 0.31066343188285827637 -1.69434762001037597656 -0.07887861877679820666 1.28073644638061523438 -1.54430305957794189453 -0.77652668952941894531 -0.86622238159179687500 -0.86111229658126831055 0.83580493927001953125 0.85386198759078979492 1.59859037399291992188 -1.08317232131958007812 1.16737484931945800781 1.26540577411651589124 -1.06523096561431884766 -0.40946286916732788086 0.43706074357032770328 1.63526535034179687500 -1.36966609954833984375 0.83528423309326171875 -1.59681248664855957031 1.65288758277893088611 1.01224744319915749280 1.64066946506500244141 -1.07443618774414062500 -1.59226608276367209704 -1.10102927684783935547 -1.30412483215332031250 0.60967785120010375977 0.47272467613220209293 -1.28964555263519287109 -1.54381895065307617188 0.50052118301391601562 0.13362394273281089085 -0.70403438806533813477
1.84425568580627441406 1.78404223918914794922 -0.10681162029504770450 -1.07940757274627685547 0.41986265778541559390 1.04140603542327880859 -0.86701935529708862305 0.99251908063888560907 -0.35401886701583862305 0.54788631200790405273 -0.04637107253074639751 1.47243225574493408203 -0.84505486488342285156 1.39403450489044189453 -0.78626281023025512695 -1.15207612514495849609 1.11805725097656250000 -0.47211417555809020996 -1.03299438953399658203 -0.72824960947036743164 -0.31906419992446899414 -0.12355060130357739534 -1.51891338825225830078 1.43760740756988525391 -0.67577618360519409180 -0.11575602740049359407 1.39752185344696044922 1.40964615345001220703 -0.11131694167852400346 -0.90094435214996337891 -0.06015627831220619892 -0.66375792026519775391 -1.01217794418334960938 0.54739797115325927734 -0.44684392213821411133 1.34413313865661621094 -1.56666707992553710938 0.13226673007011410799 0.32330572605133051090 -1.34395062923431396484 -0.56804245710372924805 -0.65582680702209472656 -1.27920961380004882812 -0.94274061918258678094 -0.88815003633499145508 -0.81833475828170776367 -1.43531155586242675781 -1.38951182365417480469 -1.38034498691558837891 -0.78413003683090209961 0.73665487766265869141
0.84800755977630615234 1.17760670185089111328 1.85418915748596191406 0.55263704061508178711 1.81311976909637428967 0.63522803783416748047 -0.39473062753677368164 0.64543670415878295898 0.17567682266235348787 0.36587816476821899414 0.08025550097227089619 -0.24203383922576898746 1.59282088279724121094 1.21919405460357688220 1.27026867866516113281 0.97127103805542003290 1.39262700080871582031 0.22563721239566800203 -0.69461095333099365234 -1.13403832912445090564 0.53451520204544067383 1.45858836174011230469 -1.05757689476013183594 1.57358801364898681641 1.41205394268035888672 -0.35595968365669250488 -0.12584492564201349429 -1.30791664123535156250 0.89048594236373901367 -0.15802295506000518799 -0.32001352310180658511 -0.80695289373397827148 1.16626036167144775391 -0.66761493682861328125 0.46960809826850891113 -0.92004555463790882452 1.14052248001098632812 0.73659563064575195312 0.82564574480056762695 1.32635307312011718750 -1.15403008460998535156 -1.70709228515625000000 -1.00307548046112060547 0.81268703937530517578 0.68023735284805297852 0.61156892776489257812 0.83483612537384033203 -0.66682738065719604492 -0.70916873216629028320 -1.39212191104888916016 -0.88856965303421020508
-1.54461967945098876953 -1.46308827400207519531 -0.59686851501464843750 -0.83924245834350585938 -0.60120403766632080078 -0.73798221349716186523 1.39450442790985107422 1.60579204559326149671 0.22213923931121820621 1.20978069305419921875 -0.40790921449661249332 1.19529247283935569079 1.56835997104644775391 0.49002805352210998535 1.06555783748626708984 -1.04793548583984375000 -0.88915175199508666992 -0.35532239079475397281 0.21779957413673400879 -1.56747090816497802734 0.99751955270767200812 -1.36672317981719970703 1.49915885925292968750 1.25645148754119873047 -1.52280354499816894531 -1.10748696327209472656 0.53659731149673461914 -0.42530083656311029605 -1.28541874885559082031 -0.16399641335010520238 0.11649145185947409886 -1.03623640537261962891 1.60590887069702170642 -0.25391131639480590820 0.92631381750106800421 -0.23989270627498621158 -0.33365210890769958496 -0.11562704294919959325 -1.43713343143463112561 -1.09643495082855224609 -0.45275402069091791324 0.81459331512451171875 -1.14874875545501708984 -1.07656264305114768298 0.18764874339103698730 -0.05466833338141439957 0.26127406954765319824 -0.19694182276725769043 1.41370964050292968750 1.09651672840118408203 -0.66468870639801025391
0.94761300086975097656 0.90608382225036621094 0.15907025337219229955 -0.30256041884422302246 0.21449242532253259830 0.15849755704402920808 -1.43392086029052712171 -0.21691870689392089844 -1.47867524623870849609 1.09217679500579833984 -1.39967095851898193359 -0.24723918735980979222 -0.15920163691043850984 -0.53338003158569335938 -1.67728030681610107422 -1.22408318519592285156 -1.25196683406829833984 -1.54623043537139892578 0.07639324665069580078 -1.05054569244384765625 0.88377135992050170898 0.79777634143829345703 -0.73529362678527832031 0.71884495019912719727 0.71225363016128540039 -0.32836592197418207340 1.48440754413604736328 -1.71551740169525168689 -0.46744206547737121582 -0.74265402555465698242 0.67491579055786132812 -0.94278877973556518555 0.73590409755706787109 -0.09112739562988279862 1.63294887542724609375 -0.17021155357360839844 0.58670765161514282227 -1.58601045608520507812 -0.50739324092864990234 1.47372889518737792969 1.65225291252136230469 1.30400002002716064453 -1.68924319744110107422 -0.91385388374328602179 -1.09865343570709250720 0.36983448266983032227 -1.68125212192535400391 0.77446931600570678711 -1.31958043575286887439 -0.41089129447937011719 -2.15173697471618652344
-0.53003090620040893555 -0.27674928307533258609 -0.13185875117778769749 -1.59970498085021950452 -0.32340323925018310547 1.24192190170288085938 -0.57097786664962768555 -0.87390720844268798828 0.14856773614883420076 0.18307499587535849828 0.53991365432739257812 -0.27526053786277770996 -1.56346130371093750000 1.11583185195922829358 0.94684916734695434570 0.78597927093505859375 1.67475318908691406250 -1.61907660961151123047 1.17509377002716064453 1.51894152164459250720 -1.30190813541412353516 -0.60798132419586181641 0.31512925028800958804 -0.88679271936416625977 1.03756344318389892578 1.25868010520935058594 -1.23396468162536621094 -0.88117682933807373047 -0.96670907735824584961 -0.85478240251541137695 1.68601381778717041016 -1.46755301952362060547 -0.98891496658325195312 -0.69292241334915161133 0.13746273517608639803 -0.72442394495010375977 0.37877663969993591309 1.71712899208068847656 -0.26083600521087640933 1.47709095478057861328 1.38758754730224609375 0.30625239014625549316 1.57312715053558349609 -0.05842635035514830155 -0.69380754232406616211 0.99429208040237437860 1.70537126064300537109 -1.37215232849121093750 1.35589504241943359375 0.83078730106353759766 -0.11357852071523659443
1.96555042266845703125 1.53276801109313964844 2.09497332572937011719 1.35990440845489501953 3.31652736663818403784 -0.68313646316528320312 -0.66658937931060791016 -1.67675518989563010486 -1.36363375186920166016 -0.39343658089637750797 -0.53706711530685424805 -0.08401864022016519717 1.16721820831298850329 0.19175195693969721011 -0.54662251472473144531 -0.73357903957366943359 0.19797900319099420718 1.49220323562622070312 -0.30449181795120239258 -1.48777580261230490954 -1.65568518638610839844 -1.54136896133422829358 1.13239252567291259766 1.10018014907836914062 1.09802508354186989514 -1.19649672508239768298 1.14466691017150878906 0.10510440170764920320 -1.51354765892028808594 0.26978603005409240723 0.40780234336853027344 0.98294055461883544922 -1.00104379653930664062 -0.60293513536453247070 -1.26274383068084716797 -1.53284597396850608142 -0.16032709181308740787 0.46838825941085809879 1.12165045738220192639 0.90915244817733764648 -0.57117313146591186523 -1.62291789054870605469 1.41723859310150168689 1.52846527099609375000 1.30379652976989768298 -0.98510080575943004266 1.00108969211578369141 -0.49900487065315241031 -0.84352993965148925781 1.19188725948333740234 2.49127030372619628906
-0.43833923339843750000 -0.94715315103530883789 -0.41221088171005249023 0.48447445034980768375 -0.36666327714920038394 1.65841126441955566406 -1.58309769630432128906 0.63324475288391113281 -1.17700648307800292969 1.75044345855712890625 1.30954861640930175781 -0.31642156839370727539 0.47615450620651239566 0.53689527511596679688 1.64852714538574218750 0.14350107312202450838 -0.95803391933441162109 -0.00669456413015720019 0.71226549148559570312 0.79339754581451416016 -1.33238124847412109375 -0.83854323625564575195 0.13818641006946560945 -1.11058247089386008533 -0.71702873706817626953 -0.80311632156372070312 1.32124221324920632092 1.29614651203155517578 -0.73406738042831420898 -1.47428834438323952405 0.86981505155563354492 -1.45011460781097389905 -1.00110566616058349609 -0.53041088581085205078 0.42741540074348449707 -0.76221650838851928711 0.56924271583557128906 -0.79033136367797851562 1.04673039913177490234 -1.02470672130584716797 1.11684584617614768298 1.59634327888488769531 -0.91583240032196044922 0.62035226821899414062 1.45852732658386230469 0.28830927610397338867 -0.08312632888555519795 1.12982761859893798828 1.68128263950347900391 0.07318957149982449617 0.47833463549613952637
0.90313285589218139648 0.52044934034347534180 0.17073813080787658691 -0.24473811686038970947 0.39343875646591180972 1.22446703910827636719 -0.47424718737602228336 -0.55981522798538208008 -1.42888259887695312500 0.42368710041046142578 -1.08265018463134765625 0.76733386516571044922 -1.47606825828552246094 -1.40052044391632080078 -0.83259123563766479492 -1.33363151550292968750 0.97549980878829956055 -0.00619526254013180039 -0.90923905372619640008 0.88245320320129394531 -0.20123271644115439671 -0.02500885166227809903 -0.24658012390136718750 -1.10019135475158691406 -0.30938616394996637515 1.42546594142913818359 1.17047929763793967517 0.28842091560363769531 -1.05936515331268310547 1.39493083953857421875 1.41764414310455322266 -1.27217197418212890625 -0.29332026839256281070 -0.76737308502197265625 0.67847675085067749023 -0.11686441302299499512 1.58883976936340309827 -0.92392802238464355469 -0.82901304960250854492 0.71454018354415893555 1.60480225086212158203 0.40347099304199218750 -1.70671164989471435547 0.03383766859769819779 0.08320743590593329686 -0.05502186343073840052 0.60981911420822143555 -0.14605593681335449219 0.91398870944976795538 -0.64743024110794067383 -1.43476343154907248767
-1.27254235744476318359 -1.50257194042205810547 -1.18070793151855490954 0.32557916641235351562 -0.77334934473037719727 1.41726481914520263672 1.60118854045867919922 -1.39992213249206542969 -0.46776345372200012207 0.13165122270584100894 1.13120079040527343750 -0.54031562805175781250 -1.48139846324920632092 -1.23588824272155761719 -0.16380177438259119205 0.28340509533882141113 -1.18463397026061989514 0.62325012683868408203 1.09144127368927001953 -0.52554619312286376953 -1.26360797882080078125 0.74960112571716308594 -1.50861787796020507812 -1.09855365753173850329 -0.29321330785751342773 -1.17188990116119384766 -1.00519287586212158203 0.46268287301063537598 0.34393188357353210449 0.55926042795181274414 0.83211737871170043945 -0.71632200479507446289 -1.48401927947998046875 0.69768285751342773438 -0.87949019670486450195 0.74006634950637817383 0.56410115957260131836 -1.19388675689697287829 0.76322001218795776367 -1.67059814929962158203 -1.01343464851379394531 1.17567002773284912109 -1.47903728485107421875 -0.78013622760772705078 1.51549935340881369861 1.33107566833496093750 -0.87710028886795043945 -1.19909024238586447986 -1.31058251857757568359 -0.92527765035629283563 0.04448119178414339930
0.60658866167068481445 -0.09979236871004100451 0.07846876978874199604 0.02672805637121199868 -0.03945427015423769862 0.16187404096126550845 -1.60981500148773193359 0.25827500224113458804 1.55689978599548339844 -1.01395225524902343750 0.24710831046104431152 -1.73641836643218994141 -1.62183618545532248767 1.09953224658966064453 -1.66321814060211181641 -0.02323818765580649981 -1.55044710636138916016 -0.25132298469543451480 -0.29073524475097650699 -0.01403758767992249919 0.99290478229522705078 1.55375075340270996094 -0.73410332202911376953 -0.94696062803268443719 -0.34116238355636591129 -1.58502531051635742188 -0.27289217710494989566 0.05616477504372589802 0.36325332522392267398 0.38678783178329467773 1.58339130878448486328 -1.58814787864685058594 0.41399452090263361148 -0.84224414825439453125 0.21811771392822260074 1.52678632736206032483 0.36356264352798461914 1.25928401947021484375 0.16581282019615170564 -1.09081780910491943359 0.41334059834480280093 0.61422282457351684570 -0.20867353677749631014 0.91482055187225341797 1.41533863544464111328 0.07237879931926720356 -0.86327970027923583984 1.19747376441955566406 -0.05315370857715599751 1.72939646244049072266 0.02286703139543529856
-0.96412587165832519531 -1.39504718780517578125 -1.10998058319091796875 -0.76630067825317382812 -0.92458420991897583008 0.53540223836898803711 1.58017647266387939453 -1.36534988880157470703 0.78014868497848510742 -1.08596420288085937500 -1.51553452014923095703 -1.09918916225433349609 1.59548354148864768298 -0.03160468488931650333 -1.04651153087615966797 -0.68942540884017944336 -0.06901759654283519396 -0.22618098556995389070 -0.77601993083953857422 -1.39889216423034690173 -1.35952055454254150391 -0.97447133064270019531 -1.63631653785705566406 -0.88811421394348144531 0.12077803164720529727 0.75679755210876464844 -1.47949838638305664062 -0.95711100101470958368 -1.16164588928222656250 0.75266492366790771484 1.25535464286804199219 1.15879309177398681641 0.21741135418415069580 0.13027577102184290103 -1.58649837970733642578 1.40360784530639648438 -0.88081669807434082031 0.74584144353866577148 0.05859747156500810100 -0.23399843275547019261 -1.21306800842285156250 1.38805067539215087891 -1.72798168659210205078 -0.38102924823760980777 1.41027414798736550061 -1.11319732666015625000 -0.47079348564147949219 -0.58892416954040527344 -0.57285660505294799805 -0.20253948867321008853 -0.43397039175033569336
-1.18613505363464355469 -1.60119676589965820312 -0.72206568717956542969 -0.54856461286544799805 -0.58399504423141479492 1.09310364723205566406 1.41235375404357910156 0.38240963220596307925 -0.76848518848419189453 1.14296889305114768298 0.67644608020782470703 0.14482466876506799869 0.81060141324996948242 0.24097838997840881348 0.11905085295438759541 0.61861109733581542969 -1.28718149662017822266 0.67547142505645751953 -1.16182637214660644531 0.40232738852500909976 0.88341033458709716797 -0.86516946554183959961 0.00242007034830740014 1.08335554599761962891 -1.57523334026336669922 -0.36748448014259338379 0.58782112598419189453 1.61772632598876953125 0.84338194131851196289 1.31880247592926047595 0.65555548667907714844 -0.59491890668869018555 0.63225835561752319336 -0.54405140876770019531 -1.53125894069671630859 1.30003035068511962891 1.01269614696502685547 0.64210081100463867188 1.48485827445983886719 -0.92152613401412963867 0.32130932807922357730 0.35753908753395080566 1.16301989555358886719 -1.72104358673095703125 -1.30070436000823952405 -0.39212530851364130191 -0.08320362120866769962 -0.85914134979248046875 1.01591181755065917969 0.40627485513687128238 -0.39856833219528198242
0.17813810706138610840 0.00378693151287729998 0.27318596839904779605 0.30025514960289001465 0.54309165477752685547 -0.07220335304737089677 -1.38917744159698486328 1.49134135246276855469 -0.07281509786844249377 1.67473971843719482422 0.50508999824523925781 -1.17745077610015869141 1.10361850261688232422 -0.07497759163379659475 1.09530210494995117188 -0.86392968893051147461 1.16035008430480957031 -1.29152941703796408923 -0.60716897249221801758 -0.49759754538536071777 -0.60087001323699951172 -0.46914541721343988590 1.24959945678710937500 1.51602530479431152344 -1.47004759311676047595 0.19469991326332089510 1.55834341049194335938 1.03504514694213889392 -1.20236527919769287109 1.72346484661102294922 -0.87482613325119018555 0.33944723010063171387 -0.90246617794036876337 -1.30329954624176047595 -0.34042105078697199039 -0.95221239328384399414 -1.17106735706329367908 0.38338813185691827945 0.84539824724197387695 -1.46034395694732688220 -1.76576113700866699219 0.41676166653633117676 0.53927648067474365234 0.42124274373054498843 1.38591146469116210938 0.47750562429428100586 0.06884133070707319779 -0.45400276780128479004 1.37609076499938964844 0.39097577333450317383 0.66098785400390625000
1.25692296028137207031 0.88915151357650756836 1.45482802391052246094 0.06315958499908440327 1.79507780075073242188 1.52802693843841552734 -1.28280937671661376953 1.50222992897033691406 -1.43057477474212646484 -0.26538527011871337891 -0.22028878331184378880 -0.85089838504791259766 1.51808953285217285156 -0.45929622650146478824 0.98492878675460815430 0.15800939500331878662 -1.21668505668640136719 -1.33651804924011230469 1.54289674758911110608 1.20248222351074218750 0.48159500956535339355 0.60373699665069580078 0.94318121671676635742 1.56605017185211181641 1.29057180881500244141 1.45490586757659912109 1.41190207004547119141 0.58910328149795532227 -0.40069523453712457828 -1.07492256164550781250 0.38715681433677667789 0.23318636417388910465 0.80551064014434814453 1.28605484962463378906 1.37277114391326904297 1.32715106010436989514 -0.74557995796203613281 0.46289926767349237613 0.38995113968849182129 -0.16414995491504669189 -0.49670025706291198730 1.34962308406829833984 0.64406305551528930664 -1.60335004329681396484 1.41020345687866210938 1.41244316101074218750 -0.45451620221138000488 -0.96007841825485240594 -0.75812870264053344727 0.34662353992462158203 -1.15910875797271728516
1.09098827838897705078 1.60742139816284179688 1.54740464687347389905 0.77393126487731933594 1.57120943069458007812 -0.87919890880584716797 -0.26059436798095697574 -1.12553989887237571033 -0.05943242087960239756 1.02710556983947753906 -0.71523892879486083984 -0.64790272712707519531 0.78111636638641357422 0.61632990837097167969 0.62029021978378295898 -1.01329243183136008533 -0.11273585259914389867 0.34511962532997131348 1.13510656356811523438 0.47536471486091608218 0.53850775957107543945 -0.41588744521141052246 0.19420427083969110660 0.95875078439712524414 -0.85795569419860839844 -1.68822371959686279297 -1.32486915588378906250 -0.72917389869689941406 -1.19152188301086447986 0.28804761171340942383 -1.48321592807769775391 0.82956701517105102539 -0.22179868817329401187 -0.18348479270935050267 1.28429281711578369141 -1.59045910835266113281 -1.20092475414276123047 -0.20450292527675628662 1.34335517883300781250 -0.09591568261384959826 1.52362334728240966797 1.12953305244445800781 0.93226933479309082031 0.10574247688055030125 -1.24833369255065917969 1.34386336803436279297 0.85475111007690429688 -0.44124329090118408203 0.56874138116836547852 -0.84746688604354858398 0.59716123342514038086
-0.09648457169532770328 -0.58169078826904296875 -0.19644629955291739720 1.82659494876861594470 -0.43010237812995910645 -0.97385013103485118524 -1.16369414329528808594 -1.45076382160186767578 0.08736235648393629594 1.24979424476623535156 -0.99084669351577758789 0.25345805287361139468 -0.29365473985671991519 -1.08999824523925781250 -0.42770767211914062500 -1.51807105541229248047 -1.36031341552734375000 1.18891859054565429688 1.12978017330169677734 0.63871836662292480469 -0.26413929462432861328 -0.09091810137033459749 -0.17617179453372949771 0.38690137863159179688 -1.03954160213470458984 -1.57608795166015625000 0.43210366368293762207 1.61002147197723410876 0.54074889421463012695 -0.00970003940165039928 -1.01068484783172607422 -1.57442295551300048828 0.65863788127899169922 0.29633447527885431461 -1.30480170249938964844 -0.71159613132476806641 -1.28872632980346679688 -0.65537136793136596680 -0.58585619926452636719 0.34943443536758417300 -1.28122055530548095703 -0.47984707355499267578 1.47404623031616210938 1.26513564586639404297 1.53768062591552712171 -0.25644272565841669254 -0.03896505385637279856 -1.33183372020721435547 1.57243335247039794922 -0.26646381616592407227 1.46800744533538818359
-0.47591075301170349121 -1.19762134552001953125 -0.89441734552383422852 1.51444482803344726562 -0.79522150754928588867 -0.19428113102912900056 -0.45670148730278009586 0.58829987049102783203 -1.41603767871856689453 -0.91570264101028442383 -0.83497154712677001953 -0.57848882675170898438 -1.11013197898864768298 -0.57991939783096313477 0.96279078722000122070 1.01272630691528320312 1.16023194789886474609 -0.74314910173416137695 -1.57448494434356689453 -0.27508339285850519351 1.51536917686462402344 0.14397752285003659334 0.16352248191833490543 -1.50110936164855957031 0.90676599740982055664 0.19616599380970001221 -0.94565200805664062500 1.12362265586853049548 -1.72377359867095969470 -0.57696020603179931641 -0.52271461486816406250 0.87721931934356689453 0.73628222942352294922 0.23985329270362851228 -1.47866547107696510999 -1.05735397338867209704 -0.79479360580444335938 1.43181145191192649158 1.46229374408721923828 -1.29548931121826149671 0.85562008619308471680 -1.45894098281860351562 -0.30193284153938287906 0.21829499304294580631 -1.53540265560150168689 -0.69695377349853515625 0.32416400313377380371 0.51390802860260009766 -0.37656006217002868652 0.94161170721054077148 0.67101711034774780273
-1.02838134765625000000 -0.67581689357757568359 -1.92154955863952636719 -1.57833313941955566406 -0.95733994245529163702 -1.58289694786071777344 0.57080417871475219727 1.12570464611053489001 -0.98554515838623035773 -1.67767131328582763672 1.14027833938598632812 -1.73634064197540283203 -0.90831720829009998663 1.15250611305236816406 -1.05055737495422363281 -0.22908653318881980199 1.44600868225097656250 1.09879112243652343750 -1.30021727085113525391 -1.58515560626983642578 -0.96178787946701038702 -1.15971374511718750000 -0.53115379810333251953 -1.50874435901641845703 -1.15406513214111328125 -0.09905050694942470202 -0.81356483697891235352 -1.59755527973175048828 -0.21566134691238400545 -0.65656411647796630859 0.05539187416434279698 1.75067639350891113281 0.38796079158782958984 0.27206626534461969547 -0.88904529809951782227 -0.82414740324020385742 -0.64747178554534912109 -1.61691153049468994141 -0.07016454637050620335 0.02477129921317099831 1.02795672416686989514 0.30648171901702880859 -0.93251526355743397101 -1.65401852130889892578 -1.72770535945892311780 -0.81443572044372558594 1.25683689117431640625 -0.69819593429565429688 -1.04839110374450683594 -1.64296817779541015625 0.43930426239967340640
1.31868255138397216797 1.74310696125030517578 0.99361866712570201532 0.26599138975143432617 1.26812160015106201172 1.30390584468841552734 0.23966166377067560367 1.48678064346313476562 -1.23883795738220192639 0.84519243240356445312 -0.00699626654386520039 1.32588541507720969470 -0.98132479190826416016 -0.38237991929054260254 0.70124739408493041992 -1.08818352222442649158 -0.81426876783370971680 -1.11248004436492919922 1.74729764461517311780 1.33413851261138916016 1.35915660858154296875 -1.24880933761596679688 0.33934420347213739566 -0.35892528295516967773 0.33445182442665100098 -1.54044866561889648438 -1.68121159076690673828 1.29079985618591308594 0.69687300920486450195 -0.32835823297500610352 0.36118504405021667480 1.74226129055023193359 0.81233161687850952148 0.50642818212509155273 -1.05857026576995849609 1.30271637439727783203 -0.34067121148109430484 -1.47446954250335693359 -1.21268749237060569079 1.63998353481292724609 0.95551615953445434570 -0.42580908536911010742 -0.39504733681678771973 -0.45716613531112670898 -0.88109570741653442383 -1.39481258392333984375 -1.25767540931701660156 0.97201526165008544922 -0.88543874025344848633 0.80229341983795166016 0.96221172809600841180
0.66822683811187744141 0.84924703836441040039 -0.25048023462295532227 -0.59928184747695922852 -0.12100111693143840441 -1.67953920364379882812 1.24021077156066894531 -0.93392485380172718390 -0.05240025743842120082 0.88511747121810913086 -0.77212232351303100586 1.33185446262359619141 -0.50087398290634155273 -0.67905575037002563477 -1.08537948131561279297 -1.30070018768310569079 -1.58711254596710205078 -0.86841970682144165039 0.06216575205326080322 0.71957188844680786133 1.57389402389526367188 1.68793892860412597656 -0.92110031843185424805 -0.00233377236872909979 -1.46646296977996848376 0.46685424447059631348 -0.28309628367424011230 -0.00402568979188789970 -0.33664405345916748047 0.56501615047454833984 0.99732786417007435187 -1.50024259090423583984 -1.64108109474182128906 -1.02143239974975608142 -1.54800474643707275391 0.38068878650665277652 -1.43521738052368164062 1.47300255298614501953 -0.93542963266372680664 1.53756284713745117188 -1.10797047615051269531 0.69756150245666503906 -0.16804935038089749422 -1.54019594192504882812 1.66854500770568847656 1.56243991851806640625 -0.58610624074935913086 0.00242369831539690017 0.23717458546161648836 0.24806746840476989746 -2.19483375549316406250
0.99494844675064075812 0.89808690547943115234 -1.15165877342224121094 -1.48315024375915527344 -1.16577684879302978516 -0.41193133592605590820 -0.18398089706897730045 -1.37808668613433837891 0.52154654264450073242 0.17735800147056579590 -1.17837238311767578125 -0.61255323886871337891 1.21617603302001953125 0.57593017816543579102 -0.12537011504173278809 1.20380795001983642578 -0.36295282840728759766 0.18319335579872131348 0.26542004942893981934 -1.49650049209594726562 0.66795176267623901367 -0.01852696947753420045 0.03337587416172019955 0.99652242660522460938 -0.38673633337020868472 -0.63354498147964477539 0.67466384172439575195 -0.34605354070663452148 -0.36730974912643432617 0.33429813385009760074 1.33129584789276123047 -0.71288281679153442383 0.88264042139053344727 0.74261689186096191406 -0.16016572713851928711 0.86692237854003906250 -1.40650296211242675781 -0.42882978916168207340 0.04659281298518180153 0.22456642985343930330 -0.15819774568080899324 1.15032565593719482422 -0.49368640780448908023 -0.76169770956039428711 0.96868324279785156250 0.34955370426177978516 0.26223206520080560855 -1.12792313098907470703 1.08513855934143088611 -0.33694192767143249512 -2.46958565711975097656
1.01970314979553222656 1.12853038311004638672 1.38253474235534690173 1.25337588787078857422 1.20381736755371093750 1.25174391269683837891 -0.94773417711257923468 -0.60478711128234863281 -0.06860191375017160587 -1.02060461044311523438 0.70075899362564086914 0.26922932267189020328 0.32092353701591491699 -0.49180793762207031250 1.62820053100585937500 0.61098158359527587891 -0.87807744741439819336 -0.78511899709701538086 -0.70021575689315795898 0.76969468593597412109 -0.95344239473342895508 -1.67297101020813010486 -1.26991927623748779297 0.77661442756652832031 1.12599813938140869141 0.40818989276885980777 -1.45479941368103049548 0.75098282098770141602 0.51488852500915527344 -1.64138615131378151624 1.08774256706237792969 0.40591803193092340640 -0.79897326231002807617 0.75599217414855957031 -1.06304430961608886719 -0.40923389792442321777 -0.04613540321588509990 -0.54696571826934814453 0.74494093656539916992 -0.01853695884346959893 0.96677237749099720343 0.18510672450065610017 -0.45448637008666992188 0.01400129031389949971 -1.59141504764556884766 -0.18348565697669980135 -0.86478203535079956055 -1.55275917053222656250 -0.14496721327304840088 0.58886313438415527344 -1.00307345390319824219
-1.49599921703338623047 -1.20838689804077170642 -0.74474066495895385742 -1.29533922672271728516 -0.84815686941146850586 0.55700343847274780273 0.41440868377685541324 -0.13385419547557830811 0.71937346458435058594 1.66136562824249289783 -0.27052596211433410645 0.74552762508392333984 -0.25838011503219598941 0.01332207862287750066 0.94512164592742919922 0.60013246536254882812 -0.12528310716152191162 0.03466773405671119690 0.53757536411285400391 -0.30162739753723138980 -0.72286629676818847656 0.38541913032531738281 1.20769488811492919922 -0.35081297159194940738 1.36146616935729980469 0.83400750160217285156 -0.59339261054992675781 0.61765307188034057617 0.83081138134002685547 0.15028959512710571289 0.55335074663162231445 0.88832056522369384766 0.27365362644195551090 -1.59141683578491210938 1.58043265342712402344 -0.63603579998016357422 -1.07341539859771728516 -1.38942241668701149671 0.94925808906555175781 1.46953117847442649158 1.56584703922271728516 0.19160743057727810945 1.32141244411468505859 1.23593461513519287109 0.01430134102702139941 0.77960294485092163086 -0.41272854804992670230 1.14337122440338112561 1.54672336578369140625 -1.26295399665832519531 -0.99048471450805664062
0.34494569897651672363 -0.27298980951309198550 0.19589196145534509830 0.46413677930831909180 0.35830977559089660645 0.54513293504714965820 -1.45797049999237060547 0.90917479991912841797 1.15315115451812744141 -0.22251218557357779759 -1.21555924415588378906 -0.54705798625946044922 0.02739789523184290101 0.82890129089355468750 0.77629762887954711914 -0.26286810636520380191 -1.17419743537902832031 -1.01848888397216796875 -1.74650621414184570312 -0.84178352355957031250 -0.67113435268402099609 1.20168292522430419922 1.40914416313171408923 -0.89149755239486694336 1.33262765407562255859 0.72928053140640258789 1.45136058330535888672 1.47662329673767089844 1.07960164546966552734 -0.18441234529018399324 -0.62226676940917968750 1.64568424224853515625 0.17460919916629791260 1.12456381320953369141 -0.98772341012954723016 1.72418975830078125000 1.09741437435150168689 -0.62927335500717163086 1.64725840091705322266 -0.06831829994916910342 -1.47503352165222167969 1.58019351959228515625 1.12675142288208007812 -1.54078006744384765625 0.40588822960853571109 -0.04300905391573899700 0.62766528129577636719 -0.78234791755676269531 0.84210968017578125000 1.26573467254638671875 1.09751212596893310547
1.19625985622406005859 0.42248228192329401187 0.79497516155242919922 -0.25092607736587518863 0.80720007419586181641 -1.19484603404998779297 0.23397514224052429199 1.53174710273742675781 -1.63362944126129150391 1.75973725318908691406 -0.44222733378410339355 -0.32471314072608947754 -0.82553786039352416992 1.31170153617858886719 -0.44237408041954040527 -0.27241677045822138004 0.47476920485496520996 1.38270390033721923828 -0.55775237083435058594 0.09419252723455419363 0.53483015298843383789 -0.57257956266403198242 0.51928323507308959961 -0.63072818517684936523 -1.13034260272979736328 -1.60923683643341064453 -0.59421104192733764648 -0.66824150085449218750 -0.78936660289764404297 0.31168162822723388672 -0.58391106128692626953 0.41241914033889770508 -1.05975914001464843750 -0.01649717614054679871 -1.29285776615142822266 -0.54885929822921752930 0.52156841754913330078 1.61557030677795410156 -0.36710283160209650211 -1.62813413143157958984 0.74415445327758789062 -0.11637610197067259354 0.63154357671737670898 0.35592046380043029785 0.96738690137863159180 -1.56387555599212646484 0.53620541095733642578 -0.31753596663475031070 -1.57964324951171875000 1.10156655311584472656 -1.74328768253326416016
-0.11731872707605360551 -0.67636138200759887695 -0.22549341619014739990 0.64047539234161376953 -0.01050224620848889956 0.18202145397663110904 -1.44544267654418967517 -1.02101707458496093750 -1.17572164535522460938 1.68269395828247070312 -0.52943772077560424805 -0.03666881471872329712 0.50980895757675170898 0.70964980125427246094 0.27997979521751398257 -1.22300112247467041016 -1.32187974452972389905 -0.60078430175781250000 1.25174498558044433594 -0.07470539957284920429 -0.02294350974261760018 0.70336526632308959961 -0.86902779340744018555 0.57141762971878051758 1.33016097545623779297 -1.76147878170013449939 0.11587330698966979980 0.83818548917770385742 0.86193031072616577148 1.19727444648742675781 0.98007220029830921515 0.19189481437206259984 0.86997890472412109375 1.08903217315673850329 -0.93240231275558482782 0.77075010538101196289 1.64076995849609375000 1.21839380264282248767 1.28394234180450439453 1.33552145957946777344 -0.01558044739067549964 0.37750008702278131656 -0.42930284142494201660 0.66531491279602050781 0.26668745279312128238 0.60577535629272460938 -1.63150525093078591077 -0.92753416299819957391 0.91614484786987304688 -1.60299754142761230469 1.11665487289428710938
-0.05513623356819150056 0.02002169191837310097 -0.85101801156997680664 -0.68331342935562133789 -1.05431425571441650391 -1.70823001861572287829 0.47882217168807977847 0.27369406819343561343 1.68080425262451149671 -0.33839493989944458008 0.29457658529281610660 1.65701687335968017578 -0.79808187484741210938 -0.38776868581771850586 -1.05298662185668967517 -0.53995627164840698242 0.21534071862697601318 -1.17906045913696289062 -0.16733883321285239476 0.68857342004776000977 0.89511668682098388672 -0.60970437526702880859 0.71338051557540893555 0.36823466420173639468 1.57653701305389404297 -0.58246821165084838867 1.56113851070404030530 -0.91304427385330200195 0.11360231786966319689 -0.51660567522048950195 1.57705247402191162109 0.70914828777313232422 1.64898228645324707031 -0.82057315111160278320 1.62332952022552490234 -0.09734346717596049914 -1.70843660831451416016 -1.69831216335296630859 -1.61753273010253906250 0.67514348030090332031 1.13573765754699707031 1.42655134201049804688 1.81198573112487792969 -1.10118854045867919922 0.02804750576615330088 0.51617515087127685547 1.43458664417266845703 -0.66852742433547973633 -1.15750861167907714844 0.00617044139653440040 0.50467395782470703125
1.03577220439910888672 1.15872895717620849609 0.81645065546035766602 0.15870018303394309300 1.01002013683319091797 1.39007496833801269531 -1.31214940547943115234 -1.63011121749877929688 1.15062534809112571033 0.95070779323577880859 -0.04052697122097009830 -0.63555884361267089844 -0.91037362813949584961 -0.94352322816848754883 1.63984382152557350842 0.77922517061233520508 -1.39991736412048339844 1.53153979778289794922 -1.38449537754058837891 -0.77519583702087402344 1.17608904838561989514 0.71639299392700195312 1.45898878574371337891 -0.70930045843124389648 0.08636692911386489868 0.41870445013046259097 -0.13073332607746118716 -1.01877915859222389905 -1.03370511531829833984 0.21797981858253479004 0.16431613266468039769 0.29488193988800048828 -0.02406539954245090138 1.33522927761077880859 -0.49579572677612299136 -0.41062271595001220703 1.42051923274993896484 -0.63544106483459472656 -0.16903266310691830721 0.85743743181228637695 -1.71332776546478271484 -0.06709469854831690006 -1.25667297840118408203 -1.68796670436859130859 -0.79787147045135498047 0.69142490625381469727 1.76745140552520751953 1.74963915348052978516 -1.29778170585632324219 0.84859025478363037109 -1.22368299961090087891
0.59328424930572509766 -0.10365699976682660188 -0.09622233361005780305 -0.86505854129791259766 -0.27170777320861810855 -1.45589935779571510999 -1.08524703979492209704 -1.12771284580230712891 -0.10418023169040679932 -1.31266951560974121094 1.60504710674285888672 1.32853114604949951172 1.21517920494079589844 0.44006237387657159976 1.25739061832427978516 1.74428057670593261719 0.04922830313444129940 -1.38812315464019775391 -1.04065120220184326172 0.72630369663238525391 0.92824196815490722656 -0.81108242273330688477 -0.36832711100578308105 -1.30426168441772460938 -0.44774714112281799316 0.89499753713607788086 -1.33126664161682128906 0.52993518114089965820 -0.58329790830612182617 -0.14898915588855740633 0.99861121177673339844 -1.69450569152832031250 0.53343826532363891602 1.15029394626617431641 1.00182819366455078125 0.47155731916427612305 -0.53609490394592285156 -0.47261077165603637695 1.35882651805877685547 -0.41911414265632629395 0.97418087720870960577 0.44113969802856439761 -0.04575384780764579773 1.37684667110443115234 -1.03224945068359375000 0.34705337882041931152 0.00979802105575799942 -0.57363295555114746094 1.26941323280334472656 -0.26753816008567810059 -0.61643505096435546875
-0.04559110477566710035 0.23535387217998499088 -0.21358659863471979312 0.45560809969902038574 -0.27375429868698120117 -0.87122815847396850586 0.30583134293556207828 0.68441855907440185547 -0.26262006163597101382 -1.17491197586059570312 0.54857897758483886719 0.68322968482971191406 0.12722076475620269775 -0.83817368745803833008 -0.43935599923133850098 -0.50691819190979003906 -0.20653314888477319888 0.15859828889369959048 0.50613594055175781250 -1.64204275608062744141 -1.65845024585723876953 0.73030638694763183594 -1.25096786022186279297 -0.25733259320259088687 0.79808777570724487305 0.60646384954452514648 0.61753129959106445312 -1.04482567310333229749 -1.09176504611968994141 0.07521639019250869751 1.48649895191192649158 0.46376290917396539859 0.99964588880538940430 1.34596455097198486328 1.24226987361907958984 -0.18934015929698941316 -1.21549093723297119141 -0.99873054027557361945 -0.75554209947586059570 1.42456960678100608142 0.77215880155563354492 0.09160169214010230321 1.55368864536285400391 -0.65281456708908081055 0.19883531332015991211 0.11901447176933280248 -1.75754094123840309827 0.41856628656387329102 0.89045250415802001953 1.74100267887115478516 0.62554270029067993164
-0.25520306825637817383 0.45162332057952880859 -1.36043441295623779297 -1.52059555053710937500 -0.81000250577926635742 -1.30909585952758789062 0.01624097488820550050 -0.98849564790725719110 -0.76826113462448120117 -0.79127448797225952148 1.62541449069976806641 -1.54033112525939941406 1.11839783191680908203 0.04865495115518569946 -0.54509919881820678711 -0.63439595699310302734 0.23573864996433249730 0.41658335924148559570 1.58610844612121582031 0.91809958219528198242 1.44954049587249755859 0.44233718514442438297 0.87962621450424194336 -1.22247445583343505859 -0.33151793479919428043 -1.76122128963470458984 -1.28097987174987792969 1.71661460399627685547 -0.06188954412937160143 0.12728783488273620605 0.72004097700119018555 1.08065843582153320312 0.45506173372268671207 1.03481090068817138672 1.73515748977661110608 1.26955854892730712891 0.80052649974822998047 -0.46254754066467279605 -1.29321801662445090564 1.26619255542755126953 1.55885875225067138672 1.06299984455108642578 -0.75952261686325073242 -0.30279594659805297852 -0.13763986527919769287 0.34619390964508051090 -0.74151718616485595703 -0.35547068715095520020 -0.24796545505523678865 -0.80211150646209716797 0.24991822242736810855
1.52744889259338378906 0.94784051179885864258 -1.07759690284729003906 -1.59806704521179199219 -0.75407373905181884766 -0.81495922803878784180 -0.33362826704978937320 0.34785333275794977359 1.58817625045776367188 -1.42814338207244873047 -1.47611725330352783203 0.07392530888319009952 -0.75393700599670410156 -1.29437470436096191406 -1.53860366344451904297 -0.07965675741434090351 -1.54000306129455566406 1.27941882610321044922 -0.65843635797500610352 0.14895373582839960269 0.32628774642944330386 -1.60675418376922607422 1.13268172740936279297 1.62501645088195800781 -1.49166226387023925781 0.76040399074554443359 0.81751781702041625977 -0.04797287657856939835 0.04011880978941909787 -1.57947194576263449939 -1.46338844299316406250 -0.70716118812561035156 1.34904718399047829358 -0.42173534631729120425 -0.36400833725929260254 0.42453637719154357910 -0.12937365472316739168 -0.48239204287528991699 -1.60951447486877441406 -1.06404817104339599609 0.83902847766876220703 -0.25014784932136530093 -0.49016514420509338379 1.12190747261047363281 0.23169708251953119449 -0.34718728065490722656 1.18723976612091064453 0.26948121190071100406 1.36737084388732910156 -1.22433853149414062500 -1.65000736713409423828
1.00546574592590309827 0.56191241741180419922 -0.69466888904571533203 -1.25100874900817871094 -0.90153169631957996710 -1.59192085266113281250 1.17968535423278808594 1.53282976150512695312 1.42210352420806884766 -0.03732847049832339892 -0.38651841878890991211 -1.61585056781768798828 0.87109124660491943359 0.53970664739608764648 -1.21671688556671142578 1.74835562705993630139 -0.99774879217147838251 0.80697941780090332031 -1.47577285766601562500 -0.72164779901504516602 -1.38583779335021950452 0.62183344364166259766 0.04616666212677950076 -0.60972940921783447266 -1.59068262577056884766 0.00066009932197630004 1.64938747882843017578 -0.04852449148893350078 1.08049643039703369141 -0.68626213073730468750 -1.02649021148681640625 -0.59048247337341308594 1.47566688060760498047 -0.03201242163777349992 -0.08381859958171840319 1.49833011627197287829 0.30685847997665399722 -1.06522595882415749280 -0.99328160285949718133 -0.45451563596725458316 1.53221225738525390625 0.76707535982131958008 -0.94723695516586303711 -1.17069733142852783203 0.96413803100585937500 0.82534372806549072266 1.57705187797546408923 -0.71758776903152465820 -0.45072308182716369629 0.19586585462093350496 -2.15420174598693847656
1.60754525661468505859 1.81662595272064208984 -1.15069985389709472656 -1.63957929611206032483 -1.00968420505523681641 1.43787348270416259766 0.93091017007827758789 0.11408217251300810380 -0.48929855227470397949 -1.41341590881347656250 0.93780767917633056641 0.40838870406150817871 -0.84351229667663574219 1.09266078472137428967 1.08246231079101562500 -0.85447448492050170898 -0.22357696294784540347 -1.43480026721954367908 0.73746651411056518555 -0.26009383797645568848 -0.09764454513788220491 0.80245465040206909180 -0.67610520124435424805 1.25062119960784912109 -0.31307283043861389160 1.06699180603027343750 -0.69281774759292602539 -1.14163124561309792249 -0.45987656712532037906 -1.47945368289947509766 0.49481344223022460938 1.00198125839233398438 -1.00583267211914062500 -0.40467375516891479492 0.65229040384292602539 -0.73977631330490112305 0.58756899833679199219 -1.09844493865966796875 -1.09701120853424072266 0.19670201838016510010 0.94899296760559082031 0.71705174446105957031 0.01506281457841389913 -1.60730850696563720703 -1.72314465045928955078 -0.88152790069580078125 1.41031754016876220703 -0.69017815589904785156 -1.54550182819366455078 -1.37964522838592529297 0.45573025941848749332
-0.05522237345576280071 -0.43528720736503601074 -0.29210501909255981445 1.67668664455413818359 -0.30079907178878778629 -0.47262719273567199707 0.58649420738220214844 1.46412289142608642578 0.66284775733947753906 0.93331241607666015625 -0.44914558529853820801 -0.78250545263290405273 0.80685669183731079102 1.25796031951904296875 -0.95763349533081043585 0.70279562473297119141 -0.96983903646469116211 1.30117225646972656250 -0.13104544579982749242 0.13129764795303339175 -0.42912819981575012207 -0.29384651780128479004 0.59777367115020751953 0.00225710822269320011 -0.48559212684631347656 -0.26676943898200988770 -1.46871066093444824219 -0.55994671583175659180 0.12890523672103879060 -1.65928506851196289062 0.14772672951221460513 0.71587353944778442383 -0.28838628530502319336 -0.45635420083999628238 -1.61330747604370117188 0.74344086647033691406 -1.06570827960968017578 -0.44726788997650140933 -0.07284604758024210147 -1.34486269950866699219 -0.44590088725090021304 0.66759812831878662109 1.48579573631286621094 -0.97308778762817382812 0.21448138356208801270 1.48584723472595192639 1.51297140121459960938 -1.38019597530364990234 -1.34974110126495361328 -1.26538872718811035156 1.43195950984954833984
-1.80171144008636474609 -1.15246009826660156250 -1.03617060184478759766 -1.48425650596618630139 -0.64128202199935913086 0.25737068057060241699 1.63743209838867209704 -0.61488735675811767578 1.65351521968841552734 0.01542682107537979991 -0.99071162939071655273 -1.52361893653869628906 1.59444987773895263672 1.33232831954956032483 -0.49915644526481628418 -1.07630574703216552734 1.15103900432586669922 0.56524777412414550781 -0.04475807398557660188 1.14252865314483642578 -1.45224404335021950452 -1.17397725582122802734 1.14898264408111550061 1.48286139965057350842 -1.50334572792053222656 -1.25339245796203591077 -0.55052083730697631836 -0.42298561334609979800 1.74233233928680419922 1.32075214385986328125 -0.75167781114578247070 1.18993008136749289783 -1.17462074756622314453 0.70176482200622558594 -0.08883180469274519486 1.12229764461517311780 1.59295248985290527344 -0.15030391514301300049 -0.51580959558486938477 -1.20805335044860839844 -1.44225323200225830078 -1.10488820075988769531 -0.50463402271270751953 -0.63335645198822021484 0.08493974804878229312 -1.07416021823883056641 0.75854307413101196289 0.73997688293457031250 -1.27093255519866943359 -0.74721884727478027344 -0.88555377721786499023
1.84600782394409201892 1.47409594058990478516 -0.20188742876052850894 -0.37028914690017700195 0.10389792919158929996 0.42282947897911071777 -0.93994468450546264648 -1.34718167781829833984 -1.35786259174346923828 0.08868080377578729800 1.07355582714080810547 1.37204611301422119141 -0.79203993082046508789 0.08641063421964639835 -1.14981436729431152344 -1.53079771995544433594 -0.22311264276504511050 -0.55003589391708374023 0.05743294209241860127 1.62165474891662597656 -0.67110818624496459961 -0.89632338285446166992 -0.81934165954589843750 -0.36119410395622247867 -0.95505666732788074835 -0.70422768592834472656 -0.66542166471481323242 -1.56571304798126220703 1.44755935668945312500 -1.14721965789794921875 -1.24979138374328591077 -0.58668988943099975586 -0.14603783190250391177 0.51709389686584472656 0.31411033868789667300 0.24041859805583951082 -1.08834338188171408923 -1.09389722347259521484 1.08524632453918457031 0.64993906021118164062 0.80524182319641113281 0.75550895929336547852 -1.55403840541839599609 1.59229147434234619141 0.45714998245239257812 0.43443113565444940738 -0.52681356668472290039 -0.47075179219245910645 0.22659766674041739720 -0.60529005527496337891 0.80813908576965332031
0.30502560734748840332 0.92576980590820323602 -0.90003037452697753906 -1.59329485893249511719 -0.84847509860992431641 -0.08506251871585840396 0.69513171911239624023 -0.85862571001052856445 1.68077647686004638672 1.45635008811950683594 -0.42234224081039428711 0.15956710278987878970 0.02602851577103129990 -0.57658994197845458984 1.13958144187927246094 -0.17308863997459408846 -0.80814725160598754883 0.83507847785949707031 -0.60389703512191772461 -1.51684844493865966797 0.20148915052413940430 0.92902952432632435187 0.17983707785606378726 1.40560483932495117188 -0.22341674566268920898 -1.22270500659942649158 -0.15054322779178619385 1.46820545196533203125 -0.81647205352783203125 -1.40724778175354003906 -0.49773666262626647949 -1.41684556007385231702 0.38798162341117858887 -0.85804295539855957031 -0.00350163364782920010 0.47370347380638122559 -1.59776628017425537109 1.05284404754638671875 -0.71547108888626098633 -0.67703574895858764648 0.23650217056274411287 0.11761814355850219727 0.51858443021774291992 0.71869176626205444336 -0.60625332593917846680 1.43103909492492675781 0.22903704643249508943 1.19517338275909423828 0.38260501623153680972 -0.70072722434997558594 -2.06037163734436035156
-1.13670623302459716797 -0.89511960744857788086 0.85817438364028930664 0.86189872026443481445 -0.47380849719047540836 0.98025453090667724609 0.35206034779548639468 1.35487651824951149671 0.52178168296813964844 1.04862618446350097656 -0.62542057037353515625 0.87319439649581909180 1.16116321086883544922 -1.34397494792938232422 0.30295705795288080386 -0.68484824895858764648 1.63648533821105957031 -1.31965184211730957031 -0.03087957575917240141 1.01440644264221191406 0.30822440981864929199 0.29013627767562860660 1.44701147079467751233 0.58944791555404663086 0.15100912749767300691 0.17098708450794219971 -0.58198630809783935547 0.56760889291763305664 0.77367854118347167969 0.70601856708526611328 1.19423842430114768298 0.85078787803649902344 -1.68560624122619628906 0.84170103073120117188 -0.47168955206871032715 -0.08357457071542739868 0.07169588655233380403 1.29080200195312500000 -0.46399635076522821597 0.28046527504920959473 -1.60700750350952170642 0.13215711712837219238 -1.47265255451202392578 -1.23122811317443847656 1.42905402183532714844 -1.54434406757354736328 -0.95879167318344116211 1.49081909656524658203 -0.75607842206954956055 -0.39082178473472589664 0.10444816946983330463
-0.82459294795989990234 -0.42248797416687011719 -0.31206011772155761719 -0.80580806732177734375 -0.35437142848968500308 0.82006156444549560547 -1.08848488330841064453 1.33283853530883789062 0.11051756888628000430 0.20998886227607718724 -0.19941374659538269043 0.84998548030853271484 0.03442003577947610332 0.94665408134460438117 0.97030246257781982422 -1.59169816970825195312 -1.09821712970733642578 -0.27460780739784240723 -1.05894458293914794922 -0.47782605886459350586 1.56412029266357421875 -0.39632564783096307925 -0.05415745824575420031 -1.28270435333251953125 1.38286375999450683594 -0.09053052961826320300 -0.78247696161270141602 0.17310629785060879793 -0.17856049537658688631 -0.34552022814750671387 -0.58349770307540893555 1.40035355091094970703 0.85494536161422729492 -1.01500046253204367908 -1.39145338535308837891 -0.21734580397605890445 -0.28627625107765197754 0.87203538417816162109 -1.06357157230377197266 -1.66452145576477050781 1.65816509723663330078 0.86494147777557373047 0.66739076375961303711 0.39298948645591730289 -1.08851075172424316406 -1.50208485126495361328 1.13691985607147216797 1.14498925209045410156 0.79910558462142944336 -0.66836357116699218750 0.23130634427070609349
1.34420347213745117188 0.73111492395401000977 1.12237966060638449939 1.46051311492919921875 1.16969799995422363281 1.23196804523468017578 1.21438515186309792249 -1.64383685588836669922 1.52147626876831032483 -1.50711154937744140625 0.93551284074783325195 1.56601834297180175781 1.13552200794219970703 0.86417198181152343750 -0.96434110403060924188 -1.45963299274444580078 0.35515943169593811035 -0.95005398988723754883 -0.40529978275299072266 1.46535623073577880859 0.03911516815423959903 0.03926273062825200166 1.65420186519622802734 1.04642844200134277344 0.30257067084312438965 -1.18970835208892822266 -0.44907823204994201660 -1.13459861278533935547 -1.56879746913909912109 -0.54102295637130737305 1.20727241039276123047 1.47383964061737060547 -0.46081900596618652344 1.67854905128479003906 -1.52718067169189430921 -0.49688678979873657227 0.49089992046356201172 0.25752463936805719547 -1.50887084007263183594 0.05963224917650220003 -0.38499107956886291504 -0.73293530941009521484 -0.20818440616130828857 1.23061931133270263672 -0.54376411437988281250 1.07135486602783203125 -1.69497907161712646484 -0.89733052253723144531 -1.53571045398712158203 -0.34442818164825439453 -0.96391844749450683594
1.01728045940399169922 1.76769423484802246094 0.94273364543914794922 0.24475820362567898836 1.27909445762634277344 1.15740180015563964844 0.42418748140335077457 1.10049235820770263672 -1.26798319816589355469 0.88972020149230957031 -0.44634112715721130371 -0.48905777931213378906 -1.62194526195526123047 -0.83698296546936035156 1.30321741104125976562 0.09153483062982549490 0.05595418810844419999 1.60814404487609863281 0.65399855375289916992 -1.02068138122558593750 1.40838813781738281250 -1.19889271259307861328 -1.03975272178649902344 -0.85089486837387084961 -0.44330021739006042480 -1.46551692485809326172 1.17824673652648925781 -0.18436005711555480957 -0.09048462659120559692 -0.99981486797332763672 1.57410991191863991467 -0.15850183367729178685 -1.28251218795776367188 0.62146377563476562500 0.01555983256548639990 1.30948424339294433594 1.34657025337219238281 0.26381263136863708496 0.17524614930152890291 -0.79774612188339233398 1.09869241714477539062 -1.00475132465362571033 0.07783151417970650410 0.63482159376144409180 1.63508403301238991467 0.90445667505264282227 -1.09986305236816406250 -0.45126557350158691406 -0.72449821233749389648 -0.05966072157025330280 0.30005362629890441895
-1.35646986961364768298 -0.95051044225692760126 -2.09041929244995117188 -0.64128470420837402344 -1.13148844242095969470 0.01394550874829290042 -1.62072885036468505859 1.65634667873382568359 -0.29465577006340021304 0.11899933218955989489 -1.74738121032714843750 -0.30411243438720697574 0.52920490503311157227 -0.44046679139137268066 -1.33785986900329589844 -1.40172946453094482422 1.61195707321166992188 -0.12370342016220089998 1.20499587059020996094 -1.12674021720886230469 0.67829453945159912109 -0.77902972698211669922 0.51204627752304077148 1.30709695816040039062 0.86483240127563476562 0.92171037197113037109 -0.01855382882058620106 -1.15605151653289794922 -1.60698759555816650391 -0.68406504392623901367 -0.14102320373058319092 -1.48100495338439941406 -0.51880854368209838867 -0.83451259136199951172 0.15277159214019769840 0.10850662738084790315 0.91287356615066517218 -1.47906363010406494141 -1.35800004005432128906 -0.73672598600387573242 0.09252128005027769608 1.18393325805664062500 1.81136679649353049548 1.31645441055297829358 -0.05083639174699779856 1.54641628265380859375 -1.76010525226593017578 0.72002124786376953125 -0.69544285535812377930 -1.59670495986938476562 0.69477415084838867188
-0.09438195079565039891 -0.80169332027435302734 -1.50963711738586447986 -0.30349734425544738770 -1.11579644680023193359 -0.10695686936378470677 -0.44609126448631281070 -1.26310431957244873047 1.32309615612030029297 -1.36804282665252685547 -1.17526066303253151624 0.20775230228900909424 -1.59291052818298339844 0.60191953182220458984 0.32255321741104120425 1.14600467681884765625 0.44341588020324701480 -1.14605832099914550781 -0.24375498294830319490 0.98675715923309315070 1.42227375507354736328 0.34632018208503717593 -0.41291373968124389648 0.17191480100154871158 0.90867966413497924805 -0.97483187913894642218 1.30085098743438720703 -0.66437804698944091797 0.65361887216567993164 -0.87162154912948608398 0.68779635429382324219 1.25118410587310791016 1.32096743583679199219 0.24839608371257779207 1.49108505249023437500 1.56491744518280029297 -0.81138896942138671875 1.00906264781951904297 1.34994101524353049548 0.07601311057806009464 1.41127836704254150391 -0.37301447987556457520 -1.30433583259582519531 0.78648054599761962891 1.52377057075500488281 -0.44030824303627008609 0.53722667694091796875 1.67088437080383300781 -1.32045483589172363281 -1.60577225685119628906 1.04006302356719970703
-1.47214198112487792969 -1.07232117652893088611 0.01706291921436780060 -0.08262885361909859394 -0.52441722154617309570 -0.76107162237167358398 -0.87031793594360351562 0.04632310941815370037 0.94182360172271717413 -1.52347803115844726562 0.06830813735723489932 -0.87354904413223266602 -1.11608660221099831311 -0.21206988394260400943 1.02109515666961669922 -0.47803178429603571109 0.50067460536956787109 1.17921900749206542969 -0.40729779005050659180 -1.42550134658813476562 -0.54745668172836303711 -0.81353437900543212891 -0.81148886680603027344 0.10059612989425649465 -0.51595431566238403320 -0.30969321727752679996 -0.67362463474273681641 -1.38250553607940673828 -0.28060370683670038394 1.35611212253570556641 0.44570168852806091309 1.63758385181427001953 -0.99760907888412475586 1.19196081161499023438 0.77529984712600708008 -0.51900845766067504883 0.63128334283828735352 0.16541272401809689607 -0.90470761060714721680 -0.13161684572696680240 -1.32744908332824707031 -0.97599494457244884149 -0.27416256070137018375 1.58177649974822998047 -0.93024331331253040656 -1.73132431507110595703 -0.65464466810226440430 1.65722680091857910156 -1.06284677982330322266 0.17464013397693631258 -0.48436036705970758609
-0.47342884540557861328 -0.96506607532501220703 -0.51022201776504516602 -1.58961236476898193359 -0.52516156435012817383 -0.10318262875080100316 0.74230635166168212891 -0.09665659070014949450 0.98355692625045776367 -1.29115664958953857422 0.48435777425765991211 -1.05730509757995605469 -1.68246805667877197266 1.70481228828430175781 0.38304343819618219547 1.67704021930694580078 0.47410741448402399234 -0.81262308359146118164 1.48939335346221923828 -0.17874144017696380615 -1.55993854999542236328 -0.64143335819244384766 0.99425750970840442999 1.15206360816955566406 0.61047768592834472656 0.20536206662654871158 0.34111803770065307617 1.10373353958129882812 -1.19995069503784179688 1.34881234169006369861 0.97106283903121959344 0.72924786806106567383 -0.62779760360717773438 -1.51853692531585693359 -0.17774046957492820042 -1.33916139602661110608 -0.35506510734558099918 -1.20850825309753417969 0.88408511877059936523 -1.14086115360260009766 0.44392141699790949039 0.77109199762344360352 -0.06837783753871909398 -1.36636900901794433594 -1.42108297348022460938 -0.63001418113708496094 -0.85852789878845214844 1.39386606216430664062 1.14164555072784423828 1.13683414459228515625 -0.58420485258102416992
0.18419918417930600252 -0.03775851801037780064 -0.74226707220077514648 -0.71948307752609252930 -0.52161532640457153320 0.93064600229263316766 -0.92436534166336059570 -0.52444535493850708008 1.61648440361022949219 -0.01030724961310620046 1.03146004676818847656 0.76786983013153076172 -0.03921607509255400220 -1.16530907154083229749 0.48646277189254760742 -0.64067792892456054688 -0.66296046972274780273 0.35310566425323480777 -1.20881974697113037109 -0.47339510917663568668 -1.10298287868499755859 0.40548262000083917789 -1.37997651100158691406 0.71262747049331665039 -1.30531859397888183594 0.17179255187511441316 -0.16754695773124689273 -0.96796858310699462891 0.40852510929107660465 0.70747685432434082031 -1.09184229373931884766 0.06915688514709469881 0.19798554480075830631 1.29812073707580566406 -0.52338582277297973633 0.14763322472572321109 0.81220436096191406250 1.09279263019561767578 0.39592117071151727847 -0.98139655590057361945 -0.18375641107559201326 1.41053056716918967517 -1.01397156715393088611 0.61996126174926757812 -1.67033839225769042969 1.31094300746917724609 -0.44319620728492731265 -0.91523236036300659180 0.50957792997360229492 0.30089807510375971011 0.22443093359470359105
-0.38463076949119567871 -0.55392307043075561523 -0.71646296977996826172 -1.15330636501312255859 -0.86412364244461059570 1.53636765480041503906 -1.10217928886413552014 1.53007578849792480469 0.28026935458183288574 1.38991022109985351562 0.75587391853332519531 1.26524674892425537109 -0.39343023300170898438 -0.85459041595458984375 -0.40597435832023620605 1.00377798080444335938 -0.97748017311096202508 0.61645078659057617188 1.12312543392181396484 -0.61799746751785278320 0.89776039123535156250 1.55572545528411887439 -1.60136365890502929688 1.31229484081268310547 -0.28983801603317260742 1.23959207534790039062 0.59855824708938598633 -1.58073699474334716797 -1.48255145549774169922 -1.06898105144500710217 1.23384082317352294922 -0.46559751033782958984 -1.58106386661529541016 1.00302100181579589844 -0.72169137001037597656 -1.30876493453979492188 0.50982785224914550781 -1.61123788356781005859 -1.32378709316253662109 1.52620255947113037109 0.66374993324279785156 1.18514394760131835938 -0.34689253568649291992 1.12307882308959960938 -1.78198707103729248047 0.85020726919174194336 0.45491805672645568848 0.06698454916477200594 0.21194583177566519994 1.23954677581787109375 0.41298151016235351562
0.76013457775115966797 0.63228040933609008789 -0.60786479711532592773 -1.32506775856018088611 -0.36378562450408929996 0.32111895084381097965 0.45679128170013427734 0.71683692932128906250 1.67044508457183837891 -0.82052314281463623047 1.08938145637512207031 0.13005043566226959229 -1.25792324542999289783 1.30061149597167968750 0.44588655233383178711 1.25497889518737792969 1.53527045249938964844 -1.00063633918762207031 0.07930426299571989579 0.95330250263214122430 -1.48588967323303222656 0.05229509994387619709 -0.04114951938390729730 -0.63331890106201171875 -1.71522533893585205078 -0.21986380219459530916 1.66143345832824707031 0.61205482482910156250 0.30898025631904602051 -0.90148973464965820312 -0.47968626022338861636 0.19980341196060180664 -0.71884310245513916016 0.01263469830155370018 0.55488002300262451172 -0.91361957788467396124 -1.41076815128326416016 1.07326924800872802734 -1.61474287509918190686 0.72016042470932006836 -0.33008164167404169254 0.62254643440246582031 1.40743207931518554688 -1.69426715373992919922 1.06564640998840309827 -1.63629090785980224609 0.07974649220705029573 -1.17194116115570090564 -0.96430557966232299805 1.31268477439880371094 -1.87926185131072998047
-0.71026325225830078125 -0.41325065493583679199 0.39853551983833307437 0.33149597048759460449 -0.11498556286096570100 -1.06822037696838378906 0.55205070972442626953 -1.25580382347106911389 0.31060215830802917480 -0.37574172019958490543 -1.77315795421600341797 0.72091293334960937500 0.77760368585586547852 0.39143213629722589664 -0.72584146261215209961 -1.06165623664855957031 0.23158110678195950594 -0.73096740245819091797 1.01441645622253417969 -0.35966461896896362305 -0.49174818396568298340 -0.95707499980926524774 0.51478850841522216797 1.12628245353698730469 0.64548963308334350586 1.59820389747619628906 -0.08546636253595349397 -0.23537081480026239566 -1.14285099506378151624 1.43433225154876708984 1.20750725269317649158 -0.03438437730073919812 -0.83672952651977539062 1.48600602149963378906 0.26355260610580438785 -0.85741621255874633789 -1.02068126201629638672 1.60565268993377685547 -0.89095473289489746094 0.07665808498859399966 1.52661442756652832031 0.55581736564636230469 -0.40261635184288019351 0.98997080326080322266 -0.39123043417930597476 0.14890226721763610840 -0.82435548305511474609 -1.24018299579620361328 0.22441250085830680150 0.88366800546646118164 0.48067575693130487613
-1.44691348075866699219 -1.36722910404205322266 -0.55003511905670166016 -0.69138884544372558594 -0.40817692875862121582 -1.06784415245056152344 -0.47818854451179498843 1.23114407062530517578 0.26802378892898559570 -0.85885757207870483398 0.95101153850555419922 -1.42002105712890625000 -0.51201778650283813477 1.15112996101379394531 -1.45058023929595969470 0.59217417240142822266 0.71395570039749145508 0.73583531379699707031 -0.20323185622692099828 0.19165149331092828922 -0.68110162019729614258 0.22632949054241180420 0.92313522100448597296 0.32561182975769037418 -0.81618916988372802734 -0.39669483900070190430 -0.45711180567741388492 0.48554483056068420410 -1.02225685119628906250 0.13082964718341819066 1.65502476692199707031 1.60067915916442871094 -0.02117832377552979900 0.08428426831960669774 -0.97993701696395885126 0.70395344495773315430 0.95581638813018798828 -0.42927089333534240723 -1.51621890068054199219 -1.18940556049346923828 1.31171250343322753906 -0.46867549419403070621 -1.58100903034210205078 1.35660862922668457031 -1.62871503829956032483 -0.03801268339157100329 1.05732572078704833984 0.33497080206871032715 -0.93975198268890380859 1.17488682270050048828 -0.42978772521018981934
0.32793253660202020816 0.44069483876228332520 -0.49924084544181818179 -1.37533605098724365234 -0.41871234774589538574 1.38350164890289306641 0.25799784064292907715 0.84672641754150390625 -1.40857279300689697266 1.49922215938568115234 -0.53824496269226074219 1.60978019237518310547 -1.68294095993041992188 0.12850263714790338687 0.04269822314381589712 1.68768703937530517578 -0.75787925720214843750 -0.22194643318653101138 -1.18807065486907958984 0.40716677904129028320 -1.09689664840698242188 -0.47653496265411371402 1.44520127773284912109 -1.58824193477630615234 1.07845842838287353516 -1.59778273105621337891 -1.36640715599060058594 -0.87006300687789916992 -0.55627560615539550781 1.32862412929534912109 0.78391319513320922852 1.42118608951568603516 0.15010684728622430972 0.15780247747898099031 0.81473082304000854492 -0.96909058094024658203 0.73851990699768066406 -0.19150702655315399170 1.11067235469818115234 0.64159834384918212891 -0.84824848175048828125 -1.33255565166473410876 0.50432008504867553711 -0.31128266453742980957 -1.13948988914489768298 -0.29895454645156860352 0.15965893864631650056 -0.62225514650344848633 0.55647677183151245117 0.54482120275497436523 -1.11239874362945556641
-0.62754160165786743164 -1.41821241378784179688 -0.24955901503562918919 0.03217264264821999981 -0.36392578482627868652 -0.92115873098373401984 -1.63657164573669433594 -1.28254067897796630859 -0.18056392669677728824 -1.45781183242797829358 0.52786982059478759766 0.96540850400924682617 0.94902896881103515625 -1.10461330413818359375 1.41618919372558593750 -0.67176276445388793945 -0.55497080087661743164 1.35744774341583229749 -1.07879316806793190686 1.56449341773986816406 -0.29984757304191589355 -1.68588805198669433594 -1.32392323017120361328 -1.06226456165313720703 1.25968754291534423828 1.38928067684173583984 -1.34415721893310569079 -1.65522885322570800781 0.53469157218933105469 -1.18349826335906982422 0.22619524598121640291 -0.74619543552398681641 -1.66249978542327880859 -0.19888150691986081209 -0.34580779075622558594 -0.23338550329208371248 1.53137421607971191406 -0.26336494088172912598 1.08034157752990722656 0.82403814792633056641 1.18367683887481689453 -0.05807620659470549840 -0.08459212630987160420 1.42810654640197753906 0.75417762994766235352 1.31523358821868896484 -1.65333855152130126953 -1.50031864643096923828 -0.97209531068801879883 0.91919308900833118781 -0.41233071684837341309
-0.70684367418289184570 -0.62256574630737304688 -0.42892500758171081543 -0.37016350030899047852 -0.43605735898017877750 -0.59301853179931640625 0.80543226003646850586 0.66237866878509521484 -0.68977063894271850586 0.37009051442146301270 0.55614459514617919922 -1.21701395511627197266 0.67011916637420654297 0.23510596156120300293 -1.48977375030517578125 1.49792575836181640625 -1.54296064376831032483 -0.93868017196655284540 1.41490948200225830078 -0.22271436452865600586 1.26373708248138449939 1.28706002235412597656 -1.03125452995300292969 -1.25776910781860351562 1.05740213394165039062 -0.10629993677139279451 0.10610003769397730045 -0.80422770977020263672 -1.43350541591644287109 -0.48590177297592157535 -0.19588142633438110352 0.57314401865005493164 -0.90861827135086059570 -0.57859551906585693359 1.39220023155212402344 1.65234470367431640625 1.60812604427337646484 -1.42540633678436279297 0.81408470869064331055 -1.68195700645446777344 -0.91137897968292236328 -1.44565474987030029297 -0.13052290678024289217 1.29352605342864990234 0.95254689455032359735 1.29220962524414062500 0.27755755186080932617 1.69467198848724365234 -1.38190555572509765625 -0.38507515192031860352 0.10730282962322229556
-1.59822130203247070312 -1.44818329811096191406 -0.55854713916778564453 -0.20351295173168179597 -0.59318691492080688477 0.25561258196830749512 0.54241907596588134766 -1.54682743549346923828 -1.01727604866027832031 1.72419869899749755859 0.06658506393432610249 -0.48474249243736261539 -1.62736535072326660156 -0.53530973196029663086 0.90843635797500599249 1.32535743713378906250 -1.39912283420562744141 -1.58325862884521484375 -0.39031806588172912598 -1.60924923419952392578 0.14984984695911399144 -1.53400754928588889392 0.58523941040039062500 -0.11178941279649730334 -0.19288501143455499820 -1.59065067768096923828 -0.47428053617477411441 -0.31199082732200622559 1.28870952129363991467 0.95518738031387317999 -1.60105216503143310547 -0.40651416778564447574 -0.56679904460906982422 -0.92865842580795276984 -1.25169825553894042969 -1.34356188774108886719 1.13610064983367919922 -1.41459012031555175781 0.52081251144409179688 1.35870885848999023438 0.83514040708541870117 1.08267903327941894531 -1.29852890968322753906 -0.76404899358749389648 -0.76351261138916015625 1.24521327018737792969 -0.43046489357948297672 1.36393713951110839844 -0.10189668089151379671 1.49632036685943603516 -0.46555885672569269351
-1.03954315185546875000 -1.51123607158660888672 -1.12714552879333496094 0.52347701787948608398 -0.63466793298721313477 1.70383775234222389905 1.28653252124786376953 -0.37828391790390009097 1.64655804634094238281 1.48617398738861083984 1.57248246669769287109 0.10561967641115180272 0.86527878046035766602 -0.84444558620452880859 -0.63342100381851196289 0.40393498539924621582 -1.68677270412445090564 -0.20451784133911130037 -0.06486993283033369584 -0.58056122064590454102 1.19748556613922119141 0.18356603384017938785 1.05917179584503151624 0.57485538721084594727 1.02930784225463889392 -0.54622673988342285156 -1.67508220672607421875 0.27124655246734619141 1.03478145599365234375 -0.49525097012519830875 -0.07724456489086149735 -0.14150720834732050113 1.24954926967620849609 -0.25113889575004577637 -0.29996126890182489566 0.11950694024562830142 1.61378383636474609375 0.75599819421768188477 -0.82355195283889770508 1.07544291019439697266 0.22554670274257659912 0.33519819378852838687 0.55113494396209716797 0.71704852581024169922 -1.13643467426300048828 0.85354882478713989258 1.03824484348297119141 -1.03794670104980490954 0.85871362686157226562 0.74266195297241210938 -0.02014683745801440148
1.51602971553802490234 1.30869150161743164062 0.90141075849533081055 0.66301316022872924805 1.37376606464386008533 -1.35946476459503151624 -1.15485560894012428967 0.20783880352973929662 1.51365017890930175781 -0.09764389693737030029 -0.86588948965072631836 0.82757514715194702148 -0.44464713335037231445 0.63726592063903808594 1.37984728813171408923 1.43402135372161887439 0.48997291922569269351 0.31054267287254327945 0.91040652990341197626 -0.37110674381256097965 -0.68627834320068359375 -0.50003802776336669922 -0.79223573207855224609 1.43773233890533447266 0.07501010596752159809 0.94941228628158558234 -0.23400320112705230713 1.41387045383453369141 -1.48669385910034179688 0.54484707117080688477 -1.25145423412322998047 0.02841460518538950139 0.19684709608554840088 0.99756538867950439453 0.78058081865310668945 1.66501498222351074219 0.33951717615127557925 0.46646457910537719727 1.56040024757385231702 -0.51241177320480346680 -1.57112073898315429688 0.93556982278823841437 0.25294774770736688785 -1.58651149272918701172 -0.04901967570185659928 -0.61316019296646118164 0.48549237847328180484 0.24285754561424249820 1.65492963790893554688 1.46446967124938964844 0.63687086105346679688
1.46835148334503151624 1.58006274700164794922 2.82243180274963378906 1.80169904232025168689 3.25953364372253417969 -0.20910501480102539062 -1.53449237346649169922 0.22460295259952539615 -0.03665442764759060251 1.02102482318878151624 -1.32202768325805664062 0.77962285280227661133 -1.10439825057983398438 -0.38739320635795587711 -1.70102024078369140625 -1.37152242660522460938 0.97855466604232799188 -1.02957189083099365234 1.15154922008514404297 -1.26196575164794921875 -1.51904666423797607422 -0.78511941432952880859 1.33941662311553955078 -1.07583785057067871094 -0.04371950030326839792 1.67349231243133544922 -0.31780350208282470703 -0.98938184976577758789 -1.57068645954132080078 1.28571784496307350842 -1.65818834304809570312 0.96290755271911621094 -0.44103538990020751953 -1.31294369697570800781 0.22323800623416900635 -0.84314364194869995117 -0.27880176901817321777 -1.03049170970916770251 -1.64056849479675292969 -0.52046829462051391602 1.29211032390594482422 0.00637299288064240022 0.55618971586227416992 1.61127305030822753906 -1.07115757465362571033 0.11647769063711159443 -1.60022139549255371094 -1.10748744010925292969 1.45683562755584716797 -1.46823036670684792249 2.52555203437805220190
-0.27716988325119018555 -0.13243085145950309056 -0.91109097003936756476 -0.19266913831233969945 -0.69123333692550659180 -1.18790900707244873047 1.35280692577362060547 1.59332346916198730469 1.09317278861999511719 0.85173594951629638672 -1.52664566040039062500 1.30196344852447509766 1.21008074283599831311 0.91063833236694335938 -1.62461793422698952405 -1.25663471221923850329 -0.68848150968551635742 -0.21034383773803710938 -1.25784587860107421875 0.55193299055099487305 0.37011104822158807925 1.12992775440216064453 0.00217993231490249979 1.23200309276580810547 -1.00298869609832763672 0.29994201660156250000 0.63628506660461425781 0.76953214406967163086 -1.36526966094970703125 -0.90066796541213989258 -0.89198422431945800781 -1.16987669467926047595 1.08248424530029296875 0.61394524574279785156 -1.70984303951263449939 0.22960346937179559879 1.32210505008697509766 -1.49819004535675048828 1.29577565193176269531 -1.72419512271881103516 -1.29104161262512207031 0.90436071157455444336 1.75583612918853759766 0.16610409319400779027 1.05029368400573730469 -1.03141736984252929688 -0.94619888067245483398 0.67152088880538940430 -1.14112389087677001953 0.81805437803268432617 0.65575253963470458984
1.48061561584472656250 1.49544715881347656250 2.71005225181579589844 1.48683905601501464844 3.25535368919372558594 0.30033969879150390625 1.49495136737823486328 0.54352360963821411133 0.45070180296897888184 -1.34137475490570090564 -0.92796564102172840460 -0.65131539106369018555 -0.91751468181610118524 1.34567201137542724609 -0.79393273591995239258 1.32424044609069824219 0.26747512817382812500 1.42340970039367675781 1.63919544219970703125 -1.54547131061553955078 1.11242425441741943359 0.14505408704280850496 -0.88878244161605834961 1.59607183933258056641 -1.35402297973632790296 -1.33368706703186035156 -1.26893103122711181641 -0.03479167819023130243 0.88546311855316162109 -0.24547117948532098941 0.23742175102233881168 0.07784373313188550081 0.37371507287025451660 -0.10378971695899960603 0.30694332718849182129 0.95717918872833240851 0.37522608041763300113 -1.62767148017883300781 -1.59360313415527343750 0.58015537261962890625 -0.22645279765129089355 0.79539412260055541992 1.44186186790466308594 0.45576998591423029117 -1.75217664241790749280 -0.30925863981246948242 0.90404075384140003546 -1.15166580677032470703 1.17723262310028076172 -0.84884923696517944336 2.09360003471374511719
0.95401597023010242804 1.65158331394195556641 2.91501331329345703125 1.46151900291442871094 2.84114289283752441406 -0.68557518720626831055 -1.04184329509735107422 1.46742451190948486328 0.30032715201377868652 1.20648932456970192639 -0.39099708199501037598 -1.15503942966461181641 -0.16644212603569030762 -0.80382782220840454102 -1.21311211585998535156 -0.71831399202346801758 -0.68921327590942382812 -0.90997207164764404297 1.04950225353240966797 -1.78294575214386008533 0.53685760498046875000 -0.15327273309230798892 -0.85240489244461059570 -0.25071299076080322266 -0.47846955060958862305 -0.11586003005504599828 -1.51789534091949462891 -1.46193134784698486328 1.67206561565399169922 0.06726041436195369372 -0.37817454338073730469 -0.87307989597320556641 0.65277278423309326172 0.99616074562072765008 1.31527924537658691406 0.96831136941909801141 -0.62083774805068969727 -1.57960343360900878906 -0.70095789432525634766 -0.13352005183696741275 -1.27553749084472656250 1.66363084316253662109 0.13773816823959350586 -0.46957948803901672363 -0.07769148796796790379 -0.86493206024169921875 -0.45683327317237848453 0.32469767332077020816 0.70801544189453125000 1.27732157707214355469 1.29334878921508789062
-1.13196516036987304688 -1.33281147480011008533 -0.48129394650459289551 1.34347021579742431641 -0.21545672416687008943 -1.13828861713409423828 -0.55018192529678344727 -0.83347368240356445312 -0.96732705831527721063 -0.73859429359436035156 0.98761063814163196906 -0.81630808115005493164 1.37636840343475341797 -0.13639895617961880769 -1.25689899921417236328 1.77949869632720969470 -0.67792874574661254883 0.71581643819808959961 0.87692934274673461914 0.93688768148422241211 -1.32047700881958007812 0.62192755937576293945 0.57761710882186889648 1.32565808296203591077 0.15032732486724850740 1.43511235713958740234 -1.39638555049896240234 -1.58597505092620849609 -0.28268155455589288882 0.37990662455558771304 -1.14052915573120117188 1.28997910022735595703 -1.32833969593048095703 0.41868662834167480469 -1.32329332828521728516 0.61058127880096435547 0.89631974697113037109 1.76171922683715820312 1.29607105255126953125 -0.64281195402145385742 0.75025981664657592773 -1.17822515964508056641 0.23145379126071929932 1.56431031227111816406 0.90762192010879516602 0.73588931560516357422 1.20811462402343750000 1.37884986400604248047 1.27148568630218505859 0.12829884886741629857 0.22707100212573999576
0.05796651542186730122 -0.72687554359436035156 -0.25137582421302789859 -1.41098725795745849609 -0.41177916526794428043 1.48756074905395507812 0.21838440001010889224 -1.45998752117156982422 -0.24699734151363370027 -0.32650846242904657535 -0.37340652942657470703 1.67263662815093994141 0.20728434622287750244 1.64521265029907248767 1.59190762042999289783 -1.10642099380493164062 -0.07845924794673919678 0.21675269305706018619 0.57113569974899291992 0.27687606215476989746 -1.17130744457244873047 0.68462765216827392578 0.95576077699661243781 0.64741635322570800781 0.71431404352188110352 0.41054406762123107910 0.37726718187332147769 -0.48838239908218378238 -0.50193649530410766602 0.90532469749450683594 0.68017834424972534180 1.33293318748474121094 -0.81169253587722778320 1.46814334392547607422 -0.72916173934936523438 1.20167422294616699219 1.53248441219329833984 0.50371563434600830078 0.25915130972862238101 -0.61885929107666015625 0.09959907829761499576 0.43626213073730468750 1.60558569431304909436 -1.10073685646057128906 -0.33573523163795471191 1.50249004364013671875 1.22532510757446289062 0.68339496850967407227 -0.75232708454132080078 -1.38127565383911110608 0.42277744412422180176
-0.14409354329109189119 -1.01695239543914794922 -0.70384192466735839844 0.63379287719726562500 -0.69722920656204223633 -0.59805971384048461914 1.72901344299316406250 -1.06631994247436523438 -1.20745003223419189453 -0.94246500730514515265 -0.50148051977157592773 0.32581919431686401367 -0.10589438676834099506 0.37038087844848627261 0.92759585380554199219 -1.46132516860961914062 -0.00499690836295480032 -0.22189818322658538818 -1.70221233367919921875 -0.12001872062683099918 0.69682949781417846680 -1.37646734714508056641 -1.34469199180603049548 -1.15678894519805908203 -0.61519670486450195312 -1.66484248638153076172 -0.47537645697593688965 -1.39082872867584250720 0.84188914299011230469 -1.05785715579986550061 1.08148658275604248047 -0.71142572164535522461 0.24762988090515131168 -1.35688138008117675781 1.32475161552429199219 1.62648141384124755859 -0.20933414995670310277 -0.60692197084426879883 -0.98137557506561279297 -0.02740470506250849980 -0.16843549907207489014 -0.27524724602699279785 -1.34414017200469970703 0.14075863361358639803 -0.02593331784009930002 -1.25514554977416992188 -1.13053357601165749280 0.93382471799850463867 1.33163285255432128906 -0.93082648515701282843 0.91032963991165161133
1.67241966724395751953 1.57331085205078125000 -1.06723904609680175781 -1.48185420036315917969 -0.83136856555938720703 0.36699882149696350098 -0.12663923203945159912 1.32965779304504394531 -1.08142733573913552014 -0.13909661769866940584 0.27729004621505737305 -1.52280294895172119141 1.44801521301269509046 -1.61293053627014160156 -0.69367170333862304688 -0.78454858064651489258 1.57481479644775390625 1.26937031745910644531 0.37127169966697687320 1.34942567348480224609 -0.95480251312255859375 1.57346725463867209704 -1.61359810829162597656 -1.50095450878143310547 1.12231016159057617188 1.28342115879058837891 1.23734962940216064453 -0.83770239353179931641 1.20730531215667724609 -0.63403230905532836914 0.40693873167037958316 0.19616283476352688875 1.06335711479186989514 -0.71372503042221069336 -1.16795158386230490954 -0.67325395345687866211 0.96130198240280162469 -0.33768370747566217593 0.65441083908081054688 0.49237707257270807437 -0.74907141923904418945 0.07477600127458569612 -0.25286531448364257812 -0.38788005709648132324 1.53006136417388916016 -0.97490483522415161133 1.00917708873748779297 0.52052038908004760742 -0.77512383460998535156 -0.39020046591758728027 0.32342079281806940250
1.49370491504669189453 1.26260268688201904297 2.56025600433349609375 1.86451554298400878906 2.69984078407287597656 0.74191683530807495117 -0.91149812936782836914 -1.44985234737396240234 -0.94757616519927978516 0.80342549085617065430 -0.50366419553756713867 -0.50248134136199951172 0.32526412606239318848 -0.67753189802169799805 1.37563693523406982422 -0.14244098961353299226 -0.52750986814498901367 -0.20400829613208770752 -0.19589145481586450748 0.88200759887695312500 1.08152055740356445312 -0.29438287019729608707 0.78279000520706176758 1.63340115547180175781 0.96137338876724243164 -0.61130696535110473633 -0.09467579424381250552 -0.80390268564224243164 -1.52775704860687255859 1.76991915702819824219 -1.37412035465240478516 -0.95629501342773437500 1.07554864883422829358 -1.51889085769653320312 -0.51288843154907226562 0.30442717671394348145 1.04479432106018088611 -0.40851128101348871402 -1.07079339027404807361 -0.17276696860790249910 1.44628274440765380859 0.02483112178742880038 0.00584384426474570014 -0.61387634277343750000 1.53900861740112304688 1.21712553501129150391 1.39179730415344238281 0.40486115217208862305 0.41482520103454589844 0.07590734958648680253 1.40604054927825927734
2.29743027687072753906 1.68557524681091308594 2.49460124969482421875 1.84784734249114990234 3.82054305076599121094 1.11040592193603515625 -0.09920185059309000186 -1.10858750343322753906 1.18579220771789550781 -1.20167005062103271484 -0.85283064842224121094 1.06337988376617431641 0.66530662775039672852 -0.59811967611312866211 -1.24957132339477539062 -0.90760320425033558234 -1.70816040039062500000 -0.20818777382373809814 0.31132739782333368472 0.31142729520797729492 0.95839869976043701172 0.59387701749801635742 -0.01795257255434989929 0.42188137769699091129 1.60083103179931640625 0.14504650235176080875 1.67353558540344238281 -1.24397206306457519531 0.93789219856262195929 -0.22932146489620208740 0.13461394608020779695 1.56121075153350830078 0.72664010524749755859 -0.47535964846611017398 -0.18386632204055780582 0.20098717510700220279 -1.07585680484771728516 1.15933632850646950452 -1.18610358238220192639 0.89053726196289062500 -0.28180870413780212402 -1.70164346694946289062 -0.84436058998107910156 -1.02302467823028564453 0.09887716919183729691 -1.65842247009277343750 -0.31492769718170160465 1.60403370857238769531 -0.85276192426681518555 -0.60879313945770263672 2.14723730087280273438
-0.75936228036880493164 -0.64959764480590820312 -0.99716192483901977539 0.10255704075098029393 -1.26045119762420632092 0.49086081981658929996 1.25375819206237792969 1.21777832508087158203 -1.60614824295043967517 -0.63519632816314697266 -1.03373968601226806641 -0.08801302313804619526 1.17225027084350608142 1.20738315582275390625 -1.20870745182037353516 -0.64180457592010498047 -0.73073464632034301758 -1.56129229068756103516 1.43045949935913085938 0.34502828121185302734 0.18138018250465390291 -0.24039870500564569644 1.25671362876892089844 0.64632838964462280273 -0.92039316892623901367 -0.76869928836822509766 0.54537439346313476562 0.77618986368179321289 -0.02477547712624069906 1.08338844776153564453 1.34152925014495849609 -1.27877414226531982422 -0.40009844303131097965 -0.36637759208679199219 -0.43368405103683471680 -0.45114338397979730777 -0.15801115334033960513 -0.23541158437728879060 1.14106070995330810547 -0.89229935407638549805 -0.29749304056167602539 1.57159018516540527344 -1.30177295207977294922 -1.20015990734100341797 -1.04067933559417724609 1.45194995403289794922 -0.65954083204269409180 -0.26522883772850031070 0.24517838656902310457 0.73849105834960937500 0.64053219556808471680
-1.30386090278625488281 -0.57691460847854614258 0.21818676590919489078 0.68817055225372314453 -0.32926249504089349918 1.61860537528991699219 -1.49115085601806640625 0.98024964332580555304 -0.47816973924636840820 0.52817565202713012695 1.67557895183563232422 0.62818998098373413086 1.03522408008575439453 0.32016041874885559082 -0.14771723747253409642 1.43932306766510009766 -0.79357337951660156250 -1.08971619606018088611 1.13374674320220969470 1.00708639621734619141 -0.59914231300354003906 1.33520328998565673828 0.16800789535045621004 1.12317955493927001953 -0.53600543737411499023 0.96728569269180297852 -0.52911138534545898438 0.09413688629865639423 0.33287379145622247867 -0.67670112848281860352 -1.30600249767303489001 -1.68997693061828591077 -1.33340740203857421875 0.51464110612869262695 -0.25446578860282897949 -0.25514784455299377441 -0.32869169116020202637 0.83102005720138549805 -1.18832445144653320312 0.68938171863555908203 -0.63561123609542846680 -0.92237156629562377930 0.11189506202936169710 0.49538409709930419922 -1.58147978782653808594 1.37023186683654807361 0.52463769912719726562 1.66858196258544921875 0.58752286434173583984 0.92834806442260742188 -0.05319972336292259907
-0.04734343662858000318 0.24400503933429709691 0.92875337600707996710 0.72251027822494506836 0.61083942651748657227 -0.33306959271430969238 -1.37426662445068359375 -0.25720009207725519351 0.86361545324325561523 1.61736297607421875000 0.76921480894088745117 1.10927915573120117188 0.01979206874966620011 -1.49270558357238769531 -0.60299134254455566406 0.57819664478302001953 1.07892525196075439453 1.13337814807891845703 0.87886327505111694336 1.27762007713317871094 -0.23295326530933380127 0.61464881896972656250 -0.04000600054860110194 1.34811151027679443359 -0.24152556061744689941 -0.53698664903640747070 -0.53734958171844482422 -1.52185463905334472656 0.73858308792114257812 0.63636332750320434570 1.26391971111297607422 0.33341655135154718570 -1.55268681049346923828 0.99208027124404918329 -1.03568935394287109375 1.07076144218444824219 -1.74535024166107177734 0.90736657381057739258 -1.25873565673828125000 1.33593213558197021484 1.21639800071716308594 0.86996799707412719727 -1.32415676116943359375 -1.49966955184936523438 0.55478620529174804688 -0.99921840429306041376 -0.32107526063919067383 -1.36104762554168701172 1.01124095916748046875 1.46391916275024391858 0.47859826683998107910
0.82411193847656250000 1.76718473434448242188 -0.91702258586883544922 -1.65172934532165527344 -0.72017604112625122070 0.36838036775588989258 -0.08582423627376549458 -0.26944661140441888980 0.76468002796173095703 0.13114574551582330875 -0.76012706756591796875 -0.06453943252563469624 1.46957385540008544922 -0.77498537302017211914 -1.19772112369537353516 -0.43311715126037597656 -0.30895018577575678043 0.65117043256759643555 -1.29344844818115234375 -0.82894790172576904297 1.55725455284118630139 0.67793369293212890625 -1.23316025733947753906 0.69051730632781982422 -1.53615880012512207031 -1.57559490203857421875 0.42691105604171747379 0.81567960977554321289 -1.70048320293426513672 0.47250178456306457520 -1.34503185749053955078 0.80560624599456787109 -1.16642355918884277344 -1.59407532215118408203 -1.15585422515869140625 0.50431358814239501953 -1.44763708114624023438 1.37516939640045166016 1.12109684944152832031 0.52132993936538696289 -0.81701064109802246094 0.15916885435581198949 -1.46731221675872802734 -0.73737615346908569336 -1.53333103656768798828 1.01696395874023437500 0.41807287931442260742 -1.50330102443695090564 1.08279335498809792249 -0.36330997943878168277 -1.12142968177795410156
1.27090394496917724609 0.66471207141876220703 0.11597067117691040039 0.58725136518478393555 0.27447387576103210449 -0.54008936882019042969 -1.03248977661132790296 -1.40416181087493896484 -0.03520876541733739679 0.67788606882095336914 0.92910200357437122687 1.22597467899322509766 -0.51723897457122802734 0.09816015511751169376 -0.99883955717086803094 -0.13534264266490930728 -0.39677822589874267578 -1.18868553638458229749 -0.29583108425140380859 1.61595535278320312500 -0.16503164172172540836 -1.53675520420074462891 -0.97236317396163940430 -0.35397705435752868652 0.48798018693923950195 -1.09027838706970192639 -1.06505167484283447266 0.53359341621398925781 -0.52332079410552978516 -1.34407198429107688220 -1.66576015949249289783 -1.43991398811340309827 0.95383459329605102539 -0.84458661079406738281 -0.69009208679199218750 -1.67437088489532470703 -1.09751844406127929688 1.38982534408569335938 -0.39310717582702631168 0.94191420078277598993 -0.79932940006256103516 0.55762928724288940430 0.86778879165649414062 0.56883770227432250977 -1.35228180885314941406 0.76565003395080566406 -0.57988959550857543945 -0.06153146550059310216 -0.11640060693025580663 -0.85583674907684326172 -1.72752702236175537109
-0.15239772200584408846 -0.02814414352178570139 -0.38652640581130981445 0.45705524086952209473 -0.36013102531433099918 1.44620513916015625000 0.86778634786605834961 0.86041456460952758789 0.05704991891980169816 -1.26860344409942649158 0.92341345548629760742 -0.34409978985786437988 -1.62552666664123535156 -0.67983955144882202148 -0.55862683057785034180 1.11794543266296408923 1.37440633773803710938 0.06941387057304379549 -1.43301415443420410156 -0.27329707145690917969 -0.38238984346389770508 -0.34403020143508911133 0.36370563507080078125 1.69488525390625000000 -0.91818714141845703125 1.65068149566650390625 -1.13370406627655029297 1.21719551086425781250 1.07974708080291770251 1.13575077056884765625 -0.05059425160288810036 1.63522362709045410156 0.52113890647888183594 0.57944005727767944336 -0.04271610453724859757 -1.65061044692993164062 -1.17434751987457275391 -0.17369204759597769994 -0.94815403223037719727 1.10746884346008300781 1.56489610671997070312 0.29054158926010131836 -1.32439744472503662109 0.70392239093780517578 -1.61443245410919189453 -0.10189452767372129960 0.46771588921546930484 0.51919269561767578125 0.84090924263000488281 -0.46698516607284540347 0.85947346687316894531
-1.08871400356292724609 -1.10872995853424072266 0.26695400476455688477 1.54082465171813964844 -0.21351617574691769685 -0.86346864700317382812 1.69538164138793967517 1.35746765136718750000 -1.17451477050781250000 -0.01666239276528350133 -1.44104743003845192639 0.03056950308382510098 0.14758697152137750797 0.37425887584686279297 1.47424030303955078125 -0.76050668954849243164 -0.22777420282363888826 1.31799185276031494141 -1.32436251640319824219 1.44819581508636474609 -0.59975415468215942383 -0.93374115228652965204 1.62440288066863991467 0.39663228392601007632 0.03252169489860529811 0.52706348896026611328 -0.44332385063171381168 -0.56628751754760742188 0.83481585979461669922 1.31977844238281250000 -1.23040544986724831311 -0.58782398700714111328 1.15815973281860351562 -1.03302896022796630859 0.87512171268463134766 0.82901185750961303711 0.18362182378768920898 0.29521641135215759277 -0.54426461458206176758 0.77751523256301879883 0.08184963464736930150 1.01981091499328591077 -1.20397329330444335938 1.45918941497802712171 -1.42670893669128417969 -1.62698304653167724609 0.23299694061279291324 -1.59345185756683349609 1.26228070259094238281 -0.75163412094116210938 0.15158621966838831119
0.36422130465507507324 1.03836154937744140625 1.14207291603088378906 0.19385185837745660953 0.45755627751350397281 0.37863042950630187988 -0.67884635925292968750 1.36395764350891113281 0.77598482370376586914 1.00019621849060058594 -1.63889801502227783203 -1.03629624843597389905 -1.26130378246307350842 0.06172367185354230013 1.67236888408660888672 -0.13654492795467371158 -1.25737750530242919922 -0.99889677762985240594 1.62000012397766113281 1.65358591079711914062 0.11110302805900569567 -0.97883504629135120734 1.57242941856384277344 -1.43564832210540749280 -0.99899619817733764648 -0.38483598828315729312 -1.52671802043914794922 0.53383600711822509766 1.29037165641784690173 -0.44974368810653680972 -1.07380652427673339844 0.55320608615875244141 0.82012009620666503906 0.31260615587234491519 -0.89688944816589355469 -0.84440404176712036133 1.28260648250579833984 0.67812711000442504883 0.58991718292236328125 0.95242291688919078485 -0.13413514196872711182 0.09401287883520119404 0.35642015933990478516 1.09824335575103759766 1.73909437656402610095 -0.08402580767869949341 -0.41476041078567499332 -0.78825271129608154297 -1.21890556812286376953 -1.30214452743530273438 -1.61784946918487571033
-0.52090662717819213867 -0.70696628093719482422 0.10639318078756329622 0.84966659545898437500 -0.01598275080323209932 -0.23625198006629941072 -1.03086960315704367908 -0.03557855263352389941 -0.87684267759323120117 0.38202595710754388980 -0.45912519097328180484 -0.36729046702384948730 0.18698264658451080322 1.05237555503845192639 1.09700214862823486328 -1.27892339229583740234 1.00613892078399658203 -0.62068021297454833984 -0.03580524399876589686 1.31208968162536621094 -0.08353069424629210038 0.74421161413192749023 -1.05300593376159690173 -1.16652297973632790296 -0.00825890526175489942 -0.81809252500534057617 1.35398256778717041016 0.74301606416702270508 1.31577229499816894531 -1.70854818820953369141 0.90686744451522838251 0.89634817838668823242 0.85096704959869384766 -1.63739788532257080078 0.38999775052070617676 0.73663914203643798828 0.13723812997341150455 -0.11523360013961790604 -0.85626000165939331055 1.64015674591064430921 0.51238328218460083008 -0.89096504449844360352 -1.41391050815582275391 0.89546501636505126953 1.34029448032379150391 1.15833735466003417969 -0.17373800277709960938 -0.41972023248672479800 -1.25543665885925292969 -1.26391685009002685547 0.45447874069213861636
0.09767976403236379446 0.85210108757019042969 0.61773401498794555664 0.24108791351318359375 -0.06384191662073129825 -1.45550954341888449939 0.78400754928588867188 0.05589142441749569978 1.68267333507537841797 0.95355176925659179688 -0.60409969091415405273 -0.92529672384262084961 -0.64718586206436157227 0.37105751037597650699 -0.16792176663875579834 1.06767511367797829358 1.38974690437316894531 0.85669952630996704102 0.99588549137115478516 -0.29210942983627319336 -1.39410436153411887439 1.67744314670562744141 0.64299094676971435547 -0.07111277431249610204 -0.70795863866806030273 0.94731092453002918585 1.03371155261993408203 1.40702795982360839844 -0.24662300944328299779 -1.59044051170349121094 -0.39917519688606262207 1.45899415016174316406 1.55370366573333740234 -0.99604028463363636359 -0.54638367891311645508 1.48125302791595458984 -1.37844300270080566406 -0.69434642791748046875 1.43732345104217529297 -0.54089486598968505859 -1.77090251445770263672 0.37342995405197138004 0.54474335908889770508 1.49478828907012939453 0.03844190016388889658 -1.05398428440093994141 -0.85630971193313598633 -1.55838584899902343750 1.24020242691040039062 0.94310230016708362921 -1.19844734668731689453
-0.09863656014204019717 -0.49811521172523498535 -0.86737072467803955078 0.41509470343589782715 -0.70177114009857177734 -1.15508675575256369861 -0.96860182285308837891 0.95876222848892200812 0.08996534347534179688 1.16038322448730490954 0.00471633579581970039 0.32888826727867120914 -0.33416619896888727359 1.54060316085815429688 1.27140343189239501953 -0.68814742565155029297 0.49302282929420471191 0.28851222991943359375 -0.48674815893173217773 1.18257510662078857422 -0.45045590400695800781 1.59062421321868896484 1.32625210285186767578 0.01943148672580709974 1.28595530986785888672 -0.98395532369613636359 -1.04968225955963112561 0.17213104665279380101 0.44526478648185729980 0.96633172035217285156 -0.11793082207441329956 1.51613914966583229749 -1.45090711116790749280 0.54587101936340332031 0.60230976343154907227 -0.56068915128707885742 1.41053807735443115234 -0.03674416244029989759 1.44598865509033203125 -1.30217242240905761719 -0.13970316946506500244 0.52146035432815551758 1.50563836097717285156 -0.98491078615188598633 0.55715250968933105469 1.35862624645233154297 -1.33324515819549560547 1.15823328495025634766 0.42639112472534179688 1.67673850059509277344 0.79608678817749023438
-0.50912225246429443359 -0.41770297288894647769 -0.40549463033676147461 -0.39099240303039550781 -0.23469987511634821109 1.68985724449157714844 1.01560056209564208984 -1.48136281967163085938 -0.45128244161605829410 -1.11948430538177490234 1.55868124961853049548 1.04521679878234863281 -1.38871467113494873047 0.53373008966445922852 0.18161456286907190494 -0.87970471382141113281 -1.27331292629241943359 -1.14689433574676513672 -1.64385163784027099609 -1.59489691257476806641 -0.12715515494346618652 -0.68479275703430175781 1.74588680267333984375 -0.77082830667495727539 0.14627377688884729556 1.19753384590148925781 -0.56464928388595581055 -1.52086639404296875000 -1.62494826316833496094 -0.87489426136016845703 1.33647763729095458984 -0.97684192657470703125 0.26593890786170959473 -0.02551268972456450027 0.73815697431564331055 1.59526395797729492188 -1.01918745040893554688 0.08841222524642940173 -0.31704661250114440918 0.66795116662979125977 -1.24541854858398437500 -0.31051838397979730777 -0.85497939586639404297 0.65866768360137939453 1.25250637531280517578 -0.68345695734024047852 -1.27925038337707519531 -1.15604114532470703125 0.16853317618370050601 -0.88603371381759643555 0.42724153399467468262
-1.01395094394683837891 -0.44916456937789911441 -1.04958534240722656250 -0.24289059638977050781 -0.56507760286331176758 -0.00552153214812269987 -0.61304688453674316406 1.53908646106719970703 -0.40043428540229797363 1.36083245277404807361 -0.19789209961891168765 0.17285028100013730135 -0.59814774990081787109 1.62241697311401367188 -0.09254097938537589330 1.35474205017089843750 1.57243144512176513672 -1.02923965454101562500 -1.53623998165130615234 0.29688227176666259766 -0.33579319715499877930 0.66040396690368652344 0.55121153593063354492 -0.48344099521636957340 1.39987587928771950452 -0.91007858514785755499 0.24024790525436401367 0.96725666522979736328 -0.47367975115776062012 -1.66123223304748535156 0.31280636787414550781 0.72796714305877685547 -1.39398849010467529297 -0.06114942207932470147 -0.86945146322250366211 1.72400546073913552014 0.05125561729073520312 -1.24465489387512207031 1.48086965084075927734 1.15849447250366210938 0.81465965509414672852 -1.38255095481872558594 0.94275689125061035156 -0.16555383801460260562 0.24090829491615289859 -0.68760877847671508789 -0.88380992412567138672 1.72181880474090576172 0.18821872770786279849 1.06171381473541259766 0.63098144531250000000
0.04671053960919380188 -0.41945564746856689453 0.42998546361923217773 1.75270020961761474609 0.16376428306102749910 0.05031849443912499859 1.18129944801330566406 0.61241298913955688477 -0.51354670524597167969 -0.17503274977207181062 1.07924664020538330078 -1.25121963024139404297 0.18055252730846399478 1.07608497142791770251 1.07637691497802712171 1.19361984729766845703 0.67502123117446899414 0.36446109414100641422 1.61719906330108642578 -1.58820152282714843750 -0.62214362621307373047 -1.14093577861785888672 -1.15697467327117919922 -1.35350441932678222656 -1.55243849754333496094 1.31496465206146240234 -1.08097124099731445312 -0.19696739315986630525 1.54851078987121582031 1.77899670600891113281 0.81414276361465454102 0.73154854774475097656 -0.62023794651031494141 -0.95958876609802234992 0.59674042463302612305 1.20057654380798339844 -0.55333930253982543945 -0.80791121721267700195 -0.95056354999542236328 -0.81195867061614990234 0.55943053960800170898 0.23450244963169089574 0.64829277992248535156 -0.71444004774093627930 -0.00776620674878349994 1.24466061592102050781 0.86784666776657104492 0.23756018280982971191 -0.91950446367263805048 0.60408669710159301758 1.55893528461456298828
0.92312216758728038446 1.76195096969604492188 -0.06153846532106389822 -0.88096791505813598633 0.11185879260301589966 1.19647359848022460938 -0.85612624883651733398 1.48843705654144287109 0.40825605392456049136 0.93635118007659923212 -0.57568019628524780273 0.39660948514938348941 -0.10124780982732770052 1.58900666236877441406 1.67196977138519287109 -0.90286207199096679688 0.03360436856746670115 0.58566534519195556641 0.45155340433120727539 0.85550630092620849609 0.27579563856124877930 0.06903583556413650513 0.05463151633739470048 1.08946776390075683594 -0.11458969861268990253 -0.09085459262132640490 1.58629715442657470703 -1.63932096958160400391 0.70682555437088012695 0.07360950112342830309 1.24254250526428222656 -0.46357259154319757632 -1.27355957031250000000 1.24576425552368164062 0.96756631135940562860 -0.99083477258682239874 -0.16247288882732391357 1.07350420951843261719 0.38737288117408752441 1.40604865550994873047 0.87506145238876342773 0.34155479073524469547 0.69393670558929443359 -0.77487742900848388672 0.15244005620479580965 1.25872910022735595703 -1.31658267974853515625 1.44894337654113769531 1.67489135265350341797 -0.59035867452621459961 -0.83847999572753906250
1.97705745697021484375 1.46267461776733398438 -0.23304474353790280428 -0.44561251997947687320 0.01522840186953539933 -0.00860117375850670031 1.08664989471435569079 1.28725254535675048828 -0.74553114175796508789 -1.07930278778076149671 -1.31032133102416992188 0.00568788638338440025 -0.78151887655258178711 -1.29582822322845458984 0.24596647918224329166 -1.43033659458160400391 1.15890741348266601562 -0.02922484278678889880 0.86458474397659301758 -0.43774709105491638184 -0.41545838117599487305 -1.44715893268585205078 -0.54822522401809692383 1.41036975383758544922 -1.64489877223968505859 -0.36721420288085937500 1.12688684463500976562 0.36752364039421081543 1.31855332851409912109 0.92954957485198963507 1.17365312576293967517 -1.51234686374664306641 0.36394888162612909488 -0.63902795314788818359 -0.54846483469009399414 -1.35203981399536110608 -1.01384830474853515625 -1.53759562969207763672 0.44393235445022577457 1.54489493370056152344 -0.65450483560562133789 -0.81619900465011596680 -0.98871505260467518195 1.02362394332885742188 -0.15253241360187530518 -1.27999734878540039062 0.27273106575012201480 1.13264358043670632092 1.12215220928192138672 0.14649496972560879793 0.63687926530838012695
-0.32447797060012817383 0.21850326657295218724 0.76666426658630371094 1.83054649829864501953 0.16071513295173639468 1.14340126514434792249 0.71990758180618286133 0.48371952772140497379 0.38701155781745910645 0.54161208868026733398 -0.69897323846817016602 0.28352731466293329410 -1.11866295337677001953 -0.68807071447372436523 0.52497828006744384766 0.06861424446105950092 0.31711444258689880371 1.33645308017730712891 0.08578434586524960603 -0.71143633127212524414 -0.56488215923309326172 0.53259575366973876953 1.67387235164642311780 -0.52632158994674682617 -0.52605777978897094727 0.30209347605705261230 -0.12269289046525949649 -0.90211623907089244501 0.11293624341487880358 -0.47990149259567260742 1.66941761970520019531 -0.32311990857124328613 1.58464038372039794922 -1.64847993850708007812 0.59574776887893676758 -1.16004955768585205078 -0.45495355129241937808 -0.59414404630661010742 -0.67754793167114257812 0.72121548652648925781 -0.65063351392745971680 0.86125838756561279297 -1.63436365127563476562 -0.84356164932250976562 0.86420977115631103516 0.39029243588447570801 -1.23808503150939941406 -0.14366155862808219212 -1.60600841045379638672 0.23209476470947260074 1.15906918048858642578
-0.95220959186553955078 -1.02034664154052712171 -0.34292864799499511719 0.55111783742904663086 -0.72960478067398071289 0.19646748900413510408 -0.50809836387634277344 1.50229263305664062500 1.37737131118774391858 0.97583478689193714484 -0.76602548360824584961 1.42715966701507568359 -1.51596045494079589844 -0.51227909326553344727 -0.91421043872833240851 0.17533905804157248753 -0.13159246742725369539 0.72689104080200195312 0.86505687236785888672 1.07096111774444580078 -1.61250305175781250000 0.22496053576469421387 -0.17884792387485501375 1.53287971019744873047 1.55662596225738525391 -1.49980986118316650391 -1.65224862098693847656 -0.47482410073280328922 -0.63647395372390747070 0.46007663011550897769 0.32933667302131647281 0.53944671154022216797 -1.64142453670501708984 0.71874427795410156250 1.09995388984680175781 -0.06504127383232109760 0.99147391319274902344 1.55175662040710449219 1.59973978996276855469 1.30731368064880371094 -1.71944272518157958984 1.17467927932739257812 0.36930412054061889648 -0.50392836332321166992 0.87839865684509277344 -0.55074238777160644531 -1.40113651752471923828 -1.46943998336791992188 0.73638355731964111328 0.79933983087539672852 0.18836469948291770238
0.75737488269805908203 1.50617313385009765625 -0.23690655827522269505 -1.13117384910583496094 -0.35881239175796508789 0.87965828180313110352 -1.01847040653228759766 -0.75463831424713134766 1.43701922893524169922 -0.96445965766906738281 -1.26669526100158691406 -1.69117200374603271484 0.38938412070274347476 1.16378152370452880859 0.02585560642182820057 -0.98597860336303722040 -0.90904915332794200555 -0.36658000946044921875 -0.20758448541164389867 -0.28103396296501159668 0.04707217216491690198 -1.59829831123352050781 -0.92291295528411876337 -0.31795880198478698730 1.57538175582885742188 1.34659051895141601562 -1.22605276107788085938 -1.66543734073638916016 -0.22908940911293029785 -0.54111558198928833008 -0.32706964015960687808 0.01713307574391359847 1.09180486202239990234 1.20065104961395263672 -0.84084510803222656250 1.69363403320312500000 -1.48016715049743630139 -0.66433519124984741211 1.22964811325073242188 -0.38107979297637939453 -0.98477548360824584961 -1.25245893001556396484 -0.44140526652336120605 0.26012161374092102051 -1.50063204765319824219 0.53102791309356689453 -0.14547173678874969482 1.38822853565216064453 -1.44355046749114990234 -0.83763653039932250977 -2.01711440086364746094
-0.04261668026447289898 0.86642724275588989258 1.44429624080657958984 1.41280150413513183594 0.89500832557678222656 1.51097142696380615234 0.84043228626251220703 1.01650404930114768298 -1.18076884746551513672 -0.70099318027496337891 0.62368613481521606445 -0.71132558584213256836 -1.52704524993896484375 1.16183817386627197266 -0.74471789598464965820 -1.21419537067413330078 -0.23842206597328180484 -0.44994923472404479980 -0.59388160705566406250 -1.34588181972503662109 1.04175555706024169922 -0.19156165421009060945 -0.41748699545860290527 -1.38411545753479003906 1.39919495582580566406 -1.78831863403320312500 1.28218352794647216797 0.13405379652976989746 -1.58985531330108642578 0.43597745895385742188 0.68580126762390136719 -0.12191805988550180606 -0.24102738499641410130 1.57595956325531005859 1.12409853935241699219 0.17451155185699460115 -0.99471193552017200812 1.42854213714599609375 -0.95789158344268798828 1.37925064563751220703 0.27392810583114618472 -1.31168520450592041016 -0.59178954362869262695 -1.40425086021423339844 0.63112688064575195312 1.58863306045532248767 -0.27595189213752741031 -1.43188691139221191406 -0.48600164055824279785 -1.47935879230499289783 -0.45445653796195978336
-1.24375438690185569079 -1.08296394348144509046 -1.17697548866271950452 -0.28735837340354919434 -0.79678422212600708008 -0.31672000885009760074 1.42418539524078369141 -0.66533631086349487305 -1.51563823223113991467 0.88476574420928955078 0.05330326035618779962 1.20587563514709472656 -0.92723858356475841180 0.65108031034469604492 -0.27518370747566217593 -1.39968395233154296875 0.68022525310516357422 1.39492785930633544922 -0.00654767826199529994 -0.60032469034194946289 -0.56622791290283203125 -0.96880388259887695312 0.79110556840896606445 -1.04587090015411376953 -1.42291796207427978516 1.67502653598785400391 -1.14862799644470192639 -1.52690267562866210938 -0.98489266633987437860 1.10352110862731911389 1.55738711357116699219 0.18301454186439511385 1.69329512119293190686 -0.32583814859390258789 0.85596060752868652344 -1.53679740428924560547 -1.37862646579742431641 1.04003787040710449219 0.25394988059997558594 -0.30390718579292297363 1.18744075298309326172 -1.12279510498046875000 1.05110406875610351562 -0.55428260564804077148 -0.18437613546848288792 0.30454939603805541992 0.70922797918319702148 -0.38785099983215332031 0.85857474803924560547 0.88608050346374511719 0.37714409828186029605
-0.13113458454608908910 -0.53881895542144775391 0.19777876138687131014 0.00467273918911810006 -0.05344213917851439732 -0.85642069578170776367 -0.62030321359634399414 0.54621511697769165039 -0.78732883930206298828 -0.53622871637344360352 1.70370924472808837891 -1.45682394504547119141 -0.40528795123100280762 -0.98397773504257202148 1.60903608798980712891 -1.27661705017089843750 -0.81113302707672119141 0.15567818284034729004 0.19219353795051569156 -0.86002248525619506836 1.24116504192352294922 1.15729629993438720703 1.32575571537017822266 0.77053594589233398438 0.96375894546508800165 0.79904115200042724609 1.61663544178009033203 -1.49434304237365722656 0.20150174200534820557 -1.09071469306945800781 -0.82813185453414916992 0.93773919343948364258 -0.79705387353897094727 1.23544538021087646484 1.11922872066497802734 -0.40430045127868652344 -1.27602994441986083984 -1.08898246288299560547 -1.14284479618072509766 -0.47634956240653991699 -0.49330902099609369449 0.74688017368316650391 -0.07772405445575709948 -0.91401296854019165039 0.99366742372512817383 1.41362023353576660156 1.45879459381103515625 1.01575875282287597656 0.47477036714553827457 -0.94973009824752796515 0.74421036243438720703
-1.14670622348785400391 -1.25138008594512939453 -0.16529202461242670230 1.31395912170410156250 -0.44680795073509210757 0.85368031263351440430 -0.66556084156036376953 0.91491937637329101562 0.07075636833906169543 -1.31712031364440917969 0.91469264030456542969 1.37338197231292724609 -1.25009810924530029297 0.25991412997245788574 1.45311975479125976562 1.76972019672393798828 1.35368096828460693359 -0.74119418859481811523 0.15644387900829309634 0.75181508064270019531 -0.46406611800193781070 -1.09967374801635742188 -1.16029334068298339844 0.25319293141365051270 -1.72126328945159912109 0.49417090415954589844 0.94613903760910045282 1.52250766754150390625 -0.90092772245407104492 0.29702469706535339355 -0.26978215575218200684 -0.61858773231506347656 0.64985811710357666016 1.53409683704376220703 1.15620720386505126953 0.60925012826919555664 1.54599928855895996094 -0.64520829916000366211 -0.51456999778747558594 0.39572718739509582520 0.51248705387115478516 0.78843277692794799805 1.82315456867217995374 0.11743593961000439729 0.11975560337305060643 -0.30031901597976679019 0.67137742042541503906 0.92537420988082874640 -1.45508873462677001953 0.75038504600524902344 0.07192540168762200092
-0.15897083282470700349 -0.70204144716262817383 0.11371993273496619481 0.23036493360996240787 -0.24345842003822321109 -0.47420516610145568848 0.91878849267959594727 -1.60166490077972389905 1.63208806514739990234 -0.48653855919837951660 -1.30634355545043967517 -0.31738796830177301578 -1.29921221733093261719 0.25901880860328668765 0.68989831209182739258 0.59894067049026489258 0.88211596012115478516 -0.78603982925415039062 0.01066144742071620070 1.58619964122772216797 1.16988337039947509766 0.27605885267257690430 1.14769053459167480469 -0.59719669818878173828 -0.74305742979049682617 -0.77913612127304077148 1.43458163738250710217 -1.04463255405426047595 1.29421806335449218750 -0.38474658131599420718 0.74460655450820922852 -0.41348358988761901855 0.56591999530792236328 -0.79261326789855957031 -1.44860374927520751953 -0.78982299566268920898 1.12956929206848144531 -1.06828868389129638672 0.10943535715341559666 -1.04955112934112571033 0.76687586307525634766 -1.17791795730590820312 0.19471314549446100406 0.57498514652252197266 -0.01622616499662389924 0.70299339294433593750 1.28842103481292724609 0.06880071759223929662 0.15738970041275018863 1.52532815933227539062 0.63921880722045898438
1.10148274898529030530 0.89522987604141235352 -0.15005418658256530762 -0.86312472820281982422 0.10424923151731489701 -1.42625916004180908203 0.64813256263732910156 0.40156945586204528809 -1.32425677776336669922 -1.18828630447387695312 0.35095089673995971680 -1.57264268398284912109 -0.02925729379057880053 -0.81034022569656372070 0.01731571555137630114 0.45177486538887018375 -1.57075572013854980469 -0.77164441347122192383 1.18764758110046408923 1.26802635192871093750 -0.12794378399848929662 1.70033621788024902344 1.73589015007019042969 -0.14861674606800079346 0.84721362590789794922 -1.40156555175781250000 -0.10146932303905480122 0.86519843339920043945 -0.92649477720260620117 1.81430685520172074732 1.26308572292327880859 0.12468879669904700536 -0.19286526739597320557 0.15624482929706570711 1.53574180603027343750 -1.67342329025268554688 1.50330889225006103516 -1.19586384296417236328 -1.03001022338867209704 1.17498815059661887439 -1.65926206111907958984 0.98279303312301635742 -1.07350313663482688220 0.53326690196990966797 0.55993306636810302734 -1.16919136047363281250 -0.16324162483215329256 -1.37678635120391845703 0.32108047604560852051 -0.88907414674758911133 -2.10184788703918501440
-0.48671826720237731934 -0.45703506469726562500 -0.18195559084415430240 -1.24681520462036110608 -0.18989682197570800781 1.11474537849426269531 0.61607342958450317383 -0.32171317934989929199 -1.33265554904937744141 -1.54223704338073730469 -1.26963472366333007812 1.16027200222015380859 -0.39379680156707758121 1.44471907615661621094 0.82149279117584228516 -0.84119355678558349609 0.20919497311115259341 0.16982138156890869141 0.78742510080337524414 -1.60304665565490722656 -1.40017104148864768298 0.71509248018264770508 -1.35237455368041992188 1.15375745296478271484 1.49246513843536376953 -0.10073307901620859317 0.59848189353942871094 0.46625679731369018555 0.03540898486971850306 -0.44970968365669250488 -1.63213598728179909436 -1.72021114826202392578 1.13052415847778320312 -1.47362649440765380859 -0.30035871267318720035 -1.37566304206848144531 -0.19185765087604519930 -0.46349018812179559879 1.03477132320404030530 -1.37813913822174072266 0.33313000202178949527 -1.55226004123687744141 0.67967462539672851562 -0.40785273909568781070 -1.17903006076812744141 -1.45651078224182128906 1.21123862266540527344 1.55167138576507568359 -1.03361284732818603516 -0.45595803856849670410 0.10795576125383370136
1.01363635063171408923 1.52350902557373046875 1.38241541385650634766 0.76744401454925537109 1.35039246082305908203 0.16825675964355468750 -1.27763533592224121094 1.56096208095550537109 1.17216348648071289062 0.34464240074157709293 -0.10877908021211619982 0.75498098134994506836 -1.67855465412139892578 -1.45037925243377685547 -0.84106391668319702148 1.41767573356628417969 -0.20158761739730829410 1.52695524692535400391 0.11927845329046249390 -1.26677286624908447266 1.51668202877044677734 -0.68785989284515380859 -0.68966597318649291992 0.18768067657947540283 0.07486875355243680086 -1.57604646682739257812 1.08023416996002197266 1.38535130023956298828 0.83136153221130371094 1.13895702362060569079 0.89671742916107177734 0.58984673023223876953 0.50993359088897705078 -0.40450942516326898746 -0.55002242326736450195 -0.73589575290679931641 0.84669899940490722656 -0.89359480142593383789 1.06475305557250976562 -0.40295276045799249820 -0.31613430380821228027 -1.50596463680267311780 -0.70846378803253173828 -0.94374001026153564453 -1.07756495475769042969 1.15701520442962646484 -0.09853664040565489335 0.18469710648059839420 0.10371848195791240343 -0.30845421552658081055 -0.22294540703296661377
-0.51194381713867187500 -1.20767104625701904297 -0.52712279558181762695 0.94133424758911121710 -0.43163627386093139648 -1.16931414604186989514 1.68954193592071510999 1.60341775417327880859 1.61383700370788552014 0.85953557491302490234 0.08591397851705549760 -1.62116479873657248767 1.46395194530487060547 1.49389684200286887439 -0.54248648881912231445 1.51673960685729980469 1.00386965274810791016 1.65519487857818603516 0.71290868520736694336 1.00499057769775390625 0.59339308738708496094 0.41869342327117919922 -1.54506731033325195312 0.14979366958141321353 -0.34985655546188348941 1.46028208732604980469 -1.64807319641113281250 0.69053018093109130859 -1.25228774547576904297 1.56399035453796408923 0.27925458550453180484 -0.41515418887138361148 -1.63322043418884277344 1.24932467937469482422 -0.72244495153427124023 -1.46554505825042724609 1.33644092082977294922 -1.56946599483489990234 -0.79673403501510620117 1.52208733558654807361 0.84757852554321289062 0.75872379541397094727 -0.85773950815200805664 -0.95141184329986561163 1.37769174575805664062 -0.34576475620269769840 -1.39374721050262428967 -0.54016858339309692383 -1.24198651313781738281 -1.45963919162750244141 0.31484678387641901187
0.00157051102723919996 0.06431803852319710468 -0.25288909673690790347 -1.08732533454895019531 -0.31310304999351501465 -0.19560557603836059570 0.90458256006240844727 -0.77064692974090576172 0.17297756671905509251 0.86853986978530883789 -1.77073335647583007812 1.18100535869598410876 -1.53441154956817649158 -0.39701253175735468082 -1.02104187011718750000 -0.45621284842491149902 -1.11396038532257080078 1.45141994953155517578 1.17411625385284423828 1.37710416316986083984 -0.99763286113739002570 0.51177930831909179688 -0.15146246552467340640 0.67765796184539794922 0.96159738302230834961 0.48749893903732299805 0.93477523326873779297 -1.38493955135345458984 1.63291347026824951172 -1.71003305912017822266 -0.22864389419555661287 0.17814153432846069336 1.29121422767639160156 1.44873237609863281250 -0.55591011047363281250 0.85830634832382202148 -1.23083031177520751953 -1.52518165111541770251 -1.57581174373626708984 -0.51770782470703125000 -1.43914604187011718750 0.01737934537231920068 -0.90945178270339954718 -1.26693558692932128906 0.01419191341847179932 -1.04933285713195800781 1.00633561611175537109 1.18025565147399902344 -1.06915068626403808594 -1.45155167579650878906 0.11588568985462180394
-0.50354260206222534180 0.41938737034797668457 -0.07323303073644629735 -0.75348347425460815430 -0.35968682169914240054 -1.01732456684112571033 0.03232673928141589770 -0.62866824865341186523 -0.07445546984672539448 0.01900433562695980072 0.62343990802764892578 1.08823144435882568359 0.92270302772521961554 0.23599523305892938785 0.43405619263648981265 0.11833307892084120316 -0.94176220893859863281 0.65993827581405639648 -1.47451317310333229749 0.57980352640151977539 -0.19987359642982480135 -1.33690798282623291016 0.07072690129280090332 -1.34523749351501464844 1.45008766651153564453 1.33773541450500488281 -1.12462174892425537109 -1.25999689102172829358 -0.94486397504806518555 0.50587183237075805664 -1.57438564300537109375 -0.66726958751678466797 0.27330401539802551270 1.68683207035064697266 -1.64085674285888671875 -0.97756248712539683954 -0.18368004262447348851 -1.41447317600250244141 1.33443295955657958984 -0.41132712364196777344 -0.99524444341659557001 1.25361108779907248767 -1.23409283161163330078 -1.74329507350921630859 1.76431560516357421875 1.08139050006866455078 -0.14719139039516448975 0.48454377055168151855 -1.55511379241943359375 1.65566217899322509766 0.37436974048614501953
0.94375771284103404657 1.64726865291595458984 2.65903162956237792969 1.61794710159301757812 2.48459029197692871094 -1.74451339244842529297 -0.63819766044616699219 1.65511906147003151624 0.04701438918709750087 -0.82437372207641601562 -0.84557676315307617188 -1.20329284667968750000 -1.38005805015563964844 1.41265320777893088611 1.00043547153472900391 1.60211479663848876953 0.07741769403219220247 0.10576701909303659610 -0.70389616489410400391 0.76845723390579223633 -1.29433667659759521484 -1.32419884204864501953 -1.21005737781524658203 -0.69441890716552734375 -1.68521487712860107422 1.55966436862945556641 1.41048681735992431641 -0.89521390199661254883 0.07802958786487579346 -0.13111032545566558838 -1.59097981452941894531 1.72001874446868896484 -0.51839601993560791016 -0.97819185256957996710 0.67680466175079345703 -0.84959864616394042969 -0.44064339995384210757 -1.55867469310760498047 -0.29922163486480707340 -1.16301274299621582031 1.27551984786987304688 1.56992840766906738281 0.19686245918273920230 -0.54436194896697998047 1.77304315567016601562 1.59821581840515136719 0.01009868271648880003 -1.32831180095672607422 -1.07457447052001953125 0.79438960552215576172 1.00822830200195312500
-1.25701546669006369861 -1.58798682689666770251 -0.70252996683120727539 -0.93120157718658436163 -0.58675962686538696289 1.27885925769805908203 -1.09644734859466552734 -1.20459234714508056641 -1.13344895839691162109 -1.27561414241790749280 -1.42230176925659179688 1.67875421047210693359 -0.74943989515304565430 -1.46806311607360839844 0.69336587190628051758 -0.19203509390354150943 -0.15016201138496398926 0.54874187707901000977 -1.21582484245300292969 1.57851123809814430921 1.08740460872650168689 -0.86567616462707519531 0.57601290941238403320 0.56568986177444458008 -0.69410681724548339844 0.81641227006912231445 0.55817300081253051758 -0.99462664127349842413 1.09305214881896950452 -0.88618707656860351562 1.17762303352355957031 -1.43084728717803955078 1.40294814109802246094 0.96945714950561523438 0.41152918338775629215 1.72479522228240966797 0.06027346849441519994 0.95959210395812999383 -0.52038699388504028320 -0.15363834798336029053 1.01759159564971923828 0.84159511327743530273 0.08160977065563200517 -1.33951652050018310547 -0.65263813734054565430 -0.55400651693344116211 1.11792314052581809314 0.31874907016754150391 -1.08103978633880615234 -1.17270112037658691406 -0.48627316951751708984
0.24079042673110959139 -0.01680932380259030079 -0.70780599117279052734 -0.15372447669506070222 -0.66279143095016479492 1.27576446533203125000 -1.04226934909820556641 -1.56905913352966308594 -0.84916508197784423828 1.67180824279785156250 1.15838932991027832031 -1.58998167514801047595 -1.61233723163604736328 1.20790934562683105469 -0.64733189344406127930 0.39647129178047180176 -0.82573962211608886719 0.72225260734558105469 1.41224253177642822266 -1.17867505550384521484 -0.31917428970336908511 0.29427593946456909180 1.05646526813507080078 0.92564165592193603516 -0.26589623093605041504 0.84326249361038208008 1.36224794387817382812 -0.40229302644729608707 0.68722450733184814453 -1.50069570541381835938 1.53234612941741943359 -0.57298773527145385742 -1.50214469432830810547 -1.07171225547790527344 -0.17583051323890680484 0.63465493917465209961 1.08495759963989257812 -0.02325672097504129926 -1.32479381561279296875 -0.18297496438026419896 -1.58987212181091308594 0.28546038269996637515 0.19113963842391959447 1.03127205371856689453 1.17873704433441162109 0.61188763380050659180 1.19504630565643310547 -0.77572590112686157227 0.54931020736694335938 -1.31819331645965576172 0.24840538203716269749
0.56887739896774291992 0.52366459369659423828 0.48166784644126892090 0.22824479639530179109 0.22010636329650878906 -0.11786755919456480546 -0.99721795320510864258 1.44597852230072021484 -0.10622400045394890522 0.28904411196708679199 -0.25397595763206481934 0.95605474710464477539 -0.78666585683822631836 -0.40848225355148309879 -0.37905213236808771304 1.59426856040954589844 -0.44098672270774841309 0.38360059261322021484 0.85248517990112304688 0.35565564036369318179 1.62560129165649391858 1.17982208728790283203 1.53929972648620605469 0.18147362768650049381 -1.40209317207336447986 0.61046564579010009766 0.72978430986404418945 1.65695631504058837891 -1.57003664970397949219 -1.31764721870422363281 -1.26138031482696510999 1.32538378238677978516 -0.05303878337144850297 0.58686095476150512695 -0.35567322373390197754 0.08573816716670989990 1.23698222637176513672 1.46308350563049316406 0.94983613491058360712 -0.20426343381404871158 -1.46638894081115722656 -1.24286603927612304688 -1.43573224544525168689 -1.11700832843780517578 0.25922417640686029605 0.46080499887466430664 0.14863497018814081363 -0.85117048025131225586 -1.06778550148010231702 -0.77724212408065795898 -1.40632355213165283203
-1.53227853775024391858 -1.31643187999725341797 -1.01192212104797363281 -0.47817537188529968262 -0.65436947345733642578 1.25774264335632324219 -0.31755840778350830078 -0.26541054248809808902 -0.11799380928277969360 0.54606634378433227539 -0.07960914820432660188 -0.05718908458948129825 0.84176468849182128906 -0.14130319654941558838 -1.38744390010833740234 0.76885974407196044922 -1.06237375736236550061 1.13153624534606911389 -1.78556096553802490234 0.85857230424880981445 -0.26653757691383361816 1.15937423706054687500 0.40810394287109369449 1.28049921989440917969 1.48793685436248779297 -0.58003491163253784180 -1.01706814765930175781 0.22286565601825711336 -0.22765609622001639623 1.42970645427703857422 -0.68842750787734985352 -1.44311261177063010486 -0.42314323782920837402 -0.34663027524948120117 -0.43514430522918701172 -0.45717594027519220523 -1.60161185264587402344 -0.85719591379165649414 -1.49112546443939208984 0.03978259116411200086 0.56088232994079589844 -0.37117803096771240234 1.48837494850158691406 0.03828696906566619873 0.92933046817779541016 0.85520732402801513672 -1.49221754074096679688 0.44139522314071649722 0.86039984226226806641 -1.56796944141387939453 -0.22771261632442468814
1.10204851627349831311 1.25900804996490478516 0.85716217756271362305 -0.01858549751341340150 1.26623713970184326172 0.90404778718948364258 0.30628049373626708984 -0.04579782858490939745 -1.34664165973663330078 -0.95117938518524158820 0.93118542432785045282 -0.03685348480939860255 -0.98318028450012195929 -1.21953117847442649158 -0.44945034384727478027 0.86892342567443847656 0.81615608930587768555 -0.98550015687942504883 0.18838560581207269840 -0.77663606405258178711 1.14988493919372558594 0.88772118091583251953 1.26702868938446044922 -0.76513451337814331055 1.27913999557495117188 -1.46198427677154541016 0.36436498165130609683 0.56034785509109497070 -0.02702002972364420108 1.48784935474395751953 1.28288340568542480469 0.54481053352355957031 1.67685699462890625000 1.29682564735412597656 -0.88161551952362060547 -0.75824743509292602539 -1.39880597591400168689 1.38450598716735839844 -0.07761973887681959672 0.50227594375610351562 -0.15251210331916809082 0.28663411736488342285 -1.00870335102081298828 1.28600895404815673828 1.00194728374481201172 -0.54800891876220703125 1.60813081264495849609 1.16996216773986816406 1.65802395343780517578 -0.96463143825530994757 -1.07204532623291015625
-1.40811884403228759766 -0.75638061761856079102 -0.04203451797366140191 0.28114026784896850586 -0.34883484244346618652 -1.63657140731811523438 -1.06994509696960449219 0.46942567825317377261 -0.85537493228912353516 -0.63356703519821166992 -0.88221788406372070312 -0.28835773468017578125 -0.04200452938675879738 0.36617100238800048828 0.43169802427291870117 -0.25006210803985590152 -1.57599413394927978516 -0.66022098064422607422 0.72076529264450073242 -1.24050438404083229749 -1.66184616088867209704 1.55622005462646484375 -1.27682089805603049548 1.60021364688873291016 0.34406384825706481934 0.80613404512405395508 -1.59729754924774169922 0.84813177585601806641 -1.27473556995391845703 0.89637494087219238281 0.98831796646118164062 -1.48527109622955322266 -0.13803626596927640047 0.46551275253295898438 -0.07780738919973370638 -0.46455124020576471500 -0.96342486143112182617 -0.92497307062149036749 1.47679686546325683594 0.47493126988410949707 -0.03973677009344100258 -1.24935555458068847656 -0.02062202058732499899 -0.62391906976699829102 -0.29831391572952270508 -0.49744841456413269043 0.77064263820648193359 -1.20609569549560569079 0.21795636415481559056 0.77475607395172119141 -0.20722916722297660130
0.76878803968429565430 0.70848727226257324219 1.20746040344238281250 0.57599496841430664062 1.30829834938049316406 -0.43146830797195429019 1.26372194290161110608 -1.43606996536254882812 0.99662059545516956671 -0.73312139511108398438 0.18025366961956018619 -0.99700057506561279297 0.55823057889938354492 1.08425331115722656250 -0.81905329227447509766 0.71011769771575927734 -1.03576624393463112561 -0.71410495042800903320 1.25044167041778564453 0.81535214185714721680 0.13844366371631619539 1.03128349781036376953 -0.00056022894568739999 -0.20253129303455350008 0.74447274208068847656 0.27733656764030450992 1.11041474342346191406 -0.12395659834146499634 -0.52461010217666625977 1.18323385715484619141 1.21968650817871093750 0.33022648096084589175 -0.75226271152496337891 -0.98096376657485961914 -0.25699043273925781250 -1.24169766902923583984 -1.10061943531036376953 -1.46845781803131103516 1.33248376846313476562 1.44437265396118164062 0.62578839063644409180 0.44359785318374628238 -0.59406870603561401367 1.00984215736389160156 -1.30203032493591308594 0.62224954366683959961 1.31426334381103515625 1.57873237133026123047 -0.45412689447402948550 1.50953769683837890625 -1.43005037307739257812
0.70389139652252197266 0.44860884547233581543 -0.38132441043853759766 -0.44539827108383178711 -0.49298295378684997559 1.30325448513031005859 -1.49249637126922607422 -0.23931643366813659668 1.19124615192413330078 1.73001265525817871094 1.23487389087677001953 1.29037177562713623047 0.53671914339065551758 0.55985480546951293945 1.60322570800781250000 -1.25193214416503906250 -1.67524325847625710217 1.56095135211944580078 -1.24661028385162353516 -0.67364478111267089844 -1.50131988525390625000 -0.03039368242025370162 -1.32694590091705322266 -0.74580508470535278320 1.22088444232940673828 -1.67479813098907470703 -1.34903085231781005859 -1.01272082328796408923 -0.99380719661712635382 -1.43359196186065673828 0.58041739463806152344 -1.21896040439605712891 0.78654140233993530273 0.90009611845016479492 -0.42246401309967041016 1.18715834617614768298 -0.02390697784721849961 -1.57765495777130126953 0.40078812837600708008 -1.30041837692260742188 0.37043136358261108398 1.60269355773925781250 1.20480084419250488281 1.02624809741973876953 -0.61869132518768310547 -0.36572447419166559390 0.36428812146186828613 -0.62276655435562133789 -1.28387272357940673828 0.30429190397262567691 -1.67841374874114990234
-0.90713071823120117188 -1.57971405982971191406 -1.51260745525360107422 -0.70580333471298217773 -0.85342675447463989258 -1.33675014972686767578 0.81932044029235839844 -0.46158125996589660645 -0.76455050706863403320 -1.18043553829193115234 -0.32025006413459777832 0.43043029308319091797 1.32223725318908691406 -1.21065044403076149671 0.01198209729045619960 -0.22810569405555719547 1.65872895717620849609 0.76765364408493041992 -1.21003735065460205078 1.38836455345153808594 -1.05993413925170898438 1.08389079570770263672 0.35037109255790710449 -1.19254636764526367188 -0.97129637002944957391 -0.68860048055648803711 -1.65420734882354736328 1.27298390865325927734 0.16608047485351559724 -1.05597293376922607422 -1.09659385681152343750 1.32549285888671875000 0.01254823617637149981 1.01613521575927712171 0.92952632904052723273 -0.86827778816223144531 -1.06846237182617209704 -0.24950379133224478978 0.97608834505081176758 -0.32761120796203607730 -1.16691625118255615234 -1.22451901435852050781 0.99250042438507080078 -1.70119547843933105469 0.16496406495571130923 1.42693066596984863281 0.30115211009979248047 -1.53898191452026367188 -1.28918194770813010486 -0.90952402353286743164 -0.19574642181396478824
-0.58669835329055786133 -0.91857069730758678094 -1.18866038322448730469 -0.08271414041519159488 -0.97597479820251464844 -1.12619698047637939453 0.60176944732666015625 -0.59408432245254516602 -0.22897076606750479955 0.95670104026794444696 0.11402910202741620149 1.11782956123352050781 -0.78987169265747070312 -0.78284287452697753906 -0.54691189527511596680 -0.34948986768722528629 -1.71154069900512695312 1.71113240718841552734 -1.46356904506683349609 0.89052748680114746094 -1.13574802875518798828 1.37497138977050781250 0.14498627185821530428 1.57335841655731201172 0.53373211622238159180 -1.26518273353576660156 -0.91191345453262317999 0.49614500999450678043 -0.20748208463191980533 -0.88839620351791381836 -0.98004853725433360712 1.70560395717620849609 0.26691955327987670898 1.44032728672027610095 0.46295866370201110840 0.32569476962089538574 -1.70955181121826149671 0.18602484464645380191 -0.11469329148530960083 -1.18150043487548850329 0.14223977923393249512 0.77472078800201416016 0.00081372662680219995 0.74011957645416259766 1.64097094535827636719 -1.24340999126434326172 -0.23252074420452109593 0.68848383426666259766 1.33189284801483154297 0.07855497300624840473 0.40409666299819940738
0.46922776103019708804 0.45483908057212829590 -1.74086034297943115234 -1.62794339656829833984 -1.27300274372100830078 -0.58127981424331665039 1.03705215454101562500 -0.85800445079803466797 -1.09374904632568359375 -0.58298397064208984375 0.91488760709762562140 0.32274636626243591309 -1.13407528400421142578 0.96060311794280994757 -1.03197455406188964844 -1.42165434360504150391 -0.13386902213096618652 -1.07891070842742919922 0.31657686829566950015 1.00943648815155029297 -1.52618098258972167969 1.59796679019927978516 0.19498586654663080386 0.50032287836074829102 1.14429283142089843750 0.51878488063812255859 -0.80257171392440795898 0.50661069154739379883 -0.18286691606044769287 0.56320285797119140625 1.14075303077697753906 1.27859330177307128906 -1.10592067241668701172 0.39675647020339960269 1.60607469081878662109 0.35718563199043268375 0.78230476379394531250 0.65666663646697998047 1.48289608955383300781 -0.69097185134887695312 1.45896255970001220703 1.61380255222320556641 1.13194453716278076172 -1.35386216640472389905 1.21138334274291992188 -1.36234831809997558594 -1.55258297920227050781 1.02139556407928489001 -0.74468719959259033203 -0.54400736093521118164 -1.11254787445068359375
0.72400504350662231445 -0.00877753365784880030 0.24572500586509699039 0.27695623040199279785 0.27810266613960260562 0.38296103477478027344 0.19669468700885769930 -0.78283089399337768555 0.52997940778732299805 0.63114571571350097656 1.72620439529418967517 -0.60516560077667236328 -0.10050088912248610062 0.21321833133697509766 0.93367338180542003290 0.85079109668731689453 -0.13054026663303369693 -0.31471094489097589664 1.44038784503936767578 -1.05435311794281005859 1.30357182025909423828 1.04903638362884521484 1.67855179309844970703 0.30107170343399047852 0.56413471698760986328 -0.01482781767845149992 -0.99611037969589244501 -0.02330589666962620127 1.01736605167388916016 -1.11131441593170166016 1.56073153018951416016 -0.30171212553977960757 -0.28540000319480890445 1.24423897266387939453 1.26598024368286110608 -1.50648844242095969470 1.37463605403900168689 1.10176670551300048828 -1.65263760089874289783 -0.46525800228118890933 -0.86326247453689575195 -0.20119294524192810059 0.53641694784164428711 1.24196171760559082031 -0.57157266139984130859 -1.27879774570465087891 1.03345429897308349609 -0.56341147422790527344 0.03284325450658789891 -0.46999928355216979980 -0.25766494870185852051
0.85780882835388183594 0.41556447744369501285 1.32366585731506369861 0.99055063724517822266 1.36707341670989990234 -1.47384405136108398438 -1.45477843284606911389 1.03459405899047829358 -0.01092154812067740004 -1.49474537372589111328 1.58949244022369384766 -0.65377360582351684570 0.36462563276290888004 -0.49358245730400079898 -0.29155871272087091617 -1.16839742660522460938 0.95186901092529296875 0.50533020496368408203 -0.96337473392486561163 0.21717542409896850586 1.60532999038696289062 -0.91506630182266235352 -0.38604351878166198730 -1.39894330501556396484 0.56620597839355468750 1.45923340320587158203 0.25320485234260559082 0.73774611949920654297 1.24760961532592751233 -1.22618293762207031250 -0.70122879743576049805 -0.34400957822799682617 0.81819730997085571289 -0.53063523769378662109 1.40798616409301757812 -0.73051422834396362305 1.62051999568939208984 0.08347520977258679475 -1.30285775661468505859 -1.39106714725494384766 1.63893723487854003906 -0.83738791942596435547 0.74790000915527343750 -0.49515828490257257632 -0.84642463922500610352 -1.07413721084594726562 1.40669035911560058594 -0.78895181417465209961 1.35086131095886230469 -1.20077180862426757812 -0.70020693540573120117
-1.09670364856719970703 -1.26236367225646950452 -0.58850848674774169922 -1.25875842571258544922 -0.96992337703704845087 -1.64250171184539794922 -0.56422299146652221680 -0.82129627466201782227 1.20391070842742919922 0.21556822955608359593 -0.92013597488403320312 0.09745504707098000263 1.70540142059326149671 0.63905429840087890625 -1.09058690071105957031 -0.53972387313842773438 1.40627169609069824219 -0.73565751314163208008 0.85858356952667236328 1.45524477958679199219 -0.41055867075920099429 0.01232199743390080017 0.95834511518478404657 1.02189207077026367188 -0.86565732955932617188 0.31335279345512390137 -1.60020184516906738281 0.21465665102004999332 1.11939835548400878906 -0.44194227457046508789 1.33090317249298095703 -0.96636527776718139648 1.41363430023193359375 -0.91227096319198597296 -0.59461122751235961914 1.24354147911071777344 1.24394834041595458984 -0.84990513324737548828 -0.42242309451103210449 -1.64062130451202392578 -1.12470066547393798828 -1.45535218715667724609 0.41130238771438598633 1.22096681594848632812 -1.03998410701751708984 -1.18584418296813964844 1.79805350303649902344 -0.12591971457004538792 -0.84474563598632812500 0.37456142902374267578 -1.00981295108795166016
0.56559920310974121094 0.34184083342552179507 -0.15036667883396148682 -0.42189675569534301758 -0.09213388711214060001 1.20931744575500488281 0.67698818445205688477 0.25370457768440241031 0.39162164926528930664 0.60976064205169677734 -0.07530814409255980058 0.43380343914031982422 -0.28912010788917541504 1.21804451942443847656 1.29574024677276589124 -1.54803705215454101562 1.71637487411499023438 -0.80079472064971923828 -0.74174427986145019531 -0.90539640188217163086 0.66392129659652709961 -0.76314979791641235352 -1.55275988578796408923 -1.20156359672546408923 -0.47522646188735961914 -1.52036941051483154297 -0.84568816423416137695 1.22134196758270263672 0.90149605274200439453 -1.10606861114501953125 -0.16334787011146539859 1.46032667160034179688 -1.63846206665039062500 -1.62034869194030761719 -0.27632150053977960757 0.14409492909908289127 -0.59087473154067993164 0.47551026940345758609 -1.34241247177124023438 1.28433871269226074219 -0.88745391368865966797 1.12926566600799560547 -1.19940888881683349609 -0.42043200135231018066 0.54228347539901733398 1.43799650669097900391 0.60121846199035644531 -1.24010598659515380859 0.79420065879821777344 1.18098568916320800781 -0.99258518218994140625
-1.25344562530517578125 -0.95795148611068714484 -1.00883793830871582031 -0.73408246040344238281 -0.60182034969329833984 -0.64540749788284301758 -1.22391188144683837891 0.81304001808166503906 1.09414124488830566406 1.12028479576110839844 -0.47260507941246032715 1.10808455944061279297 0.52996420860290527344 0.15886111557483670320 -1.28234100341796875000 1.64384138584136962891 0.66753572225570678711 0.15136866271495819092 1.72460711002349831311 1.04156160354614257812 0.63278454542160034180 1.58665275573730490954 1.11727285385131835938 0.07732555270195000385 -0.76379042863845825195 -1.07197964191436767578 -1.37046539783477783203 -0.31220135092735290527 0.87842643260955810547 -0.49634781479835510254 -1.44944894313812255859 0.64405167102813720703 1.31439316272735595703 1.26531875133514404297 -0.91480600833892822266 -0.80055981874465942383 0.84539520740509033203 -1.20244705677032470703 -0.06133389100432389690 -0.57667291164398193359 -1.17584860324859619141 -0.45600056648254388980 0.65617257356643676758 -0.63605779409408569336 0.69472295045852661133 -0.02878335118293760125 -1.58358407020568847656 -0.51489800214767456055 0.15841098129749289769 -0.66724109649658203125 -0.12240429222583769364
-0.52747833728790283203 -0.52375948429107666016 0.00750267831608650033 -0.34817785024642938785 -0.33799469470977777652 0.09900341182947150487 -0.56720036268234252930 1.63901042938232421875 1.25040841102600097656 -1.62777888774871848376 0.60913157463073730469 -0.11326110363006590409 0.15190005302429199219 -0.48283684253692621402 -0.54302048683166503906 -0.23590107262134549226 1.27834355831146240234 -0.60585141181945800781 0.66198927164077758789 -0.68355822563171386719 0.99060994386672962531 1.70053076744079589844 -0.48612573742866510562 1.62156426906585693359 -1.31582057476043701172 -1.76630389690399169922 1.35871505737304687500 1.62071347236633300781 -1.10885941982269287109 -0.80930823087692260742 -1.32546830177307128906 -0.39627715945243829898 0.48967027664184570312 1.44595110416412353516 0.19497758150100699681 -0.70787751674652099609 -1.41211545467376708984 -1.66809570789337158203 -0.98682630062103282587 0.43846401572227478027 -0.72060298919677734375 0.69050312042236328125 -0.58510631322860717773 0.91591620445251464844 -1.18935692310333229749 -1.58164513111114501953 1.37850713729858398438 -0.50937372446060180664 -0.82076805830001831055 -0.37527751922607421875 0.33387151360511779785
-0.08468367159366599339 0.32086798548698419742 1.19314622879028320312 1.16111254692077636719 0.57367962598800659180 -1.35169684886932350842 -1.12513077259063720703 -1.27922236919403076172 -0.98333942890167236328 -1.49516904354095458984 -0.18141598999500269107 0.25625973939895629883 0.55271834135055541992 1.12155807018280029297 -1.63982450962066650391 0.41892400383949279785 1.42570877075195312500 0.00879531260579819937 1.18647837638854980469 -0.48928990960121149234 -1.17514431476593017578 -0.95493626594543457031 0.39048153162002557925 -0.84401112794876098633 0.83712375164031982422 -1.06516754627227783203 1.02179455757141113281 -1.64255404472351074219 -1.28473484516143798828 -0.60441845655441284180 1.68669986724853515625 1.36978626251220703125 -1.02334666252136230469 -0.78557842969894409180 1.39512324333190917969 -0.39813071489334100894 -1.37418818473815917969 -0.74122780561447143555 0.11160196363925929675 0.26023259758949279785 -1.71253347396850608142 -1.63465154170989990234 -0.18647621572017669678 -0.48047196865081781558 -0.61501157283782958984 -1.53272175788879394531 1.57601439952850341797 -1.43388748168945312500 1.60193753242492675781 1.70810353755950927734 0.81167614459991455078
1.50635337829589843750 1.75102865695953369141 2.70682144165039018091 1.32930815219879150391 3.31486868858337402344 -1.18113255500793457031 0.40338280797004699707 -1.02879595756530761719 -0.42046403884887689761 -1.15880143642425537109 0.48786047101020807437 -1.02071189880371093750 1.52793490886688232422 -1.15622985363006591797 -1.48852968215942382812 0.02587191574275490152 1.31995141506195090564 -1.11760067939758300781 0.16250394284725189209 0.71891099214553833008 1.38123202323913552014 -1.49478924274444580078 -1.17210924625396728516 -1.04712414741516113281 0.13532923161983489990 1.54811370372772216797 0.63792574405670166016 -0.46127954125404357910 1.28089535236358642578 0.29991680383682250977 0.43818634748458862305 -0.04524813964962950269 0.94525057077407836914 0.56409585475921630859 -0.89561074972152709961 1.52825057506561279297 1.64301419258117675781 -0.32541072368621820621 -1.65459024906158447266 1.29943025112152099609 -1.16235208511352539062 0.39551937580108642578 -1.13302683830261230469 -0.56412124633789062500 -0.19003678858280179109 0.24272887408733359593 -0.03935245424509040135 1.64932727813720703125 -0.44643825292587280273 -0.84724897146224975586 2.58736276626586914062
0.04334044083952900278 0.77453655004501342773 -0.11670503765344619751 -1.19828474521636962891 -0.30736234784126281738 0.29105278849601740054 -0.75868254899978637695 -1.46829903125762939453 -0.76319569349288940430 -0.61110150814056396484 -0.88832443952560424805 1.12086331844329833984 -1.34476733207702636719 1.27549421787261962891 1.07221519947052001953 0.81862229108810424805 -1.37779521942138671875 -1.40400445461273193359 0.87806284427642822266 1.31945919990539550781 -0.19268682599067679662 1.09109938144683837891 -1.60524511337280273438 0.98878049850463878290 0.34235921502113342285 1.36321854591369628906 -0.88138216733932495117 0.65041661262512207031 1.62528538703918457031 -0.55211883783340454102 1.27364230155944824219 -0.31797266006469721011 0.72733145952224731445 -1.22300457954406738281 -0.96409183740615844727 -1.20785188674926757812 -1.11410117149353049548 0.94014430046081542969 -1.14498174190521240234 0.42023134231567377261 1.37479150295257568359 -1.62699031829833984375 0.16910237073898309879 -0.35780075192451471500 -0.48404973745346069336 1.13743662834167480469 0.16743022203445429019 0.02206195890903470125 0.92477124929428100586 -0.75770342350006103516 -1.28321802616119384766
-0.15603514015674591064 -1.10919189453125000000 -1.15250945091247558594 -1.14669382572174072266 -1.06723284721374511719 1.57331299781799316406 -0.31498846411705011539 -1.14376735687255859375 -1.11815679073333740234 -0.41886079311370849609 0.81340664625167846680 -1.11355555057525634766 -0.83595860004425048828 -1.45033383369445800781 -0.48763769865036010742 1.10118222236633300781 -1.19161975383758544922 -0.44617575407028198242 -1.66152727603912353516 -1.60236120223999023438 0.26191735267639160156 1.72548782825469970703 -0.06709748506546020508 0.31701615452766418457 1.21088004112243630139 -0.21407373249530789461 1.06738674640655517578 -0.05741976946592330239 1.04076051712036110608 -0.91246312856674205438 0.55577039718627929688 -1.50724637508392311780 -0.76331239938735961914 -0.04059045016765590319 1.18156361579895019531 -1.27714586257934570312 1.00700581073761008533 0.21297498047351828832 -0.94192498922348022461 -0.06520353257656090473 -0.88035249710083007812 -0.23166084289550781250 -0.24388860166072839908 -0.14621600508689880371 0.45771983265876770020 1.47159719467163085938 -1.41946363449096679688 -0.30143204331398010254 0.71676856279373168945 -0.34175503253936767578 0.12531431019306180086
-0.19617153704166409578 0.24890950322151181306 -1.15755546092987060547 -0.61393082141876220703 -0.86217373609542846680 1.65783941745758056641 0.67851126194000244141 0.46912005543708801270 -0.67515438795089721680 1.64062356948852539062 -0.44049426913261408023 -0.98088186979293823242 0.09153695404529570145 -0.33831885457038879395 0.40683305263519281558 -1.39930677413940429688 1.13565504550933837891 1.34633302688598632812 -0.21824936568737030029 1.32221579551696777344 1.18034088611602783203 0.81650483608245849609 -0.27727454900741571597 -1.51331424713134765625 -0.16920702159404749088 -0.03372272849082939838 1.16016018390655517578 0.95284700393676757812 0.27423587441444391422 -1.00996685028076149671 0.26552858948707580566 -1.64993524551391601562 1.26552724838256835938 -1.07587492465972900391 0.35062688589096069336 0.56430166959762573242 1.37435233592987060547 0.02400893718004220093 0.10673675686120980000 -0.28595548868179321289 1.17130494117736816406 1.23138570785522460938 -1.66963434219360351562 1.52341449260711669922 -1.63486254215240478516 0.10739407688379279393 -1.14630985260009765625 1.43096542358398437500 -1.50060510635375976562 0.45180305838584899902 0.45385816693305969238
-0.06219621375203129854 -0.57844561338424682617 -0.38297846913337707520 1.11657464504241943359 -0.33094507455825800113 -0.23177762329578399658 1.22849869728088378906 1.62623798847198486328 1.46785879135131835938 -0.98823469877243041992 -0.13111947476863861084 -1.32945477962493896484 -1.17955148220062255859 -0.99845826625823963507 1.62345850467681884766 0.39990159869194030762 -1.22734892368316650391 1.31188869476318359375 -0.53741043806076049805 1.55186414718627929688 1.03204083442688010486 -1.33017575740814208984 1.41507780551910400391 1.15145993232727050781 -1.13770961761474609375 0.57016032934188842773 -0.47347488999366760254 -0.56220710277557373047 -0.51633244752883911133 1.66208028793334960938 1.16480934619903564453 -0.09998667240142819490 1.15525436401367209704 1.23929357528686523438 1.47474682331085205078 -0.45653268694877618961 0.94907110929489135742 1.49501204490661621094 0.13590930402278900146 0.54641544818878173828 -0.23524864017963409424 -1.24381923675537109375 1.33707571029663085938 -0.93927764892578125000 -0.42442935705184930972 0.94568741321563720703 0.65247035026550292969 0.90927684307098399774 0.31685227155685419254 -0.70416176319122314453 1.25665163993835449219
-0.51490420103073120117 -0.53866380453109741211 0.06637413054704660587 1.16841185092926047595 -0.29739332199096679688 -0.89814656972885131836 -0.06121097505092620156 0.61715847253799438477 -0.55024808645248413086 -1.50438928604125976562 -0.96477866172790516242 0.28214803338050842285 -1.22020399570465087891 -1.16878235340118408203 1.29900825023651123047 -0.24581418931484219637 -1.10981750488281250000 1.26589310169219970703 -0.98205119371414184570 0.40311023592948908023 -0.68289071321487426758 -0.01473113801330320008 0.94575160741806041376 -1.43008279800415039062 -0.32115164399147028140 0.78870379924774169922 0.47841206192970270328 -1.65137183666229248047 -0.08595947921276089754 0.59006935358047485352 -0.94708794355392456055 -1.62032985687255859375 1.58321034908294677734 0.39621627330780029297 -0.10907386243343350496 -1.13009476661682128906 0.79923379421234130859 0.36831545829772949219 1.54937434196472167969 0.02907038107514380021 0.12830975651741019505 1.64052224159240722656 0.12695172429084769505 -1.08987379074096679688 1.75465893745422363281 1.60257112979888916016 0.48705080151557922363 0.33256208896636957340 1.20405352115631103516 0.77454328536987304688 0.94209402799606323242
-1.46079015731811523438 -1.62110114097595192639 -0.45404165983200067691 0.08672142028808589587 -0.75639152526855468750 -0.34832143783569330386 0.75377577543258666992 -0.96217471361160278320 -1.33384239673614501953 1.75984156131744384766 0.67856657505035400391 -0.43364912271499628238 -0.77370965480804443359 -0.80643749237060546875 -0.45408678054809570312 1.51747751235961914062 0.86373496055603027344 -1.67217957973480224609 0.71668612957000732422 -1.65551757812500000000 1.40368127822875976562 -0.59928476810455322266 -0.55502885580062866211 -0.93186604976654041632 0.52764540910720825195 -0.15948674082756039705 0.09196155518293379350 -1.31122565269470192639 -1.73671913146972656250 -0.49105432629585260562 0.85325872898101806641 -1.52507710456848144531 0.21741603314876550845 -1.19017624855041503906 1.47107052803039550781 -0.09349690377712249756 -0.27400708198547357730 -0.16663342714309689607 0.10015965253114700317 -0.80582940578460693359 -0.63967180252075195312 -0.90438485145568836554 0.91711223125457763672 0.16060250997543329410 -1.05207824707031250000 -0.34697109460830688477 0.93818891048431396484 -0.12954619526863089818 -0.11330605298280710391 0.89697921276092529297 -0.48447763919830322266
1.66525995731353759766 1.41225063800811767578 0.02896350622177119860 -0.16106006503105160799 0.32314428687095642090 1.00746190547943115234 0.41392338275909418277 -1.32919621467590309827 1.38532876968383789062 1.14488995075225830078 -0.86883652210235595703 0.60738724470138549805 1.00357937812805175781 -0.16010382771491998843 0.17427787184715270996 -1.33130204677581809314 -0.99422001838684082031 -0.37300506234169000797 -0.41260868310928339175 -0.38505592942237848453 0.53032350540161132812 -0.80640500783920288086 0.94747084379196155890 0.04068453982472419739 -0.96147900819778442383 0.67949444055557250977 1.39756631851196289062 0.21394740045070639867 -0.28418383002281188965 -0.95303630828857421875 1.42815160751342751233 -0.23263978958129880037 1.31813275814056396484 -1.17351794242858886719 -0.57165867090225219727 -0.68056648969650268555 -1.29658055305480957031 -0.84959536790847778320 0.92307221889495838507 0.79842293262481689453 -1.13475108146667480469 1.31797063350677490234 -0.33066010475158691406 1.38425695896148681641 -0.87047892808914184570 1.46668410301208496094 -0.68482542037963867188 -0.33984020352363580875 0.15275663137435910310 0.40600872039794921875 0.32734873890876770020
0.92953532934188842773 0.42336052656173700504 0.35207286477088928223 0.78255879878997802734 0.31999313831329340152 -1.51516985893249511719 -1.19872105121612571033 0.21599957346916198730 1.01772820949554443359 -1.33187782764434792249 -0.25618144869804382324 1.13196444511413552014 1.59060072898864768298 1.06379354000091552734 -0.17575770616531369295 -1.48457145690917968750 1.51314401626586914062 1.01403021812438964844 1.44670879840850830078 0.91661024093627918585 1.52666234970092751233 1.58554685115814208984 0.02907221764326090030 1.68998038768768310547 1.19759917259216308594 -0.79129016399383544922 -0.24324777722358700838 -1.57009434700012207031 -1.63049697875976562500 0.25228649377822870425 0.21557410061359399966 1.11007332801818847656 1.35697734355926513672 -0.19234496355056759920 -0.89196288585662841797 1.68629384040832519531 -0.43729364871978759766 -1.62183415889739990234 -0.33191949129104608707 0.32555341720581049136 0.82074230909347534180 1.41931295394897460938 -0.15212541818618768863 0.85686719417572021484 -0.76166605949401855469 -0.91393715143203735352 0.90234184265136718750 -0.10777568817138670487 -0.78593742847442626953 -1.41481769084930419922 -1.31377482414245605469
-0.50713622570037841797 -0.25410136580467218570 0.23151664435863489322 0.55806672573089599609 -0.24906416237354270238 0.07603772729635230321 0.10361634194850920243 -0.13274994492530819978 0.27571526169776910953 -0.19674594700336450748 1.10256659984588623047 1.23487055301666259766 0.26271009445190429688 1.41968774795532248767 0.28006660938262939453 -1.13876080513000488281 0.44883900880813598633 0.82329303026199340820 0.71373730897903442383 -0.76378035545349121094 -0.39666962623596191406 0.14385479688644409180 0.04371580109000199749 -1.05705046653747558594 0.24365423619747159090 0.33788967132568359375 1.43359684944152832031 -0.76915091276168823242 0.24665941298007959537 -0.96171361207962036133 -0.21587063372135159578 0.82225936651229858398 1.03619754314422607422 1.50252044200897216797 0.27719944715499877930 0.02220077626407139862 -1.21357357501983642578 1.55441641807556152344 0.00385987921617920006 1.42506420612335205078 0.94744706153869640008 0.04830350354313849709 0.82650166749954223633 -0.57788681983947753906 -0.12902714312076560277 -1.11800324916839599609 0.41509947180747980289 1.63930022716522216797 -0.39423587918281549625 1.18244051933288552014 0.65940499305725097656
-0.91569018363952636719 -1.24862444400787353516 -0.48091998696327209473 -0.87055325508117675781 -0.56035327911376953125 -0.34668874740600580386 0.16883620619773859195 -1.24673879146575927734 1.27050554752349831311 -1.26138067245483398438 -1.79221034049987792969 -0.30217114090919489078 1.71387815475463889392 1.49140822887420632092 -0.73629105091094970703 -0.65292912721633911133 -0.23207037150859829988 -0.54130667448043823242 -0.58442479372024536133 1.39130616188049316406 -0.64071977138519287109 -0.01919873431324950128 -0.88330084085464477539 0.73021769523620605469 0.43532043695449829102 0.16676765680313110352 0.90700906515121459961 1.56798338890075683594 -0.56292837858200073242 -0.87643784284591674805 -1.19100081920623779297 -1.06429028511047363281 0.70161992311477661133 -0.94558870792388916016 0.25829699635505670718 -0.91851431131362915039 1.67488610744476318359 1.04133009910583496094 1.00719213485717751233 -1.14763367176055908203 0.66818082332611083984 -0.89015001058578491211 1.06523287296295166016 0.27593913674354547672 0.56506586074829101562 -0.58902555704116821289 -0.27691620588302612305 0.35098937153816217593 1.21873688697814941406 1.49850332736968994141 -0.68248748779296875000
1.48429560661315917969 0.82690280675888061523 0.09337501227855679597 0.30838319659233087711 0.54666811227798461914 1.05567467212677001953 -1.44180262088775634766 1.55984091758728049548 0.67695379257202148438 -0.98077398538589477539 -0.49764189124107360840 -1.39797866344451904297 -0.95073848962783802374 1.14725685119628906250 -0.78680557012557983398 -0.61246675252914428711 -1.16668558120727539062 -0.25623658299446100406 -0.67014944553375244141 1.36397325992584250720 1.26545894145965576172 -1.63266444206237792969 -0.84413242340087890625 -1.48666095733642578125 1.50059449672698952405 -0.96197974681854236945 -0.40406775474548339844 0.38876700401306152344 -1.52570867538452170642 1.82447838783264160156 -0.74704211950302124023 1.12181138992309570312 0.90647375583648681641 1.63070702552795410156 0.87926989793777465820 -1.64376914501190207751 -1.74422776699066162109 0.27000984549522399902 -1.57349300384521484375 1.42414212226867675781 -0.69447058439254760742 0.52034741640090942383 -0.84244316816329956055 -0.80251049995422363281 0.64809274673461914062 -0.18140965700149530582 0.94380092620849598273 0.59378451108932495117 1.46759796142578125000 0.59047114849090576172 -1.40960061550140380859
1.34852719306945800781 0.95080018043518077508 0.93261414766311645508 0.91986274719238281250 1.05975270271301269531 -0.05936133861541739720 0.18827149271965021304 -1.40098738670349121094 -0.56521481275558471680 -1.53435611724853515625 1.20357894897460937500 -0.79513347148895263672 -1.67633509635925292969 0.67903542518615722656 -0.65843194723129272461 0.38416925072669977359 -0.72100365161895751953 1.69105207920074462891 -0.52521467208862304688 0.06864929199218750000 -0.90934103727340698242 -1.44517564773559570312 -0.28367188572883600406 -0.84319734573364257812 -1.27640974521636962891 1.50314486026763916016 1.02323353290557861328 1.25017392635345458984 1.36134803295135498047 1.31271076202392578125 -0.62211859226226806641 1.24123454093933105469 0.90108042955398559570 0.31125083565711969547 0.90804660320281982422 -0.04441228136420249939 1.46288418769836447986 1.62023031711578369141 -0.78318774700164794922 1.28168094158172607422 0.88664466142654418945 1.44281435012817382812 -1.22662949562072753906 0.15018090605735778809 0.71164447069168090820 -1.17097949981689430921 -0.48205193877220148257 0.04900763183832160252 0.18273325264453879613 1.72986090183258056641 -1.04441535472869873047
-0.16290549933910369873 0.18482810258865350894 1.50334596633911110608 1.83899068832397438733 0.72878795862197875977 0.43142858147621149234 -0.63225483894348144531 -0.86926853656768798828 -1.48724472522735595703 -1.27525818347930908203 -1.31510519981384277344 1.03934323787689208984 0.52828025817871093750 0.36775970458984369449 -0.96540671586990356445 0.42145490646362299136 -0.40071356296539301090 1.31967568397521950452 0.51096558570861816406 1.29603052139282248767 -0.04245529696345320264 -0.66556167602539062500 -0.48937895894050598145 -1.68613529205322287829 1.31086945533752441406 0.10060495883226390490 -0.41681170463562011719 -0.77338695526123046875 -1.34324502944946289062 1.50199043750762939453 1.56606924533843994141 1.62216281890869140625 0.48007422685623168945 -1.41313970088958740234 -1.64779031276702880859 -0.40976780652999877930 -0.08672640472650519627 -1.28553092479705810547 -0.51385825872421264648 1.31796348094940207751 0.65480577945709228516 0.95629185438156116827 -0.39561179280281061343 1.11965334415435791016 1.25434625148773193359 0.70149821043014526367 0.22965818643569940738 1.08778917789459250720 1.22045528888702392578 1.30770075321197509766 1.23249208927154541016
-0.92629563808441162109 -1.06476128101348876953 -0.39046910405158991031 0.13901682198047629613 -0.78465574979782104492 -0.83766716718673706055 -1.02646684646606445312 0.30079808831214899234 0.89159899950027465820 -1.25386404991149902344 -0.07150554656982420487 -0.97903537750244140625 0.66944223642349243164 0.72248613834381103516 -0.47157701849937438965 -0.29259338974952697754 -0.66958475112915039062 -1.57256770133972167969 1.56690442562103271484 -1.57042455673217751233 -0.52247464656829833984 -1.32271862030029296875 -0.80042725801467895508 -0.83201253414154052734 1.61795067787170410156 -0.94288837909698475226 1.42478835582733154297 1.37358510494232177734 -1.07628667354583740234 -0.49079641699790949039 0.21144026517868039217 -1.28406167030334472656 1.57226085662841796875 -1.20280671119689941406 -0.60199725627899169922 0.53053998947143554688 -1.17540180683136008533 0.33077779412269592285 -0.55361372232437133789 -1.36999189853668190686 1.23705387115478515625 -0.21750524640083310213 0.72576874494552612305 -0.30410817265510559082 -0.23548428714275360107 -0.31319463253021240234 -0.07117353379726409912 0.14481724798679349031 0.64879995584487915039 0.42165946960449218750 -0.23410385847091669254
0.81104153394699096680 0.30406126379966730289 0.53156405687332153320 1.26423156261444091797 0.63057810068130493164 -0.17067784070968619603 -0.28447300195693969727 1.56950044631958007812 -1.65497899055480957031 -1.31866347789764404297 0.05970487371087070116 0.65136164426803588867 -1.18018448352813720703 1.32873284816741943359 1.67521917819976806641 -0.04935210943222039653 -1.13247954845428489001 -0.05351116135716429967 -1.42275881767272949219 0.36463779211044311523 -0.34591284394264221191 1.47378325462341308594 1.72218167781829833984 1.24998676776886008533 0.67606550455093383789 0.07796552777290340075 -1.26963460445404030530 -0.27386161684989929199 0.36850351095199579410 1.37052619457244873047 -1.27892506122589111328 0.94878768920898437500 -1.03152513504028320312 1.23628795146942138672 -0.07611334323883049702 -0.94880896806716918945 -0.21269436180591580476 -0.93818008899688720703 -0.02645266987383360080 0.93437182903289794922 -1.29414105415344238281 0.57185149192810058594 1.32192623615264892578 -1.30886352062225341797 -0.75813591480255126953 1.16961193084716796875 -0.39815509319305419922 -0.57236117124557495117 1.64557468891143798828 1.44680154323577880859 -0.43991282582283020020
1.97734379768371604236 1.81967449188232399671 2.87544393539428710938 1.50477719306945800781 4.09535789489746093750 -0.22212885320186609439 -0.95990556478500355109 -0.34063544869422912598 0.37109833955764770508 -0.22649730741977688875 -0.51754605770111083984 0.62288087606430053711 0.56430906057357788086 -1.02290415763854980469 -0.10212644934654230289 1.52616834640502929688 0.74376928806304931641 -0.34649261832237238101 0.98833751678466796875 0.20275019109249109439 0.68966972827911376953 -0.20878274738788599185 0.89939230680465698242 -0.47004231810569757632 -0.47695654630661010742 -1.61014866828918457031 1.53598654270172119141 -0.25852820277214050293 -1.06255817413330078125 0.03873449936509130304 1.57975614070892311780 0.48165231943130487613 -0.86375367641448974609 -0.95257055759429920538 -0.55898022651672363281 -0.72080278396606445312 1.45274460315704367908 1.43533873558044433594 1.26113963127136230469 -1.03920865058898925781 0.12414561212062830142 1.59056138992309570312 -0.81586295366287231445 -1.65544021129608154297 0.90791618824005115851 0.58888506889343261719 1.60565006732940673828 -1.18582808971405029297 0.19599111378192898836 0.02883570268750190041 2.96834039688110351562
-0.50357496738433837891 -0.44269278645515441895 -0.78953087329864501953 -0.74031859636306762695 -0.57088327407836914062 0.71294456720352172852 -0.44972831010818481445 0.66860592365264892578 1.64092624187469482422 0.39829844236373901367 0.86903226375579833984 -0.09382802993059149999 -0.04851076379418370332 0.90756136178970336914 0.65177536010742187500 -0.39389190077781677246 -1.57533526420593261719 0.45336520671844482422 1.04687154293060302734 -0.28154402971267700195 -0.67837876081466674805 0.32929235696792602539 -1.25734686851501464844 -0.92192357778549205438 -0.48180603981018060855 -1.25719022750854492188 0.89724272489547729492 -1.53300189971923850329 -1.27384090423583984375 0.06026363372802730212 -1.40417850017547607422 -0.02435308881103990034 1.15568721294403076172 0.08464453369379039416 -0.91320759057998657227 0.75176352262496948242 0.98496961593627918585 0.33601087331771850586 -0.89402151107788085938 -0.62254011631011962891 -1.14735496044158935547 1.57236993312835693359 1.81567299365997270044 0.00353510282002380020 0.70001870393753051758 0.38290020823478698730 1.75078272819519042969 0.63629055023193359375 -1.50207436084747314453 0.36004784703254699707 0.43443083763122558594
-1.57356476783752441406 -0.86389189958572387695 -0.37399470806121820621 1.31020414829254150391 -0.22009633481502530183 1.39613401889801047595 0.31622612476348871402 0.14281077682971948795 1.11275458335876464844 -0.33263412117958068848 -0.21178928017616269197 -0.54419618844985961914 0.27400642633438110352 -0.43488177657127380371 -0.03845044225454329750 -1.07003295421600341797 -0.30689644813537597656 -0.95028895139694202765 -0.43987992405891418457 0.52992218732833862305 -1.40680110454559326172 0.55101639032363891602 0.72722744941711425781 -1.03171145915985107422 1.48168516159057617188 0.03368229791522019817 0.61231726408004760742 -0.01756115444004530124 0.58879280090332031250 -0.68224298954010009766 -1.40883505344390869141 -0.36267781257629388980 -0.98006653785705555304 -0.08929993957281109895 -0.73183870315551757812 0.49460566043853759766 -1.00884401798248291016 0.73331725597381591797 -0.68947404623031616211 -1.45606553554534912109 0.16339035332202911377 -1.28058958053588889392 -0.73871964216232299805 1.05195844173431396484 1.02009952068328857422 0.57726627588272094727 1.67037677764892578125 0.72048103809356689453 -1.22461724281311035156 -0.54921466112136840820 0.20929400622844690494
-1.41049182415008544922 -0.82791149616241455078 -0.71365696191787719727 -0.73625075817108154297 -0.71508139371871948242 0.22995260357856750488 -1.62940275669097900391 -0.19507369399070739746 -0.65553122758865356445 -0.38760060071945190430 -0.35686126351356500797 -0.29214361310005187988 -1.17891466617584250720 0.07134437561035149311 1.68864893913269042969 -0.88992029428482055664 -1.04875600337982177734 1.04944002628326416016 -0.91359174251556396484 -0.17760272324085230045 -1.51432406902313232422 -0.86409682035446166992 0.42302817106246948242 -1.62946152687072753906 1.36621415615081809314 0.29420864582061767578 0.44632968306541437320 1.53187179565429687500 1.40345573425292968750 0.07746231555938719315 -0.76120030879974365234 1.64942014217376708984 0.75547790527343750000 1.17032372951507568359 -0.42498579621315002441 -0.87163877487182617188 0.79423195123672485352 1.11624038219451904297 -0.29327556490898132324 0.38958302140235900879 -0.00447948323562739979 -1.14035034179687500000 -0.77227795124053955078 0.92274391651153564453 -1.50392115116119384766 0.87045538425445556641 -0.88903409242630004883 -1.57384657859802246094 0.30014929175376892090 1.46232664585113525391 -0.08344972878694530138
-0.21989454329013818912 -0.53342491388320922852 0.23752662539482111148 0.55225223302841186523 0.40275630354881281070 -0.58193737268447875977 -1.13650643825531005859 0.35657626390457147769 0.67581093311309814453 -1.59460794925689697266 0.69405472278594970703 1.48690569400787353516 0.03458571061491960003 -0.01158107630908480033 0.45752733945846557617 1.40625143051147460938 -1.31580936908721923828 1.56668019294738769531 -0.27884086966514587402 -1.61806464195251464844 0.12712585926055899876 0.49666428565978998355 0.17979304492473599519 0.71331828832626342773 -0.91891700029373157843 0.45702764391899108887 0.63044726848602294922 -1.14467430114746093750 -1.00160562992095969470 -1.30862510204315207751 -0.32711991667747497559 -0.42189070582389831543 1.71834993362426757812 0.84549671411514282227 -0.44226321578025817871 1.01882851123809792249 0.61332643032073974609 -0.05173813179135319795 -1.47648584842681884766 0.51213973760604858398 -0.07576362043619150333 0.49462604522705078125 -0.40010535717010498047 1.41708958148956298828 -0.39991122484207147769 -0.99954986572265625000 1.49538302421569824219 0.41838237643241882324 0.37107124924659729004 0.34330698847770690918 1.21685183048248291016
-0.41064554452896118164 0.14149254560470581055 0.57179266214370727539 0.72065466642379760742 0.15800328552722930908 0.00339726940728720013 0.20223778486251831055 -0.27793464064598077945 -0.57659959793090820312 -0.71573692560195922852 -0.93768036365509044305 -0.14859980344772338867 -0.74998033046722412109 -0.78272628784179687500 0.48509630560874938965 0.80377757549285888672 0.89352649450302124023 -0.43348491191864008121 0.80791538953781127930 -1.15783035755157470703 1.48082053661346435547 -0.69932609796524047852 1.12406337261199951172 -1.67162835597991943359 -1.59619629383087158203 -0.67858523130416870117 0.96703863143920898438 0.70773482322692871094 0.47511041164398187808 0.85438334941864013672 -1.33518826961517311780 1.25892841815948486328 1.20184016227722167969 -1.27343034744262695312 -0.37743502855300897769 -0.79918211698532104492 1.00545728206634521484 -0.73767805099487304688 0.59767830371856689453 -0.70503938198089599609 -0.18102258443832389134 -1.25905549526214599609 0.16466240584850311279 0.78472983837127685547 -1.59080898761749289783 0.16717748343944549561 1.76623046398162841797 -0.59269630908966064453 -0.53294211626052856445 -1.29374384880065917969 0.89664793014526367188
-0.23993510007858270816 0.45218825340270990543 1.91710317134857199939 1.16675126552581809314 1.04494023323059082031 -0.34672346711158752441 -0.34341841936111450195 0.49109125137329101562 0.49150639772415161133 0.96519261598587036133 1.73029553890228271484 0.78637987375259399414 -0.10089185833930959524 1.08265602588653564453 0.14973743259906768799 -1.18115317821502685547 0.94734340906143199579 1.41313469409942649158 1.07055318355560302734 -1.74658155441284179688 0.36556932330131530762 -1.47187554836273193359 0.50936698913574218750 -0.89195251464843750000 0.12100479751825329866 -0.83094292879104614258 -0.58675944805145263672 -1.26642155647277832031 1.63765227794647216797 0.53410935401916503906 -1.09046137332916259766 -1.05296540260314941406 1.55806922912597656250 0.17119084298610678929 0.21369086205959320068 0.65915751457214355469 -1.28556680679321289062 -0.71664810180664062500 -1.28176403045654296875 1.21620965003967285156 -0.85773986577987670898 0.28333836793899530582 -0.44194242358207702637 1.31267070770263671875 1.18656694889068603516 -0.04062025249004359850 -0.70419442653656005859 -0.89488995075225830078 -0.98631566762924205438 -0.21447861194610590152 1.21741950511932350842
0.28434586524963378906 -0.35947194695472717285 0.23583675920963279027 0.94501835107803344727 -0.00702055264264339965 1.08703684806823730469 -1.67291951179504394531 -1.52329599857330322266 -0.55091905593872070312 -0.47982180118560791016 1.27940106391906738281 1.47310376167297363281 -1.24629139900207519531 -0.85862773656845092773 -0.09195108711719510164 0.26470813155174249820 -1.27003180980682350842 -1.58279848098754882812 0.29998460412025451660 -0.93253439664840698242 0.61798918247222900391 1.21191418170928955078 1.30016100406646728516 -0.96920460462570201532 0.75571924448013305664 -0.43540647625923151187 -0.77605384588241577148 1.40160405635833740234 0.99515348672866821289 1.11752307415008544922 -1.29549360275268554688 -1.07369279861450195312 0.09057298302650450272 0.21938200294971460513 1.56204104423522949219 -0.61925464868545532227 -0.95008200407028198242 0.93991458415985118524 -0.54447352886199951172 -0.94989293813705444336 -0.97971951961517322882 0.21037827432155609131 0.15539154410362240877 -0.42985254526138300113 0.93079370260238636359 0.76365637779235839844 0.31523442268371582031 1.42846119403839111328 0.72167193889617919922 -0.86871695518493652344 0.90271961688995361328
-1.30984425544738769531 -0.80472338199615478516 -0.40212997794151300601 -0.84177601337432861328 -0.43975344300270080566 0.01948347687721250013 0.60061377286911010742 1.27194917201995849609 0.63636785745620727539 1.35887467861175537109 0.13744783401489249486 -1.05581307411193847656 -0.59067565202713012695 1.49873685836791992188 0.22391383349895468968 -1.51265895366668701172 1.09578716754913330078 -0.24040533602237698640 -1.49669861793518088611 -0.66363465785980224609 1.05744445323944091797 -1.38115000724792480469 -0.86118620634078979492 -0.58502113819122314453 1.51436877250671408923 -0.89726936817169189453 -0.31987845897674560547 1.23877525329589843750 0.84662961959838867188 -0.21523399651050559300 1.27081155776977539062 -0.19385676085948941316 -0.40311866998672479800 1.00812947750091552734 0.25864407420158380679 -1.59793114662170410156 -0.57369339466094970703 1.11343574523925781250 1.55262863636016845703 -1.18795895576477050781 -0.03313402459025380220 -1.73652505874633789062 -1.73342752456665039062 -0.28478211164474487305 0.46340239048004150391 0.87236875295639038086 -1.26197671890258789062 0.62333244085311889648 1.53196406364440917969 -0.32603207230567932129 -0.38288801908493041992
1.41821587085723876953 1.22296595573425292969 1.64781320095062255859 0.32782858610153198242 1.75788974761962890625 0.71918433904647827148 -0.63538247346878051758 -0.51335459947586059570 -0.23116250336170190982 0.13897426426410669498 0.26262488961219787598 -1.44595205783843994141 0.39251694083213800601 0.11167699098587030582 0.10799741744995110249 0.69299012422561645508 1.59827458858489990234 -1.12339341640472389905 0.58971875905990600586 -1.68147230148315429688 0.58507770299911499023 1.38108265399932861328 1.22046792507171630859 -0.97049158811569202765 -0.12571115791797629613 1.21205985546112060547 -1.06795370578765869141 -1.71185421943664550781 -0.30972793698310852051 0.72779166698455810547 1.25549077987670898438 -0.05375278741121290033 -1.42133378982543967517 -0.49257174134254450015 1.40453910827636718750 1.44623768329620361328 0.66643428802490234375 1.14692032337188720703 0.40534478425979608707 -1.53062200546264648438 0.45666497945785522461 -1.19867408275604248047 0.37459558248519897461 -0.99242603778839122430 1.65037095546722389905 0.46733701229095458984 1.62753224372863769531 -0.62466436624526977539 1.44445443153381369861 -1.00801861286163330078 0.35428062081336969547
0.45903396606445312500 0.53776562213897705078 0.05473704263567920336 -0.98764741420745838507 -0.03172402828931800145 -0.51385772228240966797 1.53662204742431640625 -1.56882166862487792969 0.23044240474700919408 -1.18523991107940673828 0.53815537691116333008 -0.06334264576435079397 -1.52467870712280273438 0.72584825754165649414 -1.28489434719085693359 -1.43015038967132568359 1.53664875030517578125 0.18784737586975089330 0.76495134830474853516 1.02979910373687744141 0.27303215861320490054 -1.64199662208557128906 -1.30008018016815207751 0.50734084844589233398 1.59626889228820800781 -0.52682602405548095703 -0.08714107424020760273 -1.05488693714141845703 0.32051700353622430972 1.45146358013153076172 1.34719133377075195312 1.41404461860656738281 1.70213985443115234375 -0.36957228183746337891 -0.93117219209671020508 1.18982720375061035156 0.06745985150337209524 1.06879591941833496094 -1.63589394092559792249 -0.82668805122375488281 1.57062387466430664062 -0.37271511554718017578 0.50871115922927856445 -0.11874856799840920185 1.20571672916412353516 -1.22188484668731689453 1.30278933048248291016 0.36491286754608148746 1.62553763389587402344 -1.08112025260925292969 -1.33948075771331809314
0.48673492670059198550 1.09114742279052712171 -0.23843048512935630101 -1.06070160865783691406 0.06002571433782569882 -1.42183542251586914062 0.32027125358581537418 -1.45698869228363037109 0.14090606570243829898 0.54220575094223022461 -0.51036280393600463867 0.25192564725875848941 -0.57399457693099975586 0.55981862545013427734 -0.58124631643295288086 -0.61211365461349487305 1.70209574699401855469 -0.32912653684616088867 1.44088387489318847656 -0.01881813257932659841 -0.01498162746429440063 1.10934662818908691406 -1.08445799350738525391 1.51598286628723144531 -0.72891736030578613281 1.47997844219207763672 -0.97265827655792236328 0.85206997394561767578 0.43511170148849487305 -0.01436262298375359965 -0.89068269729614257812 -0.69581228494644165039 -1.15816831588745117188 -1.22884023189544677734 -1.62235927581787109375 -1.71399748325347900391 -0.81755846738815307617 0.91358852386474598273 1.05301475524902343750 1.43139994144439697266 0.51918691396713256836 0.65686959028244018555 0.16412228345870968904 1.33407092094421408923 -1.29259705543518088611 0.79861313104629516602 -1.24619781970977783203 -1.46188044548034690173 0.88177287578582763672 -0.24584335088729850072 -2.22634243965148925781
-1.23100924491882324219 -0.60708308219909667969 -0.95289129018783558234 -1.33646404743194580078 -0.51001405715942382812 -1.05746710300445556641 0.12713709473609918765 0.91848742961883544922 0.17254762351512908936 0.87291163206100463867 -0.40888154506683349609 1.63714325428009033203 -0.72529780864715576172 -1.24265515804290749280 1.65175080299377441406 -1.50717937946319580078 -1.53460741043090820312 1.62601077556610107422 0.33686789870262140445 1.11989295482635498047 1.56413400173187255859 -0.65653711557388305664 0.14871907234191888980 0.04925126209855069936 0.34409105777740478516 -0.59818327426910400391 -0.50226730108261108398 0.33131995797157287598 0.43492361903190607242 0.69252020120620727539 0.54980772733688354492 -1.64793527126312255859 1.67449474334716796875 -0.10804779827594750141 -1.02746391296386718750 -0.38173878192901611328 0.50929200649261474609 -0.73221993446350097656 -0.21457478404045099429 -0.52064579725265502930 0.87208205461502075195 0.30393519997596740723 -1.39823162555694580078 -0.25591087341308588199 0.41811284422874450684 0.24414919316768640689 -1.20775115489959716797 1.10120260715484619141 -1.24078845977783203125 0.83268803358078002930 -0.16166937351226801090
0.23733544349670410156 0.79497367143630981445 -0.21164265275001520328 -1.19206964969635009766 0.12665626406669611148 1.00322735309600830078 1.51942706108093261719 -1.08730947971343994141 -1.53523242473602294922 -0.78812009096145629883 -0.30065935850143432617 1.56217265129089355469 -0.27777835726737970523 -0.32876253128051757812 -0.74092018604278564453 -1.50122559070587158203 1.00679838657379150391 0.43828830122947687320 1.14304542541503906250 -1.58153760433197021484 0.95261812210082996710 1.40210521221160888672 -0.82781505584716796875 0.63086324930191040039 0.83312457799911499023 -1.02981770038604736328 -0.52080446481704711914 1.48900485038757324219 0.78800296783447265625 -1.18841874599456809314 0.84233623743057250977 -0.43948292732238769531 1.14739167690277099609 0.07830777764320369372 -0.34563466906547540836 0.17907217144966119937 0.33041954040527338199 -1.12417590618133544922 1.24400424957275390625 0.70782148838043212891 1.64775013923645019531 0.66149985790252685547 -1.57628524303436279297 0.16859112679958340730 0.35272985696792602539 -0.79167497158050537109 1.51013314723968505859 -0.62342518568038940430 -1.40038800239563010486 0.96788561344146717413 -1.54588317871093750000
-0.33871456980705261230 -0.61820441484451293945 -1.14108967781066894531 -0.06357643753290169453 -0.66544532775878906250 1.01058197021484375000 1.21269130706787109375 1.15523612499237060547 1.59911370277404807361 -0.83602631092071533203 0.57604777812957763672 -1.66577994823455810547 0.68079823255538940430 0.88331770896911621094 -1.22281944751739501953 0.04456063732504839808 1.13892889022827170642 -1.57617652416229248047 0.29325941205024719238 0.78784054517745971680 0.41797301173210138492 -1.18415594100952170642 1.08911728858947753906 -0.50573897361755371094 -1.07612085342407248767 1.52708268165588378906 1.46680188179016113281 -1.70052516460418701172 -0.24780003726482391357 0.85271596908569335938 -0.91991019248962402344 -0.96806871891021717413 0.32766979932785028629 -0.72060459852218627930 -0.92445141077041637079 -1.46807754039764404297 0.49512207508087158203 0.66090124845504760742 -1.51706111431121848376 1.53957211971282958984 0.56506186723709106445 -0.72568762302398681641 -1.46336853504180908203 -0.09391422569751739502 0.78147250413894653320 -0.68383085727691650391 1.18656373023986816406 -0.85445827245712280273 -1.58450520038604736328 -1.69241094589233398438 0.99334704875946044922
1.59211170673370361328 1.17806518077850341797 0.46491792798042297363 -0.57286524772644042969 0.44999414682388300113 -0.71920704841613769531 -0.70278578996658325195 0.44787502288818359375 -0.13311131298542019930 0.32029500603675842285 1.64579582214355490954 1.37614381313323952405 -0.10366372019052499942 0.61201578378677368164 1.40192127227783203125 0.03940937295556060094 0.39130127429962158203 -0.06415037065744400024 1.52242684364318847656 0.80365306138992309570 1.38854980468750000000 0.62143999338150024414 0.12603609263896939363 -0.65184468030929565430 1.41953134536743164062 -0.98641037940979003906 -0.80616939067840576172 0.31007084250450128726 -0.47506707906723022461 -1.02189886569976806641 1.27609860897064208984 1.39701712131500244141 -0.42916077375411987305 -1.23622953891754150391 0.01562898419797420155 -0.68651521205902099609 0.02745613828301420034 0.88331598043441772461 -0.46547466516494750977 0.55144309997558593750 1.32303082942962646484 1.23814094066619873047 0.99517351388931285516 -1.73006200790405273438 -0.37258690595626831055 1.47937095165252685547 0.24717265367507929019 -0.32963681221008300781 -1.18761348724365234375 0.00330118462443350011 -0.50878238677978515625
-0.12702621519565579500 0.03759335353970520016 -0.49754893779754638672 -0.65305048227310180664 -0.68399661779403686523 0.79478907585144042969 1.63803553581237792969 -1.38025736808776855469 -1.60189080238342285156 -0.98076504468917835577 -0.80288177728652954102 -1.42195606231689430921 -0.29043224453926080875 0.27479615807533258609 -1.23750114440917968750 1.50495433807373046875 -0.58839869499206542969 -0.76603144407272338867 0.04506259039044380188 0.51151913404464721680 -0.25182726979255670718 -1.10708391666412353516 -0.08279732614755630493 0.60460323095321655273 0.69399785995483398438 -0.04854313284158699726 1.54904603958129882812 0.75586640834808349609 0.00755955139175050039 1.42156922817230224609 -1.49184322357177712171 -0.06093806028366079847 -0.47067996859550470523 1.52347552776336669922 -0.24607534706592559814 -0.21731783449649810791 0.05062415450811379863 0.71230989694595336914 -1.19108724594116210938 -0.65519064664840698242 0.55932730436325073242 -1.07743084430694580078 -1.54533088207244873047 -0.35880523920059198550 -0.02852232940495010027 0.24842044711112970523 -0.86728602647781372070 1.66601014137268088611 -1.26838600635528564453 -0.90208101272582996710 0.16621348261833190918
0.01103154569864269949 -0.61117774248123168945 -0.12395200133323669434 1.22625315189361550061 -0.19982537627220151033 -0.56535041332244873047 0.99503743648529041632 -0.36248973011970520020 -0.84346121549606323242 0.59809690713882446289 1.60245680809020996094 -0.99685847759246837274 0.42756596207618707828 -0.34035044908523559570 -0.10438539832830419363 -0.08367522060871120104 -0.17029653489589691162 1.28477537631988525391 0.99905800819396961554 -0.13057388365268698949 0.07306397706270209569 -0.91649001836776722296 0.28122466802597040347 -1.26186263561248779297 0.10867238044738769531 -0.29558503627777099609 -1.35923385620117209704 0.32012072205543518066 1.51907777786254882812 0.12998926639556879215 0.17607270181179041080 1.14945638179779030530 0.28164252638816827945 -0.71886557340621948242 0.70853370428085327148 0.66712582111358642578 -0.29619893431663507632 0.02760368026792999960 -1.07066524028778076172 0.28402608633041381836 -0.57122159004211425781 1.41389524936676047595 -1.42906868457794189453 -1.07114064693450927734 0.28680685162544250488 0.35835528373718261719 -1.17329263687133789062 -0.26385107636451721191 -0.48319843411445617676 -1.16393017768859863281 1.21524655818939208984
0.24230952560901639070 -0.55762124061584472656 -0.64076226949691772461 0.09629045426845550537 -0.87635058164596557617 -1.21447396278381369861 -1.06314468383789062500 -1.59995698928833007812 0.23769685626029959935 -1.67427349090576149671 1.56329083442688010486 1.48210084438323952405 0.90396922826766956671 -0.86900079250335693359 -1.34631526470184326172 1.76380467414855957031 -1.28129732608795166016 0.87646311521530151367 0.90476614236831676141 -1.20658028125762939453 -0.38948488235473627261 -1.40894889831542968750 1.54254329204559326172 -0.91186660528182983398 -1.27033424377441406250 -0.93232262134552001953 -1.10904610157012939453 -0.03243658319115629712 1.69065046310424804688 -1.25137972831726074219 -0.14780151844024649876 -0.78442347049713134766 -1.46049809455871582031 0.86607778072357177734 -0.30322778224945068359 -0.68508166074752807617 1.23305761814117431641 1.25162494182586669922 1.29123914241790749280 -1.65201115608215309827 -0.09730943292379369558 0.34761992096900939941 0.50832724571228027344 0.29201409220695490054 -1.19825708866119384766 -1.39268565177917480469 1.66914308071136474609 -1.37784028053283691406 1.46553814411163330078 1.47791624069213889392 0.38878428936004638672
-0.79415631294250488281 -1.63177478313446044922 -1.24792385101318359375 -0.34912481904029840640 -1.07521593570709250720 1.36438822746276855469 -1.16618657112121582031 0.13238091766834259033 1.59883654117584250720 -1.13244974613189697266 -0.17901608347892761230 0.60622465610504150391 0.06692402064800259676 -0.54214042425155639648 0.34076565504074091129 -0.38167044520378107242 0.87014007568359375000 0.90645271539688121454 0.54350978136062622070 0.76085048913955688477 0.82835745811462402344 0.44962438941001892090 0.22219100594520568848 -1.02702271938323952405 -1.23614966869354248047 1.02699351310729980469 0.49563026428222650699 0.64004653692245483398 1.13282275199890136719 -1.08495199680328369141 -0.74099415540695190430 0.94357925653457641602 -0.47121039032936090640 -0.58254373073577880859 -1.08027875423431396484 0.19914208352565759830 -1.36888742446899391858 -0.80093860626220703125 0.54303240776062011719 -0.79264199733734130859 -0.75576043128967285156 -0.55626773834228515625 1.49147236347198486328 1.63277757167816162109 -0.70142078399658203125 -1.74512684345245361328 -0.67873454093933105469 -1.05707573890686035156 1.02691817283630371094 0.70954769849777221680 -0.17110998928546899966
-0.33126747608184808902 -0.97894245386123657227 -1.06652724742889404297 -0.21482984721660611238 -0.69367915391921997070 -0.29911336302757257632 -1.23708665370941162109 0.62512731552124023438 -1.57954967021942138672 0.11115509271621699938 0.39784860610961908511 0.71334755420684814453 1.51585447788238525391 1.61610424518585205078 1.62906539440155029297 1.38427042961120605469 0.65783470869064331055 -0.87300413846969604492 0.85834354162216186523 -0.46465599536895751953 -1.04957151412963889392 1.13476014137268088611 -1.10820364952087402344 1.02016448974609375000 -1.01226544380188010486 0.59857922792434692383 0.09540805965661999788 -1.17213630676269509046 -1.40341830253601074219 -1.27296495437622070312 -1.32176160812377929688 -0.42022386193275451660 0.22885140776634210757 1.62511241436004638672 0.74921268224716186523 0.03947696089744560238 -1.01333296298980712891 0.41792601346969598941 -1.24780607223510742188 0.17103688418865201082 -0.44288077950477600098 -0.72920542955398559570 1.01234126091003417969 -0.36893624067306518555 0.83184182643890380859 1.44771695137023925781 1.22980487346649169922 -0.27523070573806762695 1.21823060512542724609 -0.01527339313179250022 0.40984556078910827637
0.22042301297187799625 -0.42192983627319330386 -0.31123203039169311523 -0.97292679548263560907 -0.16812497377395629883 1.67021119594573952405 -0.07451149076223370638 -0.92401760816574096680 0.57200616598129272461 0.39509227871894830875 0.47288301587104797363 -1.67832040786743164062 -0.74115777015686035156 1.25028133392333984375 -0.54867625236511230469 1.21530294418334960938 -0.00933534558862439932 0.37163326144218439273 -0.98002380132675159796 0.84778082370758056641 1.65361642837524391858 0.94849067926406860352 -1.28538811206817649158 -1.07514405250549316406 0.30386373400688171387 1.32246434688568115234 0.41062644124031061343 -1.21979713439941406250 -0.82918304204940795898 -1.04385840892791770251 1.04901468753814697266 0.15562845766544339265 -1.00789773464202880859 -1.20029020309448242188 0.60764020681381225586 0.19422104954719540681 -0.86875689029693603516 0.42908534407615661621 -1.01691603660583496094 0.79153257608413696289 0.71858537197113037109 1.56598341464996337891 1.56849205493927001953 -0.31706184148788452148 -0.61581450700759887695 -1.51325285434722900391 -0.59875208139419555664 0.77246874570846557617 0.85324561595916748047 -0.15705767273902890291 0.50391447544097900391
0.33589902520179748535 -0.50488841533660888672 0.14418554306030270662 0.93661600351333618164 -0.20457452535629269685 1.05845546722412109375 0.97281503677368164062 1.33341968059539794922 -1.00036990642547607422 -1.44777774810791015625 1.68018734455108642578 -0.00548142474144689990 0.81512796878814697266 1.45139586925506591797 0.41817551851272577457 -1.08743751049041770251 -1.02756750583648681641 1.59815490245819091797 1.62950801849365234375 -1.65847694873809792249 1.26534128189086914062 1.45528793334960937500 -1.17389762401580810547 0.78817212581634521484 -0.12301377952098839497 0.44399654865264892578 1.66853725910186767578 0.25522774457931518555 -1.40599703788757324219 0.91332399845123279913 1.62830770015716552734 0.49761921167373657227 0.82566976547241210938 -1.22255575656890869141 1.33146131038665749280 -1.55837464332580566406 -0.41718456149101257324 -0.47442287206649780273 -1.37719976902008056641 -0.37231343984603881836 1.00730025768280029297 0.42588108777999877930 1.62383687496185302734 -1.30301535129547119141 -1.60765373706817649158 0.58093583583831787109 0.82799899578094482422 0.82603913545608520508 0.03689358010888099670 1.19855272769927978516 1.13083469867706298828
0.11250069737434380268 0.83854192495346069336 1.44384527206420898438 1.03672170639038085938 0.96594417095184315070 1.42280280590057350842 -1.64368891716003417969 -1.36963331699371337891 0.64409685134887695312 -1.20214390754699707031 1.49271631240844726562 -0.96692287921905517578 0.26525568962097167969 1.37219607830047607422 0.61757987737655639648 -0.63664561510086059570 1.34840846061706542969 -1.30898451805114768298 1.49843156337738037109 -1.00751900672912597656 -0.79095184803009033203 1.10982847213745117188 1.59353625774383544922 0.48391455411911010742 0.40745961666107177734 -1.17588043212890625000 -1.05351424217224121094 -1.55328059196472167969 0.92880648374557495117 -1.17742455005645751953 1.48805284500122070312 -0.45569175481796259097 0.84976911544799804688 -1.36610829830169677734 -0.09239697456359860506 -1.56952714920043967517 1.15465736389160156250 0.27630022168159479312 1.62489724159240722656 -0.15046341717243189029 -0.59331369400024414062 -0.70548707246780395508 -1.03004586696624755859 1.38949763774871848376 -0.52144271135330200195 0.70957630872726440430 0.33237797021865839175 0.80794411897659301758 1.38215780258178710938 1.39359450340270996094 -0.43654981255531311035
-0.74060815572738647461 -0.91392463445663441046 -0.71283251047134399414 0.87766325473785400391 -0.88141357898712158203 -1.12397968769073486328 -0.18451398611068720035 0.32412207126617431641 0.20581389963626858797 -0.17172509431838989258 0.41914105415344238281 0.05576206371188160288 1.13062775135040283203 0.07182313501834869385 -0.81315368413925170898 0.30406144261360168457 0.90563446283340442999 -1.41993486881256103516 0.83861154317855834961 1.34382736682891845703 1.40694916248321510999 1.49446702003479003906 1.61383390426635742188 -1.56454658508300781250 0.99749106168746959344 1.59751594066619873047 1.39178013801574707031 0.41694846749305719547 1.44966185092926047595 -0.17341311275959009341 -1.41140937805175781250 1.57209575176238991467 -0.84552848339080810547 1.31758975982666015625 -0.23921662569046020508 1.01660084724426269531 1.20532035827636718750 0.97038125991821277960 -1.34320127964019775391 1.46827733516693115234 -1.72604572772979736328 -0.83808690309524536133 0.05183668434619900095 -0.96223640441894520148 1.35471737384796142578 0.97904759645462036133 -0.88495498895645141602 0.17676591873168939761 0.90599244832992564813 -0.61018216609954833984 0.58208429813385009766
-0.12958222627639770508 0.41114616394042968750 0.29453650116920471191 -0.22639544308185569066 -0.03422212228178970334 -0.63170385360717773438 -0.80462884902954101562 -0.58022820949554443359 -0.96991664171218883173 0.33760666847228998355 -0.37045261263847351074 0.80211424827575683594 -0.80233764648437500000 -0.85672158002853393555 -0.34356942772865289859 0.17541603744029998779 -0.19853040575981140137 -0.61004745960235595703 -0.01539692003279920056 1.13237047195434570312 1.14435088634490966797 1.41593956947326660156 1.28190302848815917969 -1.47559285163879394531 -1.59191119670867919922 0.90265661478042602539 0.16751578450202939119 0.08472795039415359497 -1.39350664615631103516 1.74075651168823242188 1.16238546371459960938 -0.93306255340576160773 0.29457330703735351562 -0.29963007569313049316 1.65294814109802246094 -0.92655670642852783203 -0.09049742668867109818 1.22930324077606201172 -0.33692246675491327457 -0.94464248418807983398 -0.60236203670501708984 -0.13174739480018610172 -1.21119642257690429688 -1.12294423580169677734 -1.28217315673828125000 1.17942810058593750000 -0.05225709080696099712 0.61639463901519775391 1.09915494918823242188 -0.70028066635131835938 -0.18027257919311520662
-0.64683961868286132812 -1.35394942760467529297 -0.95730602741241455078 0.67486441135406494141 -0.51254338026046752930 -1.26699364185333229749 0.59127014875411987305 -0.98621004819869995117 0.97420650720596324579 1.73540365695953369141 0.71243059635162353516 -0.88562250137329101562 -1.68438768386840820312 1.55090785026550292969 -0.05015869438648219714 1.38595426082611083984 0.81958502531051635742 -1.06332755088806152344 0.39713105559349060059 -0.97078454494476318359 -0.77204483747482299805 -0.52680104970932006836 -0.93421697616577159540 1.17401039600372314453 -1.54856109619140625000 -0.65123480558395385742 1.08036124706268310547 0.41696634888648981265 -0.98332923650741577148 1.29723632335662841797 0.18409338593482971191 1.00868821144104003906 -1.66601097583770751953 1.57275736331939697266 1.18844425678253151624 1.71998703479766845703 -1.50101709365844726562 -1.67842233180999755859 1.50118386745452880859 0.40448707342147821597 1.28579592704772949219 -1.49580502510070800781 1.78213405609130859375 -0.29947388172149658203 0.15567314624786368626 0.19856710731983179263 -1.21149241924285888672 1.44828236103057861328 0.42005088925361627750 1.51221525669097900391 0.22768479585647580232
1.14908885955810569079 1.38088285923004150391 0.44243052601814270020 -1.04734671115875244141 0.89965033531188964844 0.39731249213218688965 -0.03356556594371790103 1.16441917419433593750 -0.63360202312469482422 0.57788181304931640625 -0.36177739500999450684 -0.33471769094467157535 1.68546307086944580078 1.04755055904388449939 1.38243770599365234375 1.37261104583740234375 0.71299761533737182617 1.19503211975097656250 1.23577725887298583984 0.01219336967915289963 -1.42690002918243408203 0.78853386640548706055 -1.64229667186737060547 1.52726614475250244141 0.29962453246116638184 -0.81346416473388671875 -1.56204938888549804688 1.02561640739440917969 -0.13609540462493890933 1.00778460502624511719 0.88820713758468627930 -1.66047525405883789062 -1.61656165122985839844 -0.61465442180633544922 -1.03302550315856911389 0.86641567945480346680 -0.00525930710136889978 0.18465432524681091309 0.64912331104278564453 0.75717765092849731445 0.29363080859184259586 -1.03130924701690673828 -1.57167315483093261719 0.12036210298538199681 -1.74903392791748046875 0.89613085985183715820 0.93092757463455200195 -0.19478859007358551025 -1.06306409835815429688 1.54807984828948952405 -1.15618062019348144531
-0.30029219388961791992 -0.76303148269653320312 -1.43566584587097167969 -1.39202213287353515625 -1.11743986606597900391 1.19196331501007080078 1.60103344917297363281 -0.63136541843414306641 1.04534816741943359375 1.41351544857025168689 -0.73892641067504882812 1.05577695369720458984 0.16613481938838958740 -1.49332022666931152344 -0.26294603943824768066 -0.36547493934631347656 0.83373183012008666992 0.97017776966094959601 1.52719247341156005859 1.10601377487182617188 -1.14973521232604980469 -1.14002764225006103516 -1.27893376350402832031 0.01456684432923789976 -0.15215392410755149144 -1.64387226104736328125 -1.57766306400299072266 -0.99794280529022216797 -1.07709085941314697266 -0.06403438001871100682 -1.21854984760284423828 1.48142361640930175781 0.42309606075286859683 0.71724456548690795898 -1.15341269969940207751 0.55592352151870727539 0.97070533037185680048 -1.23263454437255859375 0.00017735049186740000 -0.20538273453712460603 -0.73049414157867431641 -0.52979761362075805664 0.39796674251556390933 1.28891634941101074219 -0.62588423490524291992 1.14128410816192649158 -0.17040535807609549779 0.43957519531250000000 1.05638659000396728516 -0.26000857353210449219 0.23882807791233059969
0.74483925104141235352 1.31371724605560302734 0.36011818051338190250 -0.38680529594421381168 0.37364873290061950684 0.97922879457473754883 1.22093772888183593750 -0.73755168914794921875 -1.35483050346374511719 0.80376458168029785156 0.42507055401802057437 1.51533579826354980469 0.23560109734535208958 -1.63045573234558105469 0.64242166280746459961 -0.91329836845397960321 0.81172144412994384766 -1.54896008968353271484 0.29818776249885559082 0.05001152679324150085 -1.65622055530548095703 -0.61082923412322998047 -0.04293807223439209675 -0.26230889558792108707 0.34129905700683588199 -1.13770544528961181641 -0.77418839931488037109 -1.41646814346313476562 0.17028295993804928865 1.53443932533264160156 0.49182313680648798160 1.10865128040313720703 -0.14726674556732169408 -0.67732882499694824219 -1.66247439384460449219 -0.49208959937095642090 1.58923280239105224609 -0.64484161138534545898 0.17946450412273398656 -1.50726211071014404297 -1.08235132694244384766 -0.77044945955276489258 1.71942400932311989514 1.05641734600067138672 1.48200333118438720703 -0.54019993543624877930 1.15717804431915283203 1.15966534614563010486 -1.42037343978881835938 -1.16377913951873779297 -1.78815984725952170642
-0.56218987703323364258 -0.54362416267395019531 0.76219117641448974609 1.02911925315856911389 0.09527371078729629517 0.01579405926167960078 0.15125824511051169652 1.23011875152587890625 0.28067657351493829898 0.85656118392944335938 -0.20503482222557059544 0.23350861668586730957 0.87974506616592407227 -0.59724432229995727539 0.45493975281715387515 -0.99595636129379283563 1.44224226474761962891 0.90105468034744262695 -1.72953128814697287829 1.54485666751861550061 -1.67362785339355490954 -1.60010170936584472656 -0.84120452404022216797 0.62815099954605102539 -0.66203719377517700195 -1.71466779708862304688 -0.24660228192806241121 0.80211937427520751953 1.44942486286163330078 -1.66806244850158691406 -1.62004876136779807361 -0.37132641673088068179 1.63258159160613991467 0.36249756813049310855 -1.60276949405670166016 -0.06728832423686979813 -0.68010920286178588867 1.36115896701812744141 -1.42653834819793701172 0.75108140707015991211 0.53208625316619873047 -1.23084867000579833984 -0.39634037017822260074 0.90827840566635120734 -1.40205144882202170642 -1.59858393669128417969 -1.62985193729400634766 -0.60713434219360351562 -0.55742686986923217773 0.91730207204818714484 0.55940347909927368164
0.22608977556228629369 -0.35680115222930908203 -0.17757068574428550023 -0.23508366942405700684 -0.52156186103820800781 -1.58550727367401123047 0.56981676816940307617 -0.79224914312362670898 1.21279764175415039062 -0.69410884380340576172 -0.45850756764411920718 0.27172783017158508301 1.70480155944824218750 1.61714184284210205078 0.40398645401000971011 1.08173346519470192639 -1.42887890338897705078 -1.52451825141906738281 -1.04803228378295898438 -1.77982711791992209704 1.40178108215332031250 1.33960425853729248047 0.50902330875396728516 1.44813668727874755859 0.44021680951118469238 1.20771205425262428967 1.12489914894104003906 1.44210898876190207751 0.30937170982360839844 -0.03436810895800589821 1.38043451309204101562 0.60129165649414062500 -0.96967548131942760126 -1.50522410869598410876 0.04315632954239839725 -1.21895647048950195312 0.95694106817245483398 1.74758160114288330078 -0.62192380428314208984 0.72210419178009033203 -1.34523034095764160156 1.18570804595947287829 -0.69206166267395019531 -1.41040694713592529297 -0.02374660596251480099 -1.05804526805877685547 0.38439130783081049136 0.65283745527267456055 -0.94037586450576782227 1.39787471294403076172 0.61272495985031127930
1.59741938114166259766 1.80834615230560302734 2.71492433547973632812 1.68386495113372802734 3.09557723999023437500 -1.02009141445159912109 -1.56993985176086447986 -0.45186200737953180484 -1.31138062477111816406 1.60647451877593994141 -1.68941295146942138672 1.54009652137756369861 0.24132461845874780826 0.66698050498962402344 -0.07657324522733680028 0.22265858948230740633 0.50457805395126342773 -0.71153354644775390625 -0.66748011112213134766 -1.72841835021972656250 0.70407611131668090820 0.30017468333244318179 1.12190127372741699219 1.59959352016448952405 1.17688107490539550781 -0.60204988718032836914 -0.24731321632862091064 0.44698020815849298648 0.31836241483688348941 -1.49220228195190429688 -0.64467358589172363281 -0.67583346366882324219 0.74148178100585937500 0.68189924955368041992 -0.98299586772918701172 1.15207731723785400391 -0.69058626890182495117 -0.41145896911621088199 -0.85775095224380493164 -0.70432001352310180664 0.21608495712280270662 -0.68687111139297485352 -0.39369523525238031558 -1.19069504737854003906 1.23029351234436035156 -1.08968949317932128906 1.26374399662017822266 1.53527796268463112561 1.00833702087402343750 1.06533634662628151624 2.60570120811462402344
-0.51038062572479248047 -1.14848589897155761719 -0.79492211341857910156 0.82940161228179931641 -0.55941170454025268555 0.49699625372886657715 1.08169925212860107422 -0.96988666057586681024 -0.52333617210388183594 0.10146533697843550248 -0.84652727842330932617 1.48574709892272949219 1.40527570247650168689 -1.24113917350769042969 -1.35437905788421630859 -1.43368446826934792249 -1.66008055210113525391 0.47011405229568481445 0.15484736859798428621 -0.04722711071372030084 -0.78947126865386962891 -1.54197835922241210938 -1.44448614120483398438 -1.12657308578491210938 0.08823784440755839953 1.24347293376922607422 -0.44454512000083917789 -0.92761904001235961914 -1.06541645526886008533 0.25360122323036188297 -0.34180700778961181641 -1.49177122116088889392 -1.57291030883789062500 -0.44862556457519531250 1.30039668083190917969 1.59585809707641601562 -0.00880901236087080000 1.18753182888031005859 -0.67526757717132568359 0.02422788552939890080 -0.49856555461883539371 -0.33434545993804931641 -1.47399818897247314453 -0.09336195886135099931 -0.99463272094726562500 -0.39333477616310119629 0.42472589015960687808 0.60000842809677124023 -1.58360815048217751233 -0.16658326983451840486 0.58242309093475341797
1.83167028427124001233 1.52038526535034179688 1.51703011989593505859 0.44982987642288208008 1.84129428863525390625 -0.00338220549747339982 -1.18825125694274902344 -0.27441588044166559390 0.23187278211116790771 0.49960979819297790527 0.64264255762100219727 -1.51490616798400878906 0.20353797078132629395 -1.66716527938842751233 1.18141794204711914062 1.28306365013122558594 -0.64167350530624389648 -1.69311833381652832031 -0.97073036432266235352 1.16455423831939697266 0.60920929908752441406 0.08807705342769620027 1.59714102745056152344 -0.48763981461524957828 1.56959605216979980469 1.22751188278198242188 -0.93052977323532104492 -0.66689383983612060547 0.31194388866424560547 0.53253686428070068359 0.13811899721622458714 -1.06665885448455810547 1.61722385883331298828 -1.35284316539764404297 1.05339956283569335938 1.47436082363128662109 -1.30779325962066650391 -1.71432578563690207751 1.62368845939636230469 0.21198429167270660400 -0.62976187467575073242 -0.77084159851074218750 -0.43405237793922418765 0.52848726511001586914 -1.46233379840850830078 -0.65369951725006103516 -0.51140356063842773438 -0.06382168084383009476 -0.01950547657907000104 -1.59719264507293701172 1.44420051574707031250
-0.06511971354484549779 -0.26355060935020441226 1.23296344280242919922 0.91568076610565196649 0.14215011894702911377 0.19802190363407129459 -0.64676648378372192383 0.87228477001190185547 -1.02473866939544677734 0.03692607954144470211 0.63340294361114501953 0.46655735373497009277 -0.01285905204713340064 1.19471526145935058594 0.71813267469406127930 -0.76150488853454589844 1.24503254890441894531 1.29414355754852294922 1.11418521404266357422 -0.16834940016269681062 -1.07409167289733886719 1.55957281589508056641 1.51786279678344726562 -1.09212350845336914062 1.02815449237823486328 -1.37805283069610595703 -1.25574564933776855469 0.65776419639587402344 1.49196708202362060547 0.11591338366270059757 0.85021930932998657227 1.40686964988708496094 -0.31585350632667541504 -1.35364246368408203125 -0.89060068130493164062 -0.09918186813592909379 -1.38672924041748046875 0.71325939893722534180 -0.66214972734451293945 0.32663580775260919742 0.62746489048004150391 0.36828923225402832031 -0.05043843388557429919 -1.17468070983886718750 1.54334890842437744141 1.50415909290313720703 -1.36699485778808593750 -0.33546492457389831543 -0.64702290296554565430 -1.38240063190460205078 1.04561126232147216797
-0.39231973886489868164 -0.33006668090820312500 -1.36558973789215087891 -0.38938850164413452148 -0.74346143007278442383 -0.48085719347000122070 1.11089861392974831311 0.83732491731643676758 0.95921659469604481085 0.73777818679809570312 -0.39843380451202392578 -0.57726538181304931641 -1.11787843704223632812 0.56775212287902832031 -0.77247107028961181641 0.40209507942199701480 -0.17327907681465148926 0.76942622661590576172 0.95518380403518676758 0.11886180937290190263 -0.91923457384109497070 0.11801867187023160066 1.13408792018890380859 -0.15523386001586911287 -0.04849962517619130220 0.85844320058822631836 1.49362337589263916016 0.74866008758544921875 -0.72459715604782104492 0.58576554059982299805 0.98778456449508678094 0.82832551002502441406 1.33700096607208229749 -1.37781596183776855469 0.74213463068008422852 0.92534357309341441766 0.19538556039333340730 0.29257279634475708008 -0.08292066305875769872 -1.28856682777404807361 0.57978951930999755859 -1.30497479438781738281 -1.17846548557281494141 0.54316711425781250000 0.07986382395029059666 -1.64496290683746337891 0.53808701038360595703 -0.65169847011566162109 -0.86290949583053588867 1.45000469684600830078 1.11098146438598632812
0.23013849556446069888 0.37829786539077758789 -1.61705088615417480469 -1.42430651187896728516 -1.28636407852172829358 -0.87953597307205200195 -0.87904411554336547852 0.71765661239624023438 0.87420332431793212891 0.46811264753341669254 -1.70772004127502441406 0.23014986515045160465 0.20020705461502069644 -1.56341207027435302734 1.32625377178192138672 0.05580158531665799920 0.82722216844558715820 -0.95870471000671397821 0.56774199008941650391 1.40189313888549804688 0.30841964483261108398 -1.49152636528015136719 0.70937269926071166992 -0.88635933399200439453 1.27414631843566894531 -1.37122189998626708984 -1.25246894359588623047 -1.02970731258392311780 -0.15200002491474148836 1.35989236831665039062 -0.62674230337142944336 0.78241240978240966797 1.12842154502868630139 -0.77645450830459594727 0.19804395735263818912 -0.40992179512977600098 -0.69283056259155273438 -1.13769412040710449219 1.63141143321990966797 -1.40191471576690673828 -1.71787655353546142578 1.53263020515441894531 0.22634537518024439029 -0.97352427244186401367 0.49500149488449091129 -1.56151139736175537109 0.10204885154962539673 0.89200413227081298828 -0.04348303750157350017 -0.32704821228981018066 -0.56323289871215820312
1.38268470764160156250 0.88401943445205688477 0.53334015607833862305 -0.60373985767364501953 0.84065914154052734375 1.00678372383117675781 -0.68979907035827636719 1.47510194778442382812 1.30965805053710937500 -1.57029402256011962891 0.76792693138122558594 -0.45962566137313842773 -0.93688654899597156867 0.13869036734104150943 -1.26954424381256103516 1.23702025413513183594 -1.58412861824035644531 0.15623520314693450928 -1.36749076843261718750 1.37975060939788818359 0.26306486129760742188 1.34853279590606689453 0.78019440174102783203 -0.03360433876514429957 -1.44684219360351562500 1.11047148704528808594 -1.11107516288757324219 1.30249714851379394531 -1.05998051166534423828 -1.16809463500976562500 -1.22321188449859619141 -0.94770753383636474609 -1.32148599624633789062 0.55422741174697875977 0.36959585547447199039 -1.03127396106719970703 -0.57882279157638549805 0.58670723438262939453 -0.18536916375160208958 0.37275207042694091797 1.27825713157653808594 0.81662374734878540039 1.42271411418914794922 -1.67466688156127929688 0.36686193943023681641 -1.35524570941925048828 0.72554868459701538086 -0.39560630917549127750 -1.40852570533752441406 0.76149165630340576172 -1.71079468727111816406
-1.18578565120697021484 -1.01737236976623535156 -0.82023078203201293945 0.32068610191345209293 -0.85793554782867431641 1.71666026115417480469 0.46673884987831110172 0.76430737972259521484 0.54624706506729125977 0.18509954214096069336 -1.70366430282592751233 -0.15096761286258689183 1.25764584541320800781 -0.94249439239501964227 -0.78741508722305297852 0.37264788150787347965 1.50566446781158447266 -0.71176767349243164062 -0.39587661623954767398 -1.72597444057464599609 0.06692440062761299824 1.25389885902404807361 -0.86199897527694702148 0.58219975233078002930 0.59673529863357543945 -0.75072538852691650391 0.52118253707885742188 1.02508652210235595703 -0.57554757595062255859 0.36163419485092157535 -0.67233490943908691406 -0.16417951881885520238 -1.56165874004363991467 -1.55514371395111083984 0.83995676040649414062 1.08204615116119384766 -0.43505743145942687988 -0.69900369644165039062 1.48389244079589843750 -0.91288352012634277344 0.05480289459228510074 0.32610017061233520508 1.28970754146575927734 -1.52557790279388449939 -0.20060902833938598633 -0.22507129609584800023 -0.31795707345008850098 0.90541827678680419922 -1.52292287349700927734 -0.61889034509658813477 0.03503642231225959774
1.25696253776550292969 0.88587599992752075195 0.19447551667690268773 -0.86784189939498901367 0.26566612720489501953 -1.12923192977905273438 1.39716100692749023438 0.42333590984344482422 -1.40943193435668967517 0.58779990673065185547 -1.29434335231781005859 1.49452793598175048828 0.45491996407508850098 1.37996757030487060547 0.10944554209709160542 -0.97806113958358764648 0.22949649393558499422 -0.31429734826087951660 -0.59642082452774047852 -0.49905025959014892578 -0.15257215499877929688 0.72966229915618896484 -0.32229512929916381836 -0.97049432992935180664 -0.62822628021240234375 0.58868926763534545898 1.01422429084777832031 -0.78776615858078002930 1.66206336021423339844 1.13095831871032714844 1.30284702777862571033 -0.97505778074264515265 -0.14143240451812741365 0.41157111525535577945 1.50531435012817382812 -1.12217426300048850329 0.28663533926010131836 1.06652200222015380859 0.75074285268783569336 1.15063703060150168689 -1.14988577365875244141 -1.68198966979980490954 1.20882475376129150391 0.85650944709777832031 0.37904441356658929996 -1.24346399307250976562 -0.48966076970100397281 -0.27649751305580139160 -0.59839534759521484375 -1.01865327358245849609 -2.31286239624023437500
0.05737151205539699900 -0.53318524360656738281 -0.09056244045495980000 -0.33061689138412470035 -0.53533393144607543945 -0.13552474975585929173 -0.06909207254648200291 -1.68230438232421875000 -1.63184642791748046875 -1.60974419116973876953 -0.45444643497467041016 1.32170367240905761719 -1.29619538784027099609 -1.43299984931945800781 1.54481816291809082031 -0.41899701952934259586 -0.47940027713775629215 0.48274141550064081363 0.58332663774490356445 -0.28509366512298578433 0.71071904897689819336 -1.37281942367553710938 0.96946144104003917352 0.70452463626861572266 0.28202226758003229312 0.13012690842151639070 -0.21933552622795099429 -0.89994907379150390625 0.97952085733413696289 1.70395433902740478516 0.24852353334426879883 -1.14289271831512428967 1.71200835704803489001 0.17769612371921539307 1.20764029026031494141 -0.23941926658153531160 0.61392527818679809570 1.53852236270904541016 -1.39072787761688232422 -0.22776746749877929688 -1.46517086029052712171 1.49778318405151367188 1.69743728637695312500 -0.24167256057262420654 0.46675476431846618652 1.28313326835632324219 0.54290360212326049805 -0.51305174827575683594 1.52451848983764648438 1.04902660846710205078 0.48781237006187438965
-1.39880454540252685547 -1.15633845329284690173 -1.00298404693603515625 -0.77257770299911499023 -0.80743008852005004883 0.21847234666347500887 1.33215498924255371094 0.02124608308076849847 1.69260394573211669922 1.39846265316009521484 -0.02566645480692380035 -1.43057847023010231702 1.71624815464019775391 -1.38120186328887939453 -1.36813545227050781250 -0.85426062345504760742 0.26114052534103388004 -0.12592484056949609927 -1.72303247451782248767 0.43715772032737731934 0.85568374395370483398 0.07917736470699310303 0.14474511146545410156 0.55015087127685546875 -1.35380816459655761719 -1.12300872802734375000 1.32298851013183593750 1.51124703884124755859 -1.62923336029052712171 0.40954861044883728027 1.21874415874481201172 -0.99230718612670898438 1.27863848209381103516 0.93225204944610595703 0.34583273530006408691 -0.40302085876464838199 -1.01803064346313476562 0.30809482932090759277 -1.14779305458068847656 -1.02650117874145507812 1.13662195205688476562 -0.60203647613525390625 -0.12733109295368189029 -0.74781876802444458008 0.67999696731567382812 1.09731590747833229749 -0.46280622482299799136 1.06637001037597656250 -0.30544653534889221191 -0.53339904546737670898 -0.44749289751052850894
0.56586474180221557617 1.51482224464416503906 -1.63978874683380126953 -1.49048256874084472656 -1.19527387619018554688 -1.23214972019195556641 0.00565310241654509976 1.00473451614379882812 -0.13532014191150659732 1.28246438503265380859 -0.59822779893875122070 0.22500582039356228914 0.50642436742782592773 0.17073275148868560791 1.40807414054870605469 0.77043765783309936523 -0.37779149413108820132 -0.25330072641372680664 -0.39276242256164550781 1.42843699455261230469 1.35252845287322998047 -0.09103719145059580020 -1.37605237960815429688 -1.44105660915374755859 -0.13385012745857238770 1.63407838344573952405 -1.08364152908325195312 -0.75040990114212036133 -1.00694072246551513672 1.24938535690307617188 0.72284656763076782227 -1.14243698120117209704 -0.71265619993209838867 0.44436755776405328922 -1.55428242683410644531 0.52550971508026123047 -0.34532091021537780762 0.89984250068664550781 0.34952032566070551090 0.99758833646774280890 -1.33893370628356911389 0.08279564976692199707 0.29872056841850280762 1.11197304725646950452 1.44567739963531494141 -0.45559635758399957828 1.44587230682373046875 -0.91204881668090820312 1.10746824741363525391 1.68157756328582763672 -1.86892282962799072266
-1.31152534484863281250 -1.07446289062500000000 -0.97524219751358043329 0.02766113355755800071 -0.80269145965576171875 1.59101974964141845703 -1.21241569519042968750 -1.17075443267822287829 -1.27302026748657248767 1.74641227722167968750 -1.35649728775024391858 -1.14475142955780029297 -0.81898862123489379883 0.88682365417480468750 -0.08496937155723570390 -0.76442080736160278320 -0.26651442050933837891 -0.67843496799468994141 -0.12191814184188839998 -1.36586844921112060547 -1.36716735363006591797 1.31798315048217751233 1.47767305374145507812 1.02598524093627929688 -0.52248150110244750977 1.07617270946502685547 1.12352335453033447266 1.60779011249542236328 -1.73715388774871848376 0.85397940874099731445 1.25836348533630371094 0.56141537427902221680 -1.22349107265472389905 -1.03609561920166015625 -0.76888167858123779297 1.50652408599853515625 0.60452574491500854492 0.71958535909652709961 1.66877985000610351562 -0.90426671504974365234 -0.69643050432205200195 -1.60138678550720192639 -0.20168451964855191316 1.34443712234497070312 -1.21822822093963623047 0.73110115528106689453 -1.20364058017730712891 -1.45376598834991455078 -1.45191717147827170642 -1.02034783363342285156 0.12298928946256630634
-0.53757870197296142578 -0.15917345881462088841 0.19349573552608489990 0.53659659624099731445 -0.06412233412265770649 -0.60211741924285888672 -1.09672176837921142578 -0.96584856510162364618 -1.43772995471954367908 -0.67917817831039428711 0.40100815892219537906 0.46402156352996820621 1.29623627662658691406 -0.75227177143096923828 0.43059045076370239258 1.03068590164184570312 -0.09413240104913710160 0.95569527149200439453 -1.55066132545471191406 1.60844671726226806641 0.18505151569843289461 -0.16615350544452658910 -0.45163807272911071777 -0.81359237432479858398 1.54876494407653808594 1.43424355983734130859 1.02877295017242431641 -0.73399686813354492188 1.29741120338439941406 -0.24404747784137720279 -0.44735732674598688297 1.10023450851440429688 0.45845010876655578613 -0.51639682054519653320 0.75907242298126220703 -0.47808405756950378418 0.96474218368530284540 0.30685034394264221191 -1.26682806015014648438 -0.28158751130104059390 0.24814152717590329256 -0.22666035592555999756 -0.47520706057548517398 1.38403475284576416016 0.51195889711380004883 1.60872304439544677734 0.27760139107704162598 -1.08767950534820556641 -0.33905640244483947754 -0.88064855337142944336 0.94424921274185180664
0.98050504922866821289 1.59248745441436767578 2.07352232933044433594 0.82938247919082641602 1.91970396041870072779 0.05886830016970630297 -0.95055985450744640008 0.23434579372406000308 -0.43939253687858581543 0.35568094253540039062 -0.33540049195289611816 0.90265053510665882452 0.61063307523727416992 -1.27821242809295632092 0.01371774822473519929 -0.46508270502090448550 -1.41804838180541992188 0.09557218849658960513 -0.13835379481315610017 -0.93687540292739879266 1.27239477634429909436 1.54954254627227783203 0.09861472249031059956 1.14569294452667236328 -1.15661311149597167969 -1.58550155162811279297 -0.78984987735748291016 0.15899269282817840576 0.03620363026857369854 0.58180969953536987305 -1.56030225753784179688 -0.50765091180801391602 0.69156146049499511719 -0.36578261852264398746 -0.59135919809341430664 0.14557248353958129883 0.93704080581665039062 -1.60316646099090576172 -0.81399482488632202148 1.41636347770690917969 0.71986758708953857422 -1.22186136245727539062 0.82298249006271362305 0.23022903501987448949 -0.52540850639343261719 -1.25161874294281005859 0.54223406314849853516 0.25023519992828369141 -1.39789366722106911389 -1.47984552383422829358 0.09175355732440940160
2.00972127914428710938 1.58359134197235107422 2.38068675994873046875 0.94256824254989624023 3.21461749076843261719 -0.35982853174209589175 0.66506063938140869141 -0.48087811470031738281 -1.27259397506713889392 -0.66152644157409667969 -0.14430558681488028783 -0.39050751924514770508 -0.56957298517227172852 -1.24660205841064430921 -0.47769197821617120914 0.26607778668403619937 0.64492809772491455078 -0.07838390767574310303 -1.66304099559783935547 0.90393322706222523077 -1.11967146396636962891 1.54067385196685791016 0.07298852503299710359 -0.34624078869819641113 1.19303905963897705078 1.06945073604583740234 1.13718056678771950452 -0.16177654266357419099 -0.73288321495056152344 1.75163197517395019531 -0.68790441751480102539 1.22217094898223876953 -1.19871389865875244141 0.37627053260803222656 1.59919154644012428967 -0.58673346042633056641 0.31824383139610290527 -1.72450625896453857422 -1.47205114364624023438 -0.42637091875076288394 1.36237871646881103516 0.74555391073226928711 -0.79263216257095336914 -1.63906621932983398438 -0.56868094205856323242 -1.66849040985107421875 -0.83927345275878906250 1.63356959819793701172 1.35277855396270751953 1.42971074581146240234 2.33236360549926802221
-0.00262881745584299994 0.25877001881599420718 0.00053650082554660002 -0.32100105285644531250 -0.13244517147541040591 1.69830167293548583984 0.88231551647186279297 1.58833098411560058594 -0.65503758192062377930 1.25649988651275634766 0.66035866737365722656 -0.57435268163681030273 0.58540689945220947266 0.58862829208374023438 0.56645154953002929688 -0.33982372283935541324 -1.17683660984039306641 -1.06578278541564941406 -0.74118614196777343750 0.45370313525199890137 1.08063185214996337891 0.03823048621416089837 -1.54146528244018554688 0.16853795945644378662 -0.31568038463592529297 1.56192576885223410876 -0.44135543704032897949 -1.26607167720794677734 -1.02996349334716796875 -0.60016053915023803711 -0.70731472969055175781 1.66127824783325195312 -1.29231166839599609375 -1.21868383884429909436 1.34362864494323730469 1.58347201347351074219 1.01413524150848410876 0.37179541587829589844 -1.09561777114868164062 1.05023419857025168689 0.75051987171173095703 1.01859891414642311780 1.25617837905883789062 0.15687993168830868806 -1.33761358261108398438 -1.19994878768920898438 -1.03501594066619873047 1.25214219093322753906 -0.82450354099273681641 -0.37439364194869989566 -0.01606839522719380117
-1.20729327201843261719 -0.50848966836929321289 -0.64609104394912719727 0.62779182195663452148 -0.74705034494400024414 -0.32002732157707208804 0.84791672229766845703 -0.87007737159729003906 1.54031205177307128906 0.55132770538330078125 -1.51766872406005859375 1.00829100608825683594 -0.93570470809936523438 1.63797092437744140625 1.31660294532775878906 -1.16865622997283935547 -0.93191617727279663086 0.69315761327743530273 -0.29642850160598749332 0.96471840143203735352 -1.04038572311401367188 0.83397763967514038086 -0.41947489976882929019 0.67853152751922607422 1.29012358188629150391 1.49155104160308837891 1.64967429637908935547 -0.34830537438392639160 0.59572720527648925781 -0.92495846748352039679 1.18044304847717285156 -1.32981765270233154297 -0.03625755384564399719 1.41252768039703369141 -1.19009375572204589844 -0.82241171598434448242 -0.36757811903953552246 1.21412098407745361328 1.12241935729980490954 -1.19478142261505126953 -0.54679119586944580078 -0.81099933385848999023 -1.02573764324188232422 -0.83569103479385375977 0.99014741182327281610 1.61197137832641601562 -0.40982639789581298828 1.07907378673553489001 1.65438449382781982422 -0.61712485551834106445 0.33096253871917719058
-1.08378779888153076172 -1.61504900455474831311 -1.56465721130371093750 -1.65416562557220458984 -1.07394194602966308594 0.65776956081390380859 1.33957827091217041016 0.95043098926544200555 0.91761118173599243164 -1.23020875453948952405 -1.20806920528411887439 1.37072467803955078125 0.11897762119770050049 1.71726024150848410876 -0.66887432336807250977 -0.17316065728664389867 1.52236557006835937500 1.05172479152679443359 0.91165071725845336914 -1.35762774944305419922 -1.55611896514892578125 -1.13764142990112304688 -0.23226661980152130127 0.64876139163970947266 -1.50323605537414550781 0.32712584733963012695 0.02231031470000740050 -0.21011768281459800023 0.04623484238982199929 -1.63576734066009521484 -1.67274475097656250000 1.04515767097473144531 1.60450482368469238281 1.42500114440917968750 -0.45076224207878107242 0.23132228851318359375 0.58764648437500000000 -1.09542703628540039062 -1.63142931461334250720 -0.97573280334472656250 -0.97198683023452758789 -1.47111737728118896484 -1.15637409687042236328 0.35906112194061279297 0.01828695274889460126 0.70394015312194824219 -1.19316160678863525391 -0.88683402538299560547 -0.75073009729385375977 0.47202453017234802246 -0.77249622344970703125
0.20010228455066680908 0.22094546258449548892 -0.25830182433128351382 -0.74283689260482788086 -0.09260979294776909565 0.06210998073220250215 -1.48676395416259765625 -1.03782129287719726562 1.51948451995849609375 -1.44019818305969238281 -0.11964149028062820435 0.98497301340103160516 0.77975571155548095703 -0.51047748327255249023 -1.39114987850189208984 -0.13015058636665338687 -0.55025202035903930664 0.66112655401229858398 -0.73684543371200561523 -0.92835789918899536133 1.08679640293121337891 -0.04350960254669179739 0.53789705038070678711 -0.76947903633117675781 1.23208594322204589844 0.12173195928335189819 -1.22437834739685058594 1.26980459690093994141 -1.45885527133941650391 1.52471852302551269531 -0.63064128160476684570 0.02757044136524200093 1.72044050693511962891 0.16672727465629569310 -0.61548757553100585938 0.06251688301563260164 -0.97896063327789317743 -0.03352636471390720019 -0.55082690715789794922 -0.51298570632934570312 1.44076251983642578125 -0.25291779637336730957 1.00525152683258056641 0.77818650007247924805 0.12956464290618890933 -1.47983884811401367188 -1.49058866500854492188 0.00427608843892810040 -0.01732276566326609868 1.57289755344390869141 -0.30620267987251281738
-0.79238200187683105469 -0.16621638834476470947 0.37903925776481628418 0.45780485868453979492 -0.31569880247116088867 -1.03044247627258300781 -1.54656624794006369861 1.60614645481109619141 1.31548607349395751953 -1.14526689052581809314 -0.41352513432502741031 0.26179602742195129395 0.84958231449127197266 -1.21913897991180419922 -1.60149633884429909436 1.20036351680755615234 1.54207408428192138672 1.58605158329010009766 -1.41091203689575195312 0.79958713054656982422 -0.26897099614143371582 0.36617055535316467285 0.09142694622278209338 -0.00765640754252670027 -0.97822409868240356445 0.74753576517105102539 -0.86418712139129638672 -0.88978964090347290039 -0.88156825304031372070 0.11218453198671339555 0.13329757750034329500 -0.10465282946825020527 0.29791972041130060367 -0.70190930366516113281 1.13473081588745117188 1.69951319694519042969 0.78001654148101806641 -0.33593377470970148257 -0.23126789927482599429 1.33030569553375244141 -1.34523832798004150391 0.28374180197715759277 -0.01601327769458290098 0.85543090105056762695 -1.01158130168914794922 -0.02550634555518619881 -1.04038274288177490234 1.75043916702270507812 1.62280654907226562500 -1.56234204769134521484 0.76949572563171386719
1.20493125915527343750 1.50364518165588378906 2.34190106391906738281 1.65707802772521950452 2.93889832496643066406 0.37908694148063659668 -0.07231781631708139590 1.38154029846191406250 1.26003742218017578125 -0.15923228859901419896 0.29100146889686578922 -1.16717386245727539062 -0.23285013437271109837 -0.92434662580490123407 0.39596670866012567691 -0.20253905653953549471 -0.34562927484512329102 0.07638888061046600342 0.23916712403297418765 0.11799892783164969701 0.85468149185180664062 -0.56096875667572021484 -1.24497115612030029297 -0.90912503004074096680 -1.27019441127777099609 -0.96216160058975219727 0.91641128063201904297 -1.49414336681365966797 1.56941282749176047595 -0.78534460067749023438 -0.87594538927078247070 -1.11230027675628662109 -1.14793455600738525391 0.12799167633056640625 0.17951776087284079808 -0.76316404342651367188 1.20501422882080078125 0.33528715372085571289 -1.69362103939056396484 -1.39514958858489990234 -1.02447938919067382812 0.54608654975891113281 1.30271661281585693359 -0.40741109848022460938 -1.43666970729827880859 -0.95382809638977039679 -1.45781767368316650391 0.76978814601898193359 0.70121264457702636719 1.26727735996246337891 1.39056694507598876953
-0.06218641251325599667 0.09424762427806850085 0.71639710664749145508 1.62009251117706298828 0.22515414655208579320 0.42285972833633417300 -1.28590822219848632812 0.50955760478973388672 -0.79119157791137695312 1.58545315265655517578 0.26138857007026672363 -0.09923235327005379414 1.00499570369720458984 -0.93066221475601196289 0.95402300357818603516 -0.47563284635543817691 0.34734350442886352539 0.88054829835891723633 -0.19755832850933069400 -0.13135963678359979800 -1.68788647651672363281 0.51499342918395996094 1.59174084663391113281 1.38216364383697509766 1.09779250621795632092 -0.56376481056213378906 0.92969030141830444336 0.59159457683563232422 1.12429988384246848376 0.91020429134368896484 0.40432521700859069824 0.68967908620834350586 1.43947112560272216797 -0.58606159687042236328 0.12561774253845209293 1.60658383369445800781 0.62250673770904541016 1.56870794296264648438 -0.74990850687026977539 -1.18902695178985595703 0.42448738217353820801 -1.66220498085021950452 1.67508435249328591077 1.62529349327087402344 1.52625322341918967517 0.34994769096374511719 0.37460961937904357910 0.99783414602279663086 0.96032214164733875617 1.58930575847625710217 1.36426472663879394531
1.07559382915496848376 0.40812489390373229980 1.52081620693206809314 1.28248190879821777344 1.52836036682128906250 -1.34695410728454589844 1.75200998783111550061 -1.43601226806640625000 -0.08284872770309439916 1.50006711483001708984 0.98076289892196655273 0.78280973434448242188 -0.61239326000213623047 0.89571040868759155273 -1.46714353561401367188 0.83669924736022949219 1.13318586349487304688 -0.25096938014030450992 -1.13754212856292724609 -0.23341102898120880127 -1.62001109123229980469 1.61473298072814941406 1.28743529319763183594 1.02798497676849365234 -1.68910837173461914062 -0.28391632437705988101 -0.01596506312489499868 -1.46956229209899902344 0.28314271569252008609 0.70257270336151123047 -0.54119229316711425781 -0.95238685607910156250 0.01610434241592879900 -1.50567913055419921875 0.21627381443977350406 -0.06852366775274269795 0.86452317237854003906 1.03627836704254150391 1.08088791370391845703 1.08794546127319335938 -0.90939861536026000977 1.48492431640625000000 1.46742689609527610095 1.56974625587463378906 0.53398770093917846680 -1.49700224399566650391 -0.13185843825340270996 1.10660910606384277344 -1.17438888549804687500 -0.32425481081008911133 -0.81763070821762084961
0.67921710014343261719 0.13716363906860348787 -1.52801084518432617188 -1.49813973903656005859 -1.12951779365539550781 0.69248545169830322266 -0.31822073459625238590 -0.06926286220550530170 -0.86114102602005004883 1.61076331138610839844 -0.21487696468830108643 -0.95214074850082397461 -1.61939597129821777344 1.70056545734405517578 1.64388930797576904297 -0.29684147238731378726 1.10875344276428222656 -0.38592216372489929199 -0.40929168462753290347 0.79885846376419067383 -1.54073035717010498047 -1.32287073135375976562 1.04817903041839599609 -1.45063245296478271484 -0.19202791154384610262 -0.04983724281191820316 -0.15732754766941070557 -0.03237389400601380085 -1.03781282901763916016 -1.55847585201263449939 0.46291995048522949219 0.85655665397644042969 0.91114163398742675781 0.26248997449874877930 -0.25783714652061462402 -1.28928923606872558594 -1.72241878509521484375 1.14654064178466796875 0.91922301054000843390 1.38707864284515380859 0.33709350228309631348 -0.08023373037576669864 0.75202286243438720703 1.00086283683776855469 1.08644509315490722656 0.55889213085174560547 1.26581203937530517578 -1.02675437927246093750 -1.15438449382781982422 1.74161195755004882812 -0.72024661302566528320
1.24517869949340820312 0.39323535561561578922 -1.20048296451568603516 -1.34477889537811279297 -0.66171115636825561523 -1.42740011215209960938 -0.72028410434722900391 -0.64245486259460449219 -0.22472557425498959627 -1.04008615016937255859 0.16301189363002768773 1.46204912662506103516 1.30154192447662353516 -0.42557561397552490234 0.84980040788650512695 0.97744566202163696289 -1.62922716140747070312 -0.05599965155124660143 -1.25251185894012428967 -0.54089963436126708984 1.07033574581146240234 0.94320154190063476562 -0.51314681768417358398 0.92954057455062877313 -0.54374974966049194336 -0.64673322439193725586 1.17406487464904807361 0.22506009042263031006 -0.47506019473075861148 0.02370417304337019831 -0.63580483198165893555 1.15793573856353759766 -1.71853315830230712891 1.28287911415100097656 -0.96714633703231800421 -0.06127757951617240212 0.64096552133560180664 -1.31830370426177978516 0.81747895479202270508 -1.43463432788848876953 -0.21120263636112210359 0.38717541098594659976 -1.66394650936126708984 0.39941430091857910156 1.02461087703704833984 0.61650097370147705078 0.34300324320793151855 0.78393703699111938477 -1.11532521247863769531 0.55409735441207885742 -1.92748105525970481189
-0.00250308960676189985 -0.49794653058052057437 -1.38971996307373046875 -1.59167778491973876953 -1.15026664733886718750 0.49727505445480341129 -0.93557488918304443359 0.24617819488048550691 0.77312797307968139648 -1.53833019733428955078 1.60835909843444824219 0.47551301121711730957 0.21900105476379388980 -0.18843702971935269441 -1.16670191287994384766 -1.04231083393096923828 -0.15105934441089630127 -0.97671556472778320312 1.07305562496185302734 -0.63978904485702514648 -1.69147789478302001953 -0.46810141205787658691 -1.40150153636932350842 0.12703984975814819336 0.52343618869781494141 -0.81054592132568359375 -0.60758554935455322266 -1.30467617511749289783 1.67208254337310791016 0.89472943544387817383 1.08214688301086447986 -1.21136593818664550781 1.34027981758117675781 -1.12642633914947509766 -1.02775049209594726562 -1.03870022296905517578 -0.67790448665618896484 -1.22785842418670632092 1.04589569568634033203 1.22423422336578369141 -1.62102019786834716797 1.68409180641174316406 -1.49054777622222900391 -1.76887273788452170642 -0.12615256011486050691 1.08452749252319335938 -1.55054545402526855469 1.33304274082183837891 0.54650223255157470703 0.63426351547241210938 0.51726603507995605469
-1.72713434696197509766 -1.59820067882537841797 -1.57486021518707275391 0.46939972043037409000 -1.04486334323883056641 -0.38267064094543451480 -1.34242451190948486328 -1.43925440311431884766 -0.58888822793960571289 -1.05768227577209472656 1.59679257869720458984 -0.57152616977691650391 1.29230320453643798828 -1.38556456565856911389 1.17684936523437500000 1.78805029392242431641 0.16443781554698941316 -0.41340705752372741699 0.86649292707443237305 1.25513565540313720703 0.00785856693983070023 -1.11003005504608154297 1.54406774044036887439 0.93716192245483398438 0.22127841413021079320 1.55602443218231201172 -0.90820717811584483758 -0.98752033710479736328 0.73661929368972778320 -0.68417811393737792969 -1.09878385066986083984 0.00869756937026970080 -0.97959208488464355469 1.57088744640350341797 0.98605006933212280273 -0.39514014124870300293 0.23078118264675140381 1.03201222419738769531 -0.53090584278106689453 1.50457477569580078125 1.29293382167816162109 0.13048742711544031314 0.99027711153030395508 -0.60729271173477172852 -1.54421377182006835938 0.10520468652248379793 -1.47844183444976806641 0.36978262662887567691 -0.71158438920974731445 1.16835510730743408203 0.17841148376464840974
-0.13689112663269040193 0.53073841333389282227 0.06230892241001120130 -0.53001374006271362305 -0.16474193334579459447 -0.28382390737533569336 0.55815213918685913086 0.23470270633697509766 -0.83801269531250000000 -0.02912773936986920095 -0.91938322782516479492 -0.16252018511295310277 -1.40503239631652832031 -1.33749270439147949219 -0.39927330613136291504 0.92458981275558482782 -1.30451035499572753906 -1.45680439472198486328 0.66188830137252807617 -1.10106182098388671875 0.69694513082504272461 0.51039403676986694336 -1.12813377380371093750 -1.35429477691650390625 0.60871142148971557617 1.14237868785858154297 -0.85880047082901000977 -1.12645578384399391858 -0.97740238904953002930 1.40215241909027099609 1.01107025146484375000 1.28673279285430908203 -1.19134521484375000000 -1.63402950763702392578 -0.99859625101089477539 -0.05005067959427830088 -1.52149248123168967517 -1.23685789108276367188 1.13775968551635742188 -1.47882652282714843750 -0.57022166252136230469 -0.96056842803955078125 1.01356196403503417969 0.60071307420730590820 0.07436276227235789904 -1.26661884784698486328 -1.08350002765655517578 -1.32077741622924804688 -0.39753594994544977359 0.87098979949951171875 -0.30570232868194580078
-0.23727141320705411043 0.41520276665687561035 -0.25391852855682367496 -1.34110915660858154297 -0.27332147955894470215 -0.39805686473846429996 1.43963479995727539062 1.63840866088867209704 0.88454133272171020508 0.49472463130950927734 0.39823824167251581363 0.63800519704818725586 0.19384895265102380923 1.72940444946289062500 1.25003314018249511719 -1.06630790233612060547 0.68847990036010742188 -1.67100703716278076172 0.11073131114244459672 -0.03818381205201139966 1.44114899635314941406 1.57654285430908203125 0.64377021789550781250 -1.50317287445068359375 0.39342013001441950015 0.04279655963182440320 1.63913834095001220703 -0.91066241264343261719 1.43302714824676513672 0.09889943152666090531 0.69542223215103149414 0.21804890036582941226 -0.95471584796905517578 -1.17867887020111083984 -1.29471862316131591797 -0.58145821094512939453 -1.07039153575897216797 0.40564256906509399414 1.46745347976684570312 1.30239045619964599609 1.05452394485473632812 -0.86322695016860961914 -1.23121750354766845703 0.60262054204940795898 0.66045445203781127930 -0.42654290795326227359 -1.42641174793243408203 -0.02730993740260600003 0.44236683845520019531 0.08164870738983150134 -0.20978096127510070801
0.47081807255744928531 0.62062913179397583008 1.18215715885162353516 0.99253064393997203485 0.45420455932617187500 -0.10320329666137689761 1.67542874813079833984 0.32402607798576349429 1.16123485565185569079 1.18091273307800292969 -0.42891505360603332520 0.50283986330032348633 1.09823024272918701172 -1.72064638137817382812 -1.64663934707641601562 1.08088731765747070312 0.27227929234504699707 -1.15738403797149658203 -1.47914350032806396484 -0.37966808676719659976 -1.29317283630371093750 1.60092270374298095703 -0.42969515919685358218 -1.10032784938812255859 1.08126568794250488281 0.12079317867755889893 1.60305762290954589844 0.87566012144088745117 -0.56693631410598754883 -0.55563074350357055664 -0.08108229190111160278 0.98532211780548095703 -0.53620201349258422852 1.47041201591491699219 0.29587146639823908023 -1.21920895576477050781 0.96734410524368275031 -0.37871086597442621402 -1.32840645313262939453 1.20923995971679687500 -0.98454487323760997430 -0.45738703012466430664 0.27618098258972167969 -0.24975000321865079012 -0.43249088525772089175 -1.64511001110076904297 -0.48017844557762140445 -0.38678738474845880679 -1.33469974994659423828 1.09801638126373291016 -0.92824035882949840204
0.26511266827583307437 0.77484351396560668945 1.95270049571990966797 1.48976433277130126953 1.08782351016998291016 -0.49011006951332092285 -0.62952989339828491211 0.36838555335998529605 0.55338585376739501953 -0.65578031539916992188 -1.04344522953033447266 -1.22597014904022216797 0.95930814743042003290 -1.06121468544006369861 -0.58053803443908691406 0.29504224658012390137 1.15221965312957763672 0.19636763632297510318 -1.75341749191284179688 0.19130791723728179932 0.56782758235931396484 -1.23941087722778320312 -1.39800310134887695312 0.35304269194602960757 -0.44415307044982910156 1.21500015258789062500 1.61344897747039794922 -1.63135254383087158203 -1.03933227062225341797 -1.41800892353057861328 -0.79787921905517578125 1.69451034069061279297 0.31030672788619989566 0.41486233472824091129 -0.31448748707771301270 1.44311082363128662109 0.03372453525662420099 -0.52996772527694702148 0.71206444501876831055 0.89716184139251708984 0.95744156837463378906 -0.96478176116943359375 0.70758050680160522461 -0.92597639560699462891 0.18324534595012659244 -0.15982820093631738834 1.37590956687927246094 -0.68965566158294677734 -0.10341639071702950214 -1.50180697441101074219 -0.43592378497123718262
-0.10030794143676749486 -0.45294511318206781558 -0.07441969960927960481 0.77008652687072753906 -0.37426453828811639957 1.74091768264770507812 0.79731351137161254883 -0.92077505588531483038 1.24241566658020019531 -1.21575069427490234375 0.09354484826326370239 0.80411702394485473633 -1.60700893402099609375 0.20459787547588340062 -0.19132606685161590576 -1.15933692455291770251 -0.92188239097595203742 0.16018064320087430086 -0.25826942920684808902 -0.89014261960983276367 -1.49751210212707519531 0.44299474358558649234 -0.51912927627563476562 0.28861075639724731445 -1.67911267280578591077 1.62490224838256835938 -0.42133885622024530582 1.23822355270385742188 -0.05903078243136399700 -0.21499401330947870425 -0.78467845916748046875 -1.09920430183410644531 1.29827105998992919922 -0.27838674187660217285 0.35389605164527887515 1.49571228027343750000 -1.60947322845458984375 0.73049068450927734375 1.56565463542938232422 0.11254867911338800601 -0.95413684844970703125 -1.18355262279510498047 -0.74419790506362915039 1.06966555118560791016 -0.37245285511016840152 -0.36570227146148681641 -1.55272388458251953125 -1.38549733161926269531 -0.99957358837127685547 0.44876700639724731445 0.87342393398284912109
0.34166970849037170410 1.09613847732543967517 0.23192186653614038638 -0.56425684690475463867 0.07513190060853949803 0.08402998000383370136 -0.28748121857643127441 -0.98631781339645396844 -1.23216760158538818359 0.35464915633201599121 0.00697191851213569986 1.45239067077636718750 1.21652054786682128906 -1.02905225753784179688 0.43185785412788391113 -0.24194909632205960359 -1.18003404140472389905 -1.62439668178558349609 -0.74987727403640747070 -0.41777795553207397461 -1.08386135101318359375 0.29954779148101801090 -1.13061380386352539062 -0.86992174386978149414 -1.66317105293273925781 1.55022180080413818359 -0.59337133169174194336 0.42845836281776428223 1.21572792530059792249 -0.45605462789535522461 -0.72917115688323974609 -0.77162951231002807617 1.04540622234344482422 0.02725210972130289941 0.38993203639984130859 -0.28250139951705932617 -1.53910279273986816406 0.32166045904159540347 1.04838681221008300781 1.30989634990692138672 0.78406417369842529297 -1.40207815170288085938 1.76483428478240966797 -0.72363156080245971680 -0.98907101154327403680 1.33165824413299560547 -0.06097215041518209977 0.86375248432159423828 1.30435252189636230469 1.73154067993164062500 -2.01932692527770996094
0.98827356100082397461 0.50834143161773681641 0.64844369888305664062 -0.06043801829218860278 0.73471581935882568359 1.62902390956878662109 -0.05525758862495420282 -1.05605947971343994141 1.34445977210998535156 0.46841490268707269840 -0.57885020971298217773 -0.96789824962615955695 0.77879095077514648438 -0.18824924528598779849 -1.53553688526153564453 0.65259456634521484375 0.08670978248119350085 1.47992992401123046875 -0.31639105081558227539 -0.71348905563354492188 -0.90767538547515880243 -0.89192521572113037109 -0.86739307641983032227 -0.31683808565139770508 0.72521805763244628906 -0.29225286841392511539 1.40022695064544677734 0.20862883329391479492 0.86850911378860473633 -1.12598073482513449939 1.01362609863281250000 -0.18196931481361389160 -1.22880864143371582031 0.33127820491790771484 0.71245461702346801758 0.76700800657272338867 -0.20736522972583770752 -0.05673025548458090345 0.20210526883602139558 1.58207738399505615234 1.53287124633789062500 -0.65193575620651245117 0.52550858259201049805 1.29113674163818359375 1.35429549217224121094 -0.55026400089263916016 -0.20842665433883658666 0.45679736137390131168 -1.26060664653778076172 -0.93425309658050537109 -1.48817646503448486328
1.47440004348754882812 1.11593115329742431641 -0.35086706280708307437 -0.39908796548843378238 -0.06159251928329460141 0.58258610963821411133 -1.03774344921112060547 -0.69435536861419677734 1.06078815460205078125 -1.11870777606964111328 1.36260426044464111328 1.39077615737915039062 -0.80071705579757690430 -1.18626379966735839844 1.64694380760192871094 -0.32235637307167047672 -0.50991904735565185547 1.02767157554626464844 -1.45105969905853271484 1.05914807319641113281 -1.48190903663635231702 -1.10340905189514160156 -0.50560510158538818359 0.65163040161132812500 -0.81603044271469116211 0.57719528675079345703 -1.22333514690399169922 -0.89027541875839233398 -1.30011785030364990234 0.41045254468917841129 -0.28649142384529108218 -0.39478167891502380371 0.16348147392272949219 1.33290493488311767578 -0.65032190084457397461 -1.55256915092468261719 -1.47866714000701904297 0.66320055723190307617 1.53613865375518798828 0.01761480979621410023 -1.61903870105743408203 -1.44781625270843505859 -0.86607408523559570312 1.01827502250671408923 -0.53959602117538452148 -0.62145823240280151367 -0.80992436408996582031 1.35615098476409912109 0.29455929994583129883 -1.53654718399047829358 -0.96180260181427001953
-1.28855884075164794922 -1.47562456130981445312 -1.41489684581756591797 1.21269941329956032483 -0.79173386096954345703 1.62028932571411110608 0.68099927902221679688 -1.68944287300109863281 1.49426949024200439453 -0.82791805267333984375 -1.38088917732238769531 -1.70338785648345969470 -0.55906993150711059570 1.23678970336914062500 -0.92911410331726085321 0.45137003064155578613 -1.34364354610443115234 -0.49566677212715148926 1.37454509735107421875 -1.72993683815002441406 0.79701370000839233398 1.45560479164123535156 -1.29992592334747314453 -0.98026150465011596680 -1.63758873939514160156 -1.23031175136566162109 -0.38836875557899469547 -1.09752094745636008533 -0.08730819076299660420 -1.05009579658508300781 -1.63025045394897460938 1.49502170085906982422 0.39689087867736810855 -0.67811703681945800781 1.54002976417541503906 -0.72339808940887451172 0.74515616893768310547 0.62587904930114746094 0.44207364320754999332 1.50707817077636718750 -1.73436796665191650391 -0.63500487804412841797 -0.26437717676162719727 -1.25235068798065207751 0.43014034628868097476 -0.05220196768641469781 -1.39656925201416015625 -1.60062134265899658203 1.50783669948577880859 -0.49546664953231811523 0.19573906064033499974
-0.99316555261611938477 -1.61042904853820800781 -0.20551732182502741031 0.23016995191574091129 -0.47926673293113708496 -1.28687584400177001953 1.68886148929595969470 1.25177204608917236328 1.61047029495239257812 0.95586472749710083008 -1.49453234672546408923 1.48241722583770751953 1.36707830429077170642 -1.02427494525909423828 0.96095061302185058594 1.20800495147705078125 -0.28204244375228881836 -1.21495270729064941406 -0.93893200159072875977 -0.17496693134307861328 1.53796064853668190686 -1.36516022682189941406 -1.62078762054443359375 1.37569880485534690173 -1.43197047710418701172 -1.57445871829986550061 0.93963545560836803094 -0.28508394956588739566 -1.40565586090087890625 1.64786660671234130859 -1.22399520874023437500 -1.12854480743408203125 1.49805736541748046875 0.26533678174018859863 0.12075190246105189928 1.37908732891082763672 0.65165293216705322266 0.61260432004928588867 1.51525652408599831311 0.31412321329116821289 0.11585506796836850252 -0.33861485123634338379 -0.51949214935302734375 1.15697395801544189453 0.74639165401458740234 -1.33596289157867431641 1.39679455757141113281 -1.15569174289703369141 1.30552518367767311780 0.47824698686599731445 -0.57846206426620483398
0.26025867462158197574 -0.40041834115982050113 0.76050889492034912109 1.02861368656158447266 0.70907002687454223633 1.32583403587341308594 0.18956907093524930086 1.60580682754516601562 0.63778275251388549805 -1.17985439300537109375 -0.61239123344421386719 -0.96502965688705444336 -1.05038750171661376953 -0.65474468469619750977 1.13781654834747314453 1.69893586635589599609 1.15268051624298095703 -1.45850181579589843750 -0.68533605337142944336 -1.12666785717010498047 -0.64394074678421020508 1.33716297149658203125 -0.23668591678142539281 -1.41999471187591552734 -1.24016666412353515625 -0.72145920991897583008 0.93302053213119517938 -0.34071612358093261719 -0.88795137405395507812 0.27692633867263788394 0.45743954181671142578 0.74832260608673095703 -1.09028327465057350842 0.97992110252380359992 1.08475077152252197266 -0.34077060222625732422 -1.43120872974395751953 -0.77200406789779663086 0.75495654344558715820 -1.49101424217224121094 -0.70473110675811767578 0.88798809051513671875 0.51110625267028808594 1.68148434162139892578 0.72599780559539794922 0.26097765564918518066 -1.62426733970642089844 1.71663153171539306641 1.67418229579925537109 0.00254916190169749996 1.38902139663696289062
0.76691699028015136719 0.51334166526794433594 1.43567085266113281250 0.59229493141174316406 1.28067755699157714844 -0.19304232299327850342 0.56994885206222534180 -0.81467622518539428711 0.58304691314697265625 -1.03079342842102050781 1.02112221717834472656 0.23757022619247430972 -0.42439824342727661133 -1.55858516693115234375 -0.86115425825119018555 0.79980981349945068359 -0.08055716007947920365 -1.08095884323120117188 -0.24017393589019769840 0.15022170543670648746 -1.17081880569458007812 -0.34936454892158508301 0.77666682004928588867 -1.07264029979705810547 -1.07909464836120605469 1.29989945888519287109 0.77239489555358886719 0.20253765583038330078 -0.96468764543533325195 -0.27868622541427612305 -1.52365577220916770251 -0.93244194984436035156 0.01208023168146610087 -1.51869571208953857422 -1.45806121826171875000 -0.78561925888061523438 1.10778021812438964844 -0.46045038104057312012 1.12271583080291770251 -0.14842283725738519840 -0.31624987721443170718 -1.11995518207550048828 1.17686188220977783203 -0.16954952478408810701 -0.75028133392333984375 0.11797147244215010209 -1.00546145439147949219 -0.41408574581146240234 -1.39165413379669189453 -0.04051322489976880159 -1.02162194252014160156
1.49761188030242919922 1.38719725608825683594 -0.11504983156919479370 -1.10757684707641601562 0.09228049218654629793 0.47153478860855102539 -1.37275826930999755859 1.43951165676116943359 -0.26673322916030878238 -0.11116293072700500488 1.76871263980865478516 0.31661126017570490054 -1.30213820934295632092 1.18692255020141601562 1.60453641414642311780 -1.11213374137878417969 -1.43618202209472656250 0.34222188591957092285 0.66947144269943237305 0.17575344443321219701 1.61687386035919189453 -1.29490339756011962891 0.16473340988159179688 -0.92560684680938720703 0.59468090534210205078 0.63459265232086181641 -0.02857515029609199869 -1.69327580928802490234 -0.23432399332523340396 -1.32825875282287597656 0.16585238277912139893 -1.69858014583587646484 1.64223575592041015625 -1.15514695644378662109 -1.64266157150268554688 -0.34318566322326660156 -1.28134393692016601562 -0.28680077195167541504 1.22247409820556640625 -0.13632577657699579410 0.42098939418792719058 0.36984980106353759766 -0.25930300354957580566 -1.45561623573303222656 0.01875392347574229845 -0.77883470058441162109 1.58286356925964355469 0.35775679349899291992 -1.53702044486999511719 0.99218034744262695312 -0.18664440512657159976
0.77072942256927490234 0.58307844400405883789 -0.18169628083705899324 -0.90129721164703358038 -0.23698298633098599519 -0.26563560962677001953 1.50603353977203369141 0.61009752750396728516 -1.30751669406890869141 0.82130342721939086914 1.76233065128326416016 0.05539946630597109706 1.34170639514923095703 1.62719726562500000000 1.69575107097625710217 1.75940144062042236328 -1.10429131984710693359 1.54346632957458496094 0.97606247663497924805 -1.51654195785522460938 -1.50773036479949951172 0.12812185287475580386 -0.87679558992385864258 -0.97645789384841918945 -1.62572681903839111328 0.45652902126312250308 0.26941108703613281250 0.30057018995285028629 1.65840804576873779297 1.77706706523895263672 0.79637879133224487305 -0.50929975509643554688 0.68102824687957763672 -0.01642280817031860005 1.42237389087677001953 -0.64841574430465698242 1.18274807929992675781 0.99905085563659679071 -1.44814229011535644531 -0.21451924741268149632 -1.12781143188476562500 -1.17441701889038085938 -0.93610334396362304688 0.92973136901855479852 -1.11768519878387428967 1.61437416076660156250 1.54193365573883056641 1.13534700870513916016 0.31577917933464050293 0.45696106553077697754 -1.85344827175140403064
1.32238447666168190686 1.16410303115844726562 0.18221959471702570132 -0.91730475425720203742 0.13237439095973960179 0.95432376861572276727 0.54552811384201049805 0.23177300393581390381 -0.49561369419097900391 1.57639372348785400391 -1.34443330764770507812 -1.48696136474609375000 1.06442821025848410876 -1.22240662574768088611 -0.12733337283134460449 0.93427240848541259766 -0.91161125898361194952 1.12527692317962646484 1.48334336280822753906 1.30528104305267311780 0.87029057741165161133 -1.16533613204956032483 1.68150877952575683594 0.42359909415245050601 1.24796557426452636719 -0.97439146041870117188 -0.66022682189941406250 0.72613328695297241211 -1.11959683895111083984 -0.10461118817329399799 0.89076918363571166992 -1.37497234344482421875 -0.84767985343933105469 0.77613449096679687500 1.21114277839660644531 -0.62266296148300170898 0.98520296812057495117 -0.92008501291275024414 -0.71593040227890014648 -0.74216443300247192383 -0.75346022844314575195 1.20765924453735351562 0.33281508088111877441 -1.33753573894500710217 -0.68680989742279052734 -0.09965895861387250032 0.67360192537307739258 0.94441562891006480829 -1.35981869697570800781 -1.41029369831085205078 -1.26942431926727294922
-0.05292114615440360326 0.61976855993270874023 -0.38915869593620300293 -1.14794826507568359375 -0.33779144287109369449 -0.17209015786647791080 1.59658932685852050781 0.93676352500915516242 -1.26841223239898681641 1.28855502605438232422 -0.79080295562744140625 0.01066639088094229956 -0.44003391265869140625 1.49028038978576660156 1.53181207180023193359 0.57205259799957275391 -0.40362566709518432617 -0.80379015207290649414 0.66721665859222412109 1.36053645610809326172 -0.37983280420303339175 1.38395905494689941406 -0.42086079716682428531 0.87899428606033325195 -1.45075011253356911389 0.70695161819458007812 -1.36949825286865234375 0.94359177350997924805 -0.20873157680034629124 -0.01504552084952590074 0.69125926494598388672 -0.74951916933059692383 0.83535408973693847656 -1.27510678768157958984 -0.29933568835258478336 -1.57422554492950439453 -1.05853998661041259766 -0.26664167642593378238 0.05095449835062020039 -1.37532067298889160156 1.30746173858642578125 -0.54267525672912597656 1.22275245189666770251 -0.46893483400344848633 0.66282397508621215820 1.47157096862792968750 -0.14298589527606961336 0.69685959815979003906 -0.76858067512512207031 1.19348287582397460938 -0.81672209501266479492
-0.55393993854522705078 -1.06647145748138449939 -0.92090767621994018555 -0.77874046564102172852 -0.50696766376495361328 -1.00965547561645507812 -1.26611185073852539062 -0.80750668048858642578 -0.15757782757282248753 0.23609252274036399144 1.52277553081512428967 0.38916960358619689941 -0.89583748579025268555 -0.30641153454780578613 0.39105764031410217285 -0.47935038805007929019 -1.30838263034820556641 -0.65724849700927734375 -1.59345686435699462891 -1.60668826103210449219 0.34760391712188720703 -1.50041794776916503906 -0.22417315840721130371 -0.39725813269615167789 -0.50474411249160766602 1.19362962245941162109 -0.79175519943237304688 0.56765156984329223633 -0.41731494665145868472 -1.41563236713409423828 1.12217724323272705078 -0.32405325770378107242 1.64910709857940673828 -0.30574199557304382324 -0.08572718501091000642 -1.66647303104400634766 -0.66800010204315185547 -0.85450863838195800781 -0.06259025633335109362 0.11002250015735620670 1.15586745738983154297 0.07151106745004649767 -1.16658127307891845703 1.57996833324432350842 -0.90353459119796764032 1.26079416275024391858 -1.21792769432067871094 -0.78569805622100830078 -0.94043236970901478156 -0.53167265653610229492 0.15986633300781250000
-0.53413313627243041992 -0.43011960387229919434 -0.14959262311458579320 0.98044902086257923468 -0.54669302701950073242 0.35637015104293817691 0.70217108726501464844 0.11081816256046289615 0.52700573205947875977 0.32114803791046142578 0.65441739559173583984 1.17650878429412841797 0.19774924218654629793 -1.25584685802459716797 -0.06749676913022989444 0.13749943673610678929 0.08877976983785619558 0.74780249595642089844 0.92797195911407481805 -0.71039229631423950195 1.27707397937774658203 -0.44990557432174682617 -1.20622217655181884766 1.63558244705200195312 1.41504132747650168689 -0.40187299251556390933 -1.39606261253356911389 1.57771801948547363281 1.21158301830291770251 1.01705157756805419922 1.52532732486724831311 1.43412923812866210938 1.45875501632690429688 -0.93298619985580444336 -0.29930770397186279297 0.63126689195632934570 -0.00115211645606899996 0.80788332223892211914 -0.65065735578536987305 0.19506101310253140535 -1.27448213100433349609 0.64201056957244873047 -0.24319270253181449193 0.98799377679824840204 0.12116043269634239887 1.31781005859375000000 0.79854547977447509766 1.17775273323059082031 -1.08288383483886718750 0.27640649676322931461 0.99878329038619995117
0.08857214450836180253 0.68077987432479858398 -0.04638264700770369786 -0.90356546640396118164 -0.13773201406002039127 -1.67577326297760009766 1.24514150619506835938 1.62606132030487060547 -0.59078681468963623047 -0.14293673634529110994 1.73986697196960449219 -1.49790000915527343750 -0.49181765317916870117 -0.34026420116424560547 0.90644383430480957031 0.28718766570091247559 -1.50719404220581032483 0.72561508417129516602 -0.72620856761932373047 -1.19847655296325683594 1.00378108024597167969 1.07860827445983886719 0.00511542614549390009 1.10993015766143798828 -1.44642686843872070312 -1.14186716079711914062 -0.91675704717636119501 0.73884022235870361328 -1.68386161327362060547 0.86357504129409790039 -1.54515135288238525391 1.54121375083923339844 -1.49761557579040527344 1.54274964332580566406 1.36738860607147216797 -0.08365793526172629613 0.05018315091729159960 -1.41012811660766601562 0.61993044614791870117 -1.15983009338378906250 0.11824972927570340242 -0.51795792579650878906 -0.92207580804824840204 0.96864920854568481445 -1.33139729499816894531 -1.71187782287597656250 -1.65187513828277610095 -1.48368549346923850329 -1.29394769668579101562 0.38924035429954528809 -1.19843232631683349609
-0.16468726098537439517 0.16694894433021539859 -0.79132008552551269531 -1.51103556156158447266 -0.54177325963973999023 1.65435528755188010486 -0.84185832738876342773 -0.79745519161224365234 1.70210623741149902344 -0.95450037717819202765 -0.29227927327156061343 -0.28436318039894098453 -0.75075191259384155273 -0.94403356313705444336 -0.67608392238616943359 0.22016662359237670898 0.59606254100799560547 -1.41162574291229248047 -1.77816534042358398438 1.38833832740783691406 0.63124626874923706055 1.31030511856079101562 1.63763523101806640625 0.25388276576995849609 1.08455753326416015625 -1.63333785533905029297 0.04853957146406170237 -1.68475008010864257812 0.90215361118316639288 0.42507815361022949219 -0.96435016393661499023 0.11838713288307189941 -0.78841429948806762695 0.85928916931152343750 0.42204102873802179507 0.17371502518653869629 -1.49615371227264404297 -0.39382401108741760254 -0.09115872532129279393 -0.19041909277439109105 -0.57140368223190307617 -0.60555756092071533203 -0.91688257455825794562 0.17143729329109189119 0.82442629337310791016 -0.79231333732604980469 1.79098725318908691406 -1.20616567134857177734 -0.19597758352756500244 -0.70621865987777709961 0.18200954794883719701
-0.37712836265563959293 0.24961812794208521060 -0.32370305061340332031 -1.37224304676055908203 -0.29827997088432312012 0.62726116180419921875 -0.48514273762702941895 -1.00538313388824462891 -0.61068207025527954102 0.02817868627607819990 -1.09601104259490966797 1.20032715797424316406 -0.67876744270324707031 -1.29809391498565673828 1.09546184539794921875 -1.43471157550811767578 0.38363507390022277832 0.28074243664741510562 -0.79542231559753417969 0.54975306987762451172 -1.38524305820465087891 1.65472960472106911389 -0.04290546476840970125 -1.08530509471893310547 -0.12431290745735160130 0.44358792901039117984 -0.36714074015617370605 1.41563999652862571033 0.27014449238777160645 -1.17331385612487792969 1.44015300273895263672 -0.27386412024497980289 0.05948023125529280225 0.28195029497146600894 0.21618743240833279695 1.46217453479766845703 0.83422511816024780273 -0.94528663158416759149 -1.37682735919952392578 0.07436212152242660522 -0.90174853801727294922 -0.15418708324432370271 1.26398754119873046875 -1.61569380760192871094 0.93861520290374755859 -0.64893823862075805664 -0.64184182882308959961 1.45418238639831542969 -1.54243052005767822266 0.14734895527362820711 0.11458898335695259785
-0.97982966899871837274 -1.59086465835571289062 -1.06765365600585937500 0.78239566087722778320 -1.21649718284606911389 -0.44385638833045959473 1.68127775192260742188 0.36388522386550897769 0.42947196960449218750 -1.45263838768005371094 0.84258717298507690430 -0.66802525520324707031 1.12560296058654807361 -0.27072849869728088379 0.24247822165489191226 -1.48833143711090087891 -1.58778381347656250000 0.56358003616333007812 0.18373587727546689119 -0.51670145988464355469 -0.13797010481357568912 1.53302597999572753906 0.88775575160980224609 -1.20668113231658935547 -1.15093994140625000000 -0.32365912199020380191 1.11561274528503417969 1.43515050411224365234 -0.67641055583953857422 0.43126571178436279297 1.07413256168365478516 0.82324975728988647461 -0.49985066056251520328 -1.45319724082946777344 -0.39827132225036621094 -0.02734724245965480111 -1.02659404277801513672 0.47092667222023010254 0.21434108912944790926 1.43793118000030517578 -1.51693165302276589124 0.40820801258087158203 0.52311217784881591797 -1.38380515575408935547 -0.51015883684158325195 1.51076352596282958984 0.77486568689346313477 -0.72838109731674194336 -1.04480314254760742188 -0.30725032091140741519 -0.18564634025096890535
-0.40152606368064880371 -0.25964778661727899722 0.05066017434000959913 0.57102173566818237305 0.19973507523536679353 1.17817628383636474609 0.40556883811950678043 0.78652000427246093750 1.31257355213165283203 1.65057015419006369861 -0.89763963222503662109 -0.19594986736774439029 -1.19456541538238525391 0.53964757919311523438 0.34635651111602777652 -1.55017268657684326172 0.01163547858595839930 1.39512693881988525391 -0.69309061765670776367 -1.41643595695495605469 1.44988024234771728516 0.49324437975883478336 -1.21317505836486816406 0.97399431467056285516 -0.70908331871032714844 -0.16348770260810849275 -0.41440859436988830566 1.19947099685668967517 0.47558569908142089844 0.94937127828598022461 0.06199859082698819940 -1.37542331218719482422 -0.46460366249084472656 0.05394105985760679761 1.66896724700927712171 0.15302515029907221011 1.37090873718261718750 0.38813206553459167480 1.11009263992309570312 0.57834643125534057617 -0.08299973607063290681 -1.67198336124420166016 -0.30555647611618041992 -0.57748377323150634766 -1.08854579925537109375 0.19510672986507410220 -0.75254529714584350586 -1.25918912887573242188 -0.59982705116271972656 0.35415092110633850098 1.26299965381622314453
-0.63615059852600097656 -0.93856167793273914679 -0.53592705726623535156 -1.37355399131774902344 -0.34415838122367858887 -1.46392095088958740234 1.58070111274719238281 -0.17764362692832941226 -0.89866912364959716797 -0.52780634164810180664 -1.16205477714538552014 0.32612645626068109683 0.77873748540878295898 1.33841621875762939453 -1.50641584396362304688 1.02233934402465820312 -0.07990161329507819432 -0.03353693336248390194 1.16375958919525168689 0.97217953205108642578 -1.09248816967010498047 -0.80976402759552001953 -1.06516861915588378906 -0.90628689527511596680 0.79934936761856079102 -0.11359860748052590107 -0.68395477533340454102 -0.55427402257919311523 -0.87238287925720214844 1.48519694805145263672 0.76220536231994628906 -0.88382315635681152344 1.53375101089477539062 -1.14689874649047829358 -0.25042298436164850406 -0.97736513614654541016 -0.36008349061012268066 0.92600524425506602899 -0.26972669363021850586 -0.26570338010787958316 0.13771578669548029117 -1.03795540332794189453 -0.45580264925956720523 0.01931958645582190076 -0.08003714680671690507 0.50922948122024536133 1.36976981163024902344 0.65159642696380615234 -0.85235565900802612305 0.71718722581863403320 -0.25855517387390131168
-1.39282822608947753906 -1.21617913246154807361 -0.31395694613456720523 1.03988134860992431641 -0.62666058540344238281 0.37465408444404602051 0.71604347229003906250 1.50511884689331032483 0.61060178279876708984 -0.35840463638305658511 0.09768546372652049670 -1.17141306400299072266 0.38059163093566888980 -0.17470751702785489168 1.51722049713134765625 0.15776269137859338931 -0.95198273658752441406 0.99086022377014160156 -1.29931724071502685547 0.65783506631851196289 -0.41059571504592889957 1.39789867401123046875 -0.20881225168704981021 0.28449976444244379215 -1.31356132030487060547 -1.11686229705810569079 -0.11158130317926399921 -0.62570816278457641602 0.13328047096729270238 -0.95414870977401722296 -0.27943933010101318359 -0.84321606159210205078 -0.99897855520248401984 -1.38497555255889892578 -1.33333504199981689453 0.74981927871704101562 -0.44599470496177667789 1.46809494495391845703 1.48704874515533447266 -1.35415935516357421875 -0.61917710304260253906 0.88909661769866943359 -0.88486409187316894531 0.58230572938919067383 0.26231947541236877441 0.92707848548889160156 -0.43399071693420410156 -0.53302085399627685547 0.90757870674133300781 0.02817922644317150116 -0.27742749452590942383
0.37297633290290832520 0.90620696544647216797 -0.74442398548126220703 -1.24491381645202636719 -0.67671513557434082031 0.29899036884307861328 0.95631068944931041376 -0.95303368568420399054 -1.15966391563415527344 0.00377831165678790002 -0.37863343954086298160 0.74345874786376953125 0.45567372441291809082 0.00351912504993370009 0.93864583969116199835 -0.59967637062072753906 0.98223423957824718133 0.30992248654365539551 1.04834830760955810547 -1.24266731739044189453 0.49445465207099909000 -0.44825720787048339844 -1.10055685043334960938 -1.42804372310638449939 -1.02145087718963623047 0.14379118382930750064 0.41797524690628051758 -1.37695753574371337891 -1.13136017322540283203 -1.35307359695434570312 -1.39366912841796875000 0.66821020841598510742 1.53340005874633789062 1.03702855110168457031 -0.46177953481674188785 -1.49028813838958740234 0.21468546986579889468 -0.78083199262619018555 -0.69018846750259399414 -0.71174299716949462891 -1.06882774829864501953 -1.64536535739898681641 0.74748885631561279297 1.51869761943817138672 -0.45926630496978759766 0.49329718947410577945 0.17624351382255548648 0.75049233436584472656 0.29661607742309570312 1.24822723865509033203 -2.01139831542968750000
-0.11629170179367059879 0.17260521650314331055 -0.37031626701354980469 -1.09275257587432861328 -0.34496891498565668277 1.44650030136108398438 1.05543887615203857422 0.97966963052749644891 0.06963606923818579930 -0.27877515554428100586 -1.56685423851013183594 -0.07978163659572599931 0.79645025730133056641 -0.70416045188903808594 1.72532045841217041016 -0.94357502460479736328 0.29399192333221429996 1.46588695049285888672 -0.78062337636947631836 -1.21835064888000488281 -1.63107788562774658203 1.62552785873413085938 -0.81729984283447265625 0.12486016005277629504 -0.62025201320648193359 -1.03822684288024902344 -0.91224473714828480109 1.19990181922912597656 -0.22548076510429379549 1.07000207901000976562 1.30937695503234863281 -0.55044800043106079102 0.23542185127735129613 0.10333617776632300633 1.59146988391876220703 -0.94994038343429565430 1.11213004589080810547 -1.07442665100097656250 -1.56812667846679687500 1.30913555622100830078 -1.75124168395996093750 -0.00372241786681109989 -0.70764386653900146484 -1.60134816169738769531 -0.99458706378936756476 1.04034042358398437500 -1.73747491836547829358 0.58676797151565551758 1.41219007968902610095 -0.49550536274909967593 0.09493115544319150056
1.18109095096588112561 1.51042068004608154297 3.03903031349182128906 1.53572058677673339844 3.20857429504394531250 0.59296923875808715820 -0.44888094067573547363 0.69494193792343139648 1.00876128673553489001 0.24141186475753778629 -1.10442721843719482422 -0.34349504113197321109 -1.08544218540191650391 1.45422434806823730469 -0.67087805271148681641 0.23252302408218381014 0.63641154766082763672 1.12875926494598410876 0.44893595576286310367 -0.00564635824412100008 0.89736580848693847656 1.36618900299072287829 0.78935170173645019531 -0.39720666408538818359 0.96149784326553344727 -0.88891702890396118164 0.60019147396087646484 -0.58547621965408325195 -0.06118938326835630243 -0.06063915044069290161 -1.33096814155578591077 1.65933299064636230469 0.72402876615524291992 1.46881783008575439453 0.70384472608566284180 0.93144756555557239874 0.41463696956634521484 1.15763604640960693359 0.97327274084091197626 -1.33366990089416503906 -1.10824656486511230469 -1.47147572040557861328 -0.01725673116743560095 1.57541596889495849609 -0.68641269207000732422 0.92653250694274902344 0.06270509958267210526 1.59222972393035888672 -0.88859903812408447266 -0.48215362429618829898 1.67794835567474365234
0.09667524695396420564 0.17164705693721771240 0.97333449125289916992 0.42843389511108398438 0.35056430101394647769 -1.22326254844665527344 -0.79782325029373168945 1.13521826267242431641 1.05327892303466796875 0.53232467174530029297 1.02181124687194824219 1.11954152584075927734 1.60424864292144775391 -0.71278709173202514648 1.40168678760528564453 0.08385494351387019762 0.17966574430465689916 -0.69909667968750000000 0.57766520977020263672 -0.55953866243362426758 1.29419922828674316406 -0.97909021377563476562 -1.63152062892913818359 -0.89143419265747070312 -0.22781975567340850830 -1.66329669952392578125 0.53455370664596557617 1.05670690536499023438 0.35169044137001037598 -0.88809108734130859375 -1.11751151084899902344 -0.74616903066635131836 -0.81567120552062988281 1.54987239837646484375 -0.32948771119117731265 0.16361212730407709293 -0.29074165225028991699 1.08691716194152832031 0.66398680210113525391 0.78774583339691162109 -0.68278336524963378906 -1.44122886657714843750 -0.33364665508270258121 -0.17273005843162531070 1.55244576930999755859 -1.37832105159759521484 0.50113940238952636719 0.43092292547225952148 -0.05383479967713349773 -0.79746776819229125977 0.24582827091217041016
0.23691347241401669588 -0.20486104488372799959 -0.35679560899734491519 -0.14861305058002469148 -0.81229233741760253906 0.12149242311716079712 1.36276566982269287109 0.57215511798858642578 -0.03902430459856980061 -0.94768583774566639288 -0.97015136480331420898 0.05071519315242759701 0.75995266437530517578 0.97870206832885742188 -0.44839024543762201480 -0.79957962036132812500 0.79979932308197021484 -1.56438302993774391858 -0.37207046151161188297 -0.44697883725166320801 -0.55164730548858642578 1.08461809158325195312 -1.00568652153015136719 -0.33138167858123779297 -0.56041729450225830078 0.66491848230361938477 -0.93264609575271595343 -0.94607341289520263672 -1.70156705379486083984 -0.54022717475891113281 1.44041705131530761719 -1.17329204082488991467 0.07543387264013290405 -0.54962426424026489258 -1.60428202152252197266 -0.69260090589523315430 1.20074784755706809314 -1.04055356979370117188 -0.05291744694113729996 1.11113464832305908203 1.26712274551391601562 -1.59796154499053955078 -1.16781198978424072266 0.99688291549682617188 -0.79246479272842407227 0.32276085019111627750 0.18095079064369198885 -0.62431991100311279297 -0.00315030501224099983 -1.53175175189971923828 0.47099635004997247867
0.51108634471893310547 -0.19771620631217950992 0.81255346536636352539 0.78785127401351928711 0.49451154470443720035 0.75244373083114624023 -0.85702872276306152344 -0.12888437509536740389 -1.35330700874328591077 -0.76933002471923828125 -0.43872925639152521304 1.19959175586700439453 -0.12295843660831450028 1.48478174209594726562 0.52972465753555297852 1.68992888927459716797 0.86525380611419677734 0.14134460687637329102 0.42712339758872980289 -1.77481722831726074219 -1.62179136276245117188 -0.81166905164718627930 0.60704433917999267578 1.49960124492645263672 1.38009023666381835938 0.50117105245590209961 -0.96239608526229858398 1.02429795265197753906 -0.45524334907531738281 0.81088441610336303711 -0.07828299701213829731 1.42673552036285400391 -0.35497695207595819644 0.03045686706900590027 -0.31563049554824829102 -1.44749867916107177734 -0.49662452936172479800 -0.10487250238656989354 1.38677537441253662109 0.20990596711635589600 -1.73128485679626464844 -0.02535627223551269877 -0.09961444139480589433 -0.58863419294357299805 -1.67507708072662353516 0.49563175439834589175 1.69722282886505126953 -0.73511445522308349609 -0.26876217126846307925 -0.98309004306793201788 0.43169304728507990054
-0.86612099409103393555 -0.78298401832580566406 0.10570926219224929810 -0.34099957346916198730 -0.47565928101539611816 1.39861762523651123047 0.25853765010833740234 0.60234016180038452148 -1.55315661430358886719 -1.15004694461822509766 0.69968384504318237305 1.23301172256469726562 1.53481721878051757812 0.62887287139892578125 -0.68149018287658691406 1.27938807010650634766 -1.68114924430847167969 -0.33282721042633051090 0.37245792150497430972 -0.06850556284189220080 1.65319764614105224609 0.36666262149810791016 1.11808478832244873047 -0.78897285461425781250 -0.87693721055984497070 1.27999544143676757812 -1.40493333339691162109 0.44057667255401611328 1.36592459678649902344 1.79368841648101806641 -0.11953271180391310258 -0.63022714853286743164 0.47082993388175958804 1.60142517089843750000 -1.00243926048278808594 -0.21435277163982391357 -1.58247351646423339844 -1.36509716510772705078 -0.66919976472854614258 0.65404981374740600586 0.63203549385070800781 -1.53219342231750488281 0.92811191082000721320 -0.51057845354080200195 0.46936923265457147769 0.56208550930023193359 0.86458408832550048828 1.19139230251312255859 -0.34800016880035400391 -1.42624938488006591797 -0.08665776252746580643
-1.85564923286438010486 -1.24972593784332275391 -1.13691854476928710938 -0.65227729082107543945 -1.08248114585876464844 -0.98946207761764515265 1.06625068187713623047 -0.80598342418670654297 -0.03473640605807300219 0.92710429430007923468 1.19208598136901855469 -0.51348733901977539062 -0.03886770457029339876 -0.83030277490615844727 0.18803972005844110660 -1.58743405342102050781 -1.25807476043701149671 1.50291001796722389905 0.42319402098655700684 0.50221133232116699219 0.62612318992614746094 -0.21063683927059170808 -1.13930869102478049548 -1.56521904468536376953 0.86226123571395874023 1.13792932033538818359 0.28729140758514398746 0.33732157945632929019 -0.18470622599124900121 -0.19216872751712799072 0.06553645431995390458 0.18906387686729431152 0.63541561365127563477 1.29941403865814208984 1.13842201232910156250 -1.16607332229614257812 1.47757315635681152344 0.13528612256050109863 -0.37916105985641479492 1.58889734745025634766 -1.19239544868469238281 1.19808709621429443359 -0.25568205118179321289 0.53498667478561401367 -1.54628932476043701172 0.89653152227401733398 -0.12695083022117609195 1.53537523746490478516 -0.00155387865379449995 -0.40145614743232721500 -0.72915238142013549805
-0.06554382294416420673 -0.24722209572792050447 0.19688974320888519287 0.62539267539978027344 0.12844097614288330078 1.19950187206268310547 -1.55802452564239501953 0.29225397109985351562 1.19301402568817138672 -0.22997924685478210449 -1.41950857639312744141 0.80904805660247802734 1.52584278583526589124 -0.61774712800979614258 0.90712863206863403320 0.99232268333435058594 0.78079175949096679688 -0.52717542648315429688 -1.10878539085388183594 -0.45555406808853149414 -0.93261247873306285516 -0.99739956855773914679 -0.99625551700592041016 0.28049877285957330875 0.95001131296157836914 1.55581045150756835938 -0.33393818140029907227 0.28604176640510559082 0.91291767358779918329 0.42998266220092767886 1.02218401432037353516 0.62645763158798217773 -0.11260139197111129761 0.06559542566537850117 -0.34086516499519348145 0.38968390226364130191 -0.82361930608749389648 -1.61321997642517089844 0.64203035831451416016 0.44263935089111328125 0.45629066228866571597 1.57653760910034179688 -1.27692437171936035156 -0.32752612233161920718 -1.05600523948669433594 -0.35085123777389520816 -1.16198623180389404297 -1.40838205814361550061 1.28983020782470703125 -1.57502949237823486328 1.00280439853668190686
-0.26993858814239501953 -0.97095656394958496094 -0.48289459943771362305 -1.10650718212127685547 -0.53073734045028686523 -0.08975741267204280505 -0.46562483906745910645 1.16524648666381835938 1.55719053745269775391 -0.98703098297119140625 -0.58433359861373901367 0.02868598885834210133 -0.96527177095413196906 -0.87077599763870239258 1.64460659027099609375 0.92802202701568603516 0.62958735227584838867 -0.09502249211072920365 -1.50643908977508544922 0.05688132345676420037 0.09547180682420730591 -0.47395890951156610660 -0.42880797386169428043 -1.17394530773162841797 0.75771945714950561523 0.50687956809997558594 0.75710082054138183594 1.16744661331176757812 0.42897543311119079590 0.25079369544982910156 -0.98073941469192504883 -1.09957158565521240234 0.84549748897552490234 1.38510906696319580078 0.56327110528945922852 1.54274296760559082031 -1.51000559329986550061 0.61538392305374145508 -0.42080658674240112305 1.49692046642303489001 -0.58670532703399658203 -0.88619571924209594727 1.80780494213104248047 -0.76638489961624145508 -0.82538217306137084961 0.88897120952606201172 -0.30214157700538629703 -0.44305154681205749512 1.08434534072875976562 -1.15774595737457275391 -0.16312034428119659424
-0.51694089174270629883 -0.57856917381286621094 -0.10189945250749579686 0.78249871730804443359 -0.55385941267013549805 -0.79883307218551635742 0.13098253309726709537 0.63781905174255371094 1.43020057678222656250 0.98987805843353282587 0.92940145730972278937 0.37084469199180597476 0.54790115356445312500 -1.15250694751739501953 1.09536993503570556641 -0.53885328769683837891 -0.53942835330963134766 -0.94786626100540161133 1.41119945049285888672 -0.60936903953552246094 0.00984790548682210054 -1.58457863330841064453 -1.54464054107666015625 1.01663851737976074219 -0.10848539322614669800 1.23278975486755371094 1.53589475154876708984 1.17092764377593994141 0.90486228466033935547 0.06052057445049280338 -0.51626920700073242188 -0.04529286175966260042 -0.55435973405838012695 1.36572194099426269531 -0.12940247356891629305 1.65608966350555419922 -1.08618128299713112561 0.62474012374877929688 -0.44552853703498840332 0.05309752747416490032 -1.19936740398406982422 1.17294597625732421875 0.26637506484985351562 -0.57045191526412963867 0.53488999605178833008 -1.11735355854034423828 0.11593897640705100316 -1.07183861732482910156 1.42272531986236550061 1.13382720947265625000 0.58533537387847900391
-0.43568861484527587891 0.30466187000274658203 -1.33120977878570556641 -1.49782907962799072266 -0.88907217979431152344 -0.39639437198638910465 1.11279582977294921875 -1.53241634368896484375 1.69061052799224831311 0.01290259137749670028 -0.81273478269577026367 1.39596652984619140625 -0.79030048847198486328 0.99905407428741455078 -0.34687638282775878906 0.91862535476684559210 -1.11807107925415039062 0.59580379724502563477 0.05863666534423819798 0.94378340244293201788 0.26773059368133539371 -0.63162147998809814453 -0.27649304270744318179 -1.65898501873016357422 0.24979209899902340974 1.41261518001556396484 1.61913597583770751953 1.69551885128021240234 1.06234776973724365234 -1.34298133850097656250 1.04003596305847167969 0.36554023623466491699 -1.28529274463653564453 -1.16362774372100830078 0.84664416313171386719 1.73362028598785400391 -0.90558928251266479492 -0.86603897809982299805 -1.56599783897399902344 0.14873328804969779271 0.33070814609527587891 -0.63910990953445434570 -0.54580944776535034180 0.96714669466018676758 -1.72565245628356911389 -1.73405909538269042969 0.93902170658111561163 0.19656683504581448640 -0.95861291885375976562 0.83187943696975708008 0.29561483860015869141
-0.64262771606445312500 -1.30126821994781494141 -1.19197571277618408203 -1.45697534084320090564 -0.93620765209197998047 -1.38919460773468017578 0.84281754493713378906 -0.63385677337646484375 -1.29751634597778320312 -0.79387086629867553711 1.34136891365051269531 1.27117931842803955078 1.35516059398651123047 1.51936519145965576172 -0.57821142673492431641 1.54177105426788330078 0.48611831665039062500 -1.70301175117492675781 0.72390848398208618164 -0.82522559165954589844 -1.49349892139434792249 -1.54148209095001220703 1.06451594829559326172 -0.12747877836227408666 -0.43013525009155267886 -0.50931978225708007812 -1.16996467113494873047 1.43056643009185791016 0.00755993602797380010 1.13982415199279807361 0.71335357427597045898 -0.65195459127426147461 0.78514957427978515625 0.80385601520538330078 -1.61189055442810058594 1.31202566623687744141 1.52097988128662109375 1.59339690208435058594 0.24093115329742428865 -0.41037157177925109863 -1.73761320114135742188 0.28194588422775268555 1.43206787109375000000 -1.04944396018981911389 -1.30419540405273437500 -0.16014671325683590974 -0.35589641332626342773 0.19840109348297119141 -0.19230464100837699193 1.31081449985504150391 -0.66192400455474853516
0.94212216138839721680 0.52259355783462524414 0.40526175498962402344 0.04357580468058579876 0.33711794018745422363 -0.37082400918006891422 -0.90080219507217396124 -0.11257529258728020405 1.48554575443267822266 0.00200330070219929997 0.12052211910486219926 -1.19857358932495117188 -0.40727141499519348145 -1.59946751594543457031 0.69381260871887207031 1.68542325496673583984 0.86350262165069580078 1.36725759506225608142 0.61182343959808349609 -1.29802477359771728516 1.51584255695343017578 -0.85028302669525146484 0.22097933292388910465 -1.09649205207824707031 1.55440068244934082031 1.61828434467315673828 -1.16545045375823952405 -0.58175212144851684570 -0.49249190092086791992 0.03343225270509719849 -1.41135144233703591077 -0.16582909226417538728 -1.09141266345977783203 -1.54559004306793190686 -0.28898495435714721680 0.35063847899436950684 -0.90264081954956043585 1.74980354309082031250 -1.34039449691772460938 -0.21710081398487091064 -1.51115715503692649158 1.55650722980499289783 -0.58132350444793701172 1.66706240177154541016 -0.98011487722396839484 1.10464024543762207031 1.51643943786621093750 1.04231846332550048828 -0.24482600390911099519 -1.54950451850891113281 -1.54054784774780273438
0.94894427061080921515 1.63579225540161110608 1.66116118431091308594 0.48097199201583862305 1.49929249286651589124 0.79595738649368286133 0.75703388452529907227 -1.04573702812194824219 -1.19874477386474609375 -0.71774637699127197266 0.01494823582470410084 -0.95406365394592285156 1.63531243801116943359 -1.71102344989776589124 1.20943105220794677734 1.01566874980926513672 -0.24375076591968530826 1.63429510593414306641 0.21571096777915949039 1.13855791091918967517 -0.06907925754785529393 0.94140392541885375977 0.68300008773803710938 -0.56187486648559570312 1.63826560974121093750 0.48768329620361328125 1.58050215244293190686 0.13394269347190851382 0.95971620082855224609 0.55453616380691528320 -1.30059635639190673828 0.88519001007080078125 -0.18040299415588378906 0.40295693278312677554 0.82706445455551147461 0.54234778881072998047 -1.73789358139038085938 0.16233004629611968994 0.16889268159866330232 -0.70366442203521728516 1.44234919548034690173 1.49380195140838623047 1.77539908885955810547 1.48625993728637695312 1.69140779972076416016 -1.14945733547210693359 -1.64011740684509277344 -1.10020697116851806641 -1.61677014827728271484 -0.95185327529907237665 -0.14536690711975089330
-1.66711831092834472656 -1.27749133110046408923 -1.48515295982360839844 -0.05807681754231450166 -0.87925392389297485352 0.83093255758285522461 1.00232732295989990234 -0.70278865098953247070 -0.06477527320384969534 -0.82367485761642456055 -0.70556247234344482422 -0.12670016288757318668 1.68458628654479980469 -0.08505152165889739990 1.35793495178222656250 0.84239077568054199219 -0.91327190399169921875 0.83636343479156494141 -0.91452008485794078485 -1.31965517997741699219 -0.91699814796447765008 -1.01955115795135498047 1.45957338809967041016 -0.81464338302612304688 -1.61464512348175048828 0.81883871555328369141 0.94320565462112437860 0.57338303327560424805 1.44267046451568603516 1.62333035469055175781 -0.11074929684400550145 -0.58571988344192504883 -0.99452108144760120734 -1.38311815261840820312 0.67002040147781372070 0.84132903814315795898 -1.74169826507568359375 -1.29348123073577880859 1.12842881679534912109 0.55087417364120483398 1.02316546440124511719 1.42110955715179443359 1.24229967594146728516 -0.29297068715095520020 -0.49429345130920410156 -0.76436209678649902344 -0.72422456741333007812 -0.78666836023330688477 0.04934330657124510328 1.49691200256347656250 0.13479150831699371338
-0.12621000409126278963 -0.62448799610137939453 -0.14232194423675528783 -1.13730537891387939453 -0.09378013014793390445 1.04319381713867209704 -0.95104002952575683594 -0.89997696876525878906 -1.34636712074279807361 1.25923776626586914062 1.58884596824645996094 0.21569825708866119385 1.09218347072601318359 0.69893503189086914062 -0.39568683505058288574 -0.16556781530380249023 -0.51906853914260864258 0.29997432231903070621 0.75563603639602661133 -0.63063579797744750977 0.03850731626152990167 -0.95144098997116077765 -1.16408216953277610095 -1.59312343597412109375 -0.32974234223365778140 -0.21245214343070981111 0.08948775380849829930 -0.77472168207168579102 0.22388784587383270264 1.21791160106658935547 -1.19156324863433837891 -0.17559027671813959293 0.82683670520782470703 1.04256010055541992188 -1.54910504817962646484 -1.16285538673400878906 -0.92299997806549083368 -1.74514234066009521484 0.64606273174285888672 1.64775693416595458984 -1.15514898300170898438 -0.12958966195583340730 1.75771307945251464844 -1.27173554897308349609 0.28624618053436279297 -1.50669789314270019531 -0.48950603604316711426 0.39187559485435480289 1.67701542377471923828 1.67919313907623291016 0.18505202233791351318
0.57682824134826660156 1.37995922565460205078 1.38864850997924804688 0.63245528936386108398 1.12106108665466308594 -0.02549708448350420167 1.47993135452270507812 1.25098812580108642578 -1.14944267272949218750 -0.43725058436393737793 -1.05292987823486328125 0.84181863069534301758 1.09195756912231445312 0.66634237766265869141 0.41022267937660217285 0.48762524127960199527 0.86999183893203735352 -1.42290735244750976562 -0.57223361730575561523 -0.62862861156463623047 -0.62947231531143188477 1.18821394443511962891 1.65734314918518088611 0.92705130577087402344 -0.59661674499511718750 -0.43285882472991937808 -0.52936637401580810547 1.26451718807220458984 0.39389261603355407715 -1.69292485713958740234 -0.53329628705978393555 -0.82644575834274291992 0.33290311694145202637 1.07952845096588112561 1.35566449165344238281 -1.35875630378723144531 0.26498746871948242188 -1.58453679084777832031 1.18426024913787841797 -1.01559698581695556641 -0.82577085494995117188 1.67904627323150634766 -0.51571202278137207031 -1.77191412448883056641 0.51808625459671020508 0.33680033683776849918 0.40841016173362731934 1.62792921066284179688 -0.40629169344902038574 0.76370865106582641602 -1.53067076206207275391
-1.03089153766632080078 -0.68357300758361816406 0.12671421468257901277 1.46164870262145996094 -0.42027646303176879883 -1.36162745952606201172 -0.89711016416549682617 0.67324906587600708008 -1.16799759864807128906 -1.40074861049652099609 -1.55750155448913552014 -1.12470865249633789062 0.47086071968078607730 -0.43901947140693659000 -1.59750390052795410156 -1.34114444255828857422 0.88320088386535644531 -0.59297305345535278320 1.68686962127685569079 -1.68705427646636962891 -1.17349374294281005859 0.99499624967575084344 0.66583716869354248047 -0.98792934417724598273 0.87972110509872436523 1.65350711345672607422 0.10910709947347639603 0.28049981594085687808 -0.96464151144027721063 0.70769435167312622070 0.49098980426788330078 -0.09401556849479669742 -0.65390628576278686523 1.39528584480285644531 1.09882843494415283203 1.43451249599456809314 0.76157277822494506836 1.44711434841156005859 0.88737988471984863281 0.74984157085418701172 -0.74885469675064086914 0.43386572599411010742 -1.37109982967376708984 1.44048428535461447986 0.99749892950057983398 1.24327111244201660156 -0.75725895166397094727 -0.91243499517440795898 0.08972121030092239380 0.03439438715577119998 0.58837366104125976562
-0.56700330972671508789 -0.11900053173303599963 1.10266292095184326172 0.88598287105560302734 0.33240804076194757632 0.53434640169143676758 -1.21839499473571777344 0.43398070335388178043 0.17920361459255210179 -0.52582025527954101562 -0.22994449734687799625 0.11876592040061950684 1.65990674495697021484 -0.05993524566292759981 -1.10504496097564697266 0.49266722798347467593 -0.44311413168907159976 -0.91764903068542480469 1.18771791458129882812 -0.13900783658027648926 -1.24196386337280273438 -0.34929284453392028809 1.27156782150268554688 0.65904247760772705078 0.85320967435836791992 0.19414776563644409180 1.28815555572509765625 -1.23563992977142311780 -1.27949559688568115234 -1.57494127750396728516 -1.54476749897003151624 0.01443441770970819993 -0.70224875211715698242 1.50318801403045632092 -0.96608334779739379883 -0.72463232278823852539 -1.50572061538696289062 -1.28937196731567382812 0.85213965177536010742 -0.64468169212341308594 -0.94079458713531483038 -1.43259978294372558594 -0.89445042610168457031 1.26355564594268798828 0.97009176015853881836 -1.15066957473754882812 0.52777928113937377930 -1.36770904064178489001 0.17434446513652798738 0.35110265016555780582 1.19087338447570800781
-0.88272410631179809570 -0.09513676166534419665 -0.55100172758102416992 -1.20405972003936767578 -0.62672126293182373047 0.75244188308715820312 0.43539682030677789859 -0.04260645806789389867 -0.11087916046380989765 0.45258906483650207520 -0.55766409635543823242 -1.62672960758209250720 -0.63458377122879028320 -0.17981913685798639468 -0.19086474180221549291 0.42505681514739990234 0.72142481803894042969 -1.19897329807281494141 -1.27728617191314697266 1.47533440589904807361 1.10315012931823730469 -0.73507726192474365234 0.46821060776710510254 0.72275078296661376953 1.07095408439636230469 1.10591065883636474609 -0.01558599993586540049 -1.65174174308776855469 -1.15242338180541992188 1.70227158069610595703 -1.38105583190917968750 -1.22405624389648437500 0.72474449872970581055 0.76668900251388549805 1.70408892631530761719 1.49655318260192871094 1.35633838176727294922 1.27179503440856911389 -0.76170730590820312500 -0.57120895385742187500 -0.99109941720962524414 -1.00842928886413552014 -0.90814697742462158203 1.32323062419891357422 1.40261387825012207031 -1.61498391628265380859 1.48599934577941894531 1.17893981933593750000 0.65666627883911132812 1.55159676074981689453 0.10442672669887539949
-0.61230802536010742188 -1.21943306922912597656 -0.42817980051040649414 -1.37190318107604980469 -0.38347360491752618961 -1.05185711383819580078 -1.06139469146728515625 0.35690423846244812012 -0.58243966102600097656 1.57788717746734619141 -1.07658326625823952405 -1.45158708095550537109 0.80796921253204345703 -0.04011180996894830181 0.29556995630264282227 -1.58506000041961669922 -0.30351591110229492188 0.86628615856170654297 0.17280963063240051270 -0.78424924612045288086 -0.46982914209365839175 0.04503589868545530145 0.77629810571670532227 0.76780635118484497070 0.91872483491897583008 -0.86975049972534179688 1.15497696399688720703 0.83946573734283447266 1.62087547779083229749 0.28226652741432189941 1.11011457443237304688 -0.57805126905441284180 1.04611277580261230469 -0.57306498289108276367 1.21636521816253662109 1.48190367221832275391 1.62610065937042236328 -1.35029625892639160156 -0.10889875143766400423 -0.48252061009407037906 1.17133724689483642578 0.57168841361999511719 1.23885202407836914062 0.51686382293701171875 -0.24472625553607940674 -0.82130527496337890625 1.05274653434753417969 -0.72943502664566040039 -0.25677204132080078125 1.05093574523925781250 -0.56328910589218139648
-1.07690942287445090564 -1.28684365749359130859 -0.31006368994712829590 0.78064131736755371094 -0.70663303136825561523 0.24554251134395599365 -0.26579648256301879883 -0.49313139915466308594 -1.08211445808410644531 -0.36483076214790338687 -1.24425029754638671875 0.09259839355945580219 1.69181144237518310547 0.79025334119796752930 -1.21514880657196044922 0.06488988548517220234 -0.61930155754089355469 0.49334371089935302734 0.01034285873174660073 -0.65829098224639892578 -0.42571577429771417789 -0.25792786478996271304 0.51493370532989501953 -0.51697075366973876953 -1.32844114303588889392 0.10375425964593880390 0.28831702470779418945 -0.38531377911567687988 -0.44998598098754877261 0.33161237835884088687 -0.16888651251792899388 -0.00867674406617869980 0.94925153255462635382 1.48062229156494140625 0.74353456497192382812 0.75622630119323730469 0.57389175891876220703 1.53511536121368408203 1.11936962604522705078 1.53618264198303222656 -1.60461413860321044922 -1.59391474723815917969 1.34939110279083229749 0.53087866306304931641 -0.62913441658020019531 0.91922873258590698242 -1.12821245193481445312 -0.98912322521209716797 -0.13550694286823269930 1.35402238368988037109 -0.10853058844804759631
-0.15901716053485870361 -0.87652128934860229492 -0.19186373054981228914 1.27581989765167236328 -0.12410633265972130512 0.65750443935394287109 0.66895759105682373047 -0.53720784187316894531 0.08460678905248640580 1.22050786018371582031 1.54106497764587402344 0.97753989696502685547 1.36393630504608154297 0.86652088165283203125 -1.29428398609161376953 0.80167621374130249023 0.62405771017074584961 -0.03021895326673980017 -0.91040509939193714484 -1.79238343238830566406 -0.73241025209426879883 -1.17900574207305908203 0.99997746944427479132 -1.22297787666320800781 -0.26018896698951721191 1.18442952632904030530 -0.41420170664787292480 0.76494491100311279297 0.47860690951347351074 -0.57344961166381835938 0.35054796934127807617 -1.03154551982879638672 0.63468205928802490234 -1.70782816410064697266 -0.89677321910858154297 0.47841998934745788574 0.20655868947505950928 1.15153753757476806641 0.86685073375701904297 0.03393408656120300293 -0.65902507305145263672 0.23817597329616541080 0.12423726916313169999 -0.44075384736061090640 1.46407485008239768298 -0.93423199653625477179 0.46350088715553278140 1.08066034317016601562 -0.36131331324577331543 1.48103439807891845703 1.22306883335113525391
0.83126640319824218750 0.38660296797752380371 -1.09288883209228515625 -1.12946748733520507812 -0.70936185121536254883 0.46399921178817749023 -0.95716124773025523798 -1.18935358524322509766 0.03851325064897530293 -1.57584214210510231702 0.14507788419723510742 0.88061642646789550781 -1.39746522903442382812 -1.48341083526611328125 -1.53398394584655761719 1.71929454803466796875 -0.21462200582027429752 1.69947385787963889392 -0.31141561269760131836 -0.63500517606735229492 0.51388621330261230469 -0.11171095073223109850 -0.35329413414001459293 0.92253822088241577148 -1.59714615345001220703 -1.28644585609436035156 0.19316448271274561099 -1.14336204528808593750 -0.47697532176971429996 -0.39768323302268981934 -1.66925370693206809314 -0.54486823081970214844 0.76543587446212768555 1.11841630935668967517 -1.04105806350708007812 0.57191890478134155273 0.86090320348739624023 0.14813360571861258763 0.42996525764465332031 1.27247869968414306641 -0.07885224372148509631 -1.64661216735839843750 -0.36314889788627618961 0.27228614687919611148 0.12347429990768429842 0.49575057625770568848 0.06575106829404829545 -0.77698117494583129883 1.43983054161071777344 0.16279676556587219238 -1.57929074764251708984
-0.56482231616973876953 -1.25848102569580078125 -0.85958349704742431641 1.61211454868316650391 -0.94143164157867442743 -0.16961610317230219058 0.21640458703041071109 0.51916486024856567383 1.63480830192565917969 0.80751484632492065430 -1.80439567565917990954 0.84767496585845947266 0.56408894062042236328 1.71823275089263916016 0.86196249723434448242 -0.22568434476852408666 -0.27316430211067199707 -0.39103221893310541324 -1.63894724845886230469 1.51498019695281982422 0.24687026441097259521 -1.66320180892944335938 -0.05472861230373379793 -0.94910550117492675781 1.44989371299743630139 -1.28036665916442871094 -1.12675702571868896484 -0.26404476165771478824 -1.06604564189910888672 -0.64318674802780151367 -1.25257623195648193359 1.73326957225799560547 1.35247194766998291016 -1.03016781806945800781 0.72328501939773559570 1.21177017688751220703 -0.74711853265762329102 1.78864645957946777344 -1.60497641563415527344 0.14671242237091058902 0.84373551607131958008 0.80672651529312133789 0.78934812545776367188 0.66453760862350463867 -0.42951631546020507812 1.47887742519378662109 1.59136819839477539062 -0.98161387443542480469 0.92354989051818836554 0.34016031026840209961 0.66255199909210205078
0.23278433084487909488 0.07197616249322889848 1.36095452308654807361 1.64054381847381591797 0.81340873241424560547 -0.59364879131317138672 0.63372874259948730469 -0.42733746767044067383 -1.09699416160583496094 0.58688026666641235352 -0.28824350237846368961 0.98293650150299083368 0.37742835283279418945 -0.41558343172073358707 0.71573269367218017578 -1.15980684757232688220 1.24014997482299804688 0.42960810661315917969 1.54484796524047829358 -0.40267145633697509766 0.98972791433334361688 0.01409610081464049945 0.10760799795389169864 1.45402610301971435547 0.00920179486274710044 1.61771154403686523438 1.14729785919189430921 -0.15947303175926200169 1.34702420234680175781 -0.26991921663284301758 1.23485434055328369141 -1.11388468742370605469 0.32486933469772338867 0.22481018304824829102 -0.91908955574035644531 -0.16333261132240289859 0.26810288429260248355 -0.42078346014022821597 1.49459862709045410156 1.06596243381500244141 0.17282055318355560303 1.30257594585418701172 1.72769415378570556641 0.52045416831970214844 -1.05867755413055419922 -0.18104465305805200748 0.71080315113067626953 -0.81046819686889648438 -0.55425840616226196289 1.30947291851043701172 0.90916055440902721063
0.15360535681247711182 -0.21143582463264459781 -0.05439689010381690282 -0.19356334209442138672 -0.11457355320453639635 -0.64833378791809082031 -1.18596017360687255859 0.64076352119445800781 1.11241304874420166016 1.06528437137603759766 0.40036824345588678531 -0.75908827781677246094 -0.09063432365655889333 -0.47995269298553461246 -1.65550768375396728516 1.17892742156982421875 -1.49713194370269775391 -0.69931811094284057617 -1.01315760612487792969 -0.83406883478164672852 -1.26458346843719482422 0.44329276680946350098 1.27933156490325927734 -1.08814001083374023438 -1.26489269733428955078 0.23985902965068808812 1.66571724414825439453 -0.02564807049930090121 1.27963030338287353516 -0.12898100912570950594 0.45671567320823669434 0.24835118651390070132 -1.48726034164428710938 -1.21161174774169921875 -0.82193392515182495117 -1.00294363498687744141 -1.08156418800354003906 0.02687529847025869889 -0.58607298135757446289 -1.25456488132476806641 -0.57633864879608154297 1.61783659458160400391 1.71762585639953591077 -1.33160150051116943359 -0.10974846035242080688 -0.45450687408447260074 -0.09550002217292780093 -0.16846951842308038882 -0.65932351350784301758 0.34751823544502258301 0.39429134130477899722
1.55302798748016357422 1.38266158103942871094 1.29147934913635231702 0.36435222625732421875 1.46747565269470192639 0.69250190258026123047 0.69246143102645874023 -1.38673901557922363281 -0.53686553239822387695 -0.21037031710147849339 -0.57150524854660034180 0.75949531793594360352 -1.30978584289550781250 -1.59757995605468750000 0.08557999134063719315 1.00042557716369628906 -1.48248386383056640625 -1.01569175720214843750 0.80712306499481201172 -1.61848199367523193359 0.78394198417663574219 0.02797959372401229855 1.07583177089691162109 -0.40279939770698547363 1.49965095520019509046 -0.33431148529052728824 1.56829166412353515625 -0.40239316225051879883 1.57912337779998779297 -1.14080345630645751953 -0.62879735231399536133 1.01953768730163552014 0.74866813421249389648 1.14198422431945800781 -0.45799314975738519840 0.83970040082931518555 0.69108486175537109375 0.40062004327774047852 1.04493868350982688220 1.14460778236389160156 0.00218289182521400017 -1.31112658977508544922 -1.21999275684356689453 -0.13530188798904418945 -0.20259638130664819888 1.49721157550811767578 -0.73785620927810668945 -0.45593357086181640625 -0.78281992673873901367 0.02924709208309650074 0.54891490936279296875
-0.64249402284622192383 -0.65780371427536010742 -1.26687383651733398438 -0.51706755161285400391 -0.83008515834808349609 0.01594597473740570065 -1.09060740470886230469 1.01145184040069580078 -0.03608548268675799975 -1.29236650466918967517 -0.67698234319686889648 0.41547805070877069644 -0.09467917680740349506 1.04014694690704367908 0.61839061975479125977 -1.30845248699188232422 0.94299268722534179688 -1.42948555946350097656 -1.05853545665740966797 -0.73049700260162353516 -1.48279774188995361328 1.61967194080352783203 -0.54596590995788574219 -0.65032392740249633789 -0.17436249554157248753 0.10318148136138910465 -1.45732784271240234375 1.00771689414978049548 -1.62806165218353271484 -1.21642470359802246094 0.58360737562179565430 1.14815938472747802734 -0.00615985412150620026 -0.98370158672332763672 0.95748591423034679071 0.72930115461349487305 1.69499111175537109375 -1.46370720863342285156 1.33172929286956809314 -0.04072637110948559847 0.96082055568695079462 -0.20842292904853820801 -0.31648495793342590332 0.47777986526489257812 -0.25865489244461059570 -0.57434648275375366211 -1.04433226585388183594 0.47896489500999450684 -0.78654998540878295898 -1.04976034164428710938 0.42448303103446960449
1.17425310611724831311 0.62404209375381469727 0.50635457038879394531 0.70406717061996459961 0.58815312385559082031 0.39706233143806457520 -0.98964017629623401984 1.01241660118103049548 -0.36201599240303039551 -0.49691769480705261230 -1.13276982307434082031 1.24837207794189430921 -0.37090274691581720523 -1.25535464286804199219 1.26101100444793701172 1.09557795524597167969 0.07868405431509009618 0.25714153051376342773 0.08447293937206259984 -1.04693865776061989514 0.79648315906524658203 0.76637864112854003906 -1.17484962940216064453 -1.18638896942138671875 0.55602484941482543945 -1.28757798671722389905 -0.05725634470582000035 -0.36315119266510009766 -1.72321140766143798828 1.39467895030975341797 1.43144440650939941406 0.54576861858367919922 0.75778776407241821289 0.72986966371536254883 -0.97119015455245960577 1.63828396797180175781 -0.89299833774566650391 -0.84556818008422851562 0.58954942226409912109 -1.71958255767822287829 0.26912945508956909180 -0.88903063535690307617 -1.36810481548309326172 1.02605402469635009766 0.75636392831802368164 -1.07986998558044433594 -1.25245332717895507812 0.10163083672523490208 0.75829631090164184570 -0.23409663140773770418 -1.50272083282470703125
-1.21851623058319091797 -1.12873780727386474609 -0.65273040533065795898 0.15465113520622250642 -0.25019845366477960757 0.90697026252746582031 0.02111111022531979992 0.17817015945911399144 -1.16991841793060302734 1.40697586536407470703 1.75469088554382324219 0.66404366493225097656 0.09782801568508139867 -1.05718851089477539062 0.72024816274642944336 -0.40166467428207397461 -1.07332265377044677734 1.69647562503814697266 1.25258374214172363281 -0.95325332880020141602 -1.36103332042694091797 0.99943023920059204102 -0.49933513998985290527 0.39574047923088068179 -0.75774574279785156250 1.44685041904449462891 1.49874508380889892578 -0.66326111555099487305 -0.34047275781631469727 -0.26342898607254028320 -0.83759903907775878906 -1.59404778480529807361 -0.92758810520172119141 -1.45762240886688232422 -1.61564803123474121094 1.00099194049835205078 -0.30565959215164179019 1.37211692333221435547 0.23557569086551660709 -0.77860707044601440430 -1.50355803966522216797 -0.84098708629608154297 -0.89093536138534545898 -0.27391019463539117984 -1.68645191192626953125 -1.04803037643432617188 1.41780483722686767578 1.56408345699310302734 0.21164517104625699129 1.63036632537841796875 0.13866336643695831299
1.24399936199188232422 1.37469351291656494141 0.96532195806503295898 0.05663098394870749730 1.38917696475982688220 -1.34040844440460205078 1.63084661960601806641 1.59237861633300781250 0.15561807155609130859 1.37518155574798583984 -0.58873152732849121094 0.00336322910152370017 -1.15500104427337646484 0.57069391012191772461 -1.30823874473571777344 1.07398641109466552734 -0.86029803752899169922 -0.86600977182388305664 1.48168134689331032483 -0.14927165210247039795 -1.40215265750885009766 1.71579420566558837891 1.03388476371765136719 1.48158884048461914062 -0.46903166174888610840 1.52496397495269775391 -1.19761025905609130859 -0.35402604937553400211 -0.06746774166822429308 1.64268743991851806641 -1.50312924385070800781 1.32852435111999511719 1.28731667995452880859 1.36635375022888183594 0.28284424543380737305 -1.49086272716522216797 1.44503438472747802734 0.05997382476925849915 -1.12968897819519042969 0.81371366977691650391 -0.90165853500366199835 0.29773944616317749023 1.39333653450012207031 1.11656856536865234375 -0.10496159642934789480 0.42316085100173950195 -0.24863390624523160066 -0.41496846079826349429 -1.01949036121368408203 -0.98371672630310058594 -0.07268672436475749621
1.63335835933685302734 1.59261000156402610095 1.27041172981262207031 0.11385966092348090428 1.71028828620910644531 1.17707574367523193359 0.42785236239433288574 -1.53760612010955810547 0.32239019870758051090 0.22973223030567169189 0.83071947097778320312 -0.41835945844650268555 -0.96204048395156860352 1.10141956806182861328 0.13558864593505859375 1.18191730976104736328 -0.07836162298917770386 -0.15848629176616668701 1.07135653495788552014 1.49860835075378417969 -0.52255058288574218750 0.16161665320396420564 0.47578462958335870914 -0.16839946806430811099 1.17817664146423339844 1.31972646713256835938 -0.68400549888610839844 -1.22943449020385742188 1.11895895004272460938 -0.22322097420692441072 0.06963285058736799760 -1.21032404899597167969 0.08115636557340620560 -1.66536152362823486328 0.35403743386268610172 -0.96728962659835815430 0.86574059724807739258 1.62248229980468750000 1.51279795169830322266 -0.28826150298118591309 0.26070612668991088867 -0.83880549669265747070 -0.08560236543416969990 -1.14150714874267578125 1.44633364677429199219 1.48703360557556152344 1.37726855278015136719 1.49231350421905517578 -0.32449266314506530762 0.98721528053283680304 1.21163332462310791016
-0.68498426675796508789 -1.33194768428802490234 -1.06093573570251464844 -0.40480631589889520816 -0.97567570209503162726 0.85210126638412475586 1.29411745071411110608 0.49885594844818109683 -0.14387753605842590332 -0.44057410955429071597 -1.08921444416046142578 -0.97726196050643920898 -1.29338705539703369141 -0.94403773546218883173 1.29406917095184326172 0.75463891029357910156 -0.93223536014556884766 -0.35302716493606567383 -0.03483492881059639668 -0.79958057403564453125 0.14819206297397610750 0.95478785037994384766 -1.42290079593658447266 -0.56528085470199584961 -1.08616101741790749280 0.02354021742939940015 -1.44395077228546142578 0.46283897757530212402 -1.67663609981536887439 -0.72093552350997924805 0.47020733356475830078 -0.73227101564407348633 0.18891751766204831209 -1.01151084899902343750 -1.62530601024627685547 -0.66366344690322875977 0.77930861711502075195 -0.67928671836853027344 -0.89682286977767944336 -1.31292176246643088611 -0.63823723793029785156 0.16607181727886199951 0.60096508264541625977 0.75995934009552001953 1.70073962211608886719 1.62395012378692649158 1.12890827655792236328 0.99806916713714599609 0.31976062059402460269 -0.33145847916603088379 -0.08104670792818069458
1.94987404346466086658 1.25537979602813720703 -1.10819864273071289062 -1.05135810375213623047 -1.18114376068115234375 -0.49614626169204711914 -1.54555678367614768298 1.26749575138092041016 1.27335548400878906250 -0.25850135087966918945 0.51956725120544433594 0.19772523641586300935 0.16841733455657958984 -0.55218559503555297852 -0.00824090186506500066 -0.99673539400100719110 0.88757121562957763672 -1.23439705371856689453 0.91648435592651356085 -0.52257174253463745117 -0.53086704015731811523 -1.61924767494201660156 0.90425103902816761359 0.91994827985763560907 -0.25943771004676818848 -0.61238640546798706055 0.12343128025531760472 -0.55732113122940063477 0.88772875070571899414 -1.02719688415527343750 0.95746618509292602539 -1.20382821559906005859 -1.20680725574493408203 -1.55584049224853515625 1.55692017078399658203 1.61983048915863037109 0.88003456592559814453 -0.46769174933433532715 0.56450837850570678711 0.39359277486801147461 1.12508940696716308594 -0.60717892646789550781 0.54186218976974487305 1.51566243171691894531 -0.32999438047409057617 1.61193704605102539062 0.39228013157844537906 -1.48348796367645263672 -0.34875574707984918765 1.61703181266784690173 0.06812839210033409809
-0.46030542254447931461 0.23738498985767358951 0.14196780323982238770 -0.23873257637023920230 -0.05694975703954689716 1.67748785018920898438 -1.37370610237121582031 1.61032497882843017578 1.08178699016571044922 -0.08417605608701700382 0.13428643345832819156 -1.20390665531158447266 0.38961115479469299316 0.76834583282470703125 -0.15504187345504760742 0.27822530269622802734 -1.60398674011230490954 1.61620926856994628906 1.47099888324737571033 -1.54450643062591552734 -0.34996965527534479312 -1.50577986240386962891 1.00563776493072509766 0.44048494100570678711 -0.93204832077026356085 0.79181623458862304688 -0.32331895828247070312 -0.74671983718872070312 1.67851555347442649158 0.67574071884155273438 -0.79651665687561035156 1.17189335823059082031 -1.05498206615447998047 -1.41326320171356201172 -1.63674545288085937500 1.25554299354553222656 -0.12584629654884330052 0.72735542058944702148 1.02270567417144775391 0.55798888206481933594 1.49599313735961914062 1.16601264476776123047 1.35597920417785644531 1.55705833435058593750 -0.00646529998630279972 -0.59281772375106811523 -1.37182569503784179688 1.17276751995086669922 -0.17207911610603329744 0.15342572331428519505 0.65992045402526855469
-0.13184124231338500977 0.46459206938743591309 0.49748548865318298340 0.93523865938186645508 -0.13951639831066128816 1.17677104473113991467 -0.27669909596443170718 -0.60381066799163818359 -1.12526464462280273438 0.29168653488159179688 0.34723395109176630191 -1.61378264427185058594 -0.11849229037761679906 1.59330415725708007812 -1.10659742355346679688 1.70169019699096679688 -1.22265410423278808594 1.21936440467834472656 -0.23471522331237790193 0.34656795859336847476 -1.38563323020935058594 1.06281411647796630859 -1.63742434978485107422 -1.22199964523315429688 1.45948052406311035156 1.14753568172454833984 0.83573037385940551758 0.59453469514846801758 1.02367949485778808594 1.25496470928192138672 0.88778597116470336914 0.48739838600158691406 -0.46088081598281860352 1.49531185626983642578 1.73803949356079101562 0.02607920207083220046 -0.94929730892181396484 0.21185232698917388916 1.55781078338623046875 -0.27262040972709650211 -0.21888710558414459229 -1.59857094287872314453 -0.21001373231410980225 1.26422166824340820312 0.83850145339965820312 -1.65795385837554909436 0.28177651762962341309 1.53971171379089355469 -0.92953455448150634766 0.77581542730331420898 0.27679437398910522461
1.81569314002990722656 1.38254976272583007812 2.29392004013061523438 1.74635553359985351562 3.09929370880126908716 -1.45874536037445090564 0.83241701126098632812 1.27851235866546630859 -1.61490702629089355469 -1.48047935962677001953 1.70838713645935058594 0.73545336723327636719 -0.32893380522727960757 0.49275386333465570621 -0.86203384399414062500 0.05768717452883719704 1.65953099727630615234 0.52233827114105224609 0.78576892614364624023 -0.42077618837356567383 -1.40164923667907714844 0.42363733053207397461 1.63334047794342041016 0.75946992635726928711 1.07189750671386718750 -1.78108072280883789062 0.13422943651676169652 -1.71427953243255615234 -1.71023452281951904297 -0.55794560909271240234 -0.31003075838088989258 0.82315570116043090820 -1.35035896301269509046 0.62323939800262451172 1.37509500980377197266 -1.21511793136596679688 -0.18960756063461300935 -1.11099684238433837891 1.40978503227233886719 -1.01938354969024658203 1.22549164295196510999 0.73062986135482788086 -0.24332049489021301270 -0.10582350939512250032 -1.13859462738037109375 0.48502859473228449039 0.72292447090148925781 -0.73419457674026489258 1.65408170223236083984 1.08946788311004638672 2.39493846893310502466
-1.58205199241638183594 -1.20835363864898681641 0.14545838534832000732 -1.13786113262176513672 -0.50212574005126953125 -0.88954001665115356445 -0.99007201194763183594 0.61377567052841186523 -0.05293667688965789792 1.01176035404205322266 -1.45130085945129394531 -0.42801564931869501285 -0.00693765468895430042 -0.75534361600875854492 -0.64917683601379394531 0.98476552963256835938 1.01778352260589599609 0.10103725641965860538 -0.35229551792144769840 0.38265448808670038394 0.54565709829330444336 0.23227681219577789307 -1.34370577335357688220 -0.43833702802658081055 0.97258222103118896484 0.19983233511447900943 -0.68646377325057983398 -0.51234304904937744141 0.53273344039916992188 -1.05289673805236816406 1.26254487037658691406 -1.00512063503265380859 1.00052118301391601562 -1.31748342514038085938 -0.32482823729515070132 -1.04873597621917724609 0.75707852840423583984 0.63168525695800781250 0.75957655906677246094 -0.51935470104217529297 0.65138226747512817383 -1.17248451709747314453 1.75619852542877197266 -1.30450654029846191406 0.05064773559570309724 1.09952318668365478516 -0.99760162830352783203 -1.41856551170349121094 -0.78477865457534790039 -1.33834087848663330078 -1.10902321338653564453
0.22025646269321438875 1.10443520545959472656 1.91413223743438720703 1.17843139171600341797 1.19060146808624289783 -1.08921694755554199219 -0.07673556357622139668 0.95729011297225963251 0.31202459335327148438 -0.88734239339828491211 0.97113388776779163702 1.17226505279541015625 0.70121991634368896484 -1.69172787666320800781 -0.66146957874298095703 -1.28266835212707519531 -0.57574880123138427734 -1.00268208980560302734 -0.27644822001457208804 -1.11190366744995117188 -0.20406140387058249730 0.40623357892036437988 -0.33988690376281738281 0.42396217584609979800 1.10825753211975097656 1.41471457481384277344 -1.44805669784545898438 -1.48477065563201904297 -0.26386260986328119449 -1.34097015857696510999 0.44007825851440429688 1.31187891960144042969 -0.83502262830734252930 1.26667940616607688220 -0.55651819705963134766 0.42283454537391662598 -0.01168007403612130075 1.20545005798339843750 -1.38288950920104980469 1.59501004219055175781 0.04359106346964829876 -0.23744246363639828767 1.64682328701019287109 -0.79978829622268676758 -1.54096674919128417969 -0.71640485525131225586 0.39062818884849548340 -0.23693549633026120271 -0.12045609951019280170 -0.79049092531204223633 -1.03677988052368164062
-1.45336377620697021484 -1.22864317893981911389 -1.21678984165191650391 1.19649994373321510999 -0.41338673233985900879 -1.08251595497131369861 -0.51171785593032836914 0.20109847187995910645 1.30503320693969726562 -0.52541887760162353516 1.59554326534271240234 0.83798313140869140625 1.68176865577697753906 -1.57386183738708496094 -1.36953163146972656250 -1.22737240791320800781 -0.78693020343780517578 -1.03208065032958984375 -0.09650511294603339452 -0.03800239413976660291 -0.21865566074848169498 0.00608807662501929976 0.11776772886514659533 -1.36353790760040283203 -1.53593254089355490954 0.67110943794250488281 0.76731568574905395508 -1.38603806495666503906 -1.45333421230316162109 1.69437408447265625000 -0.01140047423541539970 -1.29610383510589599609 1.60435295104980490954 -1.35870265960693359375 -1.37137115001678489001 0.52163445949554443359 0.24766427278518671207 0.72210162878036499023 -0.30149930715560907535 -0.55520910024642944336 -0.76686000823974609375 0.83848541975021362305 -0.19258116185665130615 -1.45640456676483154297 0.78056949377059936523 -0.73240596055984497070 -1.50505268573761008533 1.22263789176940917969 -0.90324133634567260742 -1.45724320411682128906 0.62805640697479248047
-0.00687582464888689994 -0.00465326244011520038 0.47705569863319391422 0.96903437376022338867 0.51321011781692504883 -0.55739289522171020508 1.73376488685607910156 -1.53590774536132790296 -0.15594257414340970125 1.47442007064819335938 -0.01983263343572609985 -1.20418095588684082031 -0.63662469387054443359 0.30637174844741821289 1.06426095962524391858 -1.35797524452209472656 1.15042221546173095703 0.41760998964309692383 -0.75804299116134643555 0.64557874202728271484 0.66562402248382568359 -1.39278137683868408203 -1.60073161125183105469 0.43351224064826959781 -1.46046471595764160156 -0.91714620590209960938 1.35090553760528564453 -1.24003565311431884766 -0.20943321287631980199 0.83103036880493164062 -0.60070407390594482422 -0.23297563195228571109 1.15945422649383544922 -0.23194389045238489322 -0.71597355604171752930 1.45840704441070556641 0.26871350407600397281 -1.66059339046478271484 0.43362438678741449527 -1.07441663742065429688 1.63989686965942382812 -0.70079213380813598633 -0.28590077161788940430 -0.65112018585205078125 1.55431389808654807361 0.74953168630599975586 -0.46028959751129150391 1.30363774299621582031 -0.95900702476501464844 -0.41725480556488031558 0.82890850305557250977
0.55302143096923828125 0.91056609153747558594 1.15297734737396240234 0.86479353904724121094 0.76464599370956420898 1.30844128131866455078 0.04495126008987419819 -0.13582487404346460513 0.89588862657546997070 0.43446931242942810059 1.30170524120330810547 -0.85460513830184936523 0.18340265750885009766 -0.40682303905487060547 -1.06669747829437255859 -0.04484041407704349863 1.50709652900695800781 -1.18350458145141601562 0.83547413349151611328 0.03190848603844639864 0.31664183735847467593 0.79236364364624023438 0.34943139553070068359 0.50928777456283569336 1.47683739662170410156 -0.34091153740882867984 -1.43638944625854492188 -1.15941452980041503906 1.21789121627807617188 0.49237596988677978516 1.62869620323181152344 -0.04668102040886869947 -0.58405792713165283203 0.19274204969406119603 1.02935993671417236328 -1.05112099647521950452 1.32887506484985351562 -0.99641859531402598993 0.68608707189559936523 -0.76811760663986206055 1.18825590610504150391 -1.28712654113769509046 1.26918125152587890625 0.36878064274787897281 -0.36349853873252868652 -1.55355942249298095703 1.00826764106750488281 -1.32089817523956298828 1.50202739238738991467 -0.14759263396263119783 -1.61285018920898437500
0.54699635505676269531 0.88173729181289672852 -0.20210678875446319580 -0.94400852918624877930 0.11901112645864479755 -1.41651964187622070312 0.79888224601745605469 0.72018009424209594727 1.61285555362701416016 -0.39118769764900207520 1.29718494415283203125 0.37389016151428222656 -0.23042377829551691226 -1.23188865184783935547 0.45732408761978149414 -0.02031172998249530098 -0.84788548946380615234 -0.37811654806137079410 -1.63259482383728049548 0.53424888849258422852 1.21745240688323952405 -1.51366555690765380859 -1.64472484588623046875 -0.56145668029785156250 0.59100872278213500977 0.21773208677768698949 -0.87913429737091064453 1.33960294723510742188 0.13691717386245719212 0.93234491348266601562 -0.28652575612068170718 -0.98391181230545043945 1.44332575798034690173 1.44941747188568115234 0.47870323061943048648 -0.38028332591056818179 -1.13827884197235107422 0.44352498650550842285 -1.45045745372772216797 1.22192943096160888672 1.10114574432373046875 1.16257858276367209704 1.25868248939514160156 1.31520426273345969470 -1.29320681095123291016 -0.97925895452499400751 -1.27097535133361816406 -1.47050023078918457031 0.11274652183055869359 0.78624546527862548828 -2.06186127662658691406
-0.77454763650894165039 -0.49087154865264892578 -1.32232868671417236328 -1.40835821628570556641 -0.89396226406097412109 0.78074622154235839844 -0.44681432843208307437 -1.23689627647399902344 -1.59994769096374511719 0.19922979176044461336 -0.75552672147750854492 -0.08180900663137430362 0.15735407173633569888 1.17774605751037597656 -0.26402360200881958008 -1.42736458778381369861 -0.20449246466159820557 0.55469977855682373047 -0.98660880327224720343 -0.20341391861438751221 -1.02846252918243408203 0.61568647623062133789 -0.70119816064834594727 -1.26843082904815673828 0.35845205187797540836 0.55526745319366455078 -0.10692573338747020373 -0.60113745927810668945 -0.15290547907352439183 1.75103235244750976562 0.87720578908920288086 -0.57563418149948120117 -1.00337815284729003906 -1.68894946575164794922 -1.65266048908233642578 -0.85820227861404418945 -1.40048694610595703125 -1.22601294517517089844 1.42923986911773681641 -1.09131383895874023438 -0.68057304620742797852 -0.95127308368682861328 1.14588809013366699219 0.06363380700349799413 -0.03110304474830620156 0.86524695158004760742 0.77845752239227294922 -1.56664657592773437500 0.65232384204864501953 0.71346980333328247070 0.39421364665031427554
-1.49220085144042968750 -0.83768755197525024414 -0.14966996014118189029 -0.38871082663536071777 -0.72587043046951293945 -0.27493351697921747379 -0.34094518423080438785 1.57844924926757790296 1.31683635711669921875 0.62741124629974365234 -0.46169713139533991031 -1.15187036991119384766 0.28453323245048517398 1.58567345142364501953 1.40039825439453125000 -0.21408535540103909578 0.96584349870681762695 -0.80309933423995971680 0.43313270807266229800 -1.21631777286529541016 -0.68450212478637695312 0.10433255136013029618 -0.40758180618286127261 -0.04079693555831900159 -1.47845911979675292969 -0.96491128206253040656 -0.66002517938613891602 1.38652002811431884766 -1.16593229770660400391 1.25097477436065673828 -0.16649101674556729402 0.98863047361373901367 -0.19369308650493619051 0.30747675895690917969 1.00043272972106911389 0.16669313609600058812 -0.00488840229809279960 -0.89401203393936157227 -1.20045709609985351562 -1.01016664505004882812 -1.05982685089111328125 1.41852736473083496094 -0.95002371072769165039 0.97944575548171997070 0.06223740056157110040 0.81392067670822143555 -1.35175406932830810547 -0.63022232055664062500 -1.38619887828826904297 -0.75027978420257568359 -0.51849675178527832031
0.02495599724352350057 0.65730595588684082031 0.42323654890060419254 0.04751932621002190327 0.20474891364574429597 0.08318854123353949803 -0.12772946059703821353 1.15227055549621582031 0.77499485015869140625 0.06534398347139350194 1.04904866218566894531 -1.73965120315551757812 1.46495544910430908203 1.61671733856201149671 0.15563656389713279027 -0.35117989778518671207 -0.79632633924484252930 -1.01629698276519775391 -0.14302366971969598941 0.88559252023696899414 -0.27973651885986328125 0.78474313020706176758 -1.24373781681060791016 1.65513324737548850329 0.47994986176490778140 0.28271424770355219058 -0.83406907320022583008 0.69442492723464965820 1.59081518650054909436 1.48963832855224609375 -0.54173094034194946289 -0.97615134716033935547 -1.39726185798645019531 0.29666331410408020020 -0.74318408966064453125 0.58036512136459350586 -0.45064800977706909180 -1.07422363758087158203 0.45111638307571411133 -1.30207943916320800781 0.84847283363342285156 0.42724746465682977847 0.19017493724822989720 1.21704387664794921875 -0.42459291219711298160 -0.64021396636962890625 -0.93311566114425659180 1.65491068363189697266 -0.40390080213546747379 -0.99286288022994995117 -0.65577924251556396484
-0.88359284400939941406 -1.09829604625701904297 -0.05791255459189410121 0.15498754382133481111 -0.78713417053222656250 1.01221609115600608142 0.38103851675987238101 -1.14820158481597900391 -0.30209365487098688297 0.47252792119979858398 0.07345984131097789416 -1.40018105506896950452 -0.66693335771560668945 0.05765869468450540020 0.52949291467666625977 -0.61030381917953491211 1.30332803726196289062 0.95105707645416259766 -1.18198716640472389905 0.21362675726413721256 0.67900198698043823242 -1.61154568195343017578 0.76874136924743652344 1.49018514156341552734 -1.39476072788238525391 1.26947355270385742188 -1.03068625926971435547 -1.33665895462036110608 0.77823454141616821289 0.50073611736297607422 -0.50004023313522338867 1.31862413883209250720 -1.71472322940826416016 0.18176691234111780338 -1.42003130912780761719 0.24839556217193600740 -1.48904216289520263672 -0.26154437661170959473 -0.18600572645664209537 -1.16704535484313964844 1.66523230075836181641 -0.97521436214447021484 1.22054529190063476562 0.22850951552391049471 1.34812331199645996094 -1.24377226829528808594 -0.20370818674564358797 0.39764985442161560059 0.41173788905143737793 -1.49409949779510498047 -0.40864515304565429688
-1.13463389873504638672 -1.25481104850769042969 -1.18367540836334250720 -1.51510798931121848376 -1.06905126571655273438 0.09951249510049819946 0.91034007072448719367 0.39393973350524902344 1.32212924957275390625 0.34237024188041681461 -0.58570069074630737305 1.46920824050903320312 -1.17877066135406494141 0.61933410167694091797 1.33832824230194091797 0.86749780178070068359 1.14740765094757080078 -1.60656809806823730469 0.77157968282699584961 0.18230418860912320222 -0.67636257410049438477 -0.36361265182495111636 -1.07884168624877929688 -0.35996419191360468082 -0.28375735878944391422 -0.12571573257446289062 -1.29620790481567382812 1.65242934226989768298 0.28470355272293090820 -0.05025596916675559994 0.77754336595535278320 1.06504607200622558594 0.14281864464282989502 1.07736015319824218750 -1.61933827400207519531 0.13164521753787988834 -1.56932866573333740234 0.05927824229001989881 -0.95242881774902343750 1.51289248466491699219 -1.62047541141510009766 -0.41129535436630249023 0.65503013134002685547 0.15142366290092459935 1.67215085029602050781 1.58639681339263916016 -0.54481571912765502930 -0.89890921115875244141 -1.20739912986755371094 -0.76123404502868652344 -0.73900818824768066406
-0.42262083292007440738 0.18968711793422698975 1.21005320549011230469 0.73909646272659301758 0.34241029620170587711 -0.08151213079690930452 -1.07506811618804909436 -0.13694097101688379459 -0.72145271301269531250 -0.33341869711875909976 -1.31950831413269042969 0.66503977775573730469 -1.08396100997924804688 1.43647968769073486328 0.40275204181671142578 -1.22635769844055175781 -0.72405600547790527344 -1.60007476806640625000 1.16704452037811279297 0.70487672090530395508 -1.27619504928588889392 0.82371926307678222656 -0.36136171221733087711 0.22068607807159421053 0.92078512907028198242 -1.50978434085845969470 -1.35318756103515625000 -1.54357862472534179688 1.03430354595184326172 1.03749632835388183594 -1.41445994377136230469 -0.02228317037224759878 0.67858552932739257812 1.37508130073547363281 1.30885267257690429688 0.58010357618331909180 -1.66693973541259765625 1.10120272636413552014 1.23195183277130126953 0.11927978694438930163 0.25971078872680658511 -1.65845966339111328125 0.60954385995864868164 0.30405870079994201660 -1.68032586574554443359 -0.29082947969436639957 1.36699199676513671875 -0.38809907436370849609 -0.83737009763717651367 1.23946046829223632812 1.12888669967651367188
0.07449375092983240298 1.02612125873565673828 -0.84876346588134765625 -1.53042364120483398438 -0.80187171697616577148 -1.74561595916748046875 -1.16258418560028076172 1.39383518695831298828 -0.12725712358951560277 -1.48052287101745605469 1.42721557617187500000 -0.59545403718948364258 -0.23954604566097259521 -1.20596611499786376953 0.50894892215728759766 0.01436686608940359981 -0.59769493341445922852 0.77251499891281127930 -0.22220225632190698795 1.34287869930267311780 1.06334233283996582031 -0.33683469891548151187 0.75835639238357543945 0.09594251215457909321 1.13224327564239501953 -0.29360333085060119629 -1.46785008907318115234 -1.16318595409393310547 -0.27288505434989929199 0.02115113846957680094 -1.37073409557342529297 1.08675599098205566406 -0.58756214380264282227 1.03564310073852539062 0.69408398866653442383 -0.91493040323257435187 1.63576233386993408203 0.97184330224990844727 -0.61852771043777465820 -1.07687473297119140625 1.07871365547180175781 -0.37222379446029657535 -0.61353254318237304688 1.27192139625549316406 1.78010404109954833984 -0.49997293949127197266 -1.30631840229034423828 -0.98817455768585205078 1.25365364551544189453 -0.56658619642257690430 -1.62549650669097900391
0.77994275093078613281 0.57560658454895019531 -1.04377460479736328125 -1.46308183670043967517 -0.95509982109069824219 -0.33452555537223810367 -1.25670015811920166016 0.24189423024654380101 -0.79989516735076904297 0.52361863851547241211 1.25776016712188720703 -1.31925928592681884766 0.25473371148109430484 0.55300045013427734375 1.42520940303802490234 -0.98486506938934315070 -0.72267597913742065430 -0.92563480138778675421 0.49665838479995727539 -1.38594758510589599609 -1.07559394836425781250 -1.10433268547058105469 0.83644819259643554688 0.45338162779808038882 1.17243361473083496094 -0.52027028799057006836 0.30127874016761779785 0.37168207764625549316 -0.50909852981567382812 0.02690583281219000034 -1.64308285713195800781 0.17392504215240470189 0.98281443119049083368 -0.60394918918609619141 -1.22653830051422119141 1.41632080078125000000 1.08556795120239257812 -0.12360215932130809435 -0.97070491313934315070 -1.13290071487426757812 0.78018033504486083984 0.96101909875869762079 -1.25350272655487060547 -0.13704183697700500488 -0.84086948633193969727 1.46337604522705078125 1.19970011711120605469 0.92242789268493641242 -0.59560531377792358398 0.45371642708778381348 -1.76820445060729980469
-0.95716685056686401367 -0.31007388234138488770 -0.66471785306930541992 -0.70266091823577880859 -0.65768402814865112305 -0.59716719388961791992 -0.44582605361938471011 -1.10545217990875244141 -1.08247375488281250000 0.70582717657089233398 0.19109654426574698705 1.07036149501800537109 1.58436870574951149671 -0.88047862052917480469 0.70329117774963378906 -1.27636265754699707031 -0.95633047819137562140 -0.46170565485954279117 -0.44179227948188781738 -0.27986317873001098633 -0.75155079364776611328 -0.82537126541137695312 -1.48414957523345969470 0.45858874917030328922 1.17432928085327170642 0.98533821105957042352 0.32840907573699951172 -1.65443575382232688220 -1.02461826801300048828 0.67704194784164428711 0.69488155841827392578 -0.06850042194128029560 -0.41085067391395568848 0.88072460889816284180 0.63856834173202514648 -0.51629114151000976562 -0.88280975818634033203 -0.76707679033279418945 -1.30045950412750244141 -0.34735926985740661621 0.32598134875297540836 -1.51296114921569824219 0.37521326541900629215 0.82598775625228881836 0.78042256832122802734 0.40502792596817011050 1.08166587352752685547 0.26276019215583801270 1.13197767734527610095 1.33952188491821289062 0.24770642817020410709
0.45401588082313537598 -0.45372670888900751285 -0.02205410785973069970 0.44389793276786798648 -0.07941748946905130557 0.95051252841949462891 -0.09817656129598610615 0.52098017930984497070 -0.76137608289718627930 1.14303016662597656250 -1.11561405658721923828 0.97597396373748779297 -0.07111261785030359439 -0.52219861745834350586 0.36057654023170471191 -0.11083845794200890278 -0.22447095811367029361 0.76241463422775268555 -1.62238752841949462891 1.65345919132232688220 0.15309515595436090640 -0.31871673464775079898 -0.47833511233329767398 1.43132674694061279297 1.25747191905975341797 -1.40041875839233398438 -1.14308631420135498047 -0.54555284976959228516 0.33332595229148859195 -1.69164371490478515625 -1.14814412593841552734 1.75367343425750710217 -1.49041891098022460938 1.56265485286712646484 1.16878426074981689453 -0.63859426975250244141 -1.49465584754943847656 -0.11936497688293450092 0.33982172608375549316 1.32287847995758056641 -1.52557218074798583984 0.95629453659057617188 -1.45298624038696289062 1.55006325244903564453 -0.56122237443923950195 -1.14130318164825439453 0.84755307435989379883 0.22484001517295829076 -1.44580769538879394531 1.30312442779541015625 0.89150363206863403320
-0.76693576574325561523 -1.08491659164428710938 -1.13889098167419433594 -1.35084390640258789062 -1.10486841201782248767 1.19253039360046408923 0.50345104932785034180 0.76833909749984741211 -0.54967230558395385742 0.12658643722534179688 1.23474907875061035156 0.51545333862304687500 -0.83464360237121582031 -0.22096024453639981355 -1.05627441406250000000 1.00996816158294677734 0.87277126312255859375 0.50881886482238769531 0.20622563362121579256 1.02703225612640380859 1.01517665386199951172 0.64925253391265869141 1.54273521900177001953 -0.61985641717910766602 0.75633949041366577148 -0.30644348263740539551 0.17682270705699920654 1.25824153423309326172 -1.17290294170379638672 1.43370079994201660156 0.23686112463474270906 -0.71110153198242187500 -1.27205562591552712171 1.62547445297241210938 -0.57861930131912231445 -0.39332169294357299805 1.57964050769805908203 -1.41841411590576149671 0.60798013210296630859 1.64719617366790749280 -1.74334847927093505859 1.34163486957550048828 -1.47009146213531494141 -1.58785974979400634766 1.23519277572631835938 -0.47102409601211547852 1.24932825565338112561 0.69748121500015258789 0.53330183029174804688 -0.08545114845037460327 -0.50417375564575195312
0.59475851058959960938 1.03116214275360107422 0.73567420244216918945 -0.33123740553855890445 0.63767206668853759766 -1.15453970432281494141 0.72458791732788085938 -0.46089565753936767578 1.61879014968872070312 1.61775338649749755859 0.36195668578147888184 -0.19964070618152610082 1.37991285324096679688 -1.50419235229492209704 0.65955460071563720703 -0.65623193979263305664 0.41612353920936578922 0.76403826475143432617 0.60030758380889892578 0.08193627744913099809 1.37234044075012207031 1.29962015151977539062 -1.01563227176666259766 0.61964863538742065430 -1.33720231056213378906 0.01658469066023820007 1.38343679904937744141 0.83023780584335327148 0.45857393741607660465 -0.75443655252456665039 -0.06470443308353419909 -0.08445548266172399343 1.07172322273254394531 0.01040957588702439915 1.46643912792205810547 -1.59898233413696289062 1.42673575878143310547 -0.62242251634597778320 1.22510385513305664062 -1.51036238670349121094 -0.42365893721580499820 -1.41246032714843750000 0.39149978756904602051 -0.95179295539855957031 -1.09093308448791503906 -0.03566965833306309785 -0.71251040697097778320 0.76711249351501464844 -0.43249374628067011050 -0.59455108642578125000 -2.01377105712890625000
-0.25898784399032592773 0.41262629628181457520 -1.00437283515930175781 -1.09790861606597900391 -0.99288141727447520868 0.05032073333859440195 1.68718242645263671875 0.81401991844177246094 0.20106452703475949373 0.86797106266021728516 -1.09976470470428489001 -1.16518354415893554688 -0.33787584304809570312 -1.03328061103820800781 -0.60919070243835449219 -1.02973175048828125000 -1.62737202644348144531 1.05953967571258544922 -1.40014708042144775391 -1.63592922687530517578 1.19512164592742919922 1.13795745372772216797 -1.06070017814636230469 -1.15561079978942871094 -1.55469489097595192639 -1.52955949306488037109 0.25118240714073181152 -1.42587614059448242188 0.70799696445465087891 0.19904993474483489990 1.42218685150146484375 1.32382702827453591077 0.51077204942703247070 1.01221477985382080078 0.51378148794174194336 -0.35075727105140680484 1.47299051284790039062 -1.36068093776702880859 1.56312227249145507812 1.45076560974121093750 1.12943041324615478516 -0.66463023424148559570 0.98024779558181762695 -0.07154878973960869526 -0.08609637618064880371 1.34569334983825683594 1.49040365219116210938 -0.08361107110977170076 0.76210713386535644531 1.12162530422210693359 -0.05744484066963190250
0.10855884104967110371 0.07228858768939970536 -1.07505059242248535156 -1.63215374946594238281 -0.79619425535202026367 -1.29752457141876220703 -1.53986036777496337891 0.66160714626312255859 0.43676176667213439941 0.37066733837127679996 0.69880604743957519531 -0.23810289800167080965 -1.27896714210510231702 -0.85669440031051635742 -1.15493738651275634766 -0.20180638134479519930 -0.67452180385589599609 0.78297102451324462891 -1.07966518402099609375 -0.53311032056808471680 0.49300962686538690738 1.67055547237396240234 -0.58161431550979614258 1.69350779056549072266 0.63659358024597167969 0.24193422496318808812 -1.32437288761138916016 -0.36466863751411437988 -0.23268890380859369449 1.17861402034759521484 -1.48808634281158447266 0.21250879764556879215 0.89898121356964111328 0.07414117455482480135 -0.83214020729064941406 1.02584195137023925781 0.24527780711650840062 1.59663534164428710938 1.62871694564819335938 -0.65136188268661499023 1.47675776481628417969 -1.70266783237457275391 -0.05177288874983779904 -0.51530689001083374023 -0.58018171787261962891 1.09132301807403564453 -1.62345409393310569079 -1.07036614418029807361 1.06708514690399169922 -0.72951406240463256836 0.03652302548289289991
1.94017839431762695312 1.26813495159149169922 0.06148200109601020119 -0.13206611573696130923 0.53617858886718750000 1.10536551475524902344 -0.20887677371501919832 -0.45241016149520868472 -0.96104317903518676758 -0.69699835777282714844 -0.94816744327545154913 -0.63757658004760742188 -1.03241765499114990234 0.55108720064163208008 -1.66608619689941406250 -1.20602309703826904297 0.08113295584917060155 -0.15785443782806390933 -1.52709257602691650391 -0.69386255741119384766 0.93274128437042236328 0.45440301299095148257 1.52699553966522216797 0.30429634451866149902 -1.29641091823577880859 0.46529603004455560855 -0.75619447231292724609 -1.17142379283905029297 0.23813535273075100984 0.50870442390441894531 -0.26321318745613098145 0.96586203575134277344 -1.52414226531982421875 1.44134056568145751953 1.36902022361755371094 1.44992470741271950452 0.04673405364155760328 -0.61281877756118774414 1.37551653385162353516 0.67192673683166503906 0.34777688980102539062 1.60582041740417480469 1.55432844161987304688 -0.95713329315185557977 -0.89335644245147705078 -0.79864948987960815430 -1.20262038707733154297 1.52172005176544189453 0.10918370634317389745 -0.64295202493667602539 0.57078468799591064453
-1.69238328933715820312 -1.45365631580352783203 -0.95623886585235595703 1.43060994148254394531 -0.97422367334365844727 -0.55962699651718139648 1.14654922485351562500 -1.17907595634460449219 0.04443962872028350136 0.94405186176300037726 0.81840837001800537109 -0.94315081834793079718 0.94224220514297485352 0.66227096319198608398 -0.15532852709293359927 0.62038677930831909180 0.54994577169418334961 0.00113464973401269996 -1.50956654548645019531 0.37128087878227228336 0.34194132685661310367 0.71155208349227905273 0.58250057697296142578 -1.27127206325531005859 -0.47723916172981262207 -0.78749722242355346680 -0.53924894332885742188 0.24493558704853049535 0.52361935377120971680 -1.00673961639404296875 1.43940162658691406250 -0.89996182918548583984 1.54801082611083984375 0.90203583240509044305 -1.34550249576568603516 1.61512207984924316406 0.20732891559600830078 -1.40580856800079367908 0.33842381834983820132 1.24469804763793967517 -0.60962438583374023438 -0.63934695720672607422 -0.43961104750633239746 1.19189715385436989514 -0.57471346855163574219 -1.67617702484130859375 -1.24258041381835937500 1.33523511886596679688 0.16218419373035430908 0.98098218441009521484 -0.03047826141119000173
-1.04015517234802246094 -0.23666000366210929173 -1.08325850963592529297 -0.65352094173431396484 -0.67432880401611328125 -0.97093331813812255859 -0.37385478615760797672 0.89825934171676635742 -1.63008701801300048828 -1.58373939990997314453 -1.18898475170135498047 -1.17519879341125488281 1.07889175415039062500 0.70301514863967895508 -0.71793133020401000977 1.44615149497985839844 1.65770995616912841797 1.49567496776580810547 0.19805876910686490144 0.60809457302093505859 -0.95146363973617564813 1.54179394245147705078 1.44672536849975608142 0.96467036008834838867 -1.20169436931610107422 0.80302655696868896484 1.06784689426422119141 0.53506147861480712891 0.13001628220081329346 -0.50119167566299438477 0.95971471071243275031 -1.09390294551849365234 0.92902743816375721320 -0.66921800374984741211 1.43335115909576416016 0.02417712286114689912 0.76872241497039794922 -1.38774406909942649158 -1.23395717144012428967 -0.24176266789436340332 -0.31530985236167907715 -0.45953124761581420898 0.04367922991514199688 0.32702431082725519351 -1.73683655261993408203 0.67433160543441772461 -0.81422519683837890625 -1.34059095382690429688 1.31660985946655273438 -1.33588922023773193359 0.57783854007720947266
-1.62753736972808837891 -1.62512934207916259766 -0.63945740461349487305 -0.42051491141319269351 -0.46021217107772821597 1.46478116512298583984 -0.70658457279205322266 -1.62271440029144287109 1.00252974033355712891 -1.15080165863037109375 -1.01339173316955566406 1.48317658901214599609 -0.06417355686426159944 -0.81998240947723388672 -1.64586973190307617188 1.47901678085327170642 -1.35909032821655273438 1.61394262313842751233 0.71707302331924438477 -0.89479565620422363281 1.24611783027648925781 0.36588609218597412109 0.94224321842193603516 -1.67227983474731445312 -1.40312325954437255859 0.99437654018402099609 1.29943001270294189453 -0.30896836519241327457 0.33918285369873041324 1.02754914760589599609 1.40946745872497558594 0.85676759481430053711 1.71671438217163085938 0.43306496739387512207 0.22107708454132080078 1.01951420307159423828 1.62936663627624511719 1.29798042774200439453 0.41861402988433837891 1.23387694358825683594 -0.89049577713012695312 -1.59830939769744873047 1.03371798992156982422 0.85558426380157470703 -0.90684062242507923468 -0.01432186830788849917 1.22841250896453857422 -1.22191512584686279297 1.35392403602600097656 0.14790986478328699283 -0.69977879524230957031
0.46988844871520990543 -0.12643900513648981265 0.41541218757629388980 0.25000190734863281250 0.48965391516685480289 -1.52675592899322509766 1.62630522251129150391 1.40216982364654541016 1.03997874259948730469 -1.55752348899841308594 0.24877436459064480867 1.57536625862121582031 1.54077649116516113281 -1.67488825321197509766 -1.44016873836517311780 0.80424886941909790039 -1.21295988559722900391 0.40334740281105041504 -0.68786156177520751953 -1.26575016975402832031 -0.02844551578164099953 0.92069935798645019531 1.43685925006866455078 1.61990845203399658203 -0.39067006111145019531 -0.88568836450576782227 -0.17623715102672571353 -1.04315495491027832031 -1.41819620132446289062 0.59130555391311645508 -0.25871098041534418277 -1.25053310394287109375 1.16130292415618896484 1.59722852706909179688 0.61880528926849365234 -1.30365777015686035156 0.14790253341197959203 1.19856286048889160156 1.03703594207763671875 -0.68173551559448242188 -0.73957431316375732422 -1.00204145908355712891 0.42376706004142761230 -0.21199853718280789461 1.08155131340026855469 -1.62581634521484375000 0.89610528945922851562 0.02020365372300140031 0.67381751537322998047 1.04649364948272705078 0.52726835012435913086
1.59050524234771728516 1.00814759731292724609 0.72319531440734863281 0.41280183196067810059 1.11834764480590820312 0.47418722510337829590 -0.61034333705902099609 -0.82824188470840454102 -0.21007093787193290013 -0.95734173059463500977 1.37539744377136230469 -1.58749139308929443359 0.70353949069976806641 -1.34919059276580810547 0.54129308462142944336 1.21019303798675537109 -0.64327383041381835938 -0.02428477257490150101 -0.36626353859901428223 1.29432058334350608142 -1.29289126396179199219 -0.22035852074623099583 -0.56720244884490966797 -1.42033004760742209704 0.19636702537536621094 0.69759565591812133789 1.55051791667938232422 0.91357064247131358758 -0.59060847759246826172 0.84820932149887084961 0.53767102956771850586 1.29366362094879150391 -1.40815114974975608142 -0.94102877378463756219 1.18634545803070090564 0.50684964656829833984 1.51865792274475097656 -0.82421082258224487305 0.87015032768249511719 1.17443883419036887439 -1.48365664482116699219 0.82962733507156372070 0.70276403427124023438 -0.77864015102386474609 0.01152858510613440080 1.12040662765502929688 -0.24912968277931210603 1.64400207996368408203 0.78438711166381835938 -0.26706367731094360352 -0.34886091947555541992
-0.13399399816989898682 0.01616122201085089943 -0.98039174079895019531 -1.25887072086334250720 -0.48017621040344238281 1.40612494945526123047 -1.03917443752288818359 -1.30231738090515136719 0.41057643294334411621 -1.28243410587310791016 0.28294336795806879215 1.00897848606109619141 1.35584783554077170642 0.87909555435180664062 -1.37871861457824707031 -0.64634108543395996094 0.35136887431144708804 1.44660115242004394531 -1.54778265953063964844 -1.06723558902740478516 1.02572274208068847656 1.65963590145111083984 1.18631124496459960938 -1.34484136104583740234 -1.51364850997924804688 -0.51449626684188842773 -1.33224523067474365234 0.08942702412605280093 1.38788008689880371094 0.71791422367095947266 0.32621139287948608398 1.29690706729888916016 -0.09927565604448310155 0.11182045936584469881 0.54958802461624145508 1.06947135925292968750 -0.14982508122920989990 0.84288114309310913086 1.09361135959625244141 0.09533309936523430561 -0.88335675001144409180 -1.11814260482788085938 1.38100945949554443359 0.85756468772888183594 0.30465796589851379395 -1.00370585918426513672 -1.20032072067260742188 -0.34378278255462640933 -1.48096275329589843750 1.35458135604858398438 0.39850381016731262207
-1.34124839305877685547 -1.47849774360656738281 -1.12213516235351562500 -1.45182335376739501953 -0.66397047042846679688 1.45206081867218017578 -0.03179728984832760202 0.19491714239120480623 0.40317359566688537598 -0.81722623109817504883 -1.50729966163635231702 1.38346123695373535156 -1.49200224876403808594 -0.63822811841964721680 -0.20369118452072140779 1.67841625213623046875 -0.02989261783659449834 1.04862701892852783203 0.81955343484878540039 -0.57023227214813232422 0.22102960944175720215 0.07607629150152199482 -0.93011587858200084344 -1.15984582901000976562 1.49960923194885231702 -1.68253684043884277344 -1.17787325382232688220 0.43306550383567810059 1.22069215774536110608 -0.75859004259109497070 -1.10636305809020996094 0.18615759909152979068 1.08475792407989501953 -0.59829622507095336914 -0.87437576055526733398 -0.63167405128479003906 -0.49043294787406921387 0.11911998689174649324 -0.13300232589244839754 -0.96759474277496337891 1.55034029483795166016 0.09007200598716730289 0.53369933366775512695 -0.52484613656997680664 -1.55912411212921142578 1.00128567218780517578 -0.62267065048217773438 1.68553781509399391858 -0.02200419828295700070 0.09052163362503050370 -0.67657196521759033203
0.91755259037017822266 0.72116386890411376953 0.48076564073562622070 0.21412046253681180086 0.66012078523635864258 -1.60236573219299316406 -1.01997065544128417969 1.16687107086181640625 -1.36744046211242675781 -1.41894412040710449219 0.35119616985321039371 1.36690020561218261719 0.29487681388854980469 -0.14933140575885769930 1.19894170761108398438 -0.40936464071273798160 -0.59680837392807006836 -0.43406081199645990543 -1.43227910995483398438 1.48707234859466552734 1.44103491306304909436 -1.32718503475189208984 1.03081035614013671875 -0.86704415082931518555 1.29956209659576416016 -1.49365234375000000000 0.72910350561141967773 0.47050637006759638004 -0.06601522117853160510 -0.47655427455902099609 1.39661681652069091797 0.83149230480194091797 0.05812725797295569680 -0.05306608229875559718 -1.08371281623840309827 0.70499181747436523438 1.04741299152374289783 1.29917871952056884766 -0.11620759963989249486 -0.64949154853820800781 1.57914435863494873047 1.24627566337585449219 1.18572318553924560547 1.30509150028228759766 -1.44242501258850097656 0.95208615064620960577 1.69585835933685302734 -0.01419311016798010042 -0.11937802284955970067 0.12308581173419949617 -1.79528105258941650391
1.78191435337066650391 1.54389393329620361328 0.58162254095077514648 -0.10064773261547080296 0.86294859647750854492 -0.00355224963277569984 -1.66568303108215309827 -0.44639092683792108707 0.73622822761535644531 0.55311423540115356445 0.65219932794570922852 -1.26286518573761008533 -1.39637005329132080078 -1.59108173847198486328 -1.49433672428131103516 -0.68263787031173706055 -0.61014235019683837891 -1.41397976875305175781 -0.99388653039932239874 -1.34874832630157470703 -0.02844240330159659991 -0.86998784542083740234 -0.75015830993652343750 1.31273269653320312500 1.16708815097808837891 1.35278236865997314453 -1.05604171752929687500 1.52281677722930908203 -0.85354310274124145508 -0.69694328308105468750 -0.34025418758392328433 0.56355053186416625977 -0.30449467897415161133 0.37662032246589660645 -0.17019483447074890137 -1.10630452632904030530 -0.89238095283508300781 1.63629364967346191406 1.05175900459289550781 -0.66401678323745727539 0.54774308204650878906 0.69746845960617065430 -0.38987013697624200992 0.89473098516464233398 -1.33572101593017578125 0.45836380124092102051 0.55891346931457519531 -0.75000298023223876953 -0.36402052640914911441 -0.92546910047531116827 0.85252130031585693359
-0.19119372963905328922 -0.51190137863159179688 -0.62677168846130371094 -0.30148330330848688297 -0.97012096643447875977 -0.92623513936996459961 -1.51252865791320800781 -1.29668962955474831311 -1.20551049709320090564 -1.27516913414001464844 -0.26597413420677179507 -0.15753279626369470767 -1.24107539653778076172 -1.49827706813812255859 0.14093139767646789551 -0.06545447558164589619 1.29927444458007790296 -1.35136675834655761719 -0.98077356815338123663 -1.58073520660400390625 -0.68746030330657958984 0.27756372094154357910 1.55315661430358886719 -0.03917069733142850008 0.15821312367916098851 0.61437642574310302734 1.46536076068878151624 0.42426219582557678223 0.30476191639900207520 -0.86179327964782714844 -0.53340637683868408203 1.12781047821044921875 0.38633900880813598633 -0.56394922733306884766 -1.24047791957855224609 -0.41891431808471679688 -0.64135396480560302734 1.19708371162414550781 0.03085238672792910142 -0.98646646738052357062 -0.04671887680888169719 1.16436684131622314453 0.77889549732208251953 -1.54242765903472900391 1.40997743606567382812 0.74810731410980224609 0.18105064332485198975 0.73147755861282348633 1.56257545948028564453 1.43523144721984863281 0.39793011546134948730
0.64047050476074218750 1.18806052207946777344 1.15931463241577170642 -0.06691742688417430529 0.73086214065551757812 -1.67743945121765136719 -0.15298867225646969881 1.43350815773010231702 0.52829509973526000977 -1.07455718517303489001 0.76742410659790039062 -0.84051018953323364258 1.23072052001953125000 0.16489796340465540103 0.77233296632766723633 -1.50501263141632080078 0.49540308117866510562 0.39978837966918939761 -0.62618541717529296875 0.24077805876731869783 1.50056421756744384766 0.58184409141540527344 -1.11882746219635009766 -0.13367910683155059814 0.42863842844963068179 -0.57872170209884643555 1.02591955661773681641 -0.65983575582504272461 0.35917028784751892090 -0.85485404729843139648 0.54630905389785766602 0.06591323763132089786 0.77944725751876831055 -0.07946647703647609362 1.16864335536956809314 1.45674860477447509766 1.50225162506103515625 -0.38927882909774780273 -0.35327383875846857242 -0.63023704290390014648 -0.63590049743652343750 -0.21791477501392358951 -0.09489737451076500629 1.17762410640716552734 1.42828822135925292969 1.41757595539093017578 -1.08391213417053222656 1.72601234912872314453 -1.62522399425506591797 -1.13396656513214111328 -1.89399600028991699219
-0.99968641996383678094 -0.56856602430343627930 0.26426458358764648438 1.09421050548553489001 -0.23415483534336090088 -1.48548424243927001953 0.94067639112472523077 -0.92654973268508922235 -0.38191378116607660465 1.42490351200103759766 0.71406996250152587891 1.17993938922882080078 -1.56598854064941406250 0.08537841588258740511 -0.32429257035255432129 -1.30313527584075927734 -1.57899761199951149671 0.21984499692916870117 1.15812456607818603516 -0.06454428285360329365 -1.53060305118560791016 -0.87783682346343994141 0.97151446342468261719 -0.29844829440116882324 1.31504821777343750000 0.03772477805614470048 0.86913549900054931641 1.37433969974517822266 0.99455624818801879883 -1.46041715145111083984 1.21419048309326149671 0.56720644235610961914 -0.04650307819247240237 -0.84759700298309326172 0.08271965384483330463 -0.93893647193908680304 0.13079169392585748843 -0.85722088813781738281 -0.33164396882057189941 -1.63096702098846435547 0.87691885232925415039 -0.12780715525150299072 1.58534061908721923828 -1.22827661037445090564 0.21543632447719571199 -0.95357888936996459961 -1.51102924346923850329 -1.60406553745269775391 -0.51990562677383422852 -0.92854177951812744141 0.74158084392547607422
-0.12168463319540019640 -0.56185954809188842773 -0.10026694834232330322 -0.40560653805732721500 0.21733391284942618626 -1.08645081520080566406 1.66246116161346435547 -0.86685264110565185547 -1.34942913055419921875 -1.56692314147949218750 -0.21262332797050470523 0.63933300971984863281 -0.00637926300987599979 -0.00036390597233540000 1.30236554145813010486 1.13860714435577392578 1.46123254299163818359 1.52473652362823486328 -0.78674507141113281250 -0.04413421079516410134 1.42854595184326149671 1.22233188152313232422 0.93618273735046397821 1.35881912708282470703 -1.72723996639251708984 0.49174633622169489078 0.62474298477172851562 1.59540283679962158203 0.07440038770437240601 -1.11954951286315917969 -1.04556477069854736328 -1.37685334682464599609 0.21917864680290219392 1.21689105033874511719 -1.02311575412750244141 0.71169918775558471680 0.34483340382575988770 0.04605420306324949781 1.03542780876159690173 -1.05401384830474831311 -1.22635114192962646484 1.08189165592193603516 -0.51308107376098632812 0.48287317156791681461 0.25007724761962890625 0.05292215570807450031 -1.41839861869811989514 0.07011952251195900654 1.62917327880859375000 1.27242934703826904297 0.63668882846832275391
0.44707420468330377750 -0.41329109668731689453 0.64211332798004150391 -0.10484368354082100605 0.37981903553009027652 1.17886137962341308594 1.04452562332153320312 -1.54589986801147460938 -0.42857819795608520508 1.34598100185394287109 -0.79276061058044433594 0.51600676774978637695 0.72515696287155151367 0.51639956235885620117 -1.56219708919525168689 0.18521569669246670808 1.29464936256408691406 0.80134165287017822266 -1.38747394084930419922 0.02319036610424509912 -0.97620469331741321906 -0.11979015171527859773 0.79132753610610961914 0.18786926567554471101 -0.90881079435348521844 0.16144238412380210179 0.70257586240768432617 -1.03619968891143798828 -1.71238029003143310547 0.82444548606872558594 -0.24344378709793090820 -0.31812989711761469058 -0.18385103344917289037 -0.29446384310722351074 -0.98308134078979481085 1.37054669857025168689 -1.45866584777832031250 -0.24551108479499811343 -0.97850990295410156250 -1.31531691551208496094 1.35871255397796630859 -1.52719914913177490234 0.54362297058105468750 0.68498671054840087891 0.12472625076770779695 0.35977044701576227359 -0.45560401678085321597 -0.91542387008667003290 -0.66349279880523681641 -0.39712473750114440918 0.44523012638092041016
1.20924723148345969470 1.24975633621215820312 0.31579831242561340332 -0.58339905738830566406 0.45949190855026239566 -1.13643741607666015625 -0.65888577699661254883 -0.01126396656036370014 0.18413272500038138646 0.96579891443252563477 1.34828424453735351562 -1.27907335758209250720 -0.36683449149131769351 -1.22754180431365966797 1.21688115596771240234 0.11107441782951349429 1.60383117198944091797 -1.69280719757080078125 -1.08299946784973144531 1.56418287754058837891 0.44126412272453308105 -0.77005738019943237305 -0.96515601873397838251 -1.58788692951202392578 0.52567809820175170898 1.29587805271148681641 0.19100308418273920230 -1.20583295822143554688 0.06214108318090429822 1.31952416896820090564 -0.82755470275878906250 0.94519317150115955695 -1.39835512638092041016 1.64641797542572021484 1.55629575252532958984 -1.66568434238433837891 -0.43376737833023071289 0.28531393408775329590 -1.66236543655395507812 -0.12288652360439300537 0.50104647874832153320 -1.11509168148040749280 -0.59023720026016235352 -0.60993063449859619141 -1.30382204055786110608 0.87163823843002319336 1.11795330047607421875 -0.06650816649198529329 0.88221436738967895508 -0.62597048282623291016 -1.17031395435333229749
-0.76606220006942749023 -0.82467907667160034180 -0.07270733267068860139 0.78030872344970703125 -0.26280388236045837402 1.38726150989532470703 -0.05065044388175009987 0.16222238540649411287 -0.54084026813507080078 0.87524801492691040039 -1.39671921730041503906 -1.45871341228485107422 -0.73680555820465087891 1.27886950969696044922 -0.38865128159523010254 0.90962570905685424805 1.66508638858795166016 -1.23605918884277343750 0.31109705567359918765 -0.28891965746879577637 -0.36688944697380060367 -0.04961358755826950073 1.20546233654022216797 0.56654119491577148438 -0.17406912147998809814 0.97563314437866199835 0.97911900281906116827 1.27024054527282714844 -1.11308443546295166016 1.28632748126983642578 0.21830098330974578857 -1.41415512561798095703 -0.47765994071960449219 0.78937059640884399414 -1.65733015537261962891 0.54969453811645507812 -0.29660537838935852051 0.01604050025343890101 0.66734856367111206055 0.42676466703414911441 -0.95026248693466197626 0.30564320087432861328 1.76816952228546142578 -0.19065211713314050845 0.82016557455062866211 1.34307718276977539062 -0.81390106678009033203 -1.36156511306762695312 -1.49899351596832275391 -0.07008193433284759521 0.43687590956687927246
1.25772142410278320312 1.15981245040893554688 1.72058689594268798828 0.68503594398498535156 1.73418247699737571033 0.83746695518493652344 -0.72919058799743652344 1.59683418273925781250 1.05244255065917968750 -0.15060368180274960603 1.47847127914428710938 1.62595057487487792969 1.33975875377655029297 0.07593496143817900224 -0.90823173522949218750 0.23299965262413019351 -0.74637180566787719727 0.90100955963134754523 1.47058081626892089844 -1.39212024211883544922 -1.26921117305755615234 1.16227924823761008533 -0.94505864381790161133 -1.54218351840972900391 -1.51335370540618896484 0.64045131206512451172 -0.33144682645797729492 0.75103306770324707031 0.03203490376472469675 0.86626249551773071289 0.03675528615713109792 -1.02249348163604736328 0.73968237638473510742 0.89940714836120605469 -0.70756167173385620117 0.24526230990886679906 0.73682272434234619141 -0.19346238672733301334 -1.45952534675598144531 -0.34371683001518249512 -1.27230131626129150391 1.33960163593292236328 1.09802699089050292969 -1.12989735603332519531 -0.40643939375877380371 -0.15066443383693689517 0.91394740343093883173 1.60718834400177001953 0.89785033464431762695 1.32118034362792968750 -0.39207911491394037418
-1.39795875549316406250 -1.32211756706237792969 -1.55488705635070800781 -1.57345151901245117188 -0.95792466402053844110 -1.04108238220214843750 0.51122802495956420898 -0.68155533075332641602 0.70061266422271728516 -1.08115279674530029297 1.61856222152709960938 -1.10071599483489990234 -1.07118356227874755859 -1.28783094882965087891 1.23945164680480957031 -1.16129565238952636719 -0.00557246897369619975 1.18447077274322509766 -1.51664721965789794922 1.36314237117767311780 1.27902984619140625000 0.39438074827194208316 0.78680032491683959961 -0.06892629712820050325 0.52159464359283447266 1.32505834102630615234 1.52751004695892311780 -1.33756315708160400391 -0.66938334703445434570 1.16711735725402832031 -0.38900694251060480289 -0.12291523069143289737 1.13314223289489768298 -0.21523265540599820222 1.34169244766235351562 -0.08670125156640999531 -1.18264842033386230469 -1.12429511547088623047 1.43386292457580566406 1.51793205738067649158 1.29233837127685569079 0.70046281814575195312 -1.23341929912567138672 -1.23400902748107910156 0.92605870962142944336 0.90027105808258056641 -1.28869473934173583984 -0.80074036121368408203 -0.70904308557510375977 -0.24790255725383750218 -0.25157848000526428223
-1.72898423671722389905 -1.19281125068664550781 -0.68840152025222778320 -1.61519837379455566406 -0.58013844490051269531 -1.03867328166961669922 0.93157267570495605469 -1.22571682929992675781 -0.18309068679809570312 -0.28749704360961908511 0.71563398838043212891 1.02776646614074707031 1.39647042751312255859 -0.26066678762435907535 -0.52874255180358886719 1.15793287754058837891 1.41042983531951904297 -1.52264785766601562500 -1.18803548812866210938 -0.56235754489898681641 0.79579001665115356445 -0.06259485334157939562 -1.33101105690002441406 -1.23102104663848876953 0.77382087707519531250 1.65672218799591064453 -0.18892368674278259277 -0.71703290939331054688 -1.61336100101470969470 0.96529638767242442743 -1.34829354286193847656 -0.00439742906019089958 -0.86624735593795776367 1.55574488639831542969 0.48567476868629450015 0.06667551398277279939 1.06705093383789062500 -0.54468947649002075195 1.43286991119384765625 0.67576485872268676758 0.31109765172004699707 0.41104635596275329590 -1.47982239723205566406 0.03582632914185519823 -0.30068072676658630371 -0.17630381882190698795 -1.14573204517364501953 -1.02577304840087890625 1.47142755985260009766 -0.88388258218765258789 -0.96628332138061523438
-1.22485995292663552014 -1.21937847137451149671 -0.48640665411949157715 1.14925014972686767578 -0.78973549604415893555 -0.31309509277343750000 -0.53078097105026245117 0.14278343319892880525 0.40243011713027948550 -0.38754814863204950504 0.35694140195846557617 0.02847784385085099998 -1.49709844589233398438 -0.49897369742393488101 -1.60440254211425781250 -1.39322817325592041016 0.35907384753227228336 -0.42137646675109857730 -0.13170844316482541170 0.04241316765546789685 0.39449355006217950992 -1.61770582199096679688 -0.91823780536651600226 0.01235545054078100030 0.10802058130502699418 -0.96383118629455555304 0.48463508486747741699 -0.48090937733650207520 1.02666032314300537109 0.37834692001342767886 -0.90575659275054920538 0.73713099956512451172 -1.08517479896545410156 0.43504515290260309390 -1.01096737384796142578 -1.46379435062408447266 0.21577277779579159822 -1.38971912860870361328 -0.57388561964035034180 0.62611800432205200195 -0.02975636534392829893 0.59882229566574096680 -0.03903559967875479958 -0.33121526241302490234 -0.71340692043304443359 -0.49602481722831720523 -1.17965805530548095703 -1.30205154418945312500 0.63680416345596313477 1.70017695426940917969 0.05706030875444410150
-1.28663289546966552734 -1.16680264472961447986 -0.80345398187637329102 0.01448774524033060070 -0.62256497144699096680 0.01702949963510029877 0.81853598356246948242 -0.08741432428359979800 0.54856145381927490234 -0.83802330493927001953 -0.48706114292144769840 1.45864117145538330078 -0.00316908210515970011 -0.14820827543735501375 1.58586192131042480469 -0.21023164689540860262 -0.25866621732711791992 1.14566576480865478516 -0.85688829421997070312 0.56503355503082275391 -0.98630809783935557977 -0.48854455351829528809 -0.84649157524108886719 0.34996402263641357422 0.36282983422279357910 -1.63639855384826660156 0.65001499652862548828 0.67835241556167602539 -0.61286699771881103516 -1.25478351116180419922 -1.48258411884307861328 0.45923653244972229004 1.24006128311157248767 0.85024881362915039062 -1.12109065055847167969 0.59847897291183471680 0.63531690835952758789 1.74593639373779296875 -1.31238901615142822266 -1.61419999599456809314 1.63192820549011230469 1.37103188037872314453 -1.35662305355072021484 -1.16160511970520019531 0.94453603029251098633 0.32054385542869567871 -0.83079975843429565430 0.88120061159133911133 -1.36661672592163085938 0.47752761840820312500 -0.15091757476329800691
-0.12416905909776680683 0.36527138948440551758 0.46614694595336908511 0.64409750699996948242 0.56834328174591064453 -0.86092805862426757812 -1.02737677097320556641 1.39233279228210449219 1.48961710929870605469 0.75193828344345092773 -1.75189340114593505859 0.91057127714157104492 -1.20910108089447021484 0.62354689836502075195 1.59783828258514404297 -1.41351556777954101562 -0.96738106012344360352 0.67230486869812011719 -1.33262455463409423828 -0.35670214891433710269 1.40257823467254638672 0.18849492073059079256 1.71374082565307617188 1.17510795593261718750 -1.46780776977539062500 1.16891252994537353516 1.68149995803833007812 -0.88478034734725952148 0.39282450079917907715 1.32390725612640380859 -1.11653995513916015625 0.78553092479705810547 -1.33020150661468505859 -0.75269573926925659180 0.60439068078994750977 0.44926685094833368472 -1.40229177474975608142 -0.19468301534652709961 0.36219725012779230289 0.92704784870147705078 0.08393713086843490601 -1.04429101943969726562 -1.41728782653808593750 -0.58114337921142578125 -0.17191635072231289949 -0.76515132188796997070 -0.86376684904098510742 -1.13819575309753417969 -1.19525575637817382812 -0.68483471870422363281 0.73620605468750000000
1.51806819438934326172 1.60509133338928222656 -0.46573781967163080386 -0.88141959905624389648 -0.59464055299758911133 0.05078007653355590123 0.73981666564941406250 -0.90428715944290161133 0.70519298315048217773 -0.78136998414993286133 0.25812530517578119449 -1.06717860698699951172 -0.88949453830718994141 -0.88926964998245239258 -1.03969895839691162109 -0.24164533615112299136 0.39427036046981811523 -1.69592881202697753906 -0.89192289113998413086 -0.95523333549499522821 -0.14111736416816708650 1.62393939495086669922 0.99373710155487060547 0.40296909213066101074 -1.40792131423950195312 1.60147213935852050781 -0.16674321889877319336 -0.94069802761077880859 0.11913142353296279907 -1.63301742076873779297 -1.17662250995636008533 -1.16140747070312500000 -0.18874189257621759586 -0.67905151844024658203 1.23808574676513671875 1.64896059036254882812 0.01255423668771979938 -0.20226982235908499974 0.02644656971096990064 0.51140630245208740234 0.78589046001434326172 -0.36590746045112609863 -1.07510995864868164062 -1.30379915237426757812 -0.31261932849884027652 0.35194787383079528809 1.38681459426879882812 -0.70876896381378173828 -1.06694233417511008533 -0.01455009356141090046 0.26315686106681818179
1.55736207962036110608 1.80544424057006835938 3.36159276962280273438 1.37883198261261008533 3.96696400642395019531 -1.08668184280395507812 -0.87108319997787475586 0.17668138444423669986 0.10890232771635049991 0.37540575861930841617 0.98544150590896595343 1.06413626670837402344 1.41502356529235839844 0.68493372201919555664 -1.58361816406250000000 -1.51292729377746582031 -0.78953742980957031250 -1.60738682746887207031 1.45423388481140136719 -1.07245564460754394531 0.56908917427062988281 -1.65266895294189430921 -1.53908455371856689453 -1.12904882431030273438 -1.50324714183807350842 -0.28206127882003778629 -0.07095031440258020572 -0.73083043098449707031 1.54654550552368164062 -0.73884224891662597656 -0.53937149047851562500 1.60657155513763449939 1.12868785858154296875 0.02633499726653090039 -1.08103585243225097656 1.68022024631500244141 0.17218960821628570557 -0.69166260957717895508 -0.43503740429878229312 1.12537634372711181641 -1.13374269008636474609 0.82261943817138671875 1.43747067451477050781 -1.27604210376739501953 0.30410960316658020020 -0.38499945402145380191 0.36164167523384088687 -0.61496084928512573242 -1.61782419681549072266 1.37368953227996848376 3.28670883178710937500
-1.05380094051361083984 -1.40477108955383300781 -0.89289385080337524414 -0.53895306587219238281 -0.82871288061141967773 -1.11393702030181884766 -0.90887910127639759406 0.41309717297554010562 1.09977090358734130859 -1.38771557807922363281 -0.99162632226943958624 1.11744260787963889392 1.09353673458099365234 -0.15010352432727810945 -0.73654240369796752930 0.86173814535140991211 -0.51924818754196166992 1.19907307624816894531 0.52178442478179931641 -1.44953215122222900391 0.71345442533493041992 -1.65834558010101318359 -0.30189508199691772461 -0.90265578031539916992 1.38069701194763183594 -1.00334334373474121094 0.53617995977401733398 -1.65931785106658935547 -1.59202170372009277344 1.15952444076538085938 -0.71175646781921386719 -0.15101923048496240787 -1.55599272251129150391 -1.34033906459808349609 1.75274908542633056641 -0.58384901285171508789 -1.68738079071044921875 -0.35809841752052301578 -0.85178428888320922852 -0.49001801013946527652 -0.58137851953506469727 -1.34313678741455078125 -1.53086149692535400391 0.39237076044082641602 1.23212254047393798828 1.24657821655273437500 -1.57401728630065917969 0.95872426033020019531 -1.26615989208221435547 -1.15139794349670410156 -0.71130990982055664062
2.31369090080261230469 1.82248663902282714844 -0.64189618825912475586 -1.64600074291229248047 -0.43302944302558898926 -1.12181210517883300781 -0.40242233872413629703 1.41262507438659690173 -1.08003330230712890625 -0.89121001958847045898 -0.43745812773704528809 0.28905463218688959293 1.50704336166381835938 -0.93293750286102294922 -0.44848522543907159976 -0.26747992634773248843 -0.06777776777744290437 -1.20607364177703857422 1.32487773895263671875 -0.29050895571708679199 -1.53096497058868408203 -0.09617146104574199328 -1.52285361289978049548 0.53763753175735473633 1.48844480514526367188 0.15372189879417419434 0.50597470998764038086 -1.69633519649505615234 -0.66621893644332885742 -1.28844904899597167969 -0.19352638721466058902 -0.74214035272598266602 -1.15048015117645263672 -1.67344558238983154297 0.15420198440551749486 1.53290545940399169922 -1.74605977535247802734 -1.55232119560241699219 1.42342543601989768298 0.72531497478485107422 0.64755588769912719727 1.21358430385589599609 -0.10247109830379480533 -0.69643437862396240234 1.36000859737396240234 0.62268173694610595703 -0.89674782752990722656 -0.98011058568954478876 -0.51993262767791748047 -1.48029565811157248767 -1.35440385341644287109
-2.11446809768676802221 -1.63003349304199218750 -0.17681770026683799046 -1.05075252056121848376 -0.78017520904541015625 0.63943058252334594727 -1.08023798465728759766 0.23589998483657831363 -1.13336181640625000000 -0.32309252023696899414 -0.72631961107254028320 0.80538046360015869141 -1.33216309547424316406 0.56120973825454711914 0.60696095228195190430 1.51284599304199218750 0.55540633201599121094 0.77008849382400512695 -0.51242989301681518555 0.74341678619384765625 0.42094257473945617676 -0.04232802614569659838 -0.88349914550781250000 -0.20608615875244140625 1.24531424045562744141 0.14971332252025598697 0.11932654678821559557 -1.46350407600402832031 -0.63146001100540161133 -0.11268372088670730591 -0.04952546954154959935 1.74570620059967041016 -0.37461221218109130859 1.65322256088256835938 1.74887084960937500000 0.58102720975875854492 1.36389696598052978516 -1.67172122001647949219 -1.16884815692901589124 -0.20246988534927359837 0.75236320495605468750 -0.33240726590156549625 -0.93115502595901478156 -0.75482517480850219727 1.01167285442352294922 -0.94442188739776600226 0.49654555320739740543 0.18223018944263449925 -0.94259011745452880859 -0.32823574542999267578 -1.18566608428955078125
-1.15220165252685569079 -0.55910539627075195312 -0.94048595428466796875 -0.69075274467468261719 -0.59352707862854003906 -1.49676418304443359375 -0.25331971049308771304 1.57699620723724365234 -1.26039958000183105469 -0.64549684524536132812 -0.51704388856887817383 -0.72484791278839111328 -1.30842530727386474609 -1.70195412635803222656 -1.25586462020874023438 1.22331357002258300781 0.43809774518013000488 0.72020995616912841797 -0.61519384384155273438 -0.20926305651664731111 -1.68150806427001953125 0.49477213621139520816 -0.35645022988319391422 1.48631429672241210938 -0.77764075994491577148 0.71122056245803833008 1.60459101200103759766 0.84778141975402832031 -1.64475405216217041016 1.63593292236328125000 -1.25832545757293701172 1.46282088756561279297 -0.69766187667846679688 1.00220417976379394531 -1.25108325481414794922 -0.88530927896499633789 -1.59700202941894509046 1.20741474628448486328 0.63623189926147460938 -0.04801328852772709932 -1.74779713153839111328 -0.05297313258051870172 -0.93040800094604481085 -1.25995886325836181641 1.08868789672851562500 0.64315837621688842773 -1.33352124691009521484 -0.81529647111892700195 1.40023994445800781250 -0.84011715650558471680 0.39783713221549987793
-0.56965672969818115234 -1.27579975128173850329 0.02288473211228839871 1.35388875007629394531 -0.32032191753387451172 -0.69431293010711669922 -1.44745135307311989514 -0.61838984489440917969 -1.48003804683685302734 1.41374015808105490954 -1.28031086921691894531 -0.22931186854839319400 0.72491347789764404297 -1.33169794082641601562 -0.73885911703109741211 -0.55775684118270874023 1.71936511993408203125 -1.67817115783691406250 0.02731367759406560028 0.43238142132759088687 1.05578720569610595703 1.67542338371276855469 0.25288423895835870914 0.88360708951950073242 -1.54511928558349609375 0.25209221243858337402 0.46763715147972101382 1.10396575927734375000 0.35781529545783991031 -0.34027209877967828922 -0.09345097839832300357 1.17779445648193359375 -0.74016022682189941406 0.08556661009788510408 0.15521252155303949527 1.74185240268707275391 0.16780297458171838931 1.25255429744720458984 -0.39161148667335510254 0.72869920730590820312 1.23244774341583229749 0.27173036336898798160 -0.85622292757034301758 0.63000243902206420898 -1.71081316471099831311 -0.97475826740264881476 1.30037558078765869141 0.30419132113456720523 -1.46414339542388916016 -1.54876577854156494141 0.26905021071434020996
0.20500379800796508789 -0.18637388944625848941 0.42466473579406738281 -0.06578477472066869558 0.12242688238620749730 -0.05327023565769190006 0.98386687040328979492 1.28567326068878151624 -0.92130833864212036133 -0.04956784844398490208 -0.33976835012435907535 -1.57812213897705078125 1.09448444843292236328 -0.32665693759918207340 0.47580137848854059390 -1.14290750026702880859 -0.17446191608905789461 -0.21979981660842889957 0.45281991362571710757 0.55756747722625732422 -0.23942440748214718904 1.05647134780883789062 1.30791926383972167969 -0.50167757272720336914 -1.20594906806945800781 -0.39136216044425958804 -1.19109869003295898438 -0.22608657181262969971 0.21045136451721188631 0.96378701925277721063 1.03308475017547607422 1.45410346984863281250 -1.21300804615020751953 -0.70131945610046386719 0.94304239749908436163 -1.22927069664001464844 0.99882143735885620117 -0.18636138737201690674 0.57055902481079101562 0.01384552102535959936 0.74020272493362426758 1.67046105861663818359 -1.23431944847106911389 0.97741162776947021484 0.21548840403556820955 -1.18632924556732177734 0.03321924433112140307 0.33112648129463190250 -0.34251964092254638672 1.60410416126251220703 0.61331140995025634766
-1.43528568744659423828 -1.34209513664245605469 -0.04275530576705929842 1.61842465400695800781 -0.69329488277435302734 1.29622924327850341797 0.80550587177276611328 1.07360315322875976562 1.32179796695709250720 -0.14363239705562588777 1.65826785564422607422 -0.01291773468255989939 0.40163284540176391602 0.88958680629730224609 1.41037607192993164062 -1.24514698982238769531 1.37214279174804687500 0.84592330455780029297 -1.35672736167907714844 -1.12345898151397705078 0.68576955795288085938 -1.18697798252105712891 -0.04057320579886430217 1.15764653682708740234 -0.87564390897750854492 -1.24311554431915283203 0.32826277613639831543 -0.14021360874176019840 1.31480264663696289062 -1.32130837440490722656 1.44563376903533935547 -0.27888146042823791504 -1.16735720634460449219 1.36465537548065207751 -0.65149801969528198242 0.35618788003921508789 1.39513564109802246094 -0.06734794378280639648 -1.37218320369720458984 0.92097491025924682617 -0.03559493646025650021 1.20878171920776367188 -0.55948954820632934570 -0.64002174139022827148 1.62122631072998046875 -0.68438774347305297852 -0.49724969267845148257 0.07037474960088729858 -0.57763940095901489258 1.30586338043212890625 -0.16119137406349179353
-0.06357547640800470523 -0.18608543276786798648 -1.20621645450592041016 -1.62736618518829367908 -0.64361047744750976562 -0.49411490559577941895 -1.57559490203857421875 1.06181871891021728516 -1.35871911048889160156 1.15578269958496093750 0.19295734167098999023 1.25089085102081298828 -1.01194691658020019531 0.94884431362152099609 0.22732095420360559634 -0.64940124750137329102 -0.36066105961799621582 -1.01136028766632080078 0.80566203594207763672 -0.20559291541576379947 -1.55636930465698242188 0.19085292518138879947 0.64868599176406860352 -1.00951218605041503906 0.17740301787853240967 -0.28949904441833490543 -0.39911568164825439453 -0.33370631933212280273 1.48385310173034690173 -1.56360542774200439453 -0.39316678047180170230 -0.67100709676742553711 -0.56823271512985229492 1.46438884735107421875 -1.30936312675476074219 1.75896465778350830078 -0.76198577880859375000 0.56403040885925292969 -1.04004228115081809314 -1.47834324836730957031 1.18601894378662109375 -0.73008191585540771484 0.76987087726593017578 0.36405006051063537598 0.65633302927017211914 -0.56543803215026855469 -0.41128510236740112305 -0.03004387579858299948 0.83494573831558227539 0.95018619298934936523 0.52771717309951782227
1.67490911483764648438 1.28092384338378906250 1.73678719997406005859 0.46102905273437500000 2.25158786773681640625 -1.23124587535858154297 0.54219782352447509766 0.14784133434295648746 0.90396344661712635382 1.27366352081298850329 -1.83024215698242165296 1.60777354240417480469 -0.43490478396415710449 0.61607444286346435547 0.64944440126419067383 -1.18804454803466796875 1.00968754291534423828 -0.41941711306571960449 1.20313775539398193359 -1.74748289585113525391 -0.64921814203262329102 -1.09772562980651855469 1.65480685234069824219 0.88263541460037231445 1.12444102764129638672 1.26947164535522460938 -0.22910639643669120091 0.86604613065719604492 -1.62105834484100341797 1.38039243221282958984 1.28713595867156982422 -0.40440091490745538882 -0.02015812508761880006 -0.99249124526977539062 1.02738761901855490954 -0.44152572751045221500 -0.77491879463195800781 0.86245363950729370117 -0.72645545005798339844 -1.36719596385955810547 0.25324660539627069644 -1.49463224411010742188 0.83530730009078979492 1.34997057914733886719 -1.18341159820556640625 0.36272528767585748843 -0.21021054685115808658 -0.16700470447540280428 -0.27071046829223627261 -1.47971725463867209704 0.74961197376251220703
1.11343991756439208984 1.65359723567962646484 0.18117788434028619937 -1.01830959320068359375 0.44313144683837890625 1.13041615486145019531 1.49317264556884765625 -0.84406918287277221680 1.04308652877807617188 0.70714759826660156250 1.48086094856262207031 1.63698387145996093750 1.02244198322296142578 -1.41196155548095703125 1.12588036060333229749 -1.39697217941284179688 1.06485736370086669922 -1.27713799476623535156 0.62715667486190795898 0.74918216466903686523 -0.27145898342132568359 -1.50020015239715576172 -0.23906570672988888826 -0.80700099468231201172 1.61779415607452392578 0.75831693410873413086 -0.15394127368926999178 0.34973075985908508301 -0.10198224335908889771 -1.61462259292602539062 -0.76126790046691894531 0.68189364671707153320 -0.69489943981170654297 -1.53726983070373535156 -0.06041526421904559740 1.18371772766113281250 0.05424709618091579783 -0.53957998752593994141 -0.96942573785781860352 -1.23192048072814941406 0.23597317934036249332 1.10870194435119628906 1.33231747150421142578 1.64694142341613769531 -0.72128331661224365234 -1.38694882392883300781 1.13106429576873779297 -1.53363323211669921875 0.71273964643478393555 -0.19185267388820639867 -0.51297909021377563477
0.02057862654328340007 -0.23187276721000671387 1.35835683345794677734 0.94193470478057861328 0.80036628246307373047 0.30742558836936950684 1.66136813163757324219 1.47406637668609619141 1.48996520042419433594 -1.58510971069335937500 -1.75968551635742209704 -0.43652665615081781558 0.17071858048439020328 1.17024123668670632092 0.72858202457427978516 0.97592830657958984375 -1.68406295776367209704 1.05855834484100341797 0.04406629502773280055 -1.47280120849609375000 0.27293667197227478027 -0.79882901906967163086 0.07425355166196820345 0.66784751415252685547 -1.24460053443908691406 -0.11532454937696449970 -1.19174885749816894531 1.34734487533569335938 -0.89093738794326782227 -0.58912771940231323242 0.48073413968086242676 0.27186909317970270328 0.54056107997894287109 -1.03984797000885009766 -1.04836928844451904297 -0.25801119208335870914 -0.70246070623397827148 -0.15257799625396720189 0.49003913998603820801 0.00325278867967420011 1.07682669162750244141 -1.21107077598571777344 -1.59666585922241210938 1.52707374095916770251 1.17300856113433837891 -1.00414860248565673828 1.26979744434356689453 0.42491942644119262695 -1.56219279766082763672 -0.58713722229003906250 0.90431684255599975586
-0.26875790953636169434 -0.51555520296096801758 0.41892510652542108707 -0.30205619335174560547 0.20482714474201199617 0.40444421768188471011 0.47728872299194330386 -1.00599181652069091797 -1.20541679859161376953 1.15440797805786110608 0.45121076703071588687 -1.26914858818054199219 0.99348294734954845087 -0.95722919702529918329 -0.28004896640777587891 0.87977522611618041992 -1.41626393795013449939 -0.48504337668418878726 0.52317392826080322266 0.36265173554420471191 0.40235358476638788394 0.65450030565261840820 -0.63858336210250854492 -0.29858592152595520020 -0.24125774204730979222 -1.32311487197875976562 -0.87955743074417114258 1.56701147556304909436 -0.75960302352905273438 0.63713020086288452148 -1.32277250289916992188 0.80601072311401367188 -0.53022617101669311523 -1.56669449806213378906 0.48009896278381347656 -1.62677228450775168689 0.07802822440862650089 -0.46282595396041870117 -0.67356884479522705078 1.60350716114044189453 -0.23343029618263239078 -1.46100246906280517578 -1.56360006332397460938 0.04427660256624219720 -0.87967163324356079102 -1.35666012763977050781 0.27359288930892938785 0.41108146309852600098 -1.31577742099761962891 -0.54122817516326904297 0.57604563236236572266
1.18658876419067382812 0.51690697669982910156 1.18587303161621093750 0.43340989947319030762 0.93614572286605834961 -1.24088072776794433594 0.76177996397018432617 1.01569700241088889392 -0.19422492384910580721 -0.78182947635650634766 0.68020683526992797852 -0.81806820631027221680 1.65233445167541503906 -0.87835031747817993164 0.35090219974517822266 -1.25109922885894775391 -1.48670220375061035156 1.70398008823394775391 -1.78189635276794433594 0.64197301864624023438 0.66645795106887817383 -0.52896767854690551758 0.90594953298568714484 -1.31323516368865966797 -0.32918629050254821777 0.11757101863622659854 -0.23911926150321960449 -0.37446647882461547852 -1.41059315204620361328 1.30139636993408203125 -1.59466111660003662109 -1.56767070293426513672 0.94440460205078125000 -1.38077735900878906250 0.76389962434768676758 -0.12417063862085339632 -0.86413562297821044922 -0.55858981609344482422 0.43360549211502069644 0.90360510349273681641 -0.93445509672164916992 0.35017445683479309082 -1.62302303314208984375 -0.03888286277651779865 -0.75486499071121215820 -0.39413496851921081543 1.70207762718200683594 -0.14152087271213528719 -0.30737033486366271973 0.07239291071891780505 -1.63187468051910400391
-0.35318076610565179996 -0.39167496562004089355 -1.04465270042419433594 -0.69774568080902099609 -1.05097424983978271484 1.27444410324096679688 0.77793270349502563477 1.38702750205993630139 -0.94726276397705078125 0.66624665260314941406 -0.91910260915756236688 1.61305105686187744141 -0.70654320716857910156 -1.68188381195068359375 1.26959443092346191406 -1.43580877780914306641 1.69530677795410156250 1.29258525371551513672 0.83280932903289794922 0.99678874015808105469 0.59258449077606201172 1.65254724025726318359 -0.37614098191261291504 -0.13697749376296988744 0.87825715541839599609 0.69986927509307861328 -0.58061575889587402344 1.27386748790740966797 1.44457101821899391858 -0.77818447351455688477 0.30233359336853027344 1.16030132770538330078 -0.10285641252994530415 0.92644792795181285516 -0.47282600402832031250 -0.98236727714538563117 -0.91937786340713500977 1.09295988082885742188 1.23412752151489257812 -1.50711739063262939453 -1.62601864337921142578 1.58740806579589843750 0.17384916543960571289 -1.73420655727386474609 1.78565049171447753906 -0.94990915060043323859 -0.30112200975418090820 1.26739776134490966797 0.89522773027420043945 0.64343225955963134766 0.50997245311737060547
-0.19820311665534970369 0.33833324909210199527 -0.32918372750282287598 -0.99684411287307739258 -0.68207323551177978516 1.24507045745849609375 1.68932294845581032483 -1.11417961120605490954 -1.16186547279357910156 1.19379186630249023438 -1.25258791446685791016 0.66827511787414550781 -1.17884123325347900391 0.13949933648109430484 -0.09797528386116019505 -0.32446116209030151367 -1.14481377601623535156 -0.53805512189865112305 -1.46079850196838378906 -0.86402565240859985352 1.00024700164794921875 1.08991181850433349609 -0.14219808578491210938 -0.17592735588550559300 0.62765735387802124023 -0.07589737325906749377 -0.02964757569134229831 1.33680224418640136719 -0.72152203321456909180 0.69887381792068481445 -1.25498735904693603516 0.94159942865371704102 -0.48965975642204279117 -1.64560902118682861328 -1.57095909118652343750 -0.96342211961746215820 -0.45797312259674072266 1.41693580150604248047 0.80473697185516357422 -0.71274733543395996094 0.78949743509292602539 -1.18552052974700927734 -1.44229161739349365234 0.47945743799209589175 0.58589488267898559570 0.39373737573623657227 1.47800505161285400391 -0.66284954547882080078 0.44385367631912231445 0.97751951217651356085 -0.06525940448045730591
1.91862630844116210938 1.57009482383728049548 2.18261718750000000000 0.86632621288299560547 3.06557369232177734375 0.36311954259872430972 1.63450944423675537109 -0.92705017328262317999 -0.87420928478240966797 -1.53829658031463623047 -0.16854581236839288882 -0.31522443890571588687 0.86268639564514160156 1.07737565040588378906 -0.61777430772781372070 0.61123865842819213867 0.76196575164794921875 1.79673433303833007812 -0.50685650110244750977 -1.19899392127990722656 1.06786215305328369141 -0.77730906009674072266 -0.52366966009140014648 -1.68028235435485839844 -0.62757658958435058594 -1.35527634620666503906 -1.32350265979766845703 1.50259995460510231702 0.80181598663330078125 0.74803996086120605469 1.44121515750885009766 -1.38989102840423583984 -0.92954385280609119757 0.38537541031837457828 -1.34504985809326149671 -0.19885432720184320621 -0.32143694162368768863 0.82077544927597045898 -1.65708780288696289062 1.21978211402893088611 1.14022779464721679688 -0.18499830365180969238 0.65459889173507690430 1.47819089889526367188 -0.96344637870788563117 -0.94571608304977416992 0.07480850070714950562 -1.17753148078918457031 1.52137053012847900391 0.42580649256706237793 2.22825336456298828125
0.03706781193613999797 0.95998513698577880859 -0.22563374042510980777 -0.79278105497360229492 -0.24425819516181940250 0.94078475236892700195 -0.35300397872924799136 -0.29442301392555231265 0.47035795450210571289 0.43438977003097528629 -1.59443068504333496094 0.12064854800701139970 0.57910066843032836914 1.19279134273529030530 0.08756849169731140137 -0.30016478896141052246 1.67238724231719970703 1.18695330619811989514 1.23256075382232688220 -1.61356985569000244141 0.58626675605773925781 0.57916224002838134766 1.53654003143310569079 -0.57517975568771362305 -0.70098727941513061523 0.63282144069671630859 -1.12789011001586914062 0.95445144176483165399 -0.29226744174957269840 -1.03541517257690429688 1.17205464839935302734 0.66480743885040283203 -0.80109918117523193359 -1.26418578624725341797 -0.30696246027946472168 1.69276857376098632812 0.93045228719711303711 -0.00095668074209240002 -0.26346066594123840332 0.00430404581129549980 -0.53083020448684692383 1.63801324367523193359 -1.01143062114715576172 -1.22500014305114768298 -0.03141259774565689777 0.81458324193954467773 -1.46728944778442382812 1.28564214706420898438 -0.40580168366432189941 -1.14156377315521240234 -0.88993287086486816406
-0.33631390333175659180 0.67601305246353149414 2.36403560638427734375 1.60850560665130615234 1.17140197753906250000 -0.70470488071441650391 -0.12963473796844479646 1.16799664497375488281 -1.44372451305389404297 1.38732981681823730469 1.09901094436645507812 -0.74941492080688476562 1.55504310131072998047 0.38664665818214410953 -0.85698270797729492188 -1.38201689720153808594 -0.35817652940750122070 -1.59280979633331298828 -1.02796721458435058594 0.23094442486763000488 -1.56115734577178955078 0.95788407325744640008 -0.17282566428184509277 0.39769577980041498355 -0.34535166621208190918 0.73174983263015747070 -0.30754804611206049136 -1.18679475784301757812 -0.70840215682983398438 -0.78373360633850097656 0.96919023990631103516 -1.59293675422668457031 1.55072414875030517578 -0.53169208765029907227 -1.06039249897003151624 1.65986990928649902344 -1.06655824184417724609 0.28335133194923400879 0.93422985076904296875 1.25230789184570312500 1.45952904224395751953 -1.09630525112152099609 1.58647489547729492188 -0.86201715469360351562 -1.65557765960693359375 0.26543176174163818359 -1.54078340530395507812 1.32353615760803222656 0.57653105258941650391 0.40195104479789728336 1.44369912147521950452
-1.37379729747772216797 -1.60454094409942649158 -0.70421630144119262695 -0.68879872560501098633 -0.50580948591232299805 -1.34243083000183105469 1.36813485622406005859 0.65168595314025878906 1.08836460113525390625 1.68180274963378906250 -1.00312316417694091797 -1.47338318824768088611 -1.31821429729461669922 -1.02839958667755126953 -0.68543702363967895508 1.55712032318115234375 -0.09030760079622260350 0.42043361067771911621 -0.19522832334041589908 0.48457649350166320801 0.41094705462455749512 1.04180097579956032483 -1.53562557697296142578 0.60166513919830322266 0.02609900198876850125 -1.00888252258300781250 -1.02432072162628151624 -0.88870334625244140625 -1.62929475307464599609 0.22238717973232269287 1.65270209312438964844 1.29216182231903076172 -1.28583514690399169922 0.90055859088897705078 -0.44571721553802490234 1.54910171031951904297 -0.93449687957763682977 -0.86088961362838745117 -0.62319868803024291992 -0.00836383923888200063 -1.48821318149566650391 0.08903073519468300556 -0.88729608058929443359 0.75109356641769409180 -0.74950808286666870117 -0.10231521725654600663 -0.04733527079224580242 -1.51527917385101318359 0.35856053233146667480 1.62206804752349831311 -0.79578268527984619141
0.24027609825134269017 -0.27550166845321649722 -0.48512777686119079590 -0.68774753808975219727 -0.53058344125747680664 1.50138580799102783203 -1.32892334461212158203 1.52197623252868630139 1.18055391311645507812 0.58390146493911743164 1.59057474136352539062 1.37192451953887939453 0.32943093776702880859 1.19115495681762695312 -1.04172194004058837891 -0.95974755287170399054 0.46861094236373901367 -0.03247092664241790078 1.17542421817779541016 -0.09193465858697889848 1.59224033355712890625 -1.41264033317565917969 1.06945955753326416016 0.37903514504432678223 0.51947069168090820312 0.93366515636444080695 0.10839570313692090120 0.44460394978523248843 0.19311791658401489258 0.04710136726498599657 1.18238675594329833984 -0.35673266649246210269 -0.87120497226715087891 -0.00952133163809770061 1.04102194309234619141 -0.18051205575466150455 0.26716580986976617984 0.24800565838813778963 1.05630898475646950452 0.59214693307876586914 1.49304699897766113281 -1.44863319396972656250 -1.73702669143676757812 -0.59224325418472290039 0.11611405014991760254 0.72562849521636962891 -1.08414483070373535156 0.12206006050109860506 1.15551185607910156250 0.32786321640014648438 0.24703645706176749486
2.00816845893859818872 1.51758801937103271484 -0.29142659902572631836 -1.11399638652801513672 0.07538244128227229723 -1.14029705524444580078 -0.59283226728439331055 1.38266825675964355469 -0.43294724822044372559 0.34553661942481989078 0.60078132152557373047 -1.50435626506805419922 1.48692977428436279297 1.57570767402648925781 -0.56409668922424316406 -0.68588101863861083984 0.95295035839080799445 -0.88543009757995605469 -0.82475519180297851562 -1.06061768531799316406 -0.22782449424266809634 -0.13357931375503540039 -0.64461034536361694336 -1.68242287635803222656 0.66174083948135375977 1.24142467975616455078 -0.03591932356357570300 0.41953083872795099429 -0.62214010953903198242 0.18066075444221491031 1.01985847949981689453 -1.04612863063812255859 -0.75344061851501464844 -1.13743829727172829358 -0.79949909448623657227 -0.71615827083587646484 0.96583801507949840204 1.51898229122161887439 0.40259408950805658511 0.89131540060043334961 1.35094428062438964844 0.79156702756881713867 -1.21958005428314208984 -0.89243334531784057617 -0.77887356281280517578 0.10503541678190229935 -0.20673853158950800113 -0.51649928092956542969 -0.38472536206245422363 -0.14584298431873318758 0.45557463169097900391
-0.04220806062221520161 0.60000532865524291992 1.43083786964416503906 0.92555868625640880243 1.19371855258941650391 1.31037604808807350842 -1.66205549240112304688 -0.08555611968040459370 1.08217608928680419922 1.12654280662536621094 0.04921380057930940105 0.63534045219421386719 0.58629339933395385742 -0.81653654575347900391 0.87421429157257080078 -0.87004613876342773438 0.89640963077545166016 1.01408243179321289062 1.68384134769439697266 -0.19169996678829190340 0.66157776117324829102 -0.82919794321060180664 0.50324243307113647461 1.18919014930725097656 -0.37516158819198608398 -1.09125745296478271484 -1.18877851963043190686 1.61270880699157714844 -0.04533283039927479829 0.29061633348464960269 -1.49705195426940917969 0.54507714509963989258 -0.14538891613483428955 -1.21422863006591796875 0.91624230146408081055 -0.98032444715499877930 0.65035897493362426758 1.24130284786224365234 -1.43455564975738525391 0.26159906387329101562 1.20460164546966552734 0.50799208879470825195 -0.79853349924087524414 -1.24517560005188010486 -0.41102075576782221011 -0.60735762119293212891 -1.58725106716156005859 -1.13190734386444091797 1.61341619491577170642 1.18505895137786887439 0.23113195598125449437
-1.14899027347564697266 -0.85813063383102416992 -0.72424846887588500977 -1.63964235782623291016 -0.86200994253158569336 1.32092916965484619141 0.07386333495378490099 -0.25533849000930780582 0.47455307841300958804 0.53174328804016113281 -0.44724038243293762207 1.11895728111267089844 -1.48165428638458229749 -1.18061316013336181641 0.58640420436859130859 0.78616619110107421875 -0.46184241771697998047 -1.01416504383087158203 -0.05701626837253569863 0.71713101863861083984 -1.52100408077239990234 1.20173013210296630859 -1.02729785442352294922 0.23917937278747550267 -1.17676973342895507812 -0.95361256599426280633 -1.26406776905059792249 -0.53793036937713623047 0.39242422580718988590 -0.05713142454624169780 -0.12225706130266189575 -0.46236380934715270996 -0.61445176601409912109 1.22865986824035644531 1.46270835399627685547 0.01820802688598630037 -0.58683806657791137695 1.52745354175567649158 -0.19305261969566339664 -0.63234001398086547852 -1.08558928966522216797 -1.09956502914428710938 -1.63771796226501464844 -0.04153095185756679880 0.26015448570251459293 1.55180299282073952405 -0.77579617500305175781 -0.31780597567558288574 1.53062665462493896484 0.91728371381759643555 -0.64421343803405761719
-1.54948854446411110608 -1.21440327167511008533 -0.92177528142929077148 1.84106087684631325452 -0.38232100009918207340 -0.74550426006317138672 -0.92109632492065440790 1.47474730014801047595 1.20046067237854003906 -0.42379865050315851382 -0.05606961622834200076 1.18701803684234619141 -1.09424030780792236328 0.80291903018951416016 -0.19933493435382840242 1.68531417846679687500 0.73744153976440429688 -1.74607884883880615234 1.47955596446990966797 0.64778059720993041992 1.18606901168823242188 0.69290834665298461914 1.26571619510650634766 -0.42483446002006530762 -1.45938205718994140625 0.87248921394348144531 0.25125029683113098145 1.66481304168701149671 0.42998141050338739566 -1.61015033721923850329 1.25978922843933105469 1.50734388828277610095 0.52991878986358642578 -1.73302829265594482422 -0.37399366497993469238 0.85723811388015747070 0.93651914596557617188 0.85034030675888061523 0.16687625646591180972 1.10153126716613769531 0.91129374504089355469 -0.31818288564682001285 -0.78584510087966918945 1.14849126338958740234 -0.91844928264617919922 -1.61633980274200439453 -0.72228556871414184570 -0.57984471321105957031 0.22632162272930139713 -1.60974562168121337891 0.67405253648757934570
-0.26797387003898620605 -0.97323048114776600226 -0.60643619298934936523 0.30272907018661499023 -0.24450621008872980289 -1.25959575176238991467 0.49269232153892511539 1.11004865169525168689 -0.77073216438293457031 0.56536018848419189453 -0.66613209247589111328 -0.94080936908721923828 -0.47243684530258178711 -1.65533125400543190686 0.31545531749725341797 0.01428990904241799961 -1.26827657222747802734 0.71396237611770629883 0.07989250868558879504 -1.16517865657806396484 0.11739008873701090030 -0.33862677216529840640 0.37635800242424011230 0.69422191381454467773 1.38828933238983154297 -1.52585625648498535156 -1.45230031013488769531 -1.27914917469024658203 1.40387666225433349609 -0.21183915436267850008 1.36621773242950439453 1.46665942668914794922 -1.67326188087463378906 1.42418181896209716797 -1.31993448734283447266 1.73521196842193603516 -0.55584299564361572266 0.28405088186264038086 -0.61361587047576904297 -1.25962424278259277344 0.85827684402465820312 -0.87662464380264282227 -1.19109189510345458984 0.39499309659004211426 -1.65619635581970192639 0.33800336718559259586 -1.69312345981597900391 -1.48604178428649902344 -0.72897487878799438477 0.10108330845832820544 0.74759519100189208984
-0.46773797273635858707 -0.19687931239604949951 0.16427673399448389224 -0.02480918727815149827 -0.04605446010828009862 -0.74096518754959106445 0.64811050891876220703 -1.19126617908477783203 0.39701312780380249023 -1.24151325225830078125 -0.31878349184989929199 0.01295233890414229996 1.50661289691925048828 -1.55686700344085693359 1.28392016887664794922 -0.71364861726760864258 -0.85242843627929687500 0.15178050100803369693 1.69783043861389160156 1.16317570209503151624 0.74816262722015380859 1.58925950527191162109 1.23436999320983886719 -1.36970877647399902344 1.38473343849182128906 -1.21247291564941406250 -0.37281993031501770020 -0.13059335947036740389 1.18583977222442649158 0.86896622180938720703 -0.56614249944686889648 1.62321615219116210938 -0.90240913629531860352 -0.24456714093685150146 -0.32154205441474909000 1.73483920097351074219 -0.21115760505199429597 0.12609246373176569156 -0.15157227218151089754 1.23763740062713623047 -1.08599555492401123047 -0.06165832281112670205 1.80926537513732910156 -1.29725992679595969470 1.46439921855926513672 -1.34343338012695312500 -0.63971209526062011719 0.42500793933868408203 0.12576933205127710513 -1.16023159027099609375 0.63821893930435180664
-1.01992607116699218750 -0.99453073740005482062 -0.72172397375106811523 -1.02358961105346679688 -0.78407257795333862305 0.99835622310638438837 1.46800422668457031250 -1.02093744277954101562 1.57730197906494140625 -1.25700914859771728516 -1.77347004413604736328 -0.34863203763961791992 -0.51810264587402343750 -0.15207307040691370181 -1.64525008201599121094 -1.29969274997711181641 1.48332118988037109375 -1.40083968639373779297 1.74451875686645507812 0.42444521188735961914 -1.01578223705291770251 0.38407513499259948730 0.25807145237922668457 -1.42500674724578857422 -0.38214266300201410465 0.99053966999053955078 -1.41620934009552001953 -1.06895804405212402344 -0.43549260497093200684 -0.84362351894378662109 -0.86947339773178100586 -1.60479414463043190686 -0.30679672956466669254 -0.57034456729888916016 -0.09441683441400519627 -1.56229007244110107422 1.25727534294128417969 -0.33942306041717529297 -1.41198575496673583984 -0.51788508892059326172 0.53256916999816894531 0.17187140882015219945 0.56417119503021240234 -0.12866924703121179752 1.76116967201232910156 1.47339034080505371094 1.19039404392242431641 -0.21090464293956751041 -0.62362074851989746094 -0.61820471286773681641 -0.62193983793258666992
-0.11774443835020059757 0.66883414983749389648 0.35822373628616327457 0.26642823219299310855 -0.11966136097908020020 -0.72199845314025878906 -1.56119811534881591797 1.20590639114379882812 0.86005127429962158203 -1.48972594738006591797 1.58998787403106689453 -0.56694954633712768555 1.46487283706665039062 -1.66433882713317871094 -0.97127807140350341797 0.95036846399307239874 0.05906812846660609850 -0.80767935514450073242 -1.49578785896301269531 1.30971503257751464844 -0.14269302785396570377 -0.83889079093933105469 1.67743861675262428967 -1.33742678165435791016 -1.39981794357299804688 1.62324452400207519531 0.76687192916870117188 1.18811941146850608142 1.73983430862426757812 0.96324986219406116827 1.65641939640045166016 -0.82196497917175292969 -1.39930033683776855469 0.02276252023875709879 0.90507066249847401007 -1.15945661067962646484 1.29805791378021240234 0.05442976579070089860 0.19128771126270288638 -0.35895326733589172363 -1.22660315036773681641 0.07046917080879210038 0.51146107912063598633 -0.02554623410105700057 1.24115109443664550781 1.21502804756164550781 1.76842689514160156250 -0.88853543996810913086 0.02837574109435080094 0.80045002698898315430 -0.33163040876388549805
-1.51927983760833740234 -1.11549150943756103516 -0.32970425486564630679 -0.27155449986457819156 -0.49634727835655212402 -1.11178350448608398438 -1.06422591209411621094 1.63672161102294921875 1.22641992568969726562 1.27746891975402832031 -0.41157728433609008789 0.56331610679626464844 -0.06739879399538040161 -0.64533495903015136719 -0.99985855817794799805 0.49837610125541681461 -1.25229620933532714844 -0.89745271205902099609 -1.11282026767730712891 1.68241214752197287829 1.40405356884002685547 -1.10844445228576660156 -0.41366091370582580566 1.46881759166717529297 0.44787862896919250488 0.46748486161231989078 -1.64470756053924560547 -0.40838190913200378418 0.71795618534088134766 1.05281591415405273438 0.32578134536743158511 -0.76518929004669189453 -1.56355118751525878906 0.35897454619407648257 0.76743769645690917969 0.58377343416213989258 0.62588906288146972656 -1.66421115398406982422 -1.60592925548553489001 1.26162314414978049548 1.07088947296142578125 -0.17573118209838858861 1.20276141166686989514 -1.09160304069519042969 0.47474026679992670230 -1.40240466594696044922 -0.88745915889739990234 1.49005854129791259766 -0.51230192184448242188 -0.44583001732826227359 -0.48285424709320068359
-0.64609158039093017578 -0.04549431428313249759 0.52803629636764526367 1.81406784057617209704 0.04638576135039319814 -1.63925135135650634766 -0.41966679692268371582 0.50088012218475341797 -0.85406261682510375977 -0.24323347210884088687 -0.57403475046157836914 0.44570916891098022461 1.43172502517700195312 0.49261957406997680664 0.28309783339500427246 1.22703564167022705078 -0.21516995131969449129 -0.04050259292125699823 0.71400099992752075195 1.37635040283203125000 -1.58010053634643554688 -1.24080955982208229749 -0.82296645641326904297 -1.27654361724853515625 0.46290206909179687500 -1.63497710227966308594 1.32644355297088623047 1.47352671623229980469 0.84799218177795410156 1.22142803668975830078 -1.55211794376373291016 -1.04572415351867675781 -0.78772884607315063477 0.37641188502311700992 -0.45865887403488159180 -0.12894679605960840396 0.48963522911071777344 -1.12187457084655761719 0.19078719615936279297 -0.94539773464202880859 -1.58233702182769775391 -0.80838614702224731445 1.53239822387695312500 0.96309077739715576172 -0.83425271511077880859 0.02357550524175160145 0.07981488853693000096 -1.19549870491027832031 -0.13035368919372550267 0.38564133644103998355 1.27258360385894775391
0.89557695388793945312 0.08762346208095550537 1.09066450595855712891 0.78276497125625610352 0.80054348707199096680 1.67230749130249023438 -0.52864652872085571289 -0.79529488086700439453 0.22097904980182639378 -0.68735265731811523438 1.76390504837036110608 0.98186874389648437500 -1.66594195365905761719 1.15856194496154807361 -1.66197466850280761719 -0.28566762804985040836 0.86235123872756958008 -0.70395600795745849609 1.37669885158538818359 -0.85480576753616333008 1.40215933322906494141 1.17031919956207275391 -0.24907277524471280183 -1.05648159980773925781 1.02229821681976318359 -0.30087253451347351074 0.50965034961700439453 1.39135396480560302734 1.27179884910583496094 -0.58316910266876220703 -1.47573125362396240234 -0.63056117296218872070 -1.71642184257507324219 -1.49851453304290749280 -1.54637944698333740234 -0.73457592725753784180 0.80004984140396118164 -0.47179231047630310059 0.55194169282913208008 0.38904911279678339175 1.07517492771148681641 1.14641082286834716797 0.16859829425811759251 -0.81236708164215087891 -0.55940937995910644531 -1.64976799488067649158 -0.18410271406173700504 0.02770786359906190002 -1.56378638744354248047 -0.90999376773834239618 -0.43571490049362182617
0.93583017587661743164 1.47309386730194091797 2.43842911720275878906 0.44023591279983520508 2.38729381561279296875 1.56720626354217529297 1.00020670890808105469 0.88743299245834350586 0.21663513779640189427 -1.48349785804748535156 0.21470992267131799869 0.44687029719352722168 0.36801436543464660645 -1.23670601844787597656 -1.54152989387512207031 -0.12487708777189250597 -1.12213373184204101562 -1.53894686698913552014 1.14952254295349121094 0.41619345545768737793 1.45148098468780517578 -1.66428446769714355469 -0.75053870677947998047 1.40757882595062255859 -0.41446292400360107422 -0.43582209944725031070 1.63835644721984863281 0.73048943281173706055 1.12071609497070312500 0.89441263675689697266 -1.38307189941406250000 -1.45998299121856689453 -0.40062221884727478027 -1.03992164134979248047 0.88784378767013549805 -1.21822988986968994141 -0.68517041206359863281 0.02665980346500870096 -0.28024679422378540039 0.64871114492416381836 -1.61265659332275390625 0.42837780714035028629 -0.57832264900207519531 1.28645420074462890625 -0.71930384635925292969 1.16243016719818115234 0.21373607218265530672 0.60274571180343627930 1.58286654949188232422 -1.18648421764373779297 -0.05172318220138549805
-0.21597889065742489900 -0.68994909524917602539 -0.27030286192893981934 -0.67614942789077758789 -0.18581092357635489720 -0.97045302391052234992 0.26703125238418579102 -0.95348244905471801758 -0.14719116687774649876 -1.52317285537719726562 -1.51181149482727050781 -0.01589691825211040146 0.91792303323745716437 0.91636878252029418945 -1.15012180805206298828 0.48622307181358337402 -0.41319629549980158023 1.02874445915222167969 -0.10055457055568689517 0.96665608882904041632 -1.38380146026611328125 -0.92244273424148559570 -1.57190871238708496094 -1.38901233673095703125 0.31309124827384948730 0.54537481069564819336 0.97036522626876842157 -0.73341560363769531250 -1.33467328548431396484 -0.65649205446243286133 -0.24062961339950558748 -1.48477232456207275391 -0.95549869537353515625 0.76980340480804443359 0.04148912429809570312 -1.42425513267517089844 1.38857018947601318359 0.34670928120613098145 -0.06533563882112500276 -1.45181465148925781250 -0.80473494529724121094 1.43231368064880371094 -0.67939156293869018555 1.55993294715881369861 0.91453021764755237921 -1.50880253314971923828 -0.65824443101882934570 -0.45129433274269098453 0.71911531686782836914 -1.43803226947784423828 0.44732090830802917480
0.57108962535858154297 1.18260717391967751233 2.28007483482360839844 1.86473751068115234375 1.83867967128753684314 -0.52021181583404541016 1.70780682563781738281 -1.45827841758728049548 -0.94235044717788696289 -0.44308343529701227359 0.07766775786876670140 -1.66028463840484619141 0.77736914157867431641 0.15020664036273950748 1.56391561031341552734 -0.23246404528617858887 -0.02631559222936629902 1.09907424449920632092 1.71078324317932128906 -0.26649561524391168765 -1.63610005378723144531 -1.59169125556945800781 -0.95723658800125122070 -1.38571906089782714844 -0.24669209122657770328 -0.41038122773170471191 -0.05242377519607539782 -0.24451613426208490543 0.72637224197387695312 -0.84844654798507690430 0.06890155375003810534 -1.06148815155029296875 1.13702750205993630139 0.19325171411037439517 -0.78649955987930297852 0.61286115646362304688 -0.24018104374408719148 1.70378375053405761719 1.65386068820953369141 -0.97152996063232421875 0.83863711357116699219 1.09359240531921408923 -0.17531847953796381168 -1.23629474639892578125 -0.03543159365653990311 -1.48565435409545898438 0.74957591295242309570 0.60705554485321044922 1.53213465213775634766 0.64143645763397216797 -0.44397741556167602539
0.00023698550648979999 0.84752184152603149414 -0.21419009566307059544 -0.83609461784362792969 -0.14906229078769681062 0.80616074800491333008 -1.13002455234527610095 1.05339014530181884766 0.49742528796195978336 -0.68220376968383789062 0.87540447711944580078 1.50157499313354492188 -1.61755347251892089844 0.09691503643989560213 1.37311184406280517578 -1.22833549976348876953 0.89212596416473388672 -1.06317055225372314453 0.39774593710899347476 -0.31765732169151300601 -1.42067074775695800781 -0.08253485709428780293 -1.41354596614837646484 0.03244211524724960327 1.23401093482971191406 1.13425517082214355469 -1.08064568042755126953 -1.42791545391082763672 -0.56741225719451904297 0.16179811954498291016 0.63171541690826416016 -0.49627804756164550781 1.02378070354461669922 1.50695228576660156250 -1.30953538417816162109 -1.34142529964447021484 -0.60917389392852783203 0.96000403165817260742 1.39142334461212158203 0.52678048610687255859 0.42921072244644159488 -0.05230570212006559888 -0.13292801380157470703 0.38190665841102600098 0.83862328529357910156 1.04257285594940207751 -0.69865608215332031250 0.03393459692597380201 -0.43237009644508361816 1.10957908630371093750 -1.09910166263580322266
-0.69968724250793457031 -0.02865963056683539997 -0.36451122164726257324 -1.16009461879730224609 -0.58808827400207519531 -0.06264592707157129459 0.72001558542251586914 -0.44100332260131830386 -1.20502865314483642578 0.65623110532760620117 1.18833398818969726562 -0.12718445062637329102 1.22089457511901855469 0.05696529150009149722 -1.24770677089691162109 -1.52845072746276855469 0.54595392942428588867 -0.75067633390426635742 0.60967087745666503906 0.96134465932846080438 -0.40425342321395868472 1.01877045631408691406 0.90869605541229236945 1.10228383541107177734 -1.32728195190429687500 -1.30030632019042968750 0.32816940546035761050 1.07467794418334960938 -0.17646853625774380769 -0.83199638128280639648 -1.34215462207794189453 0.44492661952972412109 -1.45418560504913330078 1.29009056091308593750 -0.63191884756088256836 0.32757234573364257812 1.18847286701202392578 -0.54383730888366699219 -0.44460317492485040836 -0.84539580345153808594 0.33915999531745910645 0.60148924589157104492 0.21997396647930139713 -1.12029623985290527344 0.34652727842330932617 -0.87482917308807373047 1.48046934604644775391 -1.08215808868408203125 -0.49276846647262567691 -0.08136488497257229890 0.30450737476348871402
-1.02816641330718994141 -0.84197908639907836914 -0.73975604772567749023 0.04739942774176589962 -0.54365175962448120117 0.92359060049056995734 -1.25245928764343261719 1.42740905284881591797 -0.64804977178573608398 -0.72483772039413452148 -1.58310830593109130859 -1.03627455234527610095 1.34274303913116455078 0.74101185798645019531 -0.97885721921920776367 0.66120857000350952148 -1.45168638229370117188 -1.09486877918243408203 0.17949719727039328832 -0.45277702808380121402 1.59185421466827392578 -0.25388705730438232422 -0.95945727825164794922 -0.67574137449264526367 -0.01457077544182529966 -0.23417045176029199771 -0.76067709922790527344 1.56076610088348410876 -1.49197363853454589844 0.98248904943466197626 0.12226916849613189697 1.17988634109497070312 -1.48936700820922829358 -0.67351633310317993164 0.51086914539337158203 -0.92088901996612559930 -0.37263172864913940430 1.06645584106445312500 1.63127529621124289783 0.14144606888294219971 0.59262192249298095703 1.52230322360992431641 0.11146347969770430131 -0.27176317572593688965 1.15170967578887939453 1.08694386482238769531 0.39540815353393549136 1.56250131130218505859 -0.80587220191955566406 1.43836796283721923828 0.22482632100582120027
-0.75890928506851196289 -0.77145463228225708008 -0.71712636947631835938 0.43342164158821100406 -0.95631521940231323242 -0.17714093625545498933 -1.01485812664031982422 -0.78484147787094116211 -1.64020037651061989514 -0.56711387634277343750 -1.81993651390075683594 -0.36943766474723810367 0.75323694944381713867 -1.27385771274566650391 0.80412715673446655273 0.06427885591983789615 -0.32964643836021417789 -0.30724862217903131656 1.10937309265136718750 -0.95201337337493896484 0.36886602640151977539 0.04806219041347500193 -0.16507956385612479466 -1.37756204605102539062 0.00540612731128930005 -0.98912096023559559210 0.70687913894653320312 0.68919515609741210938 -0.94693517684936523438 -1.63655209541320800781 -1.04551184177398681641 -0.42438802123069757632 0.63478732109069824219 1.24553155899047829358 0.49357575178146362305 -0.78019469976425170898 1.61138415336608886719 1.11857247352600097656 0.25513014197349548340 -1.60710048675537109375 1.14684092998504638672 -0.16888023912906641177 0.41007792949676508121 -0.11330893635749809956 1.51344490051269509046 1.35384082794189430921 -1.52380025386810302734 -0.04819973185658450038 -0.75908362865447998047 -1.40566730499267578125 0.65426778793334960938
-0.48658809065818781070 0.24509848654270169344 0.58226811885833740234 0.61700719594955444336 0.04587186872959130024 -0.41158157587051391602 -1.41345429420471191406 -0.16971057653427121248 -0.79739850759506225586 0.07627472281455989489 1.64983284473419189453 0.42589315772056579590 1.24179279804229736328 0.69375914335250854492 1.50019538402557350842 -1.21840715408325195312 0.90547215938568115234 -0.07173509150743480334 -0.56300610303878784180 -1.65788841247558593750 0.07718165963888160008 -1.03323054313659690173 -0.80952852964401245117 0.24212864041328430176 -0.45771488547325128726 -0.04301307350397109985 -0.11651963740587230334 1.18199026584625244141 1.23062419891357421875 -0.74333554506301879883 1.03394341468811035156 -0.89313584566116333008 0.96552926301956176758 1.68158304691314697266 -0.03542829304933540341 0.42363488674163818359 0.38610938191413879395 1.11661744117736816406 -0.91833651065826416016 0.27379208803176879883 0.80366486310958862305 0.67763435840606689453 -0.66809082031250000000 -0.90740257501602161749 0.98212051391601562500 -1.19761669635772705078 -0.23945614695549011230 -0.68771582841873168945 0.65994507074356079102 0.03723835572600359828 0.70595473051071166992
0.27830627560615539551 0.23643325269222259521 0.80759096145629882812 1.00559079647064208984 0.49551442265510559082 -0.37951177358627319336 1.62585604190826416016 1.65310251712799072266 -0.79231059551239013672 -0.71417713165283203125 0.21431988477706909180 -1.65473532676696777344 -0.05114142224192610303 -0.74584650993347167969 0.23120297491550440006 -0.36859264969825739078 1.19814419746398925781 -0.36808893084526062012 1.60526001453399658203 0.37722200155258178711 -0.66090226173400878906 -0.89194345474243164062 1.10007369518280029297 1.06306636333465576172 0.31265851855278009586 -0.88461261987686157227 -0.44079014658927917480 1.09305119514465309827 1.63065958023071289062 -1.27404522895813010486 0.26458036899566650391 0.37345451116561889648 1.61045324802398681641 -0.68476879596710205078 -1.47393715381622314453 -1.37408494949340820312 0.25304767489433288574 -0.15729278326034540347 0.29084879159927368164 -1.67008697986602783203 0.22250817716121670808 0.14853240549564358797 -0.01816901192069049834 0.32219424843788141422 0.06758955121040340075 1.46751141548156738281 0.41414368152618408203 0.04742395505309100062 0.91168034076690684930 -0.15652242302894589510 0.51546603441238403320
-1.80037498474121093750 -1.32955694198608398438 -0.34089058637619018555 -1.37681591510772705078 -0.64370250701904296875 -0.09878733009099960327 -0.48505938053131097965 0.45413503050804138184 -1.33720815181732177734 -1.10216689109802246094 -1.44696807861328125000 1.20778644084930419922 0.39432352781295770816 -0.35364514589309692383 1.42313122749328591077 0.10593775659799570255 1.66271853446960449219 -1.60419285297393798828 -0.56409478187561035156 -0.03442645817995070023 -0.68146342039108276367 0.36407560110092157535 1.05893003940582275391 0.16774621605873099583 -1.27318143844604492188 -0.60063594579696655273 -0.76650846004486083984 -1.36082017421722389905 -1.20836544036865234375 0.54524803161621093750 -0.33159890770912170410 1.11457848548889160156 1.25699841976165749280 -0.94944882392883300781 -1.55079770088195800781 0.25347056984901428223 1.38466048240661621094 -1.15027964115142822266 1.44430255889892578125 1.40517294406890869141 0.20771756768226620760 -0.26464667916297912598 1.40373945236206032483 -1.01309394836425781250 -0.94118392467498779297 0.34318518638610839844 -1.45821964740753151624 -1.39617395401000976562 -0.02570314146578309838 0.62523525953292846680 -1.44628369808197021484
0.42163345217704767398 0.85488468408584594727 0.55928307771682739258 0.62204539775848388672 0.68696606159210205078 -1.42990124225616455078 -0.81040471792221069336 1.32713484764099121094 0.89759010076522827148 0.21096901595592498779 0.23985278606414789371 1.66298115253448486328 0.86199861764907836914 0.98650175333023082391 1.48511886596679687500 1.64538490772247314453 0.04980841279029839946 -1.09000384807586669922 1.04540455341339111328 -0.48287692666053771973 0.78415125608444213867 -1.52461552619934082031 0.38428902626037597656 0.67985820770263671875 -1.05971920490264892578 0.57672899961471557617 0.09691946208477020264 -0.57408225536346435547 1.66284894943237304688 0.69547605514526367188 -0.13152411580085748843 -0.26787304878234857730 1.62807095050811767578 -1.64430415630340576172 0.39687234163284301758 -0.82631176710128784180 0.91466265916824340820 1.12073314189910888672 -0.85398620367050170898 -0.04354631528258320200 -0.33124715089797968082 0.68295580148696899414 -0.14528590440750119295 -0.60695254802703857422 0.29073962569236749820 -0.54790067672729492188 -0.34381979703903198242 -0.85462403297424316406 -0.63775885105133056641 -1.04705059528350830078 -1.33901345729827880859
0.03270402923226350261 -0.01135931815952060005 -0.73344111442565917969 -0.62082988023757934570 -0.73632740974426269531 0.51783382892608642578 -1.32881712913513183594 -0.84964305162429809570 1.07783675193786621094 -1.06013798713684082031 -0.07705356925725929951 0.34703546762466430664 1.64065885543823242188 -0.12937313318252560701 0.45083117485046381168 0.36620891094207758121 0.62275558710098266602 0.46846446394920349121 -1.00775301456451416016 1.43612515926361083984 -0.46516424417495727539 -1.37678575515747070312 0.67480838298797607422 1.51129603385925292969 -0.78275513648986816406 1.31401395797729492188 -0.00215024757198979980 -0.85297918319702148438 0.03517955169081680294 -0.49809953570365900211 1.38758146762847900391 1.21294534206390380859 1.55378150939941406250 -0.93367266654968261719 -1.30592334270477294922 -1.50726854801177978516 1.33783495426177978516 -1.04947817325592041016 -0.61728334426879882812 0.19338208436965939607 -0.35519301891326898746 -0.76219826936721801758 1.31578826904296875000 -0.37863436341285700015 0.43524426221847528629 0.15352049469947809390 -0.66310101747512817383 -0.16932469606399530582 -1.49080598354339599609 1.61513984203338623047 0.17198565602302551270
-0.70968961715698242188 -0.06253740191459650211 0.17352411150932309236 1.80668210983276389392 -0.32735833525657648257 -0.64842081069946289062 0.05425415933132170243 -0.65306210517883300781 -0.64486342668533325195 -1.44430434703826904297 -0.36841797828674310855 0.48041513562202448062 -0.62622857093811035156 0.13374863564968109131 -1.43771493434906005859 0.83211100101470947266 0.20086729526519769840 -0.66203272342681884766 -0.48026010394096368961 -1.26460766792297363281 0.11745391786098480225 -0.07996509224176399921 -0.72311162948608398438 0.18088227510452270508 -0.64849704504013061523 -0.36121460795402521304 -1.02270817756652832031 -0.92844367027282714844 1.14033925533294677734 -1.34542369842529296875 0.01519744377583259927 0.73320585489273071289 -0.40068343281745910645 -1.33883881568908691406 0.67972636222839355469 -1.16168189048767089844 1.04362869262695312500 0.43499141931533807925 -0.53295767307281494141 0.60893338918685913086 -0.86038964986801147461 0.60390454530715942383 -0.93814587593078602179 -0.06239155679941169735 1.55693256855011008533 0.57022297382354736328 -0.25731790065765380859 0.81806975603103637695 -1.17235350608825683594 -1.01966154575347900391 1.13680315017700195312
0.09066207706928250398 -0.35884857177734369449 -1.56448638439178489001 -1.58062136173248291016 -1.30027902126312255859 -1.67151236534118630139 -0.97460907697677601202 -0.94202715158462524414 -1.58113598823547363281 0.32535427808761591129 1.28169226646423339844 -1.11615657806396484375 -1.48596513271331809314 -0.80367368459701538086 1.42880535125732421875 1.78889310359954833984 0.86858129501342773438 -1.52902412414550781250 -0.86249929666519165039 0.92625200748443603516 -1.10581064224243164062 0.37512084841728210449 -0.41189184784889221191 0.52557569742202758789 -0.63699054718017578125 -1.47847664356231689453 0.63114482164382934570 0.55839586257934570312 -0.27794727683067321777 -0.55315017700195312500 -0.95981037616729736328 0.19698823988437649812 -0.18600623309612268619 -0.28208026289939880371 1.14858901500701904297 0.26522561907768249512 -1.24379837512969970703 -1.07328522205352783203 -0.94567489624023437500 -0.96383005380630482062 1.49378442764282248767 -0.75333738327026367188 0.83507525920867919922 -1.68598353862762428967 -0.83074653148651123047 1.59209644794464111328 -1.37573552131652832031 -0.73190450668334960938 -0.18905554711818689517 0.50076252222061157227 0.42806205153465270996
-0.73586094379425048828 -1.10635924339294433594 -0.71051561832427978516 0.55653572082519531250 -0.77779579162597656250 0.64529949426651000977 0.39867317676544189453 -0.75247043371200561523 0.46718290448188781738 0.08965283632278439607 1.55969321727752685547 -0.02103228121995920005 -1.59453022480011008533 -1.34424781799316406250 -0.43403506278991699219 0.96588802337646484375 1.02347838878631591797 1.29151427745819091797 0.34449809789657592773 -1.44904124736785888672 0.25011333823204040527 -1.39109134674072287829 -0.52469658851623535156 -1.57913672924041770251 -0.57084155082702636719 -0.52313685417175292969 1.49541616439819335938 -0.47286027669906610660 -0.60806411504745483398 -0.13288852572441101074 -1.01280641555786110608 1.36069309711456298828 -0.96065247058868397101 0.44514614343643188477 -1.42725193500518798828 0.78384864330291748047 -1.03659451007843017578 1.51097810268402099609 -0.23521654307842249088 -0.06801595538854590672 0.94045352935791015625 1.04987740516662597656 0.99658590555191040039 0.97181081771850597040 -0.64179950952529907227 -1.16772055625915527344 0.50090026855468750000 0.41454234719276428223 -0.07927898317575450549 -1.44379866123199462891 0.32100388407707208804
-0.93012541532516479492 -1.22149956226348876953 -0.76863688230514526367 1.35682022571563720703 -0.79891556501388549805 1.57261085510253906250 1.29254102706909179688 0.34071078896522521973 0.23108989000320429019 1.75447511672973632812 -0.43527135252952570132 0.46389093995094299316 -1.57790791988372802734 0.35690414905548090152 -1.31471979618072509766 -1.20961081981658935547 0.25238209962844848633 0.97446173429489135742 0.45639997720718378238 0.67298370599746704102 -0.12790864706039428711 0.33021214604377741031 -0.53040105104446411133 0.70297467708587646484 0.05795584619045249936 1.37589025497436523438 0.54317432641983032227 1.18370485305786110608 1.71092140674591064453 -1.16337704658508300781 -0.19547522068023678865 1.27388405799865722656 -0.91834002733230601923 -1.28631854057311989514 -0.94084423780441284180 1.42832601070404030530 0.17920909821987149324 0.82944363355636596680 -0.81005597114562988281 -0.96226286888122558594 -0.24453336000442499332 -0.27693077921867370605 0.99513339996337879523 -1.12286305427551269531 -1.08577990531921408923 1.61697363853454589844 -0.88091546297073364258 -1.61060130596160888672 -0.87046778202056884766 0.13726921379566189851 0.18442116677761069554
-0.79872268438339233398 -1.00846755504608154297 -0.32216122746467590332 -1.58880281448364257812 -0.47706040740013122559 1.16381168365478515625 0.04919436946511260289 -0.46984666585922241211 0.57850384712219238281 0.67082411050796508789 -1.53123354911804199219 0.24935603141784659642 -0.34231343865394592285 0.10735335201024999441 0.99369841814041137695 1.41420614719390869141 -0.22533150017261499576 1.68284451961517311780 -1.11498892307281494141 1.27401459217071510999 -0.02814942784607410084 -0.59741866588592529297 1.58414220809936523438 0.17537829279899588841 0.06186244264245029795 -1.49254798889160156250 0.52873742580413818359 0.55198717117309570312 1.09813332557678222656 -0.69038003683090209961 -1.44725322723388671875 -1.27542912960052490234 0.16762493550777429752 1.03848981857299804688 -1.05549836158752441406 -0.42552733421325678043 -0.95591664314270019531 0.78735542297363281250 1.37197506427764892578 0.68253695964813232422 -0.76515090465545654297 1.16983962059020996094 -1.16950929164886474609 -0.88541066646575927734 1.35520756244659423828 -1.11852216720581032483 -0.61396199464797973633 -1.01059067249298095703 -1.36497664451599121094 1.70367825031280517578 -0.59321784973144531250
1.63094127178192138672 1.81055545806884810034 4.01068925857544034130 1.86639630794525168689 5.04455900192260742188 1.29711842536926269531 1.18522751331329367908 0.48279002308845520020 -1.38433969020843505859 1.61563265323638916016 -0.16868859529495239258 1.49238431453704833984 0.31582543253898620605 -0.55534493923187255859 0.40773585438728332520 -0.68122726678848266602 -1.53034007549285888672 0.97208523750305175781 -0.97131353616714477539 0.25618022680282592773 -1.28052246570587158203 0.95673161745071400031 -1.08578789234161376953 -0.07991570979356760196 1.48703432083129882812 0.66805362701416015625 0.71042412519454956055 1.00325274467468261719 1.54926204681396484375 -0.28254133462905878238 -1.35146307945251464844 0.02494429983198639955 0.73647689819335937500 0.40668132901191711426 1.33519697189331032483 -0.12412367761135099931 0.60436797142028808594 -1.11056375503540039062 -1.50789833068847656250 -0.34583196043968200684 0.88018923997879028320 0.78155052661895751953 0.24911029636859891023 -0.63295382261276245117 -0.23640480637550351228 -1.13450014591217041016 0.81023389101028442383 1.45656418800354003906 -0.98196119070053100586 -1.20914518833160400391 4.25864696502685635693
-0.83126747608184814453 -0.93638241291046142578 -1.07319283485412597656 -1.10489773750305175781 -0.56074351072311401367 1.65935683250427246094 -0.64769190549850463867 -1.27632844448089599609 0.60877513885498046875 -0.37315139174461359195 -0.39951753616333007812 -1.49641442298889160156 -0.16843631863594049625 0.81988114118576049805 -0.40218374133110040836 0.07842082530260080508 -1.38558387756347656250 1.14099705219268798828 -0.53628396987915039062 1.42877197265625000000 -1.43432676792144775391 -0.54373890161514282227 -0.89904087781906127930 1.26813316345214843750 -0.55169212818145751953 -0.35619390010833740234 -0.43606308102607721500 1.36579883098602294922 1.52924835681915283203 -0.73390966653823852539 -0.73747313022613525391 -0.12695762515068048648 0.08361695706844329834 0.08417429029941550511 0.54016852378845214844 -0.52967506647109985352 -0.68505614995956420898 -0.71638548374176025391 1.45771336555480957031 -0.68372380733489990234 -1.76423656940460205078 -1.18691790103912353516 1.22023594379425048828 0.29868575930595397949 0.70253646373748779297 -1.04180073738098144531 0.16028718650341031160 -0.95710051059722900391 -0.84321767091751098633 0.75949412584304809570 -0.06337339431047439575
-1.15313589572906494141 -1.23667514324188232422 -1.13298738002777099609 1.25221121311187744141 -0.88428425788879394531 -0.47048234939575189761 0.81191551685333251953 -0.22043326497077939119 -1.22845292091369628906 1.73131799697875976562 0.81569188833236694336 1.42275285720825195312 -1.23333227634429909436 0.45698243379592889957 -1.04294133186340309827 -1.12164461612701416016 -0.86715781688690185547 -0.41948729753494262695 -0.85778343677520751953 0.73116153478622436523 -0.22371599078178400211 -0.88719147443771362305 0.46576422452926630191 1.67579483985900878906 1.50279247760772705078 -0.96109443902969360352 -1.67904424667358398438 -1.44805681705474831311 -1.44584333896636962891 0.00943267066031690075 0.74707150459289550781 0.21677087247371670808 -0.98472231626510620117 -1.34794795513153076172 1.09112954139709472656 -1.59369421005249023438 0.18680147826671600342 -0.52551364898681640625 1.38520836830139160156 1.27095484733581542969 0.60540097951889038086 -1.08910477161407470703 -0.57773631811141967773 -0.57936090230941772461 -0.50518864393234252930 -0.78422552347183227539 -1.24346828460693359375 0.26604065299034118652 -0.87035250663757324219 0.40352785587310791016 0.52215892076492309570
-0.42896014451980590820 -0.09348373115062709460 -0.72208392620086669922 -1.34081625938415527344 -0.35163319110870361328 0.45693027973175048828 -1.11575973033905029297 1.36359155178070090564 -1.12639677524566650391 0.03900645673274989733 0.61461091041564941406 -1.17170858383178710938 -1.03916633129119873047 -0.26422306895256042480 -1.20650482177734375000 0.08257164061069480199 0.30532270669937128238 -1.44011628627777099609 1.21307146549224831311 0.25944384932517999820 0.43322935700416559390 -1.38229274749755859375 0.79976326227188110352 1.09715902805328369141 0.31464472413063049316 1.60916030406951904297 0.69460421800613403320 0.82944720983505249023 0.95473939180374156610 0.26385977864265441895 1.61996972560882568359 -0.02550318464636799898 -1.01101315021514892578 1.50073385238647460938 -0.65739667415618896484 1.30186712741851806641 -0.77269005775451660156 0.98319673538207996710 -0.88800096511840820312 -1.24492180347442649158 1.46027088165283203125 -0.20733402669429779053 0.01169648487120860010 -0.10380516946315759830 -0.31998270750045770816 1.50546789169311523438 -0.69444364309310913086 1.05076611042022705078 1.53997826576232910156 -0.09887948632240289859 0.23897130787372589111
0.37740841507911682129 0.28349748253822321109 0.03748939558863639832 -0.68894666433334350586 0.15751047432422629613 -1.38284516334533691406 0.35911810398101801090 -0.85246807336807250977 0.99070608615875244141 0.46856033802032470703 -1.60042810440063476562 -0.94100195169448841437 -0.82410305738449096680 0.86899065971374511719 1.72666060924530029297 0.71532094478607177734 -0.51545667648315429688 -0.24072238802909851074 -0.44321513175964349918 -1.23519825935363769531 -1.46642792224884033203 -0.26242020726203918457 1.35422444343566894531 0.09550996124744409732 -1.02718150615692138672 -1.01755011081695556641 1.32229495048522949219 -1.43312656879425048828 0.64304637908935546875 -1.58080816268920898438 0.27025797963142389468 1.49449729919433593750 0.55792069435119628906 1.51534652709960937500 0.49083247780799860172 -1.35775983333587646484 -0.40755701065063471011 1.12083435058593750000 -0.93076848983764637335 -0.03761031851172440266 -0.64591354131698608398 -1.59002578258514404297 0.58178478479385375977 -0.17545649409294120091 1.14184653759002685547 0.04372290894389149751 -0.14106994867324829102 1.40284764766693115234 0.05153135582804679871 0.67459923028945922852 -0.69276905059814453125
1.55680787563323952405 1.56676447391510009766 -0.29712694883346557617 -0.93834614753723144531 0.16556777060031890869 -0.73694533109664916992 -1.65535175800323486328 1.29656529426574707031 -0.52011489868164062500 0.59303534030914306641 0.47163289785385131836 -1.42041540145874023438 -0.06470266729593270039 0.59100294113159179688 0.97136616706848144531 -1.49689793586730957031 1.15077447891235351562 -1.40999042987823486328 1.38258278369903564453 0.93357712030410755499 0.99939405918121337891 -0.75660204887390136719 1.61340785026550292969 1.09025156497955322266 -1.61944639682769775391 0.08239512145519249653 -0.94788151979446400031 0.99625939130783081055 -1.52419161796569824219 1.41471326351165749280 0.01135481055825940042 -0.71149438619613647461 0.68348324298858642578 1.36091876029968261719 0.87657004594802856445 -1.70619869232177712171 0.22880451381206509676 1.73484230041503906250 1.29059648513793967517 -1.54574966430664062500 0.15061682462692260742 0.57647013664245605469 -0.31048369407653808594 -0.89834910631179809570 1.04182434082031250000 0.63572871685028076172 -1.06996679306030273438 0.99481958150863636359 0.56139105558395385742 0.67056429386138916016 0.30342799425125122070
0.98321163654327403680 1.57356739044189430921 -0.28560137748718261719 -1.03957986831665039062 0.01773861236870279828 1.13366198539733886719 -0.96453434228897094727 0.96299743652343761102 -0.13679350912570950594 -1.09957015514373779297 -1.25204408168792724609 0.81614166498184204102 0.25240960717201227359 -0.53125911951065063477 -0.63455677032470703125 0.99808233976364135742 -0.72892647981643676758 1.20226311683654807361 1.61186516284942649158 0.10575623810291290283 0.54769474267959594727 0.21996596455574030093 0.88608539104461669922 1.54310154914855957031 -1.64684951305389404297 -0.54018366336822509766 1.50403523445129394531 0.18359145522117609195 -1.52562785148620605469 1.70963573455810569079 0.76171946525573730469 -0.25301858782768249512 0.23010192811489099673 -0.64735335111618041992 1.42686426639556884766 0.65234273672103881836 0.66383957862854003906 1.39982640743255615234 1.32991921901702880859 1.25627648830413818359 -1.14060485363006591797 0.40531647205352777652 -1.34090435504913330078 -1.74833059310913085938 -1.05290758609771728516 -0.28141802549362182617 -1.04135978221893310547 0.05084772035479540042 1.14966726303100608142 -0.91486865282058715820 -0.94799733161926280633
-0.31277790665626520328 -0.53697222471237182617 -0.26263576745986938477 0.49097034335136408023 -0.27796131372451782227 -1.00191140174865722656 1.18949568271636962891 -0.28987959027290338687 0.13467137515544891357 -0.13046881556510919742 0.27865228056907648257 -1.55712604522705078125 1.37135934829711914062 1.06027233600616455078 -0.08803439885377879748 0.20925712585449218750 -0.92192459106445323602 0.08778082579374310579 -1.54197525978088378906 0.44468256831169128418 0.85073024034500122070 -0.29729402065277099609 -0.09633905440568919787 -0.92998045682907104492 -0.30971792340278619937 0.06856076419353479556 0.71182811260223388672 1.52325689792633056641 1.31818568706512428967 -0.44235953688621520996 0.81955599784851074219 1.52610385417938232422 -1.16605734825134277344 -1.60841763019561767578 -1.09718942642211914062 -0.00624878937378520009 0.49646267294883728027 1.50442469120025634766 -0.55698710680007934570 0.39734280109405517578 0.69014698266983032227 -1.17864620685577392578 -1.52395403385162353516 -1.65972483158111550061 -1.11715793609619140625 1.58286345005035400391 -0.82185167074203491211 -1.29017317295074462891 0.39916643500328058414 -1.13630294799804687500 0.80627608299255371094
1.47173655033111550061 1.37616014480590820312 -0.00941250286996360083 -0.56132072210311889648 0.01877904310822479939 0.71016263961791992188 -0.55695283412933349609 -0.17710396647453299779 0.29117071628570551090 -0.19430701434612268619 -0.52826523780822753906 0.59173780679702758789 -0.91124838590621959344 -1.14322805404663085938 -1.44380891323089599609 0.02589792199432849884 -1.58280062675476074219 1.32602357864379882812 -1.14197051525115966797 -1.13807153701782248767 0.67304420471191406250 -1.35062694549560569079 -0.60902643203735351562 1.14261960983276367188 -1.51432693004608154297 1.02586352825164794922 -0.58022928237915039062 -0.36254212260246271304 1.01516544818878151624 -0.57901483774185180664 -0.37055796384811401367 1.20983374118804909436 -1.19868648052215576172 -0.12780329585075370091 0.14308249950408929996 1.07246243953704833984 1.38714993000030517578 1.07950603961944580078 1.12667703628540039062 1.04731547832488991467 0.23160684108734130859 1.49102544784545898438 -0.74165910482406616211 0.83926039934158325195 -1.62644016742706298828 0.21791279315948480777 0.95360058546066284180 0.16445237398147580232 -0.65203809738159179688 0.64738547801971435547 -0.24596767127513879947
-0.03672231733798980019 -0.39300298690795898438 -1.56022536754608154297 -1.23786199092864990234 -1.35409414768218994141 -0.77818787097930908203 0.03640624508261679909 0.05182236805558199794 1.11937022209167480469 0.52044135332107543945 1.32908904552459716797 -1.47659230232238769531 0.93939280509948719367 -1.18219733238220192639 -0.18551349639892569798 0.84249150753021240234 -0.19201688468456259984 0.57896780967712402344 -0.59381407499313354492 1.60846579074859619141 0.64143776893615722656 -0.38204893469810480289 0.10758352279663080386 -0.59861052036285400391 -1.02558255195617675781 -0.82707220315933227539 0.62616074085235595703 1.48281526565551757812 0.96033126115798961298 -0.26108211278915399722 -0.48146447539329528809 -0.76731282472610473633 -1.00080657005310058594 0.29051542282104492188 -1.00610017776489257812 -1.02685093879699707031 0.57836443185806274414 -1.21209108829498291016 -1.54073107242584250720 -0.05750243738293640133 -1.66195654869079589844 -0.23796677589416501131 -0.17874804139137259740 -0.67574954032897949219 -0.05149707943201060206 -0.82534867525100708008 -0.86850953102111816406 -1.10660135746002197266 -1.45730435848236083984 0.25420081615447998047 0.91940414905548095703
-0.53134304285049438477 -0.32338339090347290039 -0.32296389341354370117 0.21072696149349209871 -0.44726890325546259097 -1.41954183578491210938 0.21131737530231470279 0.67483419179916381836 -0.05562619119882580149 -1.26594376564025878906 0.73445546627044677734 1.59739744663238525391 0.88100033998489379883 -0.95341050624847401007 -0.99954491853714000360 -0.46951693296432489566 -0.42373317480087280273 1.72721612453460693359 -1.62134873867034912109 -1.26907479763031005859 1.60103034973144509046 -0.24075905978679648656 -1.20818674564361550061 0.56929123401641845703 0.30172926187515258789 1.15841341018676757812 -1.39961838722229003906 -0.41034549474716180972 1.51261985301971435547 1.27196061611175537109 -1.31447279453277610095 1.54637193679809570312 -0.49427288770675659180 -0.27730554342269897461 1.48132705688476562500 1.70775926113128662109 0.14147593080997458714 -0.20204597711563110352 1.23669266700744628906 -1.38836085796356201172 -1.49534618854522705078 1.06065046787261962891 -1.48522615432739257812 -1.53404414653778076172 -0.99747097492218017578 0.75330537557601928711 -0.04713344573974599661 0.28219723701477050781 0.99184656143188476562 -1.64015614986419677734 1.04574680328369140625
-0.54681062698364257812 0.11423570662736889925 -0.96025788784027099609 -0.88561993837356567383 -0.80891400575637817383 1.60443735122680664062 -0.69327396154403686523 -0.76632368564605712891 -1.41715693473815917969 1.30544495582580566406 0.15301096439361569490 0.31942340731620788574 0.49678286910057067871 -0.42600464820861810855 -0.65791732072830200195 0.45271739363670349121 1.53271210193634033203 1.03703224658966064453 1.37443220615386962891 0.82006895542144775391 -0.50862050056457519531 0.58687907457351684570 0.41738933324813842773 -1.38738942146301269531 -1.48052227497100830078 1.50334978103637695312 0.97596526145935058594 0.59454470872879028320 0.35999488830566400699 -0.02540548890829080059 0.61124557256698608398 -0.91017591953277598993 0.28132683038711547852 1.34617578983306884766 -0.72377628087997436523 1.58090054988861083984 0.13555483520030969791 -0.59298628568649291992 0.81885606050491333008 -1.67172431945800781250 1.36342608928680419922 -0.96189814805984497070 -0.87300866842269897461 0.32832664251327509097 0.68256622552871704102 -1.51105761528015136719 -0.11674890667200080174 -1.26657915115356445312 -1.46508705615997314453 1.12595117092132568359 0.78133398294448852539
-0.76627033948898315430 -0.55597460269927978516 -1.23595798015594482422 -1.52199602127075195312 -1.13727581501007080078 0.29916113615036010742 -1.45055329799652099609 -0.75456023216247558594 0.62512284517288208008 -0.56288808584213256836 0.07157139480113980379 0.46773523092269897461 1.22015810012817382812 -1.68260657787322998047 0.55598771572113037109 -0.17317190766334530916 -0.57397651672363281250 -1.62236714363098144531 -0.82525801658630371094 -0.87641096115112304688 0.21084842085838309544 0.15745860338211059570 0.42844250798225397281 1.56507885456085205078 -1.19964861869811989514 -1.11882257461547829358 1.02082717418670632092 -0.02552607282996170041 -0.17986036837100979890 1.53738534450531005859 1.16820561885833740234 -1.52639710903167724609 0.72802585363388061523 -1.08690440654754638672 -1.06225645542144775391 0.41969475150108337402 -0.67410844564437866211 1.41759753227233886719 -0.37164616584777832031 -0.51109021902084350586 -0.46323594450950622559 1.40655183792114257812 0.53716331720352172852 -0.40349537134170532227 -0.32787206768989557437 0.23817421495914459229 -0.56093508005142211914 1.55327200889587402344 -0.76665294170379638672 -1.46253013610839843750 0.19478169083595270328
-1.11646032333374023438 -0.75431114435195922852 -0.08403614908456799593 1.47676837444305419922 -0.44487211108207702637 -0.80623555183410644531 0.46281862258911127261 0.33132961392402648926 -1.20144844055175781250 -0.11930981278419490466 -1.53802049160003662109 1.51805114746093750000 -1.22257280349731445312 -0.19442804157733908910 0.32202708721160888672 0.44468766450881958008 1.49951183795928955078 -1.13133144378662109375 0.04177049919962880220 1.29518735408782958984 1.53548610210418701172 0.60845077037811279297 -1.59492325782775878906 0.35944393277168268375 -1.25709021091461181641 1.30034351348876953125 -0.38673812150955200195 0.64219903945922851562 0.26721706986427301578 -0.84970134496688842773 0.65839970111846923828 -0.70102393627166748047 0.29816767573356628418 -1.66325592994689941406 -0.89186531305313110352 1.11605715751647949219 -1.10920739173889160156 -0.51229047775268554688 1.33734691143035888672 -0.81139504909515380859 -0.15356150269508359041 -1.58432495594024658203 0.25262829661369318179 -1.10164570808410644531 0.42822998762130737305 -0.73200267553329467773 -0.72114497423171997070 1.74135375022888183594 -1.11727428436279296875 0.40879142284393310547 0.49440404772758478336
-0.73752415180206298828 -0.24488651752471921053 0.41471031308174127750 1.48218035697936989514 -0.19081723690032958984 -0.48956584930419921875 -0.44354158639907831363 1.07093393802642822266 0.87123203277587890625 -1.52505278587341308594 0.17812885344028470125 -1.51998198032379150391 -0.69224816560745239258 1.08601140975952170642 -0.14157381653785700015 -0.51214474439620971680 -1.65076625347137428967 0.43182709813117980957 -0.49838769435882568359 -0.14059832692146301270 0.56672859191894531250 -0.14631113409996029939 1.11323750019073486328 1.54180705547332763672 -1.44546544551849365234 1.53486263751983642578 0.69329696893692016602 -0.14629025757312769107 0.00041636882815510002 -0.80882340669631958008 0.72973519563674926758 0.01829930208623399904 0.46604591608047479800 -0.77071100473403930664 1.09436345100402832031 0.59346377849578857422 0.50991976261138916016 -0.79885864257812500000 -1.17837500572204589844 -0.81712347269058227539 0.22906030714511871338 0.14551566541194910220 -0.11521714925765989823 1.05179190635681152344 -1.08666324615478515625 -1.38667905330657958984 -1.51301991939544677734 -0.21886441111564630679 -1.13727712631225608142 0.58976703882217407227 1.05018424987792968750
