0.50572073459625244141 0.31015610694885248355 1.56972146034240722656 0.98874801397323597296 -0.66012746095657348633 -0.55803978443145751953 0.63489490747451782227 0.18017962574958801270 0.64089310169219970703 1.33988285064697287829 0.24953192472457880191 -0.19632847607135769930 -0.20919780433177939671 0.62187665700912475586 0.40573737025260919742 -1.20836329460144042969 -1.06346666812896728516 1.30431044101715087891 0.87883818149566650391 0.05117648094892499749 -0.81169801950454711914 0.81462961435317993164 1.20848107337951660156 -0.32246750593185419254 -0.13400459289550781250 1.83583080768585205078
-0.34634649753570551090 -0.68303614854812622070 0.47367358207702631168 1.33381795883178710938 0.16236466169357299805 -0.66033762693405151367 -0.90775555372238159180 0.79966825246810913086 -0.08033692836761470446 0.30346956849098200015 -0.98506182432174682617 -1.38278114795684792249 1.33059394359588623047 -0.77795475721359252930 -0.16290642321109768953 1.43191254138946510999 0.75133305788040161133 -1.52663922309875488281 1.44085991382598876953 -0.71810269355773925781 0.01529761776328079914 1.27116322517395019531 -1.03588688373565673828 0.00366461579687890008 0.62189215421676635742 0.25858029723167419434
-0.07452681660652160645 0.63697046041488647461 0.13385632634162900056 -0.72959917783737182617 -0.75645899772644042969 -0.32907676696777338199 -1.00572860240936279297 -1.71548187732696510999 -0.83658146858215332031 -1.31436586380004882812 -0.12326423078775400333 1.38236987590789794922 -1.76740634441375710217 -0.21026076376438140869 -0.39035597443580627441 0.43002849817276000977 -1.11023211479186989514 0.80416733026504516602 1.67360413074493408203 -0.36807370185852050781 0.07012550532817840576 -0.53445655107498168945 -1.55319154262542724609 -1.60419547557830810547 0.22311384975910181216 -0.34365695714950561523
1.75077700614929199219 0.74724626541137695312 -0.48022040724754327945 -0.76337152719497680664 -1.26119232177734375000 1.22589480876922607422 0.62441563606262207031 0.17473380267620081119 -1.48822569847106911389 -0.02068801224231719971 1.12829554080963112561 0.43949750065803527832 0.39956334233283991031 0.55593419075012207031 -0.91598564386367797852 1.02469706535339355469 0.20361801981925958804 -1.09636354446411110608 -0.82897299528121948242 -0.56785672903060913086 0.55483627319335937500 1.36594045162200927734 0.05784615501761430217 -1.56340265274047829358 -1.48289811611175537109 -0.33542913198471069336
-1.19517445564270019531 0.40770596265792841129 1.58473265171051047595 -0.84068149328231811523 1.27146005630493164062 0.71897065639495849609 1.57837116718292236328 1.02176153659820556641 1.36857664585113525391 -0.81776273250579833984 -0.99659937620162963867 1.52800679206848144531 0.66714841127395629883 0.93876546621322642938 -0.93707484006881724969 -1.08112657070159912109 0.17516209185123440828 1.60159564018249511719 -1.29172134399414062500 1.55233824253082275391 0.86733806133270263672 0.89374452829360961914 -1.64348959922790527344 0.84544849395751953125 0.46025606989860529117 0.01106799393892280055
-1.37902843952178955078 -0.59793627262115478516 -0.81610989570617675781 -1.31680226325988769531 -1.62488937377929687500 0.64007681608200073242 -0.12017545104026790270 0.80862706899642944336 0.54677575826644897461 -0.01357919443398710076 -0.94768035411834716797 -0.63658320903778076172 1.12532234191894509046 -0.30916130542755121402 0.42435866594314569644 1.09880125522613525391 0.57279968261718750000 -0.99145561456680297852 1.59938633441925048828 0.78198790550231933594 -1.20074474811553955078 -1.43003284931182861328 -0.71744459867477416992 -1.48958122730255126953 0.10292503982782359728 -2.36585521697998046875
-0.27010658383369440250 -1.36298036575317382812 -0.01213687285780900085 -1.35926234722137428967 -0.47872951626777648926 -1.15243709087371848376 0.13108369708061209935 1.22321164608001708984 0.12405504286289209537 0.42407289147377008609 -0.84690403938293457031 0.71838730573654174805 1.17974865436553955078 -0.89327007532119750977 -1.04215264320373535156 -1.53799295425415039062 1.55442130565643310547 -0.81420230865478515625 1.05117774009704589844 1.44209301471710205078 0.87776750326156616211 -1.52805209159851074219 0.71302449703216552734 -0.99082797765731800421 1.21037662029266357422 -2.03533244132995605469
0.75015449523925781250 0.35349842905998229980 0.22121502459049219302 0.78521901369094848633 1.03086698055267311780 1.41219758987426757812 0.99105763435363758429 -0.15156410634517669678 -0.46268925070762628726 0.56396013498306274414 -0.00496734911575909960 1.09991037845611550061 -0.65251630544662475586 -1.06285381317138671875 0.21748957037925720215 -0.23338386416435238924 1.17809891700744628906 -1.42536187171936035156 0.73295152187347412109 1.35012900829315207751 -1.69758331775665283203 -1.65974640846252441406 -0.69203823804855346680 -1.50194454193115234375 -0.75336837768554687500 1.38018429279327392578
-0.40878415107727050781 -0.14210508763790130615 1.05495750904083229749 -0.32647046446800231934 -1.10791289806365966797 1.20493817329406738281 0.94725257158279418945 -0.66231387853622436523 -0.36627423763275140933 0.82709062099456787109 1.37736868858337402344 -0.63033723831176757812 1.51267218589782714844 -0.93128317594528198242 0.84606218338012695312 -0.45950943231582641602 1.15685260295867919922 -1.43598985671997070312 -1.55844914913177490234 1.60564351081848144531 0.34265637397766107730 1.33123004436492919922 -0.90456265211105357782 -0.52706027030944824219 0.84689700603485107422 -0.48114839196205139160
-1.31707215309143088611 1.41534435749053955078 -1.73007500171661376953 1.12920069694519042969 1.10093355178833007812 0.91555839776992797852 -1.29664134979248046875 -1.16045463085174560547 -0.64212727546691894531 0.75448656082153320312 -1.51858425140380859375 -0.51219218969345092773 -1.67368376255035400391 1.33872711658477783203 1.78074109554290749280 0.78881305456161499023 0.75157940387725830078 -1.50791144371032714844 0.70112580060958862305 -1.56111896038055419922 1.30019319057464599609 0.10122439265251159668 -0.78896588087081909180 -1.01919424533843994141 -1.67927968502044677734 1.12941026687622070312
-1.06943881511688232422 -1.64509105682373046875 -0.34915339946746820621 0.08548256754875180330 1.13939118385314941406 -1.42997169494628906250 0.72111409902572631836 -1.43847644329071044922 -0.81070429086685180664 0.77849745750427246094 1.47211635112762428967 0.70679014921188354492 1.48840594291686989514 1.33981692790985107422 -0.38106021285057067871 -0.07618781924247740311 0.56318569183349609375 -0.93838083744049083368 -0.69988226890563964844 -0.24691128730773920230 0.97288978099822998047 1.14200866222381591797 0.87067449092864990234 -1.61530387401580810547 -0.45137652754783630371 -0.88550716638565063477
-0.60677617788314819336 1.16080284118652343750 -1.54811251163482688220 1.62262308597564697266 -1.26005899906158447266 -0.78498464822769165039 1.18441355228424072266 -0.50704824924468994141 1.23999214172363281250 -0.40102374553680419922 -1.26919496059417724609 1.74420332908630371094 0.54626637697219848633 -1.40344774723052978516 -1.13934624195098876953 1.58895611763000488281 0.92699360847473144531 0.53444075584411621094 0.27546486258506769351 -1.74293458461761474609 1.64529561996459960938 -1.25428175926208496094 -0.89751774072647094727 -0.55900901556015014648 -0.81644880771636962891 0.94950956106185924188
-0.88876342773437500000 1.09761846065521240234 0.97417771816253662109 1.01379871368408203125 -0.44387134909629821777 1.71989524364471435547 1.52047324180603049548 1.17532527446746848376 -0.71549487113952636719 -0.59855145215988159180 1.25625431537628151624 -0.93185234069824218750 0.93323671817779541016 -0.79976296424865722656 -1.20096266269683837891 -1.59006464481353759766 -0.97135543823242198602 0.92525547742843639032 -1.06646132469177246094 -1.50572085380554199219 -0.06368830800056450581 0.77385300397872924805 0.00045698977191930000 0.14944531023502349854 0.87416207790374755859 0.71689432859420776367
1.25762724876403808594 0.16711893677711481265 0.89411878585815429688 1.62842333316802978516 0.05020790547132489984 -0.11869554966688150577 0.48608520627021789551 -1.38142549991607688220 0.35801213979721069336 1.07332766056060791016 1.01272523403167724609 0.77927011251449584961 0.63028323650360107422 0.92744368314743041992 0.92066633701324462891 -1.76145207881927490234 1.01003885269165039062 -1.69900751113891601562 0.95752477645874023438 -0.38657048344612121582 0.58760714530944824219 1.42841327190399169922 -1.29467582702636718750 1.21883678436279296875 1.43426656723022460938 2.15833449363708496094
-1.36871016025543190686 0.87924093008041381836 -1.15374231338500976562 -0.10530152916908259997 1.49624693393707275391 -1.30370008945465087891 -0.21155612170696250218 -1.30142283439636230469 -1.60780417919158935547 -1.34715974330902099609 -0.94341629743576038702 1.30894875526428222656 -0.46192276477813720703 0.95966863632202159540 -0.43070909380912780762 1.41393077373504638672 -1.70292878150939941406 1.41888749599456809314 0.40132570266723627261 -1.49143254756927490234 -1.20097172260284423828 -0.42363804578781127930 1.60578739643096923828 -1.63241171836853049548 0.52602857351303100586 -0.50143665075302124023
-0.69972574710845947266 0.10375995188951489534 1.44443476200103759766 0.39842441678047180176 0.01600351370871060108 -0.40925967693328857422 0.77938050031661987305 0.20262393355369559544 0.44424048066139221191 1.13897049427032470703 0.46823528409004211426 -0.17084427177906030826 -1.69208753108978271484 1.52831685543060302734 1.09548199176788330078 -0.93666064739227294922 1.48510515689849831311 0.19936442375183099918 1.59174585342407248767 1.03482758998870849609 -0.77103209495544433594 -0.25555101037025451660 -0.82875347137451171875 -0.72888678312301635742 -0.99338048696517944336 0.57259392738342285156
-0.24276025593280789461 1.18023514747619628906 0.47614592313766479492 -0.58917570114135742188 -0.07790240645408630371 -0.23639769852161399144 -0.99678444862365722656 1.11467158794403076172 0.71647185087203979492 -1.03487241268157958984 -0.34928455948829650879 0.54359638690948486328 -0.15790364146232599429 -0.06311395019292830033 0.80856490135192871094 -0.36956226825714111328 -0.22087404131889340486 0.33889067173004150391 0.10111022740602490511 0.03106446005403989963 0.71880507469177246094 0.69177812337875366211 1.56335330009460449219 1.65207076072692871094 -0.24145352840423581209 -0.08902247995138160008
-0.08315139263868330521 -1.29274225234985351562 0.89350593090057373047 -1.32913494110107421875 0.11866503953933710269 1.32381272315979003906 0.35982573032379150391 0.98159563541412364618 -0.40371474623680109195 -1.30096769332885742188 0.35045030713081359863 -1.10335588455200195312 -1.14423584938049316406 -1.67385196685791015625 -0.14202952384948730469 -0.03995190560817710179 0.84497344493865966797 -0.23124313354492179173 0.79784011840820312500 -1.28968954086303710938 1.34083688259124755859 0.85291635990142822266 1.78021109104156494141 -1.65529286861419677734 0.34256869554519647769 -1.26874494552612304688
-0.47622922062873840332 -0.32583051919937128238 0.68965202569961547852 -1.43031978607177712171 0.08522194623947139391 -0.38357570767402648926 1.33414888381958007812 0.41549435257911682129 -1.67927861213684082031 0.66443872451782226562 0.83300441503524780273 1.24815654754638671875 -1.63137137889862060547 -0.29423210024833679199 -0.34967058897018432617 -1.35343003273010231702 -1.72962856292724609375 -0.48088535666465759277 1.41482973098754882812 0.31707957386970520020 1.28026199340820312500 0.59335637092590332031 -1.54591500759124755859 -0.54002702236175537109 -1.04475462436676047595 -1.16113591194152832031
-1.42771303653717041016 -1.04392266273498535156 0.05284909531474109995 0.04457435384392730016 -0.62448036670684814453 1.60183215141296408923 -0.29234910011291498355 -0.66565930843353271484 0.84732758998870849609 1.21658313274383544922 1.33317828178405761719 0.79909199476242065430 1.52796649932861328125 1.15654659271240234375 -0.62117695808410644531 -1.60639333724975608142 -0.97694188356399536133 0.65549808740615844727 -0.17564122378826141357 0.67527490854263305664 0.33429485559463500977 -1.68692386150360107422 -1.08205842971801757812 -0.49620524048805231265 -1.69944500923156738281 -1.98287737369537309107
1.78065907955169677734 -1.27328300476074218750 -0.97023105621337879523 0.56647986173629760742 -1.18225967884063720703 0.03196119144558900310 -0.94486480951309204102 -0.34772589802741998843 -1.22590017318725608142 -0.74051439762115478516 1.48485386371612571033 -1.51864635944366455078 -1.68233239650726318359 -1.00822305679321289062 0.66369897127151489258 0.82759582996368408203 0.70590108633041381836 1.56643259525299072266 1.17108845710754394531 0.84349191188812255859 -1.21076416969299316406 -1.48776745796203591077 0.00616470817476509961 0.80428147315979003906 0.62838852405548095703 -0.60290038585662841797
0.65564125776290893555 1.27857637405395507812 -1.02950382232666015625 0.46308034658432001285 1.36026537418365478516 1.20174717903137207031 -1.19988203048706032483 0.00044744808110400001 0.58682870864868164062 1.10190248489379882812 -1.41643285751342751233 0.11837937682867050171 -1.27722370624542236328 1.28026378154754638672 1.34751558303833007812 0.42063024640083307437 -0.57874661684036254883 1.62867164611816406250 0.10703478753566740556 -0.24111768603324890137 1.73208105564117431641 0.32340306043624877930 -1.11697292327880859375 1.32496094703674316406 0.35736691951751708984 1.37391138076782248767
-1.10309386253356911389 0.46365383267402648926 -0.45124858617782592773 0.33545389771461481265 -0.27149453759193420410 -1.60330438613891601562 0.57480597496032714844 -1.69711196422576904297 -0.39598014950752258301 -0.59325569868087768555 -0.30516344308853149414 -1.54060864448547363281 0.10899265110492699360 -0.66292524337768554688 -0.96587073802947998047 0.00160469394177189997 -1.47928774356842041016 -0.11702293157577510485 0.78938204050064086914 1.38088083267211914062 0.38641923666000360660 -0.87413710355758666992 -0.59763890504837036133 1.57124805450439430921 -1.39518594741821289062 -0.25601345300674438477
-1.53548550605773925781 0.98723202943801879883 -1.52555966377258300781 0.47882005572319030762 -0.41866552829742431641 0.25607684254646301270 -0.29658865928649902344 -0.22117909789085379857 -0.79183238744735717773 0.46978202462196350098 0.42352268099784851074 -1.03465580940246582031 0.39848887920379638672 -0.15183538198471069336 1.44253277778625488281 -1.67945420742034912109 -1.62608814239501953125 -1.24342465400695800781 -0.94231420755386363641 0.58305472135543823242 1.62614881992340087891 -1.44271397590637207031 0.48820224404335021973 0.01950615271925919963 0.21851994097232810277 -0.23003968596458429507
0.04174571111798280193 1.22435879707336447986 0.30564838647842407227 -0.39580690860748291016 -1.51594412326812744141 0.83696895837783813477 -0.39151045680046081543 -1.64124810695648193359 -0.52647262811660766602 1.10584247112274169922 1.52138757705688476562 1.73092496395111083984 0.37866246700286859683 -1.11234641075134277344 1.22742700576782248767 1.40461301803588889392 -0.34946945309638971500 1.41527271270751953125 1.08980572223663330078 1.31562364101409912109 -0.99295884370803844110 -0.50922858715057373047 1.65869295597076416016 0.13652822375297540836 0.84642779827117919922 0.27192723751068109683
1.77334880828857421875 -0.91660255193710316046 -1.19044005870819091797 0.84942203760147094727 -0.54912155866622924805 0.94548356533050537109 1.46801161766052246094 0.03432450070977210305 -0.49341809749603271484 1.19519805908203125000 -1.31231224536895751953 -0.46670034527778619937 0.14965322613716119937 -1.68349146842956542969 0.47877204418182367496 0.53683280944824218750 -1.38728690147399902344 0.95712321996688842773 -0.70632612705230712891 -0.62512415647506713867 1.63795018196105957031 -0.81050848960876464844 -1.25587892532348632812 -0.64456385374069213867 -1.06077146530151367188 0.47490909695625299625
-1.15470302104949951172 0.28266537189483642578 -0.78099375963211059570 0.13376775383949279785 -0.25707197189331049136 0.32181799411773681641 0.59127980470657348633 0.85711747407913208008 -0.01769203320145600056 -1.06283187866210937500 0.90192836523056041376 1.71679139137268088611 -1.05310535430908203125 -1.76059961318969726562 1.66942274570465087891 -0.02886220254003999883 1.03187334537506103516 1.48587214946746848376 1.26531398296356201172 0.22991597652435299959 1.15964579582214355469 0.71355843544006347656 -0.77615320682525634766 -0.62848895788192749023 -0.44633251428604120425 -0.97375458478927601202
-1.44661235809326149671 -0.45054399967193597965 1.57404375076293967517 1.81856620311737038342 0.43763965368270868472 0.78544861078262329102 0.03407242521643630284 0.83597177267074584961 -0.55260020494461059570 1.27620935440063476562 1.63198888301849365234 -1.44963645935058593750 -1.36491882801055908203 -1.78069663047790527344 -1.37663805484771728516 0.57910525798797607422 -0.68488729000091552734 -0.79404872655868530273 1.24928963184356689453 -1.75700092315673850329 0.65620148181915283203 -0.61112129688262939453 -1.07489514350891113281 1.32758736610412597656 1.15369319915771484375 0.80060774087905883789
-0.08866149932146069612 -1.06427323818206809314 0.30438604950904840640 1.79679656028747558594 -1.35158610343933105469 -1.23658752441406250000 -1.09349894523620605469 1.45330917835235595703 -0.51322722434997558594 -1.23258674144744873047 0.23476485908031460847 -0.38877618312835687808 0.61831778287887573242 1.57432532310485839844 -0.93829047679901123047 0.67561638355255126953 0.15117833018302909154 0.39698690176010131836 -0.82992273569107055664 1.48907101154327392578 -0.35855895280838012695 -1.30677533149719238281 -0.75894063711166381836 -0.84197151660919189453 -1.69129431247711181641 -0.50259906053543090820
-1.03435242176055908203 0.03533976152539249765 -1.64048039913177490234 0.23505628108978268709 -0.53197461366653442383 1.11131405830383300781 -1.33297133445739768298 1.39271295070648193359 -0.73678535223007202148 -1.57744145393371582031 -0.55978238582611083984 0.44938072562217712402 -0.77150905132293701172 -1.23331010341644287109 -1.46871447563171408923 -1.31989836692810058594 0.15464122593402859773 -1.49415206909179687500 0.00708870822563759974 1.51226007938385009766 0.59452754259109497070 0.58956521749496459961 -1.09431445598602294922 -1.36099565029144287109 -0.14205679297447199039 -0.14906482398509979248
-1.03573167324066162109 -0.72565841674804687500 -1.88968551158905029297 0.80650752782821655273 -1.07953464984893798828 0.28036898374557489566 0.58112794160842895508 -0.67996042966842651367 0.83425468206405639648 -0.07362845540046690507 -0.91827124357223521844 -1.09945392608642578125 0.57758176326751708984 -0.44558784365653991699 -0.71285349130630493164 0.03796396777033800296 0.63274413347244262695 0.20709453523159018773 0.90796738862991321906 0.32741162180900568179 -1.25239896774291992188 -1.24467349052429199219 1.01237678527832031250 -1.40797269344329833984 0.89780914783477783203 0.00603761663660400041
0.83418673276901245117 0.72348642349243164062 -0.79640316963195800781 1.63968205451965309827 1.36974227428436279297 -1.05940854549407958984 -0.91133451461792003290 0.70006352663040161133 -1.33345115184783935547 1.49303364753723144531 0.22605928778648370914 0.81550151109695434570 0.15522408485412589330 -1.59469461441040039062 0.69963675737380981445 0.82523089647293090820 0.47605359554290771484 0.54804676771163940430 0.05925936624407759923 0.24879579246044158936 0.43634971976280212402 1.03774428367614768298 1.25710916519165039062 0.11924278736114500565 0.20678552985191339664 1.83627676963806130139
0.91446197032928477899 0.41199421882629388980 -1.21331429481506369861 0.01200621575117109992 0.05347755923867220096 -0.06748940050601949514 -0.36596888303756708316 -1.26957738399505615234 0.32693058252334589175 -0.81187683343887329102 1.09361875057220458984 1.71788108348846435547 -1.51189553737640380859 -1.57301354408264160156 0.97022283077240001337 1.21268367767333984375 0.15947228670120239258 -0.39910992980003351382 -1.04857516288757324219 -1.16651737689971923828 -0.43912544846534729004 0.53518879413604736328 -1.07355630397796630859 0.56676876544952392578 0.58773136138916015625 0.86697536706924438477
1.79023885726928710938 0.14958848059177398682 1.04518115520477294922 0.90331953763961803094 -0.27367776632308959961 0.60898005962371826172 -0.07479422539472579956 1.37836551666259765625 -0.25251197814941400699 -0.05098322033882139726 1.43843996524810791016 0.28643527626991271973 -1.44634056091308593750 -0.99091863632202159540 -1.13524627685546875000 0.63436400890350341797 1.45900869369506835938 -0.01710443571209899899 -1.05175721645355224609 -0.44797685742378229312 -1.40530967712402343750 -0.26703119277954101562 1.53105378150939941406 -1.65165472030639648438 0.22689062356948849764 1.36272907257080078125
-1.23574888706207275391 0.35279381275177001953 -1.82642590999603271484 -0.25427010655403131656 -1.64915263652801513672 -1.52718782424926757812 0.12638856470584869385 -0.09478962421417229389 0.03759726509451859905 -1.11413168907165527344 -1.15105664730072021484 -1.46924674510955810547 -0.21147884428501129150 1.28599774837493896484 -0.05808096751570700211 -0.33694422245025629215 1.45260977745056152344 -1.55708718299865722656 0.01228141598403450011 1.20738267898559570312 1.09360873699188232422 1.53545117378234863281 -1.28499555587768554688 -1.31997954845428489001 -0.51907116174697875977 -0.79891288280487060547
1.05871570110321044922 0.17355111241340628880 0.52052289247512817383 -1.28615546226501464844 0.06815060228109359741 0.23181623220443720035 -0.36253431439399719238 -0.44457432627677917480 0.06661178916692729601 1.16650211811065673828 1.51403391361236550061 -0.47574341297149658203 -0.01208037324249740078 1.37401413917541503906 -0.45173496007919311523 -0.56917351484298706055 -1.18470275402069091797 -0.64900630712509155273 1.11309361457824707031 -0.62290549278259277344 0.52266430854797363281 -0.27516657114028930664 1.45770096778869628906 -0.34369090199470520020 0.82645654678344726562 0.16856113076210019197
1.51541852951049804688 -0.18038325011730191316 -1.46111488342285156250 -0.08499347418546669697 1.00163078308105490954 -0.63313287496566772461 1.07298660278320312500 -1.23994195461273193359 -0.80191999673843383789 -0.68293035030364990234 -0.31974706053733820132 1.31979286670684792249 0.13346455991268149632 -0.99726331233978282587 1.50629174709320090564 1.60450935363769509046 -1.76641058921813964844 1.03477549552917480469 0.88069647550582885742 -0.52335292100906372070 -1.51700234413146950452 1.63364219665527343750 0.17020879685878750887 -1.31499385833740234375 -1.39809882640838623047 1.32454884052276589124
-1.33532094955444335938 1.43666708469390869141 -1.77634215354919433594 -1.28550124168395996094 1.29533553123474121094 0.43562337756156921387 0.85086596012115478516 -1.45565676689147949219 -0.58284306526184082031 1.00150966644287109375 1.12161636352539062500 -0.81493943929672241211 0.78280514478683471680 0.82495695352554321289 0.61420804262161254883 0.44248449802398681641 -1.29419088363647460938 -0.76645678281784057617 0.97592341899871837274 0.98566865921020518915 1.29962062835693359375 -1.38966202735900878906 -0.14928895235061639957 0.42470905184745788574 -1.45592236518859863281 -0.26655790209770202637
1.20258903503417968750 -0.29870876669883728027 0.75211310386657714844 0.41314017772674560547 0.06741841137409210205 1.50601267814636230469 0.89685165882110595703 0.72608673572540283203 -1.10669243335723876953 -1.64476692676544189453 0.04516573250293730302 -1.48832428455352783203 0.35847133398056030273 -1.52879881858825683594 1.39143025875091552734 1.43409895896911621094 -0.45248034596443170718 0.34286782145500177554 -0.51586019992828369141 -0.37805557250976562500 0.94909197092056285516 1.24081289768218994141 1.37999641895294189453 -1.23978471755981445312 0.00895868800580499995 0.77975034713745117188
-0.92708837985992442743 -1.05723571777343750000 -0.61736440658569335938 -0.46817585825920099429 -0.19637866318225860596 0.39649254083633417300 0.08445445448160170121 -0.73754405975341796875 -1.35970723628997802734 -1.17175507545471191406 1.56910932064056396484 -1.37007033824920632092 1.56422746181488037109 -0.74645006656646728516 1.13545334339141845703 1.46276462078094482422 -0.47884032130241388492 1.02373075485229492188 0.97413533926010120734 -0.43194514513015741519 -1.46869206428527832031 -1.60872185230255126953 -1.02038502693176269531 -0.31261727213859558105 0.04198812693357460019 -1.46424329280853271484
-0.94899553060531616211 1.47584891319274902344 0.17748072743415829744 0.96449273824691761359 0.27532479166984558105 -0.11846421658992760395 0.71595823764801025391 1.08239328861236550061 1.62839305400848410876 1.25439453125000000000 1.24844086170196510999 0.44973143935203552246 -0.62932187318801879883 -1.56210803985595703125 0.36750969290733337402 0.91257339715957641602 0.66365462541580200195 -0.59032905101776123047 0.78598833084106445312 0.60543256998062133789 -0.91370922327041637079 1.31480836868286110608 0.45427781343460077457 1.53919684886932350842 0.03437832742929450291 0.24776059389114379883
-1.07178544998168967517 -0.77052462100982666016 -1.39219415187835693359 0.87998527288436889648 0.63576620817184448242 1.45612204074859619141 0.82687044143676757812 -1.12826764583587646484 -1.73686659336090087891 -0.13139590620994559544 0.57514017820358276367 1.50448644161224365234 0.23750115931034079808 -0.87649476528167724609 1.39953875541686989514 0.10415098071098319310 1.67034530639648437500 -0.48368483781814569644 1.52263367176055908203 -1.75517928600311279297 0.89681744575500488281 0.04634214937686920166 -0.71873795986175537109 0.01161101460456839991 -0.31744161248207092285 0.05801523476839060001
-1.42710912227630615234 -0.44668087363243097476 -0.55610495805740356445 -1.16570580005645751953 -1.24411976337432861328 1.32465136051177978516 0.79210191965103149414 -0.91191166639328002930 0.78588289022445678711 0.50916779041290283203 1.67044317722320556641 1.51556670665740966797 0.26009261608123779297 1.16866588592529296875 -0.39325022697448730469 -1.58861505985260009766 0.64248126745223999023 0.01856024563312530171 1.20132744312286376953 0.83186483383178710938 0.95154887437820434570 1.50756311416625976562 0.81598317623138427734 0.93331611156463623047 -0.09326525777578349718 -2.11251664161682128906
-0.47140675783157348633 -0.41883030533790588379 0.88300979137420654297 -1.07015299797058105469 0.98132938146591197626 1.69431555271148681641 0.29773592948913568668 0.01636409759521479865 1.16834151744842529297 1.43344557285308837891 -0.14624886214733121004 0.04359379783272739756 1.12831163406372070312 -0.40704604983329767398 -1.30006754398345969470 -0.63902097940444946289 0.75485634803771972656 -1.10528659820556640625 1.19636774063110351562 -0.08406569063663479890 0.85736757516860961914 0.16226917505264279451 -0.88071912527084350586 -0.77020466327667236328 -1.11665940284729003906 -0.60203135013580322266
-0.70679163932800292969 -0.24334183335304260254 -0.11793307960033409809 1.57574737071990966797 1.22093832492828369141 1.03708624839782714844 0.39236736297607421875 -0.01738335378468030060 0.54885751008987426758 -0.77844864130020141602 1.34991443157196044922 -0.10608650743961330065 0.12502324581146240234 -0.10013581067323680529 -0.48214936256408691406 0.66816723346710205078 -1.68575716018676757812 0.94688349962234497070 1.18188154697418190686 1.17899954319000244141 -0.09119211137294759573 -0.07061500102281570435 1.22562408447265625000 -1.04513704776763916016 1.08976531028747558594 0.90040767192840576172
-1.16339039802551269531 -1.49850463867187500000 0.95373833179473876953 -0.61339235305786132812 -1.02883517742156982422 0.60266304016113281250 -0.14180302619934079256 -0.73921304941177368164 -0.41612446308135980777 -0.49582663178443908691 -1.15133631229400634766 1.24562311172485351562 1.27365267276763916016 1.45372045040130615234 0.52419948577880859375 1.29852819442749023438 0.09243848174810409546 -1.36611664295196510999 0.45088252425193781070 -1.08598434925079367908 -1.13138115406036376953 -1.15065765380859375000 1.66627144813537597656 -1.42336356639862060547 -0.96797114610671997070 -1.41252255439758300781
-1.19167804718017578125 -0.41432046890258789062 -0.21855476498603820801 1.17854559421539306641 0.37654641270637512207 0.24583677947521209717 -1.58314752578735351562 -1.65580177307128906250 -1.26578700542449951172 -1.64851784706115722656 -0.44572505354881281070 0.09319366514682769775 0.50469696521759033203 -0.71794116497039794922 -0.85047519207000732422 -0.60046589374542236328 1.00889194011688232422 -0.48087111115455627441 -1.33198320865631103516 -1.37729549407958984375 -1.27501392364501953125 1.47661972045898437500 1.77759933471679687500 -1.16678822040557861328 -0.89183789491653442383 0.09097091853618620438
-0.59742921590805053711 -1.29442811012268088611 -0.00752549152821299985 1.74611937999725341797 1.21396350860595703125 0.67781662940979003906 -1.07813107967376708984 -1.55299997329711914062 0.60735648870468139648 0.36396408081054687500 -1.01825022697448730469 -1.33790004253387428967 0.64431059360504150391 0.90264719724655162469 0.40389603376388549805 0.27358332276344299316 -0.30586412549018859863 -0.08885023742914199829 0.26334616541862487793 1.29671907424926757812 -0.68476754426956176758 -0.03588538244366640262 -0.33641690015792841129 0.59645950794219970703 -1.27024424076080322266 -0.09525966644287109375
-0.64887917041778564453 -0.92784816026687622070 0.76086562871932983398 0.51526546478271484375 -1.27529954910278320312 -1.55908942222595192639 -1.54365611076354980469 0.25443464517593378238 0.17710320651531219482 -0.23443725705146789551 1.44682264328002929688 1.53248560428619384766 0.52405780553817749023 -1.63839459419250488281 -1.12948751449584960938 -0.03264547139406200060 0.50131696462631225586 1.52155005931854248047 -1.49279785156250000000 1.39970397949218750000 0.82499206066131591797 0.85368341207504272461 1.77303504943847656250 -1.21890604496002197266 -0.59575837850570678711 -0.75333714485168457031
1.17176818847656250000 -1.36393547058105490954 -0.47358527779579162598 -0.75710576772689819336 0.78249204158782958984 0.83180898427963256836 -1.38976240158081032483 -0.09510365873575210571 0.38793560862541198730 -0.39608451724052429199 0.61576181650161743164 -1.03461623191833496094 0.03661762923002240266 0.45809665322303771973 0.01708565838634960171 0.09944045543670650134 -1.21732270717620849609 -1.21586489677429199219 1.32088327407836914062 1.46969521045684792249 1.11925446987152099609 -0.99058288335800159796 0.52218419313430786133 -1.50175094604492209704 1.06854414939880371094 -0.78249245882034301758
-0.16641029715538019351 -1.28907275199890136719 0.05702675879001609799 -0.16684922575950619783 -0.82149183750152587891 -0.86348927021026611328 1.21953737735748291016 0.59335166215896606445 -0.05319685116410249881 0.26450532674789428711 0.64229285717010498047 -0.22262834012508389558 1.19140076637268088611 -0.59176725149154663086 -1.46861183643341064453 -1.22798204421997070312 0.53815793991088867188 -1.25294804573059082031 -0.07745201140642160587 -1.68832814693450927734 1.14392375946044921875 -0.82564991712570190430 0.21553312242031089085 1.09428977966308593750 0.99423921108245838507 -1.57523131370544433594
1.65900444984436035156 0.70765900611877441406 -1.40574526786804199219 1.82480108737945601050 0.69016635417938232422 0.31441468000411987305 1.45464134216308593750 -0.47484752535820007324 1.43521285057067871094 1.12578308582305908203 -1.18363738059997558594 -0.95000940561294555664 1.08771884441375710217 -1.09883034229278564453 0.63940250873565673828 0.16487702727317810059 -0.84201240539550781250 -1.36113154888153076172 -0.68686676025390625000 1.10281455516815207751 -0.66312688589096069336 -0.42012774944305419922 -0.84853959083557128906 0.55619853734970092773 0.45891731977462768555 2.15193963050842285156
-1.57595527172088623047 1.13470280170440673828 1.30042290687561035156 0.75383347272872924805 1.37285375595092751233 -1.62134909629821777344 -1.21952009201049804688 -0.24406789243221280183 -0.48356574773788452148 -1.12781858444213889392 -1.66695058345794677734 0.35678637027740478516 -0.71436208486557006836 -1.13194465637207031250 -1.50996291637420632092 0.29736080765724182129 -0.22667378187179559879 0.37344586849212640933 -0.96399480104446400031 -1.04339540004730224609 -1.62579727172851562500 -1.25101208686828591077 1.23238301277160644531 -0.63175547122955322266 -0.95319497585296641962 0.11799242347478859638
1.37734115123748779297 -1.02474594116210937500 0.78291690349578857422 0.81042587757110595703 -1.08819365501403808594 1.57506906986236550061 0.65959322452545166016 0.49079889059066772461 -0.50992226600646972656 1.37969124317169189453 0.49191665649414062500 -1.38447511196136474609 1.05512750148773193359 -0.21263231337070459537 -0.93313521146774280890 -0.55453401803970336914 1.62584805488586447986 -0.90008366107940673828 -1.53473496437072753906 -1.41912424564361550061 -0.70376235246658325195 -0.72355318069458007812 -0.62010002136230468750 0.02475641854107379913 -1.68511939048767089844 0.51574862003326416016
-0.11445549875497809666 1.44767487049102783203 -0.16824398934841150455 -0.03251903504133220324 1.41229367256164550781 1.49768054485321044922 -1.82833683490753196033 -0.50253999233245849609 0.03407423198223109850 0.78689789772033691406 1.40621924400329589844 1.30425357818603515625 -1.66071617603302001953 -1.10021340847015380859 -0.93881964683532714844 -0.43071982264518737793 -0.63219732046127319336 0.31380781531333917789 -0.23625198006629941072 -1.70862936973571777344 -1.06529736518859863281 -0.37080436944961547852 0.01814056001603599894 0.60388916730880737305 0.46345689892768859863 1.50274848937988281250
1.02177083492279030530 -0.48888760805129999332 -1.74599325656890869141 1.24727368354797363281 -1.49533784389495849609 -0.51893192529678344727 -0.75280702114105224609 0.54634135961532592773 1.57192170619964599609 0.60479515790939331055 -0.62626010179519653320 -1.02075302600860595703 -1.65041458606719970703 1.45327448844909690173 1.16848075389862060547 0.98392146825790405273 0.01167658902704710004 1.40891683101654030530 -1.63179671764373779297 0.84283155202865600586 -0.87122797966003417969 -0.80942839384078979492 -0.31030875444412231445 1.00710153579711914062 -1.02029311656951904297 1.14409101009368896484
-0.94610208272933959961 -0.72768944501876831055 -1.79472780227661110608 -1.45640885829925537109 0.58681952953338623047 0.09937193244695660677 -1.14302289485931396484 0.66502207517623901367 -1.59737944602966308594 -1.21843624114990234375 -0.88269597291946411133 1.58996891975402832031 1.42073237895965576172 -0.60094290971755981445 -0.94539344310760498047 0.03915285319089879812 1.04877829551696777344 0.81542003154754638672 -0.22434236109256738834 0.44644775986671447754 -1.42583215236663818359 -1.60329329967498779297 -0.69606310129165649414 1.07989299297332763672 1.21620059013366699219 -0.36045458912849420718
1.11456727981567382812 1.46812605857849121094 -1.39757573604583740234 -1.09016394615173339844 1.60643792152404807361 -1.38530623912811279297 0.32713949680328369141 -0.14686846733093258943 1.50879955291748046875 -0.39258870482444757632 -1.54807507991790749280 -0.11876054853200909700 1.44444155693054199219 1.29597342014312744141 -0.17033581435680389404 0.85754686594009399414 -0.63872629404067993164 -1.30315101146697998047 0.12933766841888419408 0.64556562900543212891 0.55554360151290893555 0.08409905433654779605 -0.42368456721305841617 0.64811992645263671875 0.38145577907562250308 0.14823870360851279515
0.61480718851089477539 -0.64116507768630981445 0.29769262671470642090 1.40593123435974121094 -1.09068584442138671875 0.83889442682266235352 1.50347411632537841797 -0.41302725672721857242 -0.67162078619003295898 0.13753269612789151277 0.96294337511062622070 1.25605285167694091797 0.32494094967842102051 -0.91744357347488403320 -0.07001655548810950536 0.48313069343566888980 0.62683677673339843750 -0.50581169128417968750 -1.01626265048980712891 0.64663982391357421875 0.27560934424400329590 -0.80538636445999145508 0.02279312536120409877 0.39646020531654357910 -1.04262328147888183594 0.60003608465194702148
-1.08989417552947998047 1.42506968975067138672 -0.69600671529769897461 -1.76833701133728049548 -1.51844847202301047595 -0.88400840759277343750 1.59568774700164794922 -1.63223576545715309827 -0.46046507358551019840 -0.92093557119369517938 0.40130257606506347656 0.56114876270294189453 -0.62790590524673461914 0.16729591786861419678 -1.08924865722656250000 0.47707021236419677734 1.00613224506378151624 -0.26508831977844238281 0.91283929347991943359 0.93625736236572276727 -1.48179554939270019531 0.19613862037658688631 0.99348890781402598993 1.67930901050567649158 1.25812172889709472656 -1.74750304222106911389
-0.24385629594326019287 1.17055535316467285156 0.84348201751708984375 0.10968276113271710481 -0.62108337879180908203 -0.57653224468231201172 -1.17695438861846923828 -0.94692093133926402704 1.25572597980499289783 1.25454258918762207031 1.09376204013824462891 0.71656024456024169922 -1.19896674156188964844 -1.12527620792388916016 1.76902925968170166016 0.81110709905624389648 0.93054461479187000617 -0.37945955991744989566 0.30278831720352167300 0.22149798274040219392 -1.41102528572082519531 -1.17623054981231689453 -1.39788949489593505859 1.59042620658874511719 0.42294260859489440918 0.67889177799224853516
0.20055405795574179906 1.01543354988098144531 -1.35551404953002929688 0.59700417518615722656 1.49432456493377685547 0.86241787672042846680 -1.29189395904541015625 1.41373014450073242188 -1.18501305580139160156 -1.28967595100402832031 -1.48595941066741943359 1.01019561290740966797 -0.76299482583999633789 0.59984683990478515625 -0.46958455443382257632 0.97428184747695922852 -1.40096783638000488281 1.04095971584320090564 -1.57547903060913085938 -1.01916205883026123047 0.33948877453804010562 0.29711160063743591309 0.32679364085197448730 -1.62251734733581542969 0.87664657831192016602 2.09867572784423828125
-1.17742812633514404297 -0.39855107665061950684 0.88868492841720581055 0.45912954211235040836 0.08153955638408659501 0.44413667917251581363 -1.69620072841644287109 1.38419902324676513672 -1.60961723327636718750 -1.46986794471740722656 -0.53105324506759643555 1.14835464954376220703 0.49512326717376708984 -0.71128731966018676758 -0.96552979946136474609 -1.03008580207824707031 0.44026049971580499820 -1.35543155670166015625 -1.09727680683136008533 0.47192436456680297852 -1.62018966674804687500 -0.25487646460533142090 1.46720647811889648438 0.55830931663513183594 -1.83649289608001708984 -0.54027277231216430664
1.28851532936096191406 0.16777369379997250642 -0.12466278672218319978 -0.81568455696105957031 0.12220290303230280093 -0.24385745823383331299 0.37964013218879699707 0.92370867729187000617 -0.37825539708137512207 1.13464820384979248047 -0.99478602409362804071 -0.05350521579384800303 1.17326235771179199219 1.32078027725219726562 -0.88005107641220092773 -0.29167792201042169742 0.63690561056137084961 0.93832707405090320929 1.52701663970947287829 1.18536067008972167969 0.70544660091400146484 -1.63724994659423850329 0.61272782087326049805 0.98925322294235240594 -0.63861888647079467773 0.03383607417345040058
0.23875907063484189119 -1.12309384346008300781 0.06200620532035820004 -0.71075612306594848633 0.74407565593719482422 1.19715142250061035156 -1.58861064910888671875 1.26829254627227783203 1.53009295463561989514 -0.03444146737456320329 0.83792042732238769531 -1.46661031246185302734 -0.99882096052169799805 -0.02092736586928359982 1.82760071754455610815 0.07358250021934499563 -1.54077410697936989514 -1.19180965423583984375 1.37610685825347900391 -0.61565637588500976562 0.90338289737701416016 0.32051309943199157715 0.56847494840621948242 0.03702097758650779724 1.55233514308929443359 -0.71882784366607666016
-0.16038392484188079834 -1.34091675281524658203 0.91633063554763805048 0.08550017327070230655 -1.22738695144653320312 1.15428173542022705078 -0.89701932668685913086 -1.38660526275634765625 1.04597854614257790296 0.34265571832656860352 -1.18217563629150390625 -1.16663944721221923828 -1.09417831897735595703 1.40455555915832519531 0.58917188644409179688 -1.68156015872955322266 -0.17497959733009330052 -1.35574460029602050781 -1.55409836769104003906 -0.77209359407424926758 -0.23031647503375998753 -0.65451103448867797852 -0.72344547510147094727 -0.25377756357192987613 -1.78605246543884277344 -0.86560428142547607422
-1.11112475395202636719 0.77414584159851074219 1.50663554668426513672 0.79683655500411987305 -1.27956235408782958984 -1.45344698429107688220 1.63505196571350097656 -0.56210321187973022461 0.48398205637931818179 0.21400004625320429019 -0.06806987524032589998 -1.18124401569366455078 0.79663580656051635742 0.85302060842514038086 -1.21922564506530761719 1.40480756759643554688 -0.51977914571762084961 1.50313854217529296875 -0.51690047979354858398 -0.15890988707542419434 -1.14711773395538330078 1.51491308212280273438 1.58813357353210449219 -1.29905748367309570312 -0.48795875906944269351 0.05275943502783769778
0.07815546542406079378 1.46961665153503417969 0.13156180083751670140 0.03230894729495040196 -0.02118257246911519828 -0.23729276657104489412 1.29240465164184570312 -0.54567402601242065430 -0.02961539477109900037 1.07034671306610107422 -0.40207132697105407715 1.50449335575103759766 -1.71379113197326660156 -0.11331994086503979768 -0.60715728998184204102 0.39296132326126098633 -1.45897126197814941406 -0.34666958451271051578 -1.61636364459991455078 1.32960450649261474609 -0.46714675426483148746 -0.07937508821487419819 -0.91388559341430664062 -1.00439369678497314453 1.30086302757263183594 0.47673678398132318668
0.94479638338089000360 0.31948634982109069824 0.11076015233993530273 0.72255784273147583008 -0.03749871626496310145 -0.33963733911514282227 0.52105230093002319336 -0.26931235194206237793 -1.11802721023559570312 -0.56214946508407592773 1.10897910594940207751 1.74306309223175048828 -0.93085587024688720703 -0.55478960275650024414 0.35075333714485168457 -1.33224725723266601562 -0.44357278943061828613 -0.43517696857452392578 -0.81400400400161743164 -0.12954826653003689851 -1.42947220802307128906 1.07473218441009521484 -0.36063164472579950504 -1.36553525924682617188 0.93850886821746837274 0.71506333351135253906
-1.09954047203063964844 0.25533336400985717773 0.52802175283432006836 -0.55281937122344970703 1.49214184284210205078 -0.47882348299026489258 -1.43600034713745117188 0.83078914880752563477 1.42737472057342529297 -1.28399431705474831311 0.02348775416612619918 -0.10511838644742960147 -1.10030066967010498047 0.58207952976226806641 -0.66893541812896728516 -0.07474554330110549927 -1.42547178268432617188 1.59333872795104980469 -0.36929228901863098145 -0.58070743083953857422 0.89548993110656738281 0.07575450837612149324 0.31090018153190607242 0.24982726573944089021 -0.11769870668649670686 -0.48740148544311517886
-0.25343194603919977359 -1.28716564178466796875 -0.31607827544212341309 -1.43421590328216552734 -0.51496720314025878906 -0.89599496126174926758 0.20983123779296869449 -0.43487265706062311343 0.56561273336410522461 0.21032163500785819310 0.88799166679382324219 1.19956767559051513672 -0.03126117587089530248 0.83787781000137329102 1.09354746341705322266 0.21869416534900659732 -0.37713679671287531070 0.25409424304962158203 1.25993168354034423828 -1.14747428894042968750 -0.37134593725204467773 0.46396389603614801578 -1.22204768657684326172 0.85625368356704711914 0.79010593891143798828 -1.94440054893493630139
0.79622846841812133789 0.03962794691324229845 -0.11996398121118539981 -0.59267318248748779297 1.39877569675445556641 0.60326921939849853516 1.50586712360382080078 0.37959012389183038882 0.41661533713340759277 -1.57972645759582519531 -1.27157056331634521484 0.10250685364007949829 0.12995132803916931152 -0.30984035134315490723 -1.41941285133361816406 -0.11364482343196860570 -0.47490370273590087891 -1.45399141311645507812 -0.39241093397140497379 0.17866851389408108797 -0.96721398830413818359 0.63841438293457031250 -1.40443944931030273438 -1.27011239528656005859 1.35718512535095192639 0.38240930438041681461
1.79766070842742919922 0.96185898780822765008 0.97311305999755859375 -1.20233035087585449219 1.01204276084899902344 -0.94466000795364379883 1.37033474445343017578 0.29500570893287658691 -0.10050196945667259907 -0.54426217079162597656 0.18112127482891079988 0.83099937438964843750 0.86356472969055175781 0.37225526571273798160 -0.98413896560668956415 -1.30689644813537597656 -0.70583832263946533203 -0.93272095918655395508 0.90896570682525634766 0.19432480633258819580 -1.61005878448486328125 1.52596211433410644531 -1.13519656658172607422 -1.27351760864257790296 0.77404278516769409180 -0.38729891180992120914
-0.59848421812057495117 -1.55450582504272460938 1.34802985191345192639 -0.47000867128372192383 0.63414138555526733398 1.57811474800109863281 0.74883359670639038086 -0.70664018392562866211 -0.06929054111242290148 -1.32799434661865234375 1.64826524257659912109 1.72610437870025634766 0.50753974914550781250 0.86035561561584472656 0.62452948093414306641 -0.20873862504959100894 -0.19182741641998291016 -0.34440344572067260742 1.10051548480987571033 -0.12293592095375059647 0.96746039390563964844 -0.18905538320541379060 0.78199756145477294922 0.39682060480117797852 -1.64965605735778808594 -0.26099574565887451172
-1.52629685401916503906 0.34246996045112609863 -0.41206040978431701660 1.52922618389129638672 1.36032021045684792249 1.65093946456909179688 1.42723906040191650391 1.26429128646850608142 1.54578864574432350842 1.23004579544067382812 1.61812067031860351562 0.53109556436538696289 -0.28638261556625360660 -0.99027431011199962274 -0.00227052369154980005 -1.07976067066192649158 -0.54017299413681030273 1.26730704307556152344 0.23280164599418640137 -0.16355380415916440096 0.67294180393218994141 -1.34968960285186767578 1.45909345149993896484 -1.41644585132598876953 -0.36487272381782531738 0.19402205944061279297
1.19526767730712890625 -1.00642454624176047595 -0.04089222848415369899 -1.49768936634063720703 -0.56027173995971679688 -1.52689921855926513672 -0.26420071721076959781 -1.75023293495178222656 -0.59241938591003417969 0.25026509165763849429 -0.05038439482450479678 0.70703965425491333008 -0.05843462795019149780 1.31412434577941894531 -0.14545880258083340730 -0.07770147919654840640 0.70978760719299316406 -1.23138475418090820312 0.01110665593296280076 0.39297023415565490723 -0.42603123188018798828 -1.02783215045928955078 -1.26945364475250244141 -0.76922076940536499023 0.23564274609088889378 -1.31914854049682617188
1.76063466072082519531 0.72799456119537353516 0.42408999800682067871 -0.01206748839467760084 -0.30699327588081359863 -1.17935156822204589844 1.14206087589263916016 0.36056166887283319644 1.31849706172943115234 -0.01275475230067960042 -0.84564650058746337891 -1.31595647335052490234 0.29114907979965209961 1.29834115505218505859 1.77712774276733398438 1.35525250434875488281 1.50650644302368164062 -0.92963325977325439453 0.01760744489729399939 0.65134662389755249023 -0.08554630726575850053 -1.07451438903808593750 -1.34310364723205566406 0.56709063053131103516 -1.53275883197784423828 0.16612358391284939851
-1.41599416732788085938 1.08977651596069335938 -1.55730628967285156250 0.07150289416313169999 1.29830610752105712891 1.33489799499511718750 1.09762275218963623047 -1.67990028858184792249 -0.49752116203308099918 -0.57304102182388305664 0.74206238985061645508 0.71117746829986572266 0.01575006172060959900 0.62180733680725097656 1.02886223793029807361 -0.92762786149978637695 -0.62401962280273437500 1.30893039703369140625 -1.14163208007812500000 -1.16603028774261474609 0.27093455195426940918 1.66784822940826416016 -0.55217313766479492188 -0.33988520503044128418 -0.87387698888778686523 0.12605905532836911287
-0.81848192214965820312 0.12627856433391571045 -0.26769509911537170410 -1.22093367576599121094 -1.53030359745025634766 -1.25702559947967529297 -1.32019281387329101562 1.56692910194396950452 -0.78031939268112182617 -1.62437164783477783203 -1.51750755310058593750 -0.68924874067306518555 -1.06622099876403808594 -0.12124866247177119860 -0.96923977136611938477 -1.44357848167419433594 1.65314400196075439453 1.05110585689544677734 -1.60156655311584472656 1.29354739189147949219 1.01613557338714599609 -0.37128493189811700992 0.62673616409301757812 -0.46467244625091552734 0.05729008838534350306 -1.67609405517578125000
-1.53427195549011230469 -1.44980764389038085938 1.42375910282135009766 0.26385819911956781558 -0.89909148216247558594 0.76090753078460693359 -1.24036169052124023438 -0.10152065008878699559 -0.51740837097167968750 1.17382466793060302734 1.30906903743743896484 0.12961803376674649324 0.40612041950225830078 0.57338428497314453125 -0.20704233646392819490 1.58865857124328591077 1.62623620033264160156 -1.52908611297607421875 0.93971335887908935547 -0.58392131328582763672 0.82466065883636474609 0.16361355781555170230 -1.13432657718658447266 -0.58294653892517089844 0.49177712202072138004 -0.73718941211700439453
-0.75750267505645751953 1.08214855194091796875 0.48758614063262939453 0.56335544586181640625 -1.65915036201477050781 -0.89091253280639648438 1.34249949455261230469 1.57902848720550537109 -1.31998372077941894531 1.45674943923950195312 -0.86024361848831176758 0.10294146835803980045 0.74323117733001708984 0.10623791068792340364 -0.56811791658401489258 0.45488309860229492188 -0.01206989027559749947 -0.98260563611984241827 -0.10027281194925299901 -0.93441992998123157843 0.90679407119750976562 -0.98400521278381358758 -1.47430527210235595703 -0.81355971097946166992 -0.68566232919692993164 -0.15448771417140960693
-0.56424176692962646484 1.23811304569244384766 0.72118788957595825195 -1.25271654129028320312 1.00531554222106911389 -1.17734014987945556641 0.50258058309555053711 0.96668201684951782227 1.59693777561187744141 1.17317354679107688220 0.78333413600921630859 -0.63062626123428344727 1.32113051414489768298 -0.03864983096718779820 -0.62772691249847412109 0.65372788906097412109 -1.72599244117736816406 -0.69861119985580444336 0.76435774564743041992 -0.97266244888305664062 -0.86750698089599609375 -0.57216471433639526367 1.52175581455230712891 1.68647968769073486328 1.31816804409027099609 0.23211452364921569824
-1.15027666091918967517 0.54087400436401367188 1.42118620872497558594 0.70160913467407226562 -0.11416333913803100586 -1.27247416973113991467 1.46441328525543190686 1.27180957794189430921 -1.68567907810211181641 -0.37604114413261408023 -0.99481749534606922492 -1.19636416435241699219 1.31826257705688476562 1.53151440620422363281 -0.50455945730209350586 1.55476295948028564453 -0.23078878223896021060 -0.14928878843784329500 -0.02881591953337190107 -1.05571150779724121094 -0.08868160843849179353 -1.67201936244964599609 -1.52450001239776589124 0.80805307626724243164 1.49264419078826904297 0.51953631639480590820
0.55113637447357177734 -0.87317121028900146484 0.88614225387573242188 1.53269290924072287829 0.95402824878692638055 -1.61593544483184792249 -1.62390303611755371094 0.69051182270050048828 1.21193361282348632812 1.42819464206695556641 1.31988656520843505859 -0.38590931892395019531 1.28047847747802712171 -0.00819228962063780000 -1.12971556186676047595 0.99442976713180541992 -0.91210883855819702148 -0.34594815969467157535 0.84873491525650024414 1.39630436897277832031 -1.39965057373046875000 1.12983667850494384766 1.29330265522003151624 0.20690020918846130371 0.86866146326065063477 1.15621352195739768298
-0.12793481349945060033 -0.00828533899039030075 0.33162397146224970035 0.00494363484904170036 -1.08208572864532470703 0.94699949026107799188 -0.79122585058212280273 0.53565925359725952148 0.03829489648342129793 -1.00889515876770019531 -1.63797318935394287109 0.04727908596396439983 1.37599778175354003906 -1.11001539230346679688 -0.19342468678951260652 0.14296080172061920166 0.19105547666549679842 -0.20986661314964288882 -0.15320451557636260986 1.56988060474395751953 0.48412689566612238101 1.54605770111083984375 0.26256805658340448550 -0.42888310551643371582 1.33463752269744873047 -0.60003709793090820312
-0.77435070276260375977 1.32886862754821777344 -0.35857391357421869449 0.27864703536033630371 0.96728092432022094727 0.39589899778366088867 1.16014564037322998047 1.26459550857543967517 -1.84721386432647705078 1.29939234256744384766 1.00436687469482421875 0.74165427684783935547 -0.07364366948604579577 0.55508416891098022461 1.12734544277191162109 1.10368633270263671875 0.76660436391830444336 1.57620680332183837891 0.37740191817283630371 0.29025238752365112305 1.46314442157745361328 0.85142523050308227539 1.58810317516326904297 -1.32051897048950195312 -1.82260227203369162829 0.23973044753074640445
-1.25931119918823242188 0.70107847452163696289 1.18505966663360595703 -0.87896376848220825195 -0.48362812399864191226 1.64772021770477294922 -1.19232511520385742188 -1.05310583114624023438 0.96949779987335205078 1.25056445598602294922 -0.80446231365203857422 -0.20355652272701260652 0.78844988346099853516 -1.04055213928222656250 -0.15237721800804129857 0.64609318971633911133 -0.60343521833419799805 0.96012860536575317383 0.56762951612472534180 1.15689384937286376953 -0.55934458971023559570 0.19022865593433380127 -0.01701855659484860159 0.86456495523452758789 -0.26642820239067077637 -0.82086277008056640625
-1.16279864311218261719 0.71558409929275512695 -0.21224001049995419588 -0.15220710635185238924 0.71756887435913085938 1.22807765007019042969 1.39756369590759277344 -1.27284109592437744141 0.20178872346878048982 1.46687591075897216797 -0.62483668327331542969 0.97355568408966064453 -1.22225487232208229749 -0.82505011558532714844 0.05379768460988990086 0.78011971712112426758 -1.75930464267730712891 -0.61318600177764892578 -0.68079781532287597656 -0.04157637432217590329 1.10911285877227783203 1.49456787109375000000 1.48829436302185058594 -0.53200709819793701172 -1.04970395565032958984 -0.68471509218215942383
0.62869530916213989258 1.32948374748229980469 1.43849945068359375000 -0.63840526342391967773 0.62090170383453369141 -1.17085814476013183594 -0.14504502713680259007 1.18441116809844970703 0.87612396478652954102 -0.87251234054565429688 0.91938906908035278320 -0.17797404527664179019 -0.89425009489059448242 1.14017140865325927734 1.86877119541168190686 0.50644814968109130859 -0.68735253810882568359 0.23347277939319610596 -0.00786707270890469983 -0.09016138315200800113 -1.23902857303619384766 0.72216504812240600586 -0.98399299383163441046 0.95006144046783436163 0.71605849266052246094 1.07325851917266845703
-0.44164562225341791324 -1.31535065174102783203 1.50935971736907958984 -1.32694399356842041016 -0.10501886904239650378 0.12416423857212059711 -1.23437166213989257812 1.16721487045288085938 0.15585952997207638826 -1.15955734252929687500 1.50181746482849121094 -0.33939343690872192383 1.22578001022338889392 -0.32544997334480280093 0.99438416957855224609 -1.18935167789459250720 1.43680763244628906250 -0.71132856607437133789 -0.36963298916816711426 1.22342491149902343750 1.03553974628448486328 -0.86710613965988159180 0.31103071570396417789 0.97424328327178955078 -0.12496863305568689517 -1.18562901020050048828
-1.10435175895690917969 -1.45040702819824218750 -1.31514561176300048828 0.95601898431777965204 -0.44303977489471429996 -0.23947843909263610840 0.76158261299133300781 -0.35474148392677301578 0.79359579086303710938 0.73772102594375610352 -1.44687485694885231702 -0.54982304573059082031 -0.02318000979721539928 0.30928808450698852539 1.68423104286193847656 -0.14915059506893149632 -0.62989181280136108398 0.01581929065287110067 -0.12273830175399780273 -1.22675204277038552014 1.46590340137481689453 0.56842654943466186523 -0.52628594636917114258 0.69671660661697387695 0.93158125877380359992 -0.43173524737358087711
0.97302490472793579102 -0.48692318797111511230 -1.86703324317932128906 -0.03158606961369510302 0.46117648482322687320 1.17527294158935569079 1.63114023208618164062 0.00158601254224770001 -0.24110448360443109683 1.11337351799011230469 -1.46329474449157714844 1.14319968223571777344 1.56027674674987792969 -1.40741491317749023438 -0.80687278509140014648 -1.04037058353424072266 -0.25062876939773559570 -0.12213554978370659565 -1.48188829421997070312 -0.80103701353073120117 -0.63189840316772460938 -1.28881585597991943359 -1.22810947895050048828 0.58488899469375610352 1.25504541397094726562 1.09215927124023437500
1.00552535057067871094 1.12078011035919189453 -1.25265574455261230469 -1.03994965553283691406 0.26960396766662597656 1.61171734333038330078 0.01663505099713799909 1.47834444046020507812 -0.71790915727615356445 0.91459250450134277344 0.68511289358139038086 -0.19985403120517730713 -0.68786901235580444336 1.09316706657409690173 -0.58818322420120239258 -0.42301368713378900699 -0.61135667562484741211 -1.63041615486145019531 -0.45540967583656311035 -1.03885984420776367188 1.46114265918731689453 0.47021320462226867676 0.21533079445362091064 -1.10437500476837158203 -0.70405423641204833984 0.22314587235450739078
1.70584678649902343750 0.73112559318542480469 -0.85165238380432128906 -0.91570991277694702148 1.29848885536193847656 -0.63295686244964599609 -0.61219191551208496094 -1.31226825714111328125 0.23314522206783289127 -0.28287780284881591797 -0.24029113352298731021 -0.75985628366470336914 1.59105169773101806641 0.68771439790725708008 -0.91305017471313476562 1.40330517292022705078 0.25745677947998041324 -0.03215465322136869947 -0.72331821918487548828 1.14533448219299316406 -1.45523035526275634766 -0.74150127172470092773 1.44750714302063010486 0.36285793781280517578 -0.01042956206947560048 0.24124191701412200928
0.02295705489814280076 0.83220589160919189453 0.86595791578292846680 -1.06134474277496337891 -0.32944017648696899414 -1.16306138038635231702 0.15663151443004599828 -0.00445314776152370018 -1.49460577964782714844 -1.43218863010406494141 -0.69213050603866577148 -1.41034340858459472656 -1.58519434928894042969 -1.28491413593292236328 1.47765767574310302734 1.40632629394531250000 -1.23351538181304909436 -0.39172443747520441226 -1.50124752521514892578 1.14373767375946044922 0.95947521924972523077 -0.78811150789260864258 1.09517145156860351562 -1.32619035243988037109 0.77688926458358764648 0.51724469661712646484
1.45741069316863991467 1.00884723663330078125 1.53454756736755371094 1.22410225868225097656 -1.56615197658538818359 -1.59820604324340820312 0.15897913277149200439 0.16816434264183038882 1.04166865348815917969 -1.21591544151306152344 -0.85519915819168090820 -0.33110117912292480469 0.54575389623641967773 0.58539891242980957031 0.19628365337848660555 1.24799585342407248767 1.44584035873413085938 0.66865599155426025391 -0.44236910343170160465 1.12616574764251708984 0.05824332684278479833 0.85822445154190063477 0.55190438032150268555 0.97531008720397960321 1.35323488712310791016 0.90883094072341918945
-0.86241233348846435547 1.36757063865661621094 -0.20017866790294638890 -1.60370540618896484375 0.65550321340560913086 -0.09573803097009650487 -1.17849802970886230469 0.06339409947395320544 0.65130174160003662109 -1.22377264499664306641 -0.02065145224332800081 0.14591108262538909912 -0.13409216701984399966 -0.87497770786285400391 0.52443540096282958984 -0.20572304725646969881 1.15244722366333007812 1.38874745368957519531 -1.37946474552154541016 0.32702854275703430176 1.01720654964447021484 -1.56858527660369873047 0.58723658323287963867 -1.24906539916992209704 1.37626254558563232422 -0.81159877777099609375
-0.05678218230605119876 1.52287840843200683594 0.86317032575607299805 -0.84917992353439331055 1.39978718757629394531 -1.35213279724121093750 0.82049745321273803711 0.46589240431785577945 1.46622312068939208984 0.09002006798982620239 -0.72896462678909301758 1.62104880809783935547 -1.73159396648406982422 -0.09334093332290649414 0.05439179018139830152 1.46300446987152099609 0.43694156408309930972 1.40969729423522949219 -0.97667014598846435547 1.21112084388732910156 0.88511389493942260742 -0.16069225966930389404 -1.50395381450653076172 -0.65962427854537963867 0.72332358360290527344 1.12981176376342751233
1.59550404548645019531 -0.74773758649826049805 -1.81143355369567871094 -0.13981029391288748998 1.36533868312835693359 -1.22729599475860595703 1.34874653816223144531 0.37725642323493957520 -0.11662916839122769441 1.36967015266418457031 0.40549331903457641602 -1.02454137802124023438 1.33513510227203369141 -1.43607175350189208984 1.46694433689117431641 0.31653314828872680664 -1.33305108547210693359 0.50347793102264404297 0.46430116891860961914 -1.58827984333038330078 -0.29572901129722589664 0.15943397581577301025 1.29396510124206542969 -0.81751877069473266602 -1.10664594173431396484 1.41851603984832763672
-0.35942444205284118652 1.42164695262908935547 -0.34522178769111627750 1.48420453071594238281 0.55573451519012451172 -1.11361324787139892578 1.12455630302429199219 -0.60565209388732910156 -0.19442704319953910130 -1.55733239650726318359 -0.47703433036804199219 0.33087480068206781558 0.97958624362945556641 -1.47596657276153564453 -0.44942748546600341797 0.19693095982074729222 -0.50977730751037597656 0.01186457462608810076 -0.37766906619071960449 1.36983263492584250720 -1.55757045745849609375 1.65549504756927490234 -1.65425133705139160156 -1.01889026165008544922 1.31507349014282248767 1.59379208087921142578
1.12977743148803710938 -0.02131127379834649865 -1.62660586833953857422 1.77786755561828591077 1.26179683208465576172 1.30342769622802712171 0.74317532777786254883 1.34825325012207031250 1.62465405464172363281 0.40175694227218627930 1.51323854923248291016 -1.50537514686584472656 0.71444416046142578125 -1.33383011817932128906 1.20608806610107421875 1.22131884098052978516 -1.10211014747619628906 0.21403014659881589021 -1.24348890781402610095 0.61391425132751464844 0.11330065876245490331 -1.20131933689117431641 1.44838619232177712171 0.69769340753555297852 0.93746143579483043329 2.29562807083129882812
-1.25678241252899169922 1.12550783157348632812 1.16674959659576416016 0.32008931040763849429 1.23677945137023925781 0.68962430953979492188 -1.72842514514923095703 1.18607807159423850329 -0.17382870614528650455 -0.53503352403640747070 0.02651870995759960173 -0.60069596767425537109 -1.74285316467285156250 1.16876959800720192639 1.62900364398956298828 -1.25783145427703857422 1.15892660617828369141 -0.78894305229187011719 -0.79060739278793334961 -0.67112028598785400391 1.12919390201568603516 0.53048396110534667969 0.61522638797760009766 -1.37165045738220192639 -1.75091409683227539062 0.45978796482086181641
-0.84555375576019287109 0.10788386315107340030 0.34078085422515869141 -1.32030594348907470703 0.20216785371303550023 1.49549102783203125000 -1.11918759346008300781 0.88568735122680664062 1.35384571552276589124 0.24395781755447379369 -0.42173305153846740723 1.06620395183563232422 -1.29633092880249023438 -1.43979191780090309827 0.30963322520256042480 0.26673811674118041992 0.26179909706115722656 -1.06744575500488281250 -0.30553072690963739566 0.15848222374916071109 1.14237153530120849609 1.59570407867431640625 -1.39468455314636230469 -0.68639218807220458984 0.75603127479553222656 -1.49318253993988037109
-0.51610475778579711914 0.57194727659225463867 0.74604409933090209961 -1.42058694362640380859 1.32296669483184792249 1.12457358837127685547 0.40370222926139831543 -0.06061173230409620111 -0.99098056554794322626 1.41972005367279030530 -1.51958954334259033203 0.13475458323955530338 -1.58167314529418967517 -0.60256797075271606445 0.10187911987304680561 -1.73532211780548095703 1.45085775852203369141 -1.07683956623077392578 0.20369802415370941162 -0.05780325829982749936 1.69211292266845703125 -0.66185867786407470703 0.79802411794662475586 -1.33808887004852294922 0.39727905392646789551 0.08993899822235100483
-1.17126536369323730469 1.45175313949584960938 -1.46401512622833229749 0.02149081230163570055 -1.06846058368682861328 0.36001986265182489566 0.82176321744918823242 0.74256104230880737305 1.05969834327697753906 -0.22715583443641659822 -0.90361058712005615234 -0.75458312034606933594 -0.46104267239570617676 0.27752566337585449219 0.64281481504440307617 1.08433401584625244141 0.37831723690032958984 -0.36886638402938842773 -0.93492680788040161133 -1.07303416728973410876 0.65823101997375488281 -0.08712257444858549638 1.48069679737091064453 -0.02587428689002990029 0.44523537158966058902 -0.57495915889739990234
-0.39160850644111627750 -1.66586458683013916016 -1.43028652667999289783 0.99528020620346080438 0.03050146810710430145 -0.59518295526504516602 -1.77659595012664794922 0.09196188300848000263 0.93406093120574962274 0.71289896965026855469 -0.78847277164459228516 0.18704411387443539705 -0.53706610202789306641 -0.79481118917465209961 -1.18132567405700683594 1.36385595798492431641 -0.08178616315126409353 -1.59700584411621093750 -0.91984272003173839227 -0.15426065027713770084 -0.10723668336868280582 -0.52812045812606811523 1.23202478885650634766 1.10392594337463378906 -1.35397970676422119141 -0.43832829594612121582
-0.65434896945953369141 0.40712797641754150391 0.97321969270706176758 0.86320793628692626953 0.26707902550697321109 0.06517586857080459595 -0.79346489906311035156 -1.18485796451568603516 0.92345863580703735352 1.44280660152435302734 -0.51849240064620971680 0.33948168158531188965 0.53981220722198486328 1.15260684490203857422 1.60682463645935058594 0.10441283881664270572 -0.69165050983428955078 0.38988369703292841129 -1.56997787952423095703 -1.44705939292907714844 -1.27853453159332275391 0.39760482311248779297 0.96343016624450683594 0.15046602487564081363 -0.63343596458435058594 0.63913261890411376953
-0.14309200644493100252 1.40611791610717751233 -0.29058635234832758121 -1.60184466838836669922 -0.40781512856483459473 -0.62855505943298339844 -0.74570870399475097656 -1.57444226741790749280 0.38356176018714899234 0.35773980617523187808 0.48072686791419977359 1.02680873870849609375 -0.16592484712600699681 -0.47810697555541992188 -1.30771434307098410876 -0.14908340573310849275 0.57769680023193359375 0.77804148197174072266 1.67167699337005615234 0.78896135091781616211 0.19437818229198450259 0.52385187149047851562 0.59436726570129394531 -0.21171766519546508789 -1.04415714740753151624 -0.25972452759742731265
0.05894048884510989794 0.57166802883148193359 0.91897505521774280890 -0.42345526814460748843 -0.40259701013565057925 -0.04229648411273950054 -0.11921188235282889623 0.10379649698734280672 -1.30933034420013449939 0.57782793045043945312 -0.20151953399181360416 -0.25509172677993768863 -0.38214817643165588379 0.03986555337905880320 1.79387307167053222656 -0.79798090457916259766 -0.21254503726959220189 0.28775030374526977539 -0.92444843053817760126 -1.19769608974456809314 0.46134203672409057617 -0.10532236844301219592 1.63951730728149391858 1.25507104396820090564 -1.33238267898559570312 0.50968641042709350586
-1.57607305049896240234 1.46284055709838889392 0.07364850491285319933 -0.22650521993637079410 -0.97029507160186756476 1.68583226203918457031 -0.13654378056526181306 1.40572905540466308594 0.36274975538253778629 -0.35038566589355468750 -0.13021388649940490723 1.26130485534667968750 -0.75931477546691894531 -0.67367011308670043945 -0.24948354065418240633 0.69506567716598510742 0.06694196909666060014 -1.25490474700927712171 -0.69653600454330444336 -0.76183575391769409180 -0.11449714750051490086 1.27760493755340576172 0.05642254278063769946 -0.06419123709201809969 -0.98914295434951782227 -1.64678418636322021484
0.13372865319252011385 -0.29160311818122858218 -1.53339755535125710217 -0.05168044194579120287 1.42655265331268310547 -0.69753164052963256836 1.07642698287963889392 0.38377055525779718570 0.20590604841709128636 -0.24280889332294461336 -0.47675096988677978516 -0.70353567600250244141 1.22793710231781005859 0.08477459847927089343 0.94597899913787841797 -1.54919934272766113281 0.85558903217315673828 0.41473081707954401187 1.79217207431793190686 0.53917676210403442383 -1.02346098423004150391 -0.37101948261260980777 0.34596413373947138004 1.35329985618591308594 1.04866468906402610095 0.53547930717468261719
-0.39084982872009277344 -0.25550985336303710938 0.36504665017127990723 -1.72566020488738991467 -1.49838721752166770251 -1.00162935256958007812 0.42774921655654907227 -0.29841262102127069644 -0.13884449005126950349 -1.19488871097564697266 1.03696644306182861328 1.45830118656158447266 -1.61576104164123535156 0.75349217653274536133 0.79915672540664672852 1.14090490341186523438 -1.72898018360137939453 1.39433014392852783203 -0.42524036765098571777 1.39427924156188964844 0.87797880172729492188 -1.40258955955505371094 0.92285954952240001337 0.62897133827209472656 -1.83722484111785888672 -1.27070331573486328125
0.08217050880193710327 -1.17363333702087402344 -1.37060654163360595703 0.19251255691051480379 -0.68025797605514526367 -0.91599589586257923468 0.88191300630569458008 -1.64963924884796142578 1.42489397525787353516 -0.61647540330886840820 -0.27805319428443908691 -1.41929376125335693359 -0.16450828313827509097 0.58755451440811157227 1.41111445426940917969 -1.54546105861663818359 1.03380024433136008533 1.27366113662719726562 1.41025531291961669922 0.61931741237640380859 -0.59864324331283569336 -0.41352099180221557617 0.41773194074630737305 0.71763128042221069336 -1.11382544040679909436 -0.30225205421447748355
0.86606109142303466797 -1.57433807849884033203 -0.22009764611721038818 0.90594595670700084344 1.57223224639892578125 0.79238724708557128906 -1.28634822368621848376 0.99578285217285156250 0.07167414575815199418 -1.16724705696105957031 0.62753278017044067383 0.46429640054702758789 0.73799747228622436523 -0.93801653385162364618 -1.62873744964599609375 0.39422231912612909488 1.58776080608367919922 0.10737980902194969868 -0.16460576653480529785 -1.11418819427490234375 -0.72734582424163818359 -0.12161812186241149902 0.66845649480819702148 0.66412687301635742188 0.33443230390548700504 -0.52261137962341308594
-0.21663759648799890689 -0.29532575607299799136 -0.44326993823051452637 0.35385626554489130191 0.14044559001922599095 -0.28143227100372308902 -1.04381620883941650391 0.39636504650115961246 0.14654757082462310791 -0.98985260725021362305 -0.19965164363384241275 0.39610889554023742676 1.53689277172088623047 0.83550512790679931641 1.07147896289825439453 -0.63414454460144042969 0.44282704591751098633 -0.12766891717910761050 -0.23589588701725000552 -1.22274672985076904297 0.48133361339569091797 0.87249499559402465820 -0.79610061645507812500 0.17255085706710809879 -0.47757455706596368961 0.07314578443765640259
-0.09532515704631799869 -0.08962172269821160053 0.72929567098617553711 -1.16174483299255371094 -0.60021317005157470703 -1.25006067752838112561 -0.14222833514213559236 -1.43584978580474831311 1.29328715801238991467 -0.62229812145233154297 -0.30472949147224420718 -0.08032806962728500366 -1.77412605285644509046 1.37932276725769042969 -0.72371506690979003906 1.32244610786438010486 -1.01490414142608642578 -0.64814555644989013672 1.57744240760803222656 -1.63779664039611816406 1.50549352169036887439 0.14002603292465209961 1.07854747772216796875 -0.68937867879867553711 1.47640728950500488281 -0.56004709005355834961
-1.17935979366302490234 -0.24801695346832269840 1.29712414741516113281 0.26037484407424921207 -1.59092783927917480469 -0.51251822710037231445 0.57869172096252441406 -1.63883304595947287829 0.40454185009002679996 0.46520277857780450992 0.11166638880968089709 0.82399773597717285156 -0.75383275747299194336 0.79846930503845214844 1.33390235900878906250 0.29980602860450739078 0.52915912866592407227 1.45673489570617675781 1.40309464931488037109 1.51551401615142822266 -0.78710389137268066406 1.22633695602416992188 -1.00421237945556640625 0.94126176834106445312 -1.39683914184570312500 -0.46939474344253540039
0.19074325263500210847 -0.40096431970596307925 -0.27106627821922302246 -0.14408005774021148682 1.37347745895385742188 -0.76858437061309814453 -0.77464985847473144531 0.04695705696940419976 -0.68313950300216674805 -1.00569033622741699219 1.57517111301422119141 1.49067664146423339844 -0.08768154680728909578 -0.00142427603714160005 0.71536946296691894531 0.94211030006408680304 -0.00585953518748280004 0.70779591798782348633 0.58951205015182495117 1.37474775314331032483 -0.92440241575241077765 -0.61656326055526733398 1.52625131607055664062 1.38769280910491943359 1.10069036483764648438 0.08352751284837720003
0.37917286157608032227 0.56660830974578857422 0.27184447646141052246 -1.46552705764770507812 -0.46414142847061157227 -1.05215454101562500000 -1.69906735420227050781 -1.05119860172271728516 -1.34996974468231201172 -1.22452020645141601562 0.71065109968185424805 -1.49316859245300292969 0.71264481544494628906 -0.19667735695838919896 0.90676832199096679688 -0.39947643876075739078 0.80494093894958496094 1.60736620426177978516 -0.05671907961368560097 0.05185084417462339917 -0.98521709442138682977 -0.93785822391509998663 0.41532313823699951172 1.37916839122772216797 -1.72684562206268310547 0.36830481886863708496
-0.92208594083785999640 0.25865691900253290347 1.51382088661193847656 0.06206262484192839879 0.86312103271484375000 1.32550835609436035156 0.45574387907981872559 1.51522457599639892578 1.64845919609069824219 -1.33940136432647705078 -0.98508298397064197882 -0.02404850162565699834 -0.47682875394821161441 0.79496794939041137695 1.03923225402832031250 0.84760797023773193359 0.39700281620025629215 0.64547717571258544922 0.37317377328872680664 -1.29335558414459250720 -1.47975158691406250000 -0.33946484327316278629 -0.85957235097885131836 -1.40448737144470192639 -0.36976239085197448730 0.53441548347473144531
-0.05833770334720610184 0.63083273172378540039 -0.36418831348419189453 -0.40100783109664911441 0.62020689249038696289 -0.93933254480361938477 0.74419444799423217773 0.98434585332870483398 -0.58932358026504516602 0.78775262832641601562 -0.22455611824989318848 1.24222135543823242188 -1.30208921432495117188 1.00721371173858642578 -1.63950395584106445312 0.40027365088462829590 1.16945576667785644531 -0.98305094242095958368 0.20011775195598599519 1.15079975128173850329 0.79923981428146362305 0.47741416096687311343 1.17487800121307350842 0.99837774038314819336 1.18425261974334716797 0.16308443248271939363
0.80868250131607055664 1.54723238945007324219 0.01725415885448449912 -1.59470021724700927734 1.55600154399871848376 -1.23958945274353049548 -1.86940789222717285156 -1.27785885334014892578 -1.67638564109802246094 -1.07118380069732688220 1.22337305545806884766 -0.10090204328298560399 1.54537653923034690173 1.50585305690765380859 -1.15306878089904807361 -0.20284211635589599609 0.26823946833610529117 -1.11992633342742919922 1.47127163410186767578 -0.74929344654083251953 -0.74979829788208007812 1.56016421318054199219 -0.60894697904586791992 0.98615801334381103516 0.36088451743125909976 -0.00607315171509980028
1.60753655433654807361 1.09916889667511008533 0.87114566564559936523 -1.25999712944030761719 0.83264517784118652344 -0.94304150342941284180 0.69342255592346191406 -0.87222284078598022461 1.02698802947998046875 0.10595697909593579378 0.04610558599233619687 1.30210244655609130859 1.05034911632537841797 1.35842394828796408923 -0.65885913372039794922 1.07174026966094970703 1.01834070682525634766 0.69332522153854370117 -0.49734169244766229800 -0.61211073398590087891 -1.74718379974365234375 0.72327065467834472656 0.73392260074615478516 -0.06328386068344110660 0.24751552939414969701 -0.45113137364387512207
-0.85281360149383544922 1.12843120098113991467 -0.71921563148498535156 0.04908959940075870165 -0.51872026920318603516 1.36419749259948730469 -0.68980360031127929688 -0.10457260161638259888 -0.41679570078849792480 -1.25240063667297363281 -0.41580685973167419434 1.57851886749267578125 0.71860420703887939453 1.52281534671783447266 0.07202326506376259541 -0.80241584777832031250 -0.50408548116683959961 -1.04907214641571044922 1.52077484130859375000 0.32085224986076349429 -0.14729033410549161043 -0.06932937353849409623 -1.60097575187683105469 0.88790065050125122070 1.36643230915069580078 -0.52633881568908691406
1.79420804977416992188 -1.06805896759033203125 1.01963829994201660156 -1.80421638488769553454 -1.38106596469879150391 -1.21389305591583229749 -1.42972505092620849609 0.66851228475570678711 -0.13418367505073539037 -1.61775481700897216797 0.62611049413681030273 0.62273800373077392578 1.18173539638519287109 1.45636093616485595703 -1.16819870471954367908 -0.83712667226791381836 -1.66962218284606911389 0.00920323561877009998 0.43429562449455261230 -0.26702302694320678711 0.47367966175079340152 1.04426801204681396484 0.02539112791419019868 0.72935265302658081055 1.00413799285888671875 -1.17941200733184792249
1.19797611236572287829 -0.32942560315132141113 0.88461852073669433594 0.19984564185142508763 -0.29860559105873107910 -0.36064854264259338379 0.14767633378505701236 1.37323713302612304688 -1.44975674152374289783 1.23915219306945800781 -0.80932235717773437500 -1.52969360351562500000 0.70536917448043823242 0.97950738668441761359 0.31387934088706970215 -0.34659275412559509277 -0.95172733068466197626 -0.47556483745574951172 0.32520154118537897281 -0.60879564285278320312 0.14785556495189661197 -0.81359225511550903320 1.51349687576293967517 1.50988364219665527344 -0.19524881243705749512 0.72199726104736328125
-0.08803828805685040559 -0.78212374448776245117 -1.42932093143463112561 0.90881597995758056641 1.02226638793945312500 0.56285977363586425781 -0.10866010934114450626 -0.07926478981971739335 -1.35305166244506835938 -0.51677352190017700195 -0.44736859202384948730 0.90175527334213256836 0.31890249252319330386 -1.55599009990692138672 -1.34929239749908447266 -1.15681529045104980469 1.50453686714172363281 0.55600845813751220703 -0.85566902160644531250 -0.97372531890869140625 -1.60404765605926513672 0.57705992460250854492 -1.51471018791198730469 -0.86887598037719726562 0.02115675620734689885 0.60343050956726074219
-1.18302941322326660156 -1.25258111953735351562 0.23845429718494409732 1.07662403583526589124 -1.38346815109252929688 -1.15739285945892311780 -0.24203799664974209871 -0.13950017094612118806 -1.32005405426025390625 0.31534942984580988101 0.46291592717170709781 1.37793219089508056641 1.10987472534179687500 1.11449551582336447986 -0.91815167665481556281 1.03624320030212402344 0.99810516834259044305 -0.10403382778167720446 0.43606194853782648257 -0.75859785079956054688 -0.19724589586257929019 -0.39565393328666681461 0.65117812156677246094 0.60818648338317871094 1.27161824703216552734 -1.00126242637634277344
-1.23589491844177246094 -1.32839787006378151624 1.12667977809906005859 1.29606163501739501953 0.21716840565204620361 1.67193222045898437500 0.74017739295959472656 1.52597463130950927734 1.39718592166900634766 -0.02360250055789939877 0.86766654253005981445 1.01345324516296408923 0.29280850291252130679 -1.53968548774719238281 -1.55223762989044189453 -0.87208265066146850586 1.16547036170959472656 0.57004934549331665039 -0.37387958168983459473 -1.48951351642608642578 -1.31685602664947509766 0.94632059335708618164 0.44754043221473688297 -0.38798129558563232422 -0.22616404294967651367 -0.10174655169248579545
-1.37141489982604980469 -1.00982284545898437500 1.58261764049530029297 0.09378711134195319432 -0.42125108838081359863 0.35836151242256159000 0.42691174149513239078 1.59633064270019509046 -0.55646622180938720703 -0.61744862794876098633 -0.36520797014236450195 -1.24961018562316894531 -1.05887687206268310547 -0.37752914428710937500 0.48977559804916381836 -0.57186228036880493164 -1.63091289997100830078 1.02485954761505126953 -1.13209199905395507812 0.66680866479873657227 1.18349254131317138672 -1.14787542819976806641 -1.00186944007873535156 1.63480889797210693359 0.99597561359405517578 -0.39261716604232788086
1.35123062133789062500 -0.90466487407684315070 0.92408293485641479492 -0.24509014189243311099 -1.44577634334564208984 -0.49162128567695617676 0.42463764548301691226 -1.05516827106475830078 -0.54323291778564453125 0.61773866415023803711 -1.44876801967620849609 -0.86271917819976806641 -0.76128095388412475586 0.81968152523040771484 -1.02775156497955322266 -0.96764218807220458984 0.13381302356719970703 -1.62607932090759277344 -0.92979413270950317383 -1.37416660785675048828 0.01616814360022540004 -1.18254518508911110608 -0.57780003547668457031 0.41195821762084960938 -0.65241748094558715820 -0.42812740802764892578
0.99979043006896961554 -1.21239435672760009766 0.04902490600943559818 -1.64480686187744140625 1.20861601829528808594 0.68002247810363769531 0.16103005409240719881 -1.22486996650695800781 1.52592492103576660156 -1.43235945701599121094 -0.06113013252615920323 -0.24632993340492240208 -1.06701481342315673828 -1.30687260627746582031 0.17776079475879669189 1.53186595439910888672 -0.99508494138717640265 -0.23034389317035669498 -0.93655395507812500000 1.45996201038360595703 1.43929469585418701172 -1.29139101505279541016 0.13601683080196380615 -1.61930882930755615234 0.39071345329284667969 -1.16242969036102294922
0.89041882753372192383 0.47114440798759460449 1.05127084255218505859 0.32036226987838739566 0.27611491084098810367 -1.43912661075592041016 1.37075901031494140625 -0.13574074208736419678 -1.79461514949798583984 -0.03898682817816730151 1.35026538372039794922 1.51547312736511230469 0.23067307472229001131 1.32954883575439430921 -1.17089843750000000000 -0.44439589977264398746 -0.77977752685546875000 -1.45893251895904541016 1.72209966182708740234 1.12224245071411110608 -0.20718045532703399658 -1.35824179649353049548 -0.84027743339538574219 0.74045282602310180664 -0.58539205789566040039 1.42219245433807350842
-0.61086785793304443359 -0.59661948680877685547 -0.82769924402236938477 -1.21472012996673583984 -0.32335424423217767886 0.72395348548889160156 0.96864271163940440790 -1.56439793109893798828 -0.88679498434066772461 0.62253141403198242188 0.07810975611209869385 -0.40582799911499017886 -1.77732145786285400391 1.08387374877929687500 -1.05365049839019775391 -1.41680753231048583984 0.37554493546485900879 0.67950063943862915039 0.06358748674392700195 1.31761658191680908203 -1.49095904827117919922 -1.52399945259094238281 0.81224131584167480469 -0.10794001817703240131 0.09368793666362759676 -1.02811288833618164062
1.05697715282440207751 -1.05837750434875488281 1.49061369895935058594 1.54308867454528808594 0.92653733491897583008 -1.48170840740203857422 0.64586746692657470703 -0.80792617797851562500 0.68050557374954223633 1.20398664474487304688 0.01740331947803490029 -0.96126353740692138672 1.37604510784149169922 0.13321025669574729222 0.96135187149047840460 -1.58636844158172607422 -1.42574870586395263672 0.87759053707122802734 1.74325060844421408923 1.09663033485412597656 -0.45276930928230280093 -0.51925277709960937500 0.88657152652740478516 0.73527115583419799805 0.33889114856719970703 1.47712063789367675781
0.22857984900474540013 0.94305187463760375977 -1.39110720157623291016 1.52196609973907470703 0.60073602199554443359 -0.68372666835784912109 0.62772214412689208984 0.95712488889694202765 0.11313802003860469469 -0.98365098237991321906 -1.49311220645904541016 -1.02277517318725608142 -0.87166088819503784180 -1.55733525753021240234 0.15480820834636679906 0.83905261754989624023 1.38497483730316162109 0.01254800986498589947 -1.07032191753387428967 0.12241315841674800524 -1.66345310211181640625 -0.08362875133752820100 -0.94263774156570434570 0.52170872688293457031 1.17269265651702880859 2.32969093322753906250
0.70882207155227661133 1.22195184230804443359 -1.49624967575073242188 1.44279968738555908203 -0.61122876405715942383 -0.60797721147537231445 1.31262373924255371094 -1.68776333332061767578 -1.17604386806488037109 0.33128902316093439273 1.71780037879943847656 -1.16311085224151589124 1.10355186462402343750 -1.17856228351593017578 0.49548479914665222168 -1.53757810592651367188 0.83875447511672973633 -1.58259034156799316406 1.33422946929931640625 0.33305564522743219547 0.48982676863670349121 0.10496240109205240421 -1.03352618217468261719 0.03627008944749830072 -0.65382820367813110352 1.79596269130706809314
1.66864514350891113281 1.45960056781768798828 0.81476038694381713867 -0.65344786643981933594 0.86862224340438842773 -1.20680093765258789062 0.58718544244766235352 -0.75689613819122314453 -1.85517394542694091797 0.17122572660446158666 -1.18181777000427246094 0.54506224393844604492 0.87073147296905517578 1.54993736743927001953 0.58328139781951904297 -0.90921217203140258789 1.18608307838439941406 -0.80597668886184692383 0.52009201049804687500 -1.70027577877044677734 1.63665914535522460938 0.48270601034164428711 -0.59247493743896484375 1.06060671806335449219 -0.02733671851456160110 -1.07521641254425048828
-1.23158705234527610095 1.40301859378814697266 0.35578358173370361328 1.42350924015045166016 -0.47204357385635370425 -0.90987604856491077765 -0.59511584043502807617 -1.09774017333984375000 -1.57244586944580078125 -1.32059144973754882812 1.61886203289031982422 -0.77436554431915283203 0.13324368000030509251 0.42582899332046508789 -0.00904328841716050061 -0.19686500728130340576 0.46264705061912531070 0.99952024221420276984 -1.34174728393554687500 -0.66907161474227905273 -1.08195495605468750000 0.74441158771514892578 -0.09432129561901089754 1.48554754257202170642 -1.32471585273742675781 -0.19351206719875330142
1.33198571205139160156 1.34968125820159912109 -1.28543794155120849609 -1.07085132598876953125 0.76464635133743286133 1.53013801574707031250 -0.25992581248283380679 0.41271987557411188297 -0.79776227474212646484 -0.66645771265029907227 1.21405386924743630139 -1.36589872837066650391 -1.39067912101745605469 -1.34191405773162841797 -0.75942122936248779297 1.35869741439819335938 -0.76051419973373413086 0.49805334210395807437 -1.23729908466339111328 1.46513938903808593750 1.04349207878112792969 -1.05158734321594238281 -0.49624925851821899414 1.46585190296173095703 -1.18488860130310058594 -0.30084314942359918765
0.84901559352874755859 -0.26643133163452148438 0.39816474914550781250 -1.52617359161376953125 -1.46515786647796630859 0.65356695652008056641 1.60154116153717041016 0.67745321989059448242 0.54458093643188476562 -0.63514095544815063477 -0.58334594964981079102 -0.08456073701381680574 0.76306122541427612305 0.29685911536216730289 -1.32407701015472389905 0.01790633238852019915 1.58988475799560569079 -0.02695312164723870016 -0.35677096247673029117 0.58972311019897460938 0.12113645672798149799 1.67641925811767578125 1.48499059677124023438 1.51216650009155273438 -0.82348066568374633789 -0.99183726310729980469
0.36617535352706909180 1.52315163612365722656 -1.16169488430023193359 0.85407888889312744141 -0.87194043397903442383 -1.12509584426879882812 -0.14581401646137229222 1.45091271400451660156 1.32107710838317871094 0.40321099758148187808 -0.36680325865745538882 1.39012920856475830078 -0.10886905342340469360 0.67252808809280395508 -0.80091238021850585938 -1.03987610340118408203 -0.19466456770896908846 -0.02984773553907869859 1.81232714653015158923 -0.07200805842876430163 0.53298860788345336914 -0.16177283227443689517 -1.51724708080291770251 -1.63634085655212402344 1.04345405101776123047 1.05436134338378906250
1.08484995365142822266 -0.16816261410713190250 0.85306107997894287109 1.71689665317535400391 -1.35624372959136962891 0.93055927753448475226 0.26997169852256769351 0.17598138749599451236 1.08109796047210693359 -0.90213465690612804071 -1.34264624118804909436 -1.12376904487609863281 -0.19636590778827658910 -0.83832633495330810547 -0.17958766222000119295 0.10482420027256010575 1.16055154800415039062 1.58130729198455810547 0.86528688669204711914 -0.02597845345735549927 -1.45105755329132080078 -0.23844285309314719457 -0.84187221527099609375 1.35666728019714355469 0.89400887489318847656 1.29137694835662841797
1.25784397125244140625 -0.33051025867462158203 -0.44753775000572199039 -0.00735136820003389965 -0.75616180896759033203 -0.71888661384582519531 -0.04575400054454799997 0.73874372243881225586 0.39540249109268188477 0.63380146026611328125 -0.85196691751480102539 -0.20580407977104178685 0.71001660823822021484 1.27801096439361550061 -0.50054901838302612305 -0.96299773454666137695 -1.69455337524414062500 0.82459187507629394531 -0.40828913450241088867 0.95637434720993041992 1.69531822204589843750 -1.28409516811370849609 -1.29699444770813010486 0.92860579490661621094 0.98224133253097523077 0.17054712772369379215
-1.40478563308715820312 0.11043585836887359619 -0.40986517071723937988 0.91657280921936035156 0.97561788558959960938 -0.02133595943450920102 -0.52468615770339965820 0.83816725015640258789 1.35251045227050781250 0.22689980268478390779 -1.07806754112243630139 1.40796351432800292969 0.21509316563606259431 -0.52342003583908081055 0.58915668725967407227 0.73971015214920043945 -1.26319181919097900391 -1.02031624317169189453 0.91101610660552978516 1.21322262287139892578 -0.43432071805000299625 0.62781649827957153320 0.48554989695549011230 1.43054091930389404297 -1.19071590900421142578 -0.23797811567783350162
-0.45735359191894531250 -0.06901525706052780151 -0.78865337371826171875 -1.66697335243225097656 -0.71829962730407714844 -0.14435720443725580386 -0.22033990919589990787 0.08768302202224730058 0.63493490219116210938 1.08208513259887695312 -0.73392510414123535156 -0.75177216529846191406 0.61609923839569091797 -0.82863020896911621094 -0.83582341670989990234 -1.17043530941009521484 -0.58166581392288208008 -0.29040950536727899722 -0.70716911554336547852 -0.70004129409790039062 1.11397349834442138672 -1.56105649471282958984 -0.60016006231307983398 1.24232065677642822266 -0.01885648444294920137 -1.38418424129486083984
0.04390035569667809917 0.05988925322890280289 0.12558442354202270508 -0.87648367881774902344 -0.01903146319091320038 -0.43810918927192687988 -0.82106554508209228516 -1.73982727527618408203 -0.16322964429855341129 0.62317252159118652344 0.59778100252151489258 1.71353757381439208984 -1.15666234493255615234 1.20352363586425781250 1.77142226696014404297 1.29632854461669921875 1.60026824474334716797 1.16697442531585693359 -0.99636930227279663086 -0.46693941950798029117 -0.43203422427177429199 0.48910588026046747379 0.20072925090789789371 -1.04565989971160888672 0.68314599990844726562 0.02297101728618140132
0.40284103155136108398 -1.11805653572082519531 -0.21416352689266199283 -1.31099653244018554688 -0.51358222961425781250 -0.33980974555015558414 -0.19770237803459159154 -0.25980174541473388672 -1.10959947109222389905 -0.46892687678337091617 0.25248396396636957340 -0.87837630510330200195 -1.38432049751281738281 1.13111305236816406250 0.58219248056411743164 -1.11132800579071044922 0.69991087913513183594 0.94230705499649036749 -0.05408642813563339924 -0.23178246617317199707 0.27942228317260742188 -0.68407416343688964844 0.27564632892608642578 0.25230270624160761050 1.27520501613616943359 -1.73659098148345969470
1.52120900154113769531 -0.13675919175148010254 0.79992097616195678711 0.26593816280364990234 -0.11342152208089820165 0.23211264610290519017 1.05667364597320556641 1.51082825660705566406 1.49095344543457031250 -0.12174028903245920352 -0.06237941980361930150 -0.21911247074604028873 1.18877255916595458984 1.01907336711883544922 -0.31431528925895690918 1.35951709747314430921 -0.53848755359649658203 0.48642331361770629883 -1.42018604278564430921 -1.49381816387176513672 -0.93297249078750599249 1.48073792457580566406 -0.42297837138175958804 0.54914993047714233398 -0.60865825414657592773 1.01295781135559082031
0.22087925672531119603 0.61377054452896118164 1.41420495510101318359 -1.59598124027252197266 -0.25420400500297540836 -0.00269859330728650006 -0.35521113872528070621 0.45287331938743591309 -1.40129649639129638672 0.31014445424079889468 -0.04415252432227129847 0.18393906950950619783 0.52988386154174804688 0.68590974807739257812 1.45129132270813010486 -1.54364275932311989514 -0.84658104181289672852 -1.36607313156127929688 1.12332999706268310547 -0.91066527366638183594 0.47530382871627807617 -1.57704758644104003906 1.30095624923706032483 0.13388885557651519775 -0.72301423549652099609 0.11550410091876979479
-0.77795255184173583984 -0.19265829026699060611 -0.43797779083251947574 -0.81565117835998535156 0.89993065595626831055 -1.29258012771606445312 -0.75742870569229125977 0.10585348308086389713 1.54170155525207519531 0.15798732638359069824 0.36648890376090997867 -1.24894452095031738281 0.12279984354972839355 0.17943407595157620515 1.58916330337524391858 1.06981551647186279297 -0.77893763780593872070 0.69581735134124755859 -1.41974174976348876953 0.60935229063034057617 0.23687908053398129549 1.37925505638122558594 -1.64887464046478271484 -1.07594203948974609375 0.09837082028388970112 -0.60936957597732543945
-1.33057570457458496094 -1.33558619022369384766 -1.05725061893463112561 0.59688282012939453125 -1.49796056747436523438 1.69815766811370849609 0.50102478265762329102 0.18869924545288080386 0.37860468029975891113 0.70252937078475952148 1.14518189430236816406 0.23869116604328149966 0.31357088685035700015 -0.65668714046478271484 -0.19119487702846518773 1.36486339569091796875 -0.96681725978851318359 -0.22780275344848630037 0.43555778264999389648 1.34777939319610595703 1.04813647270202636719 1.68519365787506103516 -0.45081487298011779785 1.25330400466918967517 -0.41867563128471368961 -0.99114000797271717413
-0.19579845666885370425 -0.74862629175186157227 -1.53056085109710693359 1.17980027198791503906 0.48797446489334100894 -1.49021792411804199219 -0.76067715883255004883 -1.70802938938140869141 0.02812121063470840107 0.08635486662387839574 -0.68064016103744506836 -0.11203937977552409777 0.76207172870635986328 0.69631487131118774414 1.37115836143493630139 -1.06489038467407248767 -0.04049656540155410073 -0.95416432619094837531 -1.34034645557403564453 -1.17032635211944580078 1.02497589588165283203 -0.26768842339515680484 -1.23037612438201904297 0.07487582415342329545 1.03864324092864990234 0.78794020414352416992
-0.18994191288948059082 1.51810956001281738281 0.02141371183097360090 0.49955540895462030582 0.64918780326843261719 -0.89308035373687744141 1.25526785850524902344 0.46846973896026611328 1.17214441299438476562 1.40873515605926513672 -0.45005995035171508789 -1.12601435184478759766 1.01270079612731911389 0.55667877197265625000 0.94127476215362559930 -0.62310743331909179688 0.39087197184562677554 -0.27199116349220270328 0.09935159981250760164 -0.83867210149765014648 0.29599934816360468082 -0.47541636228561401367 1.04556608200073242188 -0.49241575598716730289 0.31079605221748352051 1.01643645763397216797
-1.02421367168426513672 1.37099325656890869141 0.89709508419036865234 0.33954811096191400699 -1.18508386611938476562 -1.47492766380310058594 -0.83197176456451416016 -1.36833524703979492188 -1.14573156833648681641 -1.12807655334472656250 -1.53246927261352539062 1.18146932125091552734 0.97674018144607543945 0.42563551664352411441 -0.44978141784667968750 -0.75828397274017333984 -0.69674998521804809570 0.52387040853500366211 -0.02763073332607739879 -0.93229365348815917969 -1.25252723693847656250 1.11786079406738281250 -0.07134360820054999608 0.74526453018188476562 -1.04643082618713378906 -0.46222704648971557617
-0.29996559023857111148 -1.37564039230346679688 -0.66719019412994384766 -0.98315876722335815430 1.12880992889404296875 0.03597435355186460321 1.50865435600280761719 1.11760866641998291016 -1.50581920146942138672 -0.64977014064788818359 -0.48716646432876581363 -0.89714461565017700195 -1.18980109691619873047 0.39966610074043268375 -0.24233910441398620605 -0.88378715515136718750 0.80191659927368164062 0.09773225337266920609 -1.35410976409912109375 0.42491295933723449707 0.53781759738922119141 -0.35829535126686090640 -0.32385349273681640625 1.11116635799407958984 1.55068039894104003906 -1.29637575149536110608
-1.04553055763244628906 0.42402330040931701660 0.69832456111907958984 0.60568845272064208984 -0.49081283807754511050 0.78680485486984252930 -1.01586365699768088611 0.82606083154678344727 -0.10380637645721429996 1.37507569789886474609 -1.20842730998992919922 0.90689480304718017578 -1.11848735809326149671 0.89548498392105102539 0.40750184655189508609 -0.44173964858055109195 -0.81481492519378662109 -1.14377474784851074219 1.26651394367218017578 0.26386946439743041992 1.12704515457153320312 -1.04824864864349365234 -0.58068996667861938477 0.33903276920318597965 -0.41302874684333801270 -0.22225925326347351074
0.42462381720542907715 -1.02932310104370117188 1.12969374656677246094 1.12654948234558105469 0.13156172633171078767 -1.51399374008178710938 -0.53754657506942749023 1.37538278102874755859 1.66453564167022705078 1.06694579124450683594 0.61966276168823242188 -0.67268061637878417969 0.03803449869155880320 0.49034377932548517398 0.64602899551391601562 0.78199815750122070312 1.10342061519622802734 0.66744881868362426758 0.16660338640213009920 -1.05612695217132568359 -1.48177671432495117188 0.77292281389236450195 -1.38582944869995117188 -0.26584962010383600406 -1.39952480792999289783 0.57248479127883911133
0.77389007806777954102 -1.69141805171966552734 1.46541023254394509046 0.38566517829895019531 1.34258544445037841797 -0.00136386405210939992 -0.89079856872558593750 -0.30511710047721857242 -1.19601118564605712891 -1.42170953750610351562 1.14242672920227050781 -0.85537075996398925781 0.39368790388107299805 1.03686892986297607422 -1.03198993206024169922 -0.41735428571701049805 -1.57967460155487060547 1.22727155685424804688 1.29027318954467751233 -1.65821266174316406250 1.55385577678680419922 -1.54812073707580566406 -0.77898144721984863281 -1.34729552268981911389 -1.08888554573059082031 -0.07725594937801359696
-1.41879236698150634766 -1.06500184535980224609 -0.29978552460670471191 -0.96749049425125122070 -1.69097125530242919922 0.86351561546325683594 -1.29424250125885009766 -1.58329725265502929688 -0.82210135459899902344 1.13081240653991699219 -1.57944595813751220703 0.07467091083526609940 -1.57511448860168457031 1.37925088405609130859 -0.47451755404472351074 -1.05793905258178710938 -1.72708511352539062500 0.16800756752490988988 0.59632009267807006836 1.42983055114746093750 1.52076673507690429688 0.58016771078109741211 -0.38381871581077570132 1.69561290740966796875 -0.82274913787841796875 -1.97022473812103271484
-1.26683127880096435547 -0.55700135231018066406 -0.67222720384597778320 1.13966715335845969470 -0.38332110643386840820 -1.50927305221557617188 -0.70804107189178466797 1.53021740913391113281 0.55274075269699096680 -1.52791309356689430921 -0.26828581094741821289 0.22475637495517730713 0.63666063547134399414 0.04066861793398850178 -0.08352202922105779470 1.50424206256866455078 0.10531376302242269338 1.60492956638336181641 0.32956346869468688965 -1.26385617256164550781 -0.93443781137466441766 0.44744259119033807925 -1.37984490394592285156 -0.55834639072418212891 -0.54987996816635131836 -0.62736845016479492188
0.85663837194442749023 0.94959902763366699219 0.62917464971542358398 0.56438344717025756836 0.79862791299819946289 -0.89707380533218383789 1.31180942058563232422 1.11588132381439208984 0.44322162866592407227 -0.74183440208435058594 1.38195860385894775391 -1.32292985916137695312 -0.94580960273742675781 1.12652611732482910156 0.54347753524780273438 -1.74360954761505126953 -0.17847084999084469881 1.49517285823822021484 -1.09280037879943847656 1.27004504203796408923 -0.61770594120025634766 0.99890345335006724969 0.96994918584823597296 0.56286686658859252930 0.15557028353214261140 1.73750078678131103516
-0.83469301462173461914 1.48832595348358154297 -1.17790687084197998047 0.05573495104908939707 0.74933075904846191406 0.51539880037307739258 1.29511618614196777344 -1.39888572692871093750 -1.83309495449066162109 1.29546988010406494141 -1.46794545650482177734 1.47048616409301757812 0.70333111286163330078 -0.69833481311798095703 -1.27119314670562744141 -0.79453164339065551758 0.91252267360687255859 -0.45049419999122619629 -1.62483048439025878906 0.30175480246543878726 -1.24132394790649391858 -1.08240091800689697266 0.64635813236236572266 0.63247352838516235352 -0.54086697101593017578 0.88491034507751464844
1.56277585029602050781 -0.19162622094154349583 -0.44290739297866821289 -1.82657694816589355469 -0.17875351011753079500 -0.29078260064125061035 1.03949797153472900391 -0.44840472936630249023 -0.40727514028549188785 -1.01938509941101074219 -0.50839102268218994141 0.48321434855461120605 1.14380478858947753906 -0.46189114451408380679 -1.48003399372100830078 -1.44018983840942382812 0.22557967901229850072 -0.58593916893005371094 -0.11884140223264690051 0.63518625497817993164 0.34238672256469721011 0.06737861037254329333 -0.24866148829460141267 0.54123198986053466797 -1.34801435470581032483 -0.15128284692764279451
-1.13984966278076149671 -1.31054663658142089844 -0.80803012847900390625 0.39438718557357788086 1.35391747951507568359 0.84908187389373779297 1.22103524208068847656 1.60174775123596191406 -0.22502699494361869115 -1.39910101890563964844 0.62433773279190063477 -1.34744656085968017578 0.93036901950836181641 -1.63452148437500000000 0.55872523784637451172 -0.64368832111358642578 0.11954954266548149799 -0.37822750210762018375 -0.87111318111419677734 -0.18956531584262839574 -0.68874067068099975586 0.67684245109558105469 -0.12469439208507529515 1.03189718723297119141 -1.03997337818145751953 -0.46628642082214349918
1.55386233329772949219 -0.94664150476455677374 -0.75697684288024902344 -0.92426002025604236945 0.64068478345870971680 -1.35404193401336669922 -0.73690980672836303711 0.93999433517456043585 -0.03027367591857910156 -1.43685495853424072266 1.63422954082488991467 -1.35139119625091552734 -1.38749825954437255859 1.29250144958496093750 -0.35280674695968627930 0.53615021705627441406 -0.64017289876937866211 0.97968721389770518915 1.70007932186126708984 -0.96054130792617797852 0.23194809257984161377 0.19687171280384060945 -1.51208508014678955078 -1.55510771274566650391 0.59735774993896484375 -0.08261887729167929906
-0.77828085422515869141 0.16194212436676019840 1.48609805107116699219 1.10415446758270263672 -0.50900244712829589844 0.40574741363525390625 -0.20724853873252868652 -0.58924090862274169922 -1.82815790176391601562 -0.94830316305160522461 -0.73665374517440795898 -1.42113995552063010486 0.08396909385919569535 -0.90710002183914184570 0.39614936709403991699 1.10829138755798339844 1.20013308525085449219 -1.01981282234191894531 -0.01874165050685399833 1.59795331954956032483 -0.81706261634826660156 1.57072532176971435547 1.17553389072418190686 -0.55695062875747680664 -1.15320646762847900391 0.97788226604461681024
0.36927035450935358218 -1.48561418056488037109 -1.03159379959106445312 -1.38326275348663330078 1.60807847976684570312 -1.45498752593994140625 -0.24828600883483881168 -1.42137134075164794922 1.34163200855255126953 -1.61139678955078125000 -0.03466232120990749704 1.00232934951782248767 0.91513359546661376953 -0.51978701353073120117 0.75600028038024902344 0.83975303173065185547 1.12924349308013916016 -0.17479410767555231265 -0.94099938869476318359 -0.11791011691093440661 -1.12307274341583229749 0.70142984390258789062 -0.69273191690444946289 -0.34396365284919738770 0.83708328008651733398 -0.85374039411544799805
0.51966476440429687500 -1.42700505256652832031 0.35347357392311090640 1.23187994956970192639 0.50216352939605712891 1.11088550090789794922 -1.04904496669769287109 1.56443369388580322266 -1.76329612731933593750 1.35537099838256835938 -0.61321139335632324219 -1.13178217411041259766 -1.31428694725036621094 -1.64658534526824951172 0.68917399644851684570 -1.70115613937377929688 -1.64719796180725097656 -1.58820545673370361328 -1.05119264125823952405 -1.18603122234344482422 -0.61414450407028198242 0.46524515748023981265 0.26652637124061578922 -1.12218058109283447266 -0.16706643998622888736 0.30789929628372192383
1.75254881381988525391 0.23582153022289270572 1.53451204299926757812 -1.39907336235046408923 0.02567078731954090115 -0.78096187114715576172 -1.15606927871704101562 0.81303393840789794922 1.13221871852874755859 0.41169062256813049316 -1.01474571228027343750 1.51487243175506591797 0.27053973078727722168 -1.17866384983062744141 -0.69891625642776489258 -0.05966763943433760209 -1.36634528636932350842 -0.39902913570404052734 -1.04474341869354248047 1.60194408893585205078 -0.46528413891792297363 -1.09913909435272216797 0.93979895114898681641 0.03489172086119649713 0.91778910160064697266 0.75191968679428100586
1.18457674980163552014 0.21568639576435089111 -0.10991159081459039859 -1.15909624099731445312 -0.56011378765106201172 -0.61726719141006469727 -0.68040555715560913086 -0.61773711442947387695 -1.38615643978118896484 0.09049169719219199437 0.88193386793136596680 0.52435725927352905273 1.24825084209442138672 0.40204349160194391422 -0.97232329845428477899 1.09140193462371848376 -1.68242084980011008533 1.11970031261444091797 1.62591445446014404297 1.59522604942321777344 0.68883383274078369141 1.28335618972778320312 0.67711853981018066406 -0.17418836057186121158 -1.76994907855987571033 0.15168519318103790283
0.25955528020858759097 -1.36447703838348410876 -0.36423718929290771484 1.73128664493560791016 -0.58787608146667480469 1.13882625102996848376 -0.17945806682109829988 -0.02099188230931749860 0.32629412412643432617 1.33770632743835449219 0.86041492223739624023 1.71983683109283447266 -1.27240824699401855469 -0.59489768743515014648 0.97383254766464244501 1.09889221191406250000 -0.07491714507341379337 -1.30498802661895751953 0.73806303739547729492 0.32699334621429437808 1.14962518215179443359 0.93537211418151855469 0.35707092285156250000 1.44879496097564697266 -1.13109874725341796875 0.14225794374942779541
-0.94302177429199218750 1.32007694244384765625 -0.89960730075836181641 -1.23760092258453369141 1.14913773536682128906 0.03457010537385939858 0.21663527190685269441 1.00906705856323242188 -0.50379484891891479492 -1.49519634246826149671 -0.83658343553543090820 1.38686478137969970703 -0.23523965477943420410 -0.68569266796112060547 -0.22578586637973779849 -1.18576800823211669922 -0.98723918199539184570 -1.05736982822418190686 1.58459854125976562500 -1.08962464332580566406 0.52336788177490234375 -1.01650524139404296875 0.24107369780540460757 1.33098125457763671875 0.56679201126098632812 -0.34703794121742248535
-0.61262321472167968750 -0.15021240711212149876 1.17994236946105957031 -0.23672047257423400879 0.40333637595176691226 1.58270442485809326172 0.39674943685531610660 1.33833241462707519531 -1.29935681819915749280 -1.50329875946044921875 1.17213165760040283203 0.84200280904769897461 -1.13921141624450683594 -0.41210433840751647949 -0.22492352128028869629 0.31883922219276428223 0.58261841535568237305 -0.89104437828063964844 1.28765070438385009766 -0.32218232750892639160 -1.62170314788818359375 -0.42234277725219721011 -1.29911875724792480469 0.46604382991790771484 1.43412268161773681641 0.04932022839784620111
1.49067795276641845703 -1.67212510108947753906 -1.43640434741973876953 0.80885189771652221680 -1.17584705352783203125 -0.37855726480484008789 -1.81051194667816162109 0.74298936128616333008 -0.16551959514617919922 0.88768744468688964844 0.03440372273325920105 -1.10541164875030517578 -1.66570675373077392578 0.56634986400604248047 1.03000187873840309827 1.44214975833892822266 -1.03591620922088623047 0.79913598299026489258 -1.03876566886901855469 0.61015462875366210938 -0.23826612532138818912 -1.16590666770935058594 -1.42373657226562500000 -1.26053214073181152344 0.35873079299926757812 -0.19468379020690909642
0.71816766262054443359 -1.18139100074768088611 1.55129981040954589844 -1.31759560108184792249 -1.59255003929138183594 -0.74094241857528686523 -1.53649818897247314453 1.16225314140319824219 0.51818710565567016602 1.10660290718078591077 -1.54781210422515869141 -0.46491652727127069644 -0.72580170631408691406 1.07987678050994873047 -0.24843797087669369783 1.44863188266754150391 -1.49883604049682617188 -0.34821549057960510254 0.79239535331726074219 0.08238151669502249974 -1.38806915283203125000 -1.48084867000579833984 -1.44691812992095969470 -0.38583439588546747379 0.34042167663574218750 -0.86517941951751708984
0.53515654802322387695 1.04563570022583007812 -1.32156801223754882812 0.62173569202423095703 -1.44855332374572753906 -0.72916328907012939453 1.52443301677703857422 1.52151405811309792249 0.30704778432846069336 -1.33945083618164062500 1.33013367652893088611 -1.46927666664123535156 0.69575232267379760742 -1.60985469818115234375 1.27688217163085937500 -0.40605962276458740234 1.15345227718353271484 1.67919361591339111328 0.98015820980072021484 0.52963387966156005859 1.34116125106811523438 1.68148541450500488281 0.31229537725448608398 -1.44576215744018554688 -0.49108418822288507632 0.96057695150375355109
0.22047081589698788728 -1.52979934215545632092 0.00109935062937430010 1.14545500278472900391 1.48300635814666770251 0.71989595890045166016 -0.22921636700630179662 -0.39060685038566589355 -0.22980153560638419408 1.05316746234893798828 -0.28867807984352111816 -0.69704526662826538086 -0.81419038772583007812 0.64518165588378906250 1.17727446556091308594 -1.67300832271575927734 0.55252283811569213867 0.33774441480636591129 -1.22087550163269042969 -0.20017939805984488744 -1.74332487583160400391 -0.00179316045250740006 -0.23131103813648221101 1.34470283985137939453 -1.19452714920043967517 -0.24673524498939511385
-1.31042420864105224609 1.53662645816802978516 -0.08889123052358620380 -1.37357008457183837891 -1.31898689270019509046 0.24346439540386199951 1.54452919960021950452 -1.29295921325683593750 -0.46737623214721679688 0.28227612376213068179 1.62688565254211447986 0.59161180257797241211 0.84816259145736694336 0.65173983573913574219 1.79594540596008300781 0.59577107429504394531 0.46527075767517089844 -1.39863955974578857422 0.55599886178970336914 -1.70927345752716064453 -1.43050062656402610095 -0.32319819927215570621 -0.74446046352386474609 -0.56770902872085571289 -1.65618467330932617188 -2.12335610389709472656
0.04865938052535050129 1.23420047760009765625 0.85121619701385498047 0.03501528501510620117 0.71499651670455932617 -0.12850780785083770752 1.14284420013427712171 1.22263610363006591797 0.68063604831695556641 -1.41872072219848632812 -0.47565975785255432129 -1.08408284187316894531 1.00747656822204589844 -0.13409331440925589818 -1.10855543613433837891 1.43363618850708007812 0.58224344253540039062 -0.95478361845016479492 0.42481562495231628418 -1.50221061706542968750 -0.50317662954330444336 -0.29139527678489679507 0.88439315557479858398 -0.19634006917476651277 -1.40774679183959960938 1.27171611785888671875
0.33503466844558710269 0.73484122753143310547 0.81421798467636108398 0.49046429991722101382 0.06574829667806619815 1.46479034423828125000 -1.15355265140533447266 -1.56288695335388183594 -1.56025087833404541016 1.47914624214172363281 -1.44303095340728759766 0.68007934093475341797 0.53462517261505126953 -0.69949650764465332031 -0.10852949321269980687 -0.31264916062355041504 0.96009862422943115234 -0.18352907896041870117 -0.83827787637710571289 -0.14024953544139859285 1.31963992118835449219 -1.59059381484985351562 1.46631455421447753906 0.22042897343635559082 1.36568999290466308594 1.14317381381988525391
1.46085715293884277344 -0.75129896402359008789 -0.37540805339813232422 1.75176858901977539062 1.30560159683227539062 1.43440127372741699219 0.95456087589263916016 0.04325599968433380127 -0.56122344732284545898 1.03761911392211914062 -1.33244609832763671875 -1.49724674224853515625 0.97255361080169677734 1.54978740215301513672 1.63919401168823242188 -1.20582270622253417969 -1.07506191730499289783 0.67215019464492797852 1.25607168674468994141 1.49957478046417236328 0.31424611806869501285 -0.93642836809158325195 0.30815979838371271304 1.10136222839355490954 0.73066699504852294922 1.41607952117919921875
0.46541103720664978027 -0.91298091411590576172 1.14050614833831809314 -0.67193323373794555664 0.86595034599304199219 -0.81170219182968139648 -1.60085034370422363281 -1.22824490070343017578 -1.29747581481933593750 0.82537901401519775391 0.14101168513298029117 0.62927818298339843750 0.08032310009002679996 -0.35623937845230102539 0.07119368761777869481 -0.91613328456878662109 -1.12161564826965309827 -0.96677094697952281610 -1.38780844211578369141 -0.78461384773254394531 -1.19658684730529807361 0.03258477151393889687 -0.75604039430618286133 1.29822897911071777344 0.54422801733016967773 0.08319112658500669999
1.67038655281066894531 -0.65575677156448364258 -0.90532195568084716797 -0.07376114279031749377 1.19144380092620849609 1.23122847080230712891 1.05053985118865966797 1.53319084644317649158 0.63481402397155761719 -0.87239158153533935547 0.79606205224990844727 0.20833145081996909398 -0.14070147275924679842 -0.60656911134719848633 -0.86144745349884033203 -0.07298723608255379414 1.30476105213165283203 -0.71480971574783325195 0.85151642560958862305 -0.62327229976654052734 -1.22450196743011474609 0.58488672971725463867 -0.31378513574600219727 -0.02458568289875980029 -0.87548828125000000000 0.72182279825210571289
-0.94702023267745960577 -1.43436944484710693359 0.76053351163864135742 0.92901694774627685547 -1.32866001129150390625 -0.95920783281326282843 1.39099955558776855469 1.51870381832122802734 0.70382988452911376953 0.08633679151535030016 1.24957537651061989514 -0.81111639738082885742 0.48219349980354309082 0.48544698953628540039 -0.36141514778137201480 -0.52114766836166381836 -1.72831273078918457031 -0.89775902032852172852 -1.52017211914062500000 -1.65408158302307128906 0.68381470441818237305 -1.57639706134796142578 -0.08200650662183760209 -0.20921903848648071289 1.32297086715698242188 -0.41994068026542658023
-0.60576927661895751953 1.15760695934295632092 -1.60930335521697998047 0.47864025831222528629 -0.07987963408231729678 0.76223486661911010742 -0.53094542026519775391 -1.51285254955291770251 1.38818693161010742188 0.32071477174758911133 0.83202379941940307617 -1.29388213157653808594 0.36451792716979980469 1.02116048336029030530 -0.61968606710433959961 1.06162941455841064453 -0.72240108251571655273 1.00342297554016113281 0.72533118724822998047 -1.12567293643951416016 -0.02639646455645559830 0.14243267476558679752 0.41353556513786310367 0.59096020460128784180 -1.56813752651214599609 0.74460822343826293945
1.52046823501586914062 -1.46436131000518798828 1.55290865898132324219 -0.56952667236328125000 -0.18702131509780881014 -0.50203925371170043945 0.85979270935058593750 -1.61914241313934326172 0.71843850612640380859 -0.63837748765945434570 -0.52443158626556396484 1.50649416446685791016 1.02779603004455566406 -1.36386287212371848376 -0.26182958483695978336 -0.55181717872619628906 0.33115476369857788086 0.91948634386062622070 0.61102336645126342773 -1.38544034957885742188 0.40747451782226562500 1.62399804592132568359 -1.20765364170074462891 1.60089004039764404297 0.54584878683090209961 -0.10985726118087760228
