1.18201150445089187002 1.39316136325469885904 1.39983569826839726602 2.29054848437604174904 1.81266094754761786234 1.71639051490101901543 2.21430450749310203662 1.01643262140325507659 0.59428487771872129386
2.36882763328520873358 2.36669871173348411730 1.59570345133848290331 2.25962766136217307889 1.23239080922435917387 2.39045770102497723286 2.40215039591876511338 1.38109427317754618336 1.63591120294337621921
1.27128124976028855642 1.45681304638908382110 1.18239444261696191596 1.76010506002930378067 2.88186567127303305824 2.38541049677758731917 2.66318202364913148017 1.60265225998900895377 1.05666557692669682567
1.30467737202702083188 1.44666648634310979205 2.61639956800701423134 1.26245674938010954413 2.98356465832267581106 1.40826775783111446394 2.20850689283512213734 1.87413604538749134498 0.89295513348600752401
1.84887304362085425069 1.81804196980585186516 2.95472624957464446993 1.12753264032236022452 2.93143252891520766923 2.49739897308611080717 1.25043105994057368591 2.83794292204026676885 2.19126324803740857305
2.58302182760752518931 2.64159930564365375005 1.89879876025029203923 2.20701798390813674899 2.29205992119835011422 2.34564218309599414880 1.73027604427150083488 2.30645063977403630417 2.09221226632255907774
1.99732019278988537359 1.15787479100008905419 1.37106234667925330761 2.88410071343583407355 1.42588092610081740297 1.10029363730844687019 1.71764460541842134411 1.47403707372265335707 0.91188290556579865154
2.65203464288951273886 1.04976471975322893648 2.48237170018179398312 1.14462996903219993428 2.02954899435122371187 2.73242036782266906059 2.89850116597792784034 1.83691713788219579406 1.13138407573855026556
2.57944753631985745912 1.74093017965210328235 2.35888088934576378719 2.30716237294910664346 2.03851566324299504629 2.11897309102259345792 2.36181217773474028121 1.87374262677638925290 0.97829462064871575144
2.04711406796017314491 1.69540056031062769115 2.65846900805558306047 1.36841524920759316508 1.97449400844647104947 2.16767126546277211219 2.86736916951107057017 2.69629964579286074411 1.12213162437522462334
1.63799874026855007969 1.91169143722510259664 1.34082381698100250311 1.66086668628433287154 1.06659639560795449498 2.89506715374285850118 1.13916258745964116272 2.07818087987830857344 1.84009879204199755520
1.07427930563920392970 2.57963961942236696956 1.65787639154471189151 1.95033017636619465662 1.94764317343728254883 1.84254506232111747721 2.09289462870426890007 1.58136501120568673251 0.98385951604067667375
2.36161045293430760239 1.57600407361844907506 2.15014583294251515611 1.18128376401490275960 2.25143100637129345287 2.08440392235768356954 1.18814257707509662865 1.90029795617248331574 2.81726599691816392834
2.62115332934819322830 1.64570204515221973907 1.36980064283582714246 2.55144255676871622995 2.96641581002400345213 2.23983978566526431564 1.89979318229376081817 1.84800255802849400233 1.74281655743692054372
2.56789436574540630431 1.31653271166347729526 2.02856875331323482925 2.54509864276196928756 2.16607326034743863374 2.32536116889841970590 1.61101307671120008713 1.74081361505077558682 0.96556483234594003839
2.42003181659221677791 1.79728069950916236053 2.15548046554679384457 2.96300210114168383058 2.81494711156308508038 1.92264631628479754077 2.58016393554702361257 2.63657247570351183086 0.90073731910221765951
1.73794739689819421891 2.37817367077739394432 2.77243655478118267155 1.88762650515091490178 1.63999992081453327408 1.99298295897402910626 1.02615210550963564806 2.63059609277263284355 1.47247337204900663465
1.44477800692985103304 1.04976784716384696772 2.31756045119321907322 1.22278308106216027085 2.84420126468963418986 1.43375640470053067332 1.56038230705753111494 1.66144526222616772948 1.22532518233807441455
2.40685301454633115981 2.61904243856616147923 1.65247405302832839347 1.62986844822307164193 1.03982117431259291074 2.26642216198222712364 2.37824373689446222357 1.13326106805974835545 2.42262792026801010437
1.97213350278838550622 1.96481486255941995012 1.79720848935474375452 2.94078368867390071983 2.78233656211536128922 1.92758236133341620544 1.19587081728724986540 1.56390661894572602364 1.32215394906537619946
2.10640212134977389269 2.19696273736626279671 2.32685703777942620718 2.98142788463391816833 1.09908727192448751886 1.37658482547345517588 2.56185997967744327752 1.67295669894545229184 0.72886236158565520515
2.46984995123733375166 2.46965183753365158381 1.63286375853265086633 1.37192037739700456456 2.45197931953714798325 2.63572720219168132871 2.28677242415043169288 1.12239542769368583208 2.94301798303858053174
1.17251169754395667688 2.13850187256401591540 2.75120853191731562504 2.27541701206071778074 1.16371805331102007308 1.87164123371712731725 1.64380698616272535872 2.82481558635466667440 0.52228033818935737376
2.18684276597378257634 2.13003674649421981258 2.04842894598876412715 2.17533014839289418063 1.09919539189476189733 1.46120808231185472792 2.89231288898802585408 2.43974384336266503226 1.15301074618836296715
1.79329367698358477234 2.13772438814288268105 1.81745341126883941385 1.00500938341416468091 2.29897443051997996122 2.19324409771220851795 2.09814793633478036128 1.58449265253328275271 2.46920399883035646127
1.77204518771714636394 2.74865319620894599240 1.81729125841321459411 1.60428652105431468478 2.58122297362467945092 1.77232094858214717092 1.18781177975285667792 1.04733222029573957990 2.32777468122809416684
2.28104971740067785646 2.78473475435091577523 1.23689337747257677158 2.26573094322062118522 1.28397791184862897218 1.22604342669346610961 1.10468695172864994625 2.09257272267273819466 3.72828157131520976364
1.47273636971655674799 1.62298785127009170814 1.79034074326633563246 1.51150493865039514674 2.00513225517006876686 2.07780545462877430651 1.03470559039901077725 1.91757913792783174500 1.82394377016731867869
2.28353287879497646173 1.58503764189553630892 1.74711546253657368233 2.29285438387674478378 2.39975347132041072484 2.59721746403552167237 1.97485592628813733107 2.67247236550842170999 1.26446199978268447595
2.52751854524690067194 2.37122638723885792444 1.48875957461995445108 2.24488601851523217334 2.53011519052471101077 2.96368190217070948123 2.75646121876751326596 2.09213132286998648723 1.97105611940845548702
1.73176855394892337259 1.68328169117888393203 2.69921572264989828582 1.93218571663363869462 2.31893605348504339148 2.31558567438684370643 1.73594685545907423396 1.55005629824980206699 0.72997680479039006585
1.01876972022381773186 2.57269285084846854872 1.50312872553297549594 1.46163317907632750448 2.51624312380369419273 1.11041916104196913828 1.45943605750758886863 1.75955423873733418638 2.06100944836207933264
1.03627377245745133649 2.43101261125119183504 2.25458570553670201164 2.52391442537732535456 2.04175803149224410760 2.43735813037140180981 1.91193449770724299697 2.47471997266995202835 0.54598672023062200243
1.75334338441405712672 2.17890005987112989061 2.23713187991851025771 2.18563610795567875300 2.64859808827460074809 2.50417289163768819193 2.27869438044894856432 1.08115597759302950465 0.86030123066980479507
1.45603460482843338752 2.83581742850340701168 1.86171231748272303363 1.75028155002944352248 1.11812114020130248804 1.46400302025500006486 2.55683052381638642458 1.78750133483709761073 1.36046689164287948337
2.48874695280634661287 2.73816817936754652862 2.42182903978881869378 1.18673273536695056407 2.56005937257733640067 1.61106319232973982380 2.70181290327221956815 2.54346793822780448124 2.85051403423181515251
2.19543265325925851528 1.73122412515121171239 1.28668016319536371306 1.24602873962771742988 2.46623045783854433211 1.97400618840049868474 1.86586751828942420950 2.78482141917063419356 3.73918215575808865481
2.57746017584807241008 1.77171998660897389577 1.41114670262552843738 1.75507564418041228649 2.81293411123048908706 2.13749282367645498937 2.12481923331178235159 1.62912053211361573801 2.33800554778942926148
1.43214651850580643178 2.81675942391341038729 1.23292896089429460105 1.93741872401480641486 1.90580353333318175402 2.82221912845053823915 2.63001218092093491663 1.60380106154691959297 1.78266468611983985859
2.40887417556209371128 1.01017021093562098244 1.19301025021898188250 1.68855293833193487174 2.98751801601881261661 2.40756864377449408821 1.70481907783234509779 2.58348669546407183617 2.52692795501501610289
2.35635545322516470890 2.02815083543760632523 2.32356762069233813151 2.21969850486530839717 1.57022184319919655415 1.33001487146044916621 2.16561652447970098834 1.68958682840488849664 1.12091700631741963967
2.94845012316255106199 2.27764932258832164536 1.24552594346165257377 1.80907045245062714223 2.93474225732197080418 2.28702582387092601124 2.30479519403504884423 2.78274174858297840274 3.86000016123915301591
1.54940852281759289255 1.23420640797697345192 2.58245572469796513815 1.64558366071155126598 2.86157711628769373391 2.90101001309665607053 2.11115129247208033192 2.48982570626631494193 0.65089702437322016770
2.53356306448856027913 1.94936622488019661859 2.79172156695837214713 2.48531989152597621029 2.08954233227960495256 2.65627225117668341881 1.28565869586510816980 2.10196667424412719782 1.07710468889629584766
1.50788292554347713725 2.21203714718681521134 2.28993514854852442397 2.71381002926286196697 1.97193438626403882985 2.15357096477457377048 2.70952987831309854982 2.19628569508293791657 0.60319785616709753473
1.47185311528141427040 2.70824829193382310422 2.77724993908142447907 2.53299644283076608176 2.63510329563608802772 2.87628150348894351396 1.68468226124304343294 2.08223739208847824500 0.70726417996114332443
2.04900978520034593444 2.61891443551422531399 1.42857036076919485801 1.83229004754776125807 2.69376930517720314384 2.10507296135282429006 2.83462592276771907507 2.94071745997986422338 2.41668282192820793597
1.64852482222495200226 1.21320435307857055207 1.07801989881937365645 2.54104878937801714756 1.90163363117213535247 2.86968305211312824099 1.20322713792761737395 1.56119571551872859949 1.16015417582593061141
2.41201332695658621219 1.71854155252437013068 1.80014009716067513445 1.23408758522265005197 2.17471296696218985289 2.95451231443226136619 2.97318051512090075761 2.02711685684069164992 2.04916118209472308820
1.86884061566913040053 1.44715979681488504660 1.09295141201339873760 1.81061059150410175178 2.34087111723197915936 2.48764607509766122462 2.45577357086256276020 2.78834541331700958011 1.77753813883867106682
1.93729436826263734517 1.22402821070839906703 1.31091278554649193211 1.49440893729581469884 2.56873513017489152332 2.16030527221953150274 1.41709485426718306833 1.92220164957813777207 2.33597297728644281989
1.32425316305930840244 1.18038764890075520420 1.77426279723816460177 1.12946598183608770682 1.06819691372142511199 1.99539794386452440378 2.00611420494514902657 1.06467817671858000494 0.87360345156187857452
1.75683013792991093993 2.90989798183920411745 1.41194476615157582522 2.45315326150101409297 2.11795913514686162671 1.39784471135951093856 1.78380897415010086782 1.60646573845916051937 1.86391816337257920644
2.79226275372667531727 2.27352189639863677684 1.19969278945704349582 1.63221591463348114637 2.84722185422109141939 1.53616296052015144369 1.83431795671974962048 1.52309139894598843945 4.43834150331058552297
2.62933175040277955503 2.68782729266537367963 1.41786000272162038272 2.32174748381730289282 1.01691913068531869513 2.43143673213542221845 2.80128485705537855210 2.52023384317804266530 2.25412065342074674490
1.08437560721608305947 1.00159376544088551952 2.27611795401862648802 2.26779732728801253216 1.18422638663395685121 1.31460644795325687362 1.77319101323550554206 1.94955618425946131111 0.32775244503602296575
1.61761475264317144962 2.68278228540638297162 2.86965158805517361884 2.82817897962210640372 1.73105125546954519145 1.00202411205375385705 2.86263556218091519412 1.47985234100972595783 0.59689849333598521408
2.19238552009163489842 2.42982485781557366877 1.94311798530507884308 2.46461433555138942353 1.53708204159464667526 1.43447517954283987329 2.00296497498674197502 1.20511553765967849294 1.25970744826560321350
1.31573840881212178466 2.10540747075811829347 2.48329252293227842330 1.53623475105910456406 1.05954581197809383220 1.43008933863597542668 1.50035374691011003101 2.40219826110024481380 0.99882538768078887870
2.07035198827384814280 1.73411839846253612585 2.40491220287677354150 1.56433823775253877386 1.24361513341914609043 2.55023452435972952657 1.71522798505216234055 2.27355146733047863705 1.16170472050462314506
1.71673632206173687464 2.81388492992038363738 2.87201880694549682715 2.77225343592625383948 2.35629984682721094202 1.93825034148002028900 1.48173493890880125790 2.11516737773529506228 0.85924893773015775800
2.94029275252559285647 2.50757132082510336701 2.56338479024823762131 2.93532867163273714084 2.03978701627271696850 1.29718179337376393612 2.94440577930418800889 2.49852769840413913016 1.15697049849314392844
1.89688794619511957862 2.10758224790168746665 1.20108285573464224072 1.95205078433679335426 1.71749587321376639970 1.36188826145223806918 1.48646416862583730101 2.30119307138925366374 2.76776330940241122036
1.03314396100668082212 2.97052188000782724231 1.46142427589887002881 2.67569804995354498800 1.44554951230351491631 2.96717442872421255373 2.30051466996214681870 1.51657381977751315461 0.82172337156893915378
2.00077831463691691027 2.66680420292040931685 2.92871230199485799162 2.81785649980176167162 1.11577275915409468432 1.63158544925013293536 1.28811039877615995941 2.34172341463355415669 0.88052946853310098962
1.63964190921341401719 2.53284690070240259274 2.21039990643298889239 1.74292794644713855412 2.02300652623224763715 1.28121727234359661374 2.61400935711245185900 2.21673112613672440574 1.29598021944430685792
1.98589136471225535807 2.17383096009878906685 1.01489920758425733460 2.35310035394137617715 1.90581806516938367935 1.01279446421313679139 2.19238368538607364400 1.50663817583427595004 2.29815243656190126842
1.41209980821384628591 2.28241864045264897243 1.57533664784392324343 2.59893364691975659042 2.89662729418561859518 1.85646954851954126831 1.91227408913145735525 2.33015157158494456979 1.13012700032066515377
2.44580238792927495695 2.25496383784595044730 2.79598399159441868278 1.49873308903815605220 2.64430394932945223019 2.22196546531572280969 1.69604697957969530187 2.63552099046150622996 1.95253526021880308150
1.58295324962535399749 1.97929953500431032865 1.95947939807019788638 2.79999876592184726576 2.76126357805666966527 1.21026873339206653135 1.87484087798566045890 1.06307354706566514757 0.77014024015447324345
1.86545703532028883664 2.13078767852217643153 1.29333216730020161833 1.17967684312030418603 1.01454372375831725073 2.92771553537147433133 1.77741782685475890879 2.30558155196789993369 2.91447868822872901973
2.26031975289624309511 2.01756353045227321275 1.27693746956247600188 2.14247426637112514669 2.01858773267402469287 2.41256125334209325928 1.75166082646328580275 1.96980452391103644239 2.11069834601764183546
1.48390476058515807800 1.89447624294406335999 1.14826740899547852237 2.49502105935258633451 2.43823711580961699497 1.45163438946382727934 2.20852655350447113491 2.69677380704805935707 1.46224792265907055366
1.30673679956806654268 1.60368110216180825844 1.51284060541890053031 1.54728210362013496315 1.32659108170154915740 1.82348040458654025997 2.98494657759267001396 2.38254629102535719909 1.00384815715858666252
2.53375563172747408913 1.93414219629631944919 2.34969331027585859317 1.61101620895319364024 1.22817236467512347353 1.44488080892474890504 2.36311826473949704308 1.20949360429993668653 1.41784836953959736405
1.89548833701659358297 1.65609682185165074664 1.27831252589867694347 2.82596269361538476872 2.87309104829560624239 1.39695166289402972204 2.34294142016962769759 2.59110246044415504230 1.37835362025154939403
1.95999903817352683078 2.20905360563372887839 1.82991093206900390378 1.90208185963123099782 1.20558322937893125371 2.62737710596818585529 1.99987477346615993845 1.14386958750390355100 1.31784974795614373555
1.68416790462611776213 1.28000083508638451413 2.53760309766037206458 1.79593398756765387780 2.28570130829414619456 2.64184111569897206451 2.77748080816543341243 1.78482365621125826927 0.54699594544174123811
2.21351802902129302097 1.55543417043002674127 1.65069135015745893647 1.99660405660018014373 1.26302121794746824435 2.70463639734711058793 1.80191246963625495425 1.74821187235107933233 1.21353504878433993142
2.55300460949877727757 2.82233123534166363555 1.78671986484531464257 2.02951851085618262260 2.71728975833991714950 2.48982999573250829428 1.52029916023808642223 2.24636103800452158197 2.73383104710118463032
1.67729636745275523246 1.72660056463807065619 2.91562575618334252070 2.98736194294153056816 1.96972300219487550521 1.39154326910533532313 2.15620278726251424217 2.44681849214603941434 0.47594947183529601187
2.85665194749303541499 2.68970697076029185979 2.76313969194141284547 1.75172068645082879002 2.32029964752517381399 2.04710621960958016885 1.93420547243217666455 2.08276764130295788391 1.95984656737846130170
1.88407812343621050566 2.79111297521951229328 2.02933861377752622346 2.82551384512439796026 2.62685910163759217539 1.11207253400444838753 2.98660638154644919595 2.77807126175019947212 1.15885035246163337064
2.79061466780961797696 2.82489729598537531174 1.86623798732590229221 2.77225049190033612234 2.99239279231810950677 2.30182165342961742027 2.22877642546462073625 1.91308432267201511401 1.79376516610673397700
2.47445444836130512556 1.91704038644816998627 1.22352191273985377862 1.25200258423827182064 1.35072078526761085726 1.63957102184787473220 2.94534482834490507486 1.31439101004565617181 3.29828926435005698181
1.94726072334591138180 2.72324641934704647639 1.89646173486577351852 2.77678916119650232019 2.53633394359269326301 2.55741939902517589900 2.05952276577127024737 2.96843058222800415535 1.26363391517535594843
1.63540852913817391645 2.51366464089339824994 1.55258327907570103932 1.90189166427398781423 2.94018432914991656446 2.50256147541092577313 2.85757013367648760038 1.45169098162479115466 1.50785139454257866021
2.88257065521312405565 2.08672974653946319279 1.81352764217604289776 1.69136220019517091728 1.10126595313290920330 1.62523191698307734043 2.81406816804701520596 1.69434593311557635253 2.09728271374154795481
1.04236447654455832712 1.33112320920975379934 1.39301980107086564864 2.84736011647357889487 2.06933862590542982929 2.42985348051869820551 2.03551179103859691821 2.37071026266358275691 0.47787158775647731179
1.37885793044057347601 2.81525643388529411837 2.72974599527863048820 2.53614974267615078674 2.09071441768535049022 1.16881806753885131300 1.87751252084223851924 2.18439795053531948810 0.78148071887548897774
2.03581439626086968531 1.13005825489167954778 1.19931465713508034199 1.75080803090791525811 2.65999641687592713879 2.18252322079480087780 2.48076142722493520054 1.16647647172769519663 1.31961113034082644369
1.58095377930818958845 2.14575533789445760391 1.67861893079029278475 2.96341079495614145856 2.97764621883796465340 2.87878330065773990754 1.84324015113225181395 1.89350100166415558078 0.86516105789776776014
1.84752596217255971034 1.38718519756070990390 2.85881540334132733250 1.68147213967519948419 1.38612298381424570159 2.61189384000253177476 1.28867754145643842456 2.84529065369207367908 0.88261107301522778723
2.71555655589951250306 2.08915785231305672909 1.37566765339327923279 2.17991248838082229966 1.45190212433317977769 1.90382089399502119065 2.21444114339928699309 2.51143004491082155738 2.24548987793814225356
2.53225764805864805851 1.86270259219719536148 2.09312999325023296748 1.43678320340689280599 1.21168634592455148891 1.41841021700036229447 1.24186818502458229396 2.16156927485582350812 2.57657997128353688510
1.93200793124635383791 2.51923092936595871549 2.65668146645661673588 2.97771848643618941566 1.67923442023772850895 1.77571098237009161736 1.33736657903346722875 1.86420744804534832539 0.85597633427010388907
2.44240754776794322112 1.43045034918458080497 1.64346791838838424127 1.04822417177846527458 2.05021920849327665692 1.93647126182342921297 1.51462825972285397569 1.12484407224664417768 2.76402581235918054503
1.43198561202090335343 2.96265368364346359797 2.21280190358054351663 2.36093711290942653847 1.24751384510871909939 2.25775688975053956398 2.61321975481300761146 2.20441675431001904428 0.86095854580579445070
1.65313009362461627028 1.62412325276093816306 1.15395715711768254153 2.42055841348665445878 1.98390229359259229192 1.97109354056635321939 2.76656319231193403851 1.18435892676962617465 1.05339130775912082072
1.61328380972093121670 1.68058793849188203851 1.66727923637652697408 2.03697895637649928346 1.54440554272768926225 2.98725195064322246452 1.87215647967688947340 2.10537756922896424072 0.94584029138951741800
1.86255499116234268797 1.79610353070845940593 2.29362641421306800993 2.33736229487106772496 2.37218313107692146957 1.81164160841706234351 2.20571921180021224274 1.41612845572329915100 0.75642570045942858492
1.87842483276129779135 2.71541767841360481839 1.20525807324831046863 2.06710808917163202381 2.24955015173488392932 2.96114853563397462111 2.05009464107501671037 2.60549081848537644746 2.40240835646821304650
2.82015279067726876150 1.14328552409622807851 1.40364106129367693931 1.40454571985085574504 2.46224189505146151546 2.28313616743872271897 1.71892356568075199696 2.53957420768244812592 2.96139363219738438460
2.29082196521788716836 1.59230258057497842117 1.85560188588836005863 2.38897797389494481735 2.82193333441632532299 1.66290985352404496744 1.53657988414178658942 1.31147018168985596276 1.30995143001422675866
1.74852769408883390589 2.22449155029468847999 2.20178581317342159096 1.86407237102047962374 2.55467532486663717606 1.78366929224708292701 2.77301520078643592981 1.63815463407153716346 1.07767707542081581096
2.59887771035478465365 2.46198794889702909927 1.76295425053427146089 2.05717851738587320654 2.41390179677902594335 1.46349035984413400335 2.41689488269804275689 1.72732976498345780492 2.11375654371899646122
1.96633368668047414651 2.00124358053519557643 1.31685586292295009336 2.11401990903161518531 2.31341361116078214621 2.47497752613474952810 1.84639842188078073804 2.05610330523919948575 1.81173174208636034166
2.39213564696933467246 1.17393051459323038976 1.88066367600988848530 2.14616288415163758430 2.99950056118425711915 1.32282526795429600242 2.21316744174759172381 2.21447488739362530197 1.30332794175006383419
1.32260251460619793207 1.67383329665866864566 1.21838075797728384586 2.07099291719176337168 2.98871670513898202159 1.01286565485840851508 1.56456512918534040857 1.92736711303910168702 2.09516919404848289687
1.16765597170178625497 2.63921979487437496914 2.31969941771982934853 2.70986476458807912238 1.03820810330820734180 2.76376097791043928709 2.05106730163460770910 1.02957215007942526341 0.50731988974932762382
2.80076679292591812498 1.49269380114343075405 2.22389037759959151686 1.19349661300423304233 2.49859346060470155493 2.37533849539815644647 1.62411882160044696022 1.61899734422991437022 2.25639393799338039415
1.49945499026580830737 1.58355292448354667556 1.04270433508722693006 2.57042560777117001791 1.96030062848939001796 1.81932624078100557696 1.50745978769567723354 2.50853870085552532743 1.55137039978880864055
1.74267030353873408899 2.94380147056214447332 1.49324453636533638345 1.01497734332570055393 2.58341854969446993451 2.97474838886642167779 1.72771142685517631321 2.08452014761888637651 4.08215341886646854164
1.94792281467839312192 2.56747515521561853191 1.12753834656817786275 2.24518023360993046467 1.66536669509386059396 2.94990948417156007011 2.44614479858917999167 1.31299458331832386015 2.07090492349443922038
2.94052926301460537672 2.06713090720805059419 1.31418691070696325163 1.02371359240611825570 2.75071249900775516295 1.14840209921140323779 1.46794180261710871527 1.41370861261586533431 7.95277803896209256607
2.06377189374681613288 1.94964192580848960645 2.48250563600915485907 1.96117188827638733173 1.72996007453784295116 2.99034464105010755475 2.93093413843610051117 2.37981344197019062392 0.89437492790200845416
2.59023186195510835006 1.26372475154409102949 2.69602618044342445813 1.72098815779247504842 2.43127832622784634253 2.68785536399258218054 1.03845103558249096665 1.80151990890623925345 1.54907921828116101892
2.57482653823336526955 1.87326391271778591729 2.45768393087478820291 2.11110427485778906487 1.24140203502605084296 1.96232359945962464565 2.66126900772905372605 2.31486656432867121680 1.03224537686182671337
2.91453458344059646024 2.86303725212703241709 2.14494086541322870332 1.68023156826756103754 1.07084952307392899939 1.12852376981793978139 1.01568352618414348143 2.12391483932653457600 3.89519901653475875136
1.38563685271618353134 1.43521420565521973245 1.62087586456952470471 2.58050561651594367873 1.16126292779396300681 1.26607204769046810533 2.67661300772007759718 1.18290902767316419286 0.52562772778153432629
2.56906399095932513887 2.79416812113534529516 2.94222132051340867775 1.78421691307966834295 2.38530412186773110861 2.89442130454832291520 1.92797728340093454946 2.63250136567983528124 1.65305463897846594001
2.95888206811539733465 1.53023091247244846791 2.46785990555161482973 1.88239234157010226767 2.86028097494473199092 2.63286245417332320784 1.89673448275763334436 2.74309190069393071809 1.50226190158010419751
2.02733418283105049085 1.69687171431876437921 2.23089834344885140638 1.21075964541908431826 2.88049046478549808370 1.87050215384685869502 1.24007886464255512315 2.05605572637519173895 2.81897925537170124244
2.61270044598684858528 1.13326329363857247756 2.05003958005914999063 1.00774443007829828112 2.53622589717045654467 2.84028318499270682196 1.46974128396756520409 1.72084642130938680893 2.33283254878317247716
2.11256089798038981797 1.60418507846772340208 2.13874044221217118888 1.09995012476482845187 1.51790328344578595576 2.41167954146160479212 1.50703800394444908939 1.60908797593757824096 1.84100111214927775194
2.40166775611233118681 1.19046769231540561229 1.38066950574104341243 1.34058190957233147600 1.00807072583198831239 1.65772754515402076514 2.55521961366940253413 1.07965744951791808859 1.67518973882990751534
1.70380353222506841782 1.37469921359552382789 1.65233561470996526133 1.58616139999945149341 2.86335206703027811415 1.96431642241897486123 1.46009903211308622595 1.26774308310099015351 1.45719182926041002091
1.00324962788453486695 2.77620076884069710843 1.07685979598128978019 1.13274151841274672847 1.51757048722319343170 1.10039949417993399017 2.05079022902201835166 1.57135301084893352908 2.70712451489465655285
2.83370217650753808414 2.10183006835145391733 2.62773482074540609688 2.74226185253987075896 2.92435191545669148638 2.47699643561863336316 1.38367775724944830351 1.33606162345879853071 1.15051993542763808520
2.49684001791772613998 2.56525469753197032929 1.44832688847929791365 1.67726499054854549797 2.83514930731041303602 1.38535293796131986355 1.86043213928353767805 1.80556593527462783122 3.73394830858844972710
2.16872652704689361514 2.09459221845802856521 2.25088584746771758205 1.87692680684596568952 2.06816493891558028650 2.28525201968408797626 1.28130384298848509772 1.22596248008953923048 1.42215410277474685330
2.05669397097588024792 1.84990214616598147579 1.58143783363039025502 1.50745925010291070834 2.76004104504542802090 1.91946480876475589206 1.78143052265413737167 2.00579867009027257296 2.38002906264314439966
2.13849114797049200121 2.79393186590817954595 1.64780305475823984906 2.84431572272190891226 2.58284196457054315843 2.59605445473007012680 1.43307457587533759735 2.46001349720124995457 1.81855574412320120103
2.27832362032255408835 2.87028046023271432574 1.48149327670018449155 1.76890415019000868391 2.12719329259174427804 1.39202631158114664700 1.31318272581991468684 1.51124085922661288706 3.65964626025616279748
2.16577389401844833117 2.52678706803001285053 2.14772127050859928943 2.10972151682958752872 1.70093052457926807719 2.01001219217495386005 1.54022274451115603888 1.99741037927590658896 1.54831819174138818340
1.94266769647018566758 1.01597767848949027680 1.35651509366518219224 2.74101248155510912596 1.92978695322435411796 1.93174029692648807632 1.38495464748090535423 1.92233994676618036301 1.05391714362257005178
2.77568505637979612288 2.76545341760761509420 1.50815690710371441696 2.90130375286391828382 1.80786796504487590198 1.03929583721824725373 2.52337281652680722743 2.25189519855007258542 2.14452186180303971952
2.87201883383856015897 2.85308856596931725846 2.13972383259824550095 1.45373758795395957577 1.84855777233020912576 1.20865313056192058561 2.94416506582756554167 2.94903001745580706228 3.11469055844525755106
1.53369565350781966728 2.66261240501553686499 1.61503185770032420265 1.02123345100264661944 1.33489568101876665551 2.93396463119637385120 2.19337620371837704880 2.77914740199477350302 2.72035053497855150439
2.44588397698239301548 1.06134261691987674681 1.19440195164015250384 1.27917219469160747813 2.55480830063120034623 2.08766203361561686336 2.35456490895672176933 1.39212210649979839516 2.19101071331140051512
1.77421532559133243723 1.03114436424891975363 2.14746425612111924153 1.42266846139971270269 1.51442182605143016438 2.55849144797948513386 2.39441652436910601409 1.62731092253168707629 0.69638854107852710129
2.08332380061730759735 2.15561918032639443510 2.57533958620061209643 2.66208136165392783568 1.91384219691579349210 1.76476345124283562349 1.25443633495929685040 2.93396577223072263507 1.26948621302840880531
1.02982101944106108071 1.10636066329148818888 2.31069200004765873402 1.33212194476471124105 1.12140739140131895368 2.81228699636029144671 2.17890569401961142759 1.60160912956426160214 0.41515029910615458553
2.30422699774075301349 2.09185618415389207314 1.43749528660103154110 1.77433690165036694886 2.70501256828037650592 2.50326882185319377072 2.56288376525223648983 1.07520503589116045440 2.04959490866013993582
1.26105875383867882533 2.94163255736271000984 1.23803333344758859091 1.88737572079182980289 1.58459359237585650781 2.20721921427032086171 1.73298924687586208826 2.03039329501516530030 1.84951278845419819774
1.56463058728050441459 1.45759387497758163832 1.84432269665929426949 2.86125280355187783243 2.92731663484731496894 1.19598793279703441428 2.04864445111294024571 1.23116649505840491940 0.64505564842407880910
2.09483622573378713838 2.61705535863731064694 2.88000070204355562709 2.93780480218707218398 1.21343890030474188535 1.07433906206434004460 2.27981865265557370748 2.28835042092768636834 0.77108014335742880441
2.86273428072846947146 1.71399225954445943998 2.91800963151914460880 1.49373009557818781090 1.68087872005901473038 2.02905529116168281689 1.80332040568854301554 2.58775175522873235323 1.55867545850030109200
1.26267700528758508582 2.49696109301470858810 1.42312075853678043913 2.84937896182986261095 1.53249696712897809370 2.27233763290989232431 2.04942814070460332943 1.49184955891178017140 0.85211196216147400140
1.98817353495496917937 2.72631055772509212076 1.34216052156445009302 1.95921699921008873879 2.70154177173140874757 2.29453202436369751993 1.53617156845664482034 1.20265046357923277576 2.51498167250259241357
2.99158435309140413594 2.59716235575844223149 1.36665621782078328117 2.70130083592962844108 1.24256231495858893155 1.74077731014267689247 2.98721718537868419219 2.24454416922083144215 2.25008478898599806328
2.71235310951262320600 2.74244572090815941223 1.12511650618082192921 1.53077803807743006992 1.18295065022381162834 1.58707727942312426528 2.06872960621404056170 2.96693187908755628968 5.13269049476459660042
1.49949698589936053494 2.34482543418361100152 2.63242278645893268418 2.97589671569419600416 1.21796520273495700870 1.12770331188046291082 2.57206150380008136125 2.63558101089107310600 0.53119255889044458829
2.84737113567869259967 1.97254024603558075768 1.23407906037608294803 1.50539626771324153154 2.42594190071047144386 2.73523807367983717853 2.79683020571786844499 1.36308063496519804580 3.26014249530131960952
1.69039291398643221065 2.45907001244786727057 1.40417489653009930350 1.37833764992538965188 1.64173525379149043424 1.29555575861939620275 1.14875875210037103891 1.74403507733998286433 3.61044061760024881380
1.49035438973193623546 2.81777891448021655663 1.55679926163604376299 2.54955693369868541254 1.90619530167448991698 1.22873271703655317921 1.75310768703383068612 2.62059006216333578720 1.55472129507117484692
1.72250348259599883605 1.22133856919432681742 2.33439627205845923186 1.28074195042870897510 1.24919457304976178058 2.93786086496953835479 2.87857235920168363918 1.48159676895191227963 0.74745776019596155137
2.88220642273661820099 2.72142894727619299999 2.95338611989877630748 2.34568402051627256100 1.77745242046092366550 2.08821596915977902853 1.26992691907472754487 2.01799614004089900021 1.57534338796865025500
1.18161606657670836817 2.01390771210934893531 1.58977739461407163724 2.36723230928007044582 1.52758736930190708314 1.65373211028237943054 2.83953319049604724356 2.27424467349354308965 0.71412833911712136903
2.51758688923773021884 1.42358253012408408900 2.79152180578697839408 1.40080178542045086232 2.96158945696738129527 1.76331147683875388843 2.57978105962848891508 1.88221451455494870331 1.22235582337233239514
1.49454897067501257801 2.22545237529231654250 2.41847781630322877788 1.34454452496109566617 2.07427881137139502599 2.58043778648247279506 2.92913982149588170145 2.00168373649799846703 1.10904309026943281857
2.82774750457527934699 2.38989313096257660618 1.07609847536102654075 1.98577857018876979822 1.16066759537415697956 2.33449910400174331926 2.51054212068723003881 2.31431259422258595038 3.40412065445891887094
1.62106069828446841541 2.21853995110718837935 1.16485985534911229422 2.27774273339917554537 1.03280357501214381521 2.96639038217232897665 1.98103932647469305195 1.23553659663448978101 1.42243452724053254244
2.90792633272949618828 2.18005169536846521439 2.24621289247017408286 1.60706643464219500750 1.91703996451524205646 1.18039072349564344577 2.62032452997624165647 1.20961016328668469200 1.98664873139922915080
1.62071073530405662666 2.79256554599350925727 2.18764074680054143585 1.27410247690689470978 1.04463606722876511945 2.37452980819374381838 2.98960930057127605153 1.94313978534426867739 1.67939943982972517134
2.72372167872645176701 1.77518807163725389486 2.31307413340139422786 2.88482727366754643228 2.85967262362957796995 1.10339731670339502578 2.58723172916817656386 2.21036268621041465110 1.07392478152935311186
1.34275074436709029868 2.13470521152268633003 1.48382491452373255214 1.99942975641225828554 1.21259872738230911615 1.45640501479007156149 2.73038138990451217936 1.83759796508276584959 1.05903483643997531338
1.74745967728570983368 1.23339149543250248264 2.36370904344124976859 2.60039979961099421146 1.07395452915389055804 2.76346385673978911512 1.89886321370988175872 2.28343531353272499729 0.42061923471103773720
1.80551989681014113387 1.43114023220748709520 1.95257381073689195716 2.11195665845100011282 1.90076450013904652003 1.38169295008244530365 1.34102394759287202319 1.60305486219590220820 1.16351284571084301334
2.01623242842069938519 2.19142456131249740992 1.81886006525140309087 2.60142951766845875738 1.90283627227409790628 1.78363014547455533965 1.36460974460519146589 1.38258840034525731788 1.27132588822297210029
2.23355693020578982555 2.75254953134478785870 2.90981012150426376905 2.46793108979999109565 1.86555083594272308467 2.46958215790369717269 1.64535678974430910060 1.24289956201626794474 0.96398923603930697368
1.82443008820089214161 2.85682784815839685422 2.85400189450956442982 2.30915409113951985987 1.68433713494940806576 1.25244303538874679482 1.25543792963710920674 2.04877847398259538281 1.27481277555258332157
1.67974425449187125814 2.45394405773411694582 1.16428142995076844279 2.23663775864367142532 2.71864695957922197778 1.89973856608021351988 2.28771112380847263523 1.26077218755155873176 1.80527599006484829047
2.97257391916650526298 2.01167964170363600118 1.34984840783568094125 2.42725953485605527860 2.33293889165022250154 2.02935488922949058832 2.77883356552924709604 2.15011758536572683553 2.11552674020794295728
2.02214387524017569220 1.15178244784970695846 2.02074205938551720863 2.30430811392001455573 1.14826269566855421189 2.64176619614097507593 2.29762543641252836579 1.16518149078341881619 0.54184771764248174097
1.33415737191708738685 1.30239622859999193416 2.18066315360791929123 2.00561394861138353463 1.14587681225357429504 1.13176766684860807821 1.81277164437103865957 2.39321958053805516897 0.62222645207155691249
2.05181236408532630122 1.92027809511626412764 2.57455458766359956968 1.73919892131665165813 2.42746572411086258825 1.68487541203113755373 1.00134358735546880048 1.01806308265698364224 1.55025133123212510711
1.22196727145943184745 1.44588222800447563365 1.85632388047393503960 1.33734541299245046631 2.72927530633225146062 2.18026995304390869279 2.54950154923306948618 1.72845774859973966286 0.87554742676191366080
1.55670531565023795295 2.60027027916247899242 1.50778007518284362654 1.15983624461372603065 1.58570309030402389894 1.61112997950090508503 1.55936255099621323694 1.67523507834164542274 2.91826962433003656017
1.55791357302949862174 1.55223430609171830774 1.17163299254538433303 1.61079077211156773686 2.42310329339382102276 1.12017858160995453787 1.77350515416875498254 2.41248015675265126134 2.65096385482408969381
2.53028708675217828272 2.33165275577287145481 1.31538088954570664413 1.42080455495758273265 2.87253453545072190423 1.93411632724175697184 2.70883836757550877650 1.72604916284450871089 3.62979710713931158494
2.51745287000447692805 1.08534825188997330336 1.12251277547348138341 2.74768295201715462284 2.53696950285862143915 1.40899407431684564607 2.32240327048243067054 1.71005883293652827248 1.35183162944130108585
2.99685720214426698504 2.84574314876456835322 2.22970958424611520599 1.96245063870085489910 2.31097834632353826834 2.75664843138769111164 2.77186679627286736149 2.72464906467349177177 2.15262298764589488087
1.58235484072208221207 2.59691588707333131936 2.89977481621842869686 1.89523696110825490280 2.04082252738621416910 1.09664429525949280730 1.18187186388440856888 2.84933163219379537168 1.84070529391771087191
1.79478947721050818842 1.16363123377365740296 2.92264807181524766122 1.04884026012883535550 2.68735552491337026382 1.87069650535123233048 1.85901417180702943632 1.08741686649418434207 0.94596224750068658160
2.67206270988027494440 2.81371978581565374000 1.11359838860251558756 1.58457072142680144289 1.50783634818039002923 1.61138526097397472014 1.60831188678685177429 2.44795083219420561704 5.60174531693029909007
1.02394138716624971686 1.90463277993205237770 2.60945935376934468053 1.08746234322791868188 1.48005960404992165103 1.45425738858769149076 2.58947181927866187934 2.27774405669912116679 0.81200802305523178681
2.89542058978853145135 2.48798753161006125367 2.32767292143182569220 1.64813969905359658519 1.08730958627906382219 2.30741815347966472416 1.05391075217274576836 1.22959193566893820737 2.27148596248867296055
1.01396005873130179431 2.49604871263894256828 1.37855395354904985972 1.05100635904836625656 1.41083877889034448039 2.36281963329810817953 2.16754469362580604042 1.42743999514590180766 1.87376453825140210085
1.45355187394653428967 1.49861632468893613002 2.29081467315810050067 1.88935677341355678927 2.27617843180406165260 1.28768486350190802803 1.68594901945880093486 2.82563724430284768374 1.09342285167157804437
2.78454789112948031260 1.47251331968944865203 2.22556327241104900949 2.46036393163330657785 2.19602521109214654516 1.32154536930110588777 2.77113309814528108177 1.34472770270110153490 0.89679079373664571939
1.72544285541653730220 1.54637596971664126322 2.21139185527330939252 2.90572226925816012866 2.61958187041273493634 1.16460393649419713391 2.95520444491507161544 1.43792672838813273550 0.51468485955738785265
2.72005579626391913450 2.16477919534825380410 1.20413504211718835890 2.25913960732964280709 2.87621073209186128850 2.87345263403692996462 2.49890974710533164682 2.47480621762430530453 2.56123560981084574806
2.64148344094824549799 2.16727338523768242595 2.63294150324682973974 1.05722577450901811247 2.78909385118082120414 1.21475253913192471344 1.50536368230851635985 2.56969466339750596262 4.52727284687302766741
1.42455437408433827073 2.26656458841870556142 2.39074657094049092265 1.84627081001193471543 1.19253375995563515310 2.00124426802679877824 2.06525780338770204025 1.91341459409811931458 0.81778074477884110660
2.50808425374728827251 2.64422296479879914699 2.79666065306877209551 1.23777738239278356502 2.25858679020491504019 1.95328010267949947476 2.04835633242642067842 2.98904964946190787600 2.51266886528856092653
2.04254530332171002627 2.03329375790912969535 2.85484247310696570565 2.75838232779143144313 1.14999291667360070690 1.07603436487879844385 1.25366684234067826686 1.51217549545906404518 0.79410571134135099491
1.05592814729751283132 1.50025029509079543821 1.08960666241100145868 2.94232941097033773303 2.05877643079083760824 2.34473521194685829983 1.57204021198916477076 2.75883371286730838534 0.81696494250498941092
2.32855090514242002442 1.19934704142901149559 2.64930946256585686527 2.17535567673004681666 2.91235359654737369084 2.03903573597455256561 1.46327689347810951936 2.71491982348150839854 1.21630423774909646184
2.40448269249401835879 1.32056175953453913685 1.17549309494863840619 2.89740787871386951124 2.80661162056937429909 2.73561948435480628561 2.11098898768675091731 1.43213317940069262413 1.16506082479113159955
2.42782405146086333048 1.60304576382126695577 1.19699277154160088621 2.13555976299845795552 2.71298381139442135179 2.11240511856585833073 1.64034809636806744315 2.11548804608375196068 2.48151756965524006304
1.70634736169488387958 2.40619091899611703411 2.04493966426433049222 1.57659250226443048426 2.29323355625531899449 1.54191370066959199114 2.54727727202534737216 2.83655749271021395685 1.61760403604578417713
2.19461493715445055130 1.78386739989974296705 2.84172581420304570798 1.24100355726387712174 2.93658490614148348641 1.97454553960938805623 2.65128410859422691814 1.62716134566905523684 1.32434725445480272477
2.31487189733551756987 2.98713677174739489217 2.04397179443778664876 2.21936457466750702849 1.11744125623945356196 1.24623971518195486574 1.60119414415406047247 1.14071614746676552876 1.72790881393294371016
1.75344368395510397107 1.74086065648668286698 2.86233601904804935145 2.49421888832341842601 1.16851534378489185784 2.06022654245391079186 1.92389388716620102215 2.32178403341029859774 0.51494426023694750416
2.46699534206130888236 2.30707832308835714130 1.08154958367451570211 2.32533512295217459354 1.25346919037690929244 2.46750424245688115832 2.30737908186744844485 2.23141166457988537886 2.47192333945709119547
1.86274953139088772502 2.46934814822005632706 2.30676455388812229330 1.46586039548411850575 2.01072193422404410512 1.82716541075993932353 1.91193437161909640665 1.18403993913979133090 1.55667949192373078482
1.84495072652713121286 2.50691478113300103558 1.96452869456003842430 1.59230720454535989994 2.04844655376596307406 1.87882500475703828613 1.18342960313171841058 1.64443441053029415500 2.23359979007646813898
2.29297814091937102177 2.15644971261095541593 2.94045258849711732552 1.47307086322012992241 1.31590648505496954357 1.42704338511642569998 2.16508888631360996158 2.80834136428028191546 1.43401487483644229926
1.05536086175696364187 2.28027201795745870783 2.87295699622334943513 1.41681209362047133560 1.05683932321047402425 1.15303269022067356175 2.22074704082685947526 2.07048171740920139428 0.69098615662762519207
1.54495605645327627187 1.52929177923141002005 1.09746547263984917109 1.86090788707120635692 1.11663312641607115339 1.61219460051748342266 1.61368357285198427142 1.35863654823159918372 1.43026221223511762481
1.81015146921461855811 1.76343093559719621410 2.61858425224966850919 2.31470562297547521879 2.08757503773230368438 2.90537253116729488056 2.29178926690947815104 1.10696845750394623487 0.57186163738641693222
1.42758075243788407072 2.42663231621814112771 2.36192456950773221891 1.34978603232988403349 1.05273782980632502060 1.30352927468349855111 1.82612583171444620156 1.58941441092284252434 1.25897337081419968818
2.98841460460075492023 1.11342570645366745197 1.51733656119028759157 1.09040678213687725062 2.16524000243477798833 1.45373135943483600130 1.06386993428608245260 1.74780019786817408800 6.16547783727669340692
2.33220648740256653042 1.80976260221402474038 2.11064527639120669278 2.77505248031445361789 1.90980420252626070798 2.05544478763417259870 1.63912815534948985707 2.58763582440315254019 1.07693369253610438108
1.53259156637933258160 1.68066761652405438632 1.51624644570788524867 1.32976016534885554954 2.84030625375798617682 1.93645870553602295061 2.77356997986141351475 1.50753744213746099234 1.49600173373625700002
2.72550405439569409793 1.35155683272464810507 2.31196673045856027073 1.10449757589451702522 1.32027754579920042488 2.46914486498198648690 1.66498399673552044398 1.56579459928804021196 1.76491758676031373909
2.46786727834775465595 1.12359834684570514263 1.96108798471241851935 2.78125865891166235144 2.15981148476632123234 1.19830765671627226254 2.35054006453025987611 2.06728393744922556152 0.81352455263612444281
2.00204284470306914656 2.28699485077175435066 2.21935048803879730883 1.89090618555008505020 2.91504271157381733559 2.90288257427523888055 2.21708399454650395555 1.65727765542525262710 1.25256415360624240307
2.62291251829751193014 2.36326591592662405006 2.37766118078533583713 1.38558614297994586728 2.71678672449702407476 1.17511883641889403052 1.44754136553629297879 2.99631016733206578806 4.51361626792267855990
2.04049779408289477800 2.88196800005911590858 1.64445251890794108540 2.20276317397489185268 2.78050549437759153548 2.29055326688068561225 1.11969619875731107861 2.69702935553855027706 3.09444956507141100133
2.96465354369174605154 2.51530696723848512519 2.47777195864255705970 2.02372509557203050790 2.12727798011769619890 1.46592983343115701445 1.48336127096375047785 2.64526792647768527189 2.51859026743136737991
2.87716321142203046435 2.29086961348766404711 1.04138024984022892205 1.87875715261526066158 2.21710286565453174035 2.09274583948512082898 2.18801699185211084853 1.32048911134983604221 3.79859664674200736556
1.35902584282820715345 2.63075449581434739343 1.42939563503836586378 1.15555240622441779408 2.21008397877688977928 2.92788879989894335054 1.22332540019035107548 1.12775771532415958198 2.63256939373547904637
2.85353189777105198388 2.05397017977518681064 1.84186220132554567819 2.39449073117744948291 1.63276521903920190937 2.95123084596160722981 2.57541891931483046818 2.21274036601111845357 1.44836108291655785152
1.10922410547883454335 1.48113179479773293679 2.25351629337907288786 1.78095963491835362902 1.77004811196394196138 1.07939741936699751257 1.08072856380752591043 1.77244273570043886501 1.09712947336701893697
2.91398536064024948899 2.40574164364147069506 2.95112583802502204122 2.44024479158852436456 1.60818367131223904920 2.49303002253018046730 1.01239587785203366543 2.56669847598092815133 1.62710840559444269715
2.48263578147932495455 2.30897467891026675346 2.42989932307492395580 2.15766602705380439176 1.62247732338146888331 2.36906849428189669737 2.85216714154838246742 2.12482125412690781019 1.17805714057163402053
1.83774203631732913067 2.18980339519852584829 2.53646727502470392679 2.12410541962015209094 1.80067110229038829239 2.58699790387249084489 1.81926147933786541699 2.12481240506999036199 0.89935971696347782878
1.39007763575096343622 2.45691454184308266662 1.66243156684894621833 2.30164419099781447642 2.80952340610443052071 2.07335467104468174071 1.93522984134183317906 2.20515572789066549575 1.18244133045468835519
1.71054281533189223019 1.28419499828845040668 2.85719061098487525641 1.91049321636913127520 2.90701071280577139078 2.37686132410626793643 2.72856445540433467656 2.78132782111546461579 0.54559843188444101525
1.34248024762880913130 2.59454121867979070615 1.58780323014669844106 1.30940722665789599510 2.28329416913774618791 1.50035862100583461398 2.18198859913357345874 1.37254927391812131532 1.95860402134721511835
1.54823014137622627651 2.23741497074550999002 2.88679271327569786365 1.39608234180680224057 2.44269821441707080112 2.56356967846256678101 2.70473544523975562015 2.03860751697189446219 0.96152298074733244526
1.64913397494414137867 1.77131219720159061026 2.94985517723057633077 1.97346532217434011969 1.25440939702994036509 1.02000106763768072504 1.64487000444765540941 2.45777355762513005644 0.81826638451852029554
2.96588805947905953531 1.51301261961885358254 1.95037460173835763833 2.85066614373436255647 1.31501592770388575637 1.52173539598367102421 2.50711592837029684233 2.53342090449359114146 0.99290822723376304104
1.70937422662867977152 1.86215657639588338945 2.71649958210918152091 1.06937587447936688356 2.36747165541795734356 2.62293202612537434959 2.54308756622760334665 1.45864729342751764385 1.21554519429007923392
1.64499174540797832300 2.10019394575366824540 2.73055808644592001855 2.35305285328923119437 2.98955053078856902715 1.02622570156669912222 2.37218098425172829735 1.28755151010668766887 0.70835246395635775851
2.69351728428503633950 1.54050145545051275775 1.59235340095978084030 1.87895723863170172052 2.53614809346247804811 1.75166870027593368775 1.95681062075302114600 1.26334401134480600604 1.81687854802425841072
1.11790283212055219231 1.22655572334263518464 1.37514862492609890587 1.32752520157882192287 1.68078955003042640470 2.85640199217198231807 2.70933566492737565312 2.53891902063205998630 0.87573381639776637364
2.62184817650419921264 1.52076753803422848321 2.48597953050079567561 1.07352456780815752602 1.21011529258298833334 2.96679271712826686525 1.03452619531058420677 2.89876170153365730897 2.57937839830629567217
1.15909325550203679001 1.91469356634166354425 2.81240961954483781327 2.69274316810895042451 1.58501701255702487359 1.97607704636968750656 2.06678916151453329064 1.46660208509301615010 0.33520137280058553975
2.07216517137822897610 1.89887290237301131768 2.28166172462152605505 1.57466488469911669590 2.18419444547081242902 1.86870914480633731891 2.52316410978896055184 2.96153827948756109834 1.40875737193518046908
2.99568064956811852539 1.86795902487885179255 1.32842840516792559669 1.59561463563192340587 1.52745660000084737540 2.15901880019066094718 1.01317391395258726838 1.99113889627568552143 4.57939163413554517490
2.75123295740256823549 2.05582540465348362346 1.11263404025544332399 1.23292587224667893331 1.17317184787154427106 2.90092291571920890547 1.04895184590540790914 1.73500552371758032244 5.40205305346725328519
2.92640339332155718921 2.85717742445535227702 2.11599466281867076844 2.00179494594340612323 2.85750430961636592286 2.76470943691280623966 2.57850922594960030310 1.38927572312228675422 2.12316174896621934209
1.75461058697697525055 1.82565573274862913422 2.40641377945803647265 2.02152474233151124849 2.95197696016946187214 2.91704768548371884407 1.60290858847340711435 1.70298590665822335843 0.90042421631084756939
1.94858238280712137147 1.29565085622336217952 2.07396830265090237333 1.60329612598108828259 2.82130776964480434188 1.81222764061190377838 2.10520087700998548286 1.34293216945589444222 1.03570495237137305544
2.31547657652424243580 1.17677742438493693200 1.02038755317929608069 1.48379896688804113758 2.23774104254915151557 1.96999805668301375405 1.11214232275206725831 2.14248793917941471321 4.80881300131377464879
2.63863695217071025922 1.69965690373788902434 1.48359458165859359191 2.94451858818584000232 2.70115373296896610356 1.19488852269358503122 1.20035927139525822049 2.64763396743376322462 3.53566313679073029874
2.39167473684617970520 2.45219507801880887143 1.32692473090601215091 2.32955177497796039887 2.44539003030192869659 1.08966819690400984477 2.55072456124162094682 1.23164863041455485693 2.22600876146074133644
1.76781253148527661700 2.73135726260726530157 2.66399948446679690761 2.60595290655014544257 2.39442864035118896382 2.49918291449739715659 1.01591164453559690273 1.54474789065167561475 1.06068863680912106595
2.54790348237642483298 1.28708810394070938266 2.15185524711992659519 2.78389753882349921810 1.01271624545789307170 1.52731097994512476923 2.84798828854970498270 1.44047680732727845232 0.59751030889816747482
1.80933102599531969723 1.13588614601700088613 1.22468103621389956537 1.76346974278335499875 1.88361829324494545190 1.21264388805030098872 1.50411826026025918779 2.74133703597374278615 2.52844705279701997824
1.06281407613907230569 1.16070296050053922698 2.26706449617848404543 1.07658176514708237015 2.38131897263813030463 2.42493460499659452267 2.04097948777706417189 2.41706742244408445686 0.75356534170630884439
2.44038073811691358372 1.63876446172686751623 2.76515186529831513695 1.16475043808892730901 1.07221835045642754913 1.95534776122443409996 2.15060584706846968928 1.33226227097814087230 1.36139909160756111817
1.42521869519704824647 1.72643390560884313345 1.24008199009977149174 1.63537083432110819103 1.72128867476533020664 2.57260899215508365145 1.67482331990760147100 1.59365821261237150530 1.48043859091685048313
1.78936629953861237041 2.21637395936786729678 1.22967037544473822841 1.53417881348184104162 1.97841500099618672337 2.38976274504558183764 1.53722328052445522673 1.09448982740108435863 2.46591032280533184462
2.55925815881895823978 2.27816347430485821590 2.11482176065304994239 1.12538560556199573881 1.59956459218374069664 2.35626138915174188071 2.72798679776386077123 2.16289668596723672067 2.66192423458284377347
2.20876636661878178458 2.85259138546273360859 1.34902672870251461035 2.26321792482169303895 1.13054901902082916010 2.27288276880640482958 2.39382937033795117898 2.76514524914537584976 2.23731910106500908597
1.85898098436531977740 2.80967139153428968612 2.04215062023314786188 1.01725217540582524300 2.57625423300124278825 1.95143300728764690355 2.65138408265312186529 2.51097759016455057690 2.93626185732622957403
1.08276062983496079717 2.38881978899994429355 2.22004440103786837568 2.57180376777002894784 1.88828428425417493841 1.53253018168267285404 1.44878896750586161346 1.77857802227088845903 0.65101382069595492563
2.41038722269427774236 1.72156016010772305869 1.61924530753044160214 2.61718182103622964974 1.11677817443513704987 1.22647283808846219166 1.59934210444085933567 2.92411625995982760173 1.57123364457846470543
1.60424028515815964013 1.90616356035501355315 2.31082954058883238702 1.36519098778886149859 1.37995884612651353862 2.71907772941575576198 2.96321291168497857882 1.75686738387127250327 1.02095999835319073412
1.95161267733684984371 2.26154023137318649361 1.20274449055219845306 1.47668082009356971263 1.87499141582038175713 1.84999696968764704152 2.06073391380912163129 1.80548246045781035640 2.95855662062529711775
1.18656471974914268230 2.03987689538657601673 1.88182478175732104120 2.28004238980570139717 1.57152081850362135285 1.82738214058700054743 2.94101643326657580246 2.34172635392851002933 0.62850978825460512844
2.96228491114354053337 2.66782495629547877769 2.15304756750818926392 2.10115333765992851056 1.03282042933310780342 1.12965695878965299848 2.94412545971475836382 2.45113579645832668774 1.91621574582645237683
1.19989439174260592580 1.75635837344552969697 1.06698111826040498151 2.31865085885651645015 2.89777059293611838342 2.77944652984181450606 1.06858111514551734622 2.80418727765757447301 2.09364320353592692214
2.73588452950149108034 1.32435937034304340720 1.22067210832632921935 2.28636684530461131715 1.47625093314025956914 1.18775592996208390062 1.73205940812419889596 1.45536848071939362015 1.88931325843582142987
1.53827263262374924757 1.88831098904682814776 2.12505405053536655657 1.02436345063247613574 1.22323706174953406034 2.30646199861582168467 1.71553401672476479867 2.05067586947065239045 1.59552912239583299936
2.75295608859055818129 2.50191695124529278615 2.09739469448612148028 1.75980121597496763641 1.24907417464061021306 2.32527874099846521005 2.56819354998154558700 1.03495071076522959785 1.92894046310756439588
1.18564756628290446372 2.50611697033324620776 2.72109749788750576727 1.66066478323445076981 2.86794255037373746475 1.48732123058276610728 2.89695452484537252502 1.34064033665169746179 0.73837414885669194753
2.03300404522813416008 1.99030829100253114916 1.56450171866230447471 1.03338248558789458365 2.11677402030598793559 1.86467102913917526230 1.68935201813613433686 1.38169261588406055985 3.19387870012999863789
1.68023152129129060839 2.49142245000961626289 2.18834579645011473303 1.59598680182006824602 2.58911698940446299844 1.12246262522504336445 1.42745965079393322128 1.00443201109819679751 1.74560326835525225775
1.13868749062915664005 1.30933216237498140089 1.21790291438320474882 2.91808325008560665026 1.59897323120475687297 1.44193502219268587794 2.85982102618398670302 1.12246600226544201995 0.46827407517625302402
2.85374938408414013935 1.36416059454580085308 2.10163289697298072412 1.02838210851050426697 2.02625329312086677191 2.31506705461589490369 2.99273398087613307084 1.07303364182366234303 1.93968925640888967266
1.29066476357659110086 2.99478684538544603910 1.92197229533272651025 1.71339129392426059439 1.87597573250249127774 2.37762094543530366764 2.60932453001076769539 1.65030103948583106721 1.24870536100647000488
2.48912274319069215522 2.96112628702164393246 1.11926695078676852191 2.39005983909242125662 2.21423742962609537699 1.16855465578468731280 2.78665515299701826990 1.90826069679162602100 3.18851025065981064088
1.51087966025272746329 1.51230092910639757342 1.62169114732683428137 2.19682268349028664289 2.04196703999034490096 2.71211449776773649845 2.11701868374207435863 2.02368767315370767790 0.78554338109306420801
1.01126278116227319437 2.18395866098245372555 2.96942931007930166487 1.14626100132826769240 2.33447507610540183620 1.96560122232130596309 2.72488718203287394459 1.91196145276350204512 0.73972362204442732025
2.78045957590726633413 2.51415270210073638069 2.93843364259626627089 1.42848389158696686962 1.69671078900963112623 1.16417323542573947215 2.21938232897492371265 2.85476790132394597777 2.22492240415836040057
1.67210560656456874717 2.13623664281808833820 1.15027779031340893212 2.59020386482972764242 1.64826888647717995084 1.11078358784703357109 1.78413768590893839772 2.49683994615835702646 1.85210202788633804261
1.12838550258139891369 2.67748221146219611555 2.05761235722672575221 2.29905585617507046692 2.48686764948326466396 1.08114265866984582409 2.29203856403851080614 1.55311024206235726020 0.80086999794459601265
1.23622852293850460370 1.62868894929335938926 1.80131673148336335366 2.36088341733844053749 1.14750495139313346549 1.37548946178326136902 1.79168750240826812892 2.96400699040593362810 0.69736451541022892453
2.53958450819228875872 2.04947986284253325096 1.13376978809789386027 1.29630265413430545429 2.04058913296749100397 2.08784791461381846744 1.49386728727264395111 2.45661974378767933302 5.40049717044622301643
1.84552286137411014622 2.64493466713300851012 2.13429042434400662032 2.11277232898127964589 2.81161870189174756263 1.27374871194496441795 1.67661004022358972598 2.50320069060476457778 1.88698466422845778645
2.74476407641001474147 1.13035121530536075696 2.23393375716790121288 1.57217606747118221477 1.52396453165969703036 1.20903745328759826272 1.20532088964125372321 1.51059608615291840472 1.90764213584643171906
1.05029613239577690464 2.44451629918407054021 1.14322539365255515520 2.87677363968504629099 2.39990088069378915137 2.50390000642555099475 1.38229128661657352239 1.11722170927432928877 0.95964372591065449924
2.78222651981762858497 2.11517093220517082841 2.30722299891010562689 2.86084337043121150757 2.28118694274500910524 2.42875248874598481663 1.73836389922969214439 1.87961670628172705655 1.13781658425525988854
2.88287302546172519158 1.81984910218152795558 2.13176936993854360125 2.99365949615126503147 1.84240362898130904945 2.40720678350228922682 2.51168688041678489498 2.36838378147561900988 0.95188813401693428418
2.75065516507981167038 1.55823862077285424377 2.71709204392266912009 1.03806879312300015528 2.97086085859475357296 2.75104775338166973597 1.47284396608982448562 2.25467326703876658200 2.61424762261537946273
2.73299929173452538222 2.01866267199103077701 1.77113298385767636844 2.24630285897255799199 1.45433114467546653614 1.38421743920468887090 2.45953346189352117790 2.45869040286266216100 1.68004820095315698936
2.81437822187688801989 2.40511755123948978152 2.25907149287663910897 1.65125398255021171856 1.12044243801137421990 1.88727252918567511841 2.65105785196639676116 2.89850268593724980093 1.99930131355511297997
2.09835043424794776001 1.42379844951683653953 1.19172979433627035384 1.82149975544565623231 2.15442617327927488091 1.04744127661165720156 1.84720627853003338537 1.96376669662685832130 2.52060017896637766910
1.98172391269215975029 1.75469748578440665199 2.63115498305930017864 2.69586115438302531544 2.47749442550689646936 2.79118836336214748428 2.41604538171247584799 2.48225134242199185763 0.59568461910117442848
2.44057842598160412706 2.27072359993208694462 1.44131382431893495522 1.05763599934368790478 2.10246819528565964674 1.52637830769891458260 2.43235334750783094293 2.93558882691828681999 4.72971049490085704292
2.52457000739242332088 1.05461404329684715897 1.57300192272957395367 1.49265387724975995276 2.17530313065979452603 1.28445658294306586100 1.65503460580245365108 1.56735840921308056117 2.17591264349126722877
2.80261070662115407970 1.50783809679617708532 1.42048333437823792735 1.08722030431058991340 1.68409869681388024709 2.25857162444308867677 2.68760642089782830766 1.86475691632849072121 3.08562870440753655998
2.34451605111601724118 1.91011287567101950557 1.83466933210455840353 2.19494541773603479839 2.98883621038836988504 1.31676558735319582105 1.59037501301815420440 2.86600509203626874211 2.60948491885299915793
1.59343000916487431695 1.65482042193532619123 2.53174735857941968220 2.93171205686175362359 1.57736089377740884565 2.41299527302686867003 2.91870168371744664881 2.49695229851717837022 0.39639022653058597623
2.64135292189822745712 2.11039027712799143188 2.28197442103252168266 2.19046212015492658409 1.41792367424434928580 1.46154334409572750353 1.00975937293428508212 2.15095381673717644944 2.19664885083135930088
2.90631844615623080585 2.95938130552674927287 2.61477767791230153449 2.82378236846916985670 2.48163394344639698375 2.64732527317978227899 1.72444551542890089912 1.98133635111575956422 1.41071991542843244716
1.18745756265912882910 2.46438166773923494901 2.48359270113839114558 2.31555355596766698767 2.24335133250784579673 1.91940489051304385981 2.40966175998631282340 2.03405761791056960419 0.59339174153651685906
2.56168109623845552392 2.89609812429196811223 2.63508907497069744252 2.61894268560617060615 1.97023497696134519686 2.12836631094573158762 1.66133590196117308935 2.27292486909098911951 1.35799462015336502851
1.84837985187368025741 2.62360981126554282383 1.56879643904881893590 1.95977144923481194638 1.80111461327259547716 1.68116344742811141266 2.89506242113813083705 1.80397345147693943801 1.71594751203697981623
1.99178867667456960255 1.20417798626125649442 1.19261492448547445910 2.88846644042647238138 1.49997633851152611939 1.39125977292733371549 1.94318919568604764336 2.95436097947743459002 1.18398837381798083257
1.33599362080673778053 1.54932933025743868605 1.61049187689895156872 2.91797299554585887194 1.61124958849387356352 1.52741176910003217948 2.32099406042179445819 2.69070021400568526460 0.59025383720874546878
1.04149625912831189645 1.24085940702315866702 2.30461712500323079311 2.37742794364365206405 1.18067685865518634536 1.54924174626352861850 2.74266643322774594793 1.71244684935610069765 0.26884955743095967362
1.21357350267694097390 2.77528801002111258356 1.88523448866237486321 1.01521803442877045498 2.26727281886356379914 2.11072147219370886972 1.93763487862022310004 1.92512348174312908355 2.10898779513887468795
1.30150425950666503994 2.00530600833818617446 1.98167574178522065687 1.89727543520453356685 1.50118257122530751602 1.37749826153512766602 2.58160110961729394319 2.82549988459395251539 0.85410036823670676398
1.47813465762203022358 1.48907769667458578233 2.87501379461735062648 2.48574516080956176012 1.47270110253818464763 1.09607371297364397655 1.02840527739293530196 2.59111288006044748755 0.98883655342745946371
2.93225810239784046018 2.76899987167773709018 2.91223888244944806303 2.69037596744566354090 1.79820050393878716477 2.11868154386136531286 1.11720219974515311279 2.02248130610242338179 1.55100089828801035452
1.06774169907939331381 2.55533437651519879097 1.08892431772693654146 2.10626087295173647362 2.16035831071026063199 1.94529094767627408480 2.19467453855520178152 2.80443261087953121802 1.49063340637257324417
1.78425356186881267639 2.99498040404150600580 1.10407101812154007092 1.07484886271273771818 2.77981368879806778338 1.72235136102105834688 2.97676319075316309082 1.45928010260092522188 4.90267179719106316327
1.69751167567672101022 1.10689032609852322508 1.76564636185619816544 1.40021625577825137299 1.06303877435217830616 2.06867036771228240966 2.00672369517509974202 1.79419480401997022412 0.91721356497417239062
1.26366017734193625266 1.31488299273921271926 2.73617652788433218802 1.57989196193939207546 1.93238339006839465739 2.21465696865030015061 1.65742810173530252804 2.05117843702872804101 0.57481626027813148561
1.77737684548275232110 1.42686945751110316749 2.71611031100282929174 2.83799517330394079906 2.83581148759956569450 1.51561525779890549082 2.64909293769668874319 1.64501126873561664965 0.43013744613962323626
1.09627329531104189542 2.78398295063960699025 1.57051531584113135409 1.86928996591656582105 1.67705144042050324771 2.54647447709140761773 1.93488204326762214258 1.84569006528370915809 1.16084372420125614411
1.93372023130934622692 2.36154993067467522394 2.06758732255358657071 1.74927511641407784637 1.86353185394452758317 2.38620281707524917181 2.40654450246240880773 1.73988358941715959283 1.38804802164658491748
2.68018360707267255805 2.02390596550654500163 1.42745982191614340095 2.69888918275673717062 1.47663063282779138952 2.17832486944285763641 2.30040622119456417138 1.87136974583352744261 1.57477963657250619178
1.01456684077030079294 2.05770366118473102546 1.03812487536353903472 2.36363056434832863317 2.62066700472412694722 2.23595521863732393797 2.36271737394270342492 2.90922215281442042567 1.10336694656475864385
2.93459092276238386887 2.40622597255800840799 2.17926848567041941962 1.72046660292093922529 1.35536036850158336797 2.54829302099137766646 2.94078486091073543207 2.65986477408663146704 2.01136757559066303713
2.37457304008084335578 2.82289052805156970294 1.10248855198129880328 1.71538162955347717187 2.89707183156768799392 1.25735941271999629443 2.84613386191581607676 2.87513525087373444933 4.57124536409779125279
2.33744229232322453527 2.25905208594913897713 1.27265572740164611965 2.34195996817362139808 1.16102393624279742745 1.18894385894060983233 1.19662177412345593908 2.05663100455156744317 2.87159502292918933364
2.48957043206057004880 1.34895228870645955688 2.42674612014273272109 2.27742003971884798830 1.40195055335365648119 1.66286712903423783416 2.36651446414568145116 2.38241404683820601207 0.76920897283073419448
1.61819873081183929209 1.76396082266000608918 2.20776052321539717482 1.29633590643953144905 2.10208426387389479828 1.40102812724761771612 1.21633103031353795309 2.17105163413282964413 2.24225193339176787077
1.79403073277999935975 2.29258337068670048353 2.36262181905224988299 2.02112883354112460310 1.48002823498840352379 1.58442765619316427994 1.92883290363741122242 2.93053629348831456980 1.13776213720440111388
2.11989568932999405959 1.69522598927978784822 2.45608141277430647165 1.23956069257123813188 1.04364376957141935520 1.59922912467775035772 1.86604880521519200798 1.30091158940367956909 1.35017102730424110035
2.73301358827842655330 1.20753118071566767355 2.84106322906609598533 1.37609284666498132843 2.18112491409181297186 1.22476992518621008443 1.76060335233890152828 1.45629642730780717308 1.42901307080640815883
1.79805410987714875404 1.41204636745177158907 2.39570026715090866887 2.85652205410704773669 1.76025633767910427707 2.84885715048707988117 1.28617276593850937694 2.19968938127007795913 0.58688078261244447376
2.28083477532806311316 1.57075971770587674570 2.71755230734207620102 2.09269232764192603113 1.45014360708385026122 2.11168135429759296073 1.06145494770643766813 2.77065870806070391197 1.30725810636388439789
1.17548375899787438392 1.36149262269595050512 1.70325023924826091104 1.43833993263263004714 2.45169069677969098109 2.86996737554917435986 2.74296603983377007552 1.69556240067734242949 0.74564037687075768179
2.30519827488158357554 1.50645701562418143915 2.86917242296559749093 1.66201951012273596575 2.48362756641802606694 2.01195702455295144517 2.77153944080795522353 2.63625685524629727041 0.93303569971243960346
2.35951672853767835392 1.87846905415469223044 2.54107448989752748858 2.53156386535192989840 1.15102412849779311976 1.41207381232063267085 2.29471648591082466595 1.10776732073379413634 0.75190016761936318002
2.06843685432355073317 1.15545007610019911937 2.16556380603663933826 2.86161451408481237735 1.16129992507307733263 2.75525950722144319371 1.13782661888455760568 1.36917065434454454653 0.53444697678253105799
1.01426810175148585103 1.92635519644576058695 1.78753364470797126984 1.96312929966112026392 1.86207957484370578705 2.41550577242190911420 1.65210565906768813704 1.00538887000964605178 0.63885565811325217833
1.88484357199991947596 2.60612596789430472910 2.99597839434381629786 2.38604730896746808355 2.88532855418058842289 1.80025776583600238823 2.06905059119862899664 1.11368154999577617659 0.79708752627528933754
2.09632435256068028195 2.98248961131026124605 2.87401278648030578111 1.40497341190297886371 2.18915666769726691143 2.28513403483632115964 2.28265954953555239015 2.68751082246387662522 1.80491892750701410364
1.25381575284831958683 1.32447765663268035574 2.09704995801427696023 1.00035114234516964160 2.86768330069517229930 1.27829045552676889841 2.39875198326142768934 2.77680975587261524851 1.43868807970993684009
1.48689871400112494371 2.98624933111207058190 2.14605707250312338630 2.22599163983818248980 2.96136741350614141055 1.73130646391508191684 2.26917436966381469432 1.28293517653980604365 1.06213455391869415756
2.80031044909120474529 2.83606946966141837407 2.64107809350888889099 2.12502987043401425638 1.43041615124545939963 2.91983980766337936075 1.41144257709411635737 1.57843919165259216619 1.60873726915687420558
2.30499034448116768559 1.99124605642588337062 2.64905450045482071531 1.28998631386297590851 2.20538889241945712527 1.98422472396191174049 2.34935795158785953873 2.35496538657617682233 1.66300003569912857593
1.37890991079859004387 2.70288690412437837551 2.35661466837227084881 2.49971682633960767816 1.23992944294515883286 1.19825807368831638300 1.07110617744397496054 1.75352017165680362787 1.00289097812513916530
2.77871886237628640259 2.82051034795539035116 1.06536690438969294803 2.88996307852942990735 2.87299590065469256928 1.43257230311429872849 2.44758218528210669263 2.78266285577517091809 3.38627721747209964320
1.04362129202757492052 2.89921456567216972999 1.24024873069832164418 2.12177098500102490064 2.42391083267995455230 2.86202231702230758259 1.50194919489724099115 1.44200281875731750603 1.36448468955416424286
1.26598258703543820047 1.50401395004327254057 1.86664078753719353543 1.76978463433742994049 2.63132447824372128764 2.31140619497775379187 2.97504812189129008715 1.17454876828681720191 0.63425932186343136898
1.02207050677253463711 1.00936597235565561625 1.47891134859059647511 2.91447314542432334150 2.60672617089172931060 2.88915598914766746930 1.26736037646844601490 1.97881922815985222819 0.50292450344231698356
2.31031932548339025146 1.89099567640025911786 1.43653738377358708433 1.37819091779372704387 2.03088113747797915920 2.21588594458366916484 1.36927328008291437911 2.28283646465844070050 3.50886303111661224108
2.15107168994311770405 2.09667040344611343983 1.32213999380626656688 1.12643332528015949201 1.07287968180864790035 2.30337207698098511699 2.81994719833762896855 1.30580306943317125956 3.13879505921323120887
1.27223639316395331633 2.01428743620224359745 1.53268763650014339106 1.61405186102937903136 2.04328166144272582727 2.90476394863027831406 1.45407306297775096304 2.95916113991355977930 1.54220336054325324326
2.13842329700399069736 2.03746078266606645002 1.36260296063035157843 2.25672110135071957160 1.59240816728282119641 1.96759149410502787170 2.68835156924446572191 2.52043456500086904271 1.61316555023992780349
1.30910338799002223809 1.60762431300556429825 2.21264796453000833765 1.68975229573147389672 2.62986902785843490449 1.84621039613103765653 2.75548662917649345161 1.57922624848166059941 0.66662782473704440545
2.17807939386742166477 2.86265627523363175300 1.41151820078075895815 1.91323421430307627489 2.76838616291974926042 2.69413331348265527865 2.45555192777885755717 2.31102806458768084141 2.62644937759841834435
1.86868517085194296712 1.51908700718723155276 2.65996824120363850597 2.09053013818643673716 1.65403624017056394280 2.06064185412274136766 1.44566715372679865936 1.37716412971991641889 0.68823238348301163381
1.76877457521959047249 1.80694594041005629492 2.24306872014261804438 2.56700700079344645843 2.61315498839610027559 2.17516733007128237887 1.77407875331784214978 1.44461713123698887173 0.72445820718996911669
2.23655759441241608343 1.20154381690831169038 2.76511925044201856139 1.83700131886672135550 2.97662299450362644038 1.10606504866134991438 2.99015769995836233619 1.00982452500649433347 0.66288085305510302536
1.34183727196997937270 1.99773383849001628931 1.00936691763115371501 1.23308124007016406409 2.06911804265053289598 1.05943569123328762416 2.56748062145328947992 2.25410095981981051239 2.87375092352852989919
1.24794535014644591975 2.49071661316883297133 2.93036283013625098448 2.57520739105537144198 2.31158049763078832228 1.20161075761105395898 2.95844998654531909921 2.40707630100753622315 0.49938681505123161397
2.01113971952965897572 1.20242039608215933733 2.40739016893206780878 2.60848797278521526977 2.86903401249782774585 1.40205476104003756710 1.91000282217140293639 2.50629786981313618099 0.83532906917245464129
2.22671057622574508628 2.29980698518021453580 2.88717671408333442784 2.40603933381571888361 2.55418208601372542788 1.12840677010032641725 2.31585708959966485310 2.47537361699628544187 1.07207083904557465281
2.68074324062846525152 2.28692092566211124804 1.43752145251756702216 1.46008884272578409735 1.20255396100008171700 2.96013900031114651767 2.19640097886706886499 1.88393182541389925255 3.12349990275908950821
2.35556704443955400308 1.26904068833551919582 2.16583121789011912028 2.45051354234794072084 1.60135753474821251885 2.12760218494486164076 2.11531198638614048591 2.95089183059994208946 0.78353536084512076521
1.25322985051720969807 1.68501563838963797082 2.99214499702902880784 1.66254746774226314088 1.09939587913550540499 2.72296128574494566976 1.54434245183631646547 2.51872343492008088361 0.53191898918474822544
1.48138094143180132356 1.57029563080630896188 2.75166718074457916643 1.46538343416919136786 2.54856195912445571139 1.77867134973664420272 1.12352094974331850885 2.64010505464452371882 1.67787676842673816324
2.49854175318401328099 1.29973650525511974507 2.04271354316909103943 2.91179230423987522869 2.74700069875449770507 2.51332789996568806146 2.06832094421373113846 1.05636919371659065980 0.65934927941757437431
2.82151036024182921835 1.79548323196287329395 1.75887935158721808726 1.75117753632823669463 2.65649880907560831389 1.51759551669169145960 2.11787429512792257924 1.49634787982602612821 2.17967344387408346051
1.27196248949552037644 2.12592191040289701931 2.43639890386022051061 2.38110978142267804003 1.13262011142761376270 1.76121929582843783635 1.42113942333873732871 1.40609470943137115917 0.56428118962803996972
1.56422184243491235733 2.38030748112418155671 2.40951098054897894229 2.95089105237962145978 1.00234757571904009588 1.05114779384119438888 2.01706183366645053212 1.06531926124688625102 0.57859023064450243456
1.45326991826343543401 2.39282268560479138841 2.47548375251412977605 1.00696913381102981511 2.69551813882549140544 2.53508293750902602426 1.98842492518522662159 2.76010708268087556760 1.82776103679626245047
1.09449823392198486438 2.59058549472689403359 1.49989321095073346868 1.18342779024600353033 1.98671153402331523985 1.23724765417271598267 2.38884907742109309225 2.25642017934615424224 1.98889147420557765855
2.49951899221925044614 1.40216421879784602922 2.87261530363534589583 1.54239453503377110799 1.33560311198214365369 1.80102392954572199102 2.27508048473254298472 1.92948071111701269231 0.94696179281155057339
2.64944311553811484572 1.60563325754143093604 2.13294045404086007878 1.50975820280953354491 1.40213453635578111367 1.73940615964059430709 2.79997248158498113213 1.38574240915027435683 1.43826473540339927482
1.42276188330244290903 1.41453600591372019579 2.63391525128719550253 1.04020930663218735823 1.52827757717313250652 2.02009318201321086406 1.06947918689679566384 1.65303241926279320673 1.30233019933902616216
1.78875470159139471349 1.69347005885845880435 1.80279172107080865040 1.99878265399195087504 1.29415829810167837266 2.75368358828675763306 1.82226465198848908145 1.71672579711807116176 0.96126595655776381211
1.35750249595791117052 2.45263487177073180590 1.61723809680676300360 1.78883522558231566890 2.79455800784467811582 2.41467819019234219979 1.55163413192200949631 1.36420092615238730538 1.45859372647448548577
2.67938100989642036254 1.34591431538550154734 2.95918641433126605733 1.82820163084626741146 2.89754638035747547065 1.21852588304484221737 2.48727926727730075385 2.11619080859914854287 1.06943123736803413770
1.92064992949859725258 1.29352154281743580988 2.31029184659823805248 2.47363701361629173547 1.68808545935284071149 2.52294633963593417647 2.12414892589627424258 2.83959780637545566861 0.57624974657762551011
1.91249316615245135154 1.21527332418147326898 1.75163922779056302481 1.92118594704852085897 2.53075921140039117319 2.36996143911490442235 2.67026217766743911852 1.80430231458702650116 0.84421946245840095990
2.17779375199645208738 1.91442340292786905565 1.09926156342953551537 2.40609643138182960342 2.49831817909316900028 2.86552127761460351252 2.11836439285315325520 2.41567579025853174102 1.96274831557807405424
2.20971464020675867346 1.16843776532654652911 2.97874470035917982003 2.06805833965914054318 1.78677730084113495224 2.15199855997473399327 1.02533794850505821650 2.75550330994064163193 1.19973947468970987273
1.05953041504023559582 1.52694095779861593876 2.20625561763577460184 1.25101902620862559523 1.13058901672210687650 2.93757386129917197337 2.30549725188588539027 2.39721222103191511366 0.65279228787755994023
2.29449895317218466317 2.92191762651888353730 2.07473132268627846742 2.48602669857920766106 1.13851355013832145069 2.17182628364152119360 2.91718139598832770787 2.37788350669288428563 1.36499725488978773669
2.10604564759987322731 2.20174440049039521483 2.43115382216568631790 2.11194324076247808009 1.57458147962172634315 2.40033463817611814051 2.77385783558519039005 2.43518353701983514270 0.98826748860875313074
2.73553661643074574883 1.68467478422532979110 1.34756005324633365561 2.15440142398686074188 1.14058323969061992109 1.60965313526289244273 2.42109010635869958961 1.87533181704934781564 1.80099934756415436254
1.23006222450496993659 1.71312491409716272095 1.43012808383845246851 1.41140564432679060936 1.67144195797417927096 1.35366935954832623423 1.01418995627333186071 2.46648147754541247068 2.84831259963254090906
2.38661726736854440389 1.34958787150622350204 2.07029306306301474905 2.56977053257229837158 2.82691697320004564631 1.60291002664345860751 1.38490447894614088220 1.17370600415781911607 1.08957170295535732407
1.09874140852750490360 1.61171556041291008654 1.14976301812729864160 1.99178749958315370883 2.90581363045699969661 1.99358993538428053149 2.68990728843545667814 1.78608694667083578445 0.94589762080794148602
1.82739245355607415888 1.18973097280051454128 1.21979068782464805665 2.85634965639444260432 1.38965905355407359778 1.68841280244200819816 2.45207778659405750687 1.79906457196879965288 0.75316348586178105684
1.45416772346449141295 2.99545798085699210844 2.79724659007545728429 2.65420031672283229796 1.57110874811590139899 2.95119938474478482604 1.50398122793757171856 2.09454924047170631951 0.68324870282096683560
2.07186442358299105493 2.73693203209160751399 2.84126232007684187408 1.68978008340784402463 1.96136616525614915219 2.57438503351452396828 1.28863200629548102505 1.50490438267699255803 1.47905096859556017819
1.09741177160685898784 1.27714598278752933247 2.59612622815074800542 2.08173513464409154494 1.36027561444311895222 1.73961830186667021358 2.31338762468241121439 2.86300794623894550028 0.34427458545699757275
2.36927284758424328004 1.51720805353882393085 1.39770537665610694589 1.43488391407882831530 2.90393673126093343484 1.08475396064564555410 2.05002634623131996250 2.44062353173553558960 3.62899560064836634865
2.55223388148360763594 2.90489506036356726071 1.93048992776645111924 2.34252623684795224790 1.24792034790260175647 1.92968607597531649489 1.87258760903028287359 1.40910689168082203793 1.78611840371275354400
1.05721942639518440288 2.45547817626255504564 1.59304503503099348372 1.03654124781112888520 2.04688767748368904975 1.76124228084388922966 1.64533981280081720300 2.15821026495888235175 2.16533246651113531200
1.49794518070693860601 2.63835058383784470948 2.13470170773312695189 1.60170506118208177959 2.27964462149134750035 2.58991522125812290156 1.98594461768203256469 2.75327706169248020984 1.42506815627067817687
2.70624798446848391364 2.70416377035773614068 1.93315981086915944509 2.43820584472915902197 2.92945820702661308133 2.80905003846926781819 1.82919183216107339440 2.97855898165031529601 2.08563209545338335005
1.10487448375165731029 2.87648292131741412092 1.50934299419298723066 1.91730943336925330200 1.47800721602112572484 2.50692984267170704271 1.89043358956133267235 2.68835049815239335302 1.26756181436628545534
1.57530725973090546255 1.24986093240814444272 1.39692450651413913043 2.87326192525763968177 1.95815591703602809304 1.86655289409132008061 1.49138942720804257291 1.69426372796470392501 0.80417884261818262104
2.89879502776633657390 1.01614384221516163009 2.51148319423763055624 2.25366056465333075565 2.77059075745844385352 2.13213132836782515156 2.76162534588425057080 2.52236604155103094627 0.74052788383633671998
1.02520242556553964342 2.26539064409515678022 2.22562833769211465551 2.47562193764712112909 1.98046384785571993881 1.74639396404085589509 1.01840892391929571659 2.92619604432534874405 1.01684575106721641902
1.60524581237612218310 1.27522547410140529855 2.70763582890119103297 1.88987206958182207828 1.56118642302501098307 1.04985619048134815046 1.06209465659246848901 2.91585272488603353125 1.60586362368756052632
2.38866792666466043471 2.64967377675069659659 2.42070490310845887194 2.37619725329058795182 2.69053068272195261557 2.21686188316946530819 1.55805155860577748683 1.18921585962069431552 1.34723607252661081723
2.64380310982750144078 1.08542485080390371799 2.49420411712547451799 2.12016138416326693772 1.23487849410146699469 2.92489580234700818906 2.96040933152453478172 2.87074744046041452350 0.61180083782723770902
1.19425520640510951509 2.75499462021596475125 2.08173079391739745958 1.24442735625941014455 1.09748352005227167716 1.31417145255631395706 1.46739423404226143610 1.67362957998081718358 1.56929528052636979574
1.19153918604393904701 2.50239982428652218971 2.87355156975035219702 1.01068625025512348614 2.56697005178661541436 2.36487179973946792799 1.05642931387385496933 2.75996080218483097468 2.12797367775102230780
1.64912701846930609406 2.03531875937024953060 2.55997667544840279419 2.21163873839588420722 2.44027199695553598247 1.27902837470449126656 1.44138759418175932403 1.84815656789134363791 1.08719369574843138793
1.88226427656159067681 1.45699690340510867870 1.49025802656336225915 1.07081730656245976974 1.98322336483047800826 2.48674267377425017855 1.37273293659019901547 1.33470223198657111929 2.38483086313651027055
1.09368830424258578482 1.09780830077758539964 2.98007780665701638156 2.26414000293648109974 2.39378214354242180306 1.45128703162757788370 1.99719886517536826531 1.44669715148845812180 0.27491452170695435120
2.77695080712551156665 1.29238930174505428639 2.49974977704108836107 1.14271042286839419333 1.09622030519021684825 2.79855968485803829893 1.96444993342177287587 2.86687006849758851956 1.53929726191055493700
2.73224581831449420122 2.64119975230167503000 1.34353862972239501694 1.91027395668066857226 1.52900490829174362517 1.98178863170846364383 2.15906386682403406141 1.71668486471894321532 3.11421224491958703595
1.18482837493457093814 2.17648257020212776425 1.42982730749821440597 1.33144451637181426840 2.94960561609270754957 1.84463147967697960183 1.63782155939007467715 2.70210391174778719048 2.35704930132114753860
1.13387849312703936633 2.91918153533818980350 2.61810348910802392908 1.16103603747768935328 1.64854884545338853385 2.68160762910384509183 2.96597920644565782311 1.18664662510561291775 1.11985110438503254748
1.64850453520878592606 1.29813666972024255308 1.43344978081519602853 1.09484119244129041171 1.98107934949117558965 1.40890747376645197875 1.88058513389942194571 1.92767317544528893336 2.16861937644599134245
2.21853395088588900563 1.97577093432338490864 1.03736850598843699522 1.81490567283867698656 2.42959473571586936913 1.11796400401070239461 1.26933812575313598181 1.06372934412802000459 4.01885485509534312598
2.96391188596553689649 1.07463736419506683539 1.64482373116098967714 1.10769066794956327904 2.02701443390515745335 2.42405323345932988133 2.26919728218045291257 2.56067732255457514157 2.42466905854936332076
1.68437070463076365989 1.39023747416033871538 2.85214635040335018346 1.43832975683732744443 1.47619063877213907432 1.94964466908242339827 2.50857645276851926042 2.51302376781837066844 0.69496336283399751110
2.26736728136041865156 1.78322639552609518709 2.35529607839596577534 2.98039220189099207659 2.29980780869433942826 2.15458993041257595991 1.02770770009336365192 1.00541936138042697912 0.90418217104524289951
2.27489563522641624616 2.45851957690753319952 2.80150761829062222574 2.56329545445703566031 1.13791553699067238270 1.13511602944828293715 1.19544218584894479385 2.89565184163493771763 1.42230604431826135325
1.03959316647697774805 2.57380391888682780177 1.41857433137824817670 2.54234571775890305645 2.18658975706263358774 1.46197677947683812860 2.59656222442061768163 2.15443879070466204340 0.87967703899049487504
1.67019219763298787385 1.75826806206765229312 1.15026764565549388664 1.38358720835691939577 1.67744217409290286014 1.19461315554510383308 1.57002522738453653695 2.13244655010645756121 3.12002332419299088784
1.55903524187423792036 1.29406739389000136065 2.85752263414127760655 2.92715571614758829355 2.78512559463316300423 1.46087209816369734128 1.36452241923311601290 2.97433313569549717670 0.80885083784468403412
2.88593082923810761997 1.59756193257986556233 2.75381286207769626628 1.26074150769567117081 2.16977784805777584864 2.31499637196916463466 1.52414544934665108222 1.20315158572891944821 1.73146770911783853819
2.97494049893880863067 1.15923139886887249794 2.68795399848424887423 1.12369033573122600878 1.36238724916371034546 2.40559984174077001740 1.96132724922403278711 1.19425070158110124829 1.31494732894888088914
2.20142138972898848692 2.08690796953790247414 1.93667398869400408934 2.02341533199132594945 1.46821483312944445210 2.28808264281729734080 2.59081394625201877346 1.60008738945963102651 1.25830179230162686466
1.26187173193591473108 1.70781773025097627361 1.54224881322083251511 1.53425266762383438746 2.64064776831255088041 2.05740289811291976463 1.46690612785041096799 1.25459032282174098860 1.30983599310569154284
2.17870570872200586265 2.20161869056043491000 2.13523548626176040699 2.28125609913977811516 2.02674816049075445790 2.86604773379198451977 1.67493637420692365048 1.11075662385879336824 1.10997095541659618334
2.20636984507926703358 1.78716572901278669683 2.86763714862936058836 1.46034731678650397946 1.22551634142472853917 2.43006070800738083193 1.19839910376968861172 1.63728412056431449351 1.24450723875856161804
2.20542669003330349398 1.69854540371471451898 1.00275855225414134431 2.06435775686745781599 1.18860253682131467023 2.14159876577197749725 1.40287416095326733512 1.05939955522820405953 2.12792115810604709480
1.45872259821425820370 2.18820715378799057760 2.30688305526028880621 1.23145332316082511959 2.90243354754880567015 1.09456145924847181305 2.46352131599315615773 1.10252145490598518762 1.37097307007997759598
2.84056328619200382235 2.82320862421766261008 1.26317877174066972579 2.11944602756214983685 1.28559433631026553968 2.91157693887580393266 1.26226451909698211828 1.73670266401267592293 3.50608085400433822088
1.48897149484653179563 2.44014909407273616893 1.94733367241881127896 2.23464088483031719790 2.37804180891056970992 2.25780179783598100585 1.98129606774479372078 1.56508777007185706509 0.97862392829913147363
1.79602529253029308265 2.53636387618603809102 1.10984206278653818600 2.25433355241079791398 1.56331236495154657362 1.78073298838965854429 2.56702788287393790512 1.97411775540699929721 2.00952187238997614926
2.34278020419192145596 2.54457136880361378672 1.35131218669857733339 1.26487625408497139645 2.94932624256206121771 2.90274629474394352258 2.52409602051654058386 2.58328337439112587504 4.05240600487559987641
2.27151261846859764404 2.80302905735673357768 1.36664520586010951320 1.15161839190558090706 1.61807208100706345633 2.86531372765529068758 2.33613123226565289059 2.66263646818216015433 4.44320099088779940644
2.52415074564636654486 2.35214803388125837103 1.86861205145608133549 1.00812176441431189389 1.69809968174848413547 1.54536631266718615940 2.17187976759947565242 2.49181072378831114378 3.92950415476245762392
1.32690484605835390397 1.74660976876324269824 1.70369284536481102599 1.90922984538677842359 1.65123484335293757574 1.47207247431861998344 1.03200206171703978697 2.71904533515492463636 1.88072371687689532394
1.07546592842704202830 2.33134963721896681932 1.60044409441235435665 1.69590283623333748508 1.07122245213864486502 2.20432643605128797404 1.98821636155220660136 1.65162901999345312909 1.00422066952350408364
1.78097108819331628737 2.43345841047809541280 1.77462728105085276731 1.01761688497784752450 1.12474648676339628039 1.09766316606749492202 1.23663237344268406304 1.41823220523431037243 3.33704617831514749327
2.18585034557947777145 2.49385556045250389445 2.33527471147773368898 1.75122816890380872401 2.21953298365362083899 1.76191385491050311884 1.81942380977132622810 2.91900926383270231668 1.92666493863750409865
1.15029831019021999694 1.14473163257433663276 1.18679957890084408767 1.75677142209348113866 2.30729702917628820558 1.87325955756810769159 1.95183849928555708253 1.35418734836305443281 0.87312412849478915344
2.64795907343993519589 2.30420200169414624014 1.92497750634004760606 2.84766692784912756053 1.72451792116614832651 1.56725382680081226638 2.80543177293044765364 2.24657889693298606915 1.26477734838454880517
2.57574593353743885871 1.79994538285648153497 2.31160442290403445043 2.19960181342904714796 1.92864187013562826678 2.93634695015723767852 1.78829384258587276157 2.65958119316188668080 1.18852105587841028189
1.61113771226544333359 2.89316992835344111157 2.88471464733715521334 2.87216454858959657770 2.17913733538652731880 2.40589461523067438264 2.95637523542369295981 2.95685530580123057121 0.62217847915122281854
2.79307125734938477279 2.92397672979592648801 2.44825560687771570656 2.26235037863821730753 1.87422017186238232256 2.29631086200236778083 1.48612479127140750812 1.85159752696824186913 1.81953882206290273871
1.56394633811614403029 2.13496985692680762980 1.90364328730945531198 2.37300840336175777878 1.49057141125684422533 2.88074216424412155035 1.79801910205573145518 1.31889977573413763601 0.81222516620875784277
2.14815153596657903989 2.26734042706121030619 2.62921913564501252836 1.98024505948089202256 2.70219595603508278003 1.09532233233900111458 2.65047031025513213365 1.10054143650875868587 1.09494409313616003487
1.69839884465758750309 1.62879850140921633717 2.61173929127667925343 1.36372590823970396556 2.07026651406438499947 1.69980305646841522993 2.54714024817082496099 2.39927512912746676577 0.99146983646799835554
2.37330202201783579952 1.33102894952359362968 2.84524975484048248120 1.68717644525939558520 2.30951643434030806645 2.08063959231490613888 1.88312804604282502119 2.71899742824611401204 1.07882170514110664605
2.27500618914461005815 2.98362324591567507071 1.04492116470661478012 2.58253001369178480928 1.87709824008649128757 1.51339449315932350615 1.65201969166236350972 2.36744290573462512484 3.42240890778312989440
1.52011460310475499114 1.30463298569552055284 2.29321680736950650470 1.56909581847952939171 1.13584404636803948385 2.13358137656566437812 2.94422093128113804283 2.09201890265061818397 0.60542739949595281157
2.02593908844890879806 1.74587493584735731211 2.12849268464819152413 1.85634164697946579814 2.77626054455330528725 1.89306909642298681895 1.75434997347270482670 1.87930281087627770731 1.35432785117179554923
2.33450121855117931347 1.33570687313927649598 1.15306295803325076221 2.24568027753422772008 2.90182097020776952334 2.67978155314892418914 1.82334297687316748693 2.65696635213590504065 1.98442972434021847050
2.99160005618811686290 2.39063693392675702398 1.37643699481407755236 2.98956025774386890959 2.63185986121312520680 2.20002338024296850705 2.52248668932622877037 2.48299783541200014270 2.07740095587873385696
2.22273602572087458640 2.26030673912757507082 1.34627334470677628708 1.92401159932489962401 1.01182162595579994147 1.05600519743179899201 1.60953934111798324658 2.15894617278007361350 2.62481930946622377121
1.03762751526205887487 2.30113359021663033133 1.29865096225739562463 2.45867218476208249101 1.42161428922211396930 2.17983904873833989058 1.65509084242007475929 1.89062590182930323479 0.89408241980660219106
2.46725471724107991989 1.36579053873986611123 2.00676776721619942734 1.21955170725889905370 1.99176269733075383961 1.92322988701756059093 1.61676185928440796502 1.90746450682216295291 2.13877623294642171814
2.33104788093219816858 2.05763734966793565562 2.24633388729190963673 1.87138201630449874102 2.01338815212921051767 2.79907272140008878125 1.34149292548764376143 1.91780142739760894877 1.56605805112825446912
2.88597771348026821414 1.69409879709403932146 1.94216363000761549351 2.32151980108086242183 2.83262539195115881085 1.32395468013862971368 2.83740791076265885806 1.98578229939491190947 1.42214386578536178263
1.22668403136593595626 2.94534681397951469961 1.39854122802301561457 1.00990524735698117276 1.73400910326913582082 1.45830152902284293503 1.13840927842977968076 2.00527414423071759231 4.15600486631610177568
2.13766207890790749246 1.51506826728413490635 2.82025010525489028268 1.15029043292094090845 2.89983794983603537787 1.33348204815739501683 1.34531092944234575981 2.13415254818865074427 2.68803845784976003230
1.40174993652129020738 1.46643341499980572884 1.18684352979470308931 2.67357168493272379095 2.26694187944250291622 2.21024646507521049799 1.83290947674886361973 2.97242127041527259834 1.04868887055596893276
2.46196475453566687719 2.28688585930653420775 2.15865071945450504032 2.91659049246940282885 1.45041541712191124347 1.58953229785109328986 2.62042215068253314669 2.72762953024281262771 1.03600881920809917425
1.17396196006307551585 1.92536756865520297666 1.36367277440771506036 2.96654677509638275978 2.64365956390006839882 2.78991334951737091075 1.89408581853105806303 2.89471528491574758846 0.78061343725212950506
1.99810290579187266324 1.77269221498626494693 1.62249558708125163342 1.73171470048628295402 2.54368265131285831160 2.94354700664043011926 1.19692896512552127142 1.69369960647380413121 1.98716402666548530576
2.94751420377228967595 1.25642541798913320861 2.06205926780323789416 2.15280632538288552169 1.95997912324054945898 2.11358407224323752160 1.60821319524759864805 1.27053866496348821791 1.13670140839109690134
2.84328298413123148336 2.94658517239031425561 2.36122224431134064560 2.26576814827623707060 2.67955435977710987316 1.62017666282754579932 1.39211372011236633739 1.28028231131560876754 2.14664510578840062038
1.39104774894677785113 2.91132495017392933789 1.86380730894551804866 2.50158244664969142690 1.06849962546001608921 1.06637124897121871037 2.42236526462918533298 1.95585127704958439132 0.96823756936021998509
2.63690212534404100353 2.77989893118581621323 1.98883864910039953600 2.74455531288253729016 1.48933440959692853234 1.99211298879084441893 1.03006173803372735875 1.05781773536129652946 1.70299257491701050427
2.68266151849776957050 2.45932759389185751076 1.55903971935122598325 1.35331715390289542000 2.68995674775961823855 1.60360753071543582493 2.85209378768142318705 2.35061593719452499585 3.74330868881190204078
1.79374377121356998188 2.67267938821041273201 1.38456490444886304303 2.58226593945138294117 2.41341119820346206026 2.40779759164448137199 1.48192385816834693024 2.91250514372047186740 2.00780740587848471890
1.53666883586750402380 2.83104202721666897702 2.51531903135581602626 1.46820230539752794030 2.33141289666859563567 1.79709127565557724715 1.13575228746869871799 1.46014112178516652918 1.78905802251459222774
2.57921949844779074823 1.14735996375628523936 1.62683650461693218858 1.55033671438048714641 2.25046093790608914276 2.49618742211670063824 2.29404919685543218222 2.62182103703299684838 1.63263885880850034837
2.85604644545171337811 2.78578142003015960526 1.17226536177542173256 1.37839444596495019901 1.44996050155707023599 2.94094461470365242661 1.23592970071702956680 2.93180528835811093913 6.59650512278786749221
1.98370506120559353391 1.17129645692998995976 2.70105422131131600594 1.76258241586340425044 1.46819162129397251526 2.34823293480033568059 1.15960231276350334007 1.85973789684676105161 0.84835086035407125671
1.99686676700829113251 2.71641929992153396967 2.28210841630532712543 1.34260995041277286788 2.78825240402176088850 1.38704802643286306818 2.50953814872465841290 2.03290267967970450513 2.19324753307825304205
2.21081585043584105676 1.20124019542310978004 2.18521944021813174786 1.60558815366641449707 1.70205227279934145912 2.14133683587066059317 2.93939527910683606748 1.49720918086893473031 0.84371725028512845057
1.02485307975344586140 2.69845785585984820898 2.70274282134665400079 1.71518017617674045638 2.34126591630176239534 1.67981175110000990891 1.99553654097831967285 1.33198910059696018493 0.69963862779779162349
1.38350693592829188105 2.24111599661681681894 1.31790616920826120229 2.10065969227868798441 1.45824943641845350406 1.24421154612923023919 1.64301329064210621667 1.51575156091597329500 1.44883792743584960405
2.25910659039457506481 1.15160719589034021837 1.62104936070118887947 1.13836989450272718649 1.02572254392747752583 2.57149772803795340081 2.96102455494584759776 2.68154583075474040044 1.55916171201963638104
1.81304400092950168677 2.80212663694863284292 1.54629117409397487393 2.49701904506194871658 1.09381805806468745956 1.59325739052960857478 1.07534365738986892325 2.42872115740724892063 1.99285512361687944249
2.03031978858495021356 1.99658753612629591423 1.00146503824213306544 2.00005260418087082996 2.23614074925935035765 2.64735292340610239847 1.79499488456156242044 1.54401797961713604934 2.43413627934378595796
2.07105645097737056659 2.80597849105440610984 1.80667100798696633746 1.28419464332743404889 1.07780712180279603096 2.35557147704900149421 1.30660834555603511120 1.08252087737408153600 2.76374486071050595726
2.08369381474307946434 2.87873674124106226913 2.93076251442022783777 1.95409061183090315694 1.39671211758550839477 2.48883924505516374026 2.48266155223313589318 2.48081043082574748126 1.12957716213331904598
2.33374109278434094250 1.97119647361177285916 2.41746142946293884890 1.06274026786683783996 2.39261192647747922280 2.28114437482587906203 2.39625242342902788906 1.00011212597102150390 1.95653579504066543748
2.44233252803298039879 1.46111590242597944034 2.52786198380093551918 2.79360019767816725178 2.38791650017948464679 1.47388552211431900218 2.36851506540866463268 2.40094928944068630727 0.74513953097379870272
1.93750410681772589072 1.75203304113745961246 2.02414161989732921398 2.34682824869559558678 1.16030309625956307151 1.06137362861170636563 2.00467974832386008899 2.16175320779437729612 0.95444950703422859473
2.47756162057359530237 2.10766538162121186417 2.64951843605368964063 1.68498084779114276621 1.58975383799883629443 2.65339133087205869543 1.80915600387917763214 1.60213233880018290911 1.33242849581874112097
1.78155679293834245946 1.15586734162443893759 1.87803386357469848100 2.19783136876133200488 2.26292273284224343399 1.75859400994678227725 1.22740285379701741242 2.63638242705891157058 1.47083743628363583511
2.93139708830982570475 2.99396273951265845525 2.55477003573948735493 2.04443932406786599287 1.35458613672543637385 1.86089961240649737206 1.96503719631289630598 2.12845362239829594131 1.90552465916788404954
2.05111153810205726344 1.00514838465264633172 2.19997515259621945205 2.73826875835729310893 2.24156788677273066668 2.91062524828625424078 2.10706765167510390313 2.00251496499497205761 0.46050736480563342345
1.07109895738237814733 1.38410269657828388645 1.39300050574215439347 2.60098310831107681906 2.55109655639483001721 1.81772607757628912317 1.37668434581492937774 2.21230927326005843980 0.89347710108194633438
1.91887274842472743686 1.77693959660158951053 2.10264769796861639151 1.27461837431781410679 1.99314100086971612846 2.28194328473134433466 2.72243618433719891669 2.20350460133313807987 1.45817128616955660192
1.27143103226370968173 1.43050033414821098354 1.37531513366900282058 1.09853164643433798275 1.64392852488844520842 2.04785143939814373581 1.43716046169447309033 2.20754315395013644974 1.92587212363657345193
1.23668902301443472957 2.60607151825021210456 1.45689318393696765064 2.86679400977934140116 2.00848174665477152701 2.74820939227063032462 1.66515872172464685086 2.22825066645952851729 0.94555707268868949278
1.10854564245710562886 1.77658080704283283247 1.31427091877933777120 1.11421143462507754585 2.49850458122717578036 2.76374269306840991689 1.82485544432040502905 1.23846628824964444249 1.59940126912283608895
2.79641381526860843820 2.45387684879777978608 2.25027398893886854125 1.60132450160382222570 1.10814104530233792367 2.53252140968978434188 1.65226582245724396003 2.97485590028873669866 2.27434601188986729170
2.94938611904131908759 1.37413972845784204679 1.76213544204548266947 2.80852460737516240741 2.87370802916181400377 1.19505267760557809531 1.43661737219291474332 1.46690195675870982406 1.83749122522993002526
2.31154107954056264873 2.62066965513998439974 1.33923374669424144479 1.10531229694544097519 1.63793571503684831647 2.24216972470644826387 1.24581010430421401658 1.33653976544394215153 5.07469876171212064264
2.69312910550555262290 1.72855776865470778247 1.99537486319929113776 1.77700065783500149585 1.44126864594508297124 1.49236197001103754189 2.93118794675512717163 2.58654320182900132608 1.53371696221872966248
1.94308750197078849986 1.94942269967139947262 2.96741164653263700401 1.82652747612503052466 1.20751567986343455452 1.57249344900170595629 1.04243696004384012177 2.53671383159088570380 1.34150142036976327553
2.38023350640137820733 2.19361370854704995637 1.53813561511321861275 1.49979997221712668676 1.33734927355433996787 2.76331979059076537908 1.86338844398440794947 1.30431659617501161108 2.45092798515924625846
1.43148175402538679890 1.86045254613498678431 2.84650740771187660272 2.90529193807629049218 2.88207125158995181025 2.93339824782522917701 2.38592558944007571142 1.06854969418716372331 0.35395704365662816748
2.81617636833029472143 2.51352126141432918871 1.21480432097547752512 2.21627377768455602336 1.52824494190095405699 1.39757716074636251236 2.81933228787314504871 2.43333428978722476899 2.97928566656477444852
2.98956594656019092326 2.95395866595140743627 2.32720994852272156095 1.13361785290312222507 2.24990604655254067268 2.85742055033911679374 2.59135238927074595949 1.76921578059367679003 3.58250528542432000734
2.40058458359430959561 1.46876096628371088926 1.63302384516094534206 1.39846016267521666698 2.00860964327227886628 1.01419621167817619600 1.06456381431472890675 1.17365466563168241443 3.69990328315336558518
2.30721715689929318671 1.27462011200730351845 1.72866683034962420606 1.02809567183132455348 2.62095667247963959312 1.58260567318736189435 1.13592210693596218363 2.19697338896099747529 5.31537171897559890255
2.55418786983915024891 1.68232446274897595728 2.86460525932092613388 1.96704121427914468967 2.82342095453818187067 2.94470540496024213439 1.85187020323178264114 2.98675970049717198762 1.14109704294777203337
2.11612501622218118769 2.34173308444797978467 2.96157057630428877104 2.99467700594249874868 2.39911102072945503494 2.06106086472417704414 1.22464665084396528982 2.58490338291853571917 1.03742282405602970208
1.10979583842627160806 1.27100583193955141148 2.18560701205634089206 1.01765153464254742843 2.22078543866231914450 2.34065753015365007883 1.04035527893597445903 1.64213765581130965998 1.35245867995672930384
1.80708087463767075320 1.85138095964970728069 2.39896167961806838775 1.35458456344427191631 1.05261305341661959289 1.56952002992421912886 2.64774754831861436344 1.20663971564861149943 1.09373277344980346371
2.39129340508376930785 1.42885359348165197346 1.49919368688379806009 1.03439183643074694707 2.58459105589759285948 2.01878216149096223475 2.76242167896356560775 1.85636661565190230760 2.68358075316039723646
2.49977434357375916107 2.10459846449574961014 1.96758084205721228699 1.00232597542276336000 2.79635744675087627442 1.01486956627228241956 2.33734076825744807593 2.27077326441640003907 4.11932944219463426094
1.82754537432421626519 2.11961669274501618432 1.46563300261151852055 2.84235177342440570314 2.19787624303655082514 2.75745397159940175413 1.06926450779220716392 2.57266649116759671401 1.71668656552504628188
2.22401741407313302545 2.46543801836932141569 1.61303484402349872617 1.21140476727870827212 2.42503369681162794791 1.77200712717531683182 2.26219740402621205533 2.58886201579747510237 3.59403698919709313486
1.84923977575857234612 1.27557181275438558110 1.78039148820529180561 1.96199572874079741780 2.47117793291473475392 1.86103371953995666566 2.53084456018743519934 1.45509052050555443003 0.83497503024397667915
1.72303908695716967436 2.48178957605447170209 1.09890018644539799730 1.37234759745132262054 1.25449505222572743612 2.86272824540331072285 2.07388615138235543611 1.18180084945081609327 2.97312653144726279919
1.32344367732889289790 2.72624156841385190120 1.92628938358239887307 2.63077582983264690597 1.62793357706410635188 2.90927280731372173150 2.41370087432716839970 2.83024298184121958499 0.78296643315494862669
1.96685608451529869711 2.12427981303010948722 1.33618955947374606907 1.56025038050745545881 2.10444641082941252819 1.98935936939036284166 2.66891296512405151731 2.43094311235955062855 2.34470874655881500459
1.80668195113787288797 2.37936306066976976936 1.60234501682884666884 2.20193289973864558817 2.82296340437653192623 1.29546205779564549410 1.76477895944014218088 1.62403907805539060583 1.80023802692299894623
2.12391774603053695714 2.79335488709637136395 1.54647019900182702834 1.39482217846727296617 2.47803269148184757142 1.41130488148078980792 1.72691833042454701008 1.32436600809554194669 3.51821210164240394391
2.29687545116801761225 2.50167281582816247720 1.34868131342817387797 2.25988111417842496564 2.93888425309432221866 1.25595533121073588134 2.48541888720530756984 2.45232389624585778165 2.58531829773735788436
2.56658922434105463140 1.11820212727274381770 1.50110714132091915829 1.25511583934204873358 1.54187182730578631329 2.78220504004284130417 2.95500984865738391960 2.42623905267217709891 1.73305135358307094151
2.89519571717365664654 1.60615315432513505733 1.11132468348714752437 1.92093341808823381278 2.16386886305825765220 2.64503893743139828487 1.16283570713579109679 2.58770389598953087784 4.30152072931552531543
1.12234440917957023487 2.28008139554164390717 2.53309057899074474562 1.25198612154436816901 1.40503599434453252393 1.92263786003968073501 1.55080127074934970288 2.55440190697306679368 1.08160214010877653301
2.97665131441361996423 2.12347415604179534654 1.48384508548219584689 1.06933542784340196441 2.88719223533543178917 1.41614045549631595300 2.18674893054296770600 2.24728657759951033768 5.78101400306133772489
2.92837822809842407423 2.97739243524690966325 1.89112564398998417303 1.38091870831185348223 2.41443349799136353084 2.76907989933774878466 1.47115945705399453480 1.76850352595819715340 4.13760256646012258841
1.44509981740644755099 1.91599082835214495901 2.95035180649119332941 1.02799514524177459940 1.97604786235394391802 1.39695947408571252701 2.13318842766605021311 2.17469007145893389321 1.23500288963805204823
1.94354840203302958734 1.77289034606346529443 1.78866420027616657151 1.79814716297241217191 1.65431994735879905889 2.09473552054482636819 2.44921080614994846059 2.57725304691875489738 1.27636875036092045654
2.48544844054412550349 2.99544643057914106166 2.63578389553465797235 1.83102703790245957549 1.09527914154878325270 2.64242456984551132848 1.74073739804781602025 1.06693221216005862395 1.61779097767813273556
1.72498193632332430525 2.06831679816563607233 1.04676528383003852873 1.39223623748700164882 2.42147463762143910770 1.58728184816277906322 2.76745313969550510436 1.57559104920864312405 2.81963388938170256282
2.67186199033405813452 1.49517357302357112303 2.33646722031704978662 2.59723516265411413784 2.92164935530925440332 2.19844180411144485277 2.98534308515752178081 1.48679285341852440716 0.75593174570013554892
2.74997005329854182776 2.04471566931056525362 1.16173250944415795693 1.24893725142108835691 1.41943005170444891405 2.38811046866137122180 1.08426194678996301590 1.54659817178140324145 5.35738412420407872361
1.62723486888983015497 1.81726535651222098622 1.30215648258308380747 2.95751755774071867222 2.29615590915290646024 1.42377519663882279310 2.95982312742316722165 1.00698462662972332282 0.84617990325385084027
1.04319084170869746941 1.16123237328262374213 1.91937779836561328572 1.56333675806951477583 1.87133868712537831946 1.29841524786035367178 2.29708899472083505344 2.09853027676899461795 0.60298367473427605390
1.51281065705997797011 1.07761708342771012070 2.57422250703405897099 2.74859483541100946269 2.94265418936802891636 1.90696289682637210028 1.09407983901519934022 2.38923663928578067228 0.88895082939993341764
2.78706208913076780576 1.31793880414846809046 1.56142207628322426949 2.20895874986619666913 1.74358652579062956001 2.24396627573241591591 2.43929663353821268856 1.33497667123779972798 1.20582899726380321503
2.28185882873338385934 2.83720058902699001635 1.97707454665875048683 2.09366896836583826769 2.29628888932643659970 1.41349888344861440714 1.86141778274215208278 2.34182923069885173817 2.16931955585870905878
1.41024406792769108065 1.02467202428798564995 2.84558738375521391717 2.08784562562689668397 2.82556577165710720578 1.52866587155372624096 2.33838669889564698678 1.69758543208214662812 0.37943749157849593345
2.63347538967710637081 1.64307176409000965656 2.89961122002743376669 2.72549205695242324765 1.79070753981605457206 2.34745289906374399180 2.44115777358397556540 2.05026638362140900540 0.63497767536135341082
1.04038946717989877477 2.37805187495344583226 2.63328514382553224848 1.43208076297681952127 1.24163196863665503678 1.32039944762971894754 2.18758366599585318824 2.32325178518020925011 0.78201874559681727739
2.15270080522531426226 2.80724801267197321408 1.40350542511859632810 1.07144617048727064379 1.16561031497859146633 1.41250353005003659312 1.62348868038451099594 2.26602615349947678069 5.03426413763753544117
1.40887479256805181471 1.23977112850220994034 2.77645216120247706471 1.29726556351604793704 2.25641162204697032223 1.63323222426959424602 2.70004693577578347430 2.51003087262416890724 0.67101067132524994108
1.78169296298744095353 1.88293341249275947291 2.00283065849405428338 2.03945501259202099931 2.45376402328203724323 2.84096739314783253150 1.36867596697909177372 2.33431713469327783983 1.29077556799336412574
1.39689970583921740932 1.03873586145321628038 2.18894292719582361784 1.95781814034043399886 2.37153001981301780887 1.80199523856561150126 1.06617408170345262519 2.88162470015058547190 1.42604505076442644729
1.80767990739699335734 2.10738691300746427970 1.89481411884320527506 2.96390437233201264888 1.19808532798218014825 1.72270223936099164952 1.64880890679630542905 2.43790529168856551223 0.87906546975372068520
1.14094076731212323850 2.56110817029009574242 2.96651059127857585906 2.57596432857362067637 1.44594355926033379944 2.27611424890524061126 2.65065795532666292900 1.71937455676782535718 0.40560010392843448557
2.87516442863511478834 2.56848627496319004138 1.16676239289633931762 1.18019122402861409427 1.73111213276790798510 1.50185946895598876338 1.40221006904047928998 2.44738701112725376419 8.35868058641980127277
2.83966578708096495376 1.22989888499808319722 2.04029944764431547810 2.40016949727639605783 2.80213171388886683744 2.65385692475793089073 2.92282648247623022542 2.15806013156683329512 0.86785052502262849394
2.86294738373242863005 1.19382222242349178565 2.89445006745425104100 1.67406997933585555138 2.70958759568106311022 1.02006848287377671625 1.72112963756749759447 1.36872364879824925943 1.43052798977652528833
2.34484990846769569828 1.42962188722171923416 1.48315760192850198962 2.36569535750041293198 1.38405012019140283286 1.47112786428000097416 2.72223499378430933149 2.85587743464142507221 1.19771366766558062800
1.05214164020411593548 2.10559767327901115053 2.35284971361369743548 1.26281460447640103695 1.06998639970251208098 2.93911900952643634355 1.74761482582174254574 2.73639243366771145460 0.86111874703038926437
2.28607303341380241335 1.97932303305971424301 1.32346393013092544777 2.52373744546831790814 2.33850961209348984227 2.92463159662083782564 2.04802858804807108584 2.59005119731922928139 1.69266183871717967868
1.48791110576118157383 1.46137979191326405903 2.63686935476685047064 1.76379602145357639031 2.49884526128978912141 2.89576291235401050983 1.82847740000397229743 1.12702997835419749251 0.56058519784853488854
2.80780541120065674221 1.69749158470654371023 1.33978879753828783450 1.80337592078863151457 2.10128753534822187987 1.15695025858302291688 1.57293309966187155879 2.82477225849722080042 4.38244312558707260763
2.63096377002477188611 2.39032403518785319108 2.17005398727729126307 2.61198843019571480539 1.68196694535264512638 2.93114756676545695768 2.18537982362269822545 1.86092085381107530395 1.21328968177089202563
2.27658155727698741089 2.30091063037642129530 1.06699914536284024003 2.42940735238792981932 2.84372551906119097609 1.25541227293574464419 2.06386764742460293576 2.50298345851273573714 3.18977744396510765057
2.81732752025705224241 2.02303370654121117411 1.69470289573744414824 1.16115077066400895767 1.47231344036812483722 1.57845629529951470005 1.23082021273208774836 1.71868682235840575245 4.41146009798710103667
1.69106853912521915007 1.82741907795531299818 2.05092538383144251668 1.76686725467135841150 2.33167768035625089240 2.03665337843414873120 1.69242060620769740886 1.79727161989539552245 1.18803691422506019215
1.78571516535599839060 1.70547632384734959565 2.09217632597948988149 1.43736759979741113291 1.25447818660507892652 2.99044063764582901399 2.54730806924913366629 2.15539448677280320865 1.09546975026033921452
1.32624797279338801914 1.87967367842033095116 1.00228077996190800825 1.09449010544724600891 2.30493470308041903394 2.71258894271645623064 2.68676062922517333575 2.07576832988076187547 2.56791660354661566146
1.67949397163859859283 2.48705362617278513682 2.80349166979324770921 1.25656712133158854350 1.84210008546825343423 2.61257793402773774716 1.98691193865842752331 2.41190147314909175691 1.39108173456469152995
2.53909800047300304726 1.63598198711660991478 2.10657363961651356021 1.34431264353464952066 2.01746978544622379559 2.76409124782591231195 1.43980971997705364807 2.40823531465343521063 2.22706588338878042066
1.65043157914892058002 2.42052811827355807139 1.62159177700175449743 2.19750134471756908283 1.49527931416547010812 2.93812986097683648268 2.81735763354894608312 2.77440835726730750110 1.20346907494387078685
2.04397147983132043692 2.19349919146372052126 1.86227025326511119729 1.79865437844178899240 2.62497601724878659724 1.15726940869279593116 2.24735604565994329107 1.50936463380586505245 1.75215381444843076864
1.69516589452527943749 1.97652529556114542331 1.13195812852276689320 1.21049227395680003561 1.18614177839882550813 1.60630559850996790239 2.44113927014473919286 1.37656975447986629213 2.65627260189716674077
2.50970794432763000259 2.49838519940851977452 1.46852955639491411510 1.83242979634320657389 1.79969980241222970996 1.73368664977053588139 2.29121139918391225621 2.45748158498811486439 2.78330241289506208346
1.82884566138376403188 1.02432396412433868171 2.16744703971283403376 1.24714575055579390828 2.02167223301703691263 2.17573269653482892494 2.43762626333139342805 1.74843127441856216464 0.87800725439678350970
1.26490453325742269186 2.58780403075119380674 1.50570598056538029752 2.22327517180800438013 2.11806793577499963277 1.34024837657801509927 2.53281753248560548286 2.50239664317203169830 1.21074385143898499706
1.07835666747324721015 1.96181110389012736128 1.52794291123359338158 2.85811573166438304128 1.73008184718034607741 2.80139765690481734595 1.58968586857874472074 1.47048723237308776035 0.57316909640519242419
1.43960370712698559892 1.83813960482009619568 2.49963680269250998478 1.35179983382032209427 2.71797185033065336057 1.62414316367180688871 2.34969911547621723713 1.12865117861541119915 0.92887724061430676503
1.27529086893585530404 1.02578989813237608786 2.27400016312328734358 1.74121142368303094550 1.37767329557114726057 2.95381123681483881427 2.16724270344357350382 1.25165555777202586185 0.37042044092284448498
1.48504739789526407634 2.44822440856690803912 1.36332889748803731678 2.66384030584038988820 1.09430395603657770742 1.98058161734375759444 2.87267577764460568801 2.83236083346077771594 1.07865679575015738223
2.20967048599970850020 1.31284170025080593192 1.07931532450217493313 1.84460952725986659928 1.16874764079654980264 1.53720319546774164543 1.29791451102764865411 2.25213574471123312293 2.58524168579616375752
1.79826875628852400624 2.87679260631960698191 2.65949900734509281364 2.01880122533303518750 1.66571703406892912547 2.10031622079602264819 1.54653237675845156573 2.12909251401726473674 1.19999815457113401251
1.18667506210430984126 2.50390972466498817894 1.53839331996371431188 2.98473080415332781001 1.58972691625538109506 1.73988852038326569094 1.87294551864429648091 1.10373733079784863698 0.72140750454726543239
1.94726301135612134274 2.37496183517306036492 2.20019653974819640041 1.21692451281936442342 1.67342692537133430619 1.26518920790717670499 1.71619164330548801267 2.54971667250254530046 2.55999697083809563125
1.82206816676191230009 2.66802549195884486366 1.38403369777862983447 1.21875668005729487220 2.79197046751324151614 1.73753813316940530775 2.49925099602947353716 1.70345028273937382224 3.35533491512085646491
2.20809960099985591597 2.83649602907797993012 1.57293614774658685462 2.82408322779950093917 2.96075746144996099218 1.37263380850327432192 1.25255542603965963622 1.41435920842595308500 2.37657159538517248620
1.64711208121207941524 2.37807307046889171431 2.88284562536313559988 2.58384506182676165764 1.54991020032722270905 1.51259114804554206657 1.10153551940783378527 1.39016810660686096490 0.78543989492275656517
1.14890922917928972602 2.35889066002775216191 2.64233496250133637062 2.38095337797245054645 2.66945766558781860667 2.11085967256674322812 2.97902462900086950626 2.07383578563512660509 0.48474730057631620905
1.82664187134920608102 2.57334214574842690126 2.91262317896763445191 1.01445913600034387514 2.51429907753303627516 2.20467212255477384986 1.34024917204705795726 2.84246205809724639124 2.70651836871513795657
2.72161933980378956122 1.04851856783035035647 2.44786862568696017561 2.47688943562429342293 2.15574425070202702059 1.37553987389752374604 2.65851528585307006480 1.94813295753149429146 0.66457017410238372612
2.59446863957282936042 1.19614805617041497499 2.85991133999084379269 1.09855128854020511753 1.00326734069644807334 2.25762400055510870089 2.02334906517443702256 2.89305086777774711493 1.24711187046099447606
1.62294829834416121095 2.78430696844807901158 2.95861914187496832795 2.68242053303280059140 1.15559315316389654704 1.66416876714806227788 2.80047635437761144317 2.40799913766670270476 0.61298504085603788827
2.91817411572708529377 2.00073260734735480781 2.74369051263317542677 1.16025569437356046443 1.90394479033553154501 2.43255469764245857434 2.36092436538802763479 1.24532605298253118420 1.99435087412918510275
2.66353855944369177777 2.52260131103050744272 1.92095863582502457412 1.07646011201729518980 1.54611895300402446551 2.10176182870473038378 2.75303916948865223802 2.52406579084903626153 3.56487113482086925842
1.54726823016303227654 2.38486183246198901742 1.21737201710937115173 1.52106269162317997434 2.71984995855978750612 2.27197403415781717939 2.94710772596411052504 1.58130993682667986278 2.17489734482350982603
2.83484294826284788371 2.09996187522886934573 1.65418580149664506962 1.39833492726411390272 1.84914496937167571744 2.46993634178935739243 2.54235211907429370370 2.52796908172729750675 2.93247799725215774203
1.15406185447093756480 1.11456692427548542668 1.52030692226517394339 1.13550343083968874325 2.52986405929152269323 2.04863895473374979517 1.23697882744727549742 1.21352175401370621088 1.39983451603108410843
2.25640732580175562560 1.43324569267444790199 1.18262481168510857898 1.08333079945740329286 1.45559560196461768022 1.23276151460443328389 2.97626589061918789270 2.36922336051042403682 3.08044006324016672593
2.52914119067266351948 2.73117184190477502170 1.85785673479595070390 2.13446016948432415461 1.80378873661213634527 2.01310499832789213670 2.43877343149750647200 1.60093785187114567847 1.89571823236061498541
2.24798258086237545683 1.50583993400969284870 1.61692737002877828800 2.06693849631414572343 2.95891418553994878238 1.39439615396812199855 2.22166274842921929178 2.51268770114653561265 1.73948320328688232905
2.30740477860387649400 2.18149693298596858426 1.92139279226576920045 2.14207779202204617874 2.47802936323798705942 1.28221175650648677724 2.17774365406165859582 2.20542767017470797697 1.72684819292246083400
2.40629277163978372300 1.06184064155382618111 1.79691345783664391256 1.50888651569010434628 2.66847566917134226827 2.34471149370418707747 2.86097857639031261101 1.03339898018071307817 1.06989541253483833039
1.23984123221712905227 2.16834548681870220577 1.11169578305735217150 2.54192845592055061132 1.48635221431205066800 1.58014787842086135150 1.70700682840633710668 2.10311464514265056280 1.24923527919716947920
1.41289380738710823593 2.29367403976663819520 2.36933954019635040211 1.45159554419615921539 2.61940461160635917892 2.28014282475833329755 2.38180383532971085003 2.70349438244759099348 1.16715525968075750640
2.44078118420936363009 2.57977447194471487535 2.54345840433607328634 2.29948410963673843810 2.07541580961871208189 1.31714411013899668212 1.77816776990123259772 2.51291186124965904014 1.59921250576862128412
1.45379073376167533560 1.97737240241030942656 2.17275898904940545364 1.26587435421827443349 2.22186442543901296887 2.18074692018732108068 2.69202474974326211310 2.10978324246658255348 1.20195346319689377879
2.42912215690875221696 1.17983106095414469472 2.53285457895849752674 2.36939584875636066741 1.08373234203204504844 2.15439533496716428829 2.78873768284910195092 1.50811765262121855180 0.51703641107757114526
1.76018539440333543489 1.90107456907624428055 1.70565171969599016499 2.25292924633009761237 2.74902638826621448231 2.25386034062278950429 1.67962560952768780176 2.78362229506993674732 1.42206407770349052555
1.28073336429276163351 1.54695221265815607836 1.79181024048952641792 2.53792715421764469852 1.04489589638727919940 1.21561877033873133591 1.19667962711479702875 2.44270944411028478882 0.84860944794651493872
1.68120066655180289139 2.99075554965348011649 2.71914239258036039004 1.15007110805494083827 2.68930605499560559934 1.54883097236158873145 2.08223771690862591299 1.16085234686334781706 1.85777202032931354481
1.33176008913545129708 2.45822609948760284482 2.82801167425907173936 2.27450015403954930449 2.80253759524963186323 1.49821085527569497486 1.40199004786095349218 1.38265155415903673308 0.78138980288050330358
2.60830664902975817299 1.34571459098809387278 2.39369443917755830853 1.48787979492956168315 1.39487593615461946683 2.63321368031307390112 1.56011566411891045014 2.94466599630237624297 1.45488877756351997483
1.92273846252725322259 2.99006652409742290644 2.36799655683826326680 2.44099722244314598640 1.22203063500239728079 1.39793247530750330831 1.25830792612738040503 2.56360574222713077930 1.46541915982396075968
1.30940507061893218754 1.72941711276506837613 1.91216236280798090874 1.46064456271064413428 1.69962910588475324403 2.08999053965551206957 2.97443654731565398919 1.87229165988723234015 0.89146503897708995190
1.57721471248433720014 1.98460281133056426484 1.31758895455021773913 2.10909761510320592492 1.57378461247631218356 2.40857894460299526429 2.28540963355762238862 2.68563565996264763669 1.31707289620957257448
1.65786915755280950258 2.04464388475215574914 1.43628595457197327789 1.26933614954789075746 2.96681173325355329595 2.76700338898097797369 2.95561215288306211590 1.12230159033855203532 1.98456825207139009315
1.62348187534900367801 2.51939703526695701896 1.33380796781858590450 1.34601465331665570702 2.85134715662669613323 2.17500976166257675715 2.12788486691972567044 2.44204648289352022061 2.91761583865368212543
2.21272449029676909760 1.06209959897053218825 2.50043595257808082266 1.89718963205409751893 1.02486832875125233322 1.14626066890527189557 2.78205213175446708362 1.16915311211501826705 0.55840947894722570144
2.06574051849944995141 2.36303033090723557663 1.83560366370736693931 2.29013154660756335090 2.87485579235707344736 1.14157564735066174855 1.90092812089432583456 2.98949587588980225661 2.18499469861423101236
2.69234685618509939076 1.80306218330302181485 2.36562285514964099065 2.86508730912035991523 2.54332354904357682557 1.38900909314203113709 2.48401866858724584830 2.36050186156854380215 0.99449195245721699887
2.75255172854382523795 2.23422411494318851055 1.92992475042287869869 2.09467841710696101032 1.94769000618098653277 1.69307367228401206560 2.18777161635788353067 1.10584296173222096371 1.70223559262433399297
1.71700301384913922575 1.46379870777092602196 1.96328535821079985801 1.95127936009679103790 1.70418139226127030028 1.81481800029732109891 2.03454124344569731164 2.94909967277320550494 0.95592132500630500047
1.55627465704680445491 2.38504352881997094826 1.78012696324039554341 1.01278840020748783779 1.54223308100304490331 2.99746974751741035448 2.80967488382263397284 2.31708276113318678568 2.18915287201265718053
1.69754131677483632856 2.94167929247648540780 1.30325527299494092759 1.96189709832459557859 1.26226901034030314364 1.89904632631269376652 1.03803831115908251626 1.27186738416247391292 2.47392476033210595432
1.53800247574613568879 2.12658492725000680679 2.88841192042579297805 2.49062994526347569746 1.37876486501087547332 2.99304192246193556670 2.67776054775948324504 2.16596312205303220821 0.48439305660281556376
2.55268696399816397147 2.74161101841406207313 1.53801596296913944961 1.33831017330213408734 1.23064336367521409699 2.91032452021911369755 1.84005574315681408315 1.60549985319080823487 3.64872119973469333232
2.67125404772013741450 1.23050963864070728171 2.66909137489206527150 2.19709841812026240859 2.27376075328684912336 1.61473182911224211189 1.78180378880264544961 2.50950148495097291601 1.06752242968729760264
1.99471337080109289985 2.18497753985463294413 1.41298434609819922869 1.16377069904730756633 1.84204556070250879962 2.61343416115473337058 2.85451124132530509314 1.34260743013343275543 2.79134909877173420512
2.33179302324241088940 1.35978909910368073177 1.13902114234920692759 1.90024761359450433673 1.15948648651188745973 1.60549762014907471119 2.29260517435356003801 2.25148309773331956052 1.79822290066880730031
1.77444369990634620571 2.79972055974905487119 1.62014126201629005131 1.82696573928619176996 1.14485421723339242384 1.09007140912295374946 1.56742055514595612919 2.35959073378983141822 2.28309260961690263514
1.56158037620259126932 2.65270624394665155421 1.27759998787448814106 2.50572305113126159171 2.06080838271534538819 2.41775502261350849764 2.33270419326123601422 1.26884014413368162444 1.39092427924978290221
2.79304259024369150310 2.98913243315838572656 2.80076925330694992411 2.40155663601174662602 2.04031905932776780332 2.17348067237493669523 2.68782978411562467613 1.89245060428654965357 1.34334139955482956275
1.33677881322257796626 2.10549945685764594572 2.50511424401485172098 1.89018666044021510508 1.76420201350461836043 2.13306146679941699418 2.49672818147716046866 2.63798875857619563590 0.69321540969340722516
1.94539205646454216314 2.55520410661910002403 1.81580205633755964456 1.18293638452961435981 1.63595742419901601927 2.45765984975523688050 2.83983613937021406315 1.55635486607448991769 2.43055588687612278420
1.30570468638922787541 2.62398872307633101997 1.19084934859124746964 2.58381969808079636763 1.50499518443599389350 1.02779174704759879155 1.67694415881213054753 2.12861511736703112874 1.58383831670162877892
1.91774680692372223589 2.79086047783659374488 1.10603697203560424889 2.78586397040175004491 1.97929212777033280979 1.86352772052341042475 1.22709228568260653169 1.73069050496509069248 2.49680259349623234755
1.57568431346625303924 1.42174113356425713128 2.82125525611942595816 1.34975271923518680417 1.51804560048063086342 2.71202154361751279765 2.64872181252328164902 1.84997958207817014831 0.64936658387541845716
2.15154101851195900252 1.66030442759407947939 1.05367014233087763486 1.54220581642420273560 2.77079326762375899307 1.87929695804811447424 1.04026887765002218345 2.80109019615392318414 7.25129289983225255867
2.74238970270653403816 2.12866131870430397299 2.42100519643412548376 1.69325869385861049743 1.88043580035320334609 2.94787107618580179746 1.12629835362897501305 2.80475819444313279050 2.36753674304824324182
2.60118049755894009678 2.64150444611943724382 1.65881255414001183013 2.04451645432088113807 1.53612740086370935799 2.42726186344681460483 1.68891956072189897142 2.90818241855200732005 2.52085076371082550395
1.08669689242278599828 1.36646934181840395972 1.09812384488059189280 2.95199856772963853402 1.28769327652984366672 1.97489453868784092805 2.04592496603234330621 1.43317120471102321666 0.53291852609992229617
2.88715942914916734452 2.47319684562750730095 1.38768886420094395007 2.34396424294499272634 1.47936558707531662371 1.38919918869485470303 2.78587720627219725955 1.01168393425537295194 2.31847589116540619969
1.16226450387384927510 1.77658250054107047511 2.60347731288788430959 2.90238280993286590359 1.55658731256941851306 2.16537086049741933635 1.38873262122612195490 1.30016999450397974236 0.34780556439431797866
2.24467922917258011495 2.45157786079979178595 2.40043079215388388548 1.85543893053018749129 2.98028212894272526157 1.92483649658235123070 1.05579490535443909494 1.14412604759734404247 2.03649478625403190790
1.14006659215284900100 2.59370947239445648336 1.38198349756828897661 2.46700285875724523166 2.88194034846768687430 1.27362217196690985510 2.95259157436539343422 2.18287344457136711640 1.05678212818671202200
1.00795326284625286206 2.35088991365214106111 1.32249276623693101662 2.56196860099985235237 2.59093460809019715541 1.10744131617775876109 2.35000096372250677490 1.65946128281643945357 0.90850913836591884465
2.19926949482001798941 1.92211072282545547552 1.09897509694071215947 2.51617674823593562294 1.19237910274927538801 1.13873215608005029509 2.25579441028426508353 1.58486706356836237752 1.78809940722178661865
2.46131452434016573250 2.48683963551567277506 1.96145468634058950386 2.05675235116606280883 1.61194670741891799004 2.32831629751035240616 2.14168442482318344133 1.46486498387131747201 1.65213811459673642901
1.11730777078357257359 1.05371145108985864169 1.53595444175645456930 1.98558909168603481277 1.15519632874079825058 1.14537718293712731388 2.16945726856323695131 1.76529423214377056972 0.52462363848312598691
2.38282491924757300339 2.40946917990757825123 1.89252062442250568175 2.62115694233841267646 1.70122482427466481525 1.87520874407167159603 2.54008758131432621497 1.91589126193699565981 1.28679327760778283718
2.89293981555514623238 2.45825070602504158757 2.59052866939946646596 2.07948570265285948011 1.59910162938614641703 2.76237469051229522776 1.94528147672024620540 2.22329177225932328454 1.50279394277411326719
1.96528527319639789717 1.07851403923180000355 2.13345361057035987074 2.69867403398236405110 2.67905566234223702082 2.81235439524609898143 1.02861474207137848502 1.94597933374885623259 0.96619251454251142697
1.96058523917952709503 1.23280263891987074132 2.98855350262237973169 2.71452950670578019299 2.67696892042530931732 2.17334090349889574867 1.41573369053419240160 2.95861156908428135637 0.73734696781893394046
2.72056311122075733522 2.16388311317693826652 1.00170821006618204763 1.23980212609780982014 2.09226223958168500161 2.70461054339051365503 1.82333304804564333423 2.34930868038312556934 5.93775056893570418737
1.25468957968883243481 2.38163133121134240611 1.34476306532509370939 1.95328463816057729119 2.95498116317124104313 1.89347129809448078142 2.06268500916323382910 1.89787356196222889437 1.47014958976777765365
2.45837883332711726325 1.54475207161461436378 1.95086695031569967718 2.96340943044350035862 2.69747635897859705523 1.86594228711319476410 1.24085814133218153010 1.19777168696120339675 1.13509346037718783506
2.53048478972522739028 2.83206826829234259435 1.44040640951559595351 2.48543076694225018031 1.57634321280213596239 2.10287135494115906553 2.95422809488509807707 1.37692682694118184727 2.08539476419614322467
1.81987731682782150067 2.17527143644776632669 1.70994812122024342216 2.77769562530419555912 2.03239223439325877862 1.48092103525653095986 2.70304954827678534102 2.00454660234013637421 0.97773028306307574464
1.82227502028441579185 2.01782136901739983514 2.84299671994306235590 2.94158250383216257617 2.86469404808789729344 1.35481534894801391999 2.81871597892276160024 2.20707653863673325390 0.56767061811877617128
1.61097741959866103123 1.90710799662053687165 2.46434528529546836850 2.05805294164364482867 1.32314691751509760920 2.18939877109687586199 2.24629966250514723214 2.14806618280043792879 0.68748814749030207061
1.37145828982997075585 1.31785044256569494614 2.73048808233000617207 2.99495486717497438889 1.16810658768024433485 1.09498771913557635393 1.51747766057077715374 1.89442469050434425526 0.36819629113859769776
1.61790384185226243652 1.20779937654272484515 2.47701578149824674924 2.88922460391834601268 1.03344206286523787597 1.44877377956373276646 2.20701115838085115683 1.84935962673465303929 0.33427366281497489231
1.97707379505203850734 2.79426177917726281663 1.24688321271150659442 2.25158762849727489552 2.50474324689551552936 1.14287215933940533574 1.08407815981149280304 1.22502384453801016484 3.57655640839444277645
1.14645846961575204048 2.46258660217391955882 1.15213806051386402629 2.77671873348265529913 1.21666094262778212709 1.50930903297430329957 2.27850395616651368869 2.99125218092343292398 1.04894085202570619408
2.09167129802426376983 2.62649288567862448929 2.33922179363238758043 2.69417981233691783416 2.58284065318840649894 1.79970969165576955007 1.22032355470065012604 2.09771795117869785940 1.54265555340329174605
2.54627755465351768294 1.79292156441970318426 2.74010081365847302237 1.56487154276828621668 2.98696018632469462162 1.22537323653798413403 2.69132078212355452251 1.89173670812686922638 1.44273842512660577242
2.38629125848608092397 2.93164999393923686455 2.29716283231234585926 2.58524994236629801492 2.61145527371589825094 2.11647443519250799682 1.71645789020503714006 1.65202043163357026323 1.45599097084902595611
1.26074812813860726024 2.26438842913532356604 2.64013375552679097069 2.59328465236741845246 2.61238498225900528382 1.71969840104861604324 2.20032453446816500531 1.48537104585239321253 0.50279038524569497071
2.58639127167460225465 2.24730289848087805282 1.24364409038333834090 2.10575008418311693248 1.23125025669474519319 2.90952707473937222105 2.19471882906120097090 2.88176927816215933120 2.46953262895125602583
1.16297011847168585419 2.77272431798618157472 1.94783333849813211636 1.53303677473425570277 1.21628713068294636024 1.03308226324867091783 2.69172271689295916630 2.63576491182176120276 1.24667442445705423104
2.48017085483273191926 1.26306749504303428289 2.52916548601733470747 2.40431956590373907545 2.67288316222272559486 2.32098587194684746748 2.98471334814210820241 1.23724121919826157701 0.58038916338089097113
1.76307390731657798177 1.56200922404159392443 1.21500455678721364094 1.55193281302073859962 1.66920737228736415503 2.57299706874450873073 1.25194546513405891019 2.46070529227808698636 2.41281830023475718505
2.14190241537635994717 1.40066699443743702957 2.01602043005606068604 2.62249841328338639812 2.21303220994551219647 1.94060904238057729820 2.46903239991453382629 1.73991107333215277997 0.69930571483442838243
2.89056201049615868470 2.11471309914251381912 2.66937717292595699803 2.44499601744245165236 1.47268758598916149616 2.21221285861875571754 1.58655829559034944332 1.13215300461761159134 1.06919003406795320998
1.33496242938475750961 2.19311471833806814757 2.29203516189275768866 2.70800165646313573120 2.70821803279200246095 1.71072269500329832148 1.53075564469487868102 1.26032771506302587738 0.65483019388561347629
2.80095437220650822496 1.11685681966515826247 1.30298464056132057287 2.75810088567674771554 2.39510481985768386437 1.36716047506343540974 2.48754138311133843331 1.34635732477210590119 1.16755597951923717481
1.69432919331137732399 1.08612647509142701274 1.93699569741699462178 2.76252522071031814122 1.58728492775264262704 2.26992784570261374455 1.59368004773856686285 2.46620432630187824685 0.55890585260890501829
1.28362579589730629870 2.58680430392656468541 1.19288138705437929410 2.15555833322656731355 2.39068972694820214286 2.70578979330453250896 2.05953051748436699597 1.49346963479492589322 1.44665263305212232758
1.89463016243505610881 2.89349374840907591633 2.70152376794862902898 1.65054426952138721951 2.95367702593109182629 2.15786951665172299641 1.42548953229247987728 2.98557727351281076977 2.08397893929686173209
1.52395404574048032309 1.34585453066952664969 2.63343451159560482111 1.71076652688760533216 1.20765598654484884733 2.94794603158152224154 1.42956089092419524889 2.05457689445702929021 0.59457258426120040973
1.95944764728415510291 1.32830220573193757971 1.59862157060278908816 1.70587330231938372194 2.07347056376015626000 1.68337986381750304155 2.06137082559183326680 1.08803482161369990955 1.18103129761667524633
2.91859715720429857555 2.76610878618662248130 2.97436964892251953785 2.84804718043188609400 2.92961376512173199416 1.35134105657538872158 2.06342518709654720865 1.17272209342449618141 1.15874720680052045729
2.14475434315947222075 2.37038836717205114724 2.20549662365967957811 1.21389401741963842696 2.90329534804437328077 2.42687368614446352666 2.57222258392094715873 1.64803508935001952196 2.13765135104765535701
2.63466434470239274646 1.71660627183346825575 2.43935169962945463951 1.96761349007839259073 2.56566597845077648543 1.30080052334209672615 2.47036358065636463266 2.20118044591825956502 1.33279591846139200406
1.42952148148821223117 1.50693026790684836413 1.34927446904801340288 1.69358632211009751956 2.47007534431005559838 1.85597622459604094658 1.82366625276210436724 1.55915467107124450230 1.33302450997744825756
2.71641457876908098967 1.54077413049865086236 1.89732906753455821125 2.00938117814904826375 1.63941401518646068247 1.14262758338004677405 2.85402760852016657012 2.35157678490287480599 1.39295026121116016782
2.65611387336517879021 1.66316988812749033677 1.38585387630150780325 2.42428874556066320523 2.68757321919280878220 2.61289821602355321062 1.55623634249819065012 2.70710761164632085496 2.22381007296740129675
1.75551774507268465442 1.72764455588003951192 2.60255121188745475180 1.22417484527306186237 1.45728679196150867625 2.35065428512192742261 1.92837782182746497739 1.70688636040698904495 1.10875350990585230804
2.68895228995164714547 2.68658623819337361027 2.22593151743544659382 1.82269136589389346703 2.28237822796911959955 2.64045678208795475683 2.02767619785201702598 2.94760398837815618123 2.19128275416215734239
2.74255117665308878472 1.68808224784401139651 1.66517751422467696898 1.22046760801027920351 2.48401345305047449585 1.42608583548401868235 1.18309067373653742372 1.71769669077537145974 5.16264797291033339377
1.89825124006357426332 2.88743302341088092788 2.95411492875192571717 1.00271820821742485563 2.22027669119659742947 2.30755179773517582476 1.41014214711938579150 2.62230743921216191694 2.66350481990177856417
2.17271598919971165031 2.96096395295387271318 1.23190376594029871171 1.19371155922711014163 1.99222623735901627207 2.87369179942780572645 1.81020278625264929850 1.77892231472333861575 4.93088490324392125785
2.45615919621330469624 1.53811762573122168263 1.13133226554553445453 1.23804426835320580125 1.36434238878104707737 2.06032653840041257709 1.35767720262859770131 1.36034501332886725855 3.55422630792293059443
2.20746702265500704954 2.76896226219698826654 1.37666754924800271986 2.94257232029000892481 2.08005862097927085586 2.25166383669678982216 2.95631949764615642451 1.05334317881634653702 1.56955162024869698811
2.06643069675768753513 2.76546148606166042327 2.37771435946634390746 2.67392736549840925875 2.30947828401532007092 2.30683906625871326668 1.32838798911460465035 2.20694014036214136709 1.30579061440252508497
2.87213574283020101063 1.29229446736914344029 1.28590718735331632772 1.33684485079321269119 1.67728663875466077471 2.64208674652735453492 1.15405636958701030004 1.32483099932308734381 3.21418449228877989299
2.89594527471672069652 2.40512764841170589847 2.35588243141169106920 1.53286608425234671671 1.77731208147281649623 2.65330110361701532184 2.00289041422506919332 1.02129465837207433765 2.06548251406735960956
1.53482854694846460042 1.39655458980673330416 1.48309143433980072935 1.26005507598119370627 1.17250558335441668056 1.70912265341442903832 1.05113828204515624698 1.96714761359070600122 2.15013137806944687469
1.05610753064262929968 2.18057620725679335294 1.23502727791011324143 2.14598333935160479058 1.74193269811583228979 2.36317946887527075006 1.21726594022105327753 1.28180945500211884713 1.12300628319290818347
2.42403927082922665548 2.89896582163660809783 2.43311341856443963394 2.88428104914186933527 1.07051463178670269727 2.14337098468252174044 1.38884549878913166054 2.35846217344841191377 1.21228146811874681887
2.07094834116834292104 2.13284763022477319439 2.48570575061520315785 1.95375085430996930924 2.11647345245612417131 2.54667476531998548950 1.08656537716206713640 2.43263209518730105785 1.63973686022855025257
1.98710254240171035889 2.22608618943368874454 1.28415575200195819505 1.83488015936733295241 1.45880760383687424486 1.61265264729575386049 1.46434045400924950364 2.80699147719225639008 2.87595386285042353691
1.73375531417482697805 2.71165210784963761625 1.28186792175368236002 1.68874690226010515381 2.18272129527727454246 1.43182269761837455135 1.19913753678308321327 1.56393238195881378871 3.49968153993708153138
2.00361426773879536256 2.03748537816697172786 1.90930629739174229087 1.69761576729720320422 2.32029280188731323875 1.59798830990685081233 2.29245793446693202355 1.80173631722181104564 1.56720752711574196070
2.94520303984643261330 1.49491175106342533141 2.43041080091460681700 1.53661745752365064277 1.01700410292665299750 2.70844509283153644930 1.31416662329383471253 2.01372012235910791134 1.52420217244931066602
2.79703529537618589274 1.61795799603003875866 2.26976312107669064844 1.28816990578948331603 2.37011437192494289761 2.43384336603706952218 1.21372462079292220416 2.64587125610318940616 3.22099376896743017085
1.40032297346792367065 2.40503392446851416153 2.90533236082536827638 2.28190258543473678543 2.53369350090643008500 1.10257267346676246511 2.37137285025227129154 1.65647574003677133803 0.65096900916489119915
1.02106709172053866652 2.26733628810220455563 2.14831145690269220694 2.55512397470010865774 1.50411849869843838867 2.91841819397756463417 2.68179368817171059902 1.88497728758592320020 0.44688240746555307759
2.94077402629493267483 2.43204074762300770374 2.58204943597335745409 1.40431952468118637078 1.93107484053407629787 2.15024072911219832349 2.62282035468077179274 1.69526680626755199555 2.15192349405693938991
2.03070896831682956574 2.71918579040662367063 1.37253921549679835934 2.68285832975755678120 2.88275879784137822881 2.31109237100578690516 2.70570244500068302074 1.96898555601309910301 1.68457222706468146001
1.31765892127534889333 2.10582375894385975812 2.26707949617958970379 2.64809104353724134029 2.40024020544369331986 2.23077810794578867970 1.92210203170338989054 2.55350823642176072426 0.62541990137699388086
1.37519465601380952435 2.20925453064825561000 1.26099825146680810661 2.72259082574593147541 2.13827015549871912725 1.29291697169247821186 2.45484083099649375015 2.09413928581271768792 1.11514525405222375554
2.36763191548265394815 1.31164865355321458296 1.83608256252341361936 2.67323084030281066248 1.01327134930685613945 1.97141148194201876187 1.08018622419951926261 2.64389985799276772127 1.19450757042360811155
2.21614770334106481187 1.19672383344965749252 2.86796074483083263118 2.07412108403240935672 2.37050984843733081320 2.17990886958465246437 2.83331972894014771924 1.38803294405434463066 0.51589571018324997809
2.29320649899178841125 2.95573463596902152872 1.61793073198352588271 1.53384395417120100724 2.61963855349998020472 2.89861926222926102881 2.66737915585514162586 2.25406156574796590064 2.99586286186556449707
2.47385368322507037675 2.23074631452115568209 2.32472550993015225629 1.41303380757042229554 2.32585560019549753008 1.80829873144792840911 2.82191720789440037009 2.67079408950909069631 2.00483738716486170617
2.00099665404364612797 1.42025301735019127136 2.18766501878306041107 1.00010183696298793343 2.91788822402369296682 2.82861337777120303016 2.04860751158567699903 1.33698702397569246791 1.59949029876631043656
2.61723979823614927298 2.18895853115356775476 1.51664472193052057847 1.70372866265970990263 1.76118852671338887994 1.36265655959869724789 1.29740619357454889382 1.03152656603912196154 3.01940384443070364284
2.70142752202291713814 2.79345669377545702261 2.12095078259282221467 1.32915783658422470559 1.00525379838847817027 2.76229793307886595244 2.88105439481937519730 1.39158057913192823030 2.73534026784646622232
2.47496421667237065378 1.87988268894323584668 2.14845795286996033013 2.84417741352709274594 1.13598509480027565210 1.51633270793463359460 1.20910181498686220003 2.15705120039309061752 1.20911718217233321582
1.31282636234143179621 1.25515657457984097789 1.81498987726996174885 1.38642547859388898246 1.85304232967641535623 1.25511333516314316228 1.91071685414014469373 1.85728598208162565264 1.04669357795015605106
2.10471418587082226281 1.07825311407489188298 2.12894634019618367304 1.87598010506334156311 2.94201895430022108968 1.87869800031708122923 2.46550296334536689358 1.85781636012657935808 0.82044625589570951973
2.28164037344798398266 1.00344296614543049273 2.77170320859654761847 2.17705925847267200979 1.96009193460943920151 1.82311854344559520769 2.63319360793722712089 2.09925556490761522355 0.50250348272281675222
2.34680296108602970406 1.71658729899477702219 1.68055348017573225050 2.36572539167043149888 2.71513587974161518801 1.78784509074683417573 2.05957177204214758603 2.74774344452725438614 1.59396104299737428889
1.90235201341451753976 1.40560672569635380924 2.36446185651570139896 1.65996550946540577520 1.91764704184354095595 1.89057148952394027397 1.74788513892009089723 1.52727498629653668516 0.92704505914848300829
2.98351966227693221612 2.49415089140474410812 2.71148043136488769989 2.49653913707043173531 1.59261120479625661872 1.98742247455025200509 2.42177546066573068373 1.73228860892623970358 1.20359332103604677044
1.28311576693744910926 1.45939050892497523826 2.49338853048365116649 2.47456172925693529407 2.79580665468924038919 2.20761382273170836399 1.02200301904934343078 1.70662006628451123902 0.73381585847462194039
1.07961374481369065670 2.77333213251288457357 2.83749090235309520125 2.87480973251831706250 1.87389284449999271587 1.36391124923507756073 1.57575655366215716668 2.06706891147157456601 0.51842834476074750594
2.89681937142077927660 2.49700716917657716820 1.89926552834494177802 2.04160141403147799011 1.32642465829868516636 2.30685971712986326310 1.42539011099915247094 2.42569205850647140466 2.37830879460675514991
1.59029339893960997010 2.21695361914123623137 2.76488499212386074078 2.15118465208636067132 2.36155334429141650077 1.50972309058546239058 1.76104998242244725759 1.23127477050607025966 0.75880864318220075937
1.89030748042301688372 2.42730740095772823395 1.51188097337145266330 2.41304768023245808095 2.97037848906764434531 2.44441951499765508515 2.51518185734682209187 1.31303099130501532699 1.38837397853791677527
1.74523397946097125200 2.29096737542241779551 1.98982441231479612043 1.45775054714585827753 2.38807099554372648242 1.11123672153394315032 1.46756113078839711683 2.46443990517605993062 2.85792242022458164996
2.23981235758679098069 1.78021885556609138490 1.01129365246257085786 1.15781655411998629646 2.13434512340656823426 1.77844041734124869159 1.91232798666053271930 1.15783348925533213780 4.13224304835461175855
1.79285227699470750551 1.97464106355465296438 2.49345365513280281533 1.28480337102794739401 2.29698000779667621529 1.36711888956308436072 1.56208352361056901358 2.71651107475645980927 2.15187463004692824953
1.88470036714401922850 1.30550810126398042499 2.20643852389407379988 2.81405980377519426838 2.16150186135836097634 1.03462658279954311524 1.53754587178859214447 2.73780634499314956543 1.13068018704552297748
2.83178612674070517841 2.36992434744669377977 2.40965823208982588000 1.82118486884140695636 1.63161753936909503793 1.97422721718219262854 1.98430552809081617305 1.93381868402104872828 1.79119583639219648319
1.38562338403617002491 2.01766126222773278798 1.53853140605262694862 2.77670076311926727897 1.63665838828831766705 2.08753570319263825894 2.62838546027786224002 1.71266720560057317257 0.71746400820784372865
1.32965626931583735804 1.75339828437333111744 2.13569035807898988111 1.23838680553249202987 2.26324652701551976008 1.33423495139600389869 2.18313459376747465157 2.58973745844263536497 1.34488805706176650645
2.34352424313050899940 1.50097192281389402169 2.76301844575167176998 1.00313126589535284161 1.25179037815935334521 1.96895820697900014729 1.39388272677206703776 1.13655566416592357371 1.58357049848569064743
1.82436649552204110947 1.64409436317495560864 1.12600329959375966560 2.86220264702103399657 2.33206016501845159183 2.40090140775340010748 1.78449923231901408371 2.80822581377317614937 1.41555936748222288557
2.87796124200578251617 1.13901773963023722480 1.18551420468317614265 1.31188841042106374424 2.12447510035978304188 1.94500694821505382137 1.02459489693406591293 2.46707832407115912332 6.85767859830654202824
2.98886138201148954252 2.34732158836964810433 1.91102288845438406106 2.19098863722022851874 1.95333402157637747720 2.56481371861036500093 2.91318501731817747213 1.54350793268799835189 1.77448424158692485975
2.73122853006940413678 2.77109141993244634250 1.05498730113464311842 2.94043619055564020570 2.49710970333261261800 2.22821939403366808818 1.79177903084204248607 1.89678354668731197208 3.02272072513753453649
2.18702565673891680120 1.53347190577851510973 1.58557745461897514616 2.23539135769765984207 1.00983376233896815499 1.22695841166541486089 2.13907270803571147866 1.37123854530077360359 1.09840552790154055707
2.59129794213265274294 1.95239845117952182108 2.64899932174393848427 2.28428589612154020472 1.78324278309886308236 1.67841245725273147116 2.85592428386550034602 1.23894188799240145826 0.90520305182319737991
1.19813150795875866805 2.56037019164956092254 1.97700929564152438900 2.34113920328205882271 1.82368845589027062104 1.48273135735477645802 2.60825726538494517825 1.90067025884341256337 0.75173633091046099253
2.65792400057878230868 2.33479412157502164149 1.08608784828363513775 2.35386793673463312615 1.67107312649297679030 2.56131236634029635368 2.99729887790788662727 1.24349018647522124859 2.52130352408228519678
2.23876166116199737388 2.70319382728393087234 1.63747163125401118400 1.39896886393661601389 2.31597678182092536758 1.17258822177934440845 2.15287439986399409264 1.73729787244941347168 3.36534171274039728416
2.21517992519539186347 2.75307507698611964031 1.67445355916853122480 2.66680792501484109636 2.68562806074765614284 2.50797611670901021697 2.17246613519942144421 1.44732027503803317714 1.52862328666420910217
2.01349197271158919520 1.77928383438427650809 1.41219330297032419352 1.68288044441309558863 1.43965825366287947240 2.69535864136385683310 1.93024236529182280364 2.57816225610038163296 1.82060189721673326702
2.16398866658099464644 2.11162766149854608244 1.08750707663681045467 2.08703123779595944853 2.16408106516180964718 2.25613023425693715041 1.16813617679440628905 1.11249988502061936124 2.75893083501436109373
2.16904029063412728817 2.16892406395490899840 2.51436796003756057871 2.12346264370648452058 1.94197050977089880064 2.86654928567611388956 1.34718922419035580518 1.18675619365620299561 1.06108935751706678907
2.81159035993339312398 2.36789278387830837147 2.95812623552351183775 1.28904809503693296158 2.97961577074120587127 1.15033246534937272365 1.82725348008153853918 1.24870066361821874246 2.46020811684790796647
2.65733520508727227849 1.42997613472512052901 1.26337218382996385735 2.53383503145398236711 2.64622253953850705699 1.87452235675755085609 2.90026688751717021120 1.61683807371241861084 1.41228943952290775243
2.25038919945499493735 1.15620797437190203638 1.56393447612447622497 1.16923037637500004671 1.55044668309150823760 2.55116258356139580243 1.58985038709371373500 2.56921845394140913044 2.18313398751130671727
2.88461230159692938457 1.94915487405683962585 2.06291359946836649897 2.71738144101184886381 2.22558651888397784901 1.70853658473605629631 2.94391924595281162524 2.05869014844543851694 1.16222927173324697137
2.78513645151123245824 1.65130533057277184561 2.04906823928374137722 2.04224240565530479330 2.77171332339120546351 1.43730638390025555751 2.82794416221464306460 1.52910712509469015608 1.34443345059716445888
2.04904883843948226740 2.15271716782784894306 2.39122818303411133201 2.05142836024608055112 1.97458288394629710716 1.21889149018296949478 2.72956529117424562259 2.90177576327643027554 1.16276107632477376796
1.20343274165105817985 2.47493680738296095711 2.19791409259910741625 2.17683498769721950339 2.64728511103032992935 2.76019765852357945590 2.64230292080834727741 1.75008043299710736029 0.68298470445832482056
